facility_id,facility_name,address,city_town,state,zip_code,county_parish,telephone_number,patients_who_reported_that_staff_definitely_gave_care_in_a_professional_way_and_the_facility_was_clean,patients_who_reported_that_staff_somewhat_gave_care_in_a_professional_way_or_the_facility_was_somewhat_clean,patients_who_reported_that_staff_did_not_give_care_in_a_professional_way_or_the_facility_was_not_clean,facilities_and_staff_linear_mean_score,patients_who_reported_that_staff_definitely_communicated_about_what_to_expect_during_and_after_the_procedure,patients_who_reported_that_staff_somewhat_communicated_about_what_to_expect_during_and_after_the_procedure,patients_who_reported_that_staff_did_not_communicate_about_what_to_expect_during_and_after_the_procedure,communication_about_your_procedure_linear_mean_score,patients_who_gave_the_facility_a_rating_of_9_or_10_on_a_scale_from_0_lowest_to_10_highest,patients_who_gave_the_facility_a_rating_of_7_or_8_on_a_scale_from_0_lowest_to_10_highest,patients_who_gave_the_facility_a_rating_of_0_to_6_on_a_scale_from_0_lowest_to_10_highest,patients_rating_of_the_facility_linear_mean_score,patients_who_reported_yes_they_would_definitely_recommend_the_facility_to_family_or_friends,patients_who_reported_probably_yes_they_would_recommend_the_facility_to_family_or_friends,patients_who_reported_no_they_would_not_recommend_the_facility_to_family_or_friends,patients_recommending_the_facility_linear_mean_score,footnote,number_of_sampled_patients,number_of_completed_surveys,survey_response_rate_percent,start_date,end_date
01C0001000,MONTGOMERY SURGICAL CENTER,470 TAYLOR RD SUITE 100,MONTGOMERY,AL,36117,,(334) 747-9666,97,3,0,99,90,8,2,94,86,12,2,95,92,7,1,97,3,559,125,23,10/01/2024,09/30/2025
01C0001002,MOBILE SC LTD DBA MOBILE SURGERY CENTER,6144 AIRPORT BLVD SUITE A,MOBILE,AL,36608,,(251) 438-3614,99,1,0,100,96,4,0,98,92,7,1,97,94,5,1,97,3,818,217,27,10/01/2024,09/30/2025
01C0001008,OUTPATIENT CARECENTER,2720 UNIVERSITY BLVD,BIRMINGHAM,AL,35007,,(205) 558-4859,96,3,1,98,95,4,1,97,88,10,2,95,89,8,3,95,3,1723,371,22,10/01/2024,09/30/2025
01C0001009,SURGICARE OF MOBILE LTD,2890 DAUPHIN ST.,MOBILE,AL,36606,,(251) 473-2020,98,2,0,99,95,4,1,97,92,7,1,96,92,7,1,97,3,1079,333,31,10/01/2024,09/30/2025
01C0001010,SOUTHERN ALABAMA SURGERY CENTER LLC,"2800 ROSS CLERK CIR, STE. 3",DOTHAN,AL,36301,,(334) 793-3411,95,4,1,97,86,11,3,91,84,12,4,93,84,11,5,93,3,585,167,29,10/01/2024,09/30/2025
01C0001011,GADSDEN SURGERY CENTER LP,418 SOUTH 5TH ST,GADSDEN,AL,35901,,(256) 543-1253,98,2,0,99,94,5,1,96,94,5,1,97,93,6,1,97,,725,183,25,10/01/2024,09/30/2025
01C0001013,THE SURGERY CENTER OF HUNTSVILLE,721 MADISON ST,HUNTSVILLE,AL,35801,,(256) 533-4888,98,2,0,99,93,6,1,96,93,4,3,95,87,12,1,95,3,813,248,31,10/01/2024,09/30/2025
01C0001014,OUTPATIENT SERVICES EAST,52 MEDICAL PARK DR. EAST,BIRMINGHAM,AL,35235,,(205) 838-3888,97,3,0,98,94,4,2,96,92,7,1,96,87,11,2,95,3,575,114,20,10/01/2024,09/30/2025
01C0001017,TUSCALOOSA SURGICAL CENTER LP,1400 MCFARLAND BLVD NORTH,TUSCALOOSA,AL,35406,,(205) 750-2109,98,2,0,99,95,4,1,97,93,7,0,97,94,6,0,98,3,729,217,30,10/01/2024,09/30/2025
01C0001018,DECATUR AMBULATORY SURGERY CENTER,2828 US HWY 31,DECATUR,AL,35603,,(256) 340-1212,95,4,1,97,89,8,3,93,83,13,4,92,78,18,4,91,3,1363,310,23,10/01/2024,09/30/2025
01C0001020,MEDPLEX OUTPATIENT SURGERY CENTER LTD,4511 SOUTHLAKE PARKWAY,BIRMINGHAM,AL,35244,,(205) 985-4398,95,4,1,97,92,5,3,95,87,9,4,93,88,10,2,95,,927,210,23,10/01/2024,09/30/2025
01C0001021,SPRINGHILL SURGERY CENTER,3701 DAUPHIN ST.,MOBILE,AL,36608,,(251) 340-6919,97,2,1,98,94,5,1,97,86,13,1,95,88,11,1,96,3,590,110,19,10/01/2024,09/30/2025
01C0001022,FLORENCE SURGERY CENTER LP,103 HELTON CT,FLORENCE,AL,35630,,(256) 760-0672,97,3,0,98,91,8,1,95,84,14,2,94,85,13,2,94,3,834,234,28,10/01/2024,09/30/2025
01C0001024,TUSCALOOSA ENDOSCOPY CENTER,100 RICE MINE RD NORTHEAST SUITE E,TUSCALOOSA,AL,35406,,(205) 345-0010,94,5,1,97,91,7,2,95,79,18,3,92,80,17,3,91,"3,6",559,96,17,10/01/2024,09/30/2025
01C0001026,MONTGOMERY EYE SURGERY CENTER LLC,2752 ZELDA RD,MONTGOMERY,AL,36106,,(334) 270-6977,97,3,0,98,94,5,1,96,89,9,2,95,89,8,3,95,,3281,1040,32,10/01/2024,09/30/2025
01C0001027,BIRMINGHAM SURGERY CENTER,2621 19TH ST SOUTH,BIRMINGHAM,AL,35209,,(205) 271-8200,97,3,0,98,94,5,1,97,88,10,2,95,87,12,1,95,3,2652,662,25,10/01/2024,09/30/2025
01C0001029,NORTH RIVER SURGICAL CENTER LLC,301 RICE MINE RD NE,TUSCALOOSA,AL,35406,,(205) 750-0022,98,1,1,98,94,5,1,96,93,5,2,96,94,4,2,97,3,574,138,24,10/01/2024,09/30/2025
01C0001035,THE SURGERY CENTER LLC,1440 HWY DR,OXFORD,AL,36203,,(256) 241-2614,99,1,0,99,96,4,0,98,92,5,3,96,95,3,2,97,3,528,144,28,10/01/2024,09/30/2025
01C0001037,SOUTH ALABAMA OUTPATIENT SERVICES,201 EAST WATTS ST.,ENTERPRISE,AL,36330,,(334) 393-5474,98,2,0,99,93,6,1,96,89,10,1,96,90,9,1,96,3,725,129,18,10/01/2024,09/30/2025
01C0001039,DOTHAN SURGERY CENTER LLC,1450 ROSS CLARK CIR SUITE 4,DOTHAN,AL,36301,,(334) 793-3442,98,2,0,99,93,6,1,96,93,6,1,96,90,8,2,95,,1283,429,33,10/01/2024,09/30/2025
01C0001040,NORTHEAST ALABAMA EYE SURGERY CENTER,314 SOUTH 5TH ST,GADSDEN,AL,35901,,(256) 543-4152,97,3,0,98,91,7,2,94,89,5,6,95,86,13,1,95,"3,6",291,99,34,10/01/2024,09/30/2025
01C0001041,VISION CORRECTION CENTER,1406 MCFARLAND BLVD NORTH SUITE 2B,TUSCALOOSA,AL,35406,,(205) 248-0095,98,2,0,99,89,8,3,93,90,6,4,95,89,8,3,96,"3,6",1007,83,8,10/01/2024,09/30/2025
01C0001042,GULF COAST SURGICAL PARTNERS LLC,"3715 DAUPHIN ST, STE. 503B",MOBILE,AL,36608,,(251) 272-4934,96,3,1,98,92,7,1,96,88,11,1,96,84,14,2,94,,589,112,19,10/01/2024,09/30/2025
01C0001043,SURGERY CENTER OF DECATUR LP,1122 14TH AVE. SE,DECATUR,AL,35601,,(256) 560-2890,98,2,0,99,94,5,1,97,89,9,2,95,90,8,2,95,3,1474,419,28,10/01/2024,09/30/2025
01C0001044,MADISON SURGERY CENTER LLC,460 LANIER RD,MADISON,AL,35758,,(256) 319-9000,98,2,0,99,96,4,0,98,94,4,2,97,90,8,2,96,3,563,111,20,10/01/2024,09/30/2025
01C0001045,INFIRMARY ASC FAIRHOPE LLC DBA FAIRHOPE SURGERY CENTER,411 NORTH SECTION STREET,FAIRHOPE,AL,36532,,(614) 374-6496,98,2,0,99,94,5,1,96,91,8,1,96,91,8,1,96,3,3241,895,28,10/01/2024,09/30/2025
01C0001046,SHELBY BAPTIST AMBULATORY SURGERY CENTER LLC,1010 1ST ST N,ALABASTER,AL,35007,,(205) 620-8400,98,2,0,99,94,5,1,96,90,9,1,96,90,10,0,96,,1041,303,29,10/01/2024,09/30/2025
01C0001048,SURGERY CENTER OF CULLMAN LLC,1403 WALL ST NORTHEAST,CULLMAN,AL,35055,,(256) 736-2811,99,1,0,99,95,4,1,97,91,8,1,96,89,9,2,95,,2070,558,27,10/01/2024,09/30/2025
01C0001050,EYE SURGERY CENTER OF NORTH ALABAMA INC,3501 MEMORIAL PARKWAY SOUTHWEST,HUNTSVILLE,AL,35801,,(256) 428-3937,98,1,1,99,92,5,3,95,86,13,1,95,92,8,0,97,"3,6",1074,78,7,10/01/2024,09/30/2025
01C0001051,ALABAMA DIGESTIVE HEALTH ENDOSCOPY CENTER LLC,2010 BROOKWOOD MEDICAL CTR DR  G100,BIRMINGHAM,AL,35209,,(205) 877-1187,96,4,0,98,90,8,2,94,79,18,3,93,81,18,1,93,,2482,464,19,10/01/2024,09/30/2025
01C0001053,JACKSON SURGERY CENTER LLC,1725 PARK PL,MONTGOMERY,AL,36106,,(334) 293-3920,98,2,0,99,92,7,1,95,86,11,3,94,86,13,1,95,,749,166,22,10/01/2024,09/30/2025
01C0001056,CUTANEOUS ONCOLOGY AND SURGERY CENTER LLC DBA SMOOTHROCK SURGERY CENTER,1940 STONEGATE DR SUITE 140,VESTAVIA HILLS,AL,35242,,(205) 968-3919,98,2,0,99,90,8,2,94,92,8,0,97,93,6,1,97,3,734,261,36,10/01/2024,09/30/2025
01C0001057,FRESENIUS VASCULAR CARE MONTGOMERY ASC LLC,1501 FOREST AVENUE,MONTGOMERY,AL,36106,,(334) 593-7434,100,0,0,100,96,3,1,98,92,6,2,96,85,7,8,90,"3,6",788,83,11,10/01/2024,09/30/2025
01C0001058,NEPHROLOGY VASCULAR LAB OF CENTRAL ALABAMA ASC LLC,1280 COLUMBIANA ROAD SUITE 120,BIRMINGHAM,AL,35216,,(205) 916-5201,97,3,0,99,92,6,2,95,91,7,2,95,85,12,3,93,3,991,110,11,10/01/2024,09/30/2025
01C0001059,ALABAMA EYE SURGERY CENTER LLC,5937 WEST MAIN ST,DOTHAN,AL,36305,,(334) 446-0872,98,2,0,99,93,5,2,95,93,6,1,97,94,6,0,98,3,683,205,31,10/01/2024,09/30/2025
01C0001060,SUNRISE SKIN CANCER SURGERY CENTER LLC,70 MIDTOWN PARK EAST SUITE A,MOBILE,AL,36606,,(251) 289-1786,95,4,1,97,88,7,5,92,88,11,1,95,84,15,1,94,3,324,103,32,10/01/2024,09/30/2025
01C0001061,AFFINITY GASTROENTEROLOGY ASC LLC,3686 GRANDVIEW PARKWAY SUITE 610,BIRMINGHAM,AL,35243,,(205) 971-3706,98,2,0,99,93,5,2,95,91,7,2,96,89,10,1,96,,1232,301,24,10/01/2024,09/30/2025
01C0001062,SURGICAL CLINIC SOLUTIONS LLC DBA SURGICAL INSTITUTE OF ALABAMA,1021 MONTGOMERY HIGHWAY SUITE 100,VESTAVIA HILLS,AL,35216,,(205) 421-4803,97,2,1,98,92,6,2,95,90,8,2,96,86,11,3,94,,621,193,31,10/01/2024,09/30/2025
01C0001063,EAMC-LANIER AMBULATORY SURGERY CENTER LLC,4800 48TH STREET,VALLEY,AL,36801,,(334) 756-9180,98,2,0,99,93,7,0,96,86,12,2,95,87,12,1,95,3,620,137,23,10/01/2024,09/30/2025
01C0001064,SEES GROUP ALABAMA LLC DBA EYE SURGERY CENTER OF HOMEWOOD,200 WILDWOOD PARKWAY SUITE 100,HOMEWOOD,AL,35209,,(205) 943-4600,98,1,1,99,93,6,1,96,93,6,1,97,94,4,2,97,3,536,156,30,10/01/2024,09/30/2025
01C0001065,EAST ALABAMA AMBULATORY SURGERY CENTER,900 CAMP AUBURN ROAD SUITE 200,AUBURN,AL,36832,,(000) 000-0000,99,1,0,99,94,5,1,96,94,5,1,97,94,3,3,96,,1077,335,31,10/01/2024,09/30/2025
01C0001066,GUT ENDO LLC DBA CENTER FOR DIGESTIVE HEALTH,301 MEDICAL PARK BOULEVARD,DOTHAN,AL,36301,,(334) 836-1212,98,2,0,99,93,6,1,96,94,5,1,97,92,8,0,97,,969,189,20,10/01/2024,09/30/2025
01C0001068,UNITED VASCULAR OF HUNTSVILLE LLC,4700 WHITESBURG DRIVE SOUTHWEST SUITE 300,HUNTSVILLE,AL,35802,,(804) 655-6150,97,3,0,98,94,4,2,96,91,6,3,96,90,4,6,93,,566,125,22,10/01/2024,09/30/2025
01C0001069,ONE NINETEEN GI ASC LLC,7191 CAHABA VALLEY ROAD SUITE 202,BIRMINGHAM,AL,35242,,(205) 855-6176,99,1,0,99,95,4,1,97,95,4,1,97,93,6,1,97,3,805,234,29,10/01/2024,09/30/2025
01C0001070,HUNSTVILLE SURGERY CENTER LLC DBA LASER EYE SURGERY CENTER,2308 MARKET PLACE SOUTHWEST,HUNTSVILLE,AL,35801,,(256) 863-3100,98,2,0,99,93,6,1,96,90,9,1,96,90,9,1,96,3,793,181,23,10/01/2024,09/30/2025
01C0001104,INFIRMARY ASC DAPHNE LLC,27961 US HIGHWAY 98,DAPHNE,AL,36526,,(251) 626-6646,98,2,0,99,93,6,1,96,96,4,0,98,91,9,0,97,"3,6",324,84,26,10/01/2024,09/30/2025
01C0001106,USA BALDWIN COUNTY ASC LLC DBA USA HEALTH BALDWIN ASC,21890 STATE HIGHWAY 181,FAIRHOPE,AL,36532,,(251) 517-4284,97,3,0,98,92,6,2,95,90,8,2,95,87,10,3,94,3,1791,472,26,10/01/2024,09/30/2025
01C0001107,FLORENCE EYE SURGERY CENTER LLC,2415 HELTON DRIVE SUITE B,FLORENCE,AL,35630,,(256) 415-6110,,,,,,,,,,,,,,,,,1,,,,,
02C0001000,AWH HOLDINGS LLC,4115 LAKE OTIS PKWY,ANCHORAGE,AK,99508,,(907) 762-8102,97,3,0,99,94,5,1,97,92,6,2,96,85,13,2,94,3,675,167,25,10/01/2024,09/30/2025
02C0001001,ALASKA SURGERY CENTER,4100 LAKE OTIS PARKWAY SUITE 222,ANCHORAGE,AK,99508,,(907) 550-6241,98,2,0,99,93,6,1,96,92,6,2,97,92,6,2,96,3,765,268,35,10/01/2024,09/30/2025
02C0001002,GENEVA WOODS SURGICAL CENTER INC,3730 RHONE CIR SUITE 100,ANCHORAGE,AK,99508,,(907) 562-4764,97,2,1,98,93,6,1,96,88,10,2,94,87,9,4,93,3,623,166,27,10/01/2024,09/30/2025
02C0001004,PACIFIC CATARACT AND LASER INSTITUTE INC,1600 A ST STE. 200,ANCHORAGE,AK,99501,,(360) 242-3000,98,2,0,99,90,9,1,94,87,11,2,95,90,9,1,96,3,505,179,36,10/01/2024,09/30/2025
02C0001005,ANCHORAGE ENDOSCOPY CENTER LLC,"2841 DEBARR RD, STE. 51",ANCHORAGE,AK,99508,,(907) 222-9194,95,4,1,97,95,4,1,97,89,10,1,95,86,13,1,95,3,900,253,28,10/01/2024,09/30/2025
02C0001007,ALASKA DIGESTIVE CENTER,4048 LAUREL ST SUITE 103 A,ANCHORAGE,AK,99508,,(907) 563-1750,96,3,1,98,93,5,2,96,89,9,2,95,83,14,3,92,3,1234,307,25,10/01/2024,09/30/2025
02C0001008,ALPINE SURGICENTER LLC DBA ALPINE SURGERY CENTER,3801 LAKE OTIS PARKWAY SUITE 100,ANCHORAGE,AK,99508,,(615) 344-1406,98,2,0,99,94,5,1,97,92,7,1,96,90,7,3,95,3,970,339,35,10/01/2024,09/30/2025
02C0001011,PROVIDENCE SURGERY CENTERS LLC,3831 PIPER ST. S110,ANCHORAGE,AK,99508,,(907) 339-7800,99,1,0,99,92,7,1,96,92,7,1,96,89,9,2,95,,995,273,27,10/01/2024,09/30/2025
02C0001012,SURGERY CENTER OF FAIRBANKS LLC,2310 PEGER RD,FAIRBANKS,AK,99709,,(907) 770-9608,98,2,0,99,90,9,1,94,98,1,1,97,92,8,0,97,3,848,153,18,10/01/2024,09/30/2025
02C0001014,SOUTH ANCHORAGE SURGERY CENTER LLC,"1917 ABBOTT RD, SUITE 103",ANCHORAGE,AK,99507,,(907) 770-3244,98,2,0,99,94,5,1,97,90,8,2,95,87,11,2,94,3,851,188,22,10/01/2024,09/30/2025
02C0001015,SURGERY CENTER OF WASILLA LLC,3190 EAST MERIDIAN PARK LOOP SUITE 111,WASILLA,AK,99654,,(907) 631-3578,97,2,1,98,95,4,1,97,93,5,2,95,89,9,2,95,3,508,185,36,10/01/2024,09/30/2025
02C0001016,ALASKA HEART INSTITUTE LLC,"3220 PROVIDENCE DR, SUITE E3-083",ANCHORAGE,AK,99508,,(907) 264-5835,97,3,0,98,92,7,1,96,89,9,2,94,80,17,3,92,"3,6",161,73,45,10/01/2024,09/30/2025
02C0001018,SUSITNA SURGERY CENTER LLC,2490 SOUTH WOODWORTH LOOP SUITE 100,PALMER,AK,99645,,(907) 861-6540,97,2,1,98,95,4,1,97,86,9,5,94,84,15,1,94,,811,147,18,10/01/2024,09/30/2025
02C0001020,ASC NORTH LLC,6911 DEBARR ROAD,ANCHORAGE,AK,99504,,(907) 770-1084,99,1,0,100,97,3,0,99,95,4,1,97,90,8,2,96,"3,6",234,80,34,10/01/2024,09/30/2025
02C0001022,COPPER BASIN SURGERY CENTER LLC,3035 EAST PALMER WASILLA HIGHWAY SUITE 501,WASILLA,AK,99654,,(907) 357-5300,,,,,,,,,,,,,,,,,1,,,,,
03C0001001,BANNER PHOENIX SURGERY CENTER LLC,1111 EAST MCDOWELL ROAD SUITE B,PHOENIX,AZ,85006,,(602) 368-3854,98,2,0,99,93,6,1,96,88,10,2,95,89,10,1,96,3,1164,236,20,10/01/2024,09/30/2025
03C0001016,SURGERY CENTER OF PEORIA,13260 NORTH 94TH DR SUITE 200,PEORIA,AZ,85381,,(623) 234-4307,98,2,0,99,92,6,2,95,86,11,3,94,86,12,2,94,,1556,354,23,10/01/2024,09/30/2025
03C0001020,EYE SURGERY CENTER OF ARIZONA,220 SOUTH 63RD ST,MESA,AZ,85206,,(512) 740-4848,,,,,,,,,,,,,,,,,1,,,,,
03C0001021,EYE INSTITUTE AT BOSWELL DBA SUN CITY EYE,10541 WEST THUNDERBIRD BLVD,SUN CITY,AZ,85351,,(623) 933-3402,96,4,0,98,91,7,2,95,89,9,2,95,85,12,3,94,,3300,1072,32,10/01/2024,09/30/2025
03C0001024,BARNET DULANEY PERKINS EYE CENTER PLLC,40 CAPRI BLVD. #102,LAKE HAVASU CITY,AZ,86403,,(928) 855-9477,95,4,1,97,87,11,2,93,82,8,10,91,79,17,4,92,"3,6",490,77,16,10/01/2024,09/30/2025
03C0001041,OUTPATIENT SURGICAL CARE LTD,"1530 WEST GLENDALE AVE, SUITE 105",PHOENIX,AZ,85021,,(602) 995-3395,98,2,0,99,94,5,1,97,90,9,1,96,89,10,1,96,3,757,254,34,10/01/2024,09/30/2025
03C0001042,CASA GRANDESOUTHWESTERN EYE CENTER,560 N. CAMINO MERCADO STE. 1,CASA GRANDE,AZ,85122,,(480) 892-8400,95,4,1,97,83,14,3,90,75,16,9,90,78,20,2,92,"3,6",549,81,15,10/01/2024,09/30/2025
03C0001043,PRESCOTT OUTPATIENT SURGICAL CENTER,815 AINSWORTH DR.,PRESCOTT,AZ,86301,,(928) 443-6566,99,1,0,99,91,6,3,94,88,10,2,95,90,9,1,96,,710,270,38,10/01/2024,09/30/2025
03C0001044,BARNET DULANEY PERKINS EYE CENTER II PLLC DBA AMERICAN VISION PARTNERS,160 WEST UNIVERSITY DRIVE,MESA,AZ,85201,,(000) 000-0000,93,6,1,96,93,6,1,96,77,20,3,92,70,23,7,86,"3,6",589,73,13,10/01/2024,09/30/2025
03C0001047,SOUTHWESTERN EYE CENTER LTD,1055 SOUTH STAPLEY DR,MESA,AZ,85213,,(480) 892-8400,,,,,,,,,,,,,,,,,1,,,,,
03C0001052,CENTER FOR ADVANCED SURGERY,3367 SOUTH MERCY RD SUITE 101,GILBERT,AZ,85297,,(480) 899-2571,98,2,0,99,94,4,2,96,95,3,2,97,93,6,1,97,,983,240,24,10/01/2024,09/30/2025
03C0001053,AMBULATORY SURGERY CENTER OF TUCSON INC,1502 NORTH TUCSON BLVD.,TUCSON,AZ,85716,,(520) 326-4321,97,3,0,98,89,9,2,93,87,10,3,94,85,12,3,94,3,560,206,37,10/01/2024,09/30/2025
03C0001054,RF EYE PC DBA COCHISE EYE AND LASER,2445 EAST WILCOX DR,SIERRA VISTA,AZ,85635,,(520) 458-8131,96,4,0,98,89,8,3,93,83,13,4,93,84,12,4,93,3,587,212,36,10/01/2024,09/30/2025
03C0001056,PHYSICIANS SURGERY CENTER OF TEMPE LLC DBA PHYSICIANS SURGERY CENTER OF TEMPE,2905 WEST WARNER RD SUITE 10,CHANDLER,AZ,85282,,(480) 820-7101,97,2,1,98,94,4,2,96,89,9,2,95,87,11,2,94,,1154,208,18,10/01/2024,09/30/2025
03C0001057,SOUTHWESTERN EYE CENTER LTD,3321 E. BELLE RD. STE. B12,PHOENIX,AZ,85254,,(480) 892-8400,96,3,1,98,86,11,3,91,80,14,6,92,80,15,5,91,"3,6",503,94,19,10/01/2024,09/30/2025
03C0001059,NORTHWEST EYE SPECIALISTSLLC,5599 N. ORACLE RD,TUCSON,AZ,85704,,(520) 293-6740,98,2,0,99,95,4,1,97,91,7,2,96,91,4,5,95,3,561,137,25,10/01/2024,09/30/2025
03C0001063,SCOTTSDALE EYE SURGERY CENTER PC,3320 NORTH MILLER RD,SCOTTSDALE,AZ,85251,,(480) 291-7963,96,3,1,98,85,12,3,91,90,7,3,95,85,14,1,94,3,752,161,22,10/01/2024,09/30/2025
03C0001070,BANNER PEORIA SURGERY CENTER,"13640 NORTH PLAZA DEL RIO BLVD, SUITE 135",PEORIA,AZ,85381,,(623) 285-0084,96,4,0,98,92,6,2,95,85,13,2,94,80,18,2,93,3,1894,546,29,10/01/2024,09/30/2025
03C0001071,NORTHERN ARIZONA HEALTHCARE ORTHOPEDIC SURGERY CENTER LLC,2100 NORTH BEAVER ST,FLAGSTAFF,AZ,86001,,(928) 214-3709,98,2,0,99,94,5,1,97,85,13,2,95,85,13,2,94,,810,221,27,10/01/2024,09/30/2025
03C0001080,SUN CITY AZ ENDOSCOPY ASC LLC,13640 N. 99 AVE. STE. 700,SUN CITY,AZ,85351,,(623) 523-0501,97,3,0,98,95,4,1,97,95,4,1,97,92,5,3,96,,2867,1119,39,10/01/2024,09/30/2025
03C0001087,MAYO CLINIC ARIZONA DBA MAYO CLINIC SCOTTSDALE,13400 EAST SHEA BLVD,SCOTTSDALE,AZ,85259,,(507) 293-0835,98,2,0,99,93,6,1,96,93,5,2,97,92,5,3,96,3,1597,567,36,10/01/2024,09/30/2025
03C0001093,AIMS OUTPATIENT SURGERY,3636 STOCKTON HILL RD,KINGMAN,AZ,86409,,(928) 757-3636,93,5,2,96,83,12,5,89,64,29,7,89,63,31,6,85,"3,6",346,58,17,10/01/2024,09/30/2025
03C0001202,RUMMEL EYE CARE,1022 WILLOW CREEK RD,PRESCOTT,AZ,86301,,(928) 445-1341,98,2,0,99,91,7,2,95,90,7,3,95,89,7,4,94,,472,217,46,10/01/2024,09/30/2025
03C0001203,BANNER DESERT SURGERY CENTER,"2355 E. CAMELBACK ROAD, SUITE 700",PHOENIX,AZ,85016,,(574) 361-7619,98,2,0,99,90,8,2,94,87,10,3,94,80,19,1,93,3,557,148,27,10/01/2024,09/30/2025
03C0001207,ARIZONA OPHTHALMIC OUTPATIENT SURGERY,"300 E. OSBORN RD, #102",PHOENIX,AZ,85012,,(602) 234-8478,94,5,1,97,86,11,3,92,81,15,4,92,77,18,5,90,,2326,708,30,10/01/2024,09/30/2025
03C0001214,NORTHERN ARIZONA EYE ASSOCIATES,900 N. SAN FRANCISCO ST,FLAGSTAFF,AZ,86001,,(928) 779-7000,97,3,0,99,90,9,1,94,87,11,2,96,88,11,1,96,"3,6",253,65,26,10/01/2024,09/30/2025
03C0001215,ARIZONA INSTITUTE OF EYE SURGERY LLC,3192 WILLOW CREEK RD,PRESCOTT,AZ,86301,,(928) 445-1234,95,4,1,97,87,11,2,92,87,9,4,93,81,16,3,92,3,642,134,21,10/01/2024,09/30/2025
03C0001217,COTTONWOODSOUTHWESTERN EYE CENTER,270 CANDY LANE,COTTONWOOD,AZ,86326,,(480) 892-8400,97,3,0,98,87,10,3,92,80,12,8,90,82,14,4,92,3,572,107,19,10/01/2024,09/30/2025
03C0001220,SQUAW PEAK SURGICAL FACILITY INC,1635 EAST MYRTLE AVE SUITE 100,PHOENIX,AZ,85020,,(602) 944-5656,97,3,0,98,94,5,1,97,89,8,3,96,90,7,3,95,3,566,125,22,10/01/2024,09/30/2025
03C0001228,PHYSICIANS SURGERY CENTER,1800 HWY 95 SUITE 5,BULLHEAD CITY,AZ,86442,,(928) 763-8443,97,3,0,98,88,9,3,92,83,13,4,94,89,9,2,95,3,534,157,29,10/01/2024,09/30/2025
03C0001233,DESERT CLIFFS SURGERY CENTER LLC,2250 WEST SOUTHERN AVE SUITE 101,MESA,AZ,85202,,(480) 404-6979,,,,,,,,,,,,,,,,,1,,,,,
03C0001235,ARIZONA ENDOSCOPY CENTER LLC,1410 EAST MCDOWELL RD,PHOENIX,AZ,85006,,(602) 716-9655,97,3,0,98,92,7,1,96,90,9,1,96,89,10,1,96,,1741,565,32,10/01/2024,09/30/2025
03C0001236,AKDHC SURGERY CENTER LLC,3320 N. 2ND ST.,PHOENIX,AZ,85018,,(602) 200-8288,94,6,0,97,81,15,4,89,73,27,0,92,71,27,2,90,"3,10",402,43,11,10/01/2024,09/30/2025
03C0001239,THUNDERBIRD ENDOSCOPY CENTER,5823 WEST EUGIE AVE,GLENDALE,AZ,85308,,(602) 424-4040,,,,,,,,,,,,,,,,,1,,,,,
03C0001240,TUCSON GASTROENTEROLOGY INSTITUTE LLC,3040 N. SWAN RD. STE. A,TUCSON,AZ,85712,,(520) 382-1154,95,4,1,97,89,8,3,93,85,11,4,93,84,12,4,93,3,544,105,20,10/01/2024,09/30/2025
03C0001247,SURGERY CENTER OF SCOTTSDALE LLC DBA MOUNTAIN VIEW SURGERY CENTER OF SCOTTSDALE,8962 EAST DESERT COVE AVE SUITE 120A,SCOTTSDALE,AZ,85260,,(480) 661-5232,98,1,1,99,92,6,2,95,90,7,3,95,87,10,3,94,,1217,354,29,10/01/2024,09/30/2025
03C0001248,SUNRISE AMBULATORY SURGICAL CENTER,5448 SOUTH WHITE MOUNTAIN BLVD SUITE 100,LAKESIDE,AZ,85929,,(928) 532-3010,95,4,1,97,88,9,3,93,85,12,3,93,85,12,3,93,,1628,473,29,10/01/2024,09/30/2025
03C0001249,SCOTTSDALE ENDOSCOPY ASC LLC DBA SCOTTSDALE ENDOSCOPY CENTER,9787 NORTH 91ST STREET SUITE 103,SCOTTSDALE,AZ,85258,,(480) 657-0889,96,3,1,98,92,6,2,95,91,8,1,96,88,10,2,95,,910,233,26,10/01/2024,09/30/2025
03C0001253,SURGERY CENTER OF GILBERT,6003 EAST BASELINE RD,MESA,AZ,85206,,(480) 641-6500,99,1,0,99,93,6,1,96,93,6,1,96,90,10,0,97,3,819,250,31,10/01/2024,09/30/2025
03C0001256,GATEWAY SURGERY CENTER,690 N COFCO CENTER CT SUITE 150,PHOENIX,AZ,85008,,(602) 228-8444,98,2,0,99,93,6,1,96,93,6,1,96,88,11,1,95,3,708,202,29,10/01/2024,09/30/2025
03C0001259,TUCSON DIGESTIVE INSTITUTE LLC DBA ARIZONA DIGESTIVE INSTITUTE,7566 NORTH LA CHOLLA BLVD SUITE B,TUCSON,AZ,85741,,(520) 547-5847,96,3,1,98,89,9,2,93,82,12,6,92,78,19,3,92,,824,208,25,10/01/2024,09/30/2025
03C0001260,EAST VALLEY ENDOSCOPY,6020 EAST ARBOR AVE #105,MESA,AZ,85206,,(480) 830-2005,97,3,0,98,91,7,2,94,91,7,2,96,88,9,3,95,,1909,699,37,10/01/2024,09/30/2025
03C0001261,ARIZONA EYE INSTITUTE AND COSMETIC LASER CENTER,19052 R. H. JOHNSON BLVD,SUN CITY WEST,AZ,85375,,(623) 975-2020,97,3,0,99,91,7,2,94,90,7,3,96,84,11,5,92,3,833,205,25,10/01/2024,09/30/2025
03C0001262,SOUTHWESTERN EYE CENTER LTD,75 COLONIA DE SALUD STE. A-100,SIERRA VISTA,AZ,85635,,(480) 892-8400,93,7,0,97,83,14,3,90,78,17,5,92,74,24,2,91,3,604,111,19,10/01/2024,09/30/2025
03C0001265,ST JOSEPH'S OUTPATIENT SURGERY CENTER LLC,240 W. THOMAS RD,PHOENIX,AZ,85013,,(602) 406-3552,95,4,1,97,89,9,2,94,86,11,3,94,84,13,3,93,,2652,403,15,10/01/2024,09/30/2025
03C0001266,PHOENIX ENDOSCOPY LLC,349 E. CORONADO RD,PHOENIX,AZ,85004,,(602) 266-5678,97,2,1,98,96,3,1,97,94,5,1,97,92,6,2,96,,2384,658,28,10/01/2024,09/30/2025
03C0001268,FOREST CANYON ENDOSCOPY AND SURGERY CTR PC,560 N. SWITZER CANYON DR,FLAGSTAFF,AZ,86001,,(928) 774-3044,98,2,0,99,92,7,1,95,93,5,2,96,88,10,2,96,3,604,153,26,10/01/2024,09/30/2025
03C0001275,NORTH SCOTTSDALE AMBULATORY SURGERY CENTER LLC,9439 E. IRONWOOD SE SQ. #100,SCOTTSDALE,AZ,85258,,(480) 355-3750,98,2,0,99,93,6,1,96,91,8,1,96,90,8,2,96,3,588,156,27,10/01/2024,09/30/2025
03C0001278,MESA AZ ENDOSCOPY ASC LLC,610 E. BASELINE RD.,TEMPE,AZ,85283,,(480) 969-0405,98,1,1,99,93,6,1,96,97,2,1,98,91,9,0,97,3,858,178,21,10/01/2024,09/30/2025
03C0001279,CHANDLER ENDOSCOPY AMBULATORY SURGERY CENTER LLC DBA CHANDLER ENDOSCOPY CENTER,2095 WEST PECOS RD SUITE A1,CHANDLER,AZ,85224,,(480) 292-9795,99,1,0,99,94,5,1,97,93,6,1,97,90,8,2,95,,1007,216,21,10/01/2024,09/30/2025
03C0001280,ARIZONA SURGICAL SPECIALISTS CENTER LLC,1984 EAST BASELINE RD,TEMPE,AZ,85283,,(623) 742-1572,91,7,2,95,79,13,8,85,70,20,10,87,66,25,9,84,"3,6",469,92,20,10/01/2024,09/30/2025
03C0001284,BANNER ESTRELLA SURGERY CENTER LLC,9301 WEST THOMAS ROAD,PHOENIX,AZ,85037,,(623) 213-7407,99,1,0,99,89,10,1,94,91,9,0,97,89,8,3,95,"3,6",407,78,19,10/01/2024,09/30/2025
03C0001285,NORTH VALLEY SURGERY CENTER,8901 EAST RAINTREE DR SUITE 100,SCOTTSDALE,AZ,85260,,(480) 767-2165,98,2,0,99,94,5,1,96,92,5,3,96,89,9,2,95,3,2139,554,26,10/01/2024,09/30/2025
03C0001286,DIGESTIVE HEALTH SPECIALISTS,"8573 EAST PRINCESS DR, SUITE 117",SCOTTSDALE,AZ,85255,,(480) 513-2455,98,2,0,99,91,6,3,94,94,5,1,97,93,5,2,96,3,2616,839,32,10/01/2024,09/30/2025
03C0001289,CAMP LOWELL SURGERY CENTER DBA CARONDELET FOOTHILLS SURGERY CENTER,2220 WEST ORANGE GROVE ROAD,TUCSON,AZ,85741,,(520) 877-5660,96,3,1,98,92,6,2,95,86,13,1,94,80,19,1,93,,899,241,27,10/01/2024,09/30/2025
03C0001290,CAMP LOWELL SURGERY CENTER LLC DBA CAMP LOWELL SURGERY CENTER,4620 EAST CAMP LOWELL DR,TUCSON,AZ,85712,,(520) 618-6058,94,6,0,97,92,7,1,95,87,10,3,95,87,10,3,94,,590,228,39,10/01/2024,09/30/2025
03C0001291,BANNER SUN CITY WEST SURGERY CENTER LLC,14416 WEST MEEKER BLVD SUITE 103,SUN CITY WEST,AZ,85381,,(623) 285-1925,98,2,0,99,93,6,1,96,91,9,0,96,88,11,1,95,3,824,227,28,10/01/2024,09/30/2025
03C0001293,CATALINA SURGERY CENTER,7508 NORTH LA CHOLLA BLVD,TUSCON,AZ,85741,,(520) 547-7450,98,2,0,99,93,6,1,96,94,5,1,97,92,6,2,96,,669,273,41,10/01/2024,09/30/2025
03C0001294,CENTER FOR PAIN MANAGEMENT,4745 E. CAMP LOWELL DR,TUCSON,AZ,85712,,(520) 731-5510,97,3,0,98,78,20,2,88,88,9,3,95,71,25,4,89,3,1217,346,28,10/01/2024,09/30/2025
03C0001295,NORTH VALLEY ENDOSCOPY CENTER,15255 NORTH 40TH ST BUILDING 8-157,PHOENIX,AZ,85032,,(602) 482-1001,98,2,0,99,95,4,1,97,91,8,1,96,92,7,1,97,,2186,720,33,10/01/2024,09/30/2025
03C0001297,TRI CITY SURGERY CENTER LLC,5430 DISTINCTION WAY,PRESCOTT,AZ,86301,,(928) 445-6098,98,2,0,99,90,8,2,94,90,8,2,95,89,10,1,96,"3,6",678,97,15,10/01/2024,09/30/2025
03C0001298,SURGICAL ELITE OF AVONDALE,10815 WEST MCDOWELL RD SUITE 101,AVONDALE,AZ,85392,,(623) 433-0192,98,2,0,99,90,9,1,95,91,8,1,96,87,11,2,94,,1187,200,17,10/01/2024,09/30/2025
03C0001299,THE ORTHOPEDIC SURGERY CENTER OF ARIZONA,2262 EAST ROSE GARDEN LANE,PHOENIX,AZ,85024,,(602) 424-4408,98,2,0,99,92,6,2,95,92,7,1,96,89,10,1,96,,796,213,27,10/01/2024,09/30/2025
03C0001300,SURGERY CENTER AT RIVER RD LLC,2490 EAST RIVER ROAD SUITE 150,TUCSON,AZ,85718,,(520) 382-1084,95,4,1,97,90,8,2,94,84,13,3,93,77,19,4,90,3,1211,282,23,10/01/2024,09/30/2025
03C0001303,CENTRAL ARIZONA ENDOSCOPY,2158 NORTH GILBERT RD BUILDING 1 SUITE 103,MESA,AZ,85203,,(480) 751-3002,97,3,0,98,92,6,2,95,90,7,3,95,84,14,2,93,3,2464,452,18,10/01/2024,09/30/2025
03C0001304,ARROWHEAD ENDOSCOPY AND PAIN MANAGEMENT CENTER LLC,18699 N 67TH AVE,GLENDALE,AZ,85308,,(623) 376-8600,95,3,2,97,91,7,2,95,89,6,5,95,84,12,4,92,"3,6",453,70,15,10/01/2024,09/30/2025
03C0001305,DESERT RIDGE OUTPATIENT SURGERY CENTER,20940 NORTH TATUM BLVD SUITE 100,PHOENIX,AZ,85050,,(480) 502-4000,97,3,0,98,92,7,1,95,89,9,2,95,85,12,3,93,,1091,231,21,10/01/2024,09/30/2025
03C0001313,SOUTHWEST ENDOSCOPY CENTER,2223 EAST BASELINE ROAD,GILBERT,AZ,85234,,(000) 000-0000,98,2,0,99,91,7,2,95,88,8,4,95,85,12,3,94,,1210,264,22,10/01/2024,09/30/2025
03C0001314,SOUTHEAST VALLEY ENDOSCOPY CENTER,875 SOUTH DOBSON RD,CHANDLER,AZ,85224,,(480) 855-2033,98,2,0,99,92,7,1,95,95,5,0,98,90,9,1,96,3,910,147,16,10/01/2024,09/30/2025
03C0001319,ARROWHEAD HEALTH CENTERS PAIN MDS AMBULATORY SURGICAL CENTER LLC,"16222 N 59TH AVE, STE A-115",GLENDALE,AZ,85306,,(623) 334-4000,100,0,0,100,95,5,0,98,95,5,0,98,94,6,0,98,"3,10",179,25,14,10/01/2024,09/30/2025
03C0001322,LASER SURGERY CENTER LLC,1008 E MCDOWELL RD,PHOENIX,AZ,85006,,(602) 258-7003,98,2,0,99,90,6,4,93,85,13,2,93,78,22,0,93,"3,10",405,49,12,10/01/2024,09/30/2025
03C0001326,BILTMORE SURGICAL PARTNERS LLC,"2222 E. HIGHLAND AVE., SUITE 100",PHOENIX,AZ,85016,,(602) 490-3661,97,2,1,98,91,7,2,95,91,7,2,95,87,9,4,93,3,1253,318,25,10/01/2024,09/30/2025
03C0001327,PAIN MDS INC,2525 WEST CAREFREE HIGHWAY BLDG 5 SUITE 134,PHOENIX,AZ,85085,,(623) 580-4357,,,,,,,,,,,,,,,,,1,,,,,
03C0001328,MESQUITE SURGERY CENTER LLC,7445 EAST TANQUE VERDE RD,TUCSON,AZ,85715,,(520) 722-0929,97,3,0,98,88,9,3,93,89,9,2,95,87,12,1,95,3,797,131,17,10/01/2024,09/30/2025
03C0001330,EYE SURGERY CENTER AT THE BILTMORE,2222 EAST HIGHLAND AVE SUITE 100,PHOENIX,AZ,85016,,(602) 279-2434,92,7,1,96,87,10,3,92,80,16,4,92,77,20,3,91,,2930,942,32,10/01/2024,09/30/2025
03C0001335,AZ WEST ENDOSCOPY CENTER LLC,1850 NORTH 95TH AVE SUITE 190,PHOENIX,AZ,85037,,(623) 594-4060,92,6,2,95,87,12,1,93,82,9,9,91,80,12,8,91,"3,6",415,65,16,10/01/2024,09/30/2025
03C0001339,SAN TAN SURGERY CENTER LLC,1704 EAST BOSTON ST,GILBERT,AZ,85295,,(480) 656-8600,98,2,0,99,93,5,2,96,92,7,1,96,92,7,1,97,3,425,109,26,10/01/2024,09/30/2025
03C0001340,BARNET DULANEY PERKINS EYE CENTER PLLC,698 E. WETMORE STE. 120,TUCSON,AZ,85704,,(602) 508-4816,95,5,0,98,91,7,2,94,83,15,2,93,85,13,2,95,3,762,144,19,10/01/2024,09/30/2025
03C0001341,BARNET DULANEY PERKINS EYE CENTER PLLC,4800 N. 22ND ST.,PHOENIX,AZ,85016,,(602) 508-4816,95,5,0,97,87,10,3,92,80,16,4,93,78,21,1,92,3,530,101,20,10/01/2024,09/30/2025
03C0001342,BARNET DULANEY PERKINS EYE CENTER PLLC,9425 W. BELL RD.,SUN CITY,AZ,85351,,(602) 508-4816,94,5,1,96,81,12,7,87,81,10,9,91,77,16,7,90,"3,6",521,86,17,10/01/2024,09/30/2025
03C0001343,BARNET DULANEY PERKINS EYE CENTER PLLC,5250 E. SOUTHERN AVE.,MESA,AZ,85206,,(602) 508-4816,,,,,,,,,,,,,,,,,1,,,,,
03C0001344,BARNET DULANEY PERKINS EYE CENTER PLLC,95 SOLDIER PASS RD. STE. A-2,SEDONA,AZ,86336,,(602) 508-4816,97,3,0,98,91,8,1,95,77,20,3,92,81,19,0,94,"3,10",193,44,23,10/01/2024,09/30/2025
03C0001345,ARIZONA ADVANCED ENDOSCOPY LLC,2680 S. VAL VISTA DR. STE. 127,GILBERT,AZ,85295,,(480) 253-5660,98,2,0,99,92,7,1,95,91,9,0,96,89,11,0,96,,1200,240,20,10/01/2024,09/30/2025
03C0001347,SURGCENTER AT PARADISE VALLEY LLC DBA SURGCENTER AT PIMA CROSSING,8415 NORTH PIMA RD SUITE 190,SCOTTSDALE,AZ,85258,,(480) 800-3206,98,2,0,99,93,5,2,96,92,7,1,96,88,10,2,95,,981,247,25,10/01/2024,09/30/2025
03C0001348,BARNET DULANEY PERKINS EYE CENTER PLLC,350 NORTH SWITZER CANYON DR,FLAGSTAFF,AZ,86001,,(928) 770-0500,92,7,1,95,87,11,2,92,77,17,6,91,78,19,3,91,3,575,104,19,10/01/2024,09/30/2025
03C0001349,SURGICAL CENTERS OF ARIZONA LLC,2629 NORTH SCOTTSDALE RD 101,SCOTTSDALE,AZ,85257,,(623) 334-4000,96,3,1,97,88,9,3,93,81,16,3,92,76,22,2,90,"3,10",190,36,19,10/01/2024,09/30/2025
03C0001352,SURGCENTER OF DEER VALLEY LLC,19820 NORTH 7TH ST SUITE 190,PHOENIX,AZ,85024,,(602) 904-7039,95,4,1,97,85,11,4,90,82,15,3,93,77,20,3,90,,819,207,25,10/01/2024,09/30/2025
03C0001355,SURGCENTER GILBERT,3345 SOUTH VAL VISTA DR #107-110,GILBERT,AZ,85297,,(480) 725-9777,99,1,0,100,94,5,1,97,98,2,0,98,92,5,3,95,3,537,173,32,10/01/2024,09/30/2025
03C0001356,SURGERY CENTER OF SCOTTSDALE LLC DBA MOUNTAIN VIEW SURGERY CENTER OF GLENDALE,18555 NORTH 79TH AVE BUILDING C,GLENDALE,AZ,85308,,(623) 776-2500,98,2,0,99,91,8,1,95,93,5,2,96,90,9,1,96,,1078,243,23,10/01/2024,09/30/2025
03C0001357,SURGERY CENTER OF SCOTTSDALE LLC DBA MOUNTAIN VIEW SURGERY CENTER OF GILBERT,2450 EAST GUADALUPE RD SUITE 101,GILBERT,AZ,85234,,(480) 398-8456,99,1,0,99,96,3,1,98,97,3,0,98,94,5,1,97,,1067,254,24,10/01/2024,09/30/2025
03C0001359,SURGCENTER TUCSON LLC,3935 E. FT. LOWELL RD,TUCSON,AZ,85712,,(520) 396-4420,98,2,0,99,92,7,1,95,88,10,2,95,87,11,2,95,,571,229,40,10/01/2024,09/30/2025
03C0001360,BARNET DULANEY PERKINS EYE CENTER PC DBA AMERICAN VISION PARTNERS,275 WEST 28TH STREET SUITE 2,YUMA,AZ,85364,,(928) 329-5011,96,4,0,98,90,7,3,93,86,9,5,93,83,13,4,92,"3,6",498,64,13,10/01/2024,09/30/2025
03C0001361,SURGCENTER CAMELBACK,6245 NORTH 24TH PARKWAY SUITE 112,PHOENIX,AZ,85016,,(602) 682-7005,93,6,1,96,89,8,3,93,83,14,3,93,80,17,3,92,,1158,279,24,10/01/2024,09/30/2025
03C0001362,BDPEC ASC SHOW LOW,1610 SOUTH WHITE MOUNTAIN RD,SHOW LOW,AZ,85901,,(928) 955-1000,92,6,2,95,83,12,5,89,78,17,5,92,76,19,5,90,3,623,113,19,10/01/2024,09/30/2025
03C0001363,SURGCENTER OF GREATER PHOENIX LLC,7231 EAST PRINCESS BLVD SUITE 100,SCOTTSDALE,AZ,85255,,(480) 423-4705,97,3,0,98,91,7,2,95,89,10,1,96,87,11,2,95,3,794,271,34,10/01/2024,09/30/2025
03C0001364,CENTER FOR CARDIOVASCULAR RESEARCH AND EDUCATION,20565 NORTH 19TH AVE,PHOENIX,AZ,85027,,(602) 714-8800,97,3,0,98,88,9,3,93,90,7,3,95,85,11,4,93,3,742,220,30,10/01/2024,09/30/2025
03C0001367,ARIZONA SURGICAL SPECIALISTS CTR DBA ARIZONA SURGICAL SPECIALSTS CTR WEST PHOENIX,9250 WEST THOMAS ROAD SUITE 220,PHOENIX,AZ,85037,,(623) 742-1570,94,5,1,96,89,7,4,93,86,9,5,92,84,11,5,93,"3,6",497,91,19,10/01/2024,09/30/2025
03C0001369,HONOR HEALTH PAIN MANAGEMENT CENTER,4727 EAST UNION HILLS DR,PHOENIX,AZ,85050,,(602) 293-3382,98,2,0,99,93,5,2,95,89,10,1,95,89,8,3,94,3,1015,308,30,10/01/2024,09/30/2025
03C0001370,LASER SURGERY HOLDING COMPANY,2000 EAST SOUTHERN AVENUE 106,TEMPE,AZ,85282,,(480) 444-7491,90,8,2,94,86,11,3,91,78,16,6,91,72,20,8,86,3,720,133,18,10/01/2024,09/30/2025
03C0001371,CARDIAC SURGERY CENTER OF PHOENIX LP,1910 EAST THOMAS RD SUITE 102,PHOENIX,AZ,85016,,(480) 470-0003,97,3,0,98,86,10,4,91,90,8,2,95,89,9,2,95,3,991,180,18,10/01/2024,09/30/2025
03C0001376,CENTRAL AZ GI AND LIVER INSTITUTE,4001 EAST BASELINE RD SUITE 102,GILBERT,AZ,85234,,(480) 565-8045,96,2,2,97,91,7,2,95,78,17,5,92,76,18,6,89,3,1602,258,16,10/01/2024,09/30/2025
03C0001378,BANNER UNION HILLS SURGERY CENTER,"18301 N 79TH AVE, # E150",GLENDALE,AZ,85308,,(623) 776-4105,99,1,0,99,93,6,1,96,93,7,0,97,89,10,1,96,3,751,260,35,10/01/2024,09/30/2025
03C0001379,SKI AMBULATORY SURGICAL CENTERS LLC,7362 WEST THUNDERBIRD ROAD SUITE 103,PEORIA,AZ,85381,,(480) 610-6152,97,3,0,98,90,8,2,94,87,10,3,96,82,14,4,91,"3,6",643,92,14,10/01/2024,09/30/2025
03C0001380,SKI AMBULATORY SURGICAL CENTERS LLC,1100 EAST UNIVERSITY DRIVE SUITE 102,TEMPE,AZ,85281,,(480) 610-6152,99,1,0,99,92,6,2,95,95,5,0,97,82,11,7,90,"3,6",668,95,14,10/01/2024,09/30/2025
03C0001381,SPECTRA EYE INSTITUTE LLC,15401 NORTH 29TH AVE SUITE 201,PHOENIX,AZ,85053,,(623) 583-2020,94,5,1,96,85,11,4,91,78,18,4,92,80,18,2,92,,610,194,32,10/01/2024,09/30/2025
03C0001382,SKI AMBULATORY SURGICAL CENTERS LLC,325 SOUTH EUCLID AVENUE SUITE 109,TUCSON,AZ,85719,,(520) 623-7255,97,2,1,98,92,6,2,95,86,9,5,93,83,12,5,91,"3,6",473,74,16,10/01/2024,09/30/2025
03C0001383,HEART HEALTH CENTER LLC,1848 EAST THOMAS ROAD SUITE 200,PHOENIX,AZ,85016,,(602) 638-1240,,,,,,,,,,,,,,,,,1,,,,,
03C0001384,FOUR PEAKS SURGERY CENTER,9425 WEST BELL ROAD,SUN CITY,AZ,85351,,(623) 399-6880,98,2,0,99,91,8,1,95,88,10,2,94,84,13,3,93,3,758,280,37,10/01/2024,09/30/2025
03C0001385,SOUTH VALLEY SURGICAL CENTER,36453 NORTH GANTZEL ROAD SUITE 102,SAN TAN VALLEY,AZ,85140,,(480) 636-1225,98,2,0,99,90,8,2,94,90,8,2,96,83,16,1,94,3,819,198,24,10/01/2024,09/30/2025
03C0001387,AKDHC SURGERY CENTER LLC WESTGATE,6622 NORTH 91ST ST SUITE 100,GLENDALE,AZ,85305,,(623) 552-7147,98,2,0,99,82,15,3,89,83,16,1,95,78,22,0,93,"3,6",483,52,11,10/01/2024,09/30/2025
03C0001391,SWAN SURGERY CENTER LLC,1505 NORTH SWAN ROAD #101,TUCSON,AZ,85712,,(520) 795-3090,94,5,1,96,87,10,3,92,84,11,5,93,80,14,6,91,"3,6",532,80,15,10/01/2024,09/30/2025
03C0001393,ORO VALLEY SURGICAL SUITES LLC,8500 NORTH ORACLE RD SUITE 150,ORO VALLEY,AZ,85704,,(520) 462-0220,98,2,0,99,95,4,1,97,97,2,1,98,95,4,1,98,,423,216,51,10/01/2024,09/30/2025
03C0001394,PHOENIX SPINE GOODYEAR ASC LLC DBA PHOENIX SPINE GOODYEAR AMBULATORY SURGERY CENTER,140 NORTH LITCHFIELD ROAD SUITE 110,GOODYEAR,AZ,85338,,(602) 533-2160,98,2,0,99,91,7,2,94,89,10,1,96,90,9,1,96,,775,321,41,10/01/2024,09/30/2025
03C0001395,ORTHOARIZONA SURGERY CENTER GILBERT,1675 EAST MELROSE ST SUITE 201,GILBERT,AZ,85297,,(480) 519-8100,98,2,0,99,94,5,1,96,94,5,1,96,92,7,1,97,,926,258,28,10/01/2024,09/30/2025
03C0001396,BARNET DULANEY PERKINS EYE CENTER - SAFFORD SURGERY CENTER,2242 WEST 16TH STREET,SAFFORD,AZ,85546,,(602) 598-7025,97,3,0,99,91,8,1,95,84,15,1,94,90,8,2,96,"3,6",448,74,17,10/01/2024,09/30/2025
03C0001398,DISCOVER SURGICAL CENTER LLC,135 SOUTH POWER ROAD SUITE 110,MESA,AZ,85206,,(480) 745-8577,94,5,1,97,90,6,4,94,86,10,4,94,94,3,3,97,"3,10",139,25,19,10/01/2024,09/30/2025
03C0001399,OPTIMUM SURGICAL CENTER,20045 NORTH 19TH AVENUE BUILDING 12,PHOENIX,AZ,85027,,(602) 313-8110,96,3,1,98,93,5,2,96,92,7,1,96,85,12,3,94,3,469,133,28,10/01/2024,09/30/2025
03C0001403,PAIN INSTITUTE OF SOUTHERN ARIZONA PROCEDURE CENTER,4741 EAST CAMP LOWELL DRIVE,TUCSON,AZ,85712,,(520) 318-6035,99,1,0,99,92,6,2,95,92,7,1,97,91,8,1,97,3,1216,440,36,10/01/2024,09/30/2025
03C0001405,ARIZONA KIDNEY DISEASE AND HYPERTENSION CENTER DBA AKDHC,3600 WEST TANGERINGE RD SUITE,MARANA,AZ,85658,,(520) 585-4574,98,2,0,99,91,7,2,94,94,6,0,97,87,12,1,95,"3,6",405,74,18,10/01/2024,09/30/2025
03C0001406,BANNER ENTICARE TEMPE SURGERY CENTER LLC DBA BANNER TEMPE SURGERY CENTER,1940 EAST SOUTHERN AVENUE,TEMPE,AZ,85016,,(480) 820-7101,97,2,1,98,93,6,1,96,82,12,6,91,79,15,6,90,"3,6",446,66,15,10/01/2024,09/30/2025
03C0001408,YUMA ADVANCED SURGICAL SUITES,1030 WEST 24TH ST SUITE H,YUMA,AZ,85364,,(928) 259-7522,98,2,0,99,92,7,1,95,94,6,0,97,93,7,0,97,,633,234,37,10/01/2024,09/30/2025
03C0001409,BANNER SURGERY CENTER ALVERNON LLC,750 NORTH ALVERNON WAY,TUCSON,AZ,85711,,(480) 292-8541,100,0,0,100,93,6,1,96,92,8,0,97,90,8,2,95,"3,6",377,86,23,10/01/2024,09/30/2025
03C0001410,SURGERY CENTER AT FLAGSTAFF BONE AND JOINT,501 NORTH SWITZER CANYON DRIVE,FLAGSTAFF,AZ,86001,,(000) 000-0000,96,4,0,98,93,6,1,96,88,10,2,95,88,9,3,95,3,571,220,39,10/01/2024,09/30/2025
03C0001412,OCOTILLO SURGERY CENTER LLC,3920 SOUTH ROME STREET,GILBERT,AZ,85297,,(480) 597-4778,98,2,0,99,93,6,1,96,88,9,3,95,85,14,1,94,3,613,112,18,10/01/2024,09/30/2025
03C0001413,HAYDEN SURGICAL CENTER,10611 NORTH HAYDEN ROAD SUITE D10,SCOTTSDALE,AZ,85260,,(000) 000-0000,98,2,0,99,96,2,2,97,84,15,1,94,84,12,4,93,"3,6",231,61,26,10/01/2024,09/30/2025
03C0001414,WESTGATE SURGERY CENTER,7730 NORTH 99TH AVE SUITE 100,GLENDALE,AZ,85307,,(623) 888-5500,97,2,1,98,92,7,1,96,91,7,2,95,90,9,1,96,,2334,504,22,10/01/2024,09/30/2025
03C0001416,WYATT SURGERY CENTER,2424 NORTH WYATT DR SUITE 160,TUCSON,AZ,85750,,(520) 815-5050,98,1,1,98,91,7,2,95,91,7,2,96,85,14,1,95,,739,246,33,10/01/2024,09/30/2025
03C0001417,BANNER SURGERY CENTER THUNDERBIRD LLC,5555 WEST THUNDERBIRD ROAD SUITE 150,GLENDALE,AZ,85306,,(602) 354-8847,99,1,0,99,92,7,1,95,91,9,0,96,84,15,1,94,3,611,154,25,10/01/2024,09/30/2025
03C0001418,EAST VALLEY OUTPATIENT SURGERY LLC,5620 EAST BROADWAY ROAD,MESA,AZ,85206,,(480) 981-6111,98,2,0,99,89,9,2,94,96,4,0,98,95,5,0,98,3,413,167,42,10/01/2024,09/30/2025
03C0001419,INNOVATIVE SURGERY CENTER LLC,15547 NORTH REEMS ROAD BUILDING A,SURPRISE,AZ,85374,,(623) 535-9777,96,4,0,99,88,10,2,93,93,2,5,97,93,0,7,95,"3,10",237,38,16,10/01/2024,09/30/2025
03C0001423,BANNER SURGERY CENTER MESA,2626 EAST UNIVERSITY DRIVE SUITE 104,MESA,AZ,85213,,(602) 354-8847,96,4,0,98,81,14,5,88,76,20,4,91,74,22,4,89,"3,6",204,52,25,10/01/2024,09/30/2025
03C0001425,BCC WEST VALLEY DBA BANNER CARDIOVASCULAR CENTER WEST VALLEY,14642 NORTH DEL WEBB BOULEVARD SUITE 100,SUN CITY,AZ,85351,,(602) 358-8512,99,1,0,99,92,6,2,95,94,5,1,97,92,7,1,97,3,999,382,38,10/01/2024,09/30/2025
03C0001426,BSC BILTMORE LLC,2222 EAST HIGHLAND AVENUE SUITE 100,PHOENIX,AZ,85016,,(602) 358-8512,96,3,1,98,92,6,2,95,85,11,4,93,79,19,2,92,3,1161,210,18,10/01/2024,09/30/2025
03C0001428,SOUTHWEST CARDIOVASCULAR INTERVENTIONAL CENTER LLC,7529 EAST BROADWAY ROAD SUITE 104,MESA,AZ,85208,,(480) 945-4343,96,3,1,98,86,10,4,91,87,9,4,95,86,12,2,94,,498,166,34,10/01/2024,09/30/2025
03C0001429,TUCSON SURGERY CENTER,2121 NORTH CRAYCROFT BUILDING 8,TUCSON,AZ,85712,,(000) 000-0000,97,3,0,99,92,7,1,95,91,7,2,96,85,11,4,93,,1006,376,37,10/01/2024,09/30/2025
03C0001430,BANNER SURGERY CENTER IRONWOOD,37200 NORTH GANTZEL ROAD SUITE 100,QUEEN CREEK,AZ,85140,,(480) 562-4617,98,2,0,99,94,5,1,97,92,7,1,96,88,11,1,96,3,737,196,27,10/01/2024,09/30/2025
03C0001431,REGENCY AMBULATORY SURGERY CENTER ONE LLC,14725 WEST MOUNTAIN VIEW BOULEVARD SUITE 125,SURPRISE,AZ,85374,,(623) 243-9077,95,4,1,97,84,11,5,90,89,8,3,95,84,12,4,93,3,1031,209,21,10/01/2024,09/30/2025
03C0001432,AKDHC SURGERY CENTER,2711 SILVER CREEK ROAD SUITE 100,BULLHEAD,AZ,86442,,(000) 000-0000,99,1,0,99,98,2,0,99,93,7,0,97,90,7,3,94,"3,6",288,53,18,10/01/2024,09/30/2025
03C0001433,BUCKEYE SOUTH LLC DBA BUCKEYE SURGERY CENTER,23390 WEST YUMA ROAD SUITE 106,BUCKEYE,AZ,85326,,(623) 250-4800,98,2,0,99,93,7,0,97,90,9,1,96,88,12,0,96,3,564,123,22,10/01/2024,09/30/2025
03C0001434,UROLOGY ASC PHOENIX DBA UROLOGIC SURGERY CENTER OF ARIZONA,1313 EAST OSBORD ROAD SUITE 170B,PHOENIX,AZ,85014,,(410) 581-1600,96,3,1,98,85,12,3,91,81,16,3,93,76,21,3,91,,1109,226,20,10/01/2024,09/30/2025
03C0001435,NATIONAL CARDIOVASCULAR SURGERY CENTER LLC DBA PEAK SURGERY CENTER OF AVONDALE,10825 WEST MCDOWELL ROAD SUITE 320,AVONDALE,AZ,85392,,(602) 698-7325,97,3,0,98,88,10,2,93,95,4,1,96,89,8,3,95,3,368,111,30,10/01/2024,09/30/2025
03C0001436,TUCSON ENDOSCOPY CENTER,7140 EAST ROSEWOOD STREET SUITE 100,TUCSON,AZ,85710,,(000) 000-0000,97,2,1,98,96,3,1,97,92,7,1,96,89,9,2,95,,1103,317,29,10/01/2024,09/30/2025
03C0001438,ORTHOARIZONA SCOTTSDALE ASC LLC DBA ORTHOARIZONA SCOTTSDALE SURGERY CENTER,8405 NORTH PIMA CENTER PARKWAY SUITE 102,SCOTTSDALE,AZ,85258,,(480) 620-4297,96,3,1,97,91,7,2,95,87,11,2,95,87,11,2,94,3,1111,335,30,10/01/2024,09/30/2025
03C0001439,DESERT VISTA SURGICAL CENTER,10117 NORTH 92ND STREET SUITE 103,SCOTTSDALE,AZ,85258,,(480) 576-8700,96,3,1,98,89,8,3,93,86,11,3,94,79,18,3,92,3,869,214,25,10/01/2024,09/30/2025
03C0001441,ADVANCED SPINE AND PAIN SURGERY CENTERS LLC,3525 NORTH CENTRAL AVENUE,PHOENIX,AZ,85012,,(480) 573-0130,97,3,0,99,89,9,2,94,91,7,2,96,89,11,0,96,"3,10",276,49,18,10/01/2024,09/30/2025
03C0001442,BSC CHANDLER LLC DBA BANNER SURGERY CENTER CHANDLER,1125 SOUTH ALMA SCHOOL ROAD SUITE 100,CHANDLER,AZ,85286,,(480) 550-6089,98,2,0,99,93,6,1,96,90,9,1,96,88,9,3,95,3,952,203,21,10/01/2024,09/30/2025
03C0001445,ALOE SURGICAL CENTER SCOTTSDALE LLC,9700 NORTH 91ST STREET SUITE C100,SCOTTSDALE,AZ,85258,,(602) 533-2161,95,5,0,98,86,12,2,92,82,15,3,93,75,21,4,90,,561,192,34,10/01/2024,09/30/2025
03C0001450,REMBRANDT OUTPATIENT SURGERY CENTER PLLC DBA REMBRANDT OUTPATIENT SURGERY CENTER,6859 EAST REMBRANDT AVENUE SUITE 114,MESA,AZ,85212,,(480) 809-6266,94,6,0,97,87,10,3,92,73,19,8,91,72,22,6,89,"3,6",231,64,28,10/01/2024,09/30/2025
03C0001451,OUTPATIENT SURGICAL CENTER OF ARIZONA LLC,13215 NORTH 7TH STREET SUITE 100,PHOENIX,AZ,85022,,(602) 805-5041,97,3,0,98,90,9,1,95,91,5,4,95,89,11,0,96,"3,6",247,87,35,10/01/2024,09/30/2025
03C0001453,BSC REID PARK LLC DBA BANNER SURGERY CENTER REID PARK,717 SOUTH ALVERNON WAY,TUCSON,AZ,85711,,(520) 332-2370,97,3,0,98,90,9,1,95,82,15,3,93,82,16,2,93,3,597,135,23,10/01/2024,09/30/2025
03C0001454,STAR SURGERY CENTER LLC,14155 NORTH 83RD AVENUE BUILDING 6 SUITE 140,PEORIA,AZ,85381,,(623) 248-5842,99,1,0,99,92,7,1,95,89,10,1,97,88,9,3,94,3,346,160,46,10/01/2024,09/30/2025
03C0001456,UROLOGY ASC PHOENIX LLC DBA UROLOGIC SURGERY CENTER OF ARIZONA,17300 NORTH PERIMETER DRIVE SUITE 200,SCOTTSDALE,AZ,85255,,(480) 661-2662,98,2,0,99,89,8,3,93,87,11,2,95,84,15,1,94,,1123,285,25,10/01/2024,09/30/2025
03C0001457,ARROWHEAD NORTH SURGERY CENTER,13660 NORTH 94TH DRIVE SUITE F1,PEORIA,AZ,85381,,(623) 230-3822,93,4,3,95,86,10,4,91,82,12,6,92,80,15,5,91,"3,6",322,85,26,10/01/2024,09/30/2025
03C0001460,SURGCENTER NORTHERN PHOENIX LLC,2611 WEST CAREFREE HIGHWAY BUILDING E,PHOENIX,AZ,85085,,(623) 213-8609,98,2,0,99,95,4,1,97,92,6,2,96,89,8,3,95,,548,177,32,10/01/2024,09/30/2025
03C0001461,BARNET DULANEY PERKINS EYE CENTER PC DBA AMERICAN VISION PARTNERS,9849 WEST THUNDERBIRD BOULEVARD,SUN CITY,AZ,85351,,(602) 955-1000,95,4,1,97,84,10,6,89,80,18,2,93,78,19,3,91,"3,6",629,93,15,10/01/2024,09/30/2025
03C0001462,TRI CITY SURGICAL CENTERS LLC,143 SOUTH 63RD STREET,MESA,AZ,85205,,(480) 835-6100,97,2,1,98,89,8,3,93,88,8,4,94,88,8,4,94,,992,411,41,10/01/2024,09/30/2025
03C0001463,AZENDO LLC DBA TRI POINTE SURGERY CENTER,6377 EAST TANQUE VERDE ROAD SUITE 102,TUCSON,AZ,85715,,(520) 372-2287,97,2,1,98,94,4,2,96,92,3,5,96,94,1,5,95,"3,6",190,73,38,10/01/2024,09/30/2025
03C0001466,HOPCO FLAGSTAFF ASC HOLDINGS LLC DBA ELEVATION SURGERY CENTER,1840 NORTH JASPER DRIVE SUITE 1,FLAGSTAFF,AZ,86001,,(928) 558-7001,96,3,1,98,89,9,2,94,87,8,5,94,90,8,2,96,3,589,145,25,10/01/2024,09/30/2025
03C0001469,BSC 3 LLC DBA BANNER SURGERY CENTER SPORTS MEDICINE,7400 NORTH DOBSON ROAD SUITE 301,SCOTTSDALE,AZ,85256,,(602) 362-5107,97,2,1,98,89,9,2,93,89,9,2,94,88,10,2,95,3,1208,282,23,10/01/2024,09/30/2025
03C0001470,BSC SHEA PARK LLC DBA BANNER SURGERY CENTER - SHEA PARK,2222 E HIGHLAND AVE SUITE 100,PHOENIX,AZ,85016,,(480) 590-3581,,,,,,,,,,,,,,,,,1,,,,,
03C0001471,BCC CHANDLER LLC DBA BANNER CARDIOVASCULAR CENTER CHANDLER,1475 WEST CHANDLER BOULEVARD SUITE 3,CHANDLER,AZ,85244,,(480) 687-7788,,,,,,,,,,,,,,,,,1,,,,,
03C0001473,CARDIAC SURGERY CENTER OF ARIZONA LLC,20199 NORTH 67TH AVENUE,GLENDALE,AZ,85308,,(623) 561-9002,98,2,0,99,91,8,1,95,85,15,0,95,82,16,2,93,,353,129,37,10/01/2024,09/30/2025
03C0001476,SONORAN ENDOSCOPY CENTER LLC,950 NORTH MCQUEEN ROAD SUITE 101,CHANDLER,AZ,85225,,(480) 542-1800,98,2,0,99,94,5,1,96,92,6,2,96,87,11,2,95,3,1223,266,22,10/01/2024,09/30/2025
03C0001477,EAST VALLEY AMBULATORY SURGICAL CENTER LLC,2394 NORTH ALMA SCHOOL ROAD SUITE 1,CHANDLER,AZ,85224,,(480) 963-0700,92,7,1,96,86,9,5,90,82,13,5,93,73,27,0,91,"3,6",520,60,12,10/01/2024,09/30/2025
03C0001479,ARIZONA SURGICAL SPECIALISTS CTR DBA ARIZONA SURGICAL SPECIALISTS CTR SCOTTSDALE,17500 NORTH PERIMETER DRIVE SUITE 200,SCOTTSDALE,AZ,85255,,(623) 516-8252,91,8,1,95,80,16,4,88,81,11,8,91,77,18,5,90,3,639,117,19,10/01/2024,09/30/2025
03C0001480,CARDIOVASCULAR ASSOCIATES SURGERY AND ELECTROPHYSIOLOGY LLC,4838 EAST BASELINE ROAD SUITE 108,MESA,AZ,85206,,(480) 687-5045,97,3,0,98,90,8,2,94,91,8,1,96,89,10,1,96,3,634,248,39,10/01/2024,09/30/2025
03C0001481,CANYON PAIN SURGERY CENTER LLC,4540 EAST BASELINE ROAD SUITE 117,MESA,AZ,85206,,(480) 561-0446,97,3,0,98,91,9,0,96,83,14,3,93,84,12,4,93,3,384,117,30,10/01/2024,09/30/2025
03C0001482,PRESTIGE LASER AND CATARACT INSTITUTE LLC,710 EASTERN STREET SUITE H,KINGMAN,AZ,86401,,(928) 224-0536,99,1,0,99,95,4,1,97,95,4,1,98,93,6,1,97,3,541,173,32,10/01/2024,09/30/2025
03C0001484,PRECISION SURGERY CENTER LLC,2121 NORTH CRAYCROFT ROAD BUILDING 6,TUCSON,AZ,85712,,(520) 372-1301,94,5,1,97,88,9,3,93,87,10,3,94,89,8,3,95,3,978,145,15,10/01/2024,09/30/2025
03C0001486,CENTER FOR PAIN MANAGEMENT LLC DBA TUCSON UROLOGIC SURGERY CENTER,7470 NORTH ORACLE ROAD SUITE 210,TUCSON,AZ,85704,,(520) 317-5015,96,3,1,98,88,9,3,93,86,11,3,93,82,13,5,92,3,2142,780,36,10/01/2024,09/30/2025
03C0001487,PEAK CARDIOVASCULAR CENTER LLC,12361 WEST BOLA DRIVE SUITE 112,SURPRISE,AZ,85378,,(623) 200-5397,99,1,0,100,87,10,3,92,96,4,0,97,91,8,1,96,"3,6",221,89,40,10/01/2024,09/30/2025
03C0001491,SCOTTSDALE SPINE ASC LLC DBA OLD TOWN SCOTTSDALE SURGERY CENTER,7242 EAST OSBORN ROAD SUITE 300,SCOTTSDALE,AZ,85251,,(480) 634-8554,96,3,1,98,90,5,5,93,88,8,4,95,87,9,4,94,3,598,169,28,10/01/2024,09/30/2025
03C0001493,ARIZONA SURGICAL SPECIALISTS CENTER LLC,6442 EAST SPEEDWAY BOULEVARD SUITE 152,TUCSON,AZ,85710,,(520) 525-5491,,,,,,,,,,,,,,,,,1,,,,,
03C0001494,APEX HEART AND VASCULAR CENTER LLC,21360 NORTH 75TH AVENUE,GLENDALE,AZ,85308,,(623) 663-0006,98,2,0,99,91,8,1,95,99,0,1,97,88,11,1,95,"3,6",189,91,48,10/01/2024,09/30/2025
03C0001495,BEC ORACLE LLC DBA BANNER ENDOSCOPY CENTER - ORACLE,7490 NORTH ORACLE ROAD SUITE 200,TUCSON,AZ,85704,,(520) 372-2374,98,1,1,99,92,6,2,95,96,1,3,97,95,2,3,96,"3,10",139,42,30,10/01/2024,09/30/2025
03C0001497,ADVANCED SURGERY CENTER OF ARIZONA LLC,10255 NORTH 32ND STREET SUITE A,PHOENIX,AZ,85028,,(480) 666-9329,,,,,,,,,,,,,,,,,1,,,,,
04C0001002,ARKANSAS OTOLARYNGOLOGY CENTER PA,10201 KANIS RD.,LITTLE ROCK,AR,72205,,(501) 748-4055,97,2,1,98,92,6,2,95,88,8,4,95,86,14,0,95,"3,6",832,81,10,10/01/2024,09/30/2025
04C0001006,LITTLE ROCK SURGERY CENTER LLC,8820 KNOEDL CT,LITTLE ROCK,AR,72205,,(501) 224-6767,99,1,0,99,96,3,1,98,93,6,1,97,89,9,2,95,3,726,192,26,10/01/2024,09/30/2025
04C0001008,SLOAN EYE CLINIC,10 HOSPITAL CIR,BATESVILLE,AR,72501,,(870) 793-4040,97,3,0,98,95,4,1,97,86,11,3,95,93,6,1,97,"3,6",526,89,17,10/01/2024,09/30/2025
04C0001009,LOWERY SURGERY CENTER,105 CENTRAL AVE.,SEARCY,AR,72143,,(501) 268-7154,,,,,,,,,,,,,,,,,1,,,,,
04C0001010,PHYSICIANS DAY SURGERY CENTER,3805 W. 28TH AVE,PINE BLUFF,AR,71603,,(501) 318-1111,99,1,0,99,92,6,2,95,91,7,2,96,87,11,2,94,3,531,139,26,10/01/2024,09/30/2025
04C0001012,NOVAMED SURGERY CENTER OF JONESBORO LLC,601 E. MATTHEWS,JONESBORO,AR,72401,,(810) 935-6397,95,5,0,97,88,9,3,93,80,15,5,92,82,15,3,93,3,1590,376,24,10/01/2024,09/30/2025
04C0001013,GASTROINTESTINAL CENTER INC,405 N. UNIVERSITY AVE.,LITTLE ROCK,AR,72205,,(501) 663-1074,97,2,1,98,89,8,3,93,90,7,3,95,89,7,4,94,3,1115,121,11,10/01/2024,09/30/2025
04C0001017,MOUNTAIN HOME SURGERY CENTER,360 HWY 5 N,MOUNTAIN HOME,AR,72653,,(870) 425-2277,96,3,1,98,92,5,3,94,91,6,3,96,93,4,3,97,3,412,173,42,10/01/2024,09/30/2025
04C0001019,FAYETTEVILLE ASC LLC DBA NORTH HILLS GASTROENTEROLOGY ENDOSCOPY CENTER,3344 N. FUTRALL DR.,FAYETTEVILLE,AR,72703,,(479) 582-7280,98,2,0,99,93,6,1,96,92,7,1,96,91,7,2,96,,2122,673,32,10/01/2024,09/30/2025
04C0001029,BOOZMAN HOF EYE SURGERY AND LASER CENTER,3737 WEST WALNUT,ROGERS,AR,72757,,(479) 246-1751,97,3,0,99,92,6,2,95,87,11,2,94,88,9,3,94,3,1208,253,21,10/01/2024,09/30/2025
04C0001033,ARKANSAS GASTROENTEROLOGY ENDOSCOPY CENTER,151 MCGOWAN CT,HOT SPRINGS,AR,71913,,(501) 623-4101,98,1,1,99,93,6,1,96,91,8,1,97,88,11,1,96,3,1608,139,9,10/01/2024,09/30/2025
04C0001035,NORTH RIVER SURGERY CENTER,2209 WILDWOOD AVE,SHERWOOD,AR,72120,,(501) 834-5777,99,1,0,100,88,8,4,92,88,10,2,95,92,7,1,97,3,1510,108,7,10/01/2024,09/30/2025
04C0001040,ARKANSAS SPECIALTY SURGERY CENTER,6119 MIDTOWN SUITE 101,LITTLE ROCK,AR,72205,,(501) 553-9841,98,2,0,99,93,6,1,96,91,8,1,95,88,10,2,94,3,1384,432,31,10/01/2024,09/30/2025
04C0001041,NORTH HILLS SURGERY CENTER LLC,"3271 N. WIMBERLY DR, SUITE 1",FAYETTEVILLE,AR,72703,,(479) 713-6110,97,2,1,98,93,6,1,96,88,9,3,94,87,11,2,94,3,3377,652,19,10/01/2024,09/30/2025
04C0001043,THE SURGICAL PAVILION LLC,"9500 KANIS RD., SUITE 401",LITTLE ROCK,AR,72205,,(501) 978-0603,96,3,1,98,93,6,1,96,91,5,4,96,89,7,4,94,"3,6",1467,87,6,10/01/2024,09/30/2025
04C0001044,SPRINGHILL SURGERY CENTER LLC,3401 SPRINGHILL DR SUITE 155,NORTH LITTLE ROCK,AR,72117,,(501) 945-5800,98,1,1,99,92,6,2,95,91,9,0,97,88,11,1,96,3,1785,102,6,10/01/2024,09/30/2025
04C0001047,BAKER EYE INSTITUTE,810 MERRIMAN ST,CONWAY,AR,72032,,(501) 329-3937,97,3,0,99,91,7,2,95,90,7,3,96,90,7,3,95,,951,254,27,10/01/2024,09/30/2025
04C0001048,JONESBORO SURGERY CENTER LLC,623 EAST MATTHEWS AVE SUITE C,JONESBORO,AR,72401,,(870) 934-8010,98,2,0,99,95,4,1,97,93,5,2,97,95,3,2,97,,927,308,33,10/01/2024,09/30/2025
04C0001049,CONWAY ENDOSCOPY CENTER INC,455 HOGAN LANE,CONWAY,AR,72034,,(501) 664-6980,99,1,0,99,93,5,2,95,94,5,1,97,88,8,4,94,3,843,110,13,10/01/2024,09/30/2025
04C0001053,OUTPATIENT SURGERY CENTER OF JONESBORO LLC,1100 EAST MATTHEWS,JONESBORO,AR,72401,,(870) 935-8500,95,4,1,97,89,9,2,94,92,6,2,95,87,12,1,95,3,553,100,18,10/01/2024,09/30/2025
04C0001054,SPRING CREEK SURGERY CENTER LLC,3633 CENTRAL AVE SUITE H,HOT SPRINGS,AR,71913,,(501) 623-7609,97,3,0,98,83,12,5,89,83,14,3,93,82,14,4,92,3,706,262,37,10/01/2024,09/30/2025
04C0001056,ENDOSCOPY CENTER OF LITTLE ROCKLLC,4200 N. RODNEY PARHAM RD. STE. 203,LITTLE ROCK,AR,72212,,(501) 228-4445,99,1,0,100,90,7,3,94,91,6,3,97,85,11,4,94,3,1071,130,12,10/01/2024,09/30/2025
04C0001058,PHYSICIANS SURGERY CENTER LLC,3327 SOUTH DIVISION STREET,BLYTHEVILLE,AR,72315,,(870) 762-1590,98,2,0,99,95,5,0,98,95,5,0,97,96,0,4,96,"3,10",84,25,30,10/01/2024,09/30/2025
04C0001059,EXECUTIVE PARK SURGERY CENTER OF FORT SMITH INC,3314 SOUTH 70TH ST,FORT SMITH,AR,72903,,(479) 478-3030,97,3,0,98,91,8,1,95,93,6,1,96,88,10,2,95,,1268,330,26,10/01/2024,09/30/2025
04C0001060,ENDOSCOPY CENTER OF ARKANSAS LLC,1024 NORTH UNIVERSITY,LITTLE ROCK,AR,72207,,(501) 537-0900,99,1,0,100,88,9,3,93,94,6,0,98,96,4,0,99,3,1746,108,6,10/01/2024,09/30/2025
04C0001065,VISION GROUP ASC LLC,3002 ROGERS AVE,FORT SMITH,AR,72901,,(479) 782-2700,98,2,0,99,93,5,2,96,93,6,1,97,88,10,2,95,3,821,268,33,10/01/2024,09/30/2025
04C0001068,ARKANSAS OUTPATIENT EYE SURGERY LLC,3318 NORTH HILLS BLVD.,FAYETTEVILLE,AR,72703,,(479) 521-2555,96,4,0,98,92,7,1,95,85,14,1,95,90,10,0,97,"3,6",576,70,12,10/01/2024,09/30/2025
04C0001070,OUTPATIENT SURGERY CENTER INC,160 HWY 201 NORTH,MOUNTAIN HOME,AR,72653,,(870) 508-2100,94,5,1,97,92,6,2,95,83,15,2,93,84,14,2,94,3,581,115,20,10/01/2024,09/30/2025
04C0001072,FAIR PARK SURGERY CENTER,200 NORTH VAN BUREN,LITTLE ROCK,AR,72205,,(501) 907-0970,95,4,1,97,92,6,2,95,88,10,2,95,85,13,2,94,3,755,276,37,10/01/2024,09/30/2025
04C0001074,ARKANSAS SURGERY AND ENDOSCOPY CENTER INC DBA ASEC,9 FREEWAY DRIVE SUITE A,LITTLE ROCK,AR,72204,,(501) 663-4747,99,1,0,99,88,7,5,92,96,3,1,98,93,6,1,98,"3,6",709,84,12,10/01/2024,09/30/2025
04C0001075,SOUTH ARKANSAS SURGERY CENTER,2704 VINE ST,EL DORADO,AR,71730,,(870) 862-1636,98,2,0,99,90,7,3,94,91,8,1,96,89,9,2,95,,1419,397,28,10/01/2024,09/30/2025
04C0001077,FREEWAY SURGERY CENTER LLC DBA LEGACY SURGERY CENTER,5800 WEST TENTH ST SUITE 206,LITTLE ROCK,AR,72204,,(501) 661-0077,98,2,0,99,94,4,2,96,94,3,3,97,92,5,3,96,3,643,160,25,10/01/2024,09/30/2025
04C0001078,CHRIS TAYLOR COSMETICS PA DBA TAYLOR SURGICAL ARTS,1425 ROCK SPRINGS RD,HARRISON,AR,72601,,(870) 741-1616,98,1,1,99,94,5,1,97,94,5,1,97,87,9,4,93,3,566,233,41,10/01/2024,09/30/2025
04C0001080,ADVANCED AMBULATORY SURGERY CENTER LLC,1444 EAST STEARNS ST SUITE 15,FAYETTEVILLE,AR,72703,,(479) 966-4972,97,3,0,99,94,5,1,97,93,3,4,95,93,4,3,96,3,389,119,31,10/01/2024,09/30/2025
04C0001081,NATIONAL PARK ENDOSCOPY CENTER LLC DBA SOUTH CENTRAL ENDOSCOPY,124 SAWTOOTH OAK ST,HOT SPRINGS,AR,71901,,(501) 623-7800,98,2,0,99,90,8,2,94,86,12,2,95,84,14,2,94,,1145,220,19,10/01/2024,09/30/2025
04C0001084,TRIAD SURGERY CENTER LLC,2783 NORTH SHILOH DRIVE,FAYETTEVILLE,AR,72704,,(479) 442-8653,96,4,0,98,88,10,2,93,88,9,3,95,86,12,2,95,3,533,102,19,10/01/2024,09/30/2025
04C0001088,ARKANSAS RENAL GROUP PA,"115 WRIGHTS ST, STE. B",HOT SPRINGS,AR,71913,,(501) 624-6000,95,5,0,98,84,11,5,89,84,9,7,93,78,16,6,90,"3,6",405,65,16,10/01/2024,09/30/2025
04C0001091,CENTERVIEW SURGERY CENTER,1310 CENTERVIEW DR,LITTLE ROCK,AR,72211,,(501) 410-1127,97,2,1,98,92,6,2,95,87,11,2,95,86,12,2,95,3,1599,460,29,10/01/2024,09/30/2025
04C0001092,EXECUTIVE SURGERY CENTER OF LITTLE ROCK LLC,11220 EXECUTIVE CENTER DR SUITE 100,LITTLE ROCK,AR,72211,,(501) 312-2121,98,2,0,99,86,12,2,92,94,3,3,95,90,6,4,94,"3,6",280,50,18,10/01/2024,09/30/2025
04C0001094,ADVANCED INTERVENTIONAL PAIN SURGERY CENTER,1717 MALVERN AVE,HOT SPRINGS,AR,71913,,(501) 321-4292,99,1,0,99,87,12,1,93,83,15,2,94,81,17,2,93,"3,6",268,61,23,10/01/2024,09/30/2025
04C0001095,PRECISION SURGICAL CENTER OF NORTHWEST ARKANSAS LLC,3728 SOUTH PINNACLE HILLS PARKWAY SUITE 100,ROGERS,AR,72758,,(479) 254-8508,95,4,1,97,90,9,1,94,88,10,2,94,87,11,2,95,"3,6",522,94,18,10/01/2024,09/30/2025
04C0001096,WHITE HALL AMBULATORY SURGERY CENTER,7211 DOLLARWAY RD,WHITE HALL,AR,71602,,(434) 879-7621,97,2,1,98,94,5,1,97,94,2,4,94,96,2,2,97,"3,6",365,58,16,10/01/2024,09/30/2025
04C0001097,SEARCY AMBULATORY SURGERY CENTER,1115 SOUTH MAIN ST,SEARCY,AR,72143,,(501) 500-8569,96,2,2,97,92,6,2,95,90,6,4,95,92,6,2,96,"3,6",641,77,12,10/01/2024,09/30/2025
04C0001098,PREMIER GASTROENTEROLOGY ASSOCIATES DBA PREMIER SURGERY CENTER,10915 RODNEY PARHAM ROAD SUITE A,LITTLE ROCK,AR,72212,,(000) 000-0000,96,4,0,98,93,5,2,96,93,6,1,96,94,5,1,97,3,554,183,33,10/01/2024,09/30/2025
04C0001101,SURGCENTER OF FAYETTEVILLE LLC,1905 EAST MISSION BOULEVARD SUITE 5,FAYETTEVILLE,AR,72703,,(479) 332-4282,95,3,2,97,92,6,2,95,88,10,2,95,87,10,3,94,"3,6",550,99,18,10/01/2024,09/30/2025
04C0001102,JONESBORO AMBULATORY SURGERY CENTER,1710 MAYFIELD DRIVE,JONESBORO,AR,72401,,(501) 554-1273,96,3,1,98,91,6,3,94,95,3,2,97,93,5,2,97,"3,6",651,96,15,10/01/2024,09/30/2025
04C0001103,CONWAY CARDIOVASCULAR SURGERY CENTER LLC,650 UNITED DRIVE SUITE 120,CONWAY,AR,72032,,(501) 205-7826,98,2,0,99,93,6,1,96,92,8,0,97,86,13,1,94,3,382,110,29,10/01/2024,09/30/2025
04C0001104,"HOT SPRINGS AMBULATORY SURGERY CENTER, LLC",148 SAWTOOTH OAK STREET,HOT SPRINGS,AR,71901,,(501) 392-9065,96,3,1,98,93,4,3,96,91,8,1,96,85,13,2,94,"3,6",464,64,14,10/01/2024,09/30/2025
04C0001105,ORTHOARKANSAS SPINE INSTITUTE PROCEDURE CENTER LLC,800 FAIR PARK BOULEVARD SUITE 300,LITTLE ROCK,AR,72204,,(000) 000-0000,97,3,0,99,94,4,2,96,91,7,2,96,92,5,3,96,,691,208,30,10/01/2024,09/30/2025
04C0001106,BENTONVILLE AMBULATORY SURGERY CENTER LLC,2902 SOUTHEAST MIDCITIES DRIVE,BENTONVILLE,AR,72712,,(844) 215-0731,99,1,0,100,94,3,3,95,80,20,0,95,91,9,0,97,"3,10",201,28,14,10/01/2024,09/30/2025
04C0001107,CONWAY AMBULATORY SURGERY CENTER LLC,2425 DAVE WARD DRIVE SUITE 301,CONWAY,AR,72034,,(501) 392-9065,100,0,0,100,98,1,1,99,98,0,2,99,91,9,0,97,"3,10",452,34,8,10/01/2024,09/30/2025
04C0001113,CENTRAL ARKANSAS RADIATION THERAPY INSTITUTE INC DBA CARTI SURGERY CENTER,8820 CARTI WAY,LITTLE ROCK,AR,72205,,(501) 906-3000,99,1,0,100,96,4,0,98,90,9,1,97,96,4,0,99,3,576,126,22,10/01/2024,09/30/2025
04C0001114,BATTLE STREET SURGERY CENTER LLC,10700 NORTH RODNEY PARHAM ROAD SUITE C1-B,LITTLE ROCK,AR,72212,,(501) 830-2020,98,2,0,99,91,7,2,94,91,8,1,97,90,8,2,95,3,678,221,33,10/01/2024,09/30/2025
04C0001117,CENTRAL ARKANSAS VASCULAR AND DIALYSIS ACCESS CENTER LLC,11771 MAUMELLE BOULEVARD,NORTH LITTLE ROCK,AR,72113,,(501) 204-0302,96,3,1,98,95,3,2,97,89,10,1,97,89,9,2,95,"3,6",503,92,18,10/01/2024,09/30/2025
04C0001118,PINNACLE SURGERY CENTER LLC,3721 CHAMPIONS DRIVE SUITE 100,ROGERS,AR,72758,,(501) 519-5401,98,2,0,99,92,7,1,95,95,4,1,97,94,5,1,97,,864,225,26,10/01/2024,09/30/2025
04C0001124,RWL MEDICAL SERVICES LLC DBA ROLLER SURGERY CENTER,1695 EAST RAINFOREST ROAD SUITE 4,FAYETTEVILLE,AR,72703,,(479) 249-6312,99,1,0,100,95,4,1,97,90,5,5,96,90,9,1,96,3,617,104,17,10/01/2024,09/30/2025
05C0001001,FORT SUTTER SURGERY CENTER,"2801 K ST, STE. 525",SACRAMENTO,CA,95816,,(916) 733-9561,97,3,0,98,93,6,1,96,89,9,2,95,87,12,1,95,3,7019,1596,23,10/01/2024,09/30/2025
05C0001002,SANTA CRUZ SURGERY CENTER,3003 PAUL SWEET RD,SANTA CRUZ,CA,95065,,(831) 462-5512,97,2,1,98,93,5,2,95,88,10,2,94,88,10,2,95,3,874,208,24,10/01/2024,09/30/2025
05C0001004,OPTIMA OPHTHALMIC MEDICAL ASSOCIATES INC,1237 B ST.,HAYWARD,CA,94541,,(510) 886-5497,98,1,1,99,85,13,2,92,80,12,8,90,86,11,3,95,"3,6",795,60,8,10/01/2024,09/30/2025
05C0001005,ARCADIA OUTPATIENT SURGERY CENTER LP,614 WEST DUARTE RD.,ARCADIA,CA,91007,,(626) 445-4714,95,4,1,97,90,8,2,94,81,15,4,93,79,18,3,92,3,1028,265,26,10/01/2024,09/30/2025
05C0001006,SAN GABRIEL VALLEY SURGICAL CENTER LP,1250 SOUTH SUNSET AVE SUITE 100,WEST COVINA,CA,91790,,(626) 960-6623,95,4,1,97,86,10,4,91,81,15,4,92,78,19,3,91,3,680,193,28,10/01/2024,09/30/2025
05C0001007,BIG VALLEY EYE INC DBA VALLEY MEDICAL PLAZA AMBULATORY SURGICAL CENTER,1680 EAST HERNDON AVENUE SUITE 101,FRESNO,CA,93720,,(559) 432-4200,,,,,,,,,,,,,,,,,1,,,,,
05C0001009,PACIFIC HILLS SURGERY CENTER LLC,"24022 CALLEDELA PLATA, #180",LAGUNA HILLS,CA,92653,,(949) 458-3551,95,4,1,97,88,9,3,93,82,15,3,93,79,18,3,91,3,1548,487,31,10/01/2024,09/30/2025
05C0001011,SAN DIEGO EYE COR INC,3939 3RD AVE,SAN DIEGO,CA,92103,,(800) 765-2737,,,,,,,,,,,,,,,,,1,,,,,
05C0001012,SDOSC LP DBA SAN DIEGO OUTPATIENT AMBULATORY SURGICAL CENTER,3939 RUFFIN ROAD SUITE 101,SAN DIEGO,CA,92123,,(619) 299-9530,97,2,1,98,93,6,1,96,85,12,3,94,87,9,4,95,3,626,116,19,10/01/2024,09/30/2025
05C0001016,SANTA ROSA SURGERY CENTER LP,"34 MARK WEST SPRINGS RD, SUITE 100",SANTA ROSA,CA,95403,,(707) 541-3503,98,2,0,99,93,6,1,96,91,8,1,96,91,8,1,97,3,6959,1613,23,10/01/2024,09/30/2025
05C0001017,VISION CARE CENTER A MEDICAL GROUP INC,7075 NORTH SHARON AVE,FRESNO,CA,93720,,(559) 256-8535,96,4,0,98,89,10,1,94,94,4,2,96,85,12,3,93,3,917,152,17,10/01/2024,09/30/2025
05C0001022,UPLAND OUTPATIENT SURGERY CENTER LP,"133 N. SAN BERNARDINO RD, SUITE F",UPLAND,CA,91786,,(909) 981-8755,95,4,1,97,88,10,2,93,83,14,3,93,77,19,4,90,3,860,195,23,10/01/2024,09/30/2025
05C0001028,MONTEREY PENINSULA SURGERY CENTER LLC,"966 CASS ST, SUITE 150",MONTEREY,CA,93940,,(831) 372-2169,97,3,0,98,93,6,1,96,87,11,2,95,86,10,4,93,,1001,316,32,10/01/2024,09/30/2025
05C0001029,UCSD CENTER FOR SURGERY OF ENCINITAS LP,477 NORTH EL CAMINO REAL SUITE C100,ENCINITAS,CA,92024,,(760) 942-8800,98,2,0,99,94,5,1,97,92,7,1,96,92,5,3,96,3,817,253,31,10/01/2024,09/30/2025
05C0001031,90210 SURGERY MEDICAL CENTER LLC,450 NORTH ROXBURY,BEVERLY HILLS,CA,90210,,(310) 651-2050,95,4,1,97,93,5,2,96,85,11,4,94,84,10,6,92,3,1719,503,29,10/01/2024,09/30/2025
05C0001033,GREATER SACRAMENTO SURGERY CENTER,2288 AUBURN BLVD STE. 201,SACRAMENTO,CA,95821,,(916) 929-7229,97,3,0,99,93,6,1,96,87,10,3,94,86,10,4,94,,1255,220,18,10/01/2024,09/30/2025
05C0001046,ENDOSCOPY CENTER OF CHULA VISTA,"681 3RD AVE., SUITE B",CHULA VISTA,CA,91910,,(619) 425-2150,91,6,3,94,86,11,3,91,69,20,11,86,72,23,5,88,"3,10",147,38,26,10/01/2024,09/30/2025
05C0001048,LOS GATOS SURGICAL CENTER A CALIFORNIA LIMITED PARTNERSHIP,15195 NATIONAL AVE. STE. 100,LOS GATOS,CA,95032,,(408) 356-0454,95,4,1,97,92,7,1,95,86,13,1,95,82,15,3,93,3,1746,493,28,10/01/2024,09/30/2025
05C0001066,FOREST AMBULATORY SURGICAL ASSOCIATES LLC DBA FOREST AMBULATORY SURGERY CENTER,2110 FOREST AVE 2ND FLOOR,SAN JOSE,CA,95128,,(408) 816-8455,96,4,0,98,90,9,1,94,81,16,3,93,78,18,4,90,3,3007,605,20,10/01/2024,09/30/2025
05C0001073,INLAND SURGERY CENTER LP,1620 LAUREL AVE.,REDLANDS,CA,92373,,(909) 793-4701,97,2,1,98,91,7,2,95,88,11,1,96,88,9,3,94,3,696,178,26,10/01/2024,09/30/2025
05C0001076,INLAND EYE SPECIALISTS A MEDICAL CORP,3953 W. STETSON AVE.,HEMET,CA,92545,,(951) 652-4343,95,4,1,97,88,8,4,92,84,11,5,93,83,11,6,92,,1006,221,22,10/01/2024,09/30/2025
05C0001077,SAN JOAQUIN LASER AND SURGERY CENTER INC,1805 N. CALIFORNIA ST #101A,STOCKTON,CA,95204,,(209) 948-3142,95,4,1,97,89,8,3,93,89,8,3,95,83,15,2,94,3,945,137,15,10/01/2024,09/30/2025
05C0001080,RIVERSIDE MEDICAL CLINIC INC,3660 ARLINGTON AVE,RIVERSIDE,CA,92506,,(951) 782-5136,95,4,1,97,88,9,3,92,84,13,3,93,80,17,3,92,3,6882,1374,20,10/01/2024,09/30/2025
05C0001082,GLENWOOD SURGICAL CENTER LP,"8945 MAGNOLIA AVE, SUITE 200",RIVERSIDE,CA,92503,,(951) 643-4963,96,3,1,97,89,9,2,93,82,14,4,92,78,19,3,91,3,1064,189,18,10/01/2024,09/30/2025
05C0001087,SHASTA EYE SURGEONS INC,950 BUTTE ST,REDDING,CA,96001,,(530) 226-5966,98,2,0,99,92,7,1,96,91,8,1,97,89,10,1,96,,541,215,40,10/01/2024,09/30/2025
05C0001090,GROSSMONT SURGERY CENTER LP,881 FLETCHER PKWY SUITE 100,LA MESA,CA,91942,,(619) 698-0930,98,2,0,99,92,6,2,95,86,11,3,94,78,16,6,90,"3,6",344,56,16,10/01/2024,09/30/2025
05C0001092,SURGECENTER OF PALO ALTO,795 EL CAMINO REAL,PALO ALTO,CA,94301,,(650) 324-1832,99,1,0,99,94,5,1,96,91,8,1,95,90,10,0,96,3,4057,894,22,10/01/2024,09/30/2025
05C0001096,SAN BERNARDINO EYE SURGERY CENTER LP,1900 E. WASHINGTON ST.,COLTON,CA,92324,,(909) 254-2460,,,,,,,,,,,,,,,,,1,,,,,
05C0001129,MILLENIUM SURGERY CENTER INC,3850 SAN DIMAS ST,BAKERSFIELD,CA,93301,,(661) 663-3700,94,4,2,96,87,10,3,92,82,13,5,92,80,13,7,90,3,747,112,15,10/01/2024,09/30/2025
05C0001133,SUTTER VALLEY MEDICAL FOUNDATION DBA BRIGGSMORE SURGERY CENTER,1409 EAST BRIGGSMORE AVE,MODESTO,CA,95355,,(209) 521-6097,98,2,0,99,94,5,1,97,93,6,1,97,90,9,1,96,3,2396,453,19,10/01/2024,09/30/2025
05C0001134,DIGESTIVE DISEASE CENTER LP,"24411 HEALTH CENTER DR, STE. 450",LAGUNA HILLS,CA,92653,,(949) 586-9386,97,3,0,98,93,6,1,96,89,9,2,95,87,10,3,94,3,1010,313,31,10/01/2024,09/30/2025
05C0001138,PREMIERE SURGERY CENTER INC,700 W. EL NORTE PKWY.,ESCONDIDO,CA,92026,,(760) 738-7830,96,3,1,98,91,7,2,94,86,11,3,93,77,20,3,91,3,1567,246,16,10/01/2024,09/30/2025
05C0001139,PACIFIC SURGERY CENTER,2829 WEST BURBANK BLVD,BURBANK,CA,91505,,(818) 567-0348,97,2,1,98,93,5,2,96,87,11,2,95,87,10,3,94,3,733,234,32,10/01/2024,09/30/2025
05C0001140,ASPEN SURGERY CENTER,2750 NORTH SYCAMORE,SIMI VALLEY,CA,93065,,(805) 810-0033,98,1,1,99,88,10,2,93,87,8,5,94,83,13,4,93,3,847,162,19,10/01/2024,09/30/2025
05C0001148,NATIONAL AMBULATORY SURGERY CENTER LLC DBA AESTHETICA PLASTIC SURGICENTER,15251 NATIONAL AVENUE SUITE 207,LOS GATOS,CA,95032,,(408) 358-1555,99,1,0,99,90,7,3,94,86,12,2,94,84,14,2,94,"3,6",432,60,14,10/01/2024,09/30/2025
05C0001149,OCIGE DBA ORANGE COUNTY INSTITUTE OF GASTROENTEROLOGY AND ENDOSCOPY,26732 CROWN VALLEY PARKWAY SUITE 241,MISSION VIEJO,CA,92691,,(949) 364-2611,92,5,3,95,82,15,3,89,77,12,11,87,74,16,10,88,"3,6",620,53,9,10/01/2024,09/30/2025
05C0001164,PHYSICIANS SURGERY CENTER,12567 HESPERIA RD,VICTORVILLE,CA,92395,,(760) 241-7754,98,1,1,99,91,7,2,95,93,7,0,98,91,9,0,97,3,884,202,23,10/01/2024,09/30/2025
05C0001174,MISSION AMBULATORY SURGICENTER,26730 CROWN VALLEY PARKWAY SUITE 100,MISSION VIEJO,CA,92691,,(949) 364-2201,99,1,0,99,92,7,1,96,91,7,2,95,88,8,4,94,,1196,302,25,10/01/2024,09/30/2025
05C0001175,SAN LEANDRO SURGERY CENTER LTD A CALIFORNIA LIMITED PARTNERSHIP,15035 EAST 14TH ST,SAN LEANDRO,CA,94578,,(510) 276-2800,98,2,0,99,90,8,2,94,85,13,2,94,84,14,2,94,3,2938,537,18,10/01/2024,09/30/2025
05C0001178,LA VETA SURGICAL CENTER,"681 SOUTH PARKER ST, SUITE 150",ORANGE,CA,92868,,(714) 744-0900,95,4,1,97,91,7,2,94,88,9,3,95,83,14,3,93,3,1091,222,20,10/01/2024,09/30/2025
05C0001189,CAMPUS SURGERY CENTER LLC,901 CAMPUS DR SUITE 102,DALY CITY,CA,94015,,(650) 991-2000,97,3,0,99,94,5,1,96,87,11,2,95,87,11,2,95,,2009,563,28,10/01/2024,09/30/2025
05C0001193,ENDOSCOPY CENTER OF SOUTHERN CALIFORNIA LLC,2336 SANTA MONICA BOULEVARD SUITE 204,SANTA MONICA,CA,90404,,(310) 453-4477,96,4,0,98,88,10,2,93,80,17,3,93,81,15,4,91,3,843,147,17,10/01/2024,09/30/2025
05C0001194,DE LA VINA SURGICENTER,2323 DE LA VINA SUITE 102,SANTA BARBARA,CA,93105,,(805) 682-5065,97,3,0,98,89,6,5,92,86,7,7,94,83,10,7,92,3,775,189,24,10/01/2024,09/30/2025
05C0001198,HEALTHCARE PARTNER AMBULATORY SURGERY CENTER,"2600 REDONDO AVE, SUITE 103",LONG BEACH,CA,90806,,(562) 988-7162,96,4,0,98,88,8,4,92,80,16,4,92,76,19,5,90,,1410,354,25,10/01/2024,09/30/2025
05C0001200,SUTTER AUBURN SURGERY CENTER,"3123 PROFESSIONAL DR, STE, 100-A",AUBURN,CA,95603,,(530) 888-8899,98,2,0,99,93,6,1,96,89,10,1,95,90,9,1,97,3,1578,403,26,10/01/2024,09/30/2025
05C0001202,T SURGERY CENTER INC,3525 LOMA VISTA RD. STE. V,VENTURA,CA,93003,,(805) 641-6434,97,2,1,98,88,10,2,93,90,8,2,95,86,11,3,94,3,697,164,24,10/01/2024,09/30/2025
05C0001203,PACIFIC SURGERY CENTER,"3998 VISTA WAY, STE. C106",OCEANSIDE,CA,92056,,(760) 941-2600,99,1,0,100,95,4,1,98,93,6,1,97,91,7,2,96,3,263,116,44,10/01/2024,09/30/2025
05C0001204,CENTER FOR ENDOSCOPY LLC,3921 WARING RD SUITE B,OCEANSIDE,CA,92056,,(740) 940-6300,98,2,0,99,91,8,1,95,85,12,3,94,87,11,2,94,,1046,265,25,10/01/2024,09/30/2025
05C0001207,UCSD AMBULATORY SURGERY CENTER LLC,8929 UNIVERSITY CENTER LANE SUITE 103,SAN DIEGO,CA,92122,,(858) 554-0220,97,2,1,98,93,5,2,96,91,6,3,96,86,12,2,94,3,947,288,30,10/01/2024,09/30/2025
05C0001210,GOLDEN TRIANGLE SURGICENTER LP,"25405 HANCOCK AVE, SUITE 103",MURRIETA,CA,92562,,(951) 698-4670,98,2,0,99,91,7,2,94,91,8,1,96,87,10,3,94,3,984,228,23,10/01/2024,09/30/2025
05C0001211,ENDOSCOPY CENTER OF THE SOUTH BAY,23560 MADISON ST SUITE 109,TORRANCE,CA,90505,,(310) 325-6331,93,6,1,96,87,10,3,92,77,18,5,92,79,19,2,92,3,1014,270,27,10/01/2024,09/30/2025
05C0001214,MONTEREY BAY ENDOSCOPY CENTER LLC,"23 UPPER RAGSDALE DR, SUITE 100",MONTEREY,CA,93940,,(831) 375-3577,96,4,0,98,91,7,2,95,85,12,3,94,84,14,2,94,3,2242,459,20,10/01/2024,09/30/2025
05C0001215,LOS ROBLES SURGICENTER LLC,"2190 LYNN RD, SUITE 100",THOUSAND OAKS,CA,91360,,(805) 494-3737,98,2,0,99,94,5,1,97,93,6,1,97,92,6,2,96,3,1341,527,39,10/01/2024,09/30/2025
05C0001225,TEMECULA VALLEY DAY SURGERY CENTER,"25495 MEDICAL CENTER DR, SUITE 101",MURRIETA,CA,92562,,(951) 200-7783,97,3,0,98,88,9,3,92,89,9,2,95,85,13,2,94,3,529,147,28,10/01/2024,09/30/2025
05C0001229,CHANNEL ISLANDS SURGICENTER LP,2300 WANKEL WAY,OXNARD,CA,93030,,(805) 485-1908,98,2,0,99,90,8,2,94,92,7,1,96,89,10,1,96,3,2290,609,27,10/01/2024,09/30/2025
05C0001236,SUTTER ALHAMBRA SURGERY CENTER LP,1201 ALHAMBRA BLVD,SACRAMENTO,CA,95816,,(916) 733-8222,97,3,0,98,93,6,1,96,88,10,2,95,88,11,1,96,3,1813,445,25,10/01/2024,09/30/2025
05C0001243,NEWPORT BEACH SURGERY CENTER L P,361 HOSPITAL RD.,NEWPORT BEACH,CA,92663,,(949) 631-0988,98,1,1,98,96,4,0,98,94,5,1,98,92,7,1,97,3,928,188,20,10/01/2024,09/30/2025
05C0001247,SAN DIEGO ENDOSCOPY CENTER,4033 THIRD AVE #106,SAN DIEGO,CA,92103,,(619) 497-2888,97,3,0,99,90,7,3,94,89,9,2,96,88,9,3,95,3,945,254,27,10/01/2024,09/30/2025
05C0001262,SALINAS SURGERY CENTER,955 BLANCO CIR. STE. 1,SALINAS,CA,93901,,(831) 372-2169,97,3,0,99,90,8,2,94,90,7,3,95,87,12,1,95,,1716,325,19,10/01/2024,09/30/2025
05C0001263,LA JOLLA ENDOSCOPY CENTER,9850 GENESSE AVE SUITE 980,LA JOLLA,CA,92037,,(858) 453-7525,97,3,0,99,94,5,1,96,92,7,1,96,91,7,2,96,,2122,716,34,10/01/2024,09/30/2025
05C0001265,SANSUM CLINIC,317 W. PUEBLO ST.,SANTA BARBARA,CA,93105,,(805) 898-3133,97,3,0,98,89,10,1,94,86,13,1,93,77,23,0,92,"3,6",540,68,13,10/01/2024,09/30/2025
05C0001271,MADERA AMBULATORY ENDOSCOPY CENTER,"451 E. ALMOND AVE, #105",MADERA,CA,93637,,(559) 673-4000,92,7,1,96,87,10,3,92,89,7,4,94,96,4,0,99,"3,6",563,51,9,10/01/2024,09/30/2025
05C0001272,UNITED SURGERY CENTER ORANGE LLC,1140 WEST LA VETA AVE SUITE 550,ORANGE,CA,92868,,(951) 757-5538,93,6,1,96,86,11,3,92,80,17,3,93,75,22,3,90,3,1615,201,13,10/01/2024,09/30/2025
05C0001276,MARIN OPHTHALMIC SURGERY CENTER,901 E. ST,SAN RAFAEL,CA,94901,,(415) 454-2112,95,4,1,97,90,8,2,94,86,10,4,94,86,8,6,93,"3,6",326,53,17,10/01/2024,09/30/2025
05C0001281,POMERADO OUTPATIENT SURGICAL CENTER LP,17190 BERNARDO CENTER DR SUITE 100,SAN DIEGO,CA,92128,,(858) 485-1111,97,2,1,98,93,6,1,96,88,10,2,95,88,10,2,95,3,981,354,36,10/01/2024,09/30/2025
05C0001287,THE ENDOSCOPY CENTER,870 SHASTA ST,YUBA CITY,CA,95991,,(530) 671-3671,98,2,0,99,90,7,3,94,89,10,1,95,92,8,0,97,,637,151,24,10/01/2024,09/30/2025
05C0001289,INLAND ENDOSCOPY CENTER INC DBA MOUNTAIN VIEW SURGERY CENTER,10408 INDUSTRIAL CIR,REDLANDS,CA,92374,,(909) 796-7803,96,3,1,98,93,6,1,96,94,3,3,95,90,7,3,95,"3,6",580,56,10,10/01/2024,09/30/2025
05C0001298,KINGS EYE CENTER MEDICAL GROUP INC,1395 W. LACEY BLVD,HANFORD,CA,93230,,(559) 585-3937,98,2,0,99,97,3,0,98,95,4,1,99,94,6,0,98,"3,10",92,30,33,10/01/2024,09/30/2025
05C0001305,ALLAN S WIRTZER DBA MID VALLEY DERMATOLOGICAL SURGERY CENTER,4836 VAN NUYS BOULEVARD,SHERMAN OAKS,CA,91403,,(818) 907-7546,,,,,,,,,,,,,,,,,1,,,,,
05C0001309,NEWPORT BEACH ORANGE COAST ENDOSCOPY,"1525 SUPERIOR AVE., SUITE 114",NEWPORT BEACH,CA,92663,,(949) 646-6999,94,5,1,96,91,8,1,95,83,14,3,93,80,16,4,91,3,1384,381,28,10/01/2024,09/30/2025
05C0001313,SEQUOIA SURGERY CENTER LLC,842 SOUTH AKERS ST,VISALIA,CA,93277,,(559) 740-4094,98,2,0,99,94,5,1,96,93,6,1,97,89,7,4,94,,2064,589,29,10/01/2024,09/30/2025
05C0001315,SILVER SUMMIT MEDICAL CORPORATION DBA PREMIER SURGERY CENTER,1408 COMMERCIAL WAY,BAKERSFIELD,CA,93309,,(321) 274-8344,96,4,0,98,84,11,5,89,83,13,4,93,80,15,5,91,3,1823,192,11,10/01/2024,09/30/2025
05C0001318,ENDOSCOPY CENTER OF THE CENTRAL COAST,77 CASA ST SUITE 106,SAN LUIS OBISPO,CA,93405,,(805) 541-1021,97,2,1,98,93,6,1,96,89,8,3,95,89,8,3,95,,1992,624,31,10/01/2024,09/30/2025
05C0001321,EL MIRADOR SURGERY CENTER LLC DBA EL MIRADOR SURGERY CENTER,1180 NORTH INDIAN CANYON DR SUITE W110,PALM SPRINGS,CA,92262,,(760) 416-4600,96,3,1,98,90,8,2,94,89,8,3,95,90,9,1,96,,1317,302,23,10/01/2024,09/30/2025
05C0001326,VALLEY ENDOSCOPY CENTER,"1550 N. IMPERIAL, SUITE 3",EL CENTRO,CA,92243,,(760) 352-3000,97,2,1,98,88,9,3,93,85,10,5,93,85,12,3,94,3,1355,185,14,10/01/2024,09/30/2025
05C0001357,TRUXTUN SURGERY CENTER INC,4260 TRUXTUM AVE SUITE 120,BAKERSFIELD,CA,93309,,(661) 327-3772,91,8,1,95,84,11,5,89,83,13,4,92,81,17,2,93,3,1361,225,17,10/01/2024,09/30/2025
05C0001358,WEST HILLS SURGICAL CENTER LTD,7240 MEDICAL CENTER DR.,WEST HILLS,CA,91307,,(818) 226-9151,98,2,0,99,89,8,3,93,89,9,2,94,82,15,3,92,3,615,132,21,10/01/2024,09/30/2025
05C0001363,DOCTORS OUTPATIENT CENTER FOR SURGERY INC,8436 WEST 3RD SUITE SUITE 700,LOS ANGELES,CA,90048,,(310) 274-8228,98,2,0,99,92,6,2,95,93,6,1,97,91,6,3,96,"3,6",975,89,9,10/01/2024,09/30/2025
05C0001368,GASTROENTEROLOGY ASSOCIATES ENDOSCOPY CENTER DBA REDDING ENDOSCOPY CENTER,2179 COURT STREET,REDDING,CA,96001,,(530) 246-7000,97,2,1,98,89,9,2,94,88,10,2,95,88,9,3,94,,2462,760,31,10/01/2024,09/30/2025
05C0001370,MID PENINSULA ENDOSCOPY,"50 SOUTH SAN MATEI DR, STE. 400",BURLINGAME,CA,94010,,(650) 373-1970,97,3,0,98,92,7,1,95,90,8,2,96,90,9,1,96,3,5507,1232,22,10/01/2024,09/30/2025
05C0001377,CENTER FOR ORTHOPEDIC SURGERY LLC,6815 NOBLE AVE,VAN NUYS,CA,91405,,(818) 901-6600,95,4,1,97,90,8,2,94,80,16,4,92,79,16,5,91,3,2336,503,22,10/01/2024,09/30/2025
05C0001386,SAN MATEO SURGERY CENTER LLC,66 BOVET RD STE 101 & 103,SAN MATEO,CA,94402,,(650) 570-0529,97,3,0,99,90,9,1,95,82,17,1,93,74,23,3,90,"3,6",343,68,20,10/01/2024,09/30/2025
05C0001389,BOLSA OUTPATIENT SURGERY CENTER A MEDICAL CORPORATION,"10362 BOLSA AVE., # 100",WESTMINSTER,CA,92683,,(714) 775-5690,97,3,0,98,93,6,1,96,74,26,0,92,67,33,0,89,"3,6",613,56,9,10/01/2024,09/30/2025
05C0001399,KERLAN JOBE SURGERY CENTER LLC,6801 PARK TERRACE DR SUITE 300,LOS ANGELES,CA,90045,,(310) 665-7150,98,2,0,99,94,5,1,96,93,7,0,97,93,7,0,98,3,897,152,17,10/01/2024,09/30/2025
05C0001404,RIVERSIDE SURGERY CENTER,2801 PARK MARINA DR,REDDING,CA,96001,,(530) 244-2273,98,2,0,99,94,4,2,96,92,5,3,96,94,4,2,97,"3,6",332,98,30,10/01/2024,09/30/2025
05C0001408,CBCC PAIN MEDICINE AND SURGERY CENTER,6501 TRUXTUN AVE,BAKERSFIELD,CA,93309,,(661) 325-8498,98,2,0,99,84,12,4,90,88,8,4,95,87,10,3,94,3,461,146,32,10/01/2024,09/30/2025
05C0001414,COAST SURGERY CENTER,3444 KEARNY VILLA RD. #100,SAN DIEGO,CA,92123,,(852) 268-3566,97,2,1,98,95,4,1,97,88,10,2,95,89,8,3,95,"3,6",271,78,29,10/01/2024,09/30/2025
05C0001418,FREEDOM VISION SURGERY CENTER LLC,"16255 VENTURA BLVD, #100",ENCINO,CA,91436,,(818) 783-2346,95,5,0,98,89,9,2,94,85,13,2,95,84,13,3,93,"3,6",559,67,13,10/01/2024,09/30/2025
05C0001421,SPECIALTY SURGICAL CENTER LLC,"9001 WILSHIRE BLVD, SUITE 100",BEVERLY HILLS,CA,90211,,(310) 275-2339,95,4,1,97,88,9,3,93,86,10,4,93,81,13,6,91,3,2139,409,19,10/01/2024,09/30/2025
05C0001428,4TH STREET LASER AND SURGERY CENTER INC,1720 FOURTH ST.,SANTA ROSA,CA,95404,,(707) 546-8100,98,2,0,99,93,6,1,96,90,9,1,96,91,8,1,97,3,651,216,33,10/01/2024,09/30/2025
05C0001435,UROLOGY ASSOCIATES OF CENTRAL CALIFORNIA,7014 NORTH WHITNEY,FRESNO,CA,93720,,(559) 321-2899,95,5,0,97,91,8,1,95,88,10,2,95,80,18,2,93,3,616,187,30,10/01/2024,09/30/2025
05C0001438,ENDOSCOPY CENTER OF MARIN,1100 SOUTH ELISEO DR SUITE 3,GREENBRAE,CA,94904,,(415) 526-6848,96,3,1,98,90,8,2,94,90,8,2,95,88,9,3,94,,2619,733,28,10/01/2024,09/30/2025
05C0001445,ORTHOPEDIC SURGERY CENTER OF OC LLC,"22 CORPORATE PLAZA, SUITE 150",NEWPORT BEACH,CA,92660,,(949) 515-0708,98,2,0,99,93,6,1,96,93,7,0,97,92,6,2,97,,688,201,29,10/01/2024,09/30/2025
05C0001447,COAST SURGERY CENTER LP,3445 PACIFIC COAST HWY SUITE 110,TORRANCE,CA,90505,,(310) 325-4555,97,3,0,99,91,6,3,94,88,10,2,95,86,11,3,94,,955,215,23,10/01/2024,09/30/2025
05C0001448,GALILEO SURGERY CENTER LP,1001 FOOTHILL BLVD,SAN LUIS OBISPO,CA,93405,,(805) 782-8132,99,1,0,100,93,6,1,97,81,18,1,94,81,14,5,92,"3,10",240,41,17,10/01/2024,09/30/2025
05C0001463,EAST BAY ENDOSCOPY CENTER LP,5858 HORTON ST SUITE 100,EMERYVILLE,CA,94608,,(510) 654-4554,97,3,0,98,90,8,2,94,84,15,1,94,84,13,3,93,3,2839,585,21,10/01/2024,09/30/2025
05C0001465,SILICON VALLEY SURGERY CENTER LP,"14601 S. BASCOM AVE, STE. 100",LOS GATOS,CA,95032,,(408) 358-6802,97,3,0,99,92,7,1,95,90,8,2,96,88,10,2,95,3,1426,441,31,10/01/2024,09/30/2025
05C0001471,APOGEE OUTPATIENT SURGERY CENTER,1238 WEST ST,REDDING,CA,96001,,(530) 638-8840,98,2,0,99,91,7,2,95,88,11,1,95,89,9,2,96,3,959,212,22,10/01/2024,09/30/2025
05C0001473,SIERRA AMBULATORY SURGERY CENTER A MEDICAL CORPORATION,2828 W. MAIN ST,VISALIA,CA,93291,,(559) 734-7272,99,1,0,99,92,7,1,95,94,5,1,97,91,9,0,97,"3,6",251,73,29,10/01/2024,09/30/2025
05C0001475,NEWPORT COAST SURGERY CENTER LP,"1441 AVOCADO AVE, STE. 103",NEWPORT BEACH,CA,92660,,(949) 718-3600,96,3,1,97,94,3,3,96,80,16,4,93,86,8,6,93,3,498,151,30,10/01/2024,09/30/2025
05C0001478,EMPIRE SURGERY CENTER,4101 EMPIRE DR SUITE 130,BAKERSFIELD,CA,93301,,(661) 843-7601,98,2,0,99,92,6,2,95,93,6,1,97,92,7,1,97,3,933,219,24,10/01/2024,09/30/2025
05C0001481,PAIN DIAGNOSTIC & TREATMENT CENTER,2805 J ST SUITE 200,SACRAMENTO,CA,95816,,(916) 231-8755,97,3,0,99,92,7,1,96,87,10,3,94,79,15,6,90,,724,194,27,10/01/2024,09/30/2025
05C0001487,HANFORD SURGERY CENTER,1360 BAILEY DR,HANFORD,CA,93230,,(559) 583-8889,92,7,1,96,84,12,4,90,77,18,5,92,89,6,5,93,"3,10",559,36,6,10/01/2024,09/30/2025
05C0001489,SAN ANTONIO AMBULATORY SURGICAL CENTER INC,901 SAN BERNARDINO RD. STE. 201,UPLAND,CA,91786,,(909) 579-1500,96,4,0,98,85,12,3,91,89,9,2,96,89,10,1,96,3,866,144,17,10/01/2024,09/30/2025
05C0001491,CENTURY CITY ENDOSCOPY LLC,2080 CENTURY PARK EAST SUITE 1200,LOS ANGELES,CA,90067,,(424) 512-9093,95,5,0,97,84,12,4,90,71,27,2,91,73,23,4,89,3,817,107,13,10/01/2024,09/30/2025
05C0001493,NORTH STATE SURGERY CENTERS LP DBA CT ST SURGERY CENTER,2184 CT ST,REDDING,CA,96001,,(530) 225-7417,98,2,0,99,90,8,2,94,90,8,2,96,89,10,1,96,,1085,292,27,10/01/2024,09/30/2025
05C0001501,ALAMEDA SURGERY CENTER LP,"2601 WEST ALAMEDA AVE, STE. 312",BURBANK,CA,91505,,(818) 842-9728,98,1,1,99,88,9,3,92,90,9,1,95,85,12,3,93,3,1101,172,16,10/01/2024,09/30/2025
05C0001503,PARKWAY ENDOSCOPY CENTER,488 E. VALLEY PARKWAY STE 110,ESCONDIDO,CA,92025,,(760) 735-6290,96,4,0,98,90,8,2,94,86,12,2,94,84,13,3,93,,5499,1069,19,10/01/2024,09/30/2025
05C0001505,MAGNOLIA SURGERY CENTER,14571 MAGNOLIA ST # 107,WESTMINSTER,CA,92683,,(714) 903-1390,87,8,5,91,82,12,6,88,67,25,8,87,67,19,14,82,"3,6",1570,71,5,10/01/2024,09/30/2025
05C0001506,SUMMIT VENTURES OF SANTA BARBARA LP,231 WEST PUEBLO,SANTA BARBARA,CA,93105,,(805) 679-6714,94,5,1,96,90,8,2,94,80,16,4,93,82,15,3,92,3,501,130,26,10/01/2024,09/30/2025
05C0001508,STOCKTON OUTPATIENT SURGERY CENTER LLC DBA AMBULATORY SURGERY CENTER OF STOCKTON,2388 NORTH CALIFORNIA ST,STOCKTON,CA,95204,,(209) 944-9100,95,4,1,97,90,8,2,94,87,10,3,95,89,8,3,95,,694,209,30,10/01/2024,09/30/2025
05C0001511,MONTEREY PENINSULA SURGERY CENTER MUNRAS AVE,665 MUNRAS AVE. STE. 100,MONTEREY,CA,93940,,(831) 372-2169,97,2,1,98,90,6,4,93,86,11,3,94,88,11,1,96,,958,281,29,10/01/2024,09/30/2025
05C0001512,SURGERY CENTER OF LONG BEACH,"2880 ATLANTIC AVE, STE. 160",LONG BEACH,CA,90806,,(562) 988-9566,98,2,0,99,92,7,1,95,93,6,1,96,88,8,4,94,,1053,436,41,10/01/2024,09/30/2025
05C0001514,AIRPORT ENDOSCOPY CENTER,8110 AIRPORT BLVD FIRST FLOOR,LOS ANGELES,CA,90045,,(310) 846-4150,88,9,3,93,81,13,6,88,70,16,14,85,64,22,14,81,,2839,348,12,10/01/2024,09/30/2025
05C0001515,SEQUOIA SURGICAL PAVILION,"2405 SHADELANDS DR, SUITE 200",WALNUT CREEK,CA,94598,,(925) 280-3814,98,2,0,99,92,6,2,95,90,7,3,95,89,9,2,95,3,713,209,29,10/01/2024,09/30/2025
05C0001516,PREMIER OUTPATIENT SURGERY CENTER,900 EAST WASHINGTON ST SUITE 155,COLTON,CA,92324,,(909) 370-2190,97,2,1,98,94,5,1,97,95,4,1,97,92,5,3,96,,2128,482,23,10/01/2024,09/30/2025
05C0001518,NORTH POINT SURGERY CENTER,"1332 W. HERNDON AVE, #102",FRESNO,CA,93711,,(559) 440-9640,95,4,1,97,83,8,9,87,72,23,5,91,86,12,2,95,"3,10",132,26,21,10/01/2024,09/30/2025
05C0001519,UCSD AMBULATORY SURGERY CENTER LLC DBA OUTPATIENT SURGERY CENTER OF LA JOLLA,4120 LA JOLLA VILLAGE DRIVE,LA JOLLA,CA,92037,,(858) 657-0055,96,3,1,98,91,6,3,94,90,8,2,95,89,8,3,94,3,722,212,29,10/01/2024,09/30/2025
05C0001521,CYPRESS AMBULATORY SURGERY CENTER,1300 E CYPRESS ST SUITE E1,SANTA MARIA,CA,93454,,(805) 786-4878,97,3,0,98,92,7,1,96,85,15,0,94,80,20,0,94,"3,10",281,45,16,10/01/2024,09/30/2025
05C0001524,MARIN HEALTH VENTURES LLC DBA MARIN SPECIALTY SURGERY CENTER,505 SIR FRANCIS DRAKE BLVD,GREENBRAE,CA,94904,,(415) 461-4400,98,2,0,99,93,5,2,96,88,11,1,96,92,8,0,97,"3,6",323,85,26,10/01/2024,09/30/2025
05C0001525,PASADENA SURGERY CENTER INC A MEDICAL CORPORATION,1035 S. PAIR OAKS #101,PASADENA,CA,91105,,(626) 696-1455,96,4,0,98,92,6,2,95,87,11,2,94,79,16,5,90,3,540,138,26,10/01/2024,09/30/2025
05C0001529,SANTA BARBARA SURGERY CENTER,3045 DE LA VINA ST,SANTA BARBARA,CA,93105,,(805) 569-3226,98,2,0,99,94,5,1,97,96,3,1,97,95,4,1,98,,666,236,35,10/01/2024,09/30/2025
05C0001530,MONTPELIER SURGERY CENTER,2340 MONTPELIER SURGERY CENTER,SAN JOSE,CA,95116,,(408) 347-1875,98,2,0,99,90,10,0,95,80,18,2,95,98,2,0,100,"3,10",1119,28,3,10/01/2024,09/30/2025
05C0001531,SPECIALTY SURGICAL CENTER OF ENCINO,16501 VENTURA BLVD SUITE 103,ENCINO,CA,91436,,(818) 501-1080,94,4,2,96,90,8,2,94,89,8,3,93,86,9,5,92,3,1809,311,17,10/01/2024,09/30/2025
05C0001532,TORRANCE SURGERY CENTER LP,23560 CRENSHAW BLVD SUITE 104,TORRANCE,CA,90505,,(310) 517-4880,98,2,0,99,92,7,1,95,90,8,2,95,87,10,3,94,,2672,973,36,10/01/2024,09/30/2025
05C0001534,FOLSOM OUTPATIENT SURGERY CENTER LP DBA FOLSOM SURGERY CENTER,1651 CREEKSIDE DR SUITE 100,FOLSOM,CA,95630,,(916) 673-1990,97,3,0,98,93,6,1,96,90,9,1,96,90,9,1,96,,713,206,29,10/01/2024,09/30/2025
05C0001536,FRESNO CA ENDOSCOPY ASC LP,"7055 NORTH FRESNO ST, SUITE 100",FRESNO,CA,93720,,(559) 448-8360,97,3,0,99,91,7,2,94,91,8,1,96,89,8,3,95,,4829,1357,28,10/01/2024,09/30/2025
05C0001537,PASADENA ENDOSCOPY CENTER INC,55 VALLEY ST,PASADENA,CA,91105,,(626) 793-9900,94,4,2,96,86,11,3,92,81,16,3,93,85,12,3,94,3,720,111,16,10/01/2024,09/30/2025
05C0001541,LOS GATOS SURGICAL CENTER A CALIFORNIA LP DBA ENDOSCOPY CENTER OF SILICON VALLEY,2410 SAMARITAN DRIVE SUITE 100,SAN JOSE,CA,95124,,(408) 369-9798,98,2,0,99,93,6,1,96,92,6,2,95,87,9,4,94,3,1401,409,29,10/01/2024,09/30/2025
05C0001542,CALIFORNIA SPECIALTY SURGERY CENTER LP,26371 CROWN VALLEY PARKWAY,MISSION VIEJO,CA,92691,,(949) 348-0544,97,3,0,98,94,6,0,97,84,15,1,95,88,11,1,96,,1035,350,34,10/01/2024,09/30/2025
05C0001543,VANTAGE SURGERY CENTER LP,622 ABBOTT ST. STE. A,SALINAS,CA,93901,,(831) 771-3999,95,4,1,97,91,7,2,95,87,11,2,94,89,10,1,96,"3,6",583,86,15,10/01/2024,09/30/2025
05C0001544,SAXON SURGICAL CENTER,430 E AVENIDA DE LOS ARBOLES STE 101,THOUSAND OAKS,CA,91360,,(805) 492-6367,98,2,0,99,93,6,1,96,90,9,1,96,90,7,3,95,3,701,189,27,10/01/2024,09/30/2025
05C0001547,WAVERLEY SURGERY CENTER LLC,400 FOREST AVE.,PALO ALTO,CA,94301,,(650) 324-0600,97,3,0,99,94,5,1,97,88,9,3,95,87,10,3,94,,1775,465,26,10/01/2024,09/30/2025
05C0001548,FOLSOM SIERRA ENDOSCOPY CENTER LP,1671 CREEKSIDE DR STE 100,FOLSOM,CA,95630,,(916) 983-7475,98,2,0,99,95,4,1,97,94,5,1,97,91,7,2,96,,6107,1624,27,10/01/2024,09/30/2025
05C0001549,HOSPITAL DRIVE SURGERY CENTER LLC,"2500 HOSPITAL DR, #9",MOUNTAIN VIEW,CA,94040,,(650) 567-9800,98,1,1,99,92,7,1,95,92,8,0,95,88,12,0,96,"3,10",211,32,15,10/01/2024,09/30/2025
05C0001551,IPM SURGERY CENTERS INC,35 CREEK RD,IRVINE,CA,92604,,(949) 297-3838,,,,,,,,,,,,,,,,,1,,,,,
05C0001552,SUMMIT SURGICAL,1630 EAST HERNDON AVE #100,FRESNO,CA,93720,,(559) 256-1601,98,2,0,99,91,7,2,95,95,5,0,97,90,9,1,96,,1051,342,33,10/01/2024,09/30/2025
05C0001554,SIERRA ENDOSCOPY CENTER,300 SIERRA COLLEGE DR SUITE 105,GRASS VALLEY,CA,95945,,(530) 273-3377,99,1,0,99,93,6,1,96,93,6,1,97,92,8,0,97,,970,289,30,10/01/2024,09/30/2025
05C0001558,PACIFIC ENDO-SURGICAL CENTER LP,3445 PACIFIC COAST HWY SUITE 120,TORRANCE,CA,90505,,(310) 326-1666,95,4,1,97,90,9,1,95,84,14,2,93,82,16,2,93,,951,231,24,10/01/2024,09/30/2025
05C0001559,ENDOSCOPY CENTER AT SKYPARK,"23441 MADISON ST, #230",TORRANCE,CA,90505,,(310) 802-7789,,,,,,,,,,,,,,,,,1,,,,,
05C0001560,EL DORADO SURGERY CENTER LLC,4300 GOLDEN CENTER DRIVE SUITE E,PLACERVILLE,CA,95667,,(530) 344-1680,98,2,0,99,94,5,1,97,90,10,0,97,88,11,1,96,,640,227,35,10/01/2024,09/30/2025
05C0001561,POST STREET SURGERY LLC,2299 POST ST. STE. 108,SAN FRANCISCO,CA,94115,,(415) 346-2362,95,4,1,97,95,4,1,97,83,12,5,92,81,16,3,92,"3,6",220,57,26,10/01/2024,09/30/2025
05C0001564,SURGICARE OF LAVETA DBA BARRANCA SURGERY CENTER,3500 BARRANCA PARKWAY SUITE 130,IRVINE,CA,92606,,(949) 552-6266,95,5,0,97,89,9,2,94,85,13,2,94,79,17,4,91,3,1146,245,21,10/01/2024,09/30/2025
05C0001565,MISSION VALLEY HEIGHTS SURGERY CENTER,7485 MISSION VALLEY RD SUITE 106,SAN DIEGO,CA,92108,,(619) 291-3737,98,2,0,99,96,4,0,98,94,5,1,97,89,9,2,96,,1879,543,29,10/01/2024,09/30/2025
05C0001571,UNIVERSITY SURGERY CENTER,1390 E. YOSEMITE AVE. STE. B,MERCED,CA,95340,,(209) 580-3409,97,2,1,98,87,11,2,93,84,13,3,93,82,13,5,91,,1180,225,19,10/01/2024,09/30/2025
05C0001572,ROSEVILLE SURGERY CENTER,1420 ROSEVILLE PARKWAY SUITE 100,ROSEVILLE,CA,95661,,(916) 677-2488,95,4,1,97,93,6,1,96,82,13,5,93,78,18,4,91,,811,228,28,10/01/2024,09/30/2025
05C0001573,OAKS SURGERY CENTER LP,40740 CALIFORNIA OAKS RD.,MURRIETA,CA,92562,,(951) 304-2200,94,5,1,96,89,9,2,94,86,14,0,95,85,15,0,95,"3,6",605,60,10,10/01/2024,09/30/2025
05C0001576,LEE AND BAE GI MEDICAL CORPORATION DBA WILSHIRE ENDOSCOPY CENTER,3200 WILSHIRE BOULEVARD SUITE 101,LOS ANGELES,CA,90010,,(213) 739-9988,93,6,1,96,83,13,4,90,70,24,6,89,67,30,3,88,,1344,188,14,10/01/2024,09/30/2025
05C0001577,SURGICAL SPECIALTIES OF ARROYO GRANDE INC DBA OAK PARK SURGERY CENTER,860 OAK PARK BLVD 102,ARROYO GRANDE,CA,93420,,(805) 474-6383,97,2,1,98,91,6,3,94,90,8,2,95,92,5,3,96,3,256,130,51,10/01/2024,09/30/2025
05C0001578,SAN RAMON ENDOSCOPY CENTER INC,5801 NORRIS CANYON RD SUITE 220,SAN RAMON,CA,94583,,(925) 275-9910,97,3,0,98,87,10,3,92,82,13,5,92,81,15,4,92,3,1153,247,21,10/01/2024,09/30/2025
05C0001579,MAIN STREET SPECIALTY SURGERY CENTER LLC,280 S. MAIN ST #100,ORANGE,CA,92868,,(714) 704-1900,98,2,0,99,96,3,1,97,94,5,1,97,91,7,2,96,,621,185,30,10/01/2024,09/30/2025
05C0001580,WATSONVILLE SURGEONS GROUP,160 GREEN VALLEY RD,FREEDOM,CA,95019,,(831) 763-9700,95,5,0,98,82,15,3,90,85,13,2,94,91,9,0,98,3,766,131,17,10/01/2024,09/30/2025
05C0001583,POWAY SURGERY CENTER,15525 POMERADO RD SUITE E2,POWAY,CA,92064,,(858) 521-0003,99,1,0,99,95,4,1,97,96,3,1,97,92,7,1,97,,789,319,40,10/01/2024,09/30/2025
05C0001586,SPECIALISTS SURGERY CENTER OF DEL MAR LLC,"12264 EL CAMINO REAL, STE. 55",SAN DIEGO,CA,92130,,(858) 755-3937,95,4,1,97,90,8,2,94,82,14,4,93,80,17,3,92,3,860,291,34,10/01/2024,09/30/2025
05C0001594,MIRAGE ENDOSCOPY CENTER LP,39935 VISTA DEL SOL SUITE 101,RANCHO MIRAGE,CA,92270,,(760) 674-5777,93,6,1,96,92,7,1,95,84,14,2,94,87,11,2,95,3,768,257,33,10/01/2024,09/30/2025
05C0001595,SANTA MARIA DIGESTIVE DIAGNOSTIC CENTER,1315 SOUTH MILLER STREET SUITE 101,SANTA MARIA,CA,93454,,(805) 349-2945,93,6,1,96,85,13,2,92,80,16,4,92,90,9,1,96,,786,124,16,10/01/2024,09/30/2025
05C0001596,TRESANTI SURGICAL CENTER LLC,"5201 NORRIS CANYON RD., # 100",SAN RAMON,CA,94583,,(925) 973-0605,99,1,0,100,91,8,1,95,91,8,1,96,88,11,1,95,,834,199,24,10/01/2024,09/30/2025
05C0001598,PACIFIC GASTROENTEROLOGY ENDOSCOPY CENTER,"26421 CROWN VALLEY PARKWAY, STE. 1403",MISSION VIEJO,CA,92691,,(949) 365-8836,97,3,0,99,96,4,0,98,93,7,0,97,93,7,0,98,"3,10",203,48,24,10/01/2024,09/30/2025
05C0001601,REGIONAL HAND CENTER OF CENTRAL CALIFORNIA INC,2139 EAST BEECHWOOD AVE,FRESNO,CA,93720,,(559) 322-4204,96,4,0,98,92,7,1,95,89,9,2,96,90,8,2,96,,1198,234,20,10/01/2024,09/30/2025
05C0001604,ENDOSCOPY CENTER OF SOUTH SACRAMENTO,8120 TIMBERLAKE WAY SUITE 103,SACRAMENTO,CA,95823,,(916) 681-2350,95,4,1,97,90,8,2,94,82,15,3,93,78,18,4,91,,1067,179,17,10/01/2024,09/30/2025
05C0001606,NOBLE SURGERY CENTER,5021 W. NOBLE AVE. STE. B,VISALIA,CA,93277,,(559) 625-2020,98,2,0,99,92,7,1,95,94,4,2,97,95,5,0,99,"3,6",571,53,10,10/01/2024,09/30/2025
05C0001608,SOUTH PLACER SURGERY CENTER LP,8 MEDICAL PLAZA DR SUITE 100,ROSEVILLE,CA,95661,,(916) 677-5070,97,2,1,98,93,6,1,96,90,8,2,95,90,9,1,96,3,3030,782,26,10/01/2024,09/30/2025
05C0001616,LAGUNA HILLS AMBULATORY SURGERY LP,24331 EL TORO RD SUITE 150,LAGUNA WOODS,CA,92637,,(949) 855-0562,98,2,0,99,92,7,1,96,92,6,2,96,85,12,3,93,3,836,237,28,10/01/2024,09/30/2025
05C0001617,ENDOSCOPY CENTER OF INLAND EMPIRE LLC,40404 CALIFORNIA OAKS RD SUITE A,MURRIETA,CA,92562,,(951) 304-0200,97,3,0,99,91,7,2,94,90,9,1,95,89,9,2,95,,1468,353,24,10/01/2024,09/30/2025
05C0001618,ADVANCED DIAGNOSTIC AND SURGICAL CENTER INC,"1668 S GARFIELD AVE, SUITE 100",ALHAMBRA,CA,91801,,(626) 308-9000,92,7,1,95,84,12,4,90,61,34,5,88,58,37,5,84,3,898,100,11,10/01/2024,09/30/2025
05C0001619,DIGESTIVE MEDICAL CARE CENTER INC,1000 A LAUREL ST,SAN CARLOS,CA,94070,,(650) 596-8800,99,1,0,99,94,4,2,96,93,6,1,97,94,4,2,97,3,509,154,30,10/01/2024,09/30/2025
05C0001620,PLAZA SURGERY CENTER,525 PLAZA DR SUITE 100,SANTA MARIA,CA,93454,,(805) 739-3804,97,2,1,98,89,8,3,93,88,9,3,94,85,14,1,94,3,674,110,16,10/01/2024,09/30/2025
05C0001623,INLAND EYE SPECIALISTS A MEDICAL CORP,"25395 HANCOCK AVE, STE. 100",MURRIETA,CA,92562,,(951) 696-5388,96,3,1,98,89,8,3,93,87,11,2,95,85,13,2,94,,975,272,28,10/01/2024,09/30/2025
05C0001627,SAN FRANCISCO ENDOSCOPY CENTER LLC,3468 CALIFORNIA ST,SAN FRANCISCO,CA,94118,,(415) 345-7500,96,4,0,98,91,7,2,95,83,15,2,94,83,15,2,93,3,5981,1174,20,10/01/2024,09/30/2025
05C0001630,MED LASER SURGICAL CENTER,2445 WEST WHITTIER BLVD.,MONTEBELLO,CA,90640,,(323) 728-5500,95,5,0,98,89,8,3,93,83,13,4,92,72,25,3,90,3,1460,139,10,10/01/2024,09/30/2025
05C0001631,NEWPORT BEACH CENTER FOR SURGERY LLC,400 NEWPORT CENTER DR. STE. 102,NEWPORT BEACH,CA,92660,,(949) 706-0678,94,4,2,96,87,11,2,92,89,7,4,94,82,14,4,92,3,1240,151,12,10/01/2024,09/30/2025
05C0001632,PACIFIC ENDOSCOPY LLC DBA ATHERTON ENDOSCOPY CENTER,3351 EL CAMINO REAL SUITE 220,ATHERTON,CA,94027,,(650) 363-2800,98,1,1,98,93,6,1,96,91,8,1,96,86,12,2,94,3,1151,249,22,10/01/2024,09/30/2025
05C0001633,POSADA AMBULATORY SURGERY CENTER LP,"322 POSADA LANE, SUITE B",TEMPLETON,CA,93465,,(805) 591-3383,96,4,0,98,91,7,2,94,86,12,2,94,85,11,4,93,3,765,232,30,10/01/2024,09/30/2025
05C0001634,VALLEY DIGESTIVE HEALTH CENTER,"488 E. SANTA CLARA ST., SUITE 102",ARCADIA,CA,91006,,(626) 359-9555,96,3,1,97,89,8,3,93,90,7,3,95,87,8,5,93,,2207,475,22,10/01/2024,09/30/2025
05C0001635,CAPITOL CITY SURGERY CENTER,1800 TRIBUTE RD. #100,SACRAMENTO,CA,95815,,(916) 925-2700,97,3,0,98,93,6,1,96,88,10,2,95,88,10,2,95,3,2110,777,37,10/01/2024,09/30/2025
05C0001636,SANTA BARBARA ENDOSCOPY CENTER LLC,25 WEST MICHELTORENA ST,SANTA BARBARA,CA,93101,,(805) 966-1600,96,3,1,98,87,10,3,92,84,12,4,93,82,16,2,93,3,2184,468,21,10/01/2024,09/30/2025
05C0001638,SPECIALTY SURGICAL CENTER OF BEVERLY HILLS LP,"8670 WILSHIRE BLVD, SUITE 300",BEVERLY HILLS,CA,90211,,(310) 275-1646,94,5,1,97,87,10,3,92,83,11,6,93,76,18,6,89,3,2281,328,14,10/01/2024,09/30/2025
05C0001640,SUTTER AMADOR SURGERY CENTER LLC,223 CLINTON RD. STE. 204,JACKSON,CA,95642,,(209) 223-5938,99,1,0,99,94,4,2,96,92,6,2,96,91,6,3,95,3,884,286,32,10/01/2024,09/30/2025
05C0001641,EAST BAY ENDOSURGERY,300 FRANK OGAWA PLAZA SUITE 135,OAKLAND,CA,94612,,(510) 893-1600,96,3,1,98,89,8,3,93,83,14,3,93,81,15,4,92,,2265,520,23,10/01/2024,09/30/2025
05C0001643,NORTH STATE SURGERY CENTERS DBA MERCY SURGERY CENTER,2175 ROSALINE AVE SUITE A,REDDING,CA,96001,,(530) 245-4845,99,1,0,99,90,9,1,94,93,6,1,97,92,6,2,96,,693,185,27,10/01/2024,09/30/2025
05C0001653,THE SURGERY CENTER OF NEWPORT COAST LLC,17 CORPORATE PLAZA # 120,NEWPORT BEACH,CA,92660,,(949) 706-6300,97,3,0,98,91,8,1,95,91,8,1,96,88,10,2,95,3,697,181,26,10/01/2024,09/30/2025
05C0001655,LA PEER SURGERY CENTER LLC,8920 WILSHIRE BLVD SUITE 101,BEVERLY HILLS,CA,90211,,(310) 360-9119,94,5,1,97,90,7,3,93,81,14,5,92,79,17,4,91,3,2491,378,15,10/01/2024,09/30/2025
05C0001656,VENTURA ENDOSCOPY CENTER PARTNERS LLC,5810 RALSTON STREET SUITE 101,VENTURA,CA,93003,,(805) 650-5500,96,4,0,98,87,10,3,92,88,9,3,95,82,16,2,93,,1112,248,22,10/01/2024,09/30/2025
05C0001659,VALLEY SURGERY CENTER LP,"1300 MABLE AVE., SUITE 1",MODESTO,CA,95355,,(209) 571-1633,97,3,0,98,89,8,3,93,90,8,2,95,87,12,1,95,3,1057,185,18,10/01/2024,09/30/2025
05C0001661,PACIFIC HEIGHTS SURGERY CENTER LP,3000 CALIFORNIA ST.,SAN FRANCISCO,CA,94115,,(805) 679-6774,,,,,,,,,,,,,,,,,1,,,,,
05C0001662,TEMPLETON ENDOSCOPY CENTER,1320 LAS TABLAS SUITE A,TEMPLETON,CA,93465,,(805) 434-9950,98,2,0,99,93,6,1,96,91,8,1,96,91,8,1,96,,1752,575,33,10/01/2024,09/30/2025
05C0001663,SKYWAY SURGERY CENTER LLC,121 RALEY BLVD,CHICO,CA,95928,,(530) 230-2007,98,2,0,99,96,4,0,98,97,2,1,98,96,3,1,98,3,955,269,28,10/01/2024,09/30/2025
05C0001664,ENDOSCOPY CENTER OF SANTA MONICA,12400 WILSHIRE BLVD STE. 100,LOS ANGELES,CA,90025,,(310) 442-5566,99,1,0,99,93,5,2,96,91,8,1,96,94,5,1,98,3,825,155,19,10/01/2024,09/30/2025
05C0001665,BAY AREA ENDOSCOPY CENTER LLC,"22455 MAPLE CT, STE. 150",HAYWARD,CA,94541,,(510) 538-9900,98,1,1,99,93,6,1,96,91,8,1,96,88,12,0,96,,1160,279,24,10/01/2024,09/30/2025
05C0001668,PACIFIC SURGERY CENTER OF VENTURA,3805 TELEGRAPH RD,VENTURA,CA,93003,,(805) 644-9001,97,3,0,98,90,7,3,94,83,13,4,93,91,6,3,96,"3,6",553,59,11,10/01/2024,09/30/2025
05C0001672,NEWPORT PLAZA SURGERY CENTER,"1901 NEWPORT BLVD., 120",COSTA MESA,CA,92627,,(949) 515-1040,96,3,1,98,92,7,1,96,84,12,4,93,79,14,7,90,3,886,211,24,10/01/2024,09/30/2025
05C0001673,GLENDORA DIGESTIVE DISEASE INSTITUTE,1794 S. BARRANCA AVE.,GLENDORA,CA,91740,,(626) 858-4600,98,2,0,99,92,6,2,95,91,7,2,96,89,9,2,95,,2002,621,31,10/01/2024,09/30/2025
05C0001683,IRVINE ENDOSCOPY AND SURGICAL INSTITUTE DBA UNITED SURGERY CENTER IRVINE,15825 LAGUNA CANYON RD SUITE 100,IRVINE,CA,92618,,(949) 679-6700,93,6,1,96,84,14,2,91,73,23,4,90,70,23,7,87,3,1628,147,9,10/01/2024,09/30/2025
05C0001690,COASTAL SURGICAL SPECIALISTS INC,921 OAK PARK BLVD. STE. 101,PISMO BEACH,CA,93449,,(805) 473-9850,99,1,0,100,90,8,2,94,95,5,0,97,96,3,1,98,3,547,103,19,10/01/2024,09/30/2025
05C0001692,ADVANCED AMBULATORY SURGERY CENTER LP,"1901 W. LUGONIA AVE, STE 100",REDLANDS,CA,92374,,(909) 557-1700,96,4,0,98,93,6,1,96,93,5,2,97,91,7,2,96,,769,172,23,10/01/2024,09/30/2025
05C0001693,CENTINELA VALLEY ENDOSCOPY CENTER INC,"575 E. HARDY ST., STE. 101",INGLEWOOD,CA,90301,,(310) 680-6850,96,3,1,98,89,8,3,93,84,12,4,94,86,12,2,95,3,609,186,32,10/01/2024,09/30/2025
05C0001696,SUTTER FAIRFIELD SURGERY CENTER,2700 LOW CT 2ND FLOOR,FAIRFIELD,CA,94534,,(707) 432-2710,97,3,0,98,90,8,2,94,88,9,3,95,86,12,2,94,3,3714,877,24,10/01/2024,09/30/2025
05C0001697,SPECIALTY SURGICAL CENTER OF ARCADIA LP,51 NORTH 5TH AVE #101,ARCADIA,CA,91006,,(626) 471-9901,96,4,0,98,87,11,2,92,89,7,4,95,84,14,2,93,3,942,142,16,10/01/2024,09/30/2025
05C0001702,RENAISSANCE ASC LLC,44319 SUITE B MONTEREY AVENUE,PALM DESERT,CA,92260,,(760) 773-4411,97,3,0,98,88,9,3,92,85,12,3,93,77,20,3,91,3,558,131,23,10/01/2024,09/30/2025
05C0001705,ADVANCED MEDICAL SURGERY CENTER A MEDICAL CORPORATION,1117 LOS PALOS DR,SALINAS,CA,93901,,(831) 758-3851,95,5,0,97,87,10,3,92,77,18,5,91,75,17,8,88,"3,6",448,52,12,10/01/2024,09/30/2025
05C0001711,ST JOSEPH'S SURGERY CENTER,1800 NORTH CALIFORNIA ST SUITE 1,STOCKTON,CA,95204,,(209) 467-6316,97,3,0,98,91,7,2,95,86,12,2,95,84,15,1,94,,971,214,22,10/01/2024,09/30/2025
05C0001712,SUTTER ROSEVILLE ENDOSCOPY CENTER,4 MEDICAL PLAZA #210,ROSEVILLE,CA,95661,,(916) 773-8783,96,4,0,98,93,6,1,96,91,7,2,96,89,10,1,96,3,8101,1987,25,10/01/2024,09/30/2025
05C0001713,TEMECULA CA ENDOSCOPY ASC LP DBA UNITED SURGERY CENTER-MURRIETA,25150 HANCOCK AVE SUITE 208,MURRIETA,CA,92562,,(951) 698-8805,97,2,1,98,93,5,2,96,89,10,1,95,89,10,1,96,3,1186,157,13,10/01/2024,09/30/2025
05C0001715,FULLERTON SURGICAL CENTER,2240 N HARBOR BLVD. #100,FULLERTON,CA,92835,,(714) 870-8300,98,2,0,99,92,6,2,95,95,4,1,97,92,6,2,96,3,472,141,30,10/01/2024,09/30/2025
05C0001719,SCRIPPS HEALTH,10010 CAMPUS POINT DR,SAN DIEGO,CA,92121,,(619) 743-5565,98,2,0,99,95,4,1,97,92,7,1,97,93,5,2,97,,2082,613,29,10/01/2024,09/30/2025
05C0001721,SPANISH HILLS SURGERY CENTER LLC,261 MOBIL AVE,CAMARILLO,CA,93403,,(805) 782-8132,100,0,0,100,96,4,0,98,98,2,0,98,96,4,0,98,3,592,169,29,10/01/2024,09/30/2025
05C0001723,PHYSICIANS SURGERY SERVICES LP,235 O'CONNOR DR,SAN JOSE,CA,95128,,(408) 293-4211,95,4,1,98,90,8,2,94,85,13,2,93,79,18,3,92,3,2179,112,5,10/01/2024,09/30/2025
05C0001724,CHEVY CHASE AMBULATORY CENTER L P,"801 S. CHEVY CHASE DR., #106",GLENDALE,CA,91205,,(818) 265-2275,92,8,0,96,86,12,2,92,85,13,2,94,79,20,1,93,"3,6",741,95,14,10/01/2024,09/30/2025
05C0001726,INTERVENTIONAL PAIN CENTER OF MERCED,"1390 E. YOSEMITE AVE, STE. C",MERCED,CA,95340,,(209) 724-0316,100,0,0,100,94,5,1,97,95,5,0,99,97,3,0,99,"3,6",755,59,8,10/01/2024,09/30/2025
05C0001727,SAN GABRIEL AMBULATORY SURGERY CENTER LP,288 NORTH SANTA ANITA AVENUE SUITE 404,ARCADIA,CA,91006,,(626) 300-5300,90,8,2,94,83,13,4,89,70,23,7,89,66,26,8,85,3,1930,307,16,10/01/2024,09/30/2025
05C0001730,ADVANCED ENDOSCOPY AND PAIN CENTER LLC,1753 WEST AVE J SUITE A,LANCASTER,CA,93534,,(661) 206-0555,92,7,1,96,84,11,5,90,80,12,8,90,71,24,5,88,"3,6",518,86,17,10/01/2024,09/30/2025
05C0001732,INLAND OUTPATIENT CARE CENTERS INC,4217 LUTHER ST,RIVERSIDE,CA,92506,,(951) 788-2001,92,8,0,96,90,10,0,95,75,17,8,90,77,15,8,90,"3,10",181,25,14,10/01/2024,09/30/2025
05C0001734,SUTTER VALLEY MEDICAL FOUNDATION,"460 PLUMAS BLVD., SUITE 202",YUBA CITY,CA,95991,,(530) 749-5516,98,2,0,99,92,7,1,95,89,9,2,95,85,12,3,94,3,2274,497,22,10/01/2024,09/30/2025
05C0001737,PENINSULA EYE SURGERY CENTER LLC,1128 W. EL CAMINO REAL,MOUNTAIN VIEW,CA,94040,,(650) 964-3200,97,3,0,98,92,7,1,95,88,10,2,95,88,11,1,96,3,3026,988,33,10/01/2024,09/30/2025
05C0001741,CASA COLINA SURGERY CENTER,255 EAST BONITA AVE BUILDING 3B,POMONA,CA,91767,,(909) 593-3550,98,2,0,99,90,8,2,94,93,6,1,96,90,8,2,96,,1586,377,24,10/01/2024,09/30/2025
05C0001745,BEVERLY HILLS SURGERY CENTER LP,9735 WILSHIRE BLVD SUITE 100,BEVERLY HILLS,CA,90212,,(310) 651-2050,98,2,0,99,94,4,2,96,87,12,1,95,86,12,2,94,3,1135,203,18,10/01/2024,09/30/2025
05C0001750,REAGAN ST SURGERY CENTER,10904 REAGAN ST,LOS ALAMITOS,CA,90720,,(562) 596-3140,97,3,0,98,90,8,2,94,86,12,2,94,82,16,2,93,3,946,171,18,10/01/2024,09/30/2025
05C0001752,JOURNEY LITE OF THE CENTRAL COAST LLC,339 S. MOORPARK RD.,THOUSAND OAKS,CA,91361,,(805) 497-3690,96,4,0,98,88,10,2,93,90,9,1,95,90,9,1,96,3,507,148,29,10/01/2024,09/30/2025
05C0001753,COURTYARD SURGERY PAVILION INC,112 N. AKERS,VISALIA,CA,93291,,(559) 733-4372,98,2,0,99,92,6,2,95,96,3,1,98,92,6,2,96,,869,190,22,10/01/2024,09/30/2025
05C0001754,CARRILLO SURGERY CENTER,401 EAST CARRILLO ST,SANTA BARBARA,CA,93101,,(805) 963-4785,90,9,1,95,84,13,3,91,80,17,3,93,83,14,3,92,"3,10",179,31,17,10/01/2024,09/30/2025
05C0001756,THE ENDOSCOPY CENTER,"700 GARDEN VIEW CT., SUITE 101",ENCINITAS,CA,92024,,(760) 274-2700,99,1,0,99,93,6,1,96,94,5,1,97,90,9,1,96,,913,252,28,10/01/2024,09/30/2025
05C0001757,GRASS VALLEY SURGERY CENTER,408 SIERRA COLLEGE DR,GRASS VALLEY,CA,95945,,(530) 271-2282,98,2,0,99,93,6,1,96,90,9,1,96,92,7,1,97,,723,242,34,10/01/2024,09/30/2025
05C0001758,NORTHERN CALIFORNIA SURGERY CENTER LP,3850 GEER RD.,TURLOCK,CA,95382,,(209) 668-9866,96,3,1,98,87,10,3,92,86,12,2,94,86,9,5,92,3,1154,255,22,10/01/2024,09/30/2025
05C0001760,SIERRA AMBULATORY SURGERY CENTER,400 SIERRA COLLEGE DR. STE. B,GRASS VALLEY,CA,95945,,(530) 272-3428,97,3,0,99,89,10,1,94,93,5,2,97,89,8,3,95,3,952,170,18,10/01/2024,09/30/2025
05C0001763,MORGAN HILL SURGERY CENTER LP,120 SOUTH SPALDING DR SUITE 115,BEVERLY HILLS,CA,90212,,(310) 651-2020,98,2,0,99,93,5,2,95,90,9,1,96,89,9,2,95,3,1896,348,18,10/01/2024,09/30/2025
05C0001764,SANTA CLARITA SURGERY CENTER DBA PROVIDENCE SUMMIT SURGERY CENTER,26357 MCBEAN PARKWAY SUITE 100,SANTA CLARITA,CA,91355,,(661) 799-8300,98,2,0,99,92,6,2,95,93,5,2,96,91,8,1,96,,1390,367,26,10/01/2024,09/30/2025
05C0001765,BEACH DISTRICT SURGERY CENTER LP,"514 N. PROSPECT AVE, STE. 100",REDONDO BEACH,CA,90277,,(310) 376-2707,99,1,0,100,93,6,1,96,94,5,1,97,84,15,1,94,3,600,150,25,10/01/2024,09/30/2025
05C0001767,MISSION HILLS SURGICENTER LLC,25982 PALA SUITE 280,MISSION VIEJO,CA,92691,,(949) 297-3838,94,5,1,97,88,9,3,93,81,13,6,92,77,14,9,88,"3,6",482,83,17,10/01/2024,09/30/2025
05C0001772,PRESIDIO SURGERY CENTER LLC,"1635 DIVISADERO ST, # 200",SAN FRANCISCO,CA,94115,,(415) 346-1218,96,4,0,98,92,6,2,95,88,10,2,94,91,7,2,96,3,761,249,33,10/01/2024,09/30/2025
05C0001779,OTAY LAKES SURGERY CENTER LLC,955 LANE AVE. STE. 100,CHULA VISTA,CA,91914,,(619) 754-2260,97,2,1,98,94,4,2,96,95,4,1,96,85,11,4,92,"3,6",567,74,13,10/01/2024,09/30/2025
05C0001782,NORTHRIDGE ADVANCED SURGERY CENTER,8331 RESEDA BLVD,NORTHRIDGE,CA,91324,,(818) 993-3428,,,,,,,,,,,,,,,,,1,,,,,
05C0001784,GOLDEN GATE ENDOSCOPY CENTER LLC,3370 GEARY BLVD,SAN FRANCISCO,CA,94118,,(415) 379-7500,98,2,0,99,92,7,1,95,85,12,3,94,84,14,2,94,3,5200,981,19,10/01/2024,09/30/2025
05C0001787,ZEITER EYE SURGICAL CENTER INC.,1801 EAST MARCH LANE SUITE C360,STOCKTON,CA,95210,,(209) 337-0225,96,3,1,98,86,11,3,91,93,6,1,97,84,13,3,93,3,836,175,22,10/01/2024,09/30/2025
05C0001794,EUCLID ENDOSCOPY CENTER LP,286 EUCLID AVE SUITE 109,SAN DIEGO,CA,92114,,(619) 564-8249,96,4,0,98,93,6,1,96,86,12,2,94,80,17,3,92,3,1183,191,16,10/01/2024,09/30/2025
05C0001795,RANCHO MIRAGE PAIN CENTER INC,39300 BOB HOPE DRIVE SUITE 1203,RANCHO MIRAGE,CA,92270,,(760) 773-3075,99,1,0,100,96,3,1,98,98,2,0,98,97,0,3,97,"3,10",105,44,42,10/01/2024,09/30/2025
05C0001796,SANTA MONICA SURGICAL PARTNERS LLC DBA SURGERY CENTER OF THE PACIFIC,2121 WILSHIRE BLVD SUITE 201,SANTA MONICA,CA,90403,,(310) 573-7267,98,2,0,99,92,7,1,95,89,8,3,95,88,9,3,95,3,1176,254,22,10/01/2024,09/30/2025
05C0001801,PREMIER SURGERY CENTER OF SANTA MARIA,816 E. ENOS DR STE B,SANTA MARIA,CA,93454,,(805) 347-7813,95,5,0,97,87,10,3,92,78,17,5,92,80,19,1,93,"3,6",395,98,25,10/01/2024,09/30/2025
05C0001803,PACIFIC ENDOSCOPY AND SURGERY CENTER LLC,17815 NEWHOPE ST SUITE R,FOUNTAIN VALLEY,CA,92708,,(714) 432-8881,96,4,0,98,92,7,1,96,87,11,2,94,83,14,3,93,3,1513,253,17,10/01/2024,09/30/2025
05C0001805,COMMUNITY SURGERY CENTER OF GLENDALE,5700 SAN FERNANDO RD,GLENDALE,CA,91202,,(818) 637-7766,96,4,0,98,86,10,4,91,79,18,3,93,81,16,3,92,3,1393,284,20,10/01/2024,09/30/2025
05C0001808,UNION SURGERY CENTER INC,"9802 STOCKDALE HWY, STE. 101",BAKERSFIELD,CA,93301,,(661) 616-5315,82,13,5,89,71,15,14,78,56,22,22,77,41,33,26,66,"3,10",660,45,7,10/01/2024,09/30/2025
05C0001810,GLENDALE ENDOSCOPY SURGERY CENTER,824 N. GLENDALE AVE.,GLENDALE,CA,91206,,(818) 500-0523,96,3,1,98,89,9,2,94,87,11,2,94,82,15,3,92,3,737,164,22,10/01/2024,09/30/2025
05C0001813,RENAISSANCE SURGERY CENTER LLC,2365 EAST FIR AVE,FRESNO,CA,93720,,(559) 797-9100,97,2,1,98,92,6,2,95,90,7,3,95,89,8,3,95,,691,221,32,10/01/2024,09/30/2025
05C0001816,MONTEREY PENNISULA SURGERY CENTER LLC,"2 UPPER RAGSDALE DR, BLDG. B-160",MONTEREY,CA,93940,,(831) 372-2169,97,3,0,98,93,6,1,96,90,9,1,96,91,7,2,96,,1256,404,32,10/01/2024,09/30/2025
05C0001818,BROCKTON ENDOSCOPY SURGERY CENTER LP,"6958 BROCKTON AVE., STE. 100",RIVERSIDE,CA,92506,,(951) 788-4400,94,5,1,96,89,10,1,94,69,28,3,90,70,24,6,87,3,987,107,11,10/01/2024,09/30/2025
05C0001819,PENINSULA PROCEDURE CENTER LP,369 MAIN ST.,REDWOOD CITY,CA,94063,,(805) 679-6714,98,2,0,99,95,3,2,97,94,5,1,97,92,7,1,96,3,762,201,26,10/01/2024,09/30/2025
05C0001820,PHYSICIANS SURGERY CENTER OF MODESTO INC DBA RIVER SURGICAL INSTITUTE,609 EAST ORANGEBURG AVENEU BUIDLING B,MODESTO,CA,95350,,(209) 527-6700,97,3,0,98,89,9,2,94,91,9,0,97,92,5,3,96,3,536,131,25,10/01/2024,09/30/2025
05C0001821,EYE SURGERY CENTER SAN FRANCISCO,1160 POST ST,SAN FRANCISCO,CA,94109,,(415) 440-1100,96,4,0,98,90,7,3,93,82,14,4,92,83,13,4,92,3,1026,335,33,10/01/2024,09/30/2025
05C0001826,NEWPORT BAY SURGERY CENTER,3333 WEST COAST HWY # 100,NEWPORT BEACH,CA,92663,,(949) 645-6272,97,2,1,98,90,7,3,94,88,9,3,94,88,10,2,95,3,595,189,32,10/01/2024,09/30/2025
05C0001827,INNOVATIVE PAIN TREATMENT SURGERY CENTER OF TEMECULA INC,27412 ENTERPRISE CIR WEST SUITE 102,TEMECULA,CA,92590,,(951) 694-6367,,,,,,,,,,,,,,,,,1,,,,,
05C0001830,ASPEN SURGERY CENTER LLC DBA ASPEN SURGERY CENTER,133 LA CASA VIA SUITE 150,WALNUT CREEK,CA,94598,,(925) 937-8100,96,3,1,98,90,8,2,94,89,9,2,95,86,12,2,95,3,2071,485,23,10/01/2024,09/30/2025
05C0001831,THE SURGERY CENTER AT NORTHBAY VACA VALLEY,1006 NUT TREE RD,VACAVILLE,CA,95687,,(707) 628-8200,96,3,1,98,92,6,2,95,90,8,2,95,85,11,4,93,,3173,662,21,10/01/2024,09/30/2025
05C0001832,ADVANCED EYE SURGERY CENTER,627 W. EAST AVE.,CHICO,CA,95926,,(530) 342-1800,99,1,0,100,92,6,2,95,91,8,1,96,89,11,0,96,3,1186,173,15,10/01/2024,09/30/2025
05C0001837,NORTH ORANGE COUNTY SURGERY CENTER,"1741 W. ROMNEYA DR., SUITE F",ANAHEIM,CA,92801,,(714) 408-9481,98,1,1,99,93,6,1,96,93,5,2,96,82,16,2,94,"3,6",604,58,10,10/01/2024,09/30/2025
05C0001840,OASIS SURGERY CENTER LP,815 AUTO CENTER DR.,PALMDALE,CA,93551,,(661) 206-6262,97,3,0,99,88,10,2,93,92,7,1,97,91,8,1,97,,1506,149,10,10/01/2024,09/30/2025
05C0001841,FRESNO CA MULTI ASC LP DBA HERNDON SURGERY CENTER,1843 EAST FIR AVENUE SUITE 104,FRESNO,CA,93720,,(559) 323-6611,98,2,0,99,90,8,2,94,93,7,0,97,94,6,0,98,3,1178,148,13,10/01/2024,09/30/2025
05C0001842,SCRIPPS ENCINITAS SURGERY CENTER LLC,320 SANTA FE DR  SUITE LL2,ENCINITAS,CA,92024,,(760) 632-3900,98,1,1,99,93,6,1,96,92,7,1,96,89,11,0,96,,830,251,30,10/01/2024,09/30/2025
05C0001846,MEMORIALCARE SURGICAL CENTER AT SADDLEBACK LLC,24411 HEALTH CENTER DR. #104,LAGUNA HILLS,CA,92653,,(949) 614-8800,97,2,1,98,90,8,2,94,88,10,2,94,85,13,2,94,3,896,272,30,10/01/2024,09/30/2025
05C0001849,SPECIALTY SURGICAL CENTER OF THOUSAND OAKS LP,"696 HAMPSHIRE RD, SUITE 100",WESTLAKE VILLAGE,CA,91361,,(805) 413-7920,96,4,0,98,92,6,2,95,88,11,1,95,86,13,1,95,,855,231,27,10/01/2024,09/30/2025
05C0001851,SPINE SPORTS SURGERY CENTER LLC,429 LLEWELLYN AVE,CAMPBELL,CA,95008,,(408) 378-6773,,,,,,,,,,,,,,,,,1,,,,,
05C0001854,MEMORIALCARE SURGICAL CENTER AT SADDLEBACK LLC DBA LAGUNA NIGUEL SURGERY CENTER,27882 FORBES RD SUITE 203,LAGUNA NIGUEL,CA,92677,,(949) 472-4874,95,5,0,97,91,7,2,95,87,10,3,95,87,10,3,94,3,764,199,26,10/01/2024,09/30/2025
05C0001856,WEST COAST CENTER FOR SURGERIES,"653 CAMINO DE LOS MANES, #101",SAN JUAN CAPISTRANO,CA,92673,,(949) 489-2218,92,8,0,96,84,12,4,90,72,22,6,90,75,19,6,89,"3,6",373,86,23,10/01/2024,09/30/2025
05C0001859,TRACY SURGERY CENTER,2160 EST GRANTLINE RD SUITE 120,TRACY,CA,95377,,(209) 836-5680,97,2,1,98,90,7,3,93,86,9,5,94,86,9,5,93,3,908,163,18,10/01/2024,09/30/2025
05C0001860,TALBERT SURGICAL ASSOCIATES,"7677 CENTER AVE, # 104",HUNTINGTON BEACH,CA,92647,,(714) 881-8722,97,3,0,98,87,9,4,92,82,15,3,93,75,22,3,90,,2533,472,19,10/01/2024,09/30/2025
05C0001862,DIGESTIVE HEALTH CENTER OF THOUSAND OAKS,3510 NORTH MOORPARK RD SUITE 101,THOUSAND OAKS,CA,91360,,(805) 492-9000,98,2,0,99,92,7,1,95,91,8,1,96,89,8,3,95,3,721,204,28,10/01/2024,09/30/2025
05C0001863,HACIENDA OUTPATIENT SURGERY CENTER LLC DBA HACIENDA SURGERY CENTER,4626 WILLOW RD SUITE 100,PLEASANTON,CA,94588,,(925) 734-6744,98,2,0,99,91,7,2,95,89,11,0,95,86,12,2,95,,960,205,21,10/01/2024,09/30/2025
05C0001870,NORTH BAY REGIONAL SURGERY CENTER,100 ROWLAND WAY SUITE 145,NOVATO,CA,94945,,(415) 209-2500,98,2,0,99,94,5,1,96,91,7,2,96,87,11,2,94,3,1388,350,25,10/01/2024,09/30/2025
05C0001873,CARLSBAD SURGERY CENTER LLC,"6121 PASEO DEL NORTE, #100",CARLSBAD,CA,92011,,(760) 448-2488,98,2,0,99,91,7,2,95,91,7,2,96,88,10,2,95,3,1158,236,20,10/01/2024,09/30/2025
05C0001874,RANCHO MIRAGE SURGERY CENTER,35-800 BOB HOPE DR SUITE 100,RANCHO MIRAGE,CA,92270,,(760) 699-6500,98,2,0,99,90,8,2,94,93,5,2,97,89,10,1,96,3,542,179,33,10/01/2024,09/30/2025
05C0001878,CALIFORNIA SKIN SURGERY CENTER,9269 SIERRA COLLEGE BLVD,ROSEVILLE,CA,95661,,(916) 772-1585,97,2,1,98,86,12,2,92,89,8,3,95,90,7,3,95,3,840,318,38,10/01/2024,09/30/2025
05C0001879,SCRIPPS HEALTH,10010 CAMPUS POINT DR,SAN DIEGO,CA,92121,,(619) 743-5565,98,2,0,99,94,5,1,96,93,6,1,96,92,7,1,97,,2816,601,21,10/01/2024,09/30/2025
05C0001880,MARTIN LUTHER KING JR AMBULATORY SURGICAL CENTER,1670 E 120TH ST,LOS ANGELES,CA,90059,,(424) 338-1646,96,4,0,98,94,5,1,96,91,8,1,96,84,12,4,92,3,2529,365,14,10/01/2024,09/30/2025
05C0001881,SADDLEBACK PAIN AND SURGICAL CENTER,23521 PASEO DE VALENCIA SUITE 204,LAGUNA HILLS,CA,92653,,(949) 458-2026,96,4,0,98,99,1,0,99,92,8,0,97,85,12,3,93,"3,10",246,48,20,10/01/2024,09/30/2025
05C0001886,WALNUT CREEK ENDOSCOPY CENTER LLC,365 LENNON LANE SUITE 100,WALNUT CREEK,CA,94598,,(925) 939-4600,98,2,0,99,93,6,1,96,88,10,2,95,89,9,2,95,3,2757,603,22,10/01/2024,09/30/2025
05C0001888,SUTTER VALLEY MEDICAL FOUNDATION STOCKTON SURGERY CENTER,8011 DON AVE,STOCKTON,CA,95209,,(209) 955-3001,98,2,0,99,91,7,2,95,90,8,2,96,87,11,2,94,3,3889,863,22,10/01/2024,09/30/2025
05C0001892,CONGRESS MEDICAL SURGERY CENTER LLC,800 SOUTH RAYMOND AVE,PASADENA,CA,91105,,(626) 795-8051,97,3,0,98,91,7,2,95,89,11,0,96,88,12,0,96,3,567,132,23,10/01/2024,09/30/2025
05C0001899,BAHAMAS SURGERY CENTER,2400 BAHAMAS SURGERY CENTER SUITE 100,BAKERSFIELD,CA,93309,,(661) 328-2333,97,3,0,99,93,5,2,96,89,10,1,96,85,11,4,93,3,839,221,26,10/01/2024,09/30/2025
05C0001902,NORTHERN CALIFORNIA ADVANCED SURGERY CENTER LP,5771 GREENBACK LANE,SACRAMENTO,CA,95841,,(916) 239-2042,95,4,1,97,90,9,1,94,85,13,2,94,86,12,2,94,3,534,116,22,10/01/2024,09/30/2025
05C0001906,HUMBOLDT PHYSICIANS SURGERY AND LASER CENTER LLC,3226 TIMBER FALL CT,EUREKA,CA,95503,,(707) 443-3444,100,0,0,100,93,6,1,96,92,7,1,97,97,3,0,99,"3,6",493,53,11,10/01/2024,09/30/2025
05C0001910,ALICIA SURGERY CENTER,25211 PASEO DE ALICIA SUITE 100,LAGUNA HILLS,CA,92653,,(949) 900-3480,97,3,0,98,91,8,1,95,90,8,2,95,88,10,2,94,3,800,318,40,10/01/2024,09/30/2025
05C0001915,PASADENA PLASTIC SURGERY CENTER INC,"452 N. ALTADENA DR., STE. 210",PASADENA,CA,91107,,(626) 792-5400,97,3,0,98,93,3,4,95,89,9,2,93,95,3,2,97,"3,10",433,43,10,10/01/2024,09/30/2025
05C0001921,THOSAND OAKS SURGERY CENTER,1120 NEWBURY RD SUITE 100,THOUSAND OAKS,CA,91320,,(805) 230-3100,96,3,1,98,94,4,2,96,89,9,2,95,91,5,4,95,"3,6",712,96,14,10/01/2024,09/30/2025
05C0001923,MEMORIAL CARE SURGICAL CENTER AT ORANGE COAST LLC,18111 BROOKHURST ST SUITE 3200,FOUNTAIN VALLEY,CA,92708,,(714) 396-1106,97,3,0,98,91,8,1,95,91,8,1,96,85,13,2,94,3,962,264,27,10/01/2024,09/30/2025
05C0001928,ENVISION SURGERY CENTER LLC,42442 10TH ST. WEST STE. G,LANCASTER,CA,93534,,(661) 726-5329,99,1,0,99,95,4,1,97,97,2,1,98,95,1,4,96,3,456,203,45,10/01/2024,09/30/2025
05C0001931,HIGH DESERT HEALTH SYSTEM,335 EAST AVE I,LANCASTER,CA,93535,,(661) 945-8543,97,3,0,99,94,4,2,96,90,8,2,96,88,8,4,94,3,915,118,13,10/01/2024,09/30/2025
05C0001933,RIVERLAKES SURGERY CENTER LLC,"7508 MEANY AVE, SUITE B",BAKERSFIELD,CA,93308,,(661) 589-9400,,,,,,,,,,,,,,,,,1,,,,,
05C0001940,STOCKDALE SURGERY CENTER LLC,"9802 STOCKDALE HWY, STE. 104",BAKERSFIELD,CA,93311,,(661) 665-7885,95,4,1,97,92,6,2,95,91,4,5,95,84,12,4,92,3,512,100,20,10/01/2024,09/30/2025
05C0001943,TOURNEY PLAZA SURGICAL CENTER,27420 TOURNEY RD SUITE 160,VALENCIA,CA,91355,,(661) 222-3100,97,3,0,98,91,7,2,95,89,8,3,95,88,10,2,95,,961,221,23,10/01/2024,09/30/2025
05C0001950,MID VALLEY SURGERY CENTER INC,4682 ONTARIO MILLS PKWY,ONTARIO,CA,91764,,(626) 696-1455,95,5,0,97,86,10,4,91,82,15,3,93,77,20,3,91,3,1149,302,26,10/01/2024,09/30/2025
05C0001953,UCSD SURGICAL CENTER OF SAN DIEGO LLC,4910 DIRECTORS PL SUITE 100,SAN DIEGO,CA,92121,,(858) 750-4800,98,1,1,99,93,6,1,96,91,6,3,96,93,6,1,97,3,931,171,18,10/01/2024,09/30/2025
05C0001958,CALIFORNIA COLON AND RECTAL CANCER SCREENING CENTER LLC,7121 N WHITNEY AVE.,FRESNO,CA,93720,,(559) 299-9395,95,4,1,97,86,9,5,91,84,9,7,91,79,14,7,89,"3,6",882,59,7,10/01/2024,09/30/2025
05C0001960,SOAR SURGERY CENTER LLC,"1849 BAYSHORE HWY, 3RD FLOOR",BURLINGAME,CA,94010,,(650) 539-6000,92,7,1,96,90,9,1,95,81,17,2,94,78,20,2,92,"3,6",395,95,24,10/01/2024,09/30/2025
05C0001961,MOY FINCHER CHIPPS FACIAL PLASTICS AND DERMATOLOGY,421 N RODEO DR STE T-7,BEVERLY HILLS,CA,90210,,(310) 274-5372,97,3,0,98,81,12,7,87,85,14,1,95,79,16,5,90,"3,6",244,73,30,10/01/2024,09/30/2025
05C0001968,NORTHWEST SURGERY CENTER INC,"8325 BRIMHALL RD, STE. 101",BAKERSFIELD,CA,93312,,(661) 587-2468,97,2,1,98,95,3,2,97,85,14,1,96,92,7,1,97,3,623,160,26,10/01/2024,09/30/2025
05C0001975,HUNTINGTON AMBULATORY SURGERY CENTER,625 SOUTH FAIR OAKS AVE SUITE 380,PASADENA,CA,91105,,(626) 229-8999,98,2,0,99,92,5,3,95,94,5,1,96,85,14,1,95,3,723,178,25,10/01/2024,09/30/2025
05C0001980,CONCOURSE DIAGNOSTIC AND SURGERY CENTER LLC,"18575 E. GALE AVE, STE. 198",CITY OF INDUSTRY,CA,91748,,(626) 965-3880,89,10,1,94,85,11,4,90,59,29,12,84,50,45,5,81,"3,6",857,99,12,10/01/2024,09/30/2025
05C0001982,APPLE VALLEY OUTPATIENT SURGICAL CENTER,"18400 US HWY 18, SUITE B",APPLE VALLEY,CA,92307,,(760) 810-7590,95,5,0,98,85,10,5,90,84,13,3,93,81,16,3,92,3,540,129,25,10/01/2024,09/30/2025
05C0001988,DESERT VIEW ENDOSCOPY CENTER LLC,"12595 HESPERIA RD, STE. 100",VICTORVILLE,CA,92395,,(760) 881-3377,95,5,0,97,85,13,2,92,88,10,2,94,83,14,3,93,"3,6",346,64,18,10/01/2024,09/30/2025
05C0001991,SOLAR SURGICAL CENTER LLC,1901 SOLAR DR SUITE 100,OXNARD,CA,93036,,(805) 485-4345,98,1,1,98,92,6,2,95,91,8,1,96,92,7,1,97,3,725,164,23,10/01/2024,09/30/2025
05C0001995,MISSION VIEJO ENDOSCOPY PARTNERS LLC DBA SOUTH COUNTY ENDOSCOPY CENTER,26921 CROWN VALLEY PARKWAY SUITE 110,MISSION VIEJO,CA,92691,,(949) 273-6182,92,7,1,96,94,5,1,96,79,11,10,90,75,15,10,87,3,1076,201,19,10/01/2024,09/30/2025
05C0001999,SUTTER VALLEY MEDICAL FOUNDATION,8200 LAGUNA BLVD,ELK GROVE,CA,95758,,(916) 544-5400,96,4,0,98,93,6,1,96,91,4,5,95,88,8,4,94,3,803,149,19,10/01/2024,09/30/2025
05C0002003,HOAG ENDOSCOPY CENTER,"500 SUPERIOR AVE., SUITE 120",NEWPORT BEACH,CA,92663,,(949) 698-1339,96,3,1,98,92,6,2,95,91,7,2,96,90,8,2,96,3,1648,404,25,10/01/2024,09/30/2025
05C0002005,CAPITOLA SURGERY CENTER,2265 41ST AVE,CAPITOLA,CA,95010,,(831) 372-2169,96,3,1,97,88,9,3,92,81,15,4,92,81,14,5,92,,1246,284,23,10/01/2024,09/30/2025
05C0002021,INLAND VALLEY SURGERY CENTER LLC,"41900 WINCHESTER RD, STE. 102",TEMECULA,CA,92590,,(951) 461-6502,,,,,,,,,,,,,,,,,1,,,,,
05C0002025,VIRGIL ENDOSCOPY CENTER LLC,500 S. VIRGIL AVE,LOS ANGELES,CA,90020,,(213) 738-6090,94,6,0,97,87,10,3,92,82,14,4,92,74,19,7,88,,1442,192,13,10/01/2024,09/30/2025
05C0002030,RISSER SURGERY CENTER LLC,2615 EAST WASHINGTON BLVD,PASADENA,CA,91107,,(626) 269-2601,96,3,1,97,89,8,3,93,82,12,6,93,86,9,5,94,3,493,138,28,10/01/2024,09/30/2025
05C0002031,VIP SURGICARE LLC,"15047 LOS GATOS BLVD., STE. 150",LOS GATOS,CA,95032,,(408) 358-7001,97,3,0,99,87,11,2,92,90,10,0,95,87,12,1,95,3,759,158,21,10/01/2024,09/30/2025
05C0002033,VALLEY PHYSICIANS SURGERY CENTER AT NORTHRIDGE LLC,18330 ROSCOE BLVD,NORTHRIDGE,CA,91325,,(747) 224-4004,95,4,1,98,90,7,3,93,79,18,3,92,81,16,3,92,3,1249,135,11,10/01/2024,09/30/2025
05C0002034,SKYPARK SURGERY CENTER LLC,23441 MADISON ST SUITE 115,TORRANCE,CA,90505,,(424) 247-2206,95,4,1,97,89,8,3,93,82,14,4,93,79,17,4,91,3,1254,306,24,10/01/2024,09/30/2025
05C0002035,PRECISION AMBULATORY SURGERY CENTER LLC,"450 NORTH ROXBURY, STE. 250",BEVERLY HILLS,CA,90210,,(310) 651-2050,96,3,1,97,92,6,2,95,87,10,3,93,84,13,3,93,3,754,117,16,10/01/2024,09/30/2025
05C0002045,SURGERY CENTER OF SAN JOSE,"2581 SAMARITAN DR., STE. 308",SAN JOSE,CA,95124,,(650) 404-8455,98,2,0,99,94,5,1,97,93,6,1,96,92,7,1,97,3,3279,745,23,10/01/2024,09/30/2025
05C0002049,CENTER FOR SPECIALIZED SURGERY,29227 DE LA VINA,SANTA BARBARA,CA,93105,,(805) 770-3378,93,6,1,96,84,13,3,91,79,16,5,91,80,13,7,90,3,873,221,25,10/01/2024,09/30/2025
05C0002050,INTERVENTIONAL SPINE CENTER,24012 CALLE DE LA PLATA SUITE 130,LAGUNA BEACH,CA,92653,,(949) 836-7665,97,2,1,98,92,5,3,95,87,12,1,95,83,14,3,93,3,1286,201,16,10/01/2024,09/30/2025
05C0002054,FACEY MEDICAL FOUNDATION,11333 N. SEPULVEDA BLVD,MISSION HILLS,CA,91345,,(818) 869-7048,97,2,1,98,88,9,3,93,89,9,2,95,84,12,4,93,,5796,1220,21,10/01/2024,09/30/2025
05C0002055,SANSUM CLINIC DBA FOOTHILL SURGERY CENTER AT SANSUM CLINIC,4151 FOOTHILL RD,SANTA BARBARA,CA,93110,,(805) 681-6554,97,3,0,98,89,8,3,93,90,8,2,95,87,11,2,95,3,758,255,34,10/01/2024,09/30/2025
05C0002065,RECONSTRUCTIVE SURGERY CENTER OF NEWPORT BEACH INC,180 NEWPORT CTR DR STE 150,NEWPORT BEACH,CA,92660,,(949) 200-1600,,,,,,,,,,,,,,,,,1,,,,,
05C0002079,SAN CARLOS AMBULATORY SURGERY CENTER,301 INDUSTRIAL RD,SAN CARLOS,CA,94070,,(650) 596-4200,98,1,1,99,95,4,1,97,95,4,1,97,91,8,1,97,3,4262,820,19,10/01/2024,09/30/2025
05C0002080,SUTTER HEALTH PALO ALTO MEDICAL FOUNDATION,3120 KEARNEY ST.,FREMONT,CA,94538,,(510) 498-3600,98,2,0,99,91,7,2,95,90,9,1,95,88,11,1,95,3,6375,1202,19,10/01/2024,09/30/2025
05C0002093,HANCOCK PARK SURGERY CENTER,321 NORTH LARCHMONT BOULEVARD SUITE 1011,LOS ANGELES,CA,90004,,(562) 673-9618,,,,,,,,,,,,,,,,,1,,,,,
05C0002097,TEMECULA CA UNITED SURGERY CENTER LP DBA UNITED SURGERY CENTER TEMECULA,31469 RANCHO PUEBLO RD SUITE 100,TEMECULA,CA,92592,,(951) 757-5538,96,3,1,97,87,10,3,92,91,8,1,96,86,12,2,94,3,997,164,17,10/01/2024,09/30/2025
05C0002100,SPINE AND SPORTS SURGICAL CENTER LLC,"1120 W. LA VETA AVE, SUITE 330",ORANGE,CA,92868,,(714) 598-1745,95,5,0,98,88,11,1,94,89,11,0,95,92,8,0,97,"3,10",226,47,21,10/01/2024,09/30/2025
05C0002102,BAY AREA SURGICAL SPECIALIST SERVICES LLC,"460 NORTH WIGET LANE, SUITE A",WALNUT CREEK,CA,94598,,(925) 378-4949,97,3,0,98,88,10,2,93,86,12,2,94,84,14,2,93,,1188,286,24,10/01/2024,09/30/2025
05C0002103,BAKERSFIELD SPECIALISTS SURGICAL CENTER LLC,4500 MORNING DR SUITE 102,BAKERSFIELD,CA,93306,,(661) 437-4140,97,3,0,98,94,5,1,96,89,10,1,96,90,7,3,95,3,1775,408,23,10/01/2024,09/30/2025
05C0002118,ORANGE ASC LLC,1403 NORTH TUSTIN AVENUE SUITE 100,SANTA ANA,CA,92705,,(805) 354-4550,95,5,0,97,85,11,4,91,76,20,4,91,70,24,6,87,3,1220,238,20,10/01/2024,09/30/2025
05C0002120,RIVERS EDGE SURGERY CENTER INC,71780 SAN JACINTO DR BUILDING D,RANCHO MIRAGE,CA,92270,,(760) 862-1888,97,3,0,98,80,10,10,85,81,13,6,92,74,24,2,91,"3,6",290,57,20,10/01/2024,09/30/2025
05C0002121,KY ADVANCED SURGICAL CENTER INC,3796 NORTH FRESNO ST SUITE 103,FRESNO,CA,93726,,(559) 221-9905,98,2,0,99,97,3,0,98,87,12,1,96,88,10,2,95,3,515,118,23,10/01/2024,09/30/2025
05C0002122,CEDARS-SINAI ENDOSCOPY,8536 WILSHIRE BLVD SUITE 102,BEVERLY HILLS,CA,90211,,(310) 248-8600,99,1,0,99,95,4,1,97,91,9,0,96,92,8,0,97,3,1140,183,16,10/01/2024,09/30/2025
05C0002130,BEVERLY HILLS DOCTORS SURGERY CENTER LLC,120 SOUTH SPALDING DRIVE SUITE 402,BEVERLY HILLS,CA,90212,,(310) 275-3304,97,2,1,98,91,8,1,95,94,3,3,97,90,5,5,94,"3,6",497,89,18,10/01/2024,09/30/2025
05C0002131,THE REGENTS OF THE UNIVERSITY OF CALIFORNIA,25775 MCBEAN PARKWAY SUITE 115,VALENCIA,CA,91355,,(661) 255-2420,99,1,0,100,98,1,1,99,89,11,0,96,88,12,0,96,"3,6",253,56,22,10/01/2024,09/30/2025
05C0002141,SUTTER BAY MEDICAL FOUNDATION DBA SURGERY CENTER LOS ALTOS,715 ALTOS OAKS DR,LOS ALTOS,CA,94024,,(650) 934-7010,98,2,0,99,95,4,1,97,95,4,1,97,89,8,3,95,"3,6",415,70,17,10/01/2024,09/30/2025
05C0002146,SHADELANDS ENDOVASCULAR LLC,460 NORTH WIGET LANE SUITE B,WALNUT CREEK,CA,94598,,(925) 627-3495,95,3,2,97,83,12,5,89,81,15,4,92,85,8,7,92,"3,6",257,50,19,10/01/2024,09/30/2025
05C0002147,HOAG ENDOSCOPY CENTER IRVINE,16405 SAND CANYON AVE SUITE 110,IRVINE,CA,92618,,(949) 577-9250,96,3,1,98,91,7,2,95,88,10,2,95,87,11,2,95,3,1118,254,23,10/01/2024,09/30/2025
05C0002148,GATEWAY SURGERY CENTER,28682 THE OLD RD,VALENCIA,CA,91355,,(661) 295-8700,97,3,0,99,92,6,2,95,86,13,1,95,88,11,1,95,"3,6",396,62,16,10/01/2024,09/30/2025
05C0002149,ORTHOPAEDIC INSTITUTE FOR CHILDREN AMBULATORY SURGERY CENTER LLC,403 WEST ADAMS BOULEVARD,LOS ANGELES,CA,90007,,(213) 742-1000,96,3,1,98,91,7,2,94,89,8,3,96,89,8,3,94,"3,10",284,31,11,10/01/2024,09/30/2025
05C0002151,MURRIETA VALLEY SURGERY CENTER INC A PROFESSIONAL CORPORATION,36320 INLAND VALLEY DRIVE SUITE 101-B,WILDOMAR,CA,92595,,(951) 228-2817,98,1,1,99,90,7,3,93,83,13,4,93,81,14,5,91,3,691,116,17,10/01/2024,09/30/2025
05C0002155,BURBANK SPINE AND PAIN SURGERY CENTER,2211 WEST MAGNOLIA BLVD SUITE 270,BURBANK,CA,91506,,(818) 588-4150,98,1,1,99,91,8,1,95,90,6,4,95,83,11,6,91,"3,6",1056,98,9,10/01/2024,09/30/2025
05C0002156,COVE SURGERY CENTER,"23430 HAWTHORNE BLVD, SUITE 110",TORRANCE,CA,90505,,(805) 679-6746,,,,,,,,,,,,,,,,,1,,,,,
05C0002157,TRINITY SURGERY CENTER LLC,1610 BLOSSOM HILL RD SUITE 10,SAN JOSE,CA,95124,,(408) 620-1532,97,2,1,99,93,5,2,96,96,2,2,98,91,5,4,95,3,688,112,17,10/01/2024,09/30/2025
05C0002158,THE CARDIOVASCULAR SURGICAL CENTER INC,2415 SONOMA ST SUITE B,REDDING,CA,96001,,(530) 241-1144,97,2,1,98,92,8,0,96,95,5,0,98,93,7,0,98,"3,10",87,33,38,10/01/2024,09/30/2025
05C0002159,WEBSTER SURGERY CENTER,200 PORTER DR SUITE 100,SAN RAMON,CA,94583,,(925) 600-1900,98,1,1,99,91,7,2,95,92,7,1,95,89,9,2,95,3,592,129,22,10/01/2024,09/30/2025
05C0002160,THE REGENTS OF THE UNIVERSITY OF CALIFORNIA DBA UCLA DEPT OF MEDICINE,7320 WOODLAKE AVENUE SUITE 320,WEST HILLS,CA,91307,,(818) 436-7686,96,4,0,98,89,9,2,93,81,15,4,92,78,18,4,91,3,1051,192,18,10/01/2024,09/30/2025
05C0002163,VARICOSE VEIN SOLUTIONS MEDICAL CORPORATION,18840 VENTURA BOULEVARD SUITE 100B,TARZANA,CA,91356,,(818) 345-6126,91,7,2,95,90,9,1,95,87,7,6,93,86,11,3,94,"3,10",310,45,15,10/01/2024,09/30/2025
05C0002165,ENCOMPASS PROCEDURE CENTER DBA EPC SURGERY CENTER,7051 ALVARADO ROAD SUITE 100,LA MESA,CA,91942,,(619) 713-6219,93,6,1,97,87,10,3,92,83,11,6,94,85,9,6,93,"3,6",502,93,19,10/01/2024,09/30/2025
05C0002166,DIALYSIS ACCESS CENTER A MEDICAL CORPORATION,3012 SUMMIT ST D WING,OAKLAND,CA,94609,,(510) 251-1002,95,4,1,97,91,8,1,96,84,12,4,93,77,19,4,90,"3,6",573,51,9,10/01/2024,09/30/2025
05C0002167,UC REGENTS DBA UCLA HEALTH PAIN MANAGEMENT THOUSAND OAKS,100 MOODY CT SUITE 100,THOUSAND OAKS,CA,91360,,(310) 489-9296,99,1,0,100,95,4,1,97,92,7,1,96,94,6,0,98,3,471,119,25,10/01/2024,09/30/2025
05C0002169,RATTNER VASCULAR MEDICAL CENTER ASC LLC,995 GATEWAY CENTER WAY SUITE 207,SAN DIEGO,CA,92102,,(619) 263-9729,,,,,,,,,,,,,,,,,1,,,,,
05C0002170,PAVILION SURGERY CENTER,1140 WEST LA VETA AVE SUITE 300,ORANGE,CA,92868,,(714) 744-8850,97,3,0,98,92,6,2,95,94,4,2,96,92,6,2,96,,1339,385,29,10/01/2024,09/30/2025
05C0002175,TAMPA SURGICAL CENTER LLC,7640 TAMPA AVENUE SUITE 102,RESEDA,CA,91335,,(000) 000-0000,,,,,,,,,,,,,,,,,1,,,,,
05C0002176,BRAND SURGERY CENTER LLC,1146 NORTH BRAND BLVD,GLENDALE,CA,91202,,(818) 265-7722,92,7,1,95,80,15,5,88,76,15,9,90,68,25,7,86,3,1157,132,11,10/01/2024,09/30/2025
05C0002178,BEACH CITIES ORTHOPEDICS SURGERY CENTER LLC,400 SOUTH SEPULVEDA BOULEVARD SUITE 110,MANHATTAN BEACH,CA,90266,,(310) 683-8895,95,5,0,97,92,7,1,95,85,13,2,95,88,10,2,95,3,967,239,25,10/01/2024,09/30/2025
05C0002179,SCRIPPS HEALTH,10010 CAMPUS POINT DR,SAN DIEGO,CA,92121,,(619) 743-5565,98,2,0,99,92,7,1,96,92,7,1,96,91,8,1,96,,3716,585,16,10/01/2024,09/30/2025
05C0002181,SURGERY CENTER OF CALIFORNIA,835 3RD AVE SUITE B/C,CHULA VISTA,CA,91911,,(619) 425-4209,93,3,4,95,87,9,4,91,87,12,1,93,81,17,2,93,"3,6",286,51,20,10/01/2024,09/30/2025
05C0002182,A&M SURGERY CENTER,1850 EAST WASHINGTON STREET SUITE A,COLTON,CA,92324,,(000) 000-0000,,,,,,,,,,,,,,,,,1,,,,,
05C0002186,PACIFIC INTERVENTIONAL VASCULAR ACCESS CENTER,6076 BRISTOL PARKWAY SUITE 108,CULVER CITY,CA,90230,,(310) 348-9604,98,1,1,99,93,4,3,95,92,4,4,95,83,7,10,88,"3,6",701,74,11,10/01/2024,09/30/2025
05C0002190,EUCLID ENDOSCOPY CENTER LP,2732 NAVAJO ROAD SUITE 100,EL CAJON,CA,92020,,(619) 266-3332,97,3,0,98,91,7,2,94,90,6,4,95,81,16,3,92,3,1178,166,14,10/01/2024,09/30/2025
05C0002191,GOLDEN SPRINGS SURGICAL CENTER,67555 EAST PALM CANYON DRIVE SUITE F117,CATHEDRAL CITY,CA,92234,,(760) 656-6111,97,2,1,99,90,7,3,94,90,7,3,95,90,5,5,94,"3,6",704,80,12,10/01/2024,09/30/2025
05C0002193,CENTRAL COAST CARDIOVASCULAR ASC LLC DBA WEST COAST SURGICAL CENTER,2000 OUTLET CENTER DR SUITE 225,OXNARD,CA,93036,,(805) 643-3330,95,5,0,97,85,12,3,91,86,11,3,94,89,8,3,96,"3,10",139,29,21,10/01/2024,09/30/2025
05C0002196,VENTANA SURGICAL CENTER LLC,18133 VENTURA BLVD SUITE 400,ADDISON,CA,91356,,(818) 668-6200,97,3,0,98,92,7,1,95,87,10,3,95,81,16,3,92,,1285,245,19,10/01/2024,09/30/2025
05C0002198,PINNACLE SURGERY CENTER,100 NORTH WIGET LANE SUITE140,WALNUT CREEK,CA,94598,,(925) 478-5444,99,1,0,100,98,2,0,99,92,8,0,98,95,5,0,98,"3,6",263,56,22,10/01/2024,09/30/2025
05C0002199,SURGCENTER OF SAN DIEGO DBA ADVANCED SURGERY CENTER OF NORTH COUNTY,488 EAST VALLEY PARKWAY SUITE 100,ESCONDIDO,CA,92025,,(760) 546-4386,98,2,0,99,91,8,1,95,89,9,2,94,85,14,1,94,,1490,337,23,10/01/2024,09/30/2025
05C0002203,COASTAL SURGERY CENTER PARTNERS DBA COASTAL SURGERY CENTER,222 WEST PUEBLO STREET SUITE C,SANTA BARBARA,CA,93105,,(805) 364-8450,90,9,1,94,83,13,4,89,75,17,8,90,75,19,6,89,3,736,209,28,10/01/2024,09/30/2025
05C0002207,GLBESC LLC DBA MEMORIALCARE OUTPATIENT SURGICAL CENTER LONG BEACH,3833 WORSHAM AVENUE SUITE 200,LONG BEACH,CA,90808,,(562) 505-3301,97,3,0,98,93,5,2,96,91,7,2,96,89,9,2,95,3,960,238,25,10/01/2024,09/30/2025
05C0002208,CAPITAL NEPHROLOGY ACCESS CENTER,1111 EXPOSITION BOULEVARD SUITE 300,SACRAMENTO,CA,95815,,(916) 564-6232,96,4,0,98,85,11,4,91,91,4,5,95,84,14,2,94,"3,10",272,40,15,10/01/2024,09/30/2025
05C0002209,KERN MEDICAL SURGERY CENTER LLC,9300 STOCKDALE HIGHWAY SUITE 200,BAKERSFIELD,CA,93311,,(000) 000-0000,98,2,0,99,93,6,1,96,91,7,2,96,88,10,2,95,,1721,262,15,10/01/2024,09/30/2025
05C0002215,WEST COAST JOINT AND SPINE CENTER,8135 SARATOGA WAY,EL DORADO HILLS,CA,95762,,(000) 000-0000,98,2,0,99,93,6,1,96,91,7,2,97,90,7,3,95,,770,199,26,10/01/2024,09/30/2025
05C0002218,SOURCE SURGERY CENTER LLC,2801 WILSHIRE BOULEVARD,SANTA MONICA,CA,90403,,(310) 574-2777,96,3,1,98,90,7,3,94,89,7,4,94,90,8,2,95,"3,6",641,94,15,10/01/2024,09/30/2025
05C0002220,THE REGENTS OF THE UNIVERSITY OF CALIFORNIA DBA UCLA HEALTH DIGESTIVE DISEASES SOUTHBAY,2780 SKYPARK DRIVE SUITE 135,TORRANCE,CA,90505,,(310) 530-8013,97,3,0,98,92,7,1,96,88,10,2,94,87,11,2,94,3,906,158,17,10/01/2024,09/30/2025
05C0002221,GALEA CENTER LLC,20360 BIRCH ST SUITE 160,NEWPORT BEACH,CA,92660,,(714) 766-5883,99,1,0,100,91,8,1,95,89,8,3,95,86,11,3,94,3,460,100,22,10/01/2024,09/30/2025
05C0002222,PHYSICIANS SURGERY SERVICES DBA ADVANCED SURGERY CENTER,2039 FOREST AVENUE SUITE 101,SAN JOSE,CA,95128,,(408) 550-8650,95,4,1,97,88,10,2,93,86,9,5,93,80,17,3,92,3,1992,170,9,10/01/2024,09/30/2025
05C0002226,PACIFIC VASCUCARE SURGERY CENTER,1660 WEST THIRD STREET,LOS ANGELES,CA,90017,,(717) 818-0153,96,3,1,97,88,9,3,92,90,8,2,96,84,11,5,91,3,1250,111,9,10/01/2024,09/30/2025
05C0002227,PACIFIC RITZ SURGERY CENTER LLC,16311 VENTURA BOULEVARD SUITE 570,ENCINO,CA,91436,,(818) 827-5100,95,3,2,97,89,7,4,93,87,10,3,94,82,15,3,92,"3,6",461,58,13,10/01/2024,09/30/2025
05C0002228,EMBASSY SURGERY CENTER,42135 10TH STREET WEST SUITE 325,LANCASTER,CA,93534,,(000) 000-0000,97,3,0,98,90,7,3,94,85,6,9,92,80,17,3,92,"3,10",228,38,17,10/01/2024,09/30/2025
05C0002232,SURGERY CENTER OF BEVERLY HILLS LLC,8750 WILSHIRE BOULEVARD SUITE 150,BEVERLY HILLS,CA,90211,,(408) 761-5847,94,5,1,97,87,11,2,93,80,15,5,93,79,16,5,91,"3,6",468,58,12,10/01/2024,09/30/2025
05C0002234,BROADWAY LASER SURGICAL INSTITUTE INC.,1100 EAST BROADWAY SUITE 201,GLENDALE,CA,91205,,(818) 449-3937,,,,,,,,,,,,,,,,,1,,,,,
05C0002237,ORANGE COUNTY DIGESTIVE CENTER INC,1400 REYNOLDS AVENUE SUITE 125,IRVINE,CA,92614,,(657) 900-4536,95,4,1,97,82,14,4,89,77,17,6,91,74,20,6,88,3,2114,247,12,10/01/2024,09/30/2025
05C0002240,ALLIANCE SURGERY PARTNERS LLC,1828 EAST CESAR CHAVEZ AVENUE,LOS ANGELES,CA,90033,,(323) 263-6774,92,6,2,95,83,8,9,87,87,10,3,94,80,18,2,92,"3,10",401,37,10,10/01/2024,09/30/2025
05C0002244,NORCAL ANESTHESIA AND PAIN AFFILIATES INC DBA CHICO SURGICAL AFFILIATES,615 WEST EAST AVENUE,CHICO,CA,95926,,(530) 487-8114,97,2,1,98,87,11,2,93,84,13,3,94,86,12,2,94,,997,216,22,10/01/2024,09/30/2025
05C0002254,THE REGENTS OF UC DBA UCLA HEALTH PAIN MANAGEMENT SOUTH BAY,2780 SKYPARK DRIVE SUITE 145,TORRANCE,CA,90505,,(310) 301-8707,95,5,0,98,91,9,0,96,83,17,0,95,86,13,1,95,"3,10",228,43,19,10/01/2024,09/30/2025
05C0002255,HIGH DESERT EYE SURGERY CENTER LLC,16030 KAMANA ROAD,APPLE VALLEY,CA,92307,,(760) 946-0618,,,,,,,,,,,,,,,,,1,,,,,
05C0002256,PALM DESERT SURGERY CENTER A MEDICAL CORPORATION,44331 MONTEREY AVENUE,PALM DESERT,CA,92260,,(760) 636-1440,94,2,4,95,95,3,2,97,90,7,3,94,87,10,3,93,"3,10",205,35,18,10/01/2024,09/30/2025
05C0002257,PACIFIC VISION SURGERY CENTER,711 VAN NESS AVENUE SUITE 230,SAN FRANCISCO,CA,94102,,(000) 000-0000,97,3,0,98,89,9,2,94,90,9,1,95,86,10,4,93,3,541,200,37,10/01/2024,09/30/2025
05C0002264,DLV VISION ASC,3180 WILLOW LANE SUITE 118,THOUSAND OAKS,CA,91361,,(310) 792-3914,91,7,2,95,85,9,6,89,75,17,8,91,80,17,3,92,"3,6",212,58,27,10/01/2024,09/30/2025
05C0002265,UNITED SURGERY CENTER ENCINITAS,477 NORTH EL CAMINO REAL SUITE A210,ENCINITAS,CA,92024,,(951) 764-9393,96,2,2,97,88,8,4,92,85,12,3,92,77,18,5,90,3,911,129,14,10/01/2024,09/30/2025
05C0002268,EYECARE SPECIALISTS MEDICAL GROUP INC DBA ATLANTIS EYECARE,229 EAST BEVERLY BOULEVARD,MONTEBELLO,CA,90640,,(323) 728-7998,95,4,1,97,87,10,3,92,77,13,10,89,63,32,5,85,"3,6",619,74,13,10/01/2024,09/30/2025
05C0002270,SHORELINE SURGERY CENTER LLC,4300 LONG BEACH BOULEVARD SUITE 150,LONG BEACH,CA,90807,,(562) 222-8764,95,4,1,97,84,12,4,90,89,9,2,94,84,14,2,93,"3,10",231,36,16,10/01/2024,09/30/2025
05C0002272,SEVEN OAKS SURGERY CENTER LLC,401 EAST HIGHLAND AVENUE,SAN BERNARDINO,CA,92404,,(909) 557-1600,97,2,1,98,91,7,2,95,89,9,2,96,87,11,2,95,,749,239,33,10/01/2024,09/30/2025
05C0002276,SURGERY CENTER OF OAKLAND LP,80 GRAND AVENUE SUITE M-1,OAKLAND,CA,94612,,(510) 295-0439,92,7,1,95,89,8,3,93,75,16,9,89,69,21,10,85,3,781,169,22,10/01/2024,09/30/2025
05C0002277,BEVERLY HILLS ENDOSURGICAL CENTER LLC,150 NORTH ROBERTSON BOULEVARD SUITE 110,BEVERLY HILLS,CA,90211,,(888) 282-7472,98,2,0,99,93,5,2,96,89,8,3,95,85,12,3,94,3,1528,261,17,10/01/2024,09/30/2025
05C0002281,CALIFORNIA MEDICAL SURGERY CENTER LLC,620 CALIFORNIA BOULEVARD SUITE M,SAN LUIS OBISPO,CA,93401,,(805) 548-1070,96,4,0,98,94,5,1,96,89,10,1,96,89,9,2,95,3,569,191,34,10/01/2024,09/30/2025
05C0002282,SCRIPPS HEALTH DBA ASC JEFFERSON,2205 VISTA WAY,OCEANSIDE,CA,92054,,(000) 000-0000,99,1,0,100,95,4,1,97,93,6,1,97,92,7,1,96,,2121,525,25,10/01/2024,09/30/2025
05C0002283,ABROMS DOUGHERTY VISION ASC LLC,4472 BROAD STREET SUITE 150,SAN LUIS OBISPO,CA,93401,,(805) 548-1050,,,,,,,,,,,,,,,,,1,,,,,
05C0002288,ORANGE COUNTY SURGICAL CENTER INC,1400 REYNOLDS AVENUE SUITE 175,IRVINE,CA,92614,,(949) 390-9000,93,4,3,95,87,10,3,92,77,17,6,89,76,18,6,89,"3,6",513,54,11,10/01/2024,09/30/2025
05C0002290,TRINITY SURGICAL SOLUTIONS INC,44815 FIG AVENUE SUITE 100,LANCASTER,CA,93534,,(844) 408-6589,96,3,1,98,91,8,1,95,85,12,3,94,70,25,5,89,"3,6",370,65,18,10/01/2024,09/30/2025
05C0002291,DIAGNOSTIC AND INTERVENTIONAL SURGICAL CENTER,13160 MINDANAO WAY SUITE 150,MARINA DEL REY,CA,90292,,(310) 574-0415,96,3,1,97,94,6,0,97,89,9,2,95,81,16,3,92,3,760,153,20,10/01/2024,09/30/2025
06C0001005,NOVAMED SURGERY CENTER OF DENVER LLC,"2480 S. DOWNING ST., STE. G20",ENGLEWOOD,CO,80113,,(303) 777-7303,94,5,1,97,87,11,2,93,83,14,3,93,78,18,4,91,3,981,246,25,10/01/2024,09/30/2025
06C0001009,DENVER EYE SURGERY CENTER,13772 DENVER WEST PARKWAY SUITE 120,LAKEWOOD,CO,80401,,(303) 279-6600,94,6,0,97,80,19,1,90,75,20,5,91,71,27,2,89,"3,6",289,88,30,10/01/2024,09/30/2025
06C0001012,LITTLETON DAY SURGERY CENTER LLC,8381 SOUTHPARK LANE,LITTLETON,CO,80120,,(303) 795-2244,97,3,0,99,94,5,1,97,91,7,2,95,86,12,2,95,"3,6",575,91,16,10/01/2024,09/30/2025
06C0001015,BOULDER MEDICAL CENTER PC,2750 BROADWAY,BOULDER,CO,80304,,(303) 404-3223,98,2,0,99,92,7,1,96,87,12,1,94,82,18,0,94,"3,6",450,86,19,10/01/2024,09/30/2025
06C0001019,DAY SURGERY OF GRAND JUNCTION,1000 WELLINGTON AVE,GRAND JUNCTION,CO,81501,,(512) 740-4848,,,,,,,,,,,,,,,,,1,,,,,
06C0001022,OCR FORT COLLINS ASC AND CCC DBA OCR FORT COLLINS SURGERY CENTER,2500 EAST PROSPECT ROAD,FORT COLLINS,CO,80525,,(970) 419-7006,98,2,0,99,94,5,1,97,93,6,1,96,91,7,2,96,3,1051,301,29,10/01/2024,09/30/2025
06C0001028,KAISER PERMANENTE SURGERY CTR,2045 FRANKLIN ST,DENVER,CO,80205,,(303) 764-4420,97,3,0,98,94,5,1,97,87,11,2,94,83,15,2,93,,2719,811,30,10/01/2024,09/30/2025
06C0001030,DENVER WEST ENDOSCOPY CENTER LLC,13952 DENVER W. PKWY,LAKEWOOD,CO,80401,,(720) 932-7723,98,2,0,99,92,7,1,96,90,9,1,96,87,10,3,94,3,779,189,24,10/01/2024,09/30/2025
06C0001032,SOUTH DENVER ENDOSCOPY CENTER,499 E HAMPDEN AVE #430,ENGLEWOOD,CO,80113,,(303) 874-0350,98,2,0,99,96,4,0,98,95,4,1,97,92,6,2,96,3,1776,536,30,10/01/2024,09/30/2025
06C0001034,CENTRUM SURGERY CENTER LTD,"8200 E. BELLEVIEW AVE, SUITE 300E",GREENWOOD VILLAGE,CO,80111,,(303) 290-0600,98,2,0,99,95,4,1,97,95,5,0,97,92,8,0,97,3,624,130,21,10/01/2024,09/30/2025
06C0001035,DENVER MID TOWN SURGERY CENTER LTD,1919 E 18TH AVE,DENVER,CO,80206,,(303) 322-3993,99,1,0,99,94,5,1,96,92,7,1,96,88,10,2,95,3,1011,274,27,10/01/2024,09/30/2025
06C0001039,PIKES PEAK ENDOSCOPY AND SURGERY CENTER LLC,1699 MEDICAL CENTER POINT,COLORADO SPRINGS,CO,80907,,(719) 632-7101,98,2,0,99,94,5,1,96,95,4,1,98,97,2,1,98,"3,6",225,75,33,10/01/2024,09/30/2025
06C0001042,SURGERY CENTER OF NORTHERN COLORADO DBA EYE CENTER OF NORTHERN COLORADO SURGERY CENTER,3151 PRECISION DR,FORT COLLINS,CO,80528,,(970) 419-2673,95,4,1,97,93,5,2,95,86,9,5,93,83,12,5,92,3,564,219,39,10/01/2024,09/30/2025
06C0001046,AURORA ENDOSCOPY SURGICENTER LLC DBA AURORA ENDOSCOPY CENTER,14272 EAST EVANS AVENUE,AURORA,CO,80014,,(000) 000-0000,98,2,0,99,93,6,1,96,90,7,3,95,86,11,3,94,3,1352,357,26,10/01/2024,09/30/2025
06C0001049,ROCKY MOUNTAIN ENDOSCOPY CENTERS LLC,10001 N. WASHINGTON ST.,THORNTON,CO,80229,,(303) 205-1090,96,4,0,98,89,9,2,93,85,11,4,92,81,15,4,92,,1110,179,16,10/01/2024,09/30/2025
06C0001050,ROCKY MOUNTAIN LASER AND SURGERY CENTER,1402 FORTINO BLVD,PUEBLO,CO,81008,,(719) 583-8700,96,4,0,98,90,8,2,94,87,9,4,94,85,11,4,94,,1612,566,35,10/01/2024,09/30/2025
06C0001051,NOVAMED EYE SURGERY CENTER OF COLORADO SPRINGS DBA PREMIER SURGERY CENTER,3920 NORTH UNION BOULEAVARD SUITE 240,COLORADO SPRINGS,CO,80907,,(719) 227-9711,96,3,1,97,94,4,2,96,88,9,3,95,82,13,5,91,3,1230,363,30,10/01/2024,09/30/2025
06C0001054,GRAND VALLEY SURGICAL CENTER LLC,710 WELLINGTON AVE SUITE 21,GRAND JUNCTION,CO,81501,,(790) 298-7822,97,3,0,98,90,7,3,94,87,10,3,94,84,14,2,94,3,613,198,32,10/01/2024,09/30/2025
06C0001056,MADISON STREET SURGERY CENTER LLC,55 MADISON ST. 200,DENVER,CO,80206,,(303) 388-0599,95,4,1,97,94,5,1,97,90,8,2,95,86,12,2,95,,1006,343,34,10/01/2024,09/30/2025
06C0001057,AUDUBON AMBULATORY SURGERY CENTER LLC,3030 N. CIR DR STE 101,COLORADO SPRINGS,CO,80909,,(719) 355-3422,97,3,0,98,90,8,2,94,85,12,3,92,81,18,1,93,,874,177,20,10/01/2024,09/30/2025
06C0001058,GOLDEN RIDGE SURGERY CENTER,660 GOLDEN RIDGE RD SUITE 110,GOLDEN,CO,80401,,(303) 963-1507,98,2,0,99,92,6,2,95,89,9,2,95,90,9,1,96,,1146,302,26,10/01/2024,09/30/2025
06C0001059,NATURAL EYES LASER AND SURGERY CENTER LLLP,2485 EAST PIKES PEAK AVE,COLORADO SPRINGS,CO,80909,,(719) 634-2001,98,2,0,99,88,10,2,93,91,8,1,97,92,8,0,97,"3,10",236,35,15,10/01/2024,09/30/2025
06C0001061,HARMONY SURGERY CENTER LLC,2127 EAST HARMONY RD SUITE 200,FORT COLLINS,CO,80528,,(970) 297-6350,98,2,0,99,92,7,1,95,89,11,0,95,89,10,1,96,,1067,326,31,10/01/2024,09/30/2025
06C0001064,SOUTHWEST ENDOSCOPY PARTNERS LLC,2 BURNETT COURT SUITE 200,DURANGO,CO,81301,,(970) 259-9369,100,0,0,100,99,1,0,100,99,1,0,99,99,1,0,99,3,439,160,36,10/01/2024,09/30/2025
06C0001065,ENDOSCOPY CENTER OF THE ROCKIES LLC,"1000 W. SOUTH BOULDER RD, # 200",LAFAYETTE,CO,80026,,(720) 932-7723,97,3,0,98,91,7,2,95,89,10,1,95,88,11,1,96,3,860,210,24,10/01/2024,09/30/2025
06C0001068,MUSCULOSKELETAL SURGERY CENTER OF COLORADO,9005 GRANT ST SUITE #300,THORNTON,CO,80229,,(303) 288-4694,96,3,1,98,91,8,1,95,85,11,4,93,85,12,3,93,3,1529,315,21,10/01/2024,09/30/2025
06C0001070,ROCKY MOUNTAIN ENDOSCOPY CENTERS LLC,7000 WEST COLFAX AVENUE,LAKEWOOD,CO,80214,,(303) 205-1090,95,4,1,97,88,11,1,94,82,14,4,93,78,19,3,92,,962,216,22,10/01/2024,09/30/2025
06C0001071,ARAPAHOE SURGICENTER LLC,1001 SOUTHPARK DR,LITTLETON,CO,80120,,(303) 722-8987,99,1,0,99,94,5,1,97,94,5,1,97,92,7,1,97,3,1308,417,32,10/01/2024,09/30/2025
06C0001072,ASCENT SURGERY CENTER LLC,5901 CORPORATE DR.,COLORADO SPRINGS,CO,80919,,(719) 598-7562,99,1,0,99,97,2,1,98,90,9,1,96,89,10,1,96,3,713,133,19,10/01/2024,09/30/2025
06C0001073,FRONT RANGE ORTHOPEDIC SURGERY CENTER LLC,1610 DRY CREEK DR SUITE 100,LONGMONT,CO,80503,,(720) 494-3200,98,2,0,99,95,4,1,97,93,6,1,97,89,9,2,96,3,1114,265,24,10/01/2024,09/30/2025
06C0001074,VAIL VALLEY SURGERY CENTER LLC DBA VAIL VALLEY SURGERY CENTER VAIL,181 WEST MEADOW DR  3R,VAIL,CO,81657,,(970) 477-3793,98,1,1,99,93,6,1,96,97,2,1,97,91,7,2,96,,748,122,16,10/01/2024,09/30/2025
06C0001076,ENDOSCOPY CENTER OF THE ROCKIES LLC,1551 PROFESSIONAL LANE,LONGMONT,CO,80501,,(720) 932-7723,96,3,1,98,91,8,1,95,89,8,3,95,87,12,1,95,3,778,208,27,10/01/2024,09/30/2025
06C0001077,LOVELAND SURGERY CENTER,3800 NORTH GRANT AVE,LOVELAND,CO,80538,,(970) 622-0608,98,2,0,99,93,6,1,96,92,7,1,96,89,9,2,96,3,541,169,31,10/01/2024,09/30/2025
06C0001078,RIDGE VIEW ENDOSCOPY CENTER,10103 RIDGEGATE PKWY STE 312,LONE TREE,CO,80124,,(303) 788-8888,98,2,0,99,95,4,1,97,93,6,1,97,91,7,2,96,3,2236,694,31,10/01/2024,09/30/2025
06C0001079,SUMMIT VIEW SURGERY CENTER,7730 SOUTH BROADWAY,LITTLETON,CO,80122,,(303) 730-2376,95,4,1,97,91,7,2,94,86,9,5,94,83,12,5,92,,1260,207,16,10/01/2024,09/30/2025
06C0001080,FLATIRONS SURGERY CENTER LLC,70 HEALTH PARK DR,LOUISVILLE,CO,80027,,(720) 890-2721,98,1,1,99,92,7,1,95,94,5,1,96,94,5,1,97,"3,6",677,97,14,10/01/2024,09/30/2025
06C0001081,DENVER SURGICENTER LLC,8155 EAST 1ST AVE,DENVER,CO,80230,,(303) 344-4844,97,3,0,98,93,6,1,96,91,7,2,96,86,10,4,94,3,1448,384,27,10/01/2024,09/30/2025
06C0001084,SKY RIDGE SURGERY CENTER LP,10099 RIDGE GATE PARKWAY SUITE 100,LONE TREE,CO,80124,,(720) 225-5000,97,3,0,98,95,4,1,97,88,10,2,95,85,13,2,94,3,1130,311,28,10/01/2024,09/30/2025
06C0001085,CROWN POINT SURGERY CENTER,9397 CROWN CREST BLVD SUITE 110,PARKER,CO,80138,,(720) 974-6495,95,4,1,97,91,8,1,95,86,10,4,94,81,16,3,93,,1126,201,18,10/01/2024,09/30/2025
06C0001086,BANNER HEALTH MOUNTAIN VISTA SURGERY CENTER,5890 W. 13TH ST. STE 102,GREELEY,CO,80634,,(970) 348-0090,98,2,0,99,93,6,1,96,91,7,2,96,90,9,1,96,3,839,298,36,10/01/2024,09/30/2025
06C0001088,PARK AVENUE SURGERY CENTER LLC,1800 EMERSON ST. STE 220,DENVER,CO,80218,,(303) 339-7800,93,6,1,96,87,10,3,92,83,11,6,91,76,18,6,89,3,519,109,21,10/01/2024,09/30/2025
06C0001089,ENDOSCOPY CENTER OF THE ROCKIES LLC,"1755 48TH ST, # 100",BOULDER,CO,80301,,(720) 932-7723,97,2,1,98,91,6,3,94,88,10,2,94,87,11,2,95,3,862,200,23,10/01/2024,09/30/2025
06C0001092,ENDOSCOPY CENTER OF GRAND JUNCTION,1035 WELLINGTON AVE SUITE 102,GRAND JUNCTION,CO,81501,,(970) 257-6915,96,3,1,98,91,7,2,94,89,9,2,95,89,10,1,96,,1186,333,28,10/01/2024,09/30/2025
06C0001094,SKYLINE SURGERY CENTER,2555 E. 13TH ST. STE 200,LOVELAND,CO,80537,,(970) 461-6200,99,1,0,99,95,4,1,97,93,6,1,97,92,5,3,95,3,2347,763,33,10/01/2024,09/30/2025
06C0001095,ROCKY MOUNTAIN SURGERY CENTER LLC,"401 W. HAMPDEN PL, SUITE 100",ENGLEWOOD,CO,80110,,(303) 780-4000,99,1,0,99,94,5,1,96,94,4,2,96,87,11,2,95,3,947,278,29,10/01/2024,09/30/2025
06C0001098,CLEAR CREEK SURGERY CENTER LLC,7809 W. 38TH AVE,WHEAT RIDGE,CO,80033,,(303) 422-5555,98,2,0,99,95,4,1,97,94,5,1,96,91,6,3,96,3,1276,371,29,10/01/2024,09/30/2025
06C0001100,BOULDER COMMUNITY MUSCULOSKELETAL CENTER,4740 PEARL PARKWAY #100,BOULDER,CO,80301,,(303) 938-5177,97,3,0,99,92,7,1,96,90,9,1,96,91,7,2,96,3,1052,302,29,10/01/2024,09/30/2025
06C0001104,FRESENIUS VASCULAR CARE DENVER ASC LLC DBA AZURA SURGERY CENTER LOWRY,9050 EAST LOWRY BOULEVARD SUITE 160,DENVER,CO,80230,,(303) 632-2120,98,2,0,99,93,7,0,97,88,11,1,94,83,14,3,93,"3,10",286,33,12,10/01/2024,09/30/2025
06C0001105,ECCS ACQUISITION COOMPANY DBA ENDOSCOPY CENTERS OF COLORADO SPRINGS,2940 NORTH CIRCLE DRIVE,COLORADO SPRINGS,CO,80909,,(000) 000-0000,98,2,0,99,93,6,1,96,93,4,3,96,89,8,3,95,"3,6",308,87,28,10/01/2024,09/30/2025
06C0001106,PEAK ONE SURGERY CENTER,350 PEAK ONE DR,FRISCO,CO,80443,,(970) 368-5945,98,2,0,99,88,10,2,93,78,21,1,93,82,17,1,93,3,550,136,26,10/01/2024,09/30/2025
06C0001109,BLACK CANYON SURGICAL CENTER LLC,"611 E. STAR CT, SUITE C",MONTROSE,CO,81401,,(970) 249-6842,98,2,0,99,95,4,1,97,93,5,2,96,91,7,2,96,,766,335,44,10/01/2024,09/30/2025
06C0001110,HARVARD PARK SURGERY CENTER LLC,1000 EAST HARVARD AVE,DENVER,CO,80210,,(303) 778-5773,96,3,1,98,91,7,2,95,87,11,2,95,85,12,3,93,,1128,315,28,10/01/2024,09/30/2025
06C0001111,ROSE AMBULATORY SURGERY CENTER LP,"4700 EAST HALE PARKWAY, SUITE 200",DENVER,CO,80220,,(303) 758-1175,96,3,1,98,94,5,1,96,89,9,2,95,89,8,3,95,3,1964,589,30,10/01/2024,09/30/2025
06C0001113,LUTHERAN CAMPUS ASC,3455 LUTHERAN PARKWAY 105,WHEAT RIDGE,CO,80033,,(303) 301-7700,98,2,0,99,94,5,1,97,95,4,1,97,92,6,2,96,3,1100,416,38,10/01/2024,09/30/2025
06C0001114,ARKANSAS VALLEY SURGERY CENTER,933 SELLS AVE SUITE B,CANON CITY,CO,81212,,(719) 275-6433,98,2,0,99,94,5,1,97,90,9,1,96,90,8,2,95,,1459,478,33,10/01/2024,09/30/2025
06C0001118,HIGHLINE SOUTH AMBULATORY SURGERY,11W DRY CREEK CIRLCE # 120,LITTLETON,CO,80120,,(303) 951-8100,98,1,1,99,89,9,2,94,86,14,0,96,88,12,0,97,10,184,27,15,10/01/2024,09/30/2025
06C0001121,THE SURGERY CENTER AT LONE TREE,8500 PARK MEADOWS DR SUITE 100,LONE TREE,CO,80124,,(303) 951-7510,97,3,0,98,94,5,1,97,93,4,3,95,87,10,3,94,3,1001,176,18,10/01/2024,09/30/2025
06C0001124,LINCOLN SURGERY CENTER LLC,"11960 LIONESS WAY, SUITE 120",PARKER,CO,80134,,(720) 542-6700,97,3,0,99,95,4,1,97,92,6,2,96,88,10,2,95,3,1205,483,40,10/01/2024,09/30/2025
06C0001128,ENDOSCOPY CENTER OF WESTERN COLORADO INC,"2460 PATTERSON RD., #4",GRAND JUNCTION,CO,81505,,(970) 245-0990,95,3,2,97,89,8,3,93,79,11,10,92,86,9,5,94,"3,10",638,43,7,10/01/2024,09/30/2025
06C0001131,AUDUBON AMBULATORY SURGERY CENTER LLC DBA AUDUBON ASC AT ST FRANCIS,6011 EAST WOODMEN ROAD SUITE 200,COLORADO SPRINGS,CO,80923,,(719) 355-3400,97,3,0,99,91,7,2,95,89,8,3,94,86,12,2,95,,1446,335,23,10/01/2024,09/30/2025
06C0001132,RED ROCKS SURGERY CENTERS LLC,400 INDIANA ST,GOLDEN,CO,80401,,(720) 420-3000,97,2,1,98,92,7,1,96,93,7,0,97,87,10,3,94,3,845,287,34,10/01/2024,09/30/2025
06C0001134,VAIL VALLEY SURGERY CENTER LLC DBA VAIL VALLEY SURGERY CENTER EDWARDS,320 BEARD CREEK RD SUITE 100,EDWARDS,CO,81632,,(970) 477-3793,98,2,0,99,92,7,1,95,92,7,1,96,90,9,1,96,,3148,611,19,10/01/2024,09/30/2025
06C0001139,RESEARCH SURGICAL CENTER LLC,2446 RESEARCH PKWY SUITE 100,COLORADO SPRINGS,CO,80920,,(719) 418-4244,98,2,0,99,93,7,0,97,94,5,1,97,93,4,3,96,3,787,334,42,10/01/2024,09/30/2025
06C0001140,FOOTHILLS SURGERY CENTER LLC,4743 ARAPAHOE AVE SUITE 101,BOULDER,CO,80303,,(720) 441-5757,98,1,1,99,92,7,1,96,91,8,1,95,87,11,2,95,3,694,187,27,10/01/2024,09/30/2025
06C0001141,FOCUS HAND SURGICENTER LLC,"601 E. HAMPDEN AVE, SUITE 500",ENGLEWOOD,CO,80113,,(720) 570-3304,98,1,1,99,93,6,1,96,94,6,0,96,89,8,3,95,3,1020,309,30,10/01/2024,09/30/2025
06C0001142,PINNACLE SURGICENTER LLC DBA PINNACLE SURGERY CENTER,2770 NORTH UNION BOULEVARD SUITE 180,COLORADO SPRINGS,CO,80909,,(713) 418-4700,98,2,0,99,95,4,1,97,93,5,2,96,91,7,2,96,3,3250,1367,42,10/01/2024,09/30/2025
06C0001145,KAISER PERMANENTE AMBULATORY SURG CTR LONE TREE,10240 PARK MEADOWS DRIVE,LONE TREE,CO,80124,,(000) 000-0000,98,2,0,99,95,5,0,97,93,6,1,97,90,8,2,95,,2708,888,33,10/01/2024,09/30/2025
06C0001149,THE ORTHOPAEDIC AND SPINE CENTER OF SOUTHERN COLORADO LLC,"4110 BRIARGATE PARKWAY, SUITE 200",COLORADO SPRINGS,CO,80920,,(402) 278-1472,96,4,0,98,94,5,1,97,88,11,1,96,87,12,1,95,,683,166,24,10/01/2024,09/30/2025
06C0001151,ICON SURGERY CENTER OF DENVER,10520 EL DIENTE CT SUITE A,ENGLEWOOD,CO,80112,,(512) 740-4848,,,,,,,,,,,,,,,,,1,,,,,
06C0001153,PARK RIDGE SURGERY CENTER LLC,"10450 PARK MEADOW DR, STE. 200",LONE TREE,CO,80124,,(303) 792-2422,98,2,0,99,96,3,1,97,89,10,1,96,87,11,2,95,3,1379,503,37,10/01/2024,09/30/2025
06C0001155,SURGICAL CENTER OF PEAK ENDOSCOPY LLC,2920 NORTH CASCADE AVE SUITE 100,COLORADO SPRINGS,CO,80907,,(719) 362-2300,94,5,1,97,88,10,2,93,78,17,5,91,72,21,7,88,3,651,169,26,10/01/2024,09/30/2025
06C0001157,NORTHGLENN ENDOSCOPY CENTER LLC,11900 GRANT STREET SUITE 320,DENVER,CO,80233,,(303) 604-5000,95,4,1,97,91,7,2,95,87,9,4,94,79,19,2,92,3,938,215,23,10/01/2024,09/30/2025
06C0001158,NORTH CARE ASC LLC,6071 E WOODMEN RD,COLORADO SPRINGS,CO,80923,,(719) 531-7007,94,6,0,97,93,5,2,96,90,10,0,95,82,17,1,94,"3,6",393,76,19,10/01/2024,09/30/2025
06C0001159,FUNCTIONAL NEUROSURGICAL AMBULATORY SURGERY CENTERLLC,11 WEST DRY CREEK CIRCLE SUITE 120,LITTLETON,CO,80120,,(303) 955-5555,92,7,1,96,89,9,2,93,78,16,6,92,76,19,5,90,10,120,38,32,10/01/2024,09/30/2025
06C0001161,INSIGHT SURGERY CENTER,9777 SOUTH YOSEMITE STREET SUITE 210,LONE TREE,CO,80124,,(303) 708-2943,93,6,1,96,89,9,2,93,82,13,5,92,76,19,5,89,3,1623,515,32,10/01/2024,09/30/2025
06C0001162,UCHEALTH LONGS PEAK SURGERY CENTER,1750 EAST KEN PRATT BLVD,LONGMONT,CO,80504,,(720) 718-8333,98,1,1,99,93,6,1,96,91,7,2,95,88,10,2,95,,2818,397,14,10/01/2024,09/30/2025
06C0001163,SOUTH DENVER SURGERY CENTER,300 EAST MINERAL AVE #9,LITTLETON,CO,80122,,(720) 360-3400,99,1,0,99,95,4,1,97,90,9,1,96,90,9,1,96,,948,217,23,10/01/2024,09/30/2025
06C0001165,SDG CASTLE ROCK ENDOSCOPY CENTER,3911 AMBROSIA STREET #200,CASTLE ROCK,CO,80109,,(303) 788-8888,98,2,0,99,96,4,0,98,95,5,0,98,90,9,1,96,3,1283,309,24,10/01/2024,09/30/2025
06C0001166,CASTLE ROCK SURGICENTER LLC,4700 CASTLETON WAY SUITE 101,CASTLE ROCK,CO,80109,,(720) 519-1418,96,3,1,98,91,7,2,94,87,10,3,95,84,13,3,93,3,637,198,31,10/01/2024,09/30/2025
06C0001167,SJ EAST CAMPUS LLC ASC DBA DENVER SURGERY CENTER,1830 FRANKLIN ST SUITE 200,DENVER,CO,80218,,(720) 996-4500,97,3,0,98,93,6,1,96,93,6,1,97,89,9,2,95,3,788,188,24,10/01/2024,09/30/2025
06C0001169,DRY CREEK SURGERY CENTER LLC,125 INVERNESS DR E STE 150,ENGLEWOOD,CO,80112,,(303) 792-0777,97,2,1,98,91,9,0,95,87,11,2,95,84,14,2,94,3,725,162,22,10/01/2024,09/30/2025
06C0001171,ADVANCED VISION SURGERY CENTER LLC,1390 DRY CREEK DR,LONGMONT,CO,80503,,(214) 280-9569,98,2,0,99,91,7,2,95,87,10,3,94,86,11,3,94,3,957,308,32,10/01/2024,09/30/2025
06C0001172,DTC SURGERY CENTER LLC,4380 SOUTH SYRACUSE ST SUITE 120,DENVER,CO,80237,,(303) 220-0810,98,2,0,99,93,6,1,96,93,5,2,96,87,10,3,94,3,695,227,33,10/01/2024,09/30/2025
06C0001173,MILE HIGH SURGICENTER LLC,5351 SOUTH ROSLYN ST SUITE 300,GREENWOOD VILLAGE,CO,80111,,(303) 221-9500,99,1,0,99,95,4,1,97,95,5,0,97,89,9,2,95,3,858,239,28,10/01/2024,09/30/2025
06C0001175,SKYLINE SURGERY CENTER,4026 JERRY MURPHY RD,PUEBLO,CO,81001,,(719) 630-3937,97,3,0,98,89,10,1,94,87,10,3,94,88,11,1,96,3,561,209,37,10/01/2024,09/30/2025
06C0001176,OCR LOVELAND SURGERY CENTER,3470 EAST 15TH ST,LOVELAND,CO,80538,,(970) 292-1900,99,1,0,99,94,5,1,97,96,4,0,98,92,7,1,97,3,904,277,31,10/01/2024,09/30/2025
06C0001177,UC HEALTH AMBULATORY SURGICAL CENTER INVERNESS ORTHOPEDICS AND SPINE SURGERY CENTER,175 INVERNESS DR WEST,ENGLEWOOD,CO,80112,,(720) 516-9856,96,3,1,98,94,5,1,97,95,4,1,97,92,7,1,97,,3761,442,12,10/01/2024,09/30/2025
06C0001178,DENVER DIAGNOSTIC ASC LLC,7800 EAST ORCHARD ROAD SUITE 350,GREENWOOD VILLAGE,CO,80111,,(720) 598-0805,98,2,0,99,91,7,2,95,93,5,2,96,83,16,1,94,6,429,89,21,10/01/2024,09/30/2025
06C0001179,PREMIER EYE SURGERY CENTER,1050 WEST SOUTH BOULDER ROAD,LAFAYETTE,CO,80026,,(303) 730-0066,97,3,0,98,94,5,1,96,90,8,2,95,88,10,2,95,3,611,118,20,10/01/2024,09/30/2025
06C0001180,GREELEY ENDOSCOPY CENTER LLC,8227 WEST 20THS TREET,GREELEY,CO,80634,,(000) 000-0000,98,2,0,99,94,5,1,97,93,6,1,96,91,6,3,95,3,732,186,25,10/01/2024,09/30/2025
06C0001182,STEAMBOAT SURGERY CENTER,705 MARKETPLACE PLAZA SUITE 150,STEAMBOAT SPRINGS,CO,80487,,(970) 819-3158,98,2,0,99,92,7,1,95,94,5,1,97,93,5,2,97,3,607,185,30,10/01/2024,09/30/2025
06C0001184,UCHEALTH AMBULATORY SURGERY CENTERS DBA UCHEALTH CHERRY CREEK NORTH SURGERY CENTER,100 COOK STREET SUITE 500,DENVER,CO,80206,,(000) 000-0000,97,3,0,99,94,5,1,96,92,7,1,96,88,10,2,95,,4736,549,12,10/01/2024,09/30/2025
06C0001185,COLORADO UROLOGIC SURGERY CENTER,3 SUPERIOR DRIVE SUITE 301,SUPERIOR,CO,80027,,(000) 000-0000,97,3,0,98,87,10,3,92,86,12,2,93,80,18,2,92,,953,233,24,10/01/2024,09/30/2025
06C0001187,LONE TREE SURGERY CENTER,9218 KIMMER DRIVE SUITE 101,LONE TREE,CO,80124,,(303) 623-2680,98,2,0,99,94,5,1,96,95,3,2,98,90,9,1,96,3,763,160,21,10/01/2024,09/30/2025
06C0001189,DURANGO SURGERY CENTER LLC DBA ANIMAS SURGICAL CENTER AT ESCALANTE,1266 ESCALANTE DRIVE SUITE 101,DURANGO,CO,81303,,(970) 828-0220,95,5,0,97,95,5,0,97,93,6,1,96,88,11,1,95,3,298,104,35,10/01/2024,09/30/2025
06C0001190,COLORADO UROLOGIC SURGERY CENTER,255 SOUTH ROUTT STREET,LAKEWOOD,CO,80228,,(303) 695-6106,96,3,1,98,87,11,2,92,85,12,3,93,83,15,2,93,,1467,320,22,10/01/2024,09/30/2025
06C0001191,SOUTH DENVER SURGICAL SERVICES LLC DBA SOUTH DENVER UROLOGY,11 WEST DRY CREEK CIRCLE SUITE 120,LITTLETON,CO,80120,,(303) 835-1129,98,2,0,99,93,5,2,96,92,5,3,96,83,14,3,93,6,217,58,27,10/01/2024,09/30/2025
06C0001192,ECCS ACQUISITION COMPANY LLC DBA ECCS AT ST FRANCIS,6031 EAST WOODMEN ROAD SUITE 100,COLORADO SPRINGS,CO,80923,,(719) 785-3500,99,1,0,99,94,5,1,96,89,9,2,96,91,7,2,96,3,504,130,26,10/01/2024,09/30/2025
06C0001193,ADVANCED HEART AND VEIN SURGERY CENTER LLC,805 EAST 144TH AVENUE SUITE 200,THORNTON,CO,80023,,(720) 893-5000,98,1,1,99,93,6,1,96,92,8,0,97,92,5,3,96,"3,10",143,34,24,10/01/2024,09/30/2025
06C0001195,COLORADO UROLOGIC SURGERY CENTER LLC,10535 PARK MEADOWS BOULEVARD SUITE 102,LONE TREE,CO,80124,,(303) 695-6106,97,3,0,98,89,10,1,94,84,15,1,94,76,22,2,91,,1203,261,22,10/01/2024,09/30/2025
06C0001196,RIVER POINT SURGERY CENTER LLC,3535 RIVER POINT PARKWAY SUITE 100,SHERIDAN,CO,80110,,(720) 405-9303,91,8,1,95,78,21,1,88,80,17,3,93,79,16,5,91,"3,6",579,89,16,10/01/2024,09/30/2025
06C0001197,SUMMIT ORTHOPEDIC SURGERY CENTER LLC DBA DILLON SURGERY CENTER,365 DILLON RIDGE ROAD,DILLON,CO,80435,,(970) 485-7070,97,3,0,98,91,7,2,94,91,7,2,96,91,8,1,96,,1873,385,21,10/01/2024,09/30/2025
06C0001198,NORTH DENVER MUSCULOSKELETAL SURGICAL PARTNERS LLC,14190 ORCHARD PARKWAY SUITE 100,WESTMINSTER,CO,80023,,(720) 856-0008,98,2,0,99,93,6,1,96,89,10,1,95,87,12,1,95,,2423,593,24,10/01/2024,09/30/2025
06C0001199,NORTHWEST SURGERY CENTER LLC,13402 WEST COAL MINE AVENUE SUITE 310,LITTLETON,CO,80127,,(414) 257-3322,99,1,0,99,94,6,0,97,87,11,2,95,88,10,2,95,"3,10",98,38,39,10/01/2024,09/30/2025
06C0001202,OPTUM PEAK ENDOSCOPY CENTER LLC,1615 MEDICAL CENTER POINT,COLORADO SPRINGS,CO,80907,,(719) 895-9090,98,2,0,99,93,5,2,96,89,10,1,96,89,9,2,95,3,853,210,25,10/01/2024,09/30/2025
06C0001203,UCHEALTH AMBULATORY SURGERY CENTERS DBA UCHEALTH EASTVIEW SURGERY CENTER,3843 RIO VISTA DRIVE SUITE 3000,COLORADO SPRINGS,CO,80917,,(719) 364-5682,96,2,2,97,88,11,1,93,88,10,2,95,84,13,3,93,6,731,78,11,10/01/2024,09/30/2025
06C0001204,MOUNTAIN VIEW SURGICAL SPECIALISTS,5060 SOUTH SYRACUSE STREET,DENVER,CO,80237,,(720) 749-5599,94,5,1,97,89,7,4,93,78,16,6,92,80,14,6,91,3,632,101,16,10/01/2024,09/30/2025
06C0001205,BROOMFIELD ORTHOPEDIC SURGERY CENTER LLC,1185 STATE HIGHWAY 7 SUITE 100,BROOMFIELD,CO,80023,,(303) 449-2730,98,1,1,99,95,3,2,96,89,9,2,95,86,11,3,94,3,745,220,30,10/01/2024,09/30/2025
06C0001206,COLORADO SPRINGS SURGICENTER DBA NORTH SPRINGS SURGERY CENTER,9925 FEDERAL DRIVE UNIT 130,COLORADO SPRINGS,CO,80921,,(719) 500-8950,98,2,0,99,94,5,1,97,90,8,2,95,87,10,3,94,3,1412,466,33,10/01/2024,09/30/2025
06C0001208,SYNERGY SURGICENTER LLC DBA SYNERGY SURGERY CENTER,500 EAST HAMPDEN AVENUE SUITE 500,ENGLEWOOD,CO,80113,,(303) 558-4640,96,4,0,98,92,6,2,95,88,9,3,94,85,11,4,93,3,937,208,22,10/01/2024,09/30/2025
06C0001209,MINERAL SURGERY CENTER LLC,1501 WEST MINERAL AVENUE SUITE 150,LITTLETON,CO,80120,,(720) 465-2942,95,4,1,97,90,9,1,94,81,15,4,93,83,15,2,94,3,883,200,23,10/01/2024,09/30/2025
06C0001210,DOWNTOWN DENVER ENDOSCOPY CENTER LLC,1830 NORTH FRANKLIN STREET SUITE 210,DENVER,CO,80218,,(303) 604-5000,,,,,,,,,,,,,,,,,1,,,,,
07C0001002,DANBURY SURGICAL CENTER LP,73 SAND PIT RD SUITE 101,DANBURY,CT,06810,,(203) 743-2400,98,2,0,99,92,7,1,96,92,7,1,96,90,8,2,96,3,805,223,28,10/01/2024,09/30/2025
07C0001003,SURGERY CENTER OF FAIRFIELD COUNTY LLC,112 GUARRY RD,TRUMBULL,CT,06611,,(203) 374-1515,99,1,0,100,94,5,1,97,91,8,1,97,90,9,1,96,3,986,290,29,10/01/2024,09/30/2025
07C0001004,THE EYE SURGERY CENTER,4 NORTHWESTERN DR SUITE 400,BLOOMFIELD,CT,06002,,(860) 243-2020,98,2,0,99,93,6,1,96,89,10,1,96,90,7,3,95,,757,306,40,10/01/2024,09/30/2025
07C0001005,CONNECTICUT SURGERY CENTER LIMITED PARTNERSHIP,55 SOUTH ROAD SUITE 100,FARMINGTON,CT,06032,,(860) 247-5555,98,2,0,99,95,4,1,97,92,6,2,96,92,7,1,97,3,757,254,34,10/01/2024,09/30/2025
07C0001007,REFOCUS SURGERY CENTERS LLC DBA REFOCUS EYE SURGERY CENTER - WATERBURY,87 GRANDVIEW AVENUE,WATERBURY,CT,06708,,(203) 465-1417,96,4,0,98,89,6,5,92,84,13,3,92,86,11,3,94,3,466,117,25,10/01/2024,09/30/2025
07C0001018,ENDOSCOPY CENTER OF CONNECTICUT LLC,2200 WHITNEY AVE SUITE 380,HAMDEN,CT,06518,,(203) 281-5159,97,3,0,99,95,4,1,97,87,11,2,95,86,12,2,94,,1738,444,26,10/01/2024,09/30/2025
07C0001019,CONNECTICUT ORTHOPAEDIC SPECIALISTS OUTPATIENT SURGICAL CENTER LLC,"84 N. MAIN ST., BLDG. 2",BRANFORD,CT,06405,,(203) 407-1500,98,2,0,99,94,5,1,96,94,5,1,97,91,8,1,96,3,1143,331,29,10/01/2024,09/30/2025
07C0001021,LASER VISION SURGERY CENTER LLC,178 HARTFORD RD,MANCHESTER,CT,06040,,(860) 649-9973,,,,,,,,,,,,,,,,,1,,,,,
07C0001022,WESTERN CONNECTICUT ORTHOPEDIC SURGICAL CENTER LLC,226 WHITE ST,DANBURY,CT,06810,,(203) 791-9557,99,1,0,100,93,6,1,96,96,3,1,97,94,5,1,98,3,839,240,29,10/01/2024,09/30/2025
07C0001023,NEW VISION CATARACT CENTER LLC DBA NEW VISION CATARACT CENTER,605 WEST AVE,NORWALK,CT,06850,,(203) 853-1110,96,3,1,98,81,16,3,89,83,14,3,93,81,16,3,92,3,958,188,20,10/01/2024,09/30/2025
07C0001024,FAIRFIELD SURGERY CENTER LLC,305 BLACK ROCK TURNPIKE,FAIRFIELD,CT,06825,,(203) 337-2660,96,3,1,98,89,10,1,94,85,8,7,93,84,9,7,91,"3,6",454,99,22,10/01/2024,09/30/2025
07C0001025,EASTERN CONNECTICUT ENDOSCOPY CENTER,79 WAWECUS ST SUITE 107,NORWICH,CT,06360,,(860) 886-7800,98,2,0,99,92,7,1,95,91,7,2,96,91,7,2,96,,1917,549,29,10/01/2024,09/30/2025
07C0001027,CTGI ENDOSCOPY CENTER LLC,4 NORTHWESTERN DR,BLOOMFIELD,CT,06002,,(860) 242-0079,99,1,0,99,93,6,1,96,94,6,0,97,92,6,2,96,3,635,208,33,10/01/2024,09/30/2025
07C0001028,DIAGNOSTIC ENDOSCOPY LLC,778 LONG RIDGE RD,STAMFORD,CT,06902,,(203) 322-2400,97,3,0,98,94,5,1,96,91,7,2,95,89,9,2,95,,2187,489,22,10/01/2024,09/30/2025
07C0001029,SURGICAL CENTER OF CONNECTICUT,4920 MAIN ST,BRIDGEPORT,CT,06606,,(203) 371-2986,98,2,0,99,95,4,1,97,94,4,2,97,92,5,3,96,3,880,227,26,10/01/2024,09/30/2025
07C0001030,CONSTITUTION SURGERY CENTER EAST LLC,505 WILLARD AVE.,WATERFORD,CT,06385,,(860) 667-9542,98,2,0,99,92,7,1,96,87,10,3,95,88,10,2,95,,797,285,36,10/01/2024,09/30/2025
07C0001031,CONNECTICUT EYE SURGERY CENTER SOUTH,60 WELLINGTON RD,MILFORD,CT,06461,,(203) 878-2010,97,3,0,99,95,4,1,97,90,8,2,96,90,7,3,95,,2637,1114,42,10/01/2024,09/30/2025
07C0001032,ENDOSCOPY CENTER OF NORTHWEST CONNECTICUT,"245 ALVORD PARK RD, BLDG. B",TORRINGTON,CT,06790,,(860) 489-2190,98,2,0,99,95,5,0,97,91,8,1,97,91,6,3,95,3,569,192,34,10/01/2024,09/30/2025
07C0001034,NORTHEAST MEDICAL GROUP,112 QUARY RD,TRUMBULL,CT,06611,,(203) 551-7313,99,1,0,99,95,4,1,97,95,4,1,98,94,5,1,98,,2284,501,22,10/01/2024,09/30/2025
07C0001035,COASTAL DIGESTIVE CARE CENTER LLC,234 A BANK ST  4TH FLOOR,NEW LONDON,CT,06320,,(860) 442-0290,97,2,1,98,88,9,3,92,83,11,6,91,84,11,5,92,3,1008,205,20,10/01/2024,09/30/2025
07C0001037,ORTHOPEDIC ASSOCIATES SURGERY CENTER,150 ENTERPRISE DR,ROCKY HILL,CT,06067,,(860) 529-0295,100,0,0,100,98,1,1,98,98,2,0,98,96,1,3,97,3,621,221,36,10/01/2024,09/30/2025
07C0001038,SHORELINE SURGERY CENTER LLC,505 WILLARD AVE.,GUILFORD,CT,06437,,(860) 667-9542,99,1,0,99,94,5,1,96,93,6,1,97,92,7,1,97,,1327,361,27,10/01/2024,09/30/2025
07C0001039,THE ENDOSCOPY CENTER OF FAIRFIELD,425 POST RD,FAIRFIELD,CT,06824,,(203) 292-9000,99,0,1,99,95,5,0,97,93,5,2,96,91,7,2,96,"3,10",185,47,25,10/01/2024,09/30/2025
07C0001040,NAUGATUCK VALLEY ENDOSCOPY CENTER LLC,1312 WEST MAIN ST,WATERBURY,CT,06708,,(203) 346-2200,99,1,0,99,95,4,1,97,91,7,2,95,89,8,3,94,,1435,438,31,10/01/2024,09/30/2025
07C0001041,LITCHFIELD HILLS SURGERY CENTER,245 ALVORD PARK RD.,TORRINGTON,CT,06790,,(860) 482-4866,97,2,1,98,93,6,1,96,90,8,2,95,89,8,3,95,3,1334,187,14,10/01/2024,09/30/2025
07C0001042,MIDDLESEX ENDOSCOPY CENTER LLC,505 WILLARD AVE.,MIDDLETOWN,CT,06457,,(860) 667-9542,97,3,0,98,93,5,2,96,91,8,1,96,89,9,2,95,,917,295,32,10/01/2024,09/30/2025
07C0001044,WILTON SURGERY CENTER,195 DANBURY RD,WILTON,CT,06897,,(203) 563-9470,97,2,1,98,92,6,2,95,90,8,2,95,88,9,3,95,,3307,1016,31,10/01/2024,09/30/2025
07C0001045,CENTRAL CONNECTICUT ENDOSCOPY CENTER,440 NEW BRITAIN AVE.,PLAINVILLE,CT,06062,,(860) 793-8500,97,3,0,98,94,5,1,96,92,7,1,97,93,6,1,97,3,1023,302,30,10/01/2024,09/30/2025
07C0001047,ENDOSCOPY CENTER OF CONNECTICUT LLC,1591 BOSTON POST RD SUITE 206,GUILFORD,CT,06437,,(203) 281-5123,98,2,0,99,95,4,1,97,92,7,1,97,93,6,1,97,,741,185,25,10/01/2024,09/30/2025
07C0001048,NORTH HAVEN SURGERY CENTER LLC,52 WASHINGTON AVE SUITE 1,NORTH HAVEN,CT,06473,,(203) 234-7727,98,2,0,99,94,5,1,96,89,10,1,96,88,10,2,96,,963,220,23,10/01/2024,09/30/2025
07C0001050,SAINT FRANCIS GI ENDOSCOPY LLC,360 BLOOMFIELD AVE STE 204,WINDSOR,CT,06095,,(860) 683-9991,99,1,0,100,95,4,1,97,95,4,1,97,91,8,1,96,3,575,179,31,10/01/2024,09/30/2025
07C0001052,EVERGREEN ENDOSCOPY CENTER LLC,2400 TAMARACK AVE SUITE 100,SOUTH WINDSOR,CT,06074,,(860) 644-7336,96,3,1,98,91,7,2,95,88,11,1,95,88,10,2,95,3,1225,311,25,10/01/2024,09/30/2025
07C0001053,GLASTONBURY ENDOSCOPY CENTER,300 WESTERN BLVD,GLASTONBURY,CT,06033,,(860) 242-0079,98,2,0,99,94,5,1,96,93,6,1,96,90,6,4,94,3,561,184,33,10/01/2024,09/30/2025
07C0001054,DIGESTIVE DISEASE ASSOCIATES ENDOSCOPY SUITE LLC,229 MONTOWESE ST,BRANFORD,CT,06405,,(203) 481-0315,99,1,0,99,96,3,1,98,94,5,1,97,94,5,1,97,3,1497,529,35,10/01/2024,09/30/2025
07C0001055,GLASTONBURY SURGERY CENTER,195 EASTERN BLVD,GLASTONBURY,CT,06033,,(860) 633-0003,98,2,0,99,93,6,1,96,94,5,1,97,94,4,2,97,3,512,180,35,10/01/2024,09/30/2025
07C0001056,MIDDLESEX CENTER FOR ADVANCED ORTHOPEDIC SURGERY,510 SAYBROOK RD,MIDDLETOWN,CT,06457,,(860) 346-2267,98,2,0,99,94,5,1,96,93,6,1,96,90,8,2,96,,921,280,30,10/01/2024,09/30/2025
07C0001058,NORWALK SURGERY CENTER LLC,"40 CROSS ST, SUITE 120",NORWALK,CT,06851,,(203) 546-3377,99,1,0,99,92,6,2,95,89,10,1,95,89,9,2,96,3,1268,282,22,10/01/2024,09/30/2025
07C0001059,RIVER VALLEY AMBULATORY SURGICAL CENTER,45 SALEM TURNPIKE,NORWICH,CT,06360,,(860) 859-9948,99,1,0,99,96,3,1,98,94,6,0,98,92,7,1,97,3,841,237,28,10/01/2024,09/30/2025
07C0001060,HHC SOUTHINGTON SURGERY CENTER LLC,81 MERIDEN AVE STE. C301,SOUTHINGTON,CT,06489,,(860) 378-8228,99,1,0,99,95,5,0,97,96,4,0,98,92,7,1,96,3,648,228,35,10/01/2024,09/30/2025
07C0001061,STAMFORD ASC LLC,200 FIRST STAMFORD PL,STAMFORD,CT,06902,,(203) 252-5400,97,3,0,99,93,5,2,96,95,4,1,96,91,8,1,97,3,733,212,29,10/01/2024,09/30/2025
07C0001062,GUILFORD SURGERY CENTER,246 GOOSE LANE SUITE 203,GUILFORD,CT,06437,,(203) 453-0416,99,1,0,99,96,3,1,98,94,5,1,97,91,6,3,95,3,746,268,36,10/01/2024,09/30/2025
07C0001063,HHC HARTFORD SURGERY CENTER LLC,"31 SEYMOUR ST, SUITE 300",HARTFORD,CT,06106,,(860) 595-3500,98,2,0,99,95,4,1,97,90,8,2,95,88,11,1,95,3,665,204,31,10/01/2024,09/30/2025
07C0001064,SPECIALTY SURGERY CENTER OF CONNECTICUT,1281 EAST MAIN ST,STAMFORD,CT,06902,,(203) 321-0777,99,1,0,100,93,6,1,96,94,6,0,97,93,6,1,97,3,857,231,27,10/01/2024,09/30/2025
07C0001065,BLOOMFIELD ASC LLC,580 COTTAGE GROVE RD,BLOOMFIELD,CT,06002,,(860) 242-2193,97,3,0,99,92,7,1,95,89,10,1,95,86,12,2,94,3,1145,290,25,10/01/2024,09/30/2025
07C0001066,WALLINGFORD ENDOSCOPY CENTER LLC,863 NORTH MAIN ST EXT SUITE 300,WALLINGFORD,CT,06492,,(203) 309-6096,99,1,0,99,94,4,2,96,91,8,1,97,92,7,1,97,3,661,138,21,10/01/2024,09/30/2025
07C0001067,ORTHOPAEDIC & SPECIALTY SURGERY CENTER,40 OLD RIDGEBURY ROAD,DANBURY,CT,06810,,(845) 238-8580,99,1,0,99,94,5,1,97,94,4,2,97,92,5,3,96,3,742,279,38,10/01/2024,09/30/2025
07C0001068,NORTH EAST ALLIANCE SURGERY CENTER,2080 WHITNEY AVE SUITE 100,HAMDEN,CT,06518,,(203) 987-3303,99,1,0,100,95,4,1,97,92,6,2,96,88,9,3,95,3,694,185,27,10/01/2024,09/30/2025
07C0001069,CONNECTICUT ORTHOPAEDIC SURGERY CENTER,205 SUB WAY,MILFORD,CT,06037,,(860) 446-7800,98,2,0,99,94,4,2,96,94,5,1,97,90,9,1,96,3,681,196,29,10/01/2024,09/30/2025
07C0001070,ROCKY HILL SURGERY CENTER,1111 CROMWELL AVE BUILDING 1,ROCKY HILL,CT,06067,,(860) 407-8100,98,2,0,99,92,7,1,96,90,8,2,95,90,8,2,95,3,646,271,42,10/01/2024,09/30/2025
07C0001071,LIGHTHOUSE SURGERY CENTER,129 WOODLAND STREET,HARTFORD,CT,06105,,(860) 573-1804,99,1,0,100,96,3,1,98,97,3,0,98,95,4,1,97,,699,297,42,10/01/2024,09/30/2025
07C0001072,SOUTHWEST CONNECTICUT SURGERY CENTER LLC,60 DANBURY ROAD,WILTON,CT,06897,,(476) 257-6500,99,1,0,99,94,4,2,96,94,5,1,97,93,5,2,97,3,623,162,26,10/01/2024,09/30/2025
07C0001073,PREMIER BARIATRIC GROUP DBA BARIATRIC AND SPECIALTY SURGERY CENTER OF STAMFORD,2001 WEST MAIN STREET SUITE 155,STAMFORD,CT,06902,,(516) 616-5500,97,2,1,98,93,6,1,96,90,6,4,95,89,7,4,95,3,621,123,20,10/01/2024,09/30/2025
08C0001001,LIMESTONE MEDICAL CENTER INC,1941 LIMESTONE RD SUITE 113,WILMINGTON,DE,19808,,(302) 633-9873,97,3,0,98,96,3,1,98,90,8,2,96,90,7,3,95,3,3034,823,27,10/01/2024,09/30/2025
08C0001003,ENDOSCOPY CENTER OF DELAWARE,1090 OLD CHURCHMAN'S RD,NEWARK,DE,19713,,(302) 892-2710,98,2,0,99,93,6,1,96,90,8,2,95,89,9,2,95,,2525,829,33,10/01/2024,09/30/2025
08C0001005,GLASGOW MEDICAL CENTER LLC,2600 GLASGOW AVE SUITE 226,NEWARK,DE,19702,,(302) 836-3539,99,1,0,99,95,4,1,97,95,4,1,98,89,8,3,94,,1131,367,32,10/01/2024,09/30/2025
08C0001006,CENTRAL DELAWARE ENDOSCOPY UNIT LLC,"644 S. QUEEN ST, SUITE 105",DOVER,DE,19904,,(302) 677-1617,96,4,0,98,90,8,2,94,84,13,3,94,83,14,3,93,,1219,330,27,10/01/2024,09/30/2025
08C0001007,CATARACT AND LASER CENTER LLC,4102 OGLETOWN STANTON RD SUITE 1,NEWARK,DE,19713,,(302) 454-8802,97,3,0,98,95,4,1,97,91,7,2,95,88,11,1,96,3,613,226,37,10/01/2024,09/30/2025
08C0001010,CTS SURGICAL ASSOCIATES LLC DBA CEDAR TREE SURGICAL CENTER,32711 LONG NECK ROAD,MILLSBORO,DE,19966,,(000) 000-0000,98,1,1,99,96,4,0,98,90,6,4,95,87,11,2,94,"3,6",196,52,27,10/01/2024,09/30/2025
08C0001011,SEASIDE ENDOSCOPY PAVILION,34444 KING ST ROW,LEWES,DE,19958,,(302) 644-3852,95,4,1,97,94,5,1,97,88,10,2,95,88,10,2,95,,3329,1181,35,10/01/2024,09/30/2025
08C0001012,ADVANCE ENDOSCOPY CENTER LLC,742 S. GOVERNORS AVE. STE 2,DOVER,DE,19904,,(302) 678-0725,99,1,0,99,94,5,1,96,88,9,3,95,83,14,3,93,3,685,123,18,10/01/2024,09/30/2025
08C0001013,FIRST STATE SURGERY CENTER LLC,"1000 TWIN C LANE, SUITE 200",NEWARK,DE,19713,,(302) 368-0700,97,3,0,98,90,8,2,94,86,12,2,95,88,9,3,94,3,1193,324,27,10/01/2024,09/30/2025
08C0001014,SPINE CARE DELAWARE,4102 OGLETOWN-STANTON RD,NEWARK,DE,19713,,(302) 894-1900,99,1,0,99,91,8,1,95,93,6,1,96,88,10,2,95,3,1776,398,22,10/01/2024,09/30/2025
08C0001015,DELAWARE SURGERY CENTER LLC,200 BANNING ST. STE. 110,DOVER,DE,19904,,(302) 736-3710,98,1,1,99,95,4,1,97,91,7,2,96,93,5,2,96,3,1185,350,30,10/01/2024,09/30/2025
08C0001018,DELAWARE EYE SURGERY CENTER LLC,18791 JOHN J. WILLIAMS HWY,REHOBOTH BEACH,DE,19971,,(302) 645-2300,97,3,0,98,89,9,2,93,86,11,3,94,79,18,3,91,3,395,196,50,10/01/2024,09/30/2025
08C0001019,MID ATLANTIC ENDOSCOPY CENTER LLC,4923 OGLETOWN-STANTON RD. #100,NEWARK,DE,19713,,(302) 993-0310,95,4,1,97,91,7,2,95,83,14,3,94,83,14,3,93,,2732,765,28,10/01/2024,09/30/2025
08C0001021,DELWARE OUTPATIENT CENTER FOR SURGERY,774 CHRISTIANA RD SUITE 2,NEWARK,DE,19713,,(302) 738-0300,98,2,0,99,94,5,1,96,91,7,2,95,89,9,2,96,3,1585,403,26,10/01/2024,09/30/2025
08C0001023,C&S MEDICAL LLC DBA DELAWARE SURGICAL ARTS,537 STANTON CHRISTIANA RD SUITE 109,NEWARK,DE,19713,,(302) 225-0178,97,3,0,98,86,12,2,92,87,12,1,95,86,11,3,94,"3,6",333,77,23,10/01/2024,09/30/2025
08C0001024,ORTHOPAEDICS SPECIALISTS SURGI CENTER LLC,1096 OLD CHURCHMAN'S RD,NEWARK,DE,19713,,(302) 351-4848,96,3,1,98,93,5,2,96,90,8,2,95,89,7,4,94,3,643,215,33,10/01/2024,09/30/2025
08C0001025,EGNM LLC DBA LEWES SURGERY CENTER,17015 OLD ORCHARD RD UNIT 4,LEWES,DE,19958,,(302) 644-3466,97,3,0,99,94,4,2,96,91,7,2,96,87,9,4,94,3,615,306,50,10/01/2024,09/30/2025
08C0001026,ROCKLAND SURGERY CENTER LP,"2710 CENTERVILLE RD, SUITE 100",WILMINGTON,DE,19808,,(302) 992-9390,98,2,0,99,94,5,1,96,89,9,2,95,89,11,0,96,,1000,298,30,10/01/2024,09/30/2025
08C0001028,SEAFORD ENDOSCOPY CENTER LLC,13 FALLON AVE,SEAFORD,DE,19973,,(302) 629-7177,99,1,0,100,96,4,0,98,99,0,1,99,96,3,1,98,3,228,109,48,10/01/2024,09/30/2025
08C0001029,CHRISTIANA SPINE AMBULATORY SURGICAL CENTER LLC,1101 TWIN C LANE SUITE 102,NEWARK,DE,19713,,(302) 996-9527,99,1,0,99,95,3,2,97,95,4,1,97,95,2,3,97,3,1955,723,37,10/01/2024,09/30/2025
08C0001032,CENTER FOR SPINE SURGERY LLC,1219 JEFFERSON STREET,WILMINGTON,DE,19801,,(302) 984-7178,99,1,0,100,95,4,1,97,97,2,1,98,94,4,2,97,,534,256,48,10/01/2024,09/30/2025
09C0001001,MEDSTAR SURGERY CENTER AT LAFAYETTE CENTRE LLC,1133 21ST STREET NORTHWEST SUITE 1000,WASHINGTON,DC,20036,,(202) 223-9040,97,3,0,98,91,7,2,95,87,12,1,94,87,12,1,95,,3006,350,12,10/01/2024,09/30/2025
09C0001002,ENDOSCOPY CENTER OF WASHINGTON DC LP,"2021 K ST NW, SUITE T-115",WASHINGTON,DC,20006,,(202) 775-8692,95,4,1,97,93,5,2,96,80,17,3,93,79,18,3,91,,1827,421,23,10/01/2024,09/30/2025
10C0001002,AMBULATORY SURGERY CENTER GROUP LTD,4500 EAST FLETCHER AVE,TAMPA,FL,33613,,(813) 977-8550,96,4,0,98,90,8,2,94,84,13,3,93,81,15,4,92,3,1063,312,29,10/01/2024,09/30/2025
10C0001004,GALLOWAY ENDOSCOPY CENTER,"7500 SW 87 AVE, STE. 101",MIAMI,FL,33173,,(786) 595-8142,94,5,1,96,86,10,4,91,80,14,6,92,75,22,3,90,3,3660,578,16,10/01/2024,09/30/2025
10C0001006,BELLEAIR SURGERY CENTER LTD,1130 PONCE DE LEON BLVD,CLEARWATER,FL,33756,,(727) 581-4800,98,2,0,99,92,7,1,95,87,11,2,95,85,11,4,93,3,1140,476,42,10/01/2024,09/30/2025
10C0001008,LEE ISLAND COAST SURGERY CENTER,4035 EVANS AVE,FORT MYERS,FL,33901,,(239) 939-7375,99,1,0,99,95,4,1,97,93,7,0,97,93,6,1,97,,786,247,35,10/01/2024,09/30/2025
10C0001011,FLORIDA EYE CLINIC AMBULATORY SURGERY CENTER,160 BOSTON AVE,ALTAMONTE SPRINGS,FL,32701,,(407) 775-7655,95,5,0,97,91,7,2,95,84,14,2,94,80,15,5,90,3,775,238,31,10/01/2024,09/30/2025
10C0001013,NEW PORT RICHEY SURGERY CENTER LTD,"9322 STATE RD 54, SUITE 100",TRINITY,FL,34655,,(727) 848-0446,98,2,0,99,93,5,2,96,93,5,2,96,92,5,3,95,3,1047,341,33,10/01/2024,09/30/2025
10C0001016,ST LUKES SURGICAL CENTER INC,43309 US HWY 19 NORTH,TARPON SPRINGS,FL,34689,,(727) 938-2020,97,2,1,98,86,10,4,91,89,7,4,94,82,12,6,91,"3,6",174,66,38,10/01/2024,09/30/2025
10C0001024,PALM BEACH OUTPATIENT SURGICAL CENTER,2889 10TH AVE N STE 203,PALM SPRINGS,FL,33461,,(561) 227-3101,,,,,,,,,,,,,,,,,1,,,,,
10C0001025,SURGERY CENTER AT UNIVERSITY PARK LLC DBA PREMIER SURGERY CENTER OF SARASOTA,983 SOUTH BENEVA RD,SARASOTA,FL,34232,,(941) 365-5355,97,3,0,99,92,7,1,95,91,7,2,95,89,8,3,95,,957,347,36,10/01/2024,09/30/2025
10C0001029,SURGICARE CENTER INC,4101 EVANS AVE,FORT MYERS,FL,33901,,(239) 335-1836,94,4,2,96,88,7,5,92,81,16,3,91,83,15,2,94,3,602,105,17,10/01/2024,09/30/2025
10C0001032,ORLANDO SURGICARE LTD,88 WEST KALEY ST,ORLANDO,FL,32806,,(407) 423-0573,98,2,0,99,95,5,0,97,87,12,1,95,84,13,3,93,3,822,296,36,10/01/2024,09/30/2025
10C0001037,MANATEE SURGICARE LTD,411 SECOND ST EAST,BRADENTON,FL,34208,,(941) 746-1121,98,2,0,99,95,5,0,98,89,9,2,95,89,9,2,95,3,811,354,44,10/01/2024,09/30/2025
10C0001041,JACKSONVILLE SURGERY CENTER LTD,7021 A.C. SKINNER PARKWAY,JACKSONVILLE,FL,32256,,(904) 281-0021,98,2,0,99,95,4,1,97,91,8,1,96,87,11,2,95,3,1286,331,26,10/01/2024,09/30/2025
10C0001044,WM DARRELL GASKINS LLC DBA GASKINS EYE CARE AND SURGERY CENTER,2335 9TH ST NORTH SUITE 304,NAPLES,FL,34103,,(239) 263-7750,92,8,0,96,87,10,3,92,74,19,7,91,85,12,3,93,"3,10",702,25,4,10/01/2024,09/30/2025
10C0001045,OPHTHALMOLOGY CENTER OF BREVARD LP  DBA ASC OF BREVARD,719 EAST NEW HAVEN AVE,MELBOURNE,FL,32901,,(321) 726-4015,97,3,0,99,94,5,1,96,89,8,3,95,87,9,4,93,,1659,405,24,10/01/2024,09/30/2025
10C0001046,STUART SURGERY CENTER LLC,2096  SOUTHEAST OCEAN BLVD,STUART,FL,34996,,(772) 263-8400,97,3,0,98,93,5,2,96,84,13,3,93,80,18,2,93,3,684,135,20,10/01/2024,09/30/2025
10C0001048,MONTGOMERY EYE CENTER,700 NEAPOLITAN WAY,NAPLES,FL,34103,,(239) 261-8383,94,5,1,96,84,12,4,90,80,15,5,91,78,18,4,91,,1802,565,31,10/01/2024,09/30/2025
10C0001050,EYE CARE AND SURGERY CENTER OF FT LAUDERDALE LLC,2540 NE 9ST,FORT LAUDERDALE,FL,33304,,(305) 755-4689,87,10,3,92,82,12,6,88,71,14,15,87,63,19,18,80,"3,6",440,54,13,10/01/2024,09/30/2025
10C0001055,COLUMBIA EYE AND SPECIALTY SURGERY CENTER LTD,4302 NORTH GOMEZ AVE,TAMPA,FL,33607,,(813) 870-6330,97,3,0,98,93,5,2,96,91,7,2,96,89,9,2,95,3,1652,623,38,10/01/2024,09/30/2025
10C0001058,AKER KASTEN EYE CENTER,1445 NW BOCA RATON BLVD.,BOCA RATON,FL,33432,,(561) 886-1023,97,3,0,98,88,7,5,92,90,7,3,95,88,9,3,94,,532,209,39,10/01/2024,09/30/2025
10C0001061,THE EYE ASSOCIATES,6002 POINTE WEST BLVD,BRADENTON,FL,34209,,(941) 792-2020,98,2,0,99,86,11,3,91,85,14,1,95,84,14,2,94,3,392,128,33,10/01/2024,09/30/2025
10C0001071,CAPE CORAL EYE CENTER PA,4120 DEL PRADO BLVD S,CAPE CORAL,FL,33904,,(239) 542-2020,97,3,0,98,90,7,3,94,88,9,3,95,86,8,6,92,,852,302,35,10/01/2024,09/30/2025
10C0001083,OUTPATIENT SURGICAL SERVICES LTD,301 N.W. 82ND AVE,PLANTATION,FL,33324,,(954) 693-8600,98,2,0,99,94,5,1,96,94,6,0,97,89,9,2,95,3,2211,543,25,10/01/2024,09/30/2025
10C0001085,ST LUCY'S OUTPATIENT SURGERY CENTER INC,21275 OLEAN BLVD,PORT CHARLOTTE,FL,33952,,(941) 625-1325,97,2,1,98,77,15,8,85,68,32,0,92,68,31,1,89,"3,6",189,54,29,10/01/2024,09/30/2025
10C0001088,CENTRAL FLORIDA EYE INSTITUTE PL,3133 SW 32ND AVE.,OCALA,FL,34474,,(352) 237-8400,98,2,0,99,94,5,1,97,94,5,1,97,87,10,3,94,3,374,159,43,10/01/2024,09/30/2025
10C0001089,ST AUGUSTINE ENDOSCOPY CENTER LLC,212 SOUTHPARK CIR EAST,SAINT AUGUSTINE,FL,32086,,(904) 824-6108,99,1,0,99,94,5,1,97,93,5,2,97,94,5,1,98,,1032,283,27,10/01/2024,09/30/2025
10C0001094,CENTRAL FLORIDA SURGICAL CENTER,11140 WEST COLONIAL DR SUITE 3,ORLANDO,FL,34761,,(407) 656-2700,95,4,1,97,92,7,1,95,81,15,4,93,81,15,4,92,3,2379,311,13,10/01/2024,09/30/2025
10C0001096,LARGO SURGERY LLC DBA WEST BAY SURGERY CENTER,1401 WEST BAY DR,LARGO,FL,33770,,(727) 585-9500,97,3,0,98,93,5,2,96,84,12,4,93,87,9,4,93,3,1257,227,18,10/01/2024,09/30/2025
10C0001125,BOYNTON BEACH ASC LLC,1717 W. WOOLBRIGHT RD.,BOYNTON BEACH,FL,33426,,(561) 737-8031,96,3,1,98,87,10,3,92,81,17,2,93,78,19,3,91,3,716,152,22,10/01/2024,09/30/2025
10C0001126,SANTA LUCIA SURGICAL CENTER LLC,2441 SOUTHWEST 37TH AVE,MIAMI,FL,33145,,(305) 442-0066,97,3,0,98,91,7,2,95,80,17,3,91,80,15,5,91,3,1422,121,9,10/01/2024,09/30/2025
10C0001131,KISSIMMEE SURGICARE LTD,2275 NORTH CENTRAL AVE,KISSIMMEE,FL,34741,,(407) 870-0573,98,2,0,99,92,6,2,95,89,9,2,95,83,15,2,93,3,1330,307,23,10/01/2024,09/30/2025
10C0001132,MERRIT ISLAND SURGERY CENTER,220 NORTH SYKES CREEK PARKWAY SUITE 101,MERRITT ISLAND,FL,32953,,(321) 459-0015,99,1,0,99,94,5,1,97,94,5,1,97,91,6,3,95,3,946,293,31,10/01/2024,09/30/2025
10C0001134,ONE DAY SURGERY CENTER,1715 SOUTHEAST TIFFANY AVE,PORT ST. LUCIE,FL,34952,,(772) 335-7005,97,3,0,98,92,7,1,96,91,6,3,96,89,9,2,95,,2138,669,31,10/01/2024,09/30/2025
10C0001137,GASTROINTESTINAL CENTER OF HIALEAH LLC,135 WEST 49TH ST,HIALEAH,FL,33012,,(305) 825-1487,96,3,1,97,92,6,2,95,52,13,35,62,49,15,36,60,"3,6",1303,92,7,10/01/2024,09/30/2025
10C0001141,TALLAHASSEE ENDOSCOPY CENTER,2400 MICCOSUKEE RD,TALLAHASSEE,FL,32308,,(850) 942-4706,97,3,0,98,86,8,6,90,91,9,0,96,96,4,0,99,"3,10",295,36,12,10/01/2024,09/30/2025
10C0001142,BAPTIST SURGERY AND ENDOSCOPY CENTERS LLC,3737 N. PINE ISLAND RD,SUNRISE,FL,33351,,(786) 595-8190,97,2,1,98,94,4,2,96,90,8,2,96,89,8,3,95,3,444,156,35,10/01/2024,09/30/2025
10C0001143,AMBULATORY SURGICAL CARE LLC,1045 NORTH COURTENAY PARKWAY,MERRITT ISLAND,FL,32953,,(321) 452-4448,,,,,,,,,,,,,,,,,1,,,,,
10C0001147,RAND SURGICAL PAVILION CORP,5 WEST SAMPLE RD.,POMPANO BEACH,FL,33064,,(954) 782-1700,96,3,1,98,91,8,1,95,86,10,4,94,82,13,5,92,3,453,177,39,10/01/2024,09/30/2025
10C0001148,MEDICAL CENTER SURGERY ASSOCIATES LP,11377 CORTEZ BLVD,BROOKSVILLE,FL,34613,,(352) 597-3060,99,1,0,99,91,7,2,95,93,5,2,96,91,6,3,96,3,868,364,42,10/01/2024,09/30/2025
10C0001154,MID FLORIDA SURGERY CENTER,17564 HWY 441,MOUNT DORA,FL,32757,,(352) 735-4100,94,5,1,96,85,12,3,91,80,16,4,92,76,19,5,90,,1884,717,38,10/01/2024,09/30/2025
10C0001156,BOCA RATON OUTPATIENT SURGERY AND LASER CENTER LTD,501 GLADES RD,BOCA RATON,FL,33432,,(561) 362-4400,99,1,0,99,94,5,1,96,95,4,1,97,91,6,3,95,3,789,216,27,10/01/2024,09/30/2025
10C0001159,COUNTRYSIDE SURGERY CENTER LTD,3291 N. MCMULLEN BOOTH RD,CLEARWATER,FL,33761,,(727) 725-5800,98,2,0,99,93,5,2,95,92,7,1,96,89,9,2,95,3,773,310,40,10/01/2024,09/30/2025
10C0001160,MAYO CLINIC JACKSONVILLE DBA MAYO CLINIC JACKSONVILLE ASC FOR G.I.,4500 SAN PABLO RD SOUTH,JACKSONVILLE,FL,32224,,(507) 293-0835,98,2,0,99,91,7,2,94,92,5,3,96,92,6,2,96,3,1738,539,31,10/01/2024,09/30/2025
10C0001162,WESTSIDE SURGERY CENTER LTD,2731 PARK ST,JACKSONVILLE,FL,32205,,(904) 389-1077,97,2,1,98,94,5,1,96,90,8,2,95,88,10,2,95,3,966,337,35,10/01/2024,09/30/2025
10C0001163,TALLAHASSEE OUTPATIENT SURGERY CENTER,"3334 CAPITAL MEDICAL BLVD, STE. 500",TALLAHASSEE,FL,32308,,(850) 877-4688,96,4,0,98,94,5,1,96,86,13,1,95,88,9,3,95,3,953,329,35,10/01/2024,09/30/2025
10C0001167,RIVERSIDE PARK SURGICENTER INC,2001 COLLEGE ST.,JACKSONVILLE,FL,32204,,(904) 355-9800,96,4,0,98,92,7,1,95,85,13,2,94,82,15,3,93,,1148,337,29,10/01/2024,09/30/2025
10C0001169,CLEARWATER AMBULATORY SURGICAL CENTERS INC,"401 CORBETT ST, SUITE 220",CLEARWATER,FL,33756,,(727) 443-0100,90,7,3,93,94,3,3,95,69,26,5,89,76,21,3,90,3,594,104,18,10/01/2024,09/30/2025
10C0001173,NORTH PALM BEACH COUNTY SURGERY CENTER LLC,4000 BURNS RD,PALM BEACH GARDENS,FL,33410,,(561) 626-6446,98,2,0,99,93,5,2,95,92,6,2,96,90,8,2,95,3,1176,390,33,10/01/2024,09/30/2025
10C0001174,EYE SURGERY AND LASER CENTER,409 AVE K SOUTHEAST,WINTER HAVEN,FL,33880,,(863) 251-8906,97,2,1,98,92,6,2,95,88,9,3,95,87,10,3,94,,4546,1550,34,10/01/2024,09/30/2025
10C0001175,VENTURE AMBULATORY SURGERY CENTER LLC,"16853 NE 2ND AVE, SUITE 400",NORTH MIAMI BEACH,FL,33162,,(305) 652-2999,95,4,1,97,91,7,2,94,85,11,4,93,81,15,4,91,3,1791,302,17,10/01/2024,09/30/2025
10C0001177,ENDOSCOPY CENTER OF OCALA,1160 SOUTHEAST 18TH PL,OCALA,FL,34471,,(352) 732-8905,96,4,0,98,93,5,2,96,89,9,2,95,89,9,2,95,,1756,642,37,10/01/2024,09/30/2025
10C0001178,NORTH FLORIDA REGIONAL FREESTANDING SURGERY CENTER LP,6705 NW 10TH PL,GAINESVILLE,FL,32605,,(352) 333-4555,98,2,0,99,96,3,1,97,93,6,1,96,91,6,3,96,3,1480,618,42,10/01/2024,09/30/2025
10C0001180,NEW SMYRNA BEACH AMBULATORY CARE CENTER INC,612 PALMETTO ST,NEW SMYRNA BEACH,FL,32168,,(386) 423-5500,96,3,1,98,92,7,1,95,86,11,3,94,83,14,3,92,3,529,126,24,10/01/2024,09/30/2025
10C0001185,VOLUSIA ENDOSCOPY AND SURGERY CENTER,550 MEMORIAL CIR SUITE G,ORMOND BEACH,FL,32174,,(386) 672-0017,98,2,0,99,93,6,1,96,88,9,3,95,86,11,3,94,,1919,604,31,10/01/2024,09/30/2025
10C0001187,CORAL SPRINGS SURGICENTER LTD,967 UNIVERSITY DR,CORAL SPRINGS,FL,33071,,(954) 341-5553,97,2,1,98,93,6,1,96,88,10,2,95,87,10,3,94,3,1212,365,30,10/01/2024,09/30/2025
10C0001189,EMERALD COAST SURGERY CENTER LP,995 MARWALT DR,FORT WALTON BEACH,FL,32547,,(850) 863-7887,98,2,0,99,93,6,1,96,88,9,3,94,87,9,4,94,3,767,197,26,10/01/2024,09/30/2025
10C0001190,NORTHWEST FLORIDA GASTROENTEROLOGY CENTER,204 EAST 19TH ST,PANAMA CITY,FL,32405,,(850) 392-1508,96,4,0,98,90,7,3,94,86,11,3,94,85,13,2,94,,1744,426,24,10/01/2024,09/30/2025
10C0001192,BARKLEY SURGICENTER INC,63 BARKLEY CIR STE. 104,FORT MYERS,FL,33907,,(239) 275-8452,96,3,1,98,85,11,4,91,83,12,5,92,82,14,4,92,,1477,350,24,10/01/2024,09/30/2025
10C0001193,NORTHWEST FLORIDA SURGICAL CENTER INC DBA NORTH FLORIDA SURGERY CENTER,4600 NORTH DAVIS HWY,PENSACOLA,FL,32503,,(850) 494-0048,96,4,0,98,92,6,2,95,91,8,1,96,94,5,1,97,3,593,138,24,10/01/2024,09/30/2025
10C0001194,WINTER PARK SURGERY CENTER LP DBA PHYSICIAN'S SURGICAL CARE CENTER,1245 ORANGE AVE,WINTER PARK,FL,32792,,(407) 647-5100,97,3,0,98,92,7,1,95,87,10,3,94,85,10,5,93,3,1761,336,19,10/01/2024,09/30/2025
10C0001196,BAY AREA ENDOSCOPY CENTER LIMITED PARTNERSHIP,5771 49TH ST NORTH,ST. PETERSBURG,FL,33709,,(727) 443-4299,98,2,0,99,91,6,3,94,88,10,2,95,89,8,3,95,3,1573,348,22,10/01/2024,09/30/2025
10C0001197,SURGICARE OF ST ANDREWS LTD,1350 E. VENICE AVE,VENICE,FL,34285,,(941) 488-2030,99,1,0,99,95,4,1,97,96,3,1,98,96,3,1,98,3,783,425,54,10/01/2024,09/30/2025
10C0001202,PHYSICIANS AMBULATORY SURGERY CENTER INC,300 CLYDE MORRIS BLVD,ORMOND BEACH,FL,32174,,(386) 672-1080,97,3,0,98,92,6,2,95,93,3,4,95,91,6,3,95,3,644,175,27,10/01/2024,09/30/2025
10C0001203,UNIVERSITY SURGERY CENTER LTD,7251 UNIVERSITY BLVD SUITE 100,WINTER PARK,FL,32792,,(407) 677-0066,97,3,0,98,94,5,1,97,89,9,2,95,86,13,1,95,,1514,271,18,10/01/2024,09/30/2025
10C0001204,CITRUS SURGERY CENTER,110 N LECANTO HWY,LECANTO,FL,34461,,(352) 527-1825,98,2,0,99,92,6,2,95,92,6,2,95,92,7,1,97,3,1139,444,39,10/01/2024,09/30/2025
10C0001205,CORAL VIEW SURGERY CENTER LLC,8390 W. FLAGER ST. STE 216,MIAMI,FL,33144,,(305) 226-5574,,,,,,,,,,,,,,,,,1,,,,,
10C0001211,SURGERY CENTER OF CORAL GABLES LLC,1097 S. LE JEJEUNE RD,CORAL GABLES,FL,33134,,(305) 755-4689,,,,,,,,,,,,,,,,,1,,,,,
10C0001214,THE OUTPATIENT CENTER OF BOYNTON BEACH,2351 SOUTH SEACREST BLVD,BOYNTON BEACH,FL,33435,,(561) 732-5900,96,3,1,98,89,7,4,93,85,12,3,93,83,14,3,93,,1066,222,21,10/01/2024,09/30/2025
10C0001217,CITRUS ENDOSCOPY CENTER,6412 W. GULF TO LAKE HWY,CRYSTAL RIVER,FL,34429,,(352) 563-0223,98,2,0,99,93,5,2,96,94,5,1,97,88,10,2,95,,1799,643,36,10/01/2024,09/30/2025
10C0001219,BREVARD SURGERY CENTER,665 SOUTH APOLLO BLVD,MELBOURNE,FL,32901,,(321) 984-3200,89,9,2,94,81,15,4,89,71,19,10,88,68,23,9,86,3,676,183,27,10/01/2024,09/30/2025
10C0001223,NORTHWEST FLORIDA SURGERY CENTER,767 AIRPORT RD.,PANAMA CITY,FL,32405,,(850) 747-0400,97,3,0,99,90,7,3,94,87,12,1,95,88,10,2,95,3,762,130,17,10/01/2024,09/30/2025
10C0001227,WIREGRASS RANCH ASC HOLDINGS LLC DBA WIREGRASS RANCH SPECIAL PROCEDURES CENTER,38135 MARKET SQUARE DRIVE SUITE 115,ZEPHYRHILLS,FL,33542,,(813) 780-8266,97,3,0,98,94,4,2,96,89,8,3,95,90,9,1,96,3,870,254,29,10/01/2024,09/30/2025
10C0001228,MELBOURNE SURGERY CENTER LLC,"95 BULLDOG BLVD, SUITE",MELBOURNE,FL,32901,,(321) 729-9493,98,2,0,99,95,4,1,97,87,10,3,95,86,11,3,94,3,722,240,33,10/01/2024,09/30/2025
10C0001229,MIAMI ASC LP,5101 SOUTHWEST 8TH ST,MIAMI,FL,33134,,(305) 461-1881,,,,,,,,,,,,,,,,,1,,,,,
10C0001234,WEST FLORIDA MEDICAL CENTER CLINIC PA,8333 N. DAVIS HWY,PENSACOLA,FL,32514,,(850) 474-8625,98,1,1,98,94,6,0,97,89,9,2,95,92,7,1,96,3,867,201,23,10/01/2024,09/30/2025
10C0001236,DELRAY BEACH SURGERY CENTER,4800 LINTON BOULEVARD BUILDING B,DELRAY BEACH,FL,33445,,(561) 495-9111,97,2,1,98,89,8,3,93,86,12,2,94,83,15,2,93,,949,282,30,10/01/2024,09/30/2025
10C0001238,ST JOHNS SURGERY CENTER INC,8901 CONFERENCE DR,FORT MYERS,FL,33919,,(239) 481-8833,98,2,0,99,89,8,3,93,91,8,1,95,85,14,1,94,"3,6",212,83,39,10/01/2024,09/30/2025
10C0001242,BRADENTON SURGERY CENTER INC,2902 59TH ST WEST SUITES F AND G,BRADENTON,FL,34209,,(941) 792-9685,98,2,0,99,95,4,1,97,91,7,2,96,91,6,3,95,,671,246,37,10/01/2024,09/30/2025
10C0001244,LAKE SURGERY AND ENDOSCOPY CENTER LTD,"8100 COUNTY RD 44, LEG A",LEESBURG,FL,34788,,(352) 323-8868,91,7,2,94,83,14,3,90,64,24,12,86,68,23,9,86,"3,6",385,73,19,10/01/2024,09/30/2025
10C0001245,SURGICARE OF CENTRAL FLORIDA LTD,900 GRIFFIN RD,LAKELAND,FL,33805,,(863) 686-3344,96,4,0,98,89,7,4,93,89,8,3,94,86,11,3,94,3,1798,106,6,10/01/2024,09/30/2025
10C0001246,SURGERY CENTER OCALA,3241 SOUTHWEST 34TH ST,OCALA,FL,34474,,(352) 237-5906,,,,,,,,,,,,,,,,,1,,,,,
10C0001249,AMBULATORY SURGICAL FACILITY OF S. FLORIDA LLLP,501 NORTH FLAMINGO RD,PEMBROKE PINES,FL,33028,,(954) 430-1700,98,2,0,99,93,6,1,96,91,7,2,96,87,9,4,94,,2034,532,26,10/01/2024,09/30/2025
10C0001250,PINELLAS SURGERY CENTER LTD DBA CENTER FOR SPECIAL SURGERY,4650 4TH ST NORTH,SAINT PETERSBURG,FL,33703,,(727) 527-1919,96,3,1,98,87,10,3,92,85,10,5,93,82,13,5,92,3,1241,228,18,10/01/2024,09/30/2025
10C0001252,ENDOSCOPY GROUP LLC,4810 N. DAVIS HWY,PENSACOLA,FL,32503,,(850) 474-8988,94,3,3,95,90,9,1,95,91,9,0,96,89,7,4,94,"3,6",270,52,19,10/01/2024,09/30/2025
10C0001253,BERAJA HEALTHCARE CORPORATION,2550 SOUTH DOUGLAS RD,CORAL GABLES,FL,33134,,(305) 443-7070,96,3,1,98,89,9,2,93,81,12,7,93,74,19,7,88,"3,10",564,38,7,10/01/2024,09/30/2025
10C0001254,OCALA EYE SURGERY CENTER INC,3330 SW 33RD RD.,OCALA,FL,34474,,(352) 873-9311,98,2,0,99,93,6,1,96,91,7,2,96,91,9,0,97,3,361,179,50,10/01/2024,09/30/2025
10C0001255,GULFSHORE ENDOSCOPY INC,1084 GOODLETTE RD,NAPLES,FL,34102,,(239) 649-1186,96,3,1,98,90,8,2,94,78,19,3,92,79,18,3,92,,1343,353,26,10/01/2024,09/30/2025
10C0001257,SURGICAL CENTER OF NORTH FLORIDA LLC,6520 NORTHWEST BLVD,GAINESVILLE,FL,32605,,(352) 745-7202,,,,,,,,,,,,,,,,,1,,,,,
10C0001260,DOCTORS SAME DAY SURGERY CENTER LTD,"5741 BEE RIDGE RD, SUITE 100",SARASOTA,FL,34233,,(941) 342-1303,97,3,0,99,93,5,2,95,88,9,3,95,84,12,4,92,3,1116,466,42,10/01/2024,09/30/2025
10C0001262,NORTH FLORIDA SURGERY CENTER INC,256 SW PROFESSIONAL GLEN,LAKE CITY,FL,32025,,(386) 758-8937,98,2,0,99,96,3,1,97,92,7,1,96,91,7,2,96,3,580,142,24,10/01/2024,09/30/2025
10C0001263,BHS AMBULATORY SURGERY CENTER AT BAPTIST LTD,"8940 N. KENDALL DR, STE. 201E",MIAMI,FL,33176,,(786) 595-8142,97,3,0,98,94,5,1,96,90,7,3,96,89,10,1,96,3,907,257,28,10/01/2024,09/30/2025
10C0001264,TREASURE COAST CENTER FOR SURGERY,1155 SOUTHEAST MONTEREY ROAD EXTENSION,STUART,FL,34994,,(772) 286-8028,98,2,0,99,93,6,1,96,93,6,1,96,89,9,2,95,,788,293,37,10/01/2024,09/30/2025
10C0001267,NORTHPOINT SURGERY CTR,200 NORTHPOINT PKWY,WEST PALM BEACH,FL,33407,,(561) 615-0110,97,2,1,98,89,8,3,93,94,5,1,97,88,11,1,96,"3,6",391,70,18,10/01/2024,09/30/2025
10C0001268,RIVERSIDE SURGERY CENTER INC,14410 US HWY 1,SEBASTIAN,FL,32958,,(772) 589-8111,97,3,0,99,96,3,1,98,85,12,3,95,84,13,3,94,3,461,167,36,10/01/2024,09/30/2025
10C0001272,WATSON CLINIC ASC LLC DBA WATSON CLINIC SURGERY CENTER,1315 NORTH FLORIDA AVENUE,LAKELAND,FL,33805,,(863) 683-2268,97,3,0,98,93,6,1,96,89,9,2,95,90,7,3,95,3,1357,492,36,10/01/2024,09/30/2025
10C0001273,PORT ST LUCIE SURGERY CENTER LTD,1310 S. E. WEST STAR AVE,PORT ST LUCIE,FL,34952,,(772) 337-5200,99,1,0,99,94,5,1,96,92,7,1,97,90,8,2,96,3,627,229,37,10/01/2024,09/30/2025
10C0001276,LAKE CITY SURGERY CENTER LLC,208 SOUTHWEST PROSPERITY PL,LAKE CITY,FL,32024,,(386) 758-6094,96,3,1,98,90,7,3,93,90,6,4,95,84,12,4,92,3,1068,257,26,10/01/2024,09/30/2025
10C0001277,RIVERWALK ASC LLC,"8350 RIVERWALK PARK BLVD, STE. 4",FORT MYERS,FL,33919,,(239) 489-4909,97,3,0,98,95,4,1,97,91,6,3,96,89,6,5,94,3,754,360,48,10/01/2024,09/30/2025
10C0001280,SURGERY CENTER OF MELBOURNE,1401 SOUTH APOLLO BLVD,MELBOURNE,FL,32903,,(321) 802-5762,97,3,0,98,94,5,1,97,92,7,1,96,89,9,2,95,,2074,619,30,10/01/2024,09/30/2025
10C0001284,LAKESIDE SURGERY LTD,1825 N. MILLS AVE.,ORLANDO,FL,32803,,(407) 206-2375,92,7,1,95,85,12,3,91,79,14,7,91,83,12,5,92,3,1505,146,10,10/01/2024,09/30/2025
10C0001287,THE PALMETTO SURGERY CENTER,2140 W. 68 ST. STE. 102,HIALEAH,FL,33016,,(605) 512-8220,,,,,,,,,,,,,,,,,1,,,,,
10C0001288,NOVAMED SURGERY CENTER OF ORLANDO DBA DOWNTOWN SURGERY CENTER,801 NORTH ORANGE AVE SUITE 630,ORLANDO,FL,32801,,(407) 650-0051,97,2,1,98,92,6,2,95,88,10,2,95,85,12,3,94,3,1088,279,26,10/01/2024,09/30/2025
10C0001289,THE CLEARWATER ORTHOPAEDIC ASC LLC,2238 DREW ST,CLEARWATER,FL,33765,,(727) 724-5654,,,,,,,,,,,,,,,,,1,,,,,
10C0001291,CITRUS UROLOGY CENTER INC,3075 WEST GULF TO LAKE HWY,LECANTO,FL,34461,,(352) 527-0102,95,4,1,97,92,5,3,94,82,12,6,93,87,11,2,95,3,536,105,20,10/01/2024,09/30/2025
10C0001293,WINTER HAVEN AMBULATORY SURGICAL CENTER LLC,325 AVE B NW,WINTER HAVEN,FL,33881,,(469) 893-6573,97,3,0,98,91,7,2,95,88,11,1,95,91,7,2,96,,900,201,22,10/01/2024,09/30/2025
10C0001297,PHYSICIANS DAY SURGERY CENTER,850 111TH AVE NORTH,NAPLES,FL,34108,,(239) 596-2557,96,3,1,98,92,6,2,95,86,10,4,94,88,10,2,95,3,657,241,37,10/01/2024,09/30/2025
10C0001299,LAKE WORTH SURGICAL CENTER,7408 LAKE WORTH RD SUITE 900,LAKE WORTH,FL,33467,,(561) 433-5700,99,1,0,99,95,5,0,97,87,13,0,96,87,12,1,95,"3,10",307,42,14,10/01/2024,09/30/2025
10C0001300,OUTPATIENT SURGERY CENTER OF BOCA,950 NW 13TH ST,BOCA RATON,FL,33486,,(561) 391-7642,95,4,1,97,89,8,3,93,85,12,3,94,83,13,4,92,3,1400,353,25,10/01/2024,09/30/2025
10C0001302,TAMARAC SURGERY CENTER LLC DBA THE SURGERY CENTER OF FORT LAUDERDALE,4485 NORTH STATE RD 7,LAUDERDALE LAKES,FL,33319,,(954) 735-0096,93,6,1,96,85,11,4,91,75,18,7,90,76,18,6,89,,1295,176,14,10/01/2024,09/30/2025
10C0001303,MNH GI SURGICAL CENTER LLC,1101 N. MAITLAND AVE.,MAITLAND,FL,32751,,(407) 644-4222,97,3,0,98,91,7,2,95,91,8,1,96,89,11,0,96,,1281,224,17,10/01/2024,09/30/2025
10C0001304,BARDMOOR SURGERY CENTER LLC,"8787 BRYAN DIARY RD, # 300",LARGO,FL,33777,,(727) 394-6609,98,1,1,99,92,6,2,95,93,5,2,96,91,7,2,96,,2086,552,26,10/01/2024,09/30/2025
10C0001308,FORT MYERS SURGERY CENTER,13051 UNIVERSITY DR SUITE 102,FORT MYERS,FL,33907,,(239) 887-3608,97,3,0,98,88,9,3,92,86,11,3,94,82,15,3,93,,721,200,28,10/01/2024,09/30/2025
10C0001314,NORTH FLORIDA GI CENTER DBA NORTH FLORIDA ENDOSCOPY CENTER,6400 WEST NEWBERRY RD SUITE 201,GAINESVILLE,FL,32605,,(352) 333-5999,98,2,0,99,94,5,1,97,89,9,2,95,89,9,2,95,,1448,357,25,10/01/2024,09/30/2025
10C0001315,SOUTHEASTERN SURGERY CENTER,2000 CENTRE POINT BLVD.,TALLAHASSEE,FL,32308,,(850) 878-9992,96,4,0,98,90,9,1,95,82,17,1,93,82,16,2,93,"3,6",633,97,16,10/01/2024,09/30/2025
10C0001319,JACKSONVILLE ENDOSCOPY CENTERS LLC DBA JACKSONVILLE CENTER FOR ENDOSCOPY,1610 BARRS ST SUITE B,JACKSONVILLE,FL,32204,,(904) 387-6750,97,3,0,98,91,7,2,94,89,8,3,95,85,10,5,93,,1237,232,19,10/01/2024,09/30/2025
10C0001321,MUSCULOSKELETAL AMBULATORY SURGERY CENTER INC,8000 STATE ROUTE 64 EAST SUITE 205,BRADENTON,FL,34212,,(941) 782-0101,98,1,1,98,92,7,1,96,93,7,0,98,94,6,0,98,3,501,126,25,10/01/2024,09/30/2025
10C0001322,THE GABLES SURGICAL CENTER,401 SOUTHWEST 42ND SUITE 201,MIAMI,FL,33134,,(305) 447-0882,96,4,0,98,94,4,2,96,91,9,0,97,82,17,1,94,"3,6",744,61,8,10/01/2024,09/30/2025
10C0001323,ARMENIA AMBULATORY SURGERY CENTER DBA MEDICAL VILLAGE SURGICAL CENTER,2333 WEST HILLSBOROUGH AVE SUITE 120,TAMPA,FL,33603,,(813) 871-9032,96,4,0,98,92,6,2,95,88,9,3,95,82,15,3,92,3,1862,283,15,10/01/2024,09/30/2025
10C0001324,TOTAL EYE CARE SURGERY CENTER INC,640 SOUTH LAKE ST SUITE 101,LEESBURG,FL,34748,,(352) 728-1952,99,1,0,100,94,4,2,96,92,6,2,96,90,10,0,97,6,341,95,28,10/01/2024,09/30/2025
10C0001325,MANATEE SURGICAL CENTER LLC,601 MANATEE AVE. WEST,BRADENTON,FL,34205,,(941) 745-2727,98,2,0,99,92,6,2,95,91,7,2,96,89,9,2,95,,6109,2306,38,10/01/2024,09/30/2025
10C0001326,EYE CENTER OF NORTH FLORIDA DBA THE LASER AND SURGERY CENTER,2500 MARTIN LUTHER KING JR BLVD,PANAMA CITY,FL,32405,,(850) 784-3937,97,3,0,98,89,9,2,94,90,7,3,95,88,10,2,95,3,418,123,29,10/01/2024,09/30/2025
10C0001327,BAPTIST MEDICAL PARK SURGERY CENTER LLC,9400 UNIVERSITY PKWY SUITE 102,PENSACOLA,FL,32514,,(850) 208-6306,98,2,0,99,94,4,2,96,92,7,1,97,90,8,2,95,,2249,613,27,10/01/2024,09/30/2025
10C0001331,WESTON OUTPATIENT SURGICAL CENTER,2229 NORTH COMMERCE PARKWAY,WESTON,FL,33326,,(954) 703-3000,98,2,0,99,91,6,3,94,89,10,1,96,86,11,3,94,,1923,359,19,10/01/2024,09/30/2025
10C0001332,LASER AND SURGERY CENTER OF THE PALM BEACHES,3602 KYOTO GARDENS DR,PALM BEACH GARDENS,FL,33410,,(561) 799-3388,96,3,1,98,89,8,3,93,89,9,2,95,88,9,3,95,,1084,321,30,10/01/2024,09/30/2025
10C0001333,FLORIDA ENDOSCOPY AND SURGERY CENTER LLC,12900 CORTEZ BLVD. STE. 103,BROOKSVILLE,FL,34613,,(352) 596-1145,98,2,0,99,93,6,1,96,92,6,2,96,88,9,3,95,3,641,231,36,10/01/2024,09/30/2025
10C0001334,GAINESVILLE FL ORTHOPAEDIC ASC LLC DBA ORTHOPAEDIC SURGERY CENTER,4600 WEST NEWBERRY RD,GAINESVILLE,FL,32607,,(352) 367-2310,98,2,0,99,94,5,1,97,95,4,1,97,91,7,2,96,,1869,631,34,10/01/2024,09/30/2025
10C0001335,SURGERY CENTER OF WESTON LLC,2300 N COMMERCE PKWY STE. 206,WESTON,FL,33326,,(954) 986-7079,96,4,0,98,91,7,2,95,85,10,5,94,81,15,4,92,3,467,107,23,10/01/2024,09/30/2025
10C0001336,GULF COAST ENDOSCOPY CENTER,7152 COCA SABAL LANE,FORT MYERS,FL,33908,,(239) 985-0215,97,3,0,98,94,5,1,97,90,8,2,96,90,7,3,95,,2282,951,42,10/01/2024,09/30/2025
10C0001339,BAYVIEW SURGERY CENTER,2800 BAHIA VISTA ST SUITE 300,SARASOTA,FL,34239,,(941) 373-9808,95,3,2,97,87,9,4,92,79,17,4,92,86,13,1,95,,758,158,21,10/01/2024,09/30/2025
10C0001340,ADULT AND CHILDREN'S SURGERY CENTER OF SW FL,5238 MASON CORBIN CT,FORT MYERS,FL,33907,,(239) 936-9700,97,2,1,98,92,6,2,95,82,13,5,92,73,21,6,88,3,860,234,27,10/01/2024,09/30/2025
10C0001341,LASER AND SURGICAL SERVICES AT CENTER FOR SIGHT LLC,2601 SOUTH TAMIAMI TRAIL,SARASOTA,FL,34239,,(941) 925-2020,97,3,0,99,89,9,2,94,85,13,2,95,84,14,2,94,,1015,337,33,10/01/2024,09/30/2025
10C0001342,SUNCOAST ENDOSCOPY CENTER,3621 EAST FOREST DR,INVERNESS,FL,34453,,(352) 637-2787,97,3,0,98,91,7,2,95,91,7,2,95,89,9,2,95,3,1968,647,33,10/01/2024,09/30/2025
10C0001345,GULF COAST ENDOSCOPY CENTER OF VENICE LLC,1220 E. VENICE AVE,VENICE,FL,34285,,(941) 484-5000,98,2,0,99,90,8,2,94,94,4,2,97,88,10,2,95,3,842,177,21,10/01/2024,09/30/2025
10C0001346,ENDOSURG OUTPATIENT CENTER LLC,13838 U.S. HWY 441,LADY LAKE,FL,32159,,(352) 323-8868,95,5,0,98,92,4,4,94,89,9,2,95,80,17,3,92,"3,6",458,69,15,10/01/2024,09/30/2025
10C0001347,ST MICHAELS SURGERY CENTER,1018 WEST BAY DR,LARGO,FL,33770,,(727) 585-2200,95,5,0,98,89,9,2,93,88,7,5,94,87,11,2,95,"3,6",399,53,13,10/01/2024,09/30/2025
10C0001349,JACKSONVILLE BEACH SURGERY CENTER LLC,"3316 SOUTH 3RD ST, STE. 200",JACKSONVILLE BEACH,FL,32250,,(904) 493-4000,96,4,0,98,92,6,2,95,90,9,1,96,86,13,1,95,3,1238,311,25,10/01/2024,09/30/2025
10C0001350,BAPTIST HEALTH ENDOSCOPY CENTER AT FLAGLER,1117 NORTH OLIVE AVENUE SUITE 201,WEST PALM BEACH,FL,33401,,(561) 327-7492,93,6,1,96,92,7,1,95,91,7,2,96,87,8,5,93,3,518,102,20,10/01/2024,09/30/2025
10C0001352,COLLIER ENDOSCOPY AND SURGERY CENTER,3439 PINE RIDGE RD,NAPLES,FL,34109,,(239) 260-7324,94,5,1,97,86,10,4,91,78,17,5,91,74,21,5,89,3,761,116,15,10/01/2024,09/30/2025
10C0001354,LEE HEALTHCARE INVESTMENTS LLC DBA LEE HEALTH UROLOGY SURGERY CENTER,12631 WHITEHALL DRIVE,FORT MYERS,FL,33907,,(239) 343-9000,98,2,0,99,88,8,4,92,91,8,1,96,92,8,0,97,3,397,127,33,10/01/2024,09/30/2025
10C0001355,WESTSIDE OUTPATIENT CENTER LLC,460 N. STATE RD. 7,ROYAL PALM BEACH,FL,33411,,(561) 792-7333,97,3,0,98,92,7,1,95,88,10,2,95,86,12,2,95,3,1332,366,27,10/01/2024,09/30/2025
10C0001356,SARASOTA AMBULATORY SURGERY CENTER,2921 PROCTOR RD,SARASOTA,FL,34231,,(941) 870-1872,96,3,1,98,92,6,2,95,82,13,5,92,75,20,5,89,3,764,226,30,10/01/2024,09/30/2025
10C0001358,KISSIMMEE ENDOSCOPY CENTER,715 OAK COMMMONS BLVD,KISSIMMEE,FL,34741,,(407) 931-2816,95,4,1,97,91,7,2,94,86,11,3,94,83,14,3,92,,1859,391,21,10/01/2024,09/30/2025
10C0001360,JUPITER OUTPATIENT SURGERY CENTER LLC,"2055 MILITARY TRAIL, SUITE 100",JUPITER,FL,33458,,(561) 741-1705,98,2,0,99,94,4,2,96,92,6,2,95,91,6,3,96,3,795,235,30,10/01/2024,09/30/2025
10C0001362,DESTIN SURGERY CENTER LLC,1225 AIRPORT ROAD,DESTIN,FL,32541,,(850) 650-7606,99,1,0,99,94,5,1,97,93,7,0,97,94,5,1,98,,805,252,31,10/01/2024,09/30/2025
10C0001363,DOCTORS GI PARTNERSHIP LTD DBA HEALTH FIRST SURGERY CENTER AT BABCOCK,5191 BABCOCK STREET NORTHEAST,PALM BAY,FL,32905,,(321) 434-1919,98,2,0,99,95,4,1,97,93,6,1,97,92,5,3,96,,1045,307,29,10/01/2024,09/30/2025
10C0001364,FLORIDA ORTHOPAEDIC INSTITUTE SURGERY CENTER LLC,13060 N. TELECOM PARKWAY,TEMPLE TERRACE,FL,33637,,(813) 972-4905,96,4,0,98,87,11,2,93,86,14,0,94,83,16,1,94,3,577,113,20,10/01/2024,09/30/2025
10C0001366,NORTH PINELLAS SURGERY CENTER,2323 CURLEW RD BUILDING 5,DUNEDIN,FL,34698,,(727) 771-8333,97,2,1,98,92,7,1,96,91,8,1,96,90,9,1,96,,1269,328,26,10/01/2024,09/30/2025
10C0001367,CENTER FOR DIGESTIVE ENDOSCOPY,1817 NORTH MILLS AVE,ORLANDO,FL,32803,,(407) 241-3221,94,5,1,97,93,5,2,95,86,10,4,94,85,11,4,93,,2172,514,24,10/01/2024,09/30/2025
10C0001371,CHARLOTTE ENDOSCOPIC SURGERY CENTER LLC DBA CHARLOTTE ENDOSCOPIC SURGERY CENTER,23970 SUNCOAST BLVD,PORT CHARLOTTE,FL,33908,,(947) 625-3636,96,3,1,98,91,7,2,94,83,13,4,93,80,17,3,92,,966,370,38,10/01/2024,09/30/2025
10C0001372,GLADIOLUS SURGERY CENTER LLC,7431 GLADIOLUS DR.,FORT MYERS,FL,33908,,(239) 689-7000,97,3,0,98,92,7,1,95,86,11,3,94,82,15,3,92,3,918,350,38,10/01/2024,09/30/2025
10C0001373,WEST COAST ENDOSCOPY CENTER,616 E ST,CLEARWATER,FL,33756,,(727) 447-0888,94,5,1,97,92,5,3,95,84,13,3,93,81,15,4,91,3,841,299,36,10/01/2024,09/30/2025
10C0001377,OPHTHALMOLOGY SURGERY CENTER OF ORLANDO LLC DBA ORLANDO OPHTHALMOLOGY SURGERY CENTER,105 BONNIE LOCH CT,ORLANDO,FL,32806,,(407) 428-0040,95,4,1,97,91,7,2,94,81,16,3,92,80,19,1,93,,871,239,27,10/01/2024,09/30/2025
10C0001378,SUNCOAST ENDOSCOPY OF SARASOTA LLC,2089 HAWTHORNE ST SUITE 100,SARASOTA,FL,34239,,(941) 952-1145,97,3,0,99,94,5,1,97,92,7,1,96,90,8,2,96,3,813,327,40,10/01/2024,09/30/2025
10C0001380,LIVE OAK ENDOSCOPY CENTER LLC,275 18TH ST SUITE 101,VERO BEACH,FL,32960,,(772) 299-5005,97,3,0,98,93,5,2,95,90,7,3,95,89,8,3,94,3,700,189,27,10/01/2024,09/30/2025
10C0001382,PALM ENDOSCOPY CENTER,"623 MAITLAND AVE, SUITE 1100",ALTAMONTE SPRINGS,FL,32701,,(407) 478-0871,98,2,0,99,94,5,1,97,93,6,1,97,91,7,2,96,,6650,1387,21,10/01/2024,09/30/2025
10C0001385,LARGO AMBULATORY SURGERY CENTER LLC,148 13TH ST SW,LARGO,FL,33770,,(727) 450-3030,95,4,1,97,85,10,5,90,88,6,6,93,81,13,6,91,3,1344,253,19,10/01/2024,09/30/2025
10C0001387,SURGERY CENTER OF AVENTURA LTD,"20601 EAST DIXIE HWY, SUITE 400",AVENTURA,FL,33180,,(305) 792-0323,96,3,1,98,93,6,1,96,87,7,6,94,83,12,5,92,3,1237,260,21,10/01/2024,09/30/2025
10C0001388,KENDALL ENDOSCOPY CENTER,7875 SOUTHWEST 104 ST #201,MIAMI,FL,33156,,(305) 270-7572,96,3,1,98,93,5,2,95,89,8,3,95,86,10,4,94,,2159,365,17,10/01/2024,09/30/2025
10C0001389,JACKSONVILLE ENDOSCOPY CENTERS LLC DBA JACKSONVILLE CENTER FOR ENDOSCOPY SOUTHSIDE,4800 BELFORT RD,JACKSONVILLE,FL,32256,,(904) 265-4801,97,3,0,98,91,7,2,94,91,8,1,96,89,10,1,96,,1753,309,18,10/01/2024,09/30/2025
10C0001390,CORAL GABLES SURGERY CENTER,"2645 DOUGLAS RD, SUITE 400",MIAMI,FL,33133,,(305) 461-3229,96,3,1,98,92,6,2,95,89,8,3,95,83,11,6,91,,1337,212,16,10/01/2024,09/30/2025
10C0001391,GROVE PLACE SURGERY CENTER LLC,"1325 36TH ST, STE. B",VERO BEACH,FL,32960,,(772) 778-3113,99,1,0,99,94,4,2,96,92,7,1,96,92,7,1,97,3,573,233,41,10/01/2024,09/30/2025
10C0001392,CENTER FOR ENDOSCOPY INC,3325 SOUTH TAMIAMI TRAIL SUITE 100,SARASOTA,FL,34239,,(941) 552-3480,98,2,0,99,92,7,1,95,92,7,1,96,90,8,2,96,,1258,422,34,10/01/2024,09/30/2025
10C0001395,THE SURGICAL CENTER OF THE TREASURE COAST,9075 SOUTH FEDERAL HWY,PORT ST. LUCIE,FL,34952,,(772) 398-9898,99,1,0,99,92,6,2,95,95,4,1,97,91,8,1,96,3,651,273,42,10/01/2024,09/30/2025
10C0001396,UPDEGRAFF VISION LASER AND SURGERY CENTER,1601 38TH AVE N,ST PETERSBURG,FL,33713,,(727) 822-4287,97,2,1,98,90,8,2,94,86,11,3,94,86,11,3,94,3,564,170,30,10/01/2024,09/30/2025
10C0001397,SURGERY CENTER OF VOLUSIA LLC,"3635  S. CLYDE MORRIS BLVD., STE. 500",PORT ORANGE,FL,32129,,(386) 760-8151,98,2,0,99,94,5,1,97,92,7,1,97,91,7,2,96,,2859,1079,38,10/01/2024,09/30/2025
10C0001400,MIAMI SURGICAL CENTER,7600 SOUTHWEST AVE SUITE 200,MIAMI,FL,33173,,(305) 595-2414,96,3,1,98,90,7,3,94,86,10,4,93,83,14,3,92,3,2244,284,13,10/01/2024,09/30/2025
10C0001401,TRINITY SURGERY CENTER LLC DBA BAYCARE SURGERY CENTER,2020 TRINITY OAKS BLVD,TRINITY,FL,34667,,(727) 372-4055,98,2,0,99,94,5,1,96,95,4,1,97,94,5,1,97,,1537,437,28,10/01/2024,09/30/2025
10C0001404,THE SURGERY AND ENDOSCOPY CENTER LLC,3201 PHYSICIANS WAY,SEBRING,FL,33870,,(863) 471-0786,93,4,3,95,92,6,2,95,87,10,3,93,85,10,5,92,"3,10",352,49,14,10/01/2024,09/30/2025
10C0001405,LARGO ENDOSCOPY CENTER LP,"7300 BRYAN DAIRY RD, STE. 495",LARGO,FL,33777,,(727) 451-6780,98,2,0,99,93,5,2,95,89,8,3,96,90,9,1,96,3,773,198,26,10/01/2024,09/30/2025
10C0001406,AESCULAPIAN SURGERY CENTER LLC DBA INTERCOASTAL MEDICAL GROUP AMBULATORY SURGERY CENTER,3333 CATTLEMEN RD SUITE 100,SARASOTA,FL,34232,,(941) 379-5884,98,2,0,99,92,6,2,95,89,9,2,95,86,10,4,94,,1478,548,37,10/01/2024,09/30/2025
10C0001407,PANAMA CITY SURGERY CENTER,1800 JENKS AVE,PANAMA CITY,FL,32405,,(850) 769-3191,97,3,0,98,95,4,1,97,92,5,3,96,90,8,2,96,3,965,275,28,10/01/2024,09/30/2025
10C0001413,WIREGRASS RANCH ASC HOLDINGS DBA WIREGRASS RANCH AMBULATORY SURGERY CENTER,14547 BRUCE B. DOWNS BLVD,TAMPA,FL,33613,,(813) 978-1494,93,6,1,96,89,9,2,93,80,16,4,92,76,20,4,90,3,930,252,27,10/01/2024,09/30/2025
10C0001414,ORLANDO FL ENDOSCOPY ASC LLC DBA CITRUS AMBULATORY SURGERY CENTER,2861 SOUTH DELANEY AVE SUITE B,ORLANDO,FL,32806,,(407) 472-5095,95,4,1,97,90,8,2,94,84,12,4,93,80,16,4,91,,6817,1205,18,10/01/2024,09/30/2025
10C0001415,BAYSIDE AMBULATORY CENTER LLC,3641 SOUTH MIAMI AVE,MIAMI,FL,33133,,(305) 854-3636,96,3,1,97,90,8,2,94,86,10,4,94,82,14,4,92,3,1791,309,17,10/01/2024,09/30/2025
10C0001416,EYE SURGERY CENTER OF SAINT AUGUSTINE INC,1400 US HWY 1 SOUTH,ST AUGUSTINE,FL,32084,,(904) 829-2286,99,1,0,99,93,6,1,96,89,8,3,95,91,8,1,97,3,466,168,36,10/01/2024,09/30/2025
10C0001418,THE SURGERY CENTER AT JENSEN BEACH LLC,3995 NW GOLDENROD RD,JENSEN BEACH,FL,34957,,(772) 497-0020,97,3,0,98,90,7,3,94,89,8,3,95,88,10,2,95,,619,228,37,10/01/2024,09/30/2025
10C0001422,ADVANCED EYE SURGERY CENTER LLC,2500 US HWY 1,VERO BEACH,FL,32960,,(772) 299-1404,98,2,0,99,91,7,2,95,94,5,1,97,92,7,1,97,3,654,226,35,10/01/2024,09/30/2025
10C0001423,VILLAGES ENDOSCOPY AND SURGICAL CENTER LLC,10900 SE 174TH PL RD,SUMMERFIELD,FL,34491,,(352) 245-7427,97,3,0,98,90,8,2,94,86,11,3,94,85,12,3,94,,1231,478,39,10/01/2024,09/30/2025
10C0001425,NAPLES EYE SURGERY CENTER,1890 SW HEALTH PKWY SUITE 105,NAPLES,FL,34109,,(239) 598-3653,95,4,1,97,90,7,3,93,80,13,7,92,74,23,3,90,"3,10",89,33,37,10/01/2024,09/30/2025
10C0001428,SOUTH FLORIDA AMBULATORY SURGICAL CENTER LLC,6110 SOUTHWEST 70TH ST,SOUTH MIAMI,FL,33143,,(305) 662-3100,95,4,1,97,90,8,2,94,80,14,6,92,77,18,5,90,,1466,212,14,10/01/2024,09/30/2025
10C0001429,LAKE MARY SURGERY CENTER LLC,460 ST CHARLES CT,LAKE MARY,FL,32746,,(407) 585-0260,97,3,0,99,93,6,1,96,88,11,1,95,85,11,4,93,3,1276,363,29,10/01/2024,09/30/2025
10C0001430,PARK PL SURGERY CENTER LLC,2450 MAITLAND CNETER PARKWAY SUITE 100,MAITLAND,FL,32751,,(407) 875-0296,97,2,1,98,92,6,2,95,83,14,3,93,80,16,4,91,3,1409,217,15,10/01/2024,09/30/2025
10C0001431,SURGERY CENTER OF ATLANTIS LLC,5645 SOUTH MILITARY TRAIL,LAKE WORTH,FL,33463,,(561) 964-3966,97,3,0,98,93,6,1,96,91,8,1,96,88,9,3,94,3,2181,592,27,10/01/2024,09/30/2025
10C0001432,LAKELAND REGIONAL HEALTH SURGERY CENTER LLC,818 GRIFFIN ROAD,LAKELAND,FL,33805,,(863) 687-0566,96,3,1,98,91,7,2,95,84,13,3,93,83,13,4,93,,2853,911,32,10/01/2024,09/30/2025
10C0001433,BAYONET POINT SURGERY CENTER LTD,14104 YOSEMITE DR,HUDSON,FL,34667,,(727) 869-5040,98,2,0,99,91,6,3,94,92,7,1,96,92,5,3,96,3,781,309,40,10/01/2024,09/30/2025
10C0001434,MILLENIA SURGERY CENTER,4901 SOUTH VINELAND RD #150,ORLANDO,FL,32811,,(407) 370-3272,93,6,1,96,89,9,2,94,83,12,5,92,78,15,7,89,3,5708,554,10,10/01/2024,09/30/2025
10C0001435,EYE SURGERY AND LASER CENTER,5030 US HWY 27 NORTH,SEBRING,FL,33870,,(863) 385-1074,97,3,0,98,89,9,2,94,88,10,2,95,87,10,3,94,,2342,825,35,10/01/2024,09/30/2025
10C0001440,THE TAMPA FL ENDOSCOPY ASC LLC DBA TAMPA BAY ENDOSCOPY,4809 NORTH ARMENIA AVE SUITE 100,TAMPA,FL,33603,,(813) 872-9310,94,5,1,96,90,8,2,94,82,13,5,92,78,17,5,90,,9558,1234,13,10/01/2024,09/30/2025
10C0001442,TAMPA BAY SURGERY CENTER LTD,2727 W. DR. MARTIN LUTHER KING JR. BLVD,TAMPA,FL,33607,,(813) 357-5900,98,2,0,99,87,9,4,91,82,17,1,95,75,18,7,89,"3,10",205,29,14,10/01/2024,09/30/2025
10C0001444,ROCKLEDGE FL ENDOSCOPY ASC LLC,"1974 ROCKLEDGE BLVD, SUITE 102",ROCKLEDGE,FL,32955,,(321) 504-4440,97,3,0,99,96,4,0,98,94,5,1,97,93,5,2,96,,2180,766,35,10/01/2024,09/30/2025
10C0001448,ALLIANCE SURGICAL CENTER LLC,917 RINEHART RD SUITE 1001,LAKE MARY,FL,32746,,(407) 708-5383,98,2,0,99,93,5,2,96,90,9,1,96,90,9,1,96,3,1250,290,23,10/01/2024,09/30/2025
10C0001449,PORT ORANGE ENDOSCOPY AND SURGERY CENTER,1185 DUNLAWTON AVE SUITE 100,PORT ORANGE,FL,32127,,(386) 672-0017,98,2,0,99,95,4,1,97,90,9,1,96,89,8,3,95,,1830,585,32,10/01/2024,09/30/2025
10C0001451,DOCTORS OUTPATIENT SURGERY CENTER LLC,1005 CROSSPOINTE DR. # 2,NAPLES,FL,34110,,(239) 566-5748,99,1,0,99,92,8,0,96,82,17,1,95,85,15,0,95,"3,6",728,68,10,10/01/2024,09/30/2025
10C0001453,SOUTH BROWARD ENDOSCOPY,11011 SHERIDAN ST SUITE 106,COOPER CITY,FL,33026,,(954) 450-8312,97,2,1,98,92,6,2,95,88,10,2,95,86,11,3,93,3,4209,823,20,10/01/2024,09/30/2025
10C0001456,SEVEN HILLS SURGERY CENTER LLC,2010 FLEISCHMANN RD,TALLAHASSEE,FL,32308,,(850) 552-0608,95,5,0,98,93,7,0,96,89,10,1,96,87,12,1,96,3,641,150,24,10/01/2024,09/30/2025
10C0001457,TALLAHASSEE NEUROSURGERY PAIN MGMT DBA TALLAHASSEE MEMORIAL CTR FOR PAIN MGMT,2824 MAHAN DRIVE SUITE 2,TALLAHASSEE,FL,32308,,(850) 558-1270,95,5,0,98,91,7,2,95,93,3,4,95,96,3,1,99,"3,6",442,68,16,10/01/2024,09/30/2025
10C0001458,CLERMONT AMBULATORY SURGICAL CENTER,"255 CITRUS TOWER BLVD, SUITE 100",CLERMONT,FL,34711,,(352) 536-6340,96,4,0,98,92,7,1,96,86,14,0,96,90,10,0,97,3,560,126,23,10/01/2024,09/30/2025
10C0001459,CENTRAL FLORIDA ENDOSCOPY AND SURGICAL INSTITUTE OF OCALA LLC,3256 S. PINE AVE,OCALA,FL,34471,,(352) 401-1919,93,6,1,96,85,11,4,91,78,15,7,90,71,22,7,87,3,1107,150,14,10/01/2024,09/30/2025
10C0001460,MEDICAL ARTS SURGERY CENTER AT SOUTH MIAMI,"6200 SUNSET DR, STE. 200",MIAMI,FL,33143,,(786) 595-8190,97,3,0,98,93,5,2,96,90,4,6,93,86,11,3,94,3,1552,287,18,10/01/2024,09/30/2025
10C0001461,UNIVERSITY INTERVENTIONAL CENTER,5102 NORTH DAVIS HWY,PENSACOLA,FL,32503,,(850) 549-4960,98,2,0,99,94,5,1,97,86,14,0,96,82,15,3,92,"3,6",377,73,19,10/01/2024,09/30/2025
10C0001466,CAPE CORAL SURGERY CENTER,"2721 DEL PRADO BLVD, STE. 100",CAPE CORAL,FL,33904,,(239) 242-8010,98,1,1,99,92,7,1,95,89,7,4,95,92,7,1,97,3,623,206,33,10/01/2024,09/30/2025
10C0001467,PHYSICIANS OF WINTER HAVEN LLC,2400 DUNDEE RD,WINTER HAVEN,FL,33884,,(863) 293-8471,98,2,0,99,95,4,1,97,89,9,2,96,87,11,2,94,,706,238,34,10/01/2024,09/30/2025
10C0001468,ST PETERSBURG ENDOSCOPY CENTER LLC,560 JACKSON ST. STE. 200,ST PETERSBURG,FL,33705,,(727) 820-7500,96,3,1,98,92,6,2,95,87,12,1,95,87,12,1,95,,981,233,24,10/01/2024,09/30/2025
10C0001470,PALMS WEST SURGERY CENTER LTD,12961 PALMS WEST DR,LOXAHATCHEE,FL,33470,,(561) 793-0437,97,3,0,98,91,7,2,95,92,6,2,96,86,12,2,94,3,1311,306,23,10/01/2024,09/30/2025
10C0001471,LASER AND OUTPATIENT SURGERY CENTER,6925 NORTHWEST 11TH PL,GAINESVILLE,FL,32605,,(352) 331-1590,98,2,0,99,92,7,1,95,91,8,1,97,90,8,2,95,3,805,221,27,10/01/2024,09/30/2025
10C0001472,SURGERY CENTER OF PORT CHARLOTTE LTD,"21260 OLEAN BLVD, SUITE 105",PORT CHARLOTTE,FL,33952,,(941) 235-5800,98,2,0,99,93,6,1,96,91,7,2,96,88,10,2,95,3,1005,404,40,10/01/2024,09/30/2025
10C0001474,MURDOCK AMBULATORY SURGERY CENTER LLC,1400 EDUCATION WAY,PORT CHARLOTTE,FL,33948,,(941) 625-9800,97,3,0,98,87,10,3,92,87,11,2,95,87,11,2,95,,810,282,35,10/01/2024,09/30/2025
10C0001475,SUNCOAST SPECIALTY SURGERY CENTER LLLP,4519 US HWY 19 NORTH,NEW PORT RICHEY,FL,34652,,(727) 853-1851,90,9,1,94,84,13,3,90,83,11,6,91,81,15,4,92,"3,10",323,37,12,10/01/2024,09/30/2025
10C0001476,HALLANDALE OUTPATIENT SURGICAL CENTERLTD,306 EAST HALLANDALE BEACH BLVD,HALLANDALE BEACH,FL,33009,,(954) 458-1689,95,4,1,97,86,11,3,91,83,11,6,91,76,19,5,89,3,1214,218,18,10/01/2024,09/30/2025
10C0001477,SOUTH COUNTY OUTPATIENT SURGERY CENTER,16244 SOUTH MILITARY TRAIL SUITE 670,DELRAY BEACH,FL,33484,,(561) 637-5808,97,3,0,98,92,6,2,95,81,18,1,93,87,13,0,96,"3,6",427,59,14,10/01/2024,09/30/2025
10C0001478,BAPTIST SURGERY AND ENDOSCOPY CENTERS LLC DBA BAPTIST HEALTH SURGERY CENTER AT SOUTH PALM,1905 CLINT MOORE RD SUITE 115,BOCA RATON,FL,33496,,(561) 509-5084,97,3,0,98,91,7,2,94,87,12,1,95,80,16,4,92,3,2079,425,20,10/01/2024,09/30/2025
10C0001479,SOUTHPOINT SURGERY CENTER LLC,"7051 SOUTHPOINT PARKWAY, 1ST FLOOR",JACKSONVILLE,FL,32216,,(904) 403-5979,97,2,1,98,93,5,2,96,88,10,2,95,88,9,3,95,3,685,212,31,10/01/2024,09/30/2025
10C0001480,TRAILS EDGE SURGERY CENTER LLC,28930 TRAILS EDGE BOULEVARD SUITE 100,BONITA SPRINGS,FL,34134,,(000) 000-0000,97,2,1,98,90,8,2,94,86,11,3,94,83,15,2,93,3,850,260,31,10/01/2024,09/30/2025
10C0001481,BASCOM PALMER SURGERY CENTER,7103 FAIRWAY DR,PALM BEACH GARDENS,FL,33418,,(561) 355-8505,,,,,,,,,,,,,,,,,1,,,,,
10C0001483,FLEMING ISLAND SURGERY CENTER,1670 EAGLE HARBOR PKWY STE. B,ORANGE PARK,FL,32003,,(904) 644-0700,96,3,1,98,91,7,2,95,86,12,2,94,86,11,3,94,3,731,210,29,10/01/2024,09/30/2025
10C0001485,CAPITAL CITY SURGERY CENTER OF FLORIDA LLC,2807-2 CAPITAL MEDICAL BLVD.,TALLAHASSEE,FL,32308,,(850) 402-4107,97,3,0,98,90,8,2,94,82,16,2,93,83,14,3,93,,1350,273,20,10/01/2024,09/30/2025
10C0001486,PARKCREEK ASC LLC,6806 NORTH STATE ROAD 7,COCONUT CREEK,FL,33073,,(000) 000-0000,97,2,1,98,90,8,2,94,89,8,3,94,88,9,3,95,,1102,224,20,10/01/2024,09/30/2025
10C0001488,CENTER OF SURGICAL EXCELLENCE OF VENICE FLORIDA LLC,8421 POINTE LOOP DR,VENICE,FL,34293,,(941) 412-2100,96,3,1,97,86,11,3,92,81,18,1,93,77,21,2,91,"3,6",933,54,6,10/01/2024,09/30/2025
10C0001489,NEW TAMPA SURGERY CENTER,2407 CYPRESS RIDGE BLVD,WESLEY CHAPEL,FL,33544,,(813) 978-1494,98,2,0,99,91,8,1,95,88,10,2,95,86,13,1,95,3,720,240,33,10/01/2024,09/30/2025
10C0001490,ANDREWS INSTITUTE AMBULATORY SURGERY CENTER,1040 GULF BREEZE PARKWAY SUITE 100,GULF BREEZE,FL,32561,,(850) 916-8623,99,1,0,100,92,7,1,96,99,1,0,99,96,3,1,98,3,568,173,31,10/01/2024,09/30/2025
10C0001494,CENTER ONE SURGERY CENTER,10475 CENTURION PKWY N # 101,JACKSONVILLE,FL,32256,,(904) 652-2328,96,4,0,98,93,6,1,96,90,10,0,96,86,14,0,95,3,628,126,20,10/01/2024,09/30/2025
10C0001495,BAY AREA SURGICENTER LLC,6043 WINTHROP COMMERCE AVE SUITE 101,RIVERVIEW,FL,33578,,(813) 699-1200,97,3,0,98,93,6,1,96,91,8,1,96,89,7,4,94,3,4464,1370,31,10/01/2024,09/30/2025
10C0001496,ADVENTHEALTH SURGERY CENTER WELLSWOOD LLC,513 NORTH ARMENIA AVENUE,TAMPA,FL,33603,,(000) 000-0000,94,5,1,97,87,10,3,92,78,15,7,90,72,22,6,88,,1688,239,14,10/01/2024,09/30/2025
10C0001497,PHYSICIANS OUTPATIENT SURGERY CENTER LLC,1000 NE 56TH ST.,FORT LAUDERDALE,FL,33334,,(945) 229-8618,96,3,1,98,92,5,3,94,89,9,2,95,85,10,5,92,"3,6",409,86,21,10/01/2024,09/30/2025
10C0001498,ST MARKS SURGICAL CENTER,6820 INTERNATIONAL CENTER BLVD,FORT MYERS,FL,33912,,(239) 210-0301,93,5,2,95,87,9,4,92,80,13,7,91,78,18,4,91,"3,6",543,80,15,10/01/2024,09/30/2025
10C0001500,EYE SURGERY CENTER OF NORTH FLORIDA LLC,7205 BONNEVAL RD,JACKSONVILLE,FL,32256,,(904) 296-4331,97,3,0,98,92,6,2,95,91,7,2,96,84,14,2,94,3,424,117,28,10/01/2024,09/30/2025
10C0001501,SAME DAY SURGERY CENTER,6733 GAU BLVD,ZEPHYRHILLS,FL,33542,,(813) 783-8242,98,2,0,99,93,6,1,96,89,9,2,95,89,7,4,94,3,663,214,32,10/01/2024,09/30/2025
10C0001504,GULF COMPREHENSIVE SURG CTR,1750 ENGLEWOOD RD,ENGLEWOOD,FL,34223,,(941) 681-3555,98,2,0,99,93,5,2,96,90,9,1,96,92,7,1,97,,1533,601,39,10/01/2024,09/30/2025
10C0001505,LAKE ENDOSCOPY CENTER LLC,17355 SOUTHEAST 109TH TERRACE RD,SUMMERFIELD,FL,34491,,(352) 671-3909,97,3,0,99,95,4,1,97,92,6,2,96,90,9,1,96,,852,320,38,10/01/2024,09/30/2025
10C0001506,PREMIER ENDOSCOPY CENTER LLC,1656 MEDICAL BLVD SUITE 201,NAPLES,FL,34110,,(239) 449-4945,95,3,2,97,88,8,4,92,87,9,4,93,79,17,4,91,"3,10",348,45,13,10/01/2024,09/30/2025
10C0001507,SAND LAKE SURGERY CENTER LP,7477 SAND LAKE COMMONS BLVD,ORLANDO,FL,32819,,(407) 264-9633,99,1,0,99,94,5,1,97,91,8,1,96,89,9,2,95,3,937,241,26,10/01/2024,09/30/2025
10C0001509,BLUE SPRINGS SURGERY CENTER,1053 MEDICAL DR SUITE 201,ORANGE CITY,FL,32763,,(386) 878-8080,98,2,0,99,93,6,1,96,90,8,2,96,86,11,3,93,,2017,646,32,10/01/2024,09/30/2025
10C0001512,TLC ASC LLC DBA TLC OUTPATIENT SURGERY AND LASER CENTER,201 WEST GUAVA ST,LADY LAKE,FL,32159,,(352) 391-5875,96,3,1,98,88,10,2,93,90,9,1,95,85,13,2,94,,568,226,40,10/01/2024,09/30/2025
10C0001513,TAMPA MINIMALLY INVASIVE SPINE SURGERY CENTER,5329 PRIMROSE LAKE CIR,TAMPA,FL,33647,,(813) 463-9762,98,2,0,99,93,6,1,96,91,7,2,96,87,11,2,95,,1504,236,16,10/01/2024,09/30/2025
10C0001514,THE SURGERY CENTER OF THE VILLAGES LLC,17560 SE 109TH TERRACE RD,SUMMERFIELD,FL,34491,,(352) 735-2020,96,3,1,97,89,9,2,94,85,12,3,94,82,14,4,92,,805,313,39,10/01/2024,09/30/2025
10C0001519,THE SURGERY CENTER AT DORAL,3650 NORTHWEST 82ND AVE UNIT 101,DORAL,FL,33122,,(305) 341-7282,96,3,1,98,89,8,3,93,85,10,5,93,82,13,5,91,3,1201,174,15,10/01/2024,09/30/2025
10C0001520,SURGERY CENTER OF KEY WEST LLC,931 TOPPINO DR,KEY WEST,FL,33040,,(305) 293-1801,97,3,0,98,95,4,1,97,91,8,1,97,90,8,2,96,,604,136,23,10/01/2024,09/30/2025
10C0001521,RIVERWALK AMBULATORY SURGERY CENTER,200 3RD AVE WEST SUITE 170,BRADENTON,FL,34205,,(941) 220-6786,97,3,0,98,88,8,4,92,85,12,3,94,82,14,4,91,,828,208,25,10/01/2024,09/30/2025
10C0001524,TREASURE COAST SURGICAL CENTER INC,1811 SOUTH 25TH ST,FORT PIERCE,FL,34947,,(772) 467-1960,96,3,1,98,92,6,2,95,88,8,4,93,83,15,2,93,3,903,174,19,10/01/2024,09/30/2025
10C0001525,TGH SURGERY CENTER AT MORSANI DBA TGH SURGERY CENTER,13330 USF LAUREL DR 2ND FLOOR,TAMPA,FL,33612,,(813) 974-2446,97,2,1,98,93,5,2,95,91,6,3,96,91,7,2,96,3,1282,395,31,10/01/2024,09/30/2025
10C0001526,SEASCAPE SURGERY CENTER LLC,5379 PRIMROSE LAKE CIR.,TAMPA,FL,33647,,(813) 977-2040,,,,,,,,,,,,,,,,,1,,,,,
10C0001528,CORAL RIDGE OUTPATIENT CENTER LLC,5301 NORTH DIXIE HWY.,OAKLAND PARK,FL,33334,,(954) 832-3300,97,2,1,98,92,5,3,95,88,10,2,95,85,13,2,94,,950,249,26,10/01/2024,09/30/2025
10C0001531,CARILLON SURGERY CENTER LLC,900 CARILLON PARKWAY SUITE 205,ST. PETERSBURG,FL,33716,,(727) 561-2710,97,2,1,98,94,5,1,96,92,6,2,96,89,10,1,96,,1956,512,26,10/01/2024,09/30/2025
10C0001532,SARASOTA PHYISCIANS SURGICAL CENTER,3201 SOUTH TAMIAMI TRAIL,SARASOTA,FL,34239,,(941) 556-3515,98,2,0,99,93,6,1,96,93,6,1,96,92,6,2,96,3,402,142,35,10/01/2024,09/30/2025
10C0001534,PARK CENTER FOR PROCEDURES LLC,8255 COLLEGE PARKWAY SUITE 100,FORT MYERS,FL,33919,,(239) 437-8000,96,4,0,98,90,8,2,94,91,7,2,96,85,13,2,94,3,485,124,26,10/01/2024,09/30/2025
10C0001535,PACAYA BAY SURGERY CENTER LLC,13981 MCGREGOR BLVD SUITE 102,FORT MYERS,FL,33919,,(239) 275-8898,98,2,0,99,95,5,0,98,93,5,2,96,91,7,2,96,3,566,228,40,10/01/2024,09/30/2025
10C0001536,SPACE COAST SURGERY CENTER,595 COURTENAY PARKWAY SUITE 103,MERRITT ISLAND,FL,32953,,(321) 890-1800,96,3,1,97,97,2,1,98,89,6,5,94,84,12,4,92,3,1211,308,25,10/01/2024,09/30/2025
10C0001538,ADVANCED SURGERY CENTER OF PALM BEACH COUNTY LLC,"5065 STATE RD 7, STE. 101",LAKE WORTH,FL,33449,,(561) 273-2340,95,5,0,97,90,6,4,93,86,9,5,94,88,10,2,95,"3,6",530,50,9,10/01/2024,09/30/2025
10C0001539,SURGERY CENTER OF PEMBROKE PINES LLC DBA BROWARD SPECIALTY SURGICAL CENTER,7261 SHERIDAN ST SUITE 100A,HOLLYWOOD,FL,33024,,(954) 322-4222,98,2,0,99,88,9,3,93,89,8,3,95,83,15,2,94,,1623,243,15,10/01/2024,09/30/2025
10C0001540,APOLLO SURGERY CENTER,375 SOUTH WICKHAM RD,MELBOURNE,FL,32904,,(321) 726-9393,97,3,0,99,92,7,1,95,90,8,2,95,83,15,2,93,3,583,160,27,10/01/2024,09/30/2025
10C0001541,RIVERSIDE SURGICAL CENTERLLC,"7207 GOLDEN WINGS RD, SUITE 100",JACKSONVILLE,FL,32244,,(904) 386-1010,99,1,0,100,98,1,1,99,99,1,0,99,93,5,2,96,3,932,167,18,10/01/2024,09/30/2025
10C0001543,WESTCHASE SURGERY CENTER LTD,10901 SHELDON RD,TAMPA,FL,33626,,(813) 343-3101,96,4,0,98,91,6,3,94,87,9,4,95,84,9,7,91,3,639,132,21,10/01/2024,09/30/2025
10C0001544,ATLANTIC SURGERY AND LASER CENTER LLC,8040 NORTH WICKHAM RD,MELBOURNE,FL,32940,,(321) 757-7276,98,2,0,99,92,7,1,95,93,5,2,96,88,10,2,95,3,668,238,36,10/01/2024,09/30/2025
10C0001545,SURGICARE OF MIRAMAR LLC,14601 SOUTHWEST 29TH ST SUITE 301,MIRAMAR,FL,33027,,(954) 266-3807,97,2,1,98,93,6,1,96,92,7,1,96,87,11,2,94,,1415,205,15,10/01/2024,09/30/2025
10C0001546,FORT MYERS EYE SURGERY CENTER LLC,"4790 BARKLEY CIR, BLDG. C101",FORT MYERS,FL,33907,,(239) 277-1778,96,4,0,98,82,14,4,89,79,18,3,93,69,21,10,85,"3,10",112,42,38,10/01/2024,09/30/2025
10C0001547,MID FLORIDA ENDOSCOPY AND SURGERY CENTER LLC,"1950 SW 18TH CT, SUITE 102",OCALA,FL,34471,,(352) 789-6575,96,4,0,98,86,8,6,90,93,7,0,95,91,7,2,96,"3,6",605,73,12,10/01/2024,09/30/2025
10C0001549,TITUSVILLE CENTER FOR SURGICAL EXCELLENCE LLC,814 SOUTH WASHIGNTON AVE,TITUSVILLE,FL,32796,,(321) 567-6300,98,2,0,99,97,2,1,98,95,5,0,97,95,4,1,98,,464,184,40,10/01/2024,09/30/2025
10C0001550,ORLANDO ORTHOPAEDIC OUTPATIENT SURGERY CENTER LLC,45 W. CRYSTAL LAKE ST. SUITE 300,ORLANDO,FL,32806,,(561) 630-6277,98,2,0,99,92,6,2,95,90,10,0,96,90,9,1,96,3,1170,256,22,10/01/2024,09/30/2025
10C0001551,MAITLAND SURGERY CENTER,790 CONCOURSE PARKWAY SOUTH SUITE 100,MAITLAND,FL,32751,,(407) 691-3331,96,4,0,98,94,5,1,97,87,11,2,95,86,11,3,94,3,745,222,30,10/01/2024,09/30/2025
10C0001552,NATIONAL SURGICAL CENTERS OF AMERICA LLC,"1693 LEE RD, SUITE A",WINTER PARK,FL,32789,,(407) 287-4300,97,3,0,98,92,7,1,95,88,10,2,95,84,12,4,93,3,1078,247,23,10/01/2024,09/30/2025
10C0001553,COLONIAL OUTPATIENT SURGERY CENTER,4571 COLONIAL BOULEVARD SUITE 200,NAPLES,FL,33966,,(000) 000-0000,97,2,1,98,92,7,1,95,88,9,3,95,86,12,2,94,3,807,325,40,10/01/2024,09/30/2025
10C0001554,EYE SPECIALISTS LASER AND SURGERY CENTER INC,12453 S. CLEVELAND AVE.,FORT MYERS,FL,33907,,(239) 284-1690,95,4,1,97,87,10,3,92,80,18,2,94,83,15,2,93,"3,6",1406,95,7,10/01/2024,09/30/2025
10C0001555,BAPTIST SURGERY AND ENDO CENTERS DBA BAPTIST HEALTH ENDO CTR AT GALLOWAY SOUTH,7600 SOUTHWEST 87TH AVENUE SUITE 100,MIAMI,FL,33173,,(786) 595-8190,98,1,1,99,92,7,1,96,90,7,3,95,84,9,7,90,3,2888,495,17,10/01/2024,09/30/2025
10C0001559,SAFETY HARBOR ASC COMPANY LLC DBA SAFETY HARBOR SURGERY CENTER,3280 NORTH MCMULLEN BOOTH RD SUITE 110,CLEARWATER,FL,33761,,(727) 787-3000,98,2,0,99,93,6,1,96,89,9,2,95,90,8,2,96,,857,321,38,10/01/2024,09/30/2025
10C0001560,SURGCENTER PINELLAS LLC,12416 66TH ST. N STE. D,LARGO,FL,33773,,(727) 408-5310,97,3,0,99,90,8,2,94,87,11,2,94,82,17,1,94,,753,238,32,10/01/2024,09/30/2025
10C0001561,RED HILLS SURGICAL CENTER LLC,1608 SURGEON DR,TALLAHASSEE,FL,32308,,(850) 702-5020,99,1,0,100,94,5,1,96,97,3,0,98,94,6,0,98,3,1455,254,17,10/01/2024,09/30/2025
10C0001562,SANTA FE SURGERY CENTER LLC,"8564 E CR 466, STE. 101",LADY LAKE,FL,32162,,(352) 561-4950,97,2,1,98,92,6,2,95,89,10,1,95,84,13,3,93,3,793,346,44,10/01/2024,09/30/2025
10C0001563,NEW VISION SURGICAL CENTER LLC,1055 37TH PL,VERO BEACH,FL,32960,,(772) 257-8700,97,3,0,99,94,6,0,97,91,6,3,96,92,7,1,97,3,615,128,21,10/01/2024,09/30/2025
10C0001567,BAPTIST SURGERY AND ENDOSCOPY CENTERS LLC,"3001 CORAL HILLS DR., STE. 200",CORAL SPRINGS,FL,33065,,(786) 595-8190,97,3,0,99,95,4,1,97,92,7,1,96,89,9,2,95,3,681,155,23,10/01/2024,09/30/2025
10C0001568,ENDOSURGICAL CENTER OF FLORIDA,100 NORTH DEAN RD STE 102,ORLANDO,FL,32825,,(407) 506-0006,96,2,2,97,90,5,5,93,68,20,12,87,80,4,16,85,"3,10",266,33,13,10/01/2024,09/30/2025
10C0001569,THE CENTER FOR SPECIALIZED SURGERY AT FORT MYERS,2565 CLEVELAND AVE.,FORT MYERS,FL,33901,,(239) 344-8012,96,3,1,98,93,5,2,95,93,5,2,96,90,8,2,96,3,706,241,34,10/01/2024,09/30/2025
10C0001571,SURGERY CENTRE OF SW FLORIDA LLC,665 DEL PRADO BLVD S.,CAPE CORAL,FL,33990,,(239) 772-3636,97,2,1,98,90,8,2,94,86,11,3,94,82,15,3,92,,692,215,31,10/01/2024,09/30/2025
10C0001572,ST  LUKES SURGICAL AT THE VILLAGES INC,1050 OLD CAMP RD BUILDING 230,THE VILLAGES,FL,32162,,(727) 938-2020,97,2,1,98,92,6,2,95,91,8,1,96,88,7,5,93,3,230,104,45,10/01/2024,09/30/2025
10C0001573,ADVANCED SURGERY CENTER OF ORLANDO LLC,"6900 TURKEY LAKE RD, STE. 2-5",ORLANDO,FL,32819,,(407) 354-5401,95,5,0,98,88,9,3,93,87,9,4,94,85,13,2,94,3,595,175,30,10/01/2024,09/30/2025
10C0001574,CORNERSTONE SURGICARE LLC,511 HEWITT ST,PENSACOLA,FL,32503,,(850) 912-6505,97,3,0,98,91,7,2,94,88,10,2,96,89,10,1,96,,671,170,25,10/01/2024,09/30/2025
10C0001575,TAVARES SURGERY LLC,1878 MAYO DR,TAVARES,FL,32778,,(352) 508-5401,97,3,0,98,89,8,3,93,87,11,2,94,84,15,1,94,,1003,318,32,10/01/2024,09/30/2025
10C0001576,THE OUTPATIENT CENTER OF DELRAY,4675 LINTON BLVD STE 101,DELRAY BEACH,FL,33445,,(561) 499-9585,96,3,1,97,91,7,2,94,85,13,2,94,85,12,3,94,,925,230,25,10/01/2024,09/30/2025
10C0001577,ADVANCED SURGERY CENTER OF SARASOTA LLC,2621 CATTLEMEN RD SUITE 100,SARASOTA,FL,34232,,(941) 444-5510,98,2,0,99,95,4,1,97,95,4,1,97,92,6,2,96,,594,245,41,10/01/2024,09/30/2025
10C0001578,SURGCENTER NORTHEAST LLC,2438 DR MLK JR STREET NORTH SUITE C,ST PETERSBURG,FL,33704,,(727) 565-0740,98,2,0,99,87,11,2,92,93,6,1,96,83,16,1,94,,810,160,20,10/01/2024,09/30/2025
10C0001579,SURGCENTER OF ORANGE PARK LLC,"1465 KINGSLEY AVE., STE. 1201",ORANGE PARK,FL,32073,,(904) 385-4854,99,1,0,99,93,6,1,96,92,8,0,97,92,6,2,96,,1033,229,22,10/01/2024,09/30/2025
10C0001581,RIVERSIDE KINGSLEY ENDOSCOPY SURGICENTER DBA RIVERSIDE ENDOSCOPY CENTER,2151 RIVERSIDE AVENUE SUITE 1,JACKSONVILLE,FL,32204,,(904) 687-2800,95,4,1,97,90,7,3,94,85,10,5,94,84,11,5,92,3,3440,743,22,10/01/2024,09/30/2025
10C0001582,LONGLEAF SURGERY CENTER,3010 STARKEY BLVD,NEW PORT RICHEY,FL,34655,,(727) 372-0600,98,2,0,99,91,7,2,95,89,9,2,96,86,12,2,94,,652,201,31,10/01/2024,09/30/2025
10C0001583,NATIONAL SURGICAL CENTERS OF AMERICA LLC,13945 NORTH US HWY 441,LADY LAKE,FL,32159,,(352) 561-2900,97,3,0,98,90,8,2,94,87,11,2,95,85,12,3,93,3,692,248,36,10/01/2024,09/30/2025
10C0001584,NATIONAL SURGICAL CENTERS OF AMERICA LLC,5365 WEST ATLANTIC AVENUE SUITE 501,DELRAY BEACH,FL,33484,,(561) 279-3500,96,4,0,98,87,10,3,92,83,13,4,93,83,16,1,94,3,374,102,27,10/01/2024,09/30/2025
10C0001586,MARION SURGERY CENTER LLC,2207 SW 1ST AVE,OCALA,FL,34471,,(352) 732-4020,97,3,0,99,90,7,3,94,91,7,2,96,83,16,1,93,,624,212,34,10/01/2024,09/30/2025
10C0001588,SURGCENTER OF PALM BEACH GARDENS LLC,900 VILLAGE SQUARE CROSSING SUITE 100,PALM BEACH GARDENS,FL,33410,,(561) 429-6880,98,2,0,99,91,7,2,95,87,10,3,95,88,10,2,95,,1111,262,24,10/01/2024,09/30/2025
10C0001589,ADVANCED SURGERY CENTER OF TAMPA LLC,1881 W. KENNEDY BLVD,TAMPA,FL,33606,,(813) 693-5000,97,2,1,98,88,8,4,92,88,8,4,95,84,12,4,93,,659,107,16,10/01/2024,09/30/2025
10C0001590,BIOSPINE LLC,5301 AVION PARK DR,TAMPA,FL,33607,,(813) 443-2108,96,3,1,98,89,9,2,93,88,10,2,96,85,12,3,94,3,758,250,33,10/01/2024,09/30/2025
10C0001592,NATIONAL SURGICAL CENTERS OF AMERICA LLC,"150 SOUTH WEST CHAMBER CT, SUITE 105",PORT ST LUCIE,FL,34986,,(772) 879-5300,97,2,1,98,92,5,3,95,80,17,3,93,77,19,4,90,"3,6",228,63,28,10/01/2024,09/30/2025
10C0001594,MIAMI CHILDRENS HOSPITAL AMBULATORY SURGERY CENTER,"800 SW 108TH AVE, STE. 200",MIAMI,FL,33174,,(305) 228-7554,,,,,,,,,,,,,,,,,1,,,,,
10C0001595,FLORIDA ORTHOPAEDIC INSTITUTE SURGERY CENTER LLC,6119 GUNN HWY,TAMPA,FL,33625,,(813) 972-4905,98,2,0,99,92,6,2,95,87,12,1,95,86,13,1,95,3,779,193,25,10/01/2024,09/30/2025
10C0001596,SEASIDE SURGERY CENTER,1879 VETERANS PARK DR SUITE 1101,NAPLES,FL,34109,,(239) 592-4955,97,3,0,99,92,7,1,96,94,5,1,97,94,5,1,97,,575,283,49,10/01/2024,09/30/2025
10C0001599,COMPREHENSIVE SURGERY CENTER LLC,407 S. AURORA AVE,CLEARWATER,FL,33765,,(727) 314-4243,99,1,0,100,97,2,1,98,98,2,0,98,93,5,2,97,"3,6",547,86,16,10/01/2024,09/30/2025
10C0001600,ADVENTHEALTH SURGERY CENTER DAVENPORT LLC,107 PARK PLACE BOULEVARD,DAVENPORT,FL,33837,,(863) 419-2812,94,5,1,96,88,9,3,92,83,12,5,92,78,17,5,90,,1707,385,23,10/01/2024,09/30/2025
10C0001601,SELECT PHYSICIANS SURGERY CENTER,3440 WEST MARTIN LUTHER KING JR BLVD SUITE 103,TAMPA,FL,33607,,(813) 321-1618,98,2,0,99,90,7,3,94,88,10,2,95,86,12,2,94,,1046,194,19,10/01/2024,09/30/2025
10C0001602,TRINITY AMBULATORY SURGICAL CENTER LLC,11308 STATE ROAD 54,NEW PORT RICHEY,FL,34655,,(727) 859-1034,,,,,,,,,,,,,,,,,1,,,,,
10C0001603,THE ORTHOPAEDIC SURGERY CENTER OF OCALA,1600 SOUTHEAST 17TH ST,OCALA,FL,34471,,(352) 512-9210,98,2,0,99,94,5,1,96,93,6,1,97,91,7,2,96,,1208,517,43,10/01/2024,09/30/2025
10C0001605,HABANA AMBULATORY SURGERY CENTER LLC,4726 N HABANA AVE STE 100,TAMPA,FL,33614,,(813) 769-8855,,,,,,,,,,,,,,,,,1,,,,,
10C0001607,ORTHOPEDIC SURGERY CENTER OF PALM BEACH COUNTY,10275 HAGEN RANCH RD,BOYNTON BEACH,FL,33415,,(561) 300-1400,97,3,0,98,91,7,2,94,90,8,2,95,86,12,2,94,3,904,236,26,10/01/2024,09/30/2025
10C0001608,SURGCENTER OF ST. LUCIE,10521 SOUTHWEST VILLAGE CENTER DR #104,PORT ST. LUCIE,FL,34987,,(772) 345-8600,97,2,1,98,92,7,1,95,89,7,4,95,86,12,2,94,,467,149,32,10/01/2024,09/30/2025
10C0001609,ADVANCED CENTER FOR SURGERY VERO BEACH DBA THE ADVANCED CENTER FOR SURGERY,1355 37TH STREET SUITE 304,VERO BEACH,FL,32960,,(000) 000-0000,97,3,0,99,89,8,3,93,89,11,0,96,88,11,1,96,,727,266,37,10/01/2024,09/30/2025
10C0001610,EAST COAST SURGERY CTR,1871 LPG BLVD,DAYTONA BEACH,FL,32117,,(386) 366-8181,98,1,1,99,93,6,1,96,93,5,2,96,92,4,4,96,3,612,151,25,10/01/2024,09/30/2025
10C0001612,MIAMI SURGICAL SUITES LLC,9035 SUNSET DR SUITE 200,MIAMI,FL,33173,,(786) 615-6210,97,2,1,98,93,6,1,96,90,7,3,96,89,7,4,95,,1536,249,16,10/01/2024,09/30/2025
10C0001613,OUTPATIENT SURGERY CENTER AT TGH BRANDON HEALTHPLE,10740 PALM RIVER RD SUITE 210,TAMPA,FL,33619,,(813) 660-6437,99,1,0,100,96,3,1,97,95,4,1,97,92,5,3,96,3,1684,500,30,10/01/2024,09/30/2025
10C0001616,DELRAY BEACH SURGICAL SUITES,555 SOUTH EAST 5TH AVENUE,DELRAY BEACH,FL,33483,,(561) 332-3766,98,2,0,99,93,6,1,96,95,4,1,97,92,6,2,96,3,984,365,37,10/01/2024,09/30/2025
10C0001617,TRADITION SURGERY CENTER,"10080 SOUTHWEST INNOVATION WAY, SUITE 101",PORT SAINT LUCIE,FL,34987,,(772) 345-8700,97,3,0,98,93,6,1,96,88,10,2,95,88,9,3,95,3,1035,233,23,10/01/2024,09/30/2025
10C0001620,UNIVERSITY OF MIAMI DBA BASCOM PALMER SURGERY CENTER AT NAPLES,3880 TAMIAMI TRAIL NORTH,NAPLES,FL,34103,,(561) 515-1520,,,,,,,,,,,,,,,,,1,,,,,
10C0001622,FRESENIUS VASCULAR CARE OF PENSACOLA ASC LLC,1619 CREIGHTON ROAD,PENSACOLA,FL,32504,,(850) 466-3843,97,3,0,98,88,10,2,93,84,12,4,94,78,15,7,89,3,933,127,14,10/01/2024,09/30/2025
10C0001623,WELLINGTON EDOSCOPY CENTER,1157 SOUTH STATE ROAD 7,WELLINGTON,FL,33414,,(000) 000-0000,95,4,1,97,91,6,3,94,87,11,2,94,83,16,1,94,,1076,165,15,10/01/2024,09/30/2025
10C0001625,SURGERY CENTER OF NAPLES,11161 HEALTH PARK BLVD,NAPLES,FL,34110,,(239) 234-2620,98,2,0,99,96,3,1,97,93,7,0,98,93,6,1,97,3,514,215,42,10/01/2024,09/30/2025
10C0001627,CENTER FOR EYE SURGERY LLC,6660 SOUTHWEST 117TH AVE,MIAMI,FL,33183,,(786) 475-3858,95,4,1,97,88,10,2,93,83,14,3,93,75,19,6,88,3,1212,276,23,10/01/2024,09/30/2025
10C0001628,CYPRESS AMBULATORY SURGERY CENTER,5016 WEST CYPRESS STREET SUITE 100,TAMPA,FL,33607,,(813) 542-2586,97,2,1,98,91,7,2,94,90,7,3,94,87,11,2,95,3,1587,261,16,10/01/2024,09/30/2025
10C0001629,CYPRESS CREEK OUTPATIENT SURGICAL CENTER LLC,2122 WEST CYPRESS CREEK RD SUITE 120,FORT LAUDERDALE,FL,33309,,(954) 900-3382,98,2,0,99,93,5,2,95,93,6,1,97,90,9,1,96,3,1400,309,22,10/01/2024,09/30/2025
10C0001630,CLEVELAND CLINIC CORAL SPRINGS AMBULATORY SURGERY CENTER,5701 UNIVERSITY DR,CORAL SPRINGS,FL,33067,,(954) 689-5294,97,2,1,98,92,6,2,95,91,6,3,95,90,7,3,95,,1859,311,17,10/01/2024,09/30/2025
10C0001634,AZURA SURGERY CENTER PLANTATION,6766 WEST SUNRISE BOULEVARD SUITE 100,FORT LAUDERDALE,FL,33313,,(954) 583-8472,97,3,0,99,87,9,4,92,88,9,3,94,72,18,10,84,"3,6",980,94,10,10/01/2024,09/30/2025
10C0001635,AZURA SURGERY CENTER JACKSONVILLE,2416 DUNN AVENUE,JACKSONVILLE,FL,32218,,(904) 353-3664,98,1,1,99,92,6,2,95,93,5,2,97,88,9,3,94,3,1671,214,13,10/01/2024,09/30/2025
10C0001636,BAPTIST SURGERY AND ENDOSCOPY CENTERS DBA BAPTIST HEALTH ENDOSCOPY CENTER AT MIAMI BEACH,709 ALTON ROAD SUITE 130,MIAMI BEACH,FL,33141,,(786) 204-4010,97,3,0,98,92,6,2,95,85,12,3,95,87,6,7,93,3,705,106,15,10/01/2024,09/30/2025
10C0001637,INTRACOASTAL SURGERY CENTER LLC,2200 WEST EAU GALLIE BLVD SUITE 100,MELBOURNE,FL,32935,,(321) 610-3460,98,2,0,99,93,6,1,96,92,7,1,97,92,8,0,97,,1028,308,30,10/01/2024,09/30/2025
10C0001640,ORLANDO SURGERY CENTER LLC,3435 PINEHURST AVENUE,ORLANDO,FL,32804,,(407) 801-3888,97,3,0,99,93,5,2,96,90,8,2,96,85,13,2,94,3,1330,358,27,10/01/2024,09/30/2025
10C0001642,AMERICAN ACCESS CARE OF MIAMI,9200 SOUTH DADELAND BOULEVARD SUITE 101,MIAMI,FL,33156,,(305) 670-1044,96,3,1,98,93,6,1,96,91,7,2,95,86,12,2,94,3,1615,135,8,10/01/2024,09/30/2025
10C0001644,PALM BEACH SURGICAL SUITES LLC,4215 BURNS RD SUITE 150,PALM BEACH GARDENS,FL,33410,,(561) 508-2736,95,4,1,97,90,8,2,94,87,9,4,93,85,11,4,93,3,932,220,24,10/01/2024,09/30/2025
10C0001645,SURGCENTER CLEARWATER LLC DBA SURGCENTER DUNEDIN,980 MILWAUKEE AVE,DUNEDIN,FL,34698,,(727) 733-4610,97,3,0,98,91,7,2,94,90,9,1,95,86,11,3,94,,718,215,30,10/01/2024,09/30/2025
10C0001646,SKYWAY SURGERY CENTER LLC,625 6TH AVE SOUTH,ST PETERSBURG,FL,33701,,(727) 440-4888,99,1,0,99,95,4,1,97,94,6,0,97,92,7,1,97,,824,258,32,10/01/2024,09/30/2025
10C0001647,FORT LAUDERDALE HEART & RHYTHM SURGERY CENTER,1925 NORTHEAST 45TH STREET,FORT LAUDERDALE,FL,33308,,(954) 651-9847,97,3,0,99,89,7,4,93,82,13,5,94,85,14,1,94,"3,6",278,77,28,10/01/2024,09/30/2025
10C0001648,TAMPA BAY SURGERY CENTER DBA CENTER FOR ADVANCED SURGICAL SPECIALISTS,11911 NORTH DALE MABRY HWY,TAMPA,FL,33618,,(813) 357-5905,,,,,,,,,,,,,,,,,1,,,,,
10C0001649,SURGICATH LLC,3345 BURNS ROAD SUITE 106,PALM BEACH GARDENS,FL,33410,,(561) 626-1881,95,4,1,97,84,11,5,89,76,18,6,90,72,24,4,89,3,596,103,17,10/01/2024,09/30/2025
10C0001650,OPEN ACCESS VASCULAR ACCESS CENTER INC,16401 NORTHWEST 2ND AVENUE SUITE 101,MIAMI,FL,33169,,(305) 948-5333,99,1,0,100,96,4,0,98,91,9,0,97,86,10,4,93,,1012,100,10,10/01/2024,09/30/2025
10C0001651,MIDDLEBURG SURGERY CENTER LLC,1821 BLANDING BOULEVARD SUITE 2,MIDDLEBURG,FL,32068,,(904) 264-0400,96,3,1,97,92,4,4,94,91,2,7,94,84,6,10,90,"3,10",275,47,17,10/01/2024,09/30/2025
10C0001653,PERFORMANCE HEALTH SURGICENTER LLC DBA PERFORMANCE HEALTH SURGERY CENTER,9500 GULF RESEARCH LANE,FORT MYERS,FL,33912,,(239) 314-0660,99,1,0,99,93,6,1,96,95,4,1,97,95,4,1,98,3,757,367,49,10/01/2024,09/30/2025
10C0001654,GRACE SURGERY CENTER,2301 SOUTHEAST 3RD AVE BUILDING 200,OCALA,FL,34471,,(352) 351-0029,93,6,1,96,77,15,8,85,78,19,3,92,78,18,4,91,"3,6",615,81,13,10/01/2024,09/30/2025
10C0001655,SUMMERPORT SURGERY CENTER LLC,5151 WINTER GARDEN VINELAND RD SUITE 108,WINDERMERE,FL,34786,,(321) 754-1130,98,2,0,99,93,6,1,96,91,7,2,96,89,9,2,95,3,3135,569,18,10/01/2024,09/30/2025
10C0001656,BIIOSPINE ORLANDO,3902 MILLENIA BLVD SUITE 100,ORLANDO,FL,32839,,(727) 742-2239,98,2,0,99,93,6,1,96,94,4,2,97,91,6,3,96,3,644,207,32,10/01/2024,09/30/2025
10C0001657,DOCTORS HOSPITAL INC DBA BAPTIST HEALTH SURGERY CENTER CORAL GABLES,1150 CAMPO SANO AVE SUITE 400,CORAL GABLES,FL,33146,,(786) 308-4313,99,1,0,99,95,4,1,97,96,4,0,98,94,4,2,97,3,499,124,25,10/01/2024,09/30/2025
10C0001658,SURGCENTER OF GREATER JACKSONVILLE LLC,9143 PHILIPS HWY SUITE 500,JACKSONVILLE,FL,32256,,(904) 586-8540,98,2,0,99,94,5,1,96,91,8,1,96,88,11,1,95,,1264,419,33,10/01/2024,09/30/2025
10C0001659,LAKEWOOD ASC LLC,5571 EAST STATE ROAD 44 SUITE 501,WILDWOOD,FL,34785,,(352) 643-9080,98,2,0,99,94,4,2,96,97,3,0,98,97,3,0,99,"3,6",359,59,17,10/01/2024,09/30/2025
10C0001660,HSS PALM BEACH AMBULATORY SURGERY CENTER LLC,300 PALM BEACH LAKES BOULEVARD,WEST PALM BEACH,FL,33401,,(561) 725-4300,98,2,0,99,94,5,1,97,96,3,1,98,94,4,2,97,,945,341,36,10/01/2024,09/30/2025
10C0001661,BAPTIST HEALTH SURGERY CENTER AT BETHESDA WEST,9868 SOUTH STATE ROAD 7 SUITE 100,BOYNTON BEACH,FL,33472,,(000) 000-0000,96,3,1,98,95,3,2,97,94,4,2,96,85,9,6,91,"3,6",312,87,28,10/01/2024,09/30/2025
10C0001664,FIRST COAST ORTHOPEDIC CENTER LLC,4035 SOUTHPOINT BLVD,JACKSONVILLE,FL,32216,,(904) 507-6047,98,2,0,99,93,6,1,96,90,8,2,95,87,10,3,94,3,1016,337,33,10/01/2024,09/30/2025
10C0001667,RINEHART ROAD SURGERY CENTER,392 RINEHART ROAD SUITE 1100,LAKE MARY,FL,32746,,(321) 841-8199,98,2,0,99,93,6,1,96,91,7,2,95,88,10,2,95,3,1684,464,28,10/01/2024,09/30/2025
10C0001668,ADVANCED SURGICAL CARE OF CLEARWATER,93 NORTH PARK PLACE BOULEVARD SUITE 102,CLEARWATER,FL,33759,,(727) 742-3564,97,2,1,98,92,7,1,95,93,6,1,97,91,8,1,96,,823,220,27,10/01/2024,09/30/2025
10C0001669,MINIMALLY INVASIVE SURGICENTER,6646 WEST ATLANTIC AVENUE,DELRAY BEACH,FL,33446,,(561) 638-9533,91,4,5,93,85,11,4,90,81,9,10,86,78,14,8,87,3,508,117,23,10/01/2024,09/30/2025
10C0001670,AMELIA ISLAND SURGERY CENTER LLC,2416 LYNNDALE ROAD SUITE 100,FERNANDINA BEACH,FL,32034,,(904) 775-5280,97,2,1,98,91,7,2,94,90,7,3,95,89,8,3,95,3,534,175,33,10/01/2024,09/30/2025
10C0001671,FLORIDA SPRINGS SURGERY CENTER LLC,366 BEVERLY COURT,SPRING HILL,FL,34606,,(352) 600-0220,99,1,0,99,92,6,2,95,94,5,1,97,94,4,2,97,,731,295,40,10/01/2024,09/30/2025
10C0001672,ADVANCED SURGERY CENTER OF OXFORD,12117 COUNTY ROAD 103,OXFORD,FL,34484,,(000) 000-0000,96,4,0,98,93,5,2,96,90,9,1,96,86,13,1,95,3,611,154,26,10/01/2024,09/30/2025
10C0001673,THE SURGERY CENTER AT WOODLANDS,4724 NORTH DAVIS HIGHWAY SUITE 301,PENSACOLA,FL,32503,,(850) 696-4000,99,1,0,99,96,4,0,98,94,5,1,97,91,8,1,96,3,634,225,35,10/01/2024,09/30/2025
10C0001674,BAPTIST HEALTH SURGERY CENTER LLC DBA BAPTIST HEALTH SURGERY CENTER AT PLANTATION,1228 SOUTH PINE ISLAND ROAD SUITE 220,PLANTATION,FL,33324,,(000) 000-0000,99,1,0,100,97,3,0,98,97,2,1,97,93,6,1,97,3,626,134,21,10/01/2024,09/30/2025
10C0001675,MOHAWK SURGERY CENTER,201 MOHAWK ROAD SUITE 200,MINNEOLA,FL,34715,,(321) 394-5083,97,2,1,98,93,5,2,95,87,8,5,94,87,10,3,94,3,763,263,34,10/01/2024,09/30/2025
10C0001676,SUMMIT SURGERY CENTER,1890 SUMMIT BOULEVARD SUITE 210,PENSACOLA,FL,32503,,(850) 549-9070,99,1,0,99,94,5,1,97,95,4,1,98,95,3,2,97,3,744,204,27,10/01/2024,09/30/2025
10C0001677,NAPLES SUNCOAST SURGERY CENTER LLC,2500 GOODLETTE FRANK ROAD SUITE 200,NAPLES,FL,34103,,(239) 418-0999,94,6,0,97,88,10,2,93,88,9,3,94,84,10,6,93,,888,118,14,10/01/2024,09/30/2025
10C0001679,PALM BEACH GARDENS REGIONAL SURGERY CENTER,11030 RCA CENTER DRIVE SUITE 3001,PALM BEACH GARDENS,FL,33410,,(561) 530-6620,96,4,0,98,84,13,3,90,79,21,0,94,81,5,14,87,"3,10",214,25,12,10/01/2024,09/30/2025
10C0001680,CARDIAC AND VASCULAR INSTITUTE AMBULATORY SURGERY CENTER LLC,4645 NORTHWEST 8TH AVENUE SUITE 10,GAINESVILLE,FL,32605,,(352) 333-7025,97,2,1,98,93,4,3,95,89,8,3,95,88,11,1,96,3,477,115,24,10/01/2024,09/30/2025
10C0001683,SPECIALIZED OUTPATIENT SURGERY CENTER FOR CHILDREN AND ADULTS LLC,10150 HAGEN RANCH ROAD SUITE 204,BOYNTON BEACH,FL,33437,,(561) 736-7792,92,4,4,94,84,13,3,90,80,13,7,88,72,21,7,87,"3,10",168,29,17,10/01/2024,09/30/2025
10C0001685,RIVERSIDE KINGSLEY ENDOSCOPY SURGICENTER DBA KINGSLEY ENDOSCOPY CENTER,870 KINGSLEY AVENUE,ORANGE PARK,FL,32073,,(904) 668-2250,97,2,1,98,90,8,2,94,87,10,3,93,82,14,4,92,3,1893,355,19,10/01/2024,09/30/2025
10C0001687,NORTH NAPLES SURGERY CENTER LLC,4513 EXECUTIVE DRIVE SUITE 301,NAPLES,FL,34119,,(239) 591-2803,97,3,0,98,87,9,4,92,86,11,3,95,83,15,2,94,"3,6",552,78,14,10/01/2024,09/30/2025
10C0001688,SURGCENTER OF PINE RIDGE LLC DBA BONITA SPRINGS SURGERY CENTER,12871 TRADE WAY DRIVE SUITE 12,BONITA SPRINGS,FL,34135,,(239) 478-0051,95,5,0,97,85,11,4,90,79,14,7,90,76,17,7,89,3,630,169,27,10/01/2024,09/30/2025
10C0001689,TAMPA BAY JOINT AND SPINE DBA TAMPA BAY JOINT AND SPINE SURGERY CENTER,26034 US HIGHWAY 19 NORTH,CLEARWATER,FL,33763,,(727) 371-2500,97,2,1,98,94,5,1,96,89,9,2,95,88,9,3,95,,727,248,34,10/01/2024,09/30/2025
10C0001690,CVI AMBULATORY SURGERY CENTER DBA SUGERY CENTER OF CENTRAL FLORIDA,6547 SOUTHWEST STATE ROAD SUITE 200,OCALA,FL,34476,,(352) 355-3300,95,4,1,97,86,11,3,92,87,11,2,95,86,10,4,94,"3,6",373,72,20,10/01/2024,09/30/2025
10C0001691,SURGERY CENTER OPERATIONS LLC DBA RIVERCITY SURGERY CENTER,4796 HODGES BOULEVARD SUITES 105-108,JACKSONVILLE,FL,32224,,(904) 449-7246,97,3,0,98,93,5,2,95,92,7,1,97,90,7,3,96,3,664,135,20,10/01/2024,09/30/2025
10C0001692,LAKEVIEW SURGERY CENTER LLC,7448 DOCS GROVE CIRCLE SUITE 108,ORLANDO,FL,32819,,(321) 430-1292,98,2,0,99,91,7,2,94,91,7,2,96,89,7,4,94,3,2164,432,20,10/01/2024,09/30/2025
10C0001693,ASC OF TRINITY DBA COMPREHENSIVE OUTPATIENT JOINT AND SPINE INSTITUTE,15238 VIRGINIA STATION,ODESSA,FL,33556,,(813) 596-5200,99,1,0,99,93,6,1,96,96,3,1,98,91,8,1,96,,729,254,35,10/01/2024,09/30/2025
10C0001696,EHA SURGERY CENTER SARASOTA,4947 CLARK ROAD,SARASOTA,FL,34233,,(941) 259-0903,94,6,0,97,88,11,1,93,87,12,1,95,87,12,1,95,3,458,159,35,10/01/2024,09/30/2025
10C0001697,CARDIOVASCULAR ASC LLC,455 PINELLAS STREET SUITE 260,CLEARWATER,FL,33756,,(727) 449-9891,97,3,0,98,89,7,4,93,95,4,1,97,89,10,1,96,3,739,289,39,10/01/2024,09/30/2025
10C0001698,ORTHOPAEDIC DEVELOPMENT PARTNERS LLC DBA ORTHOPAEDIC MEDICAL GROUP SURGERY CENTER,13837 CIRCA CROSSING DRIVE SUITE 100,LITHIA,FL,33547,,(561) 630-6277,99,1,0,99,92,7,1,96,95,4,1,97,92,6,2,96,"3,6",495,99,20,10/01/2024,09/30/2025
10C0001700,SUNCOAST SURGERY CENTER DBA SUNCOAST SURGERY CENTER II,9617 GULF RESEARCH LANE,FORT MYERS,FL,33912,,(239) 791-2273,96,3,1,97,90,8,2,94,86,7,7,93,82,11,7,90,,741,126,18,10/01/2024,09/30/2025
10C0001701,CLEARWAY SURGERY CENTER OF CRESTVIEW LLC,180A EAST REDSTONE AVENUE,CRESTVIEW,FL,32539,,(850) 805-4816,95,5,0,98,89,9,2,94,79,18,3,92,79,19,2,92,3,553,119,22,10/01/2024,09/30/2025
10C0001703,BAY AREA HEART SURGERY CENTER,3600 66TH STREET NORTH,ST PETERSBURG,FL,33710,,(727) 544-1443,,,,,,,,,,,,,,,,,1,,,,,
10C0001704,SMARTCARE PALM HARBOR,1325 BELCHER ROAD SUITE B,PALM HARBOR,FL,34683,,(727) 855-4500,98,2,0,99,92,6,2,95,89,8,3,95,86,9,5,93,3,557,167,30,10/01/2024,09/30/2025
10C0001705,PALM BEACH INTL SURG CENTER DBA PALM BEACH INTL SURG CENTER AT THE PALEY INSTITUTE,5325 GREENWOOD AVENUE SUITE 301,WEST PALM BEACH,FL,33407,,(561) 273-4333,97,2,1,98,91,8,1,95,90,9,1,96,91,8,1,97,3,521,101,20,10/01/2024,09/30/2025
10C0001706,HEART AND VASCULAR AMBULATORY SURGERY CENTER LLC,1550 BARKLEY CIRCLE,FORT MYERS,FL,33907,,(239) 938-2075,96,3,1,98,87,10,3,92,89,10,1,95,87,11,2,95,3,725,144,21,10/01/2024,09/30/2025
10C0001708,SURGERY CENTER OF FLORIDA LLC,27814 SUMMERGATE BOULEVARD,WESLEY CHAPEL,FL,33544,,(813) 995-8982,96,3,1,98,93,5,2,96,91,5,4,95,88,7,5,94,,1578,421,27,10/01/2024,09/30/2025
10C0001709,ADVENTHEALTH SURGERY CENTER MILLS PARK LLC,1812 NORTH MILLS AVENUE SUITE 210,ORLANDO,FL,32803,,(407) 420-0100,97,3,0,99,91,8,1,95,86,12,2,94,85,14,1,94,,1516,288,19,10/01/2024,09/30/2025
10C0001710,ST PETERSBURG OUTPATIENT SURGERY CENTER LLC DBA ST PETERSBURG EYE SURGERY CENTER,6133 CENTRAL AVENUE,ST PETERSBURG,FL,33710,,(727) 344-3008,97,3,0,99,85,13,2,91,85,13,2,94,79,18,3,92,3,799,140,18,10/01/2024,09/30/2025
10C0001711,EAST WEST LASER AND AMBULATORY SURGERY CENTER LLC,1855 EAST WEST PARKWAY SUITE 1,FLEMING ISLAND,FL,32003,,(904) 942-8802,98,2,0,99,94,5,1,96,93,6,1,97,94,5,1,97,3,560,222,40,10/01/2024,09/30/2025
10C0001712,SPECIALTY SURGERY PARTNERS CENTER OF FLORIDA LLC DBA ALLIANCE SPECIALTY SURGICAL CENTER,1545 HAND AVENUE SUITE A2,ORMOND BEACH,FL,32174,,(386) 457-7114,98,2,0,99,95,4,1,97,93,5,2,97,93,4,3,96,,866,225,27,10/01/2024,09/30/2025
10C0001713,PRECISION BONE AND JOINT SURGERY CENTER,11575 SOUTHEAST FEDERAL HIGHWAY,HOBE SOUND,FL,33455,,(772) 788-2663,96,3,1,97,88,10,2,93,86,10,4,94,83,13,4,93,,1032,254,25,10/01/2024,09/30/2025
10C0001715,VOLUSIA ASC BZ LLC DBA ADVANCED HEART AND VASCULAR SURGERY CENTER AT DELTONA,1615 DR MARTIN LUTHER KING BOULEVARD,DELTONA,FL,32725,,(386) 218-0115,95,3,2,97,93,5,2,96,82,12,6,93,91,6,3,95,"3,10",231,31,14,10/01/2024,09/30/2025
10C0001716,CYPRESS AMBULATORY SURGERY CENTER DBA WELLNESS AVENUE SURGERY CENTER,2863 WELLNESS AVENUE,ORANGE CITY,FL,32763,,(813) 819-0309,98,2,0,99,92,7,1,95,98,1,1,97,92,8,0,97,3,1560,217,14,10/01/2024,09/30/2025
10C0001717,CENTURION SURGERY CENTER OF JACKSONVILLE LLC,5191 FIRST COAST TECH PARKWAY 1ST FLOOR,JACKSONVILLE,FL,32224,,(904) 593-5146,96,3,1,98,91,7,2,95,90,7,3,95,86,11,3,93,,2571,686,27,10/01/2024,09/30/2025
10C0001718,ORANGE AVENUE SURGERY CENTER LLC,1405 SOUTH ORANGE AVENUE SUITE 102,ORLANDO,FL,32806,,(321) 300-0555,99,1,0,99,92,7,1,96,90,8,2,96,88,10,2,95,3,2094,449,21,10/01/2024,09/30/2025
10C0001719,JEWETT ORTHOPEDIC INSTITUTE SURGERY CENTER DBA EUGENE JEWETT MD SURGERY CENTER,60 COLUMBIA STREET SUITE 200,ORLANDO,FL,32806,,(757) 677-6054,99,1,0,99,94,5,1,97,95,4,1,97,92,7,1,97,3,4614,1159,25,10/01/2024,09/30/2025
10C0001720,SURGCENTER OF RIVERVIEW LLC DBA WEST FLORIDA SURGICAL SUITES,1715 NORTH WEST SHORE BOULEVARD SUITE 190,TAMPA,FL,33607,,(813) 870-1000,93,6,1,96,92,7,1,96,84,11,5,93,79,12,9,89,"3,6",701,93,13,10/01/2024,09/30/2025
10C0001723,HEATHROW SURGERY CENTER LLC,942 INTERNATIONAL PARKWAY,LAKE MARY,FL,32746,,(407) 794-9717,98,2,0,99,92,7,1,96,90,9,1,96,90,9,1,96,3,882,332,38,10/01/2024,09/30/2025
10C0001724,NCH BONITA AMBULATORY SURGERY CENTER LLC,24040 SOUTH TAMIAMI TRAIL SUITE 201,BONITA SPRINGS,FL,34134,,(239) 624-6930,97,3,0,98,95,4,1,97,94,4,2,97,89,11,0,96,"3,6",213,75,35,10/01/2024,09/30/2025
10C0001725,CYPRESS AMBULATORY SURGERY CENTER LLC DBA CURRENCY CIRCLE SURGERY CENTER,835 CURRENCY CIRCLE SUITE 1021,LAKE MARY,FL,32746,,(407) 749-6656,97,3,0,99,91,7,2,95,95,5,0,98,91,8,1,97,3,1771,230,13,10/01/2024,09/30/2025
10C0001727,BONE AND JOINT SURGICAL SUITES LLC,5115 US HIGHWAY 27 NORTH SUITE 220,SEBRING,FL,33870,,(863) 593-7207,94,5,1,97,86,12,2,92,86,11,3,94,81,14,5,91,3,932,288,31,10/01/2024,09/30/2025
10C0001728,ST LUKES SURGICAL CENTER INC DBA ST LUKES SURGICAL AT WESLEY CHAPEL,25232 STATE ROAD 54,LUTZ,FL,33559,,(727) 943-3111,98,2,0,99,92,6,2,95,96,2,2,97,93,5,2,96,3,276,100,36,10/01/2024,09/30/2025
10C0001730,ADVANCED SURGERY CENTER OF FORT MYERS LLC,12460 BRANTLEY COMMONS COURT,FORT MYERS,FL,33907,,(239) 236-8933,,,,,,,,,,,,,,,,,1,,,,,
10C0001731,EYE MD OF NICEVILLE SURGERY,1480 HICKORY STREET SUITE 106,NICEVILLE,FL,32578,,(850) 760-0520,99,1,0,99,91,8,1,95,88,7,5,95,90,4,6,94,"3,6",493,99,21,10/01/2024,09/30/2025
10C0001732,ADVENT HEALTH SURGERY CENTER INNOVATION TOWER LLC,265 EAST ROLLINS STREET SUITE 3100,ORLANDO,FL,32804,,(407) 200-3706,97,3,0,98,94,5,1,96,92,6,2,96,90,8,2,96,,4008,949,24,10/01/2024,09/30/2025
10C0001736,BAPTIST HEALTH SURG CTR DBA BAPTIST HEALTH ENDOSCOPY CTR AT PALM BEACH GARDENS,3401 PGA BOULEVARD SUITE 520,PALM BEACH GARDENS,FL,33410,,(561) 765-3600,97,3,0,98,92,6,2,95,92,7,1,97,91,7,2,96,3,1682,406,24,10/01/2024,09/30/2025
10C0001737,ADVANCED SURGICAL CARE OF LUTZ LLC DBA ADVANCED SURGICAL CARE OF NEW TAMPA,18051 HIGHWOODS PRESERVE PARKWAY,TAMPA,FL,33647,,(813) 296-6986,,,,,,,,,,,,,,,,,1,,,,,
10C0001738,BAPTIST HEALTH SURG CTR DBA BAPTIST HEALTH SURG CTR AT BOCA RATON RESEARCH PARK,3731 FAU BOULEVARD SUITE 100,BOCA RATON,FL,33431,,(561) 765-3700,99,1,0,100,90,7,3,94,93,7,0,97,89,9,2,95,3,667,227,34,10/01/2024,09/30/2025
10C0001741,PEACE RIVER SURGERY CENTER LLC,4130 TAMIAMI TRAIL UNIT 301,PORT CHARLOTTE,FL,33952,,(941) 421-0580,98,2,0,99,88,9,3,92,95,3,2,97,90,7,3,95,3,586,132,23,10/01/2024,09/30/2025
10C0001742,BAPTIST BEACHES SURGERY CENTER LLC DBA HORIZON SURGERY CENTER BEACHES,1577 ROBERTS DRIVE SUITE 120,JACKSONVILLE BEACH,FL,32250,,(904) 709-4510,98,2,0,99,88,8,4,92,91,8,1,95,86,10,4,94,3,761,131,17,10/01/2024,09/30/2025
10C0001743,AVENTURA MEDICAL TOWER SURGERY CENTER LLC,2801 NORTHEAST 213TH STREET SUITE 901,AVENTURA,FL,33180,,(786) 809-0220,98,1,1,99,88,8,4,92,88,10,2,94,85,9,6,91,3,497,108,22,10/01/2024,09/30/2025
10C0001744,VOLUSIA ASC BZ DBA ADVANCED HEART AND VASCULAR SURGERY CENTER AT DAYTONA,1601 LPGA BOULEVARD,DAYTONA BEACH,FL,32117,,(618) 973-8740,94,4,2,96,90,9,1,95,92,5,3,95,95,3,2,97,"3,6",380,77,21,10/01/2024,09/30/2025
10C0001745,SOUTH FLORIDA JOINT REPLACEMENT CENTER LLC,1801 WEST SAMPLE ROAD SUITE 200,DEERFIELD BEACH,FL,33064,,(954) 904-0723,99,1,0,100,96,3,1,98,96,4,0,98,95,4,1,98,,245,117,48,10/01/2024,09/30/2025
10C0001746,SURGCENTER OF MARTIN COUNTY LLC,6151 SOUTHEAST FEDERAL HIGHWAY,STUART,FL,34997,,(772) 247-2005,98,2,0,99,94,5,1,97,94,6,0,97,93,6,1,97,3,562,181,34,10/01/2024,09/30/2025
10C0001747,ADVANCED JOINT AND SPINE INSTITUTE ORLANDO LLC,7974 LAKE UNDERHILL ROAD SUITE A,ORLANDO,FL,32822,,(321) 710-9899,99,1,0,99,92,7,1,96,91,7,2,96,91,7,2,96,3,804,277,34,10/01/2024,09/30/2025
10C0001749,DURBIN CROSSING ENDOSCOPY CENTER LLC,150 LONGLEAF PINE PARKWAY SUITE 100,ST JOHNS,FL,32259,,(904) 664-0885,98,2,0,99,93,6,1,96,94,5,1,97,94,5,1,97,3,4645,936,20,10/01/2024,09/30/2025
10C0001750,ADVENTHEALTH SURGERY CENTER DAYTONA BEACH LLC,103 MEMORIAL MEDICAL PARKWAY SUITE 300,DAYTONA BEACH,FL,32117,,(386) 231-8800,97,3,0,99,93,6,1,96,93,5,2,96,90,6,4,94,3,734,302,41,10/01/2024,09/30/2025
10C0001752,CENTER FOR ADVANCED HEALTHCARE AT BROWNWOOD DBA ADVANCED SURGERY CENTER AT BROWNWOOD,2955 BROWNWOOD BOULEVARD SUITE 208,THE VILLAGES,FL,32163,,(352) 775-1734,96,3,1,98,87,11,2,92,87,7,6,93,80,15,5,90,3,1460,654,45,10/01/2024,09/30/2025
10C0001753,OCALA EYE SURGERY CENTER INC DBA OCALA EYE SURGERY CENTER AT WILDWOOD,3102 COUNTY ROAD 507,WILDWOOD,FL,34785,,(352) 873-9311,100,0,0,100,93,7,0,97,94,4,2,97,98,0,2,99,"3,6",108,64,59,10/01/2024,09/30/2025
10C0001754,ADVANCED PALM BEACH ASC DBA CARDIOVASCULAR SURGERY CENTER OF THE PALM BEACHES,8240 SOUTH STATE ROAD 7 SUITE 180,BOYNTON BEACH,FL,33472,,(561) 600-7575,98,2,0,99,94,5,1,97,95,3,2,96,89,7,4,94,"3,6",421,95,23,10/01/2024,09/30/2025
10C0001756,WINTER GARDEN SURGERY CENTER LLC,15520 WEST COLONIAL DRIVE UNIT H,WINTER GARDEN,FL,34787,,(689) 407-3009,98,2,0,99,94,5,1,96,91,6,3,94,90,4,6,93,3,549,171,31,10/01/2024,09/30/2025
10C0001757,COASTAL TIDES SURGICAL CENTER LLC,1002 NORTH ARNOLD ROAD SUITE 401,PANAMA CITY BEACH,FL,32413,,(448) 212-0701,,,,,,,,,,,,,,,,,1,,,,,
10C0001758,TALLAHASSEE ORTHOPAEDIC SURGERY PARTNERS LTD DBA TOC SPINE AND JOINT CENTER,2629 WELAUNEE BLVD,TALLAHASSEE,FL,32308,,(850) 877-4688,96,4,0,98,91,8,1,95,95,3,2,97,93,5,2,96,3,471,254,54,10/01/2024,09/30/2025
10C0001759,NASSAU CROSSING ENDOSCOPY CENTER LLC,462626 STATE ROAD 200 SUITE 300,YULEE,FL,32097,,(904) 364-1626,99,1,0,99,94,5,1,96,92,7,1,96,93,6,1,97,3,523,174,33,10/01/2024,09/30/2025
10C0001767,CARDIO-SOLZ ASC LLC DBA CARDIO-SOLZ HEART AND VASCULAR INTERVENTIONS,1305 SOUTH APOLLO BOULEVARD SUITE 100,MELBOURNE,FL,32901,,(321) 952-9009,,,,,,,,,,,,,,,,,1,,,,,
10C0001772,SOUTHEAST FLORIDA SPECIALTY SURGERY CENTER DBA Z CENTER FOR ADVANCED SURGERY,1801 WEST SAMPLE ROAD SUITE 102,DEERFIELD BEACH,FL,33064,,(754) 212-3248,,,,,,,,,,,,,,,,,1,,,,,
10C0001776,NCH NAPLES OUTPATIENT SURGICAL INSTITUTE LLC DBA NAPLES SURGICAL INSTITUTE,311 9TH STREET NORTH SUITE 206,NAPLES,FL,34102,,(615) 234-5954,,,,,,,,,,,,,,,,,1,,,,,
11C0001002,ARC OF GEORGIA LLC,"3215 SHRINE RD, SUITE 8",BRUNSWICK,GA,31520,,(912) 264-9029,98,1,1,99,93,5,2,96,92,3,5,94,87,7,6,92,3,614,182,30,10/01/2024,09/30/2025
11C0001003,ATLANTA SURGERY CENTER LTD,"5730 GLENRIDGE DR, SUITE 400",ATLANTA,GA,30328,,(404) 252-3074,95,4,1,97,92,6,2,95,82,14,4,92,76,19,5,89,3,2937,581,20,10/01/2024,09/30/2025
11C0001004,MARIETTA OUTPATIENT SURGERY LTD,"780 CANTON RD, SUITE 100",MARIETTA,GA,30060,,(770) 422-1579,95,4,1,97,93,6,1,96,83,14,3,93,82,16,2,93,3,832,179,22,10/01/2024,09/30/2025
11C0001006,EMORY HEALTHCARE,"1365 CLIFTON RD, NE SUITE BT200",ATLANTA,GA,30322,,(404) 778-3348,97,3,0,98,91,8,1,95,92,7,1,96,86,11,3,94,,1583,339,21,10/01/2024,09/30/2025
11C0001008,MEDICAL EYE ASSOCIATES INC,1429 OGLETHORPE ST.,MACON,GA,31201,,(478) 743-7061,98,2,0,99,92,6,2,95,89,8,3,96,89,9,2,96,,700,218,31,10/01/2024,09/30/2025
11C0001009,COLUMBIA SURGICARE OF AUGUSTA LTD,915 RUSSELL ST,AUGUSTA,GA,30904,,(706) 738-4925,98,2,0,99,93,6,1,96,92,7,1,96,87,10,3,94,3,1495,475,32,10/01/2024,09/30/2025
11C0001012,GWINNETT CENTER FOR OUTPATIENT SURGERY LP,2131 FOUNTAIN DR,SNELLVILLE,GA,30078,,(707) 979-8200,98,2,0,99,92,7,1,96,92,7,1,96,87,10,3,94,3,1155,289,25,10/01/2024,09/30/2025
11C0001015,SURGERY CENTER OF ROME LP,16 JOHN MADDOX DR,ROME,GA,30165,,(706) 802-3727,98,2,0,99,97,2,1,98,95,4,1,97,94,4,2,97,,2555,822,32,10/01/2024,09/30/2025
11C0001017,NOVAMED MANAGEMENT SERVICES LLC,3200 DOWNWOOD CIR S-240,ATLANTA,GA,30327,,(404) 355-8721,94,5,1,97,90,8,2,94,82,14,4,92,78,18,4,90,3,806,198,25,10/01/2024,09/30/2025
11C0001027,THE ROME ENDOSCOPY CENTER,11 JOHN MADDOX DR,ROME,GA,30165,,(706) 292-3042,97,3,0,99,93,5,2,95,86,13,1,95,86,11,3,93,3,603,162,27,10/01/2024,09/30/2025
11C0001037,DEKALB ENDOSCOPY CENTER LLC DBA DEKALB ENDOSCOPY CENTER,2675 NORTH DECATUR RD SUITE 506,DECATUR,GA,30033,,(404) 508-7676,93,4,3,95,90,9,1,95,87,7,6,94,83,12,5,92,3,472,117,25,10/01/2024,09/30/2025
11C0001049,RESURGENS SURGERY CENTER LLC,5671 PEACHTREE DUNWOODY RD SUITE 800,ATLANTA,GA,30342,,(404) 531-8532,98,2,0,99,94,5,1,97,95,4,1,97,91,8,1,97,,1023,262,26,10/01/2024,09/30/2025
11C0001055,GWINNETT ENDOSCOPY CENTER PC,301 PHILIP BLVD,LAWRENCEVILLE,GA,30046,,(770) 822-5560,94,5,1,96,93,6,1,96,79,17,4,92,79,15,6,89,3,791,126,16,10/01/2024,09/30/2025
11C0001056,THE ENDOSCOPY CENTER OF SOUTHEAST GEORGIA INC,200 MAPLE DR,VIDALIA,GA,30474,,(912) 538-1003,97,2,1,98,94,5,1,97,91,6,3,96,90,9,1,96,,824,177,22,10/01/2024,09/30/2025
11C0001079,COLUMBUS ENDOSCOPY CENTER LLC,1130 TALBOTTON RD,COLUMBUS,GA,31904,,(706) 327-0700,98,2,0,99,92,7,1,95,89,8,3,95,89,10,1,95,,1067,204,19,10/01/2024,09/30/2025
11C0001081,GAINESVILLE SURGERY CENTER,1945 BEVERLY RD,GAINESVILLE,GA,30501,,(770) 287-1500,96,4,0,98,91,7,2,94,86,12,2,94,83,12,5,92,3,1622,363,22,10/01/2024,09/30/2025
11C0001082,SOUTHERN CRESCENT ENDOSCOPY SUITE PC,7402 DAVIDSON PARKWAY,STOCKBRIDGE,GA,30281,,(770) 507-0909,98,1,1,99,96,3,1,98,93,5,2,96,90,8,2,95,3,544,130,24,10/01/2024,09/30/2025
11C0001085,NORTHWEST GEORGIA ORTHOPAEDIC SURGERY CENTER LLC,2550 WINDY HILL RD SOUTHEAST SUITE 218,MARIETTA,GA,30067,,(770) 953-8058,97,3,0,98,89,8,3,93,85,12,3,94,81,16,3,92,,1144,239,21,10/01/2024,09/30/2025
11C0001096,SCHULZE SURGERY CENTER INC,728 EAST 67TH ST,SAVANNAH,GA,31405,,(912) 352-3120,97,3,0,98,91,7,2,94,89,7,4,95,90,9,1,96,3,545,150,28,10/01/2024,09/30/2025
11C0001125,EMORY CLINIC INC DBA EMORY AMBULATORY SURGERY CENTER AT SPIVEY STATION,1365 CLIFTON ROAD NORTHEAST SUITE BT200,ATLANTA,GA,30032,,(404) 309-6734,100,0,0,100,98,1,1,99,99,1,0,98,90,9,1,96,3,650,153,24,10/01/2024,09/30/2025
11C0001127,WELLBROOK ENDOSCOPY CENTER PC,1269 WELLBRROK CIR,CONYERS,GA,30012,,(770) 922-0505,98,1,1,99,94,4,2,96,92,7,1,96,89,10,1,96,3,539,148,27,10/01/2024,09/30/2025
11C0001138,CLAYTON CATARACTS AND LASER SURGERY CENTER,1000 CORPORATE CENTER DR SUITE 180,MORROW,GA,30260,,(770) 968-8888,93,7,0,96,91,6,3,94,81,16,3,93,83,14,3,92,3,410,123,30,10/01/2024,09/30/2025
11C0001140,GEORGIA BONE AND JOINT SURGEONS,15 MEDICAL DR,CARTERSVILLE,GA,30121,,(770) 386-5221,98,2,0,99,92,7,1,95,92,6,2,97,89,9,2,96,3,499,113,23,10/01/2024,09/30/2025
11C0001144,DIGESTIVE HEALTHCARE OF GA LLC,95 COLLIER RD. STE. 4075,ATLANTA,GA,30309,,(404) 355-3200,97,3,0,98,93,6,1,96,88,12,0,96,89,11,0,96,"3,6",484,88,18,10/01/2024,09/30/2025
11C0001146,GI DIAGNOSTIC ENDOSCOPY CENTER,2550 WINDYHILL RD # 302,MARIETTA,GA,30067,,(770) 226-9070,98,2,0,99,93,6,1,96,86,14,0,96,90,8,2,95,"3,6",388,93,24,10/01/2024,09/30/2025
11C0001148,MACON OUTPATIENT SURGERY LLC,3708 NORTHSIDE DR,MACON,GA,31210,,(478) 254-5410,99,1,0,100,92,6,2,95,100,0,0,99,95,4,1,98,3,1027,170,17,10/01/2024,09/30/2025
11C0001149,HARBIN CLINIC LLC,1825 MARTHA BERRY BLVD,ROME,GA,30165,,(706) 238-8010,99,1,0,99,96,4,0,98,95,5,0,98,94,5,1,98,3,1998,316,16,10/01/2024,09/30/2025
11C0001151,EYE SURGERY CENTER OF AUGUSTA LLC,3658J. DEWEY GRAY CIR,AUGUSTA,GA,30909,,(706) 651-2020,97,3,0,98,87,8,5,91,88,7,5,94,86,9,5,93,3,1840,143,8,10/01/2024,09/30/2025
11C0001152,VOA AMBULATORY SURGERY CENTER,3527 B NORTH VALDOSTA RD,VALDOSTA,GA,31602,,(229) 253-9336,97,2,1,98,93,6,1,96,92,3,5,95,89,8,3,94,3,500,113,23,10/01/2024,09/30/2025
11C0001155,GEORGIA SURGICAL CENTER ON PEACHTREE LLC,"2061 PEACHTREE RD, STE. 100",ATLANTA,GA,30309,,(404) 351-0083,97,3,0,98,96,3,1,98,92,7,1,97,89,10,1,96,3,672,164,24,10/01/2024,09/30/2025
11C0001158,NORTHERN CRESCENT ENDOSCOPY SUITE LLC,5671 PEACHTREE DUNWOODY RD,ATLANTA,GA,30342,,(404) 257-9000,91,8,1,95,81,14,5,88,76,18,6,90,78,15,7,90,3,547,109,20,10/01/2024,09/30/2025
11C0001164,TATTNALL HOSPITAL COMPANY LLC DBA OPTIM SURGERY CENTER,210 EAST DERENNE AVE,SAVANNAH,GA,31405,,(912) 644-3361,94,4,2,96,94,5,1,97,88,10,2,95,87,12,1,95,3,673,174,26,10/01/2024,09/30/2025
11C0001167,AUGUSTA RETINA-LASER SURGICARE,3685 WHEELER RD SUITE 202,AUGUSTA,GA,30909,,(706) 210-0305,94,6,0,97,88,11,1,93,85,12,3,94,93,7,0,98,"3,10",92,29,32,10/01/2024,09/30/2025
11C0001169,SUMMIT ENDOSCOPY CENTER,1265 HWY 54 WEST,FAYETTEVILLE,GA,30214,,(770) 461-2579,98,2,0,99,90,8,2,94,87,12,1,95,92,8,0,97,3,576,111,19,10/01/2024,09/30/2025
11C0001170,THE SURGERY CENTER LLC,2548 WEEMS RD,COLUMBUS,GA,31909,,(706) 323-8803,99,1,0,100,97,3,0,98,97,2,1,98,96,3,1,98,3,493,136,28,10/01/2024,09/30/2025
11C0001174,SOUTHERN ENDOSCOPY SUITE LLC,763 OLD NORCROSS RD,LAWRENCEVILLE,GA,30046,,(678) 985-2000,98,2,0,99,89,8,3,93,87,12,1,95,83,15,2,93,"3,6",570,89,16,10/01/2024,09/30/2025
11C0001177,EAST WEST SURGERY CENTER LP,2041 MESA VALLEY WAY SUITE 125,AUSTELL,GA,30106,,(678) 309-8100,97,2,1,98,92,6,2,95,89,9,2,95,88,8,4,94,,962,222,23,10/01/2024,09/30/2025
11C0001178,EYESIGHT LASER AND SURGERY CTR,220 CORDER RD,WARNER ROBINS,GA,31088,,(478) 923-5872,98,2,0,99,92,7,1,95,88,9,3,95,88,9,3,95,,1040,310,30,10/01/2024,09/30/2025
11C0001180,THOMASVILLE SURGERY CENTER,2282 EAST PINETREE BLVD SUITE B,THOMASVILLE,GA,31792,,(229) 226-6000,97,2,1,98,92,7,1,96,90,8,2,95,91,8,1,96,3,650,163,26,10/01/2024,09/30/2025
11C0001182,ROSWELL SURGERY CENTER LLC,1285 HEMBREE RD SUITE 200C,ROSWELL,GA,30076,,(770) 772-5520,97,3,0,98,93,6,1,96,91,7,2,96,89,9,2,95,,1014,248,24,10/01/2024,09/30/2025
11C0001184,THE PHYSICIANS ATLANTA SURGERY CENTER,790 CHURCH ST SUITE 530,MARIETTA,GA,30060,,(678) 777-0623,99,1,0,99,91,8,1,95,94,4,2,97,87,9,4,93,,573,134,23,10/01/2024,09/30/2025
11C0001185,PEACHTREE ORTHOPAEDIC SURGERY CENTER AT PIEDMONT LLC,"77 COLLIER RD, STE. 2000",ATLANTA,GA,30309,,(404) 351-6393,96,4,0,98,94,5,1,96,85,13,2,95,87,12,1,95,,1663,379,23,10/01/2024,09/30/2025
11C0001186,GEORGIA DERMASURGERY CENTERS INC,2400 BELLEVUE RD #16,DUBLIN,GA,31021,,(478) 960-9463,98,2,0,99,94,6,0,97,96,4,0,97,94,4,2,96,3,382,148,39,10/01/2024,09/30/2025
11C0001187,SOUTHERN BONE AND JOINT ASC LLC,1755 HWY 34 EAST STE. 1100,NEWNAN,GA,30265,,(770) 252-7510,96,4,0,98,92,7,1,95,94,5,1,97,89,9,2,95,3,1546,387,25,10/01/2024,09/30/2025
11C0001192,LAWRENCEVILLE SURGERY CENTER LLC,758 OLD NORCROSS RD SUITE 125,LAWRENCEVILLE,GA,30046,,(678) 987-0820,97,3,0,99,90,8,2,94,90,9,1,96,87,11,2,95,,1061,247,23,10/01/2024,09/30/2025
11C0001200,ENDOSCOPY CENTER OF COASTAL GEORGIA LLC,519 STEPHENSON AVE,SAVANNAH,GA,31405,,(912) 354-9447,98,2,0,99,93,5,2,95,94,4,2,96,92,7,1,97,3,873,231,26,10/01/2024,09/30/2025
11C0001203,PIEDMONT EYE,"3193 HOWELL MILL RD, SUITE 100",ATLANTA,GA,30327,,(404) 350-1410,97,3,0,98,93,6,1,96,93,6,1,96,89,8,3,95,,737,279,38,10/01/2024,09/30/2025
11C0001205,HAMILTON AMBULATORY SURGERY CENTER,1250  BROADRICK DR,DALTON,GA,30720,,(706) 876-5000,100,0,0,100,90,9,1,95,99,1,0,99,92,8,0,97,"3,6",662,87,13,10/01/2024,09/30/2025
11C0001209,WOODHAMS LASER AND LENS IMPLANT CENTER LLC,"6105 PEACHTREE DUNWOOD RD, BLDG A100",ATLANTA,GA,30328,,(770) 394-4000,99,1,0,99,94,3,3,96,82,14,4,94,80,20,0,93,"3,10",108,26,24,10/01/2024,09/30/2025
11C0001212,WOODSTOCK ENDOSCOPY CENTER,2001 PROFESSINOAL PARKWAY,WOODSTOCK,GA,30188,,(770) 926-5459,97,3,0,99,91,8,1,95,89,9,2,94,83,13,4,92,3,518,118,23,10/01/2024,09/30/2025
11C0001214,MIDTOWN ENDOSCOPY CENTER LLC,550 PEACHTREE ST,ATLANTA,GA,30308,,(404) 881-1094,92,6,2,95,91,7,2,95,76,16,8,90,74,13,13,86,"3,6",526,74,14,10/01/2024,09/30/2025
11C0001217,PROFESSIONAL EYE ASSOCIATES INC,1111 PROFESSIONAL BLVD,DALTON,GA,30720,,(706) 226-2590,98,2,0,99,94,5,1,97,89,8,3,95,88,10,2,95,3,754,231,31,10/01/2024,09/30/2025
11C0001220,AUGUSTA ENDOSCOPY CENTER,393 NORTH BELAIR RD BUILDING 2,EVANS,GA,30809,,(706) 863-9735,98,2,0,99,94,5,1,96,95,4,1,97,94,4,2,97,3,899,244,27,10/01/2024,09/30/2025
11C0001222,THE CENTER FOR DIGESTIVE AND LIVER HEALTH AND THE ENDOSCOPY CENTER,1139 LEXINGTON AVE,SAVANNAH,GA,31404,,(912) 790-2715,97,3,0,99,95,3,2,96,89,11,0,97,91,8,1,96,3,536,138,26,10/01/2024,09/30/2025
11C0001225,ORTHOPAEDIC ASSOCIATES SURGERY CENTER LLC,811 13TH ST SUITE 21,AUGUSTA,GA,30901,,(706) 396-3700,98,2,0,99,96,4,0,98,92,8,0,97,95,4,1,98,,789,211,27,10/01/2024,09/30/2025
11C0001226,GAINESVILLE UROLOGY ASC LLC,"1240 JESSE JEWELL PKWY, SUITE 250",GAINESVILLE,GA,30501,,(770) 287-1299,95,5,0,98,90,8,2,94,89,6,5,94,81,13,6,91,3,826,156,19,10/01/2024,09/30/2025
11C0001228,GAINESVILLE ENDOSCOPY CENTER LLC,660 E/F LANIER PARK DR,GAINESVILLE,GA,30501,,(770) 297-5321,97,3,0,98,91,7,2,94,91,8,1,96,92,7,1,97,,1625,317,20,10/01/2024,09/30/2025
11C0001230,WESTSIDE ENDOSCOPY CENTER,3825 MEDICAL PARK DR. #300,AUSTELL,GA,30106,,(770) 941-4810,96,3,1,98,95,3,2,96,91,6,3,95,88,10,2,94,3,642,129,20,10/01/2024,09/30/2025
11C0001232,LANIER EYE ASSOCIATES LLC DBA ADVANCED EYE SURGERY AND LASER CENTER,625 SOUTH ENOTA DR NORTHEAST,GAINSVILLE,GA,30501,,(770) 532-0292,95,5,0,97,87,9,4,91,85,12,3,94,82,14,4,92,3,811,196,24,10/01/2024,09/30/2025
11C0001234,ORTHOPAEDIC SOUTH SURGICAL CENTER,6645 LAKE DR,MORROW,GA,30260,,(678) 422-4230,98,2,0,99,96,3,1,98,94,5,1,98,90,9,1,97,,953,203,21,10/01/2024,09/30/2025
11C0001237,UROLOGY SURGERY CENTER OF SAVANNAH LLLP,230 E DERENNE AVE,SAVANNAH,GA,31405,,(912) 790-4068,97,2,1,98,93,5,2,96,87,11,2,95,88,10,2,95,3,531,111,22,10/01/2024,09/30/2025
11C0001240,EMORY HEALTHCARE,"1365 CLIFTON RD, NE SUITE BT200",ATLANTA,GA,30032,,(404) 778-3348,98,2,0,99,94,5,1,96,93,4,3,96,89,9,2,95,3,1272,355,28,10/01/2024,09/30/2025
11C0001245,ENDSOCOPY CENTER OF MIDDLE GEORGIA LLC,610 THIRD ST,MACON,GA,31201,,(478) 464-2600,95,4,1,97,92,6,2,95,81,16,3,94,80,18,2,93,,1041,216,21,10/01/2024,09/30/2025
11C0001247,THE HAND AND UPPER EXTREMITY SURGERY CENTER OF GEORGIA LLC,993 JOHNSON FERRY RD STE 200,ATLANTA,GA,30342,,(404) 969-1996,99,1,0,99,94,5,1,96,96,3,1,97,89,8,3,94,3,549,148,27,10/01/2024,09/30/2025
11C0001249,BRUNSWICK PAIN TREATMENT CENTER LLC,1111 GLYNCO PARKWAY 3RD FLOOR,BRUNSWICK,GA,31525,,(561) 279-3502,98,2,0,99,93,5,2,96,87,11,2,95,87,12,1,95,3,582,153,26,10/01/2024,09/30/2025
11C0001250,THE CENTER FOR SPINE PROCEDURES PC,"335 ROSELANE ST., SUITE 100",MARIETTA,GA,30060,,(770) 420-4646,96,3,1,98,87,4,9,89,84,13,3,93,83,15,2,93,"3,6",241,53,22,10/01/2024,09/30/2025
11C0001253,ENT SURGERY CENTER OF AUGUSTA LLC,340 N. BELAIR RD.,EVANS,GA,30809,,(706) 868-5676,97,2,1,98,92,5,3,94,94,6,0,96,95,4,1,98,"3,6",352,96,27,10/01/2024,09/30/2025
11C0001257,OPTIMUM SPINE CENTER DBA PEACHTREE SPINE AND PAIN PHYSICIANS,5555 PEACHTREE DUNWOODY ROAD SUITE G99,ATLANTA,GA,30342,,(678) 539-6575,97,2,1,98,92,6,2,95,85,13,2,94,85,13,2,94,,1558,230,15,10/01/2024,09/30/2025
11C0001258,THOMAS EYE SURGERY CENTER LLC,5995 BARFIELD RD,SANDY SPRINGS,GA,30328,,(678) 781-7388,96,3,1,97,93,5,2,95,86,10,4,94,85,11,4,93,,985,197,20,10/01/2024,09/30/2025
11C0001259,WEST GEORGIA ENDOSCOPY CENTER LLC,160 CLINIC AVE,CARROLLTON,GA,30117,,(678) 777-0623,99,1,0,99,95,4,1,97,95,4,1,97,92,7,1,97,3,622,130,21,10/01/2024,09/30/2025
11C0001260,MARIETTA EYE SURGERY,895 CANTON RD,MARIETTA,GA,30060,,(678) 784-2236,96,3,1,98,91,7,2,95,85,13,2,94,86,12,2,95,3,609,171,28,10/01/2024,09/30/2025
11C0001261,SPECIALTY ORTHOPAEDICS SURGERY CENTER,1240 JESSE JEWELL PARKWAY SUITE 360,GAINESVILLE,GA,30501,,(770) 534-9420,97,3,0,99,94,5,1,96,89,10,1,96,89,11,0,96,3,495,100,20,10/01/2024,09/30/2025
11C0001263,ALLIANCE SURGERY CENTER AT CARTERSVILLE,15 MEDICAL DRIVE SUITE 302,CARTERSVILLE,GA,30121,,(678) 337-3163,97,3,0,99,93,5,2,96,90,7,3,96,91,6,3,96,3,521,103,20,10/01/2024,09/30/2025
11C0001265,GEORGIA DERMATOLIGI SURGERY CENTERS PC,"5555 PEACHTREE DUNWOODY RD, SUITE 206",ATLANTA,GA,30342,,(770) 943-1996,100,0,0,100,96,3,1,98,98,1,1,99,93,6,1,97,3,587,137,23,10/01/2024,09/30/2025
11C0001266,DUBLIN EYE SURGERY CENTER LLC,2400 BELLEVUE ROAD SUITE 17,DUBLIN,GA,31021,,(478) 274-9600,99,1,0,99,96,4,0,98,96,3,1,97,95,4,1,98,,479,190,40,10/01/2024,09/30/2025
11C0001269,HUDES ENDOSCOPY CENTER LLC,"4275 JOHNS CREEK PARKWAY, SUITE A",SUWANEE,GA,30024,,(678) 638-6042,90,8,2,94,86,10,4,91,79,15,6,91,79,13,8,89,"3,6",546,95,17,10/01/2024,09/30/2025
11C0001270,MEREDYTH SURGERY CENTER PC,2709 MEREDYTH DR. STE. 210,ALBANY,GA,31707,,(229) 878-0974,98,2,0,99,95,4,1,97,95,3,2,97,92,7,1,97,"3,6",500,95,19,10/01/2024,09/30/2025
11C0001273,DCA DIAGNOSTICS LLC,800 CRESTMARK  # 102,LITHIA SPRINGS,GA,30122,,(678) 388-2040,98,2,0,99,93,5,2,95,90,8,2,95,85,12,3,94,3,505,109,22,10/01/2024,09/30/2025
11C0001274,ENT SURGERY CENTER OF ATLANTALLC,"5673 PEACHTREE DUNWOOD RD, SUITE 945",ATLANTA,GA,30342,,(404) 297-6106,100,0,0,100,94,6,0,97,99,1,0,100,99,1,0,100,"3,6",242,52,21,10/01/2024,09/30/2025
11C0001276,NORTHEAST ENDOSCOPY CENTER LLC,721 WELLNESS WAY # 110,LAWRENCEVILLE,GA,30046,,(678) 879-0999,97,3,0,98,92,7,1,96,84,16,0,95,88,9,3,94,3,753,103,14,10/01/2024,09/30/2025
11C0001278,ADVANCED SURGERY CENTER PERIMETER,1100 JOHNSON FERRY ROAD NORTHEAST SUITE 300,ATLANTA,GA,30342,,(404) 851-6378,100,0,0,100,94,4,2,96,93,7,0,97,93,4,3,95,"3,6",379,56,15,10/01/2024,09/30/2025
11C0001279,SURGICAL CENTER FOR UROLOGY LLC,290 COUNTRY CLUB DR SUITE 240,STOCKBRIDGE,GA,30281,,(678) 565-1806,98,2,0,99,89,10,1,94,93,6,1,96,89,10,1,96,,1644,136,8,10/01/2024,09/30/2025
11C0001285,UROLOGY SURGICAL PARTNERS LLC,5673 PEACHTREE DUNWOODY RD STE 900,ATLANTA,GA,30342,,(404) 593-2851,97,2,1,98,95,4,1,97,93,4,3,95,91,5,4,95,3,843,250,30,10/01/2024,09/30/2025
11C0001286,ATHENS ORTHOPEDIC CLINIC AMBULATORY SURGERY CENTER,1765 OLD WEST BROAD ST BUILDING 1,ATHENS,GA,30606,,(706) 549-1663,97,3,0,98,91,8,1,95,82,16,2,94,86,11,3,93,3,958,266,28,10/01/2024,09/30/2025
11C0001290,AMERICAN EYE SURGERY CENTER INC,651 S. MILLEDGE AVE,ATHENS,GA,30605,,(706) 546-9290,94,5,1,97,85,13,2,91,80,15,5,92,83,15,2,93,3,409,129,32,10/01/2024,09/30/2025
11C0001291,INTERVENTIONAL SPINE AND PAIN MANAGEMENT AMBULATORY SURGICAL CENTER,1388 WELLBROOK CIR,CONYERS,GA,30012,,(404) 920-4950,95,2,3,96,94,3,3,95,85,11,4,93,88,6,6,93,3,478,116,25,10/01/2024,09/30/2025
11C0001295,GAINESVILLE EYE CENTER LLC,2061 BEVERLY RD,GAINESVILLE,GA,30501,,(770) 502-4444,99,1,0,100,95,4,1,97,92,7,1,94,93,7,0,98,"3,6",211,71,34,10/01/2024,09/30/2025
11C0001298,NORTHWEST PLAZA ASC LLC,2311 LAKE PARK DR,ALBANY,GA,31707,,(229) 317-0746,98,1,1,99,94,5,1,96,90,6,4,95,87,12,1,95,3,466,110,24,10/01/2024,09/30/2025
11C0001307,ORTHOATLANTA SURGERY CENTER OF FAYETTEVILLE LLC,1265 HWY 54 WEST SUITE 103,FAYETTEVILLE,GA,30214,,(678) 216-0771,98,2,0,99,93,6,1,96,91,8,1,96,85,13,2,94,3,951,220,23,10/01/2024,09/30/2025
11C0001310,HOUSTON ORTHOPEDIC SURGERY CENTER LLC,3051 WATSON BLVD. STE. 800,WARNER ROBINS,GA,31093,,(478) 971-2270,98,1,1,99,94,5,1,96,99,0,1,99,97,2,1,98,3,344,121,35,10/01/2024,09/30/2025
11C0001311,AUGUSTA EYE SURGERY LLC,905 STEVENS CREEK RD.,AUGUSTA,GA,30907,,(706) 922-6000,98,2,0,99,95,4,1,97,96,3,1,98,91,8,1,97,,665,236,35,10/01/2024,09/30/2025
11C0001315,NEUROLOGICAL INSTITUTE AMBULATORY SURGICAL CENTER LLC,"1 EAST JACKSON BLVD, SUITE 101",SAVANNAH,GA,31405,,(912) 721-0311,,,,,,,,,,,,,,,,,1,,,,,
11C0001316,WEST METRO ENDOSCOPY CENTER LLC,8855 HOSPITAL DR,DOUGLASVILLE,GA,30134,,(678) 784-5021,96,4,0,98,95,4,1,97,89,11,0,95,91,8,1,97,3,540,112,21,10/01/2024,09/30/2025
11C0001317,CPM SUGERY CENTER PC,3870 MEDICAL PARK DR,AUSTELL,GA,30106,,(770) 929-9093,97,3,0,99,94,6,0,97,87,11,2,95,79,17,4,92,"3,6",385,85,22,10/01/2024,09/30/2025
11C0001319,THE PHYSICIANS ROME SURGERY CENTER,18 RIVERBEND SUITE 150,ROME,GA,30161,,(678) 777-0623,96,4,0,98,91,7,2,95,86,12,2,94,85,12,3,94,,714,141,20,10/01/2024,09/30/2025
11C0001322,EPS SURGICAL CENTER LLC,1457 SCOTT BLVD,DECATUR,GA,30030,,(404) 267-6775,91,8,1,95,85,9,6,89,81,11,8,91,75,21,4,90,3,618,109,18,10/01/2024,09/30/2025
11C0001324,THE PHYSICIANS NORTH ATLANTA SURGERY CENTER,5730 GLENRIDGE DR SUITE 110,SANDY SPRINGS,GA,30328,,(678) 777-0623,99,1,0,100,94,5,1,97,91,7,2,96,91,9,0,97,,576,111,19,10/01/2024,09/30/2025
11C0001326,FRIENDSHIP SURGERY CENTER,5005 FRIENDSHIP RD SUITE 200,BUFORD,GA,30518,,(770) 297-7277,97,3,0,99,90,8,2,95,88,8,4,95,88,9,3,95,"3,6",392,94,24,10/01/2024,09/30/2025
11C0001327,RENUE SURGERY CENTER,2500 STARLING ST SUITE 604,BRUNSWICK,GA,31520,,(912) 280-9977,98,2,0,99,95,4,1,97,89,10,1,96,88,12,0,96,3,532,148,28,10/01/2024,09/30/2025
11C0001329,DIGESTIVE HEALTHCARE OF GEORGIA ENDOSCOPY CENTER MOUNTAINSIDE,134 MOUNTAINSIDE VILLAGE PARKWAY BLDG 500,JASPER,GA,30143,,(404) 355-3200,95,5,0,97,93,6,1,96,85,9,6,92,84,13,3,92,"3,6",609,98,16,10/01/2024,09/30/2025
11C0001330,GEORGIA UROLOGY DBA GA UROLOGY AMBULATORY SURGERY CENTER CONYERS,1301 SIGMAN RD SUITE 250B,CONYERS,GA,30012,,(678) 283-1801,94,5,1,97,86,11,3,92,82,13,5,92,73,20,7,88,3,940,240,26,10/01/2024,09/30/2025
11C0001332,SEASIDE SURGICAL LLC,3303  GLYNN AVE,BRUNSWICK,GA,31520,,(912) 466-9500,99,1,0,100,92,6,2,95,96,4,0,98,93,5,2,97,3,806,156,20,10/01/2024,09/30/2025
11C0001333,GAINESVILLE PAIN SURGERY CENTER,1250 JESSE JEWELL PARKWAY SOUTHEAST SUITE 200,GAINESVILLE,GA,30501,,(770) 297-7277,98,2,0,99,91,6,3,94,83,14,3,93,86,12,2,95,3,659,193,29,10/01/2024,09/30/2025
11C0001334,ALLIANCE SURGERY CENTER AT MARIETTA LLC,400 TOWER RD SUITE 375,MARIETTA,GA,30060,,(770) 868-9295,96,3,1,98,92,5,3,95,91,9,0,97,89,9,2,96,"3,6",286,51,18,10/01/2024,09/30/2025
11C0001336,EYE SURGERY CENTER OF GEORGIA LLC,1100 JOHNSON FERRY RD SUITE 130,ATLANTA,GA,30342,,(404) 953-4029,97,3,0,99,88,9,3,92,85,13,2,95,88,10,2,95,3,504,131,26,10/01/2024,09/30/2025
11C0001338,PAIN CARE CENTER OF GEORGIA LLC,"1365 ROCK QUAVY RD., STE. 301",STOCKBRIDGE,GA,30281,,(770) 771-6580,98,1,1,99,93,5,2,96,89,7,4,94,87,8,5,92,"3,6",390,95,24,10/01/2024,09/30/2025
11C0001339,GEORGIA RETINA SURGERY CENTER LLC,1100 JOHNSON FERRY RD. #593,ATLANTA,GA,30342,,(404) 255-9096,98,2,0,99,92,6,2,95,91,8,1,95,88,10,2,95,3,743,200,27,10/01/2024,09/30/2025
11C0001340,WOOLFSON EYE INSTITUTE,800 MT. VERNON HWY STE. 100,ATLANTA,GA,30328,,(770) 804-1684,94,5,1,96,90,7,3,94,84,13,3,93,84,12,4,92,3,612,167,27,10/01/2024,09/30/2025
11C0001341,NORTHWEST ENDOSCOPY CENTER LLC,488 KEENESAW AVE NW,MARIETTA,GA,30060,,(770) 704-2730,96,4,0,98,90,8,2,94,90,7,3,96,87,8,5,93,3,571,129,23,10/01/2024,09/30/2025
11C0001345,GEORGIA EYE SURGICENTER LLC DBA GEORGIA EYE INSTITUTE SURGERY CENTER,4720 WATERS AVENUE SUITE 300,SAVANNAH,GA,31404,,(912) 354-4800,98,2,0,99,95,4,1,97,94,5,1,97,93,6,1,97,3,1227,432,35,10/01/2024,09/30/2025
11C0001346,GEORGIA UROLOGY PA DBA GEORGIA UROLOGY ASC GWINNETT,850 LAWRENCEVILLE SUWANEE ROAD SUITE 100,LAWRENCEVILLE,GA,30043,,(678) 283-1801,91,7,2,94,85,12,3,91,77,17,6,91,75,19,6,89,3,1098,211,19,10/01/2024,09/30/2025
11C0001347,GEORGIA UROLOGY DBA GA UROLOGY AMBULATORY SURGERY CENTER FAYETTEVILLE,140 CARNEGIE PL SUITE 108,FAYETTEVILLE,GA,30214,,(678) 283-1801,95,4,1,97,87,11,2,92,84,13,3,93,79,16,5,90,3,1362,354,26,10/01/2024,09/30/2025
11C0001349,ISPM AT COVINGTON LLC,5303 ADAMS ST STE. C,COVINGTON,GA,30014,,(770) 929-9033,97,2,1,98,97,2,1,98,95,4,1,97,94,3,3,96,"3,6",425,92,22,10/01/2024,09/30/2025
11C0001351,ATHENS GASTROENTEROLOGY ENDOSCOPY CENTER,"3320 OLD JEFFERSON RD, BUILDING 400",ATHENS,GA,30607,,(706) 613-1625,97,3,0,98,92,7,1,95,91,9,0,96,91,8,1,96,3,673,113,17,10/01/2024,09/30/2025
11C0001352,AP SURGERY CENTER LLC,1321-B INTERSTATE PARKWAY,AUGUSTA,GA,30909,,(706) 922-9266,100,0,0,100,100,0,0,100,98,2,0,99,97,0,3,97,"3,10",135,30,22,10/01/2024,09/30/2025
11C0001353,CPM SURGERY CENTER 3 PC,3400 CHAPEL HILL RD,DOUGLASVILLE,GA,30135,,(770) 929-9033,95,4,1,97,93,6,1,96,89,9,2,96,93,4,3,96,3,531,106,20,10/01/2024,09/30/2025
11C0001354,LANIER INTERVENTIONAL PAIN CENTER LLC,2335 LIMESTONE OVERLOOK,GAINESVILLE,GA,30501,,(770) 297-0356,98,1,1,99,95,4,1,97,95,3,2,97,93,3,4,96,3,560,106,19,10/01/2024,09/30/2025
11C0001356,CARLIN VISION SURGERY CENTER LLC,2347 LENORA CHURCH RD,SNELLVILLE,GA,30078,,(770) 979-2020,99,1,0,99,94,5,1,97,93,3,4,95,89,8,3,94,,505,175,35,10/01/2024,09/30/2025
11C0001357,ATHENS EYE SURGERY CENTER,105 TRINITY PL,ATHENS,GA,30607,,(706) 433-2948,98,2,0,99,93,5,2,96,95,4,1,97,94,3,3,96,3,610,264,43,10/01/2024,09/30/2025
11C0001358,LIMESTONE SURGERY CENTER LLC,2406 LIGHTHOUSE MANOR DR.,GAINESVILLE,GA,30501,,(770) 536-4558,100,0,0,100,94,6,0,97,95,5,0,97,98,2,0,99,"3,10",154,26,17,10/01/2024,09/30/2025
11C0001360,CPM SURGERY CENTER 2 PC,110 EVANS MILL DR,DALLAS,GA,30157,,(770) 929-9033,97,2,1,98,90,6,4,93,90,6,4,94,89,6,5,94,"3,6",472,94,20,10/01/2024,09/30/2025
11C0001361,SURGERY CENTER OF BONE AND JOINT INSTITUTE,112 PROFESSIONAL CT.,JESUP,GA,31545,,(912) 427-0800,98,1,1,99,89,8,3,93,89,8,3,95,87,11,2,95,"3,6",503,65,13,10/01/2024,09/30/2025
11C0001362,ORTHOATLANTA SURGERY CENTER OF AUSTELL LLC,3672 MARATHON CIR STE 120,AUSTELL,GA,30106,,(678) 945-8551,98,2,0,99,92,7,1,96,93,7,0,96,93,7,0,98,3,571,102,18,10/01/2024,09/30/2025
11C0001363,GEORGIA NEUROSURGICAL INSTITUTE OUTPATIENT SURGERY CENTER,840 PINE ST SUITE 810,MACON,GA,31201,,(478) 743-7092,96,3,1,98,89,9,2,93,88,8,4,95,86,9,5,93,"3,6",434,95,22,10/01/2024,09/30/2025
11C0001365,LAKEVIEW SURGERY CENTER LLC,"100 JIM MASON CT, STE. B",WARNER ROBINS,GA,31088,,(478) 971-4001,96,4,0,98,92,5,3,95,85,15,0,95,90,10,0,97,"3,10",211,49,23,10/01/2024,09/30/2025
11C0001368,NORTH COLUMBUS SURGERY CENTER LLC,7351 OLD MOON RD,COLUMBUS,GA,31909,,(706) 653-7000,97,3,0,99,90,7,3,94,82,16,2,94,88,11,1,95,,2541,365,15,10/01/2024,09/30/2025
11C0001370,GEORGIA SPINE SURGERY CENTER LLC DBA GNS SURGERY CENTER,1061 DOWDY RD SUITE 103,ATHENS,GA,30606,,(706) 543-9222,99,1,0,100,93,6,1,96,88,11,1,95,87,12,1,95,,362,104,29,10/01/2024,09/30/2025
11C0001371,GEORGIA UROLOGY PA,4298 ATLANTA ROAD SOUTHEAST SUITE 305,SMYRNA,GA,30080,,(678) 283-1801,95,4,1,97,89,7,4,92,89,6,5,95,84,12,4,93,3,682,147,22,10/01/2024,09/30/2025
11C0001375,GA ENDOSCOPY CENTER LLC,"3330 PRESTON RIDGE RD, SUITE 200",ALPHARETTA,GA,30005,,(770) 821-6800,96,3,1,98,93,6,1,96,89,11,0,96,86,13,1,95,3,1111,192,17,10/01/2024,09/30/2025
11C0001376,GWINNETT SURGERY CENTER,631 PROFESSIONAL DR SUITE 390,LAWERENCEVILLE,GA,30046,,(770) 338-1666,98,2,0,99,87,11,2,92,89,11,0,95,78,13,9,88,"3,6",509,65,13,10/01/2024,09/30/2025
11C0001377,CPMSC CARROLLTON,812 SOUTH PARK ST. STE. 5,CARROLLTON,GA,30117,,(770) 929-9033,98,2,0,99,94,5,1,97,93,6,1,98,90,9,1,96,3,457,116,26,10/01/2024,09/30/2025
11C0001378,PINNACLE ORTHOPAEDICS SURGERY CENTER WOODSTOCK LLC,1505 STONEBRIDGE PARKWAY SUITE 120,WOODSTOCK,GA,30189,,(770) 926-6975,97,3,0,99,93,5,2,96,90,8,2,95,91,8,1,96,3,567,112,20,10/01/2024,09/30/2025
11C0001379,GASTROINTESTINAL DIAGNOSTIC ENDOSCOPY WOODSTOCK LLC,118 MILL ST. STE. 100,WOODSTOCK,GA,30188,,(770) 226-9070,98,2,0,99,93,6,1,96,93,6,1,97,89,8,3,95,3,466,150,32,10/01/2024,09/30/2025
11C0001381,RENUE SURGERY CENTER OF WAYCROSS,1905 TEBEAU ST,WAYCROSS,GA,31501,,(912) 285-4366,99,1,0,99,89,8,3,93,90,8,2,96,85,13,2,94,3,333,103,31,10/01/2024,09/30/2025
11C0001382,GEORGIA OPHTHALMOLOGISTS LLC DBA GEORGIA OPHTHALMOLOGISTS AMBULATORY SURGERY CENTER,4159 MILL ST NORTHEAST,COVINGTON,GA,30014,,(770) 786-1234,99,1,0,100,92,6,2,95,94,4,2,96,94,4,2,97,"3,6",277,88,32,10/01/2024,09/30/2025
11C0001383,HUGHSTON SURGICAL CENTER LLC,6262 VETERANS PKWY UNIT. B,COLUMBUS,GA,31909,,(706) 494-3434,98,2,0,99,94,5,1,96,94,5,1,97,92,7,1,97,,803,231,29,10/01/2024,09/30/2025
11C0001384,PEACHTREE ORTHOPAEDIC SURGERY CENTER AT PERIMETER,5505 PEACHTREE DUNWOODY RD SUITE 200,ATLANTA,GA,30342,,(404) 603-7302,99,1,0,99,95,4,1,97,92,8,0,97,89,10,1,96,,1653,320,19,10/01/2024,09/30/2025
11C0001385,EVANS PROCEDURE CENTER LLC,404 TOWN PARK BLVD,EVANS,GA,30809,,(706) 922-7246,97,3,0,98,90,7,3,94,84,11,5,93,85,11,4,93,3,627,181,29,10/01/2024,09/30/2025
11C0001386,NORTHWEST ENT SURGERY CENTER LLC,960 WOODSTOCK PARKWAY SUITE 101,WOODSTOCK,GA,30188,,(770) 427-0368,97,1,2,98,93,7,0,96,88,3,9,92,83,8,9,92,"3,10",156,25,16,10/01/2024,09/30/2025
11C0001389,SURGERY CENTER OF ATHENS LLC,2142 WEST BROAD ST BUILDING 100 SUITE 100,ATHENS,GA,30606,,(678) 777-0623,98,2,0,99,93,6,1,96,92,6,2,96,89,7,4,94,,1381,332,24,10/01/2024,09/30/2025
11C0001390,THE EMORY CLINIC DBA THE EMORY CLINIC LAGRANGE SURGERY CENTER,"1365 CLIFTON RD, NE SUITE BT200",LAGRANGE,GA,30240,,(404) 778-3348,99,1,0,100,95,5,0,98,96,4,0,97,90,4,6,93,3,634,149,24,10/01/2024,09/30/2025
11C0001391,CPMSC GWINNETT LLC,4799 SUGARLOAF PKWY STE. G,AUSTELL,GA,30106,,(770) 929-9033,97,3,0,99,96,3,1,98,89,8,3,96,93,5,2,97,3,451,105,24,10/01/2024,09/30/2025
11C0001395,BRASELTON ENDOSCOPY CENTER LLC,"1515 RIVER PL, STE 320",BRASELTON,GA,30517,,(678) 997-2151,98,2,0,99,92,6,2,95,92,7,1,97,89,10,1,95,,1334,286,21,10/01/2024,09/30/2025
11C0001398,EYE SURGERY CENTER OF WEST GEORGIA INCORPORATED,"2616 WARM SPRINGS RD, SUITE B",COLUMBUS,GA,31904,,(706) 507-7553,99,1,0,99,96,3,1,98,95,5,0,98,95,4,1,98,3,429,162,38,10/01/2024,09/30/2025
11C0001399,ROME ORTHOPAEDIC CLINIC ASC INC,100 THREE RIVERS DR NORTHEAST,ROME,GA,30161,,(706) 528-9055,99,1,0,99,95,4,1,97,96,4,0,98,94,5,1,97,3,505,169,33,10/01/2024,09/30/2025
11C0001400,SPALDING ENDOSCOPY CENTER LLC,226 EAST COLLEGE ST,GRIFFIN,GA,30224,,(678) 987-1490,98,2,0,99,92,7,1,95,89,8,3,95,85,13,2,94,3,545,112,21,10/01/2024,09/30/2025
11C0001403,ISPM ASC AT PIEDMONT LLC,2061 PEACHTREE RD NE STE 200,ATLANTA,GA,30309,,(404) 920-4950,93,6,1,96,91,6,3,94,84,13,3,95,84,12,4,93,3,704,132,19,10/01/2024,09/30/2025
11C0001404,ADVANCED UROLOGY SURGERY CENTER,1557 JANMAR RD,SNELLVILLE,GA,30078,,(470) 579-5600,97,3,0,99,96,4,0,98,90,8,2,95,88,8,4,94,3,491,101,21,10/01/2024,09/30/2025
11C0001405,PANOLA ENDOSCOPY CENTER LLC,5403 HILLANDALE PARK COURT SUITE A,LITHONIA,GA,30058,,(000) 000-0000,97,3,0,98,93,5,2,96,90,9,1,96,82,14,4,91,"3,6",465,88,19,10/01/2024,09/30/2025
11C0001408,PEACHTREE BUCKHEAD SURGICAL CENTER,"2061 PEACHTREE RD, NE STE. 300A",ATLANTA,GA,30309,,(404) 350-7955,100,0,0,100,96,2,2,97,91,8,1,96,90,10,0,97,"3,6",305,69,23,10/01/2024,09/30/2025
11C0001411,CENTER FOR SPINE INTERVENTION ASC 1 LLC,4586 TIMBER RIDGE DR SUITE 141,DOUGLASVILLE,GA,30135,,(678) 813-2741,98,2,0,99,93,6,1,96,94,4,2,96,92,5,3,96,3,506,102,20,10/01/2024,09/30/2025
11C0001413,ATLANTA GENERAL AND BARIATRIC SURGERY CENTERE LLC,6300 HOSPITAL PARKWAY SUITE 150,JOHNS CREEK,GA,30097,,(678) 777-0623,99,1,0,99,95,4,1,97,98,1,1,99,97,3,0,99,,420,125,30,10/01/2024,09/30/2025
11C0001414,HEMLOCK AMBULATORY SURGERY CENTER LLC,101 PRESTON CT SUITE 104,MACON,GA,31210,,(478) 745-2385,97,3,0,99,93,6,1,97,90,7,3,94,90,8,2,96,3,471,101,22,10/01/2024,09/30/2025
11C0001416,ALBANY UROLOGY SURGERY CENTER LLC DBA ALBANY UROLOGY SURGERY CENTER,2400 OSLER CT,ALBANY,GA,31707,,(229) 438-2809,97,2,1,98,94,5,1,97,89,8,3,95,90,9,1,96,3,623,156,26,10/01/2024,09/30/2025
11C0001417,GEORIGA INTERVENTIONAL PAIN LLC,"455 PHILIP BLVD, STE 138 BLDG 100",LAWRENCEVILLE,GA,30046,,(770) 962-3642,,,,,,,,,,,,,,,,,1,,,,,
11C0001419,SOUTH ATLANTA AMBULATORY SURGICAL CENTER,830 EAGLES LANDING PARKWAY SUITE 101,STOCKBRIDGE,GA,30281,,(678) 831-4500,,,,,,,,,,,,,,,,,1,,,,,
11C0001420,THE EMORY CLINIC DBA EMORY AMBULATORY SURGERY CENTER AT DUNWOODY,4555 NORTH SHALLOWFORD ROAD,ATLANTA,GA,30338,,(404) 251-1500,96,4,0,98,91,8,1,95,90,8,2,95,84,11,5,92,3,1125,282,25,10/01/2024,09/30/2025
11C0001425,CPMSC CANTON LLC,134 RIVERSDTONE TERRACE STE. 101,CANTON,GA,30114,,(770) 929-9033,97,2,1,98,95,2,3,96,89,10,1,96,91,7,2,96,3,496,102,21,10/01/2024,09/30/2025
11C0001430,CENTER FOR PAIN AND SPINE LLC,2401 NEWMAN CROSSING BLVD STE 130,NEWNAN,GA,30265,,(770) 771-6580,96,3,1,98,92,7,1,96,88,9,3,95,79,15,6,90,"3,6",343,83,24,10/01/2024,09/30/2025
11C0001432,BUFORD EYE SURGERY CENTER,1995 MALL OF GEORGIA BLVD,BUFORD,GA,30519,,(678) 381-2020,97,3,0,98,93,6,1,96,87,11,2,96,87,8,5,93,3,318,101,32,10/01/2024,09/30/2025
11C0001433,CANTON EYE SURGERY CENTER,201 KIMBERLY WAY# 106,CANTON,GA,30114,,(678) 381-2020,98,2,0,99,95,4,1,97,89,10,1,96,89,10,1,96,3,642,253,39,10/01/2024,09/30/2025
11C0001435,AOS SURGERY CENTER LLC,1290 INTERSTATE PARKWAY,AUGUSTA,GA,30909,,(706) 860-8383,97,2,1,98,94,5,1,96,93,6,1,97,91,8,1,97,,777,230,30,10/01/2024,09/30/2025
11C0001438,NEXUS OF ALBANY SURGERY CENTER LLC,"2810 MEREDYTH DR, SUITE 101",ALBANY,GA,31707,,(229) 496-1874,98,1,1,99,96,4,0,99,96,3,1,98,95,4,1,97,"3,6",228,71,32,10/01/2024,09/30/2025
11C0001440,AXIS SURGERY CENTER LLC,"230 SHERATON BLVD, STE. B",MACON,GA,31210,,(478) 474-2947,97,2,1,98,93,6,1,97,93,7,0,97,95,5,0,98,"3,6",195,55,28,10/01/2024,09/30/2025
11C0001443,DIGESTIVE CARE ENDOSCOPY,6300 HOSPITAL PKWY STE 440,JOHNS CREEK,GA,30097,,(770) 227-2222,92,7,1,96,87,10,3,92,85,12,3,93,79,16,5,90,"3,6",583,96,16,10/01/2024,09/30/2025
11C0001445,ROSWELL EYE SURGERY CENTER LLC,"3775 ROSWELL RD, SUITE 150",CUMMING,GA,30041,,(678) 381-2020,97,2,1,98,95,4,1,97,87,7,6,94,81,17,2,93,3,331,107,32,10/01/2024,09/30/2025
11C0001447,GEORGIA UROLOGY PA DBA GEORGIA UROLOGY ASC ALPHARETTA,11835 ALPHARETTA HIGHWAY SUITE 100,ROSWELL,GA,30076,,(678) 283-1801,94,5,1,97,88,10,2,93,86,12,2,94,80,15,5,90,3,791,179,23,10/01/2024,09/30/2025
11C0001448,PCA INTERVENTIONAL SPINE AT MACQUARIUM,"1800 PEACHTREE ST SW, SUITE 775",ATLANTA,GA,30309,,(404) 351-7654,98,2,0,99,91,5,4,93,87,8,5,93,86,8,6,93,"3,6",345,79,23,10/01/2024,09/30/2025
11C0001451,SOUTHERN SURGERY CENTER,605 NORTH WESTOVER BLVD,ALBANY,GA,31707,,(229) 434-4211,97,2,1,98,91,7,2,94,91,7,2,96,89,10,1,96,3,746,131,18,10/01/2024,09/30/2025
11C0001454,GEORGIA INTERVENTIONAL PAIN B LLC,"1255 FRIENDSHIP RD, SUITE 140",BRASELTON,GA,30517,,(770) 962-3642,,,,,,,,,,,,,,,,,1,,,,,
11C0001455,CLARKE COUNTY ENDOSCOPY CENTER DBA ATHENS CLARKE COUNTY ENDOSCOPY CENTER,"340 NORTH MILLEDGE AVE, SUITE A",ATHENS,GA,30601,,(706) 548-0008,98,2,0,99,94,6,0,97,91,7,2,96,90,8,2,95,3,497,114,23,10/01/2024,09/30/2025
11C0001459,HALL COUNTY ENDOSCOPY CENTER,1955 TEXTILE WAY,GAINESVILLE,GA,30501,,(678) 987-1499,99,1,0,99,94,5,1,96,95,5,0,97,87,10,3,94,3,584,117,20,10/01/2024,09/30/2025
11C0001460,RESURGENS EAST SURGERY CENTER LLC,3241 IRIS DR SUITE 100,COVINGTON,GA,30016,,(678) 712-7624,99,1,0,99,94,5,1,96,93,6,1,96,91,7,2,96,,1141,243,21,10/01/2024,09/30/2025
11C0001461,ENT OF SOURTH GEORGIA SURGERY CENTER,2805 NORTH OAK STREET,VALDOSTA,GA,31602,,(229) 244-2562,,,,,,,,,,,,,,,,,1,,,,,
11C0001463,APEX MEDICAL SURGERY CENTER LLC,1075 LAFAYETTE PARKWAY SUITE 110,LAGRANGE,GA,30241,,(762) 323-1030,96,3,1,98,91,8,1,95,87,12,1,96,92,7,1,97,3,605,132,22,10/01/2024,09/30/2025
11C0001464,WEST PACES SURGERY CENTER DBA AOI SURGERY CENTER,3200 DOWNWOOD CIR SUITE 400,ATLANTA,GA,30327,,(404) 390-3294,98,2,0,99,95,5,0,97,94,6,0,97,90,10,0,97,"3,6",332,79,24,10/01/2024,09/30/2025
11C0001465,MIDTOWN SURGERY CENTER,1224 STARK AVE,COLUMBUS,GA,31906,,(706) 478-3070,98,1,1,99,95,3,2,97,98,0,2,98,90,9,1,96,3,621,128,21,10/01/2024,09/30/2025
11C0001467,UROLOGY SURGERY CENTER JOHNS CREEK,10730 MEDLOCK BRIDGE RD,JOHNS CREEK,GA,30097,,(470) 579-5600,97,2,1,98,92,7,1,95,86,11,3,94,79,20,1,92,3,680,131,19,10/01/2024,09/30/2025
11C0001468,ALLIANCE SURGERY CENTER AT AUGUSTA LLC,1367 INTERSTATE PARKWAY,AUGUSTA,GA,30909,,(404) 920-4950,99,1,0,100,96,3,1,98,95,5,0,98,95,5,0,98,3,702,173,25,10/01/2024,09/30/2025
11C0001469,CATARACT AND LASER SURGERY CENTER OF SOUTH GEORGIA,4120B NORTH VALDOSTA RD,VALDOSTA,GA,31602,,(229) 469-7653,97,3,0,99,93,6,1,96,88,10,2,95,90,7,3,95,3,393,118,30,10/01/2024,09/30/2025
11C0001470,GEORGIA INTERVENTIONAL PAIN D LLC,"484 IRVIN CT, SUITE 130",DECATUR,GA,30030,,(770) 962-3642,,,,,,,,,,,,,,,,,1,,,,,
11C0001471,EASTSIDE ENDOSCOPY CENTER LLC,1805 HONEY CREEK COMMONS SOUTHEAST,CONYERS,GA,30013,,(770) 922-7000,97,3,0,98,96,3,1,97,92,6,2,96,87,8,5,93,3,1036,216,21,10/01/2024,09/30/2025
11C0001472,RESURGENS FAYETTE SURGERY CENTER LLC,1336 HWY 54 WEST BUILDING 400 SUITE A,FAYETTEVILLE,GA,30214,,(678) 251-0200,98,2,0,99,93,6,1,96,97,3,0,98,94,6,0,98,,875,269,31,10/01/2024,09/30/2025
11C0001475,ALPHARETTA MOHS SURGICAL CENTER,3330 PRESTON RIDGE RD SUITE 260,ALPHARETTA,GA,30005,,(404) 446-3200,99,1,0,100,95,5,0,98,97,2,1,98,95,2,3,97,3,495,326,66,10/01/2024,09/30/2025
11C0001476,SURGERY CENTER AT CYPRESS POINT LLC,39 KENT ROAD SUITE 7,TIFTON,GA,31794,,(229) 391-2910,99,1,0,99,97,2,1,98,95,4,1,98,96,4,0,99,3,552,145,26,10/01/2024,09/30/2025
11C0001477,ATHENS ORTHOPEDIC CLINIC AMBULATORY SURGERY CENTER LOGANVILLE LLC,1765 OLD WEST BROAD ST BUILDING 1 SUITE 300,ATHENS,GA,30606,,(706) 286-7347,98,2,0,99,92,7,1,96,94,4,2,97,89,9,2,95,3,559,185,33,10/01/2024,09/30/2025
11C0001478,CENTER FOR SPINE INTERVENTIONS ASC 3 LLC,4450 CALIBRE CROSSING NORTHWEST SUITE 1120,ACWORTH,GA,30101,,(678) 813-2741,98,2,0,99,93,6,1,96,90,6,4,95,91,7,2,96,"3,6",339,73,22,10/01/2024,09/30/2025
11C0001479,AMERICAN ACCESS CARE OF ATLANTA ASC DBA INSTITUTE FOR MINIMALLY INVASIVE THERAPIES SURG CTR,250 EAST PONCE DE LEON AVENUE SUITE 100,DECATUR,GA,30030,,(404) 377-9171,99,1,0,99,91,7,2,95,84,15,1,94,79,18,3,92,"3,6",911,70,8,10/01/2024,09/30/2025
11C0001480,ATHENS SPINE PROCEDURAL CENTER,1550 TIMOTHY RD SUITE 103,ATHENS,GA,30606,,(706) 850-5667,99,1,0,99,94,5,1,97,95,4,1,97,96,4,0,99,3,634,151,24,10/01/2024,09/30/2025
11C0001482,GRIFFIN CENTER FOR PAIN AND SPINE LLC,619 SOUTH 8TH STREET SUITE 302,GRIFFIN,GA,30224,,(770) 771-6580,94,4,2,96,92,6,2,95,90,8,2,96,83,13,4,92,3,376,109,29,10/01/2024,09/30/2025
11C0001485,SNAPFINGER VASCULAR ACCESS CENTER ASC LLC,5246 SNAPFINGER PARK DRIVE,DECATUR,GA,30035,,(678) 533-6120,98,2,0,99,90,7,3,93,86,11,3,93,76,17,7,88,"3,6",983,86,9,10/01/2024,09/30/2025
11C0001488,ADVANCED CENTER FOR JOINT SURGERY LLC,2000 HOWARD FARM DR SUITE T100,CUMMING,GA,30041,,(678) 777-0623,98,2,0,99,94,5,1,97,94,5,1,97,91,6,3,96,,830,404,49,10/01/2024,09/30/2025
11C0001489,NEWNAN ENDOSCOPY CENTER LLC,1200 LOWERFAYETTEVILLE ROAD SUITE A,NEWNAN,GA,30265,,(000) 000-0000,98,2,0,99,95,4,1,97,94,4,2,96,92,6,2,96,"3,6",496,93,19,10/01/2024,09/30/2025
11C0001490,GEORGIA CATARACT AND EYE SPECIALTY CENTER,158 CLINIC AVE SUITE B,CARROLLTON,GA,30117,,(770) 834-1008,98,2,0,99,91,7,2,95,94,4,2,96,92,6,2,96,3,533,136,26,10/01/2024,09/30/2025
11C0001494,SURGERY CENTER OF LAWRENCEVILLE,501 CROWN POINTE WAY,LAWRENCEVILLE,GA,30046,,(470) 579-5600,97,2,1,98,92,7,1,96,84,13,3,93,83,14,3,92,3,674,119,18,10/01/2024,09/30/2025
11C0001495,PAIN & SPINE PHYSICIANS SURGERY CENTER LLC,3333 OLD MILTON PARKWAY SUITE 430,ALPHARETTA,GA,30005,,(770) 391-3979,100,0,0,100,97,2,1,98,97,3,0,99,98,1,1,99,3,535,154,29,10/01/2024,09/30/2025
11C0001496,CHATHAM ORTHOPAEDIC SURGERY ASC LLC,4425 PAULSEN ST BUILDING B 2ND FLOOR,SAVANNAH,GA,31405,,(912) 777-3060,99,1,0,99,94,5,1,97,94,6,0,97,93,3,4,95,3,673,190,28,10/01/2024,09/30/2025
11C0001498,MEDICI SURGICAL CENTER LLC,792 CHURCH STREET NORTHEAST SUITE 101,MARIETTA,GA,30060,,(470) 795-8398,94,4,2,96,85,11,4,91,78,17,5,90,74,19,7,87,"3,6",283,56,20,10/01/2024,09/30/2025
11C0001499,CENTER FOR SPINE INTERVENTIONS ASC 2,2713 CHARLES HARDY PARKWAY,DALLAS,GA,30157,,(678) 813-2741,98,2,0,99,94,4,2,96,96,4,0,98,94,6,0,98,3,462,100,22,10/01/2024,09/30/2025
11C0001501,ALPHARETTA EYE SURGERY CENTER,2555 WESTSIDE PARKWAY SUITE 325,ALPHARETTA,GA,30004,,(678) 925-0775,94,6,0,97,95,4,1,97,95,4,1,97,85,8,7,91,3,514,145,28,10/01/2024,09/30/2025
11C0001503,SANDY SPRINGS CENTER FOR UROLOGIC SURGERY,1450 SOUTH JOHNSON FERRY RD,ATLANTA,GA,30319,,(470) 579-5600,93,6,1,96,90,9,1,95,86,13,1,93,83,15,2,94,3,563,105,19,10/01/2024,09/30/2025
11C0001504,PEDIATRIC AND ADULT SURGERY CENTER OF ATLANTA LLC,2061 PEACHTREE ROAD NORTHEAST SUITE 300-A,ATLANTA,GA,30309,,(678) 483-8833,,,,,,,,,,,,,,,,,1,,,,,
11C0001508,REGENERATIVE ORTHOPAEDICS SURGERY CENTER LLC,135 NORTH PARK PL SUITE 100,STOCKBRIDGE,GA,30281,,(470) 615-7646,97,3,0,99,91,6,3,94,90,8,2,96,89,8,3,95,,974,208,21,10/01/2024,09/30/2025
11C0001509,PCA INTERVENTIONAL SPINE AT FAYETTE,1233 HIGHWAY 54 WEST SUITE 205,FAYETTEVILLE,GA,30214,,(000) 000-0000,97,3,0,98,95,3,2,97,86,12,2,94,86,10,4,93,"3,6",345,74,22,10/01/2024,09/30/2025
11C0001510,ALLIANCE SURGERY CENTER AT WOODSTOCK LLC,300 PARKBROOKE PL SUITE 300,WOODSTOCK,GA,30189,,(770) 868-9295,99,1,0,100,95,4,1,98,94,5,1,97,92,5,3,96,"3,6",500,89,18,10/01/2024,09/30/2025
11C0001511,GI NORTH ENDOSCOPY.LLC,4150 DEPUTY BILL CANTRELL MEMORIAL ROAD SUITE 200,CUMMING,GA,30040,,(404) 446-0600,96,3,1,98,90,8,2,94,89,9,2,95,89,9,2,95,,982,168,17,10/01/2024,09/30/2025
11C0001512,SNELLVILLE EYE SURGERY CENTER,1250 SCENIC HIGHWAY SUITE 1600,LAWRENCEVILLE,GA,30045,,(678) 925-0775,97,3,0,98,94,5,1,97,89,10,1,96,91,8,1,96,"3,6",413,97,23,10/01/2024,09/30/2025
11C0001513,THE CENTER FOR SPECIAL SURGERY,11660 ALPHARETTA HWY BUILDING 700 SUITE 720,ROSWELL,GA,30076,,(470) 579-5600,96,3,1,98,89,10,1,94,85,10,5,94,81,14,5,92,"3,6",362,75,21,10/01/2024,09/30/2025
11C0001514,WGUASC LLC,150 CLINIC AVENUE SUITE 203,CARROLLTON,GA,30117,,(707) 834-6988,98,2,0,99,97,2,1,98,92,6,2,96,87,10,3,94,3,1004,215,21,10/01/2024,09/30/2025
11C0001515,TAKLE EYE SURGERY CENTER,1075 BANDY PARKWAY SUITE 105,LOCUST GROVE,GA,30248,,(770) 282-3590,98,2,0,99,85,11,4,90,86,9,5,93,84,8,8,90,"3,6",1052,87,8,10/01/2024,09/30/2025
11C0001516,GEORGIA INTERVENTIONAL PAIN E LLC,100 LIBERTY BOULEVARD SUITE 220,CANTON,GA,30114,,(770) 962-3642,,,,,,,,,,,,,,,,,1,,,,,
11C0001517,ALLIANCE SURGERY CENTER AT JOHNS CREEK LLC,6920 MCGINNIS FERRY RD SUITE 360A,SUWANEE,GA,30024,,(770) 868-9295,92,6,2,95,92,5,3,95,77,18,5,92,84,13,3,93,3,594,116,20,10/01/2024,09/30/2025
11C0001520,VISION EYE SURGERY CENTER,4050 RIVERSIDE DRIVE,MACON,GA,31210,,(478) 744-1710,97,3,0,99,94,5,1,96,94,5,1,97,93,6,1,97,3,522,119,23,10/01/2024,09/30/2025
11C0001525,GEORGIA INTERVENTIONAL PAIN F LLC,1357 HEMBREE ROAD SUITE 230,ROSWELL,GA,30076,,(770) 962-3642,,,,,,,,,,,,,,,,,1,,,,,
11C0001526,HARBIN CLINIC GI LAB CARTERSVILLE,200 GENTILLY BOULEVARD,CARTERVILLE,GA,30120,,(000) 000-0000,96,4,0,98,89,9,2,93,91,6,3,96,83,13,4,93,3,807,122,15,10/01/2024,09/30/2025
11C0001527,GEORGIA INTERVENTIONAL PAIN G LLC,1504 NORTH THORNTON AVENUE SUITE 104,DALTON,GA,30720,,(770) 962-3642,,,,,,,,,,,,,,,,,1,,,,,
11C0001528,GEORGIA UROLOGY DBA GEORGIA UROLOGY DECATUR ASC,1670 SCOTT BOULEVARD SUITE 204K,DECATUR,GA,30033,,(678) 284-4040,95,4,1,97,92,5,3,95,82,13,5,92,80,14,6,90,3,1085,229,21,10/01/2024,09/30/2025
11C0001529,EAST ATLANTA EYE SURGERY CENTER,550 PROFESSIONAL DRIVE,LAWRENCEVILLE,GA,30046,,(770) 689-4879,97,2,1,98,89,8,3,93,85,12,3,94,87,9,4,93,3,485,128,26,10/01/2024,09/30/2025
11C0001530,MARIETTA ADVANCED SURGERY CENTER,1371 CHURCH STREET EXTENSION NORTHEAST 100,MARIETTA,GA,30060,,(000) 000-0000,97,2,1,98,89,9,2,94,90,6,4,95,83,13,4,92,3,443,101,23,10/01/2024,09/30/2025
11C0001532,FORSYTH EYE SURGERY CENTER,1034 HAW CREEK CIRCLE SUITE 200,CUMMING,GA,30041,,(678) 925-0775,96,3,1,98,93,5,2,95,92,6,2,96,91,6,3,96,3,446,127,28,10/01/2024,09/30/2025
11C0001534,LEGACY CENTER FOR SPINAL SURGERY LLC,1900 THE EXCHANGE SOUTHEAST SUITE 610,ATLANTA,GA,30339,,(770) 291-8987,,,,,,,,,,,,,,,,,1,,,,,
11C0001535,"GEORGIA INTERVENTIONAL PAIN H, LLC",526 BANKHEAD HIGHWAY SUITE 102,CARROLLTON,GA,30117,,(770) 962-3642,,,,,,,,,,,,,,,,,1,,,,,
11C0001536,MEDICI SURGICAL CENTER GWINNETT LLC,2220 WISTERIA DRIVE SUITE 100,SNELLVILLE,GA,30078,,(844) 328-4624,98,0,2,98,92,5,3,95,93,3,4,96,90,3,7,92,"3,10",179,43,24,10/01/2024,09/30/2025
11C0001539,ALLIANCE SURGERY CENTER AT PEACHTREE CITY LLC,1975 HIGHWAY 54 WEST SUITE 105,PEACHTREE CITY,GA,30269,,(000) 000-0000,96,4,0,98,87,9,4,92,81,12,7,91,81,12,7,90,3,509,101,20,10/01/2024,09/30/2025
11C0001542,HOUSTON ASC LLC,1659 WATSON BOULEVARD,WARNER ROBINS,GA,31093,,(478) 542-7959,98,2,0,99,92,6,2,95,89,9,2,95,85,14,1,94,,3136,619,20,10/01/2024,09/30/2025
11C0001543,NORTHEAST GEORGIA SURGERY CENTER LLC,601 BROAD STREET SOUTHEAST SUITE E,GAINESVILLE,GA,30501,,(678) 971-4227,99,1,0,100,93,7,0,97,94,0,6,96,92,5,3,96,"3,10",167,29,18,10/01/2024,09/30/2025
11C0001544,CLEAVER MEDICAL GROUP SURGERY CENTER LLC,105 PROFESSIONAL PARK DRIVE SUITE 200,CUMMING,GA,30040,,(770) 800-3455,99,0,1,99,99,1,0,100,97,2,1,98,94,5,1,98,"3,6",297,62,21,10/01/2024,09/30/2025
11C0001546,SOUTHEAST EYE LASER SURGERY CENTER,3215 SHRINE ROAD SUITE 8,BRUNSWICK,GA,31520,,(912) 289-9289,94,5,1,96,90,6,4,93,83,14,3,93,85,11,4,93,3,485,127,26,10/01/2024,09/30/2025
11C0001547,RSPS FAYETTEVILLE ASC LLC DBA RSPS FAYETTEVILLE ASC,874 LANIER AVENUE WEST SUITE 260,FAYETTEVILLE,GA,30214,,(404) 618-0995,98,1,1,99,92,6,2,95,96,4,0,98,94,4,2,97,"3,6",394,82,21,10/01/2024,09/30/2025
11C0001548,THE EMORY CLINIC INC DBA EMORY ENDOSCOPY CENTER AT DECATUR,2665 NORTH DECATUR ROAD SUITE 740,DECATUR,GA,30033,,(404) 544-1405,99,1,0,99,91,9,0,95,95,4,1,96,89,10,1,96,3,976,244,25,10/01/2024,09/30/2025
11C0001551,PEACHTREE ORTHOPAEDIC SURGERY CENTER-NORTH LLC,2860 RONALD REAGAN BOULEVARD SUITE 100,CUMMING,GA,30041,,(404) 425-1500,99,1,0,99,97,2,1,98,94,5,1,98,95,3,2,97,,1118,316,28,10/01/2024,09/30/2025
11C0001552,ENT SURGICAL SOLUTIONS,3915 JOHNS CREEK COURT SUITE 120,SUWANEE,GA,30024,,(678) 777-0623,99,1,0,100,94,4,2,96,94,5,1,97,89,9,2,95,,736,117,16,10/01/2024,09/30/2025
11C0001554,EYE CONSULTANTS FAYETTEVILLE SURGERY CENTER,350 BRANDYWINE BOULEVARD SUITE 101,FAYETTEVILLE,GA,30214,,(770) 719-7950,97,3,0,98,95,4,1,97,94,5,1,97,92,5,3,96,,857,342,40,10/01/2024,09/30/2025
11C0001555,HAMILTON ORTHOPEDIC SURGERY CENTER DBA HAMILTON AOSM SURGERY CENTER,1104 PROFESSIONAL BOULEVARD,DALTON,GA,30720,,(706) 226-5533,100,0,0,100,97,2,1,98,98,2,0,98,99,0,1,99,"3,6",251,84,33,10/01/2024,09/30/2025
11C0001556,GEORGIA INTERVENTIONAL PAIN L LLC,658 NORTH CHASE STREET SUITE 103,ATHENS,GA,30601,,(770) 962-3642,,,,,,,,,,,,,,,,,1,,,,,
11C0001559,GHS SERVICES LLC DBA GASTRO SOUTH ENDOSCOPY CENTER,249 SHERATON BOULEVARD,MACON,GA,31210,,(478) 241-2780,99,1,0,99,93,6,1,96,93,6,1,97,92,7,1,97,3,770,121,16,10/01/2024,09/30/2025
11C0001560,ALLIANCE SURGERY CENTER AT SANDY SPRINGS LLC,1100 LAKE HEARN DRIVE SUITE 330,ATLANTA,GA,30342,,(404) 920-4950,98,2,0,99,90,6,4,93,86,9,5,92,90,8,2,95,"3,6",267,56,21,10/01/2024,09/30/2025
11C0001561,WEST GEORGIA SURGERY CENTER LLC,103 CLINIC AVENUE,CARROLLTON,GA,30117,,(470) 729-5200,98,1,1,99,95,4,1,97,95,4,1,98,92,5,3,96,3,1242,421,34,10/01/2024,09/30/2025
11C0001562,GEORGIA UROLOGY PA DBA GEORGIA UROLOGY ASC CANTON,100 LIBERTY BOULEVARD SUITE 230,CANTON,GA,30114,,(770) 720-7246,96,3,1,97,89,9,2,93,82,12,6,93,79,17,4,91,3,2072,542,26,10/01/2024,09/30/2025
11C0001564,BRASELTON ASC LLC,1524 RIVER PLACE SUITE 100,BRASELTON,GA,30517,,(770) 848-1730,99,1,0,99,95,4,1,97,97,2,1,98,93,5,2,97,,683,212,31,10/01/2024,09/30/2025
11C0001565,GEORGIA EYE SURGERY LLC,1620 PRINCE AVENUE SUITE B,ATHENS,GA,30606,,(706) 546-0170,95,4,1,97,89,9,2,93,87,10,3,95,82,15,3,93,3,520,122,24,10/01/2024,09/30/2025
11C0001566,THOMAS EYE SURGERY CENTER OF FAYETTE,245 GREENCASTLE ROAD,TYRONE,GA,30290,,(404) 252-4675,98,2,0,99,95,4,1,97,96,3,1,97,93,7,0,98,3,519,109,21,10/01/2024,09/30/2025
11C0001567,LAWRENCEVILLE CENTER FOR PAIN AND SPINE LLC,755 OLD NORCROSS ROAD,LAWRENCEVILLE,GA,30046,,(770) 771-6580,98,2,0,99,92,6,2,95,88,8,4,95,79,13,8,88,"3,10",188,47,25,10/01/2024,09/30/2025
11C0001568,NEWNAN SURGERY CENTER LLC,3231 HIGHWAY 34 EAST SUITE B,NEWNAN,GA,30265,,(678) 971-4227,97,3,0,98,96,3,1,97,88,10,2,96,91,9,0,97,"3,10",181,44,25,10/01/2024,09/30/2025
11C0001571,ALLIANCE SURGERY CENTER AT CUMMING LLC,970 SANDERS ROAD SUITE 200,CUMMING,GA,30041,,(404) 920-4950,96,3,1,98,94,5,1,97,92,7,1,96,91,6,3,95,"3,6",509,86,17,10/01/2024,09/30/2025
11C0001572,LAFAYETTE SURGERY CENTER LLC,1015 LAFAYETTE PARKWAY SUITE 110,LAGRANGE,GA,30241,,(762) 842-0130,97,3,0,98,93,5,2,96,90,9,1,96,90,8,2,96,"3,6",502,91,18,10/01/2024,09/30/2025
11C0001574,ADVANCED CENTER FOR JOINT REPLACEMENT ATLANTA LLC,1150 HAMMOND DRIVE SUITE 600,SANDY SPRINGS,GA,30328,,(470) 431-5142,98,2,0,99,95,4,1,97,92,7,1,96,93,5,2,96,3,862,436,51,10/01/2024,09/30/2025
11C0001576,LEGACY CENTER FOR SPINAL SURGERY RIVERDALE LLC,528 VALLEY HILL ROAD SOUTHWEST SUITE C,RIVERDALE,GA,30274,,(470) 977-5277,,,,,,,,,,,,,,,,,1,,,,,
11C0001581,HUGHSTON SURGICAL CENTER OF VALDOSTA LLC,4340 KINGS WAY SUITE B,VALDOSTA,GA,31602,,(229) 506-7470,99,1,0,100,97,3,0,98,96,3,1,98,96,4,0,99,3,421,111,26,10/01/2024,09/30/2025
11C0001584,ADVANCED CENTER FOR JOINT REPLACEMENT GWINNETT LLC DBA TOTAL JOINT SURGERY CENTER GWINNETT,2800 BUFORD DRIVE SUITE 400,BUFORD,GA,30519,,(404) 549-5188,99,1,0,100,98,1,1,99,99,1,0,98,96,0,4,96,3,173,101,58,10/01/2024,09/30/2025
11C0001586,ADVANCED CENTER FOR JOINT REPLACEMENT CHEROKEE DBA TOTAL JOINT SURGERY CENTER CHEROKEE,1521 HICKORY FLAT HIGHWAY SUITE 201,CANTON,GA,30115,,(404) 549-5188,99,1,0,99,98,1,1,99,99,1,0,99,99,0,1,99,3,217,123,57,10/01/2024,09/30/2025
11C0001590,JASPER SURGERY CENTER LLC,1101 OLD PHILADELPHIA ROAD SUITE G200,JASPER,GA,30143,,(678) 971-4167,99,1,0,99,96,3,1,98,90,6,4,95,87,11,2,95,"3,6",332,62,19,10/01/2024,09/30/2025
11C0001596,GEORGIA UROLOGY DBA CUMMING AMBULATORY SURGERY CENTER,4150 DEPUTY BILL CANTRELL MEMORIAL RD SUITE 140A,CUMMING,GA,30040,,(770) 889-9737,96,3,1,98,87,8,5,91,86,12,2,94,85,13,2,94,3,1090,267,24,10/01/2024,09/30/2025
12C0001000,HAWAIIAN EYE CENTER,606 KILANI AVE,WAHIAWA,HI,96789,,(808) 621-3111,95,4,1,97,91,8,1,95,84,13,3,93,80,15,5,91,3,541,185,34,10/01/2024,09/30/2025
12C0001003,HONOLULU SURGERY CENTER LP DBA SURGICARE OF HAWAII,500 ALA MOANA BLVD TOWER 1 SUITE 1B,HONOLULU,HI,96813,,(808) 687-6750,95,4,1,97,89,9,2,94,82,13,5,92,78,17,5,90,,853,253,30,10/01/2024,09/30/2025
12C0001004,THE SURGICAL SUITES LLC,1100 WARD AVE # 1001,HONOLULU,HI,96814,,(808) 531-0127,91,6,3,94,90,9,1,94,85,13,2,94,86,14,0,95,"3,6",492,68,14,10/01/2024,09/30/2025
12C0001008,PACIFIC ENDOSCOPY CENTER LLC,134 PUUHONU WAY,HILO,HI,96720,,(808) 969-3979,99,1,0,99,93,6,1,96,92,7,1,96,90,9,1,96,,1056,371,35,10/01/2024,09/30/2025
12C0001009,ALOHA SURGICAL CENTER LLC,239 HO'OHANA ST,KAHULUI,HI,96732,,(808) 893-0578,97,3,0,98,93,6,1,96,87,10,3,95,92,5,3,96,3,674,251,37,10/01/2024,09/30/2025
12C0001010,HILO COMMUNITY SURGERY CENTER,82 PUUHONU PL. STE. 100,HILO,HI,96720,,(808) 969-9669,95,5,0,98,89,8,3,93,88,11,1,95,87,11,2,94,3,393,113,29,10/01/2024,09/30/2025
12C0001011,HAWAII ENDOSCOPY CENTER,2226 LILIHA ST SUITE 307,HONOLULU,HI,96817,,(808) 531-5838,96,4,0,98,88,9,3,93,83,15,2,94,81,18,1,93,,1033,281,27,10/01/2024,09/30/2025
12C0001012,KAISER PERMANENTE HONOLULU CLINIC ASC,1010 PENSACOLA ST,HONOLULU,HI,96814,,(808) 597-2611,98,2,0,99,94,5,1,96,92,7,1,96,89,9,2,95,,2954,930,31,10/01/2024,09/30/2025
12C0001015,HONOLULU SPINE CENTER,100 ALA MOANA BLVD 1-301,HONOLULU,HI,96813,,(808) 237-2970,96,3,1,97,89,9,2,94,87,9,4,94,86,11,3,94,,965,282,29,10/01/2024,09/30/2025
12C0001016,PACIFIC ENDOSCOPY CENTER,1029 MAKOLU ST SUITE H,PEARL CITY,HI,96782,,(808) 456-6420,97,3,0,99,90,8,2,94,91,8,1,96,89,10,1,95,,1041,341,33,10/01/2024,09/30/2025
12C0001017,CASTLE AMBULATORY SURGERY CENTER LLC,642 ULUKAHIKI ST STE 200,KAILUA,HI,96734,,(808) 218-6851,98,2,0,99,94,5,1,96,94,5,1,97,90,9,1,96,3,735,261,36,10/01/2024,09/30/2025
12C0001019,EYE SURGERY CENTER OF HAWAII,650 IWILEI RD SUITE 225,HONOLULU,HI,96817,,(808) 356-4300,95,4,1,97,86,11,3,91,80,15,5,93,78,21,1,92,,880,332,38,10/01/2024,09/30/2025
12C0001021,PACIFIC ENDOSCOPY CENTER LLC,1401 SOUTH BERETANIA ST SUITE 200,HONOLULU,HI,96814,,(808) 312-6700,98,2,0,99,92,6,2,95,93,7,0,97,90,9,1,96,,1100,339,31,10/01/2024,09/30/2025
12C0001022,SURGICAL SPECIALTIES LLC,1329 LUISTANA ST. SUITE 401,HONOLULU,HI,96813,,(808) 777-4172,98,2,0,99,91,8,1,95,85,13,2,95,85,14,1,94,3,459,127,28,10/01/2024,09/30/2025
12C0001023,MINIMALLY INVASIVE SURGERY HAWAII,1401 SOUTH BERETANIA ST SUITE 600,HONOLULU,HI,96814,,(808) 356-5658,99,1,0,99,91,8,1,95,98,2,0,98,96,3,1,98,,727,227,31,10/01/2024,09/30/2025
12C0001025,ALOHA EYE CLINIC SURGICAL CENTER LLC,450 HOOKAHI ST,WAILUKU,HI,96793,,(808) 877-3984,,,,,,,,,,,,,,,,,1,,,,,
12C0001100,KAISER WAILUKU CLINIC ASC,80 MAHALANI ST,WAILUKU,HI,96793,,(808) 243-6000,98,2,0,99,96,3,1,98,91,8,1,96,89,10,1,96,,1319,387,29,10/01/2024,09/30/2025
12C0001101,OHANA ENDOSCOPY CLINIC LLC DBA OHANA ENDOSCOPY,590 FARRINGTON HIGHWAY UNIT 170,KAPOLEI,HI,96707,,(808) 468-4600,98,2,0,99,96,3,1,98,91,8,1,97,93,6,1,97,3,685,211,31,10/01/2024,09/30/2025
12C0001102,ALI'I HEALTH CENTER DBA ALI'I AMBULATORY SURGERY CENTER,75-5905 WALUA ROAD SUITE 4,KAILUA KONA,HI,96740,,(808) 331-7960,98,2,0,99,91,8,1,95,85,12,3,94,89,8,3,95,3,484,116,24,10/01/2024,09/30/2025
13C0001004,IDAHO EYE CENTER PA,2025 EAST 17TH STREET,IDAHO FALLS,ID,83404,,(208) 524-2025,96,4,0,98,89,9,2,94,82,14,4,91,83,14,3,93,3,336,138,41,10/01/2024,09/30/2025
13C0001009,NORTH IDAHO CATARACT AND LASER CTR,1814 LINCOLN WAY,COEUR D ALENE,ID,83814,,(208) 664-2600,97,2,1,98,89,8,3,93,87,10,3,96,87,12,1,95,3,909,191,21,10/01/2024,09/30/2025
13C0001010,IDAHO ENDOSCOPY CENTER LLC,6259 W. EMERALD ST.,BOISE,ID,83704,,(208) 489-1900,97,3,0,98,90,8,2,94,91,8,1,96,89,10,1,96,3,956,212,22,10/01/2024,09/30/2025
13C0001011,MILLENNIUM SURGERY CENTER,"1828 S. MILLENNIUM WAY, STE. 100",MERIDIAN,ID,83642,,(208) 381-0262,98,2,0,99,93,6,1,96,95,4,1,97,92,6,2,97,3,834,171,21,10/01/2024,09/30/2025
13C0001014,SURGICARE CENTER OF IDAHO LLC DBA HELLINGSTEAD EYE CENTER,360 EAST MALLARD DR SUITE 110,BOISE,ID,83706,,(208) 336-8700,95,4,1,97,87,11,2,92,88,9,3,95,87,12,1,95,3,945,166,18,10/01/2024,09/30/2025
13C0001015,PACIFIC CATARACT AND LASER INSTITUTE INC PC,2822 S. VISTA AVE.,BOISE,ID,83705,,(360) 242-3000,96,3,1,98,91,7,2,95,90,7,3,96,88,8,4,94,3,581,134,23,10/01/2024,09/30/2025
13C0001017,EMERALD SURGICAL CENTER LLC,811 N. LIBERTY ST,BOISE,ID,83704,,(208) 323-4522,95,5,0,98,92,7,1,96,82,13,5,94,82,13,5,92,"3,6",438,79,18,10/01/2024,09/30/2025
13C0001020,SIPI AMBULATORY SURGERY CENTER,176 FALLS AVE,TWIN FALLS,ID,83301,,(208) 733-3181,96,4,0,98,89,7,4,93,87,8,5,94,79,18,3,92,3,436,100,23,10/01/2024,09/30/2025
13C0001024,BOISE ENDOSCOPY CENTER LLC,425 W. BANNOCK,BOISE,ID,83702,,(208) 489-7229,97,3,0,98,91,7,2,95,83,14,3,93,85,10,5,92,3,960,228,24,10/01/2024,09/30/2025
13C0001025,IDAHO EYE CENTER POCATELLO,1157 CALL PL,POCATELLO,ID,83201,,(208) 232-2008,97,3,0,98,95,4,1,97,89,10,1,94,91,8,1,96,3,409,176,43,10/01/2024,09/30/2025
13C0001028,AMBULATORY SURGERY CENTER OF BURLEY LLC,1344 HILAND AVE SUITE E,BURLEY,ID,83318,,(208) 677-8888,98,1,1,99,97,3,0,99,86,13,1,96,87,11,2,95,"3,6",439,98,22,10/01/2024,09/30/2025
13C0001032,EAGLE EYE SURGERY AND LASER CENTER,3090 EAST GENTRY WAY SUITE 100,MERIDIAN,ID,83642,,(208) 288-1600,96,3,1,98,92,7,1,95,87,11,2,94,85,13,2,94,,4528,1614,36,10/01/2024,09/30/2025
13C0001034,VISION CARE CENTER OF IDAHO LLC,307 EAST FRANKLIN RD SUITE 101,MERIDIAN,ID,83642,,(208) 288-1400,98,1,1,99,94,5,1,97,93,6,1,97,96,3,1,98,3,416,182,44,10/01/2024,09/30/2025
13C0001037,KOOTENAI OUTPATIENT SURGERY,707 WEST IRONWOOD DR,COEUR D ALENE,ID,83814,,(308) 625-6428,98,2,0,99,94,5,1,97,91,8,1,96,88,11,1,95,,1146,273,24,10/01/2024,09/30/2025
13C0001038,PORTNEUF ASC LLC,1151 HOSPITAL WAY BUILDING A,POCATELLO,ID,83201,,(208) 232-6616,99,1,0,99,93,6,1,96,90,9,1,96,88,12,0,96,,1186,297,25,10/01/2024,09/30/2025
13C0001043,PACIFIC CATARACT AND LASER INSTITUTE INC PC,3330 4TH AVE.,LEWISTON,ID,83501,,(360) 242-3000,97,3,0,98,92,7,1,96,89,8,3,95,89,9,2,95,3,514,156,31,10/01/2024,09/30/2025
13C0001049,PAIN CARE CENTER BOISE LLC,301 W. MYRTLE ST.,BOISE,ID,83702,,(208) 342-8200,98,2,0,100,92,5,3,95,94,6,0,98,94,6,0,98,"3,6",750,71,10,10/01/2024,09/30/2025
13C0001050,LEWIS AND CLARK ORTHOPAEDIC INSTITUTE LLC,318 WARNER DR.,LEWISTON,ID,83501,,(208) 298-1020,98,2,0,99,90,8,2,94,90,9,1,96,88,10,2,95,3,949,308,32,10/01/2024,09/30/2025
13C0001052,PREMIER SURGICAL CENTER INC,5680 W. GAGE ST,BOISE,ID,83706,,(208) 377-3937,98,2,0,99,92,6,2,95,92,6,2,96,90,8,2,95,3,548,218,40,10/01/2024,09/30/2025
13C0001057,BOISE ENDOSCOPY CENTER LLC,2235 E. GALA,MERIDIAN,ID,83642,,(208) 489-7229,99,1,0,99,89,8,3,93,91,7,2,95,86,12,2,94,3,618,189,31,10/01/2024,09/30/2025
13C0001058,NORTH IDAHO PAIN CENTER LLC,1686 W. RIVERSTONE DR,COEUR D ALENE,ID,83814,,(208) 765-4807,99,1,0,99,98,2,0,99,97,2,1,98,95,4,1,98,3,514,194,38,10/01/2024,09/30/2025
13C0001060,SURGERY CENTER OF IDAHO,2055 EAST MAGIC VIEW DR,MERIDIAN,ID,83642,,(208) 639-4862,97,2,1,98,91,8,1,95,88,10,2,95,82,15,3,93,3,771,221,29,10/01/2024,09/30/2025
13C0001064,IDAHO PHYSICAL MEDICINE AND REHABILITATION PA,3551 EAST OVERLAND RD,MERIDIAN,ID,83642,,(208) 287-6558,99,1,0,99,95,3,2,97,90,8,2,96,89,8,3,95,3,985,231,23,10/01/2024,09/30/2025
13C0001065,SKYLINE SURGERY CENTER LLC,285 VISTA DR,POCATELLO,ID,83201,,(208) 478-1704,97,2,1,98,94,5,1,97,93,5,2,96,87,11,2,95,3,841,265,32,10/01/2024,09/30/2025
13C0001066,IDAHO EYE CENTER REXBURG,491 FIRST AMERICAN CIR,REXBURG,ID,83440,,(208) 524-2025,99,1,0,99,95,4,1,97,93,6,1,96,98,2,0,99,"3,6",179,75,42,10/01/2024,09/30/2025
13C0001068,PEND OREILLE SURGERY CENTER LLC,"30544 HWY 200, SUITE 201",PONDERAY,ID,83852,,(208) 265-8194,99,1,0,99,94,5,1,96,90,9,1,95,89,10,1,96,3,670,213,32,10/01/2024,09/30/2025
13C0001070,MOUNTAIN WEST DERM - BLACKHART DBA ADVANCED DERMATOLOGY & SKIN SURGERY,1700 WEST RIVERSTONE DRIVE,COEUR D ALENE,ID,83814,,(509) 456-7414,97,3,0,99,83,10,7,88,78,16,6,91,81,11,8,91,"3,10",222,35,16,10/01/2024,09/30/2025
13C0001073,PLEASANT VIEW SURGERY CENTER LLC,4171 W. EXPO PARKWAY,POST FALLS,ID,83854,,(208) 262-3823,98,2,0,99,94,6,0,97,93,4,3,96,91,7,2,96,,539,201,37,10/01/2024,09/30/2025
13C0001075,SANDPOINT SURGERY CENTER LLC,"1327 SUPERIOR ST, SUITE 111",SANDPOINT,ID,83864,,(208) 717-1694,97,3,0,98,95,5,0,98,82,13,5,92,86,11,3,95,3,489,115,24,10/01/2024,09/30/2025
13C0001076,CLEARVIEW SURGERY CENTER LLC,2840 JUNIPER DR,LEWISTON,ID,83501,,(208) 746-5100,98,2,0,99,94,5,1,97,92,6,2,95,90,8,2,96,3,406,204,50,10/01/2024,09/30/2025
13C0001077,GEM STATE ENDOSCOPY,3709 14TH ST,LEWISTON,ID,83501,,(208) 298-2135,99,1,0,99,95,4,1,97,89,9,2,96,86,12,2,94,,1198,404,34,10/01/2024,09/30/2025
13C0001079,RIVER VIEW SURGERY CENTER,1502 LOCUST ST NORTH SUITE 100,TWIN FALLS,ID,83301,,(208) 933-2540,97,3,0,98,87,10,3,92,88,11,1,95,89,9,2,95,"3,6",519,74,15,10/01/2024,09/30/2025
13C0001083,EAGLE ROCK AMBULATORY SURGERY CENTER,3302 VALENCIA DR SUITE 101B,IDAHO FALLS,ID,83404,,(208) 542-7008,98,2,0,99,93,6,1,96,92,8,0,96,89,10,1,96,3,668,252,38,10/01/2024,09/30/2025
13C0001085,NAMPA IDAHO ENDOSCOPY CENTER,5080 EAST COMMERCE STREET,NAMPA,ID,83687,,(000) 000-0000,99,1,0,100,92,7,1,95,89,10,1,96,90,6,4,94,3,899,185,21,10/01/2024,09/30/2025
13C0001087,HENRYS FORK SURGERY CENTER PLLC,23 SAWTELLE AVENUE SUITE 101,REXBURG,ID,83440,,(208) 356-0070,98,2,0,99,89,10,1,94,89,10,1,96,90,9,1,96,3,625,130,21,10/01/2024,09/30/2025
13C0001089,TEN MILE SURGERY CENTER LLC DBA TEN MILE SURGERY CENTER,875 SOUTH VANGUARD WAY SUITE 120,MERIDIAN,ID,83642,,(208) 960-0870,98,2,0,99,92,7,1,96,90,9,1,95,91,7,2,96,3,557,177,32,10/01/2024,09/30/2025
13C0001091,IDAHO OTOLOGIC SURGERY CENTER LLC DBA SYRINGA OUTPATIENT SURGERY CENTER,1209 NORTH SUMMERBROOK AVENUE SUITE 110,MERIDIAN,ID,83642,,(208) 938-5823,99,1,0,99,90,10,0,95,86,11,3,93,88,12,0,96,6,384,75,20,10/01/2024,09/30/2025
13C0001101,BOISE ENDOSCOPY CENTER LLC DBA CANYON COUNTY ENDOSCOPY CENTER,1216 GARRITY BOULEVARD,NAMPA,ID,83687,,(208) 954-8218,98,2,0,99,90,8,2,94,89,8,3,94,85,11,4,93,3,881,235,27,10/01/2024,09/30/2025
13C0001102,IDAHO EYE CENTER PA DBA IDAHO EYE SURGICENTER,426 PARKVIEW LOOP EAST,TWIN FALLS,ID,83301,,(208) 933-2039,99,1,0,99,96,3,1,97,92,7,1,96,93,6,1,97,3,285,104,37,10/01/2024,09/30/2025
13C0001103,ASC NORTHWEST LLC,850 WEST IRONWOOD DRIVE SUITE B101,COEUR D ALENE,ID,83814,,(208) 667-1376,98,2,0,99,91,9,0,96,91,9,0,97,91,9,0,97,3,391,111,28,10/01/2024,09/30/2025
13C0001105,SURGICAL CENTER OF TVH LLC,1722 SOUTH JADE WAY,MERIDIAN,ID,83642,,(208) 373-5000,97,2,1,98,92,6,2,95,91,6,3,95,89,10,1,95,3,1113,339,30,10/01/2024,09/30/2025
14C0001002,HAWTHORN SURGERY CENTER,240 CENTER DR,VERNON HILLS,IL,60061,,(847) 367-8100,98,2,0,99,93,6,1,96,91,7,2,96,93,5,2,97,3,670,197,29,10/01/2024,09/30/2025
14C0001005,JOLIET SURGERY CENTER LIMITED PARTNERSHIP,998 N 129TH INFANTRY DR.,JOLIET,IL,60435,,(815) 744-3000,98,2,0,99,94,5,1,97,93,5,2,97,90,8,2,96,3,791,230,29,10/01/2024,09/30/2025
14C0001007,HINSDALE SURGICAL CENTER,10 SALT CREEK LANE,HINSDALE,IL,60521,,(630) 706-7147,98,2,0,99,94,5,1,97,93,6,1,97,87,12,1,95,,894,338,38,10/01/2024,09/30/2025
14C0001012,INGALLS SAME DAY SURGERY CENTER LTD PTR,6701 W. 159TH ST.,TINLEY PARK,IL,60477,,(708) 429-0293,98,2,0,99,94,5,1,96,88,11,1,94,80,18,2,92,3,934,202,22,10/01/2024,09/30/2025
14C0001013,BELMONT HARLEM SURGERY CENTER LLC,3101 N. HARLEM,CHICAGO,IL,60634,,(773) 889-2000,97,2,1,98,87,9,4,92,81,14,5,92,84,14,2,94,"3,6",531,68,14,10/01/2024,09/30/2025
14C0001016,AMBULATORY SURGERY CENTER OF CENTRALIA DBA SURGERY CENTER OF CENTRALIA,1045 MARTIN LUTHER KING JR. DRIVE,CENTRALIA,IL,62801,,(618) 532-3110,97,3,0,99,91,8,1,95,83,14,3,93,84,14,2,94,"3,6",486,81,17,10/01/2024,09/30/2025
14C0001018,MIDWEST CENTER FOR DAY SURGERY,3811 HIGHLAND AVE,GROVE,IL,60515,,(630) 485-0998,97,3,0,98,93,5,2,96,84,14,2,94,86,11,3,94,3,763,222,29,10/01/2024,09/30/2025
14C0001023,NOVAMED SURGERY CENTER OF RIVER FOREST LLC,7427 LAKE ST.,RIVER FOREST,IL,60305,,(708) 488-1300,94,6,0,97,82,15,3,90,78,5,17,90,88,9,3,95,10,113,30,27,10/01/2024,09/30/2025
14C0001025,SOUTHWESTERN MEDICAL CENTER LLC,7456 S. STATE RD. SUITE 300,BEDFORD PARK,IL,60638,,(773) 445-9696,96,4,0,98,88,10,2,93,86,12,2,95,78,18,4,91,3,811,160,20,10/01/2024,09/30/2025
14C0001028,PHYSICIANS SURGERY CENTER LLC,2601 WEST MAIN ST,CARBONDALE,IL,62901,,(618) 351-7300,99,1,0,99,98,2,0,99,98,1,1,97,81,12,7,89,"3,6",253,54,21,10/01/2024,09/30/2025
14C0001030,RIVER NORTH SAME DAY SURGERY LLC,1 EAST ERIE ST SUITE 300,CHICAGO,IL,60611,,(312) 649-9706,98,2,0,99,94,5,1,97,85,11,4,94,83,13,4,93,,1742,513,29,10/01/2024,09/30/2025
14C0001031,VALLEY AMBULATORY SURGERY CENTER,2210 DEAN ST,ST CHARLES,IL,60175,,(630) 584-9800,97,2,1,98,94,5,1,96,89,10,1,95,88,11,1,95,3,884,332,38,10/01/2024,09/30/2025
14C0001032,NORTHWEST COMMUNITY DAY SURGERY CENTER II LLC,675 WEST KIRCHOFF RD,ARLINGTON HEIGHTS,IL,60005,,(847) 618-4384,99,1,0,99,89,9,2,93,80,20,0,93,79,21,0,93,"3,6",349,74,21,10/01/2024,09/30/2025
14C0001033,NOVAMED SURGERY CENTER OF CHICAGO NORTHSHORE LLC,3034 W. PETERSON AVE,CHICAGO,IL,60659,,(773) 973-7432,95,4,1,97,92,7,1,95,73,22,5,91,74,21,5,89,3,706,127,18,10/01/2024,09/30/2025
14C0001036,PALOS SURGICENTER LLC,7340 WEST COLLEGE DR,PALOS HEIGHTS,IL,60463,,(708) 827-2321,98,2,0,99,95,4,1,97,95,5,0,97,95,4,1,98,3,367,188,51,10/01/2024,09/30/2025
14C0001037,MIDWEST EYE CENTER,1700 EAST WEST RD,CALUMET CITY,IL,60409,,(708) 891-3330,94,6,0,97,92,5,3,95,80,14,6,92,71,20,9,86,"3,6",215,56,26,10/01/2024,09/30/2025
14C0001039,LGH A GOLF ASTC  LLC DBA GOLF SURGICAL CENTER,8901 GOLF RD,DES PLAINES,IL,60016,,(847) 299-2273,95,5,0,98,88,9,3,93,84,11,5,93,83,13,4,92,3,964,229,24,10/01/2024,09/30/2025
14C0001040,NOVAMED SURGERY CENTER OF OAK LAWN LLC DBA CENTER FOR RECONSTRUCTIVE SURGERY,6311 WEST 95TH ST,OAK LAWN,IL,60453,,(708) 499-3355,95,4,1,97,88,9,3,92,81,14,5,92,75,19,6,90,3,1201,297,25,10/01/2024,09/30/2025
14C0001041,NORTH SHORE SAME DAY SURGERY DBA NORTH SHORE SURGICAL CENTER,3427 WEST TOUHY AVE,LINCOLNWOOD,IL,60712,,(847) 324-7770,95,4,1,97,94,5,1,96,84,13,3,94,80,19,1,93,,667,188,28,10/01/2024,09/30/2025
14C0001043,SURGERY CENTER AT 900 N MICHIGAN AVE LLC,60 EAST DELAWARE PLACE 15TH FLOOR,CHICAGO,IL,60611,,(312) 440-5150,95,5,0,97,92,6,2,95,87,12,1,95,84,14,2,94,3,1042,203,19,10/01/2024,09/30/2025
14C0001047,EYE SURGERY CENTER LLC,3990 N. ILLINOIS ST.,BELLEVILLE,IL,62226,,(618) 235-3100,96,4,0,98,87,10,3,92,85,9,6,93,80,16,4,92,3,1058,220,21,10/01/2024,09/30/2025
14C0001048,EASTLAND MEDICAL PLAZA SURGICENTER LLC,1505 EASTLAND DR.,BLOOMINGTON,IL,61701,,(309) 662-3311,97,2,1,98,92,7,1,96,84,13,3,94,80,17,3,92,3,1109,353,32,10/01/2024,09/30/2025
14C0001049,LOYOLA AMBULATORY SURGERY CENTER AT OAKBROOK LP,1 SOUTH 224 SUMMIT AVE # 201,OAKBROOK TERRACE,IL,60181,,(630) 916-7088,99,1,0,99,99,1,0,100,95,5,0,97,88,10,2,94,"3,6",258,86,33,10/01/2024,09/30/2025
14C0001053,THE CENTER FOR ORTHOPEDIC MEDICINE LLC,2502 STE. B. EAST EMPIRE ST.,BLOOMINGTON,IL,61704,,(309) 662-6120,99,1,0,100,97,3,0,98,95,5,0,98,96,3,1,98,,899,256,28,10/01/2024,09/30/2025
14C0001056,QUAD CITY AMBULATORY SURGERY CENTER LLC,"520 VALLEY VIEW DR, SUITE 300",MOLINE,IL,61265,,(309) 762-1952,99,1,0,99,92,7,1,95,92,6,2,96,85,13,2,94,,766,283,37,10/01/2024,09/30/2025
14C0001057,NOVAMED EYE SURGERY CENTER OF MARYVILLE LLC DBA EYES OF ILLINOIS SURGERY CENTER,12 PROFESSIONAL PARK DR,MARYVILLE,IL,62062,,(618) 288-7483,95,5,0,98,79,14,7,86,77,17,6,91,77,21,2,91,"3,10",798,42,5,10/01/2024,09/30/2025
14C0001058,PEORIA AMBULATORY SURGERY,4909 NORTH GLEN PARK PL,PEORIA,IL,61614,,(309) 691-9069,97,3,0,98,94,5,1,97,88,9,3,95,86,10,4,93,"3,6",539,95,18,10/01/2024,09/30/2025
14C0001059,ROCKFORD GASTROENTEROLOGY ASSOCIATES LTD,401 ROXBURY RD,ROCKFORD,IL,61107,,(815) 484-7930,98,2,0,99,89,9,2,93,93,6,1,96,88,10,2,95,,1910,341,18,10/01/2024,09/30/2025
14C0001060,NAPERVILLE SURGICAL CENTRE,1263 RICKERT DR,NAPERVILLE,IL,60540,,(630) 305-3300,96,3,1,98,94,5,1,97,91,6,3,95,86,11,3,94,3,672,218,32,10/01/2024,09/30/2025
14C0001061,DREYER MEDICAL AMBULATORY SURGERY CENTER,1221 NORTH HIGHLAND DR,AURORA,IL,60506,,(630) 264-8405,97,3,0,99,93,5,2,96,87,10,3,95,82,16,2,93,3,2682,418,16,10/01/2024,09/30/2025
14C0001062,RUSH SURGICENTER AT THE PROFESSIONAL BUILDING LP DBA RUSH SURGICENTER LP,1725 WEST HARRISON STREET SUITE 556,CHICAGO,IL,60612,,(312) 563-2883,96,3,1,98,91,7,2,95,84,13,3,94,83,14,3,93,3,2483,520,21,10/01/2024,09/30/2025
14C0001069,ROCKFORD AMBULATORY SURGERY CENTER,1016 FEATHERSTONE RD.,ROCKFORD,IL,61107,,(815) 226-3300,98,2,0,99,93,6,1,96,93,6,1,97,90,9,1,96,,575,207,36,10/01/2024,09/30/2025
14C0001070,SPRINGFIELD CLINIC ASC,1025 SOUTH SIXTH ST,SPRINGFIELD,IL,62703,,(217) 528-7541,98,2,0,99,94,5,1,97,93,6,1,96,92,7,1,97,3,1643,522,32,10/01/2024,09/30/2025
14C0001071,RSC ILLINOIS LLC DBA REGIONAL SURGICENTER,545 VALLEY VIEW DR,MOLINE,IL,61265,,(309) 277-1185,98,2,0,99,92,7,1,95,89,10,1,95,84,14,2,94,,1176,339,29,10/01/2024,09/30/2025
14C0001074,EFFINGHAM SURGICAL PARTNERS LLC,904 W. TEMPLE AVE.,EFFINGHAM,IL,62401,,(217) 342-1234,98,1,1,99,95,3,2,97,98,0,2,97,91,7,2,96,"3,6",159,60,38,10/01/2024,09/30/2025
14C0001075,NORTH SHORE ENDOSCOPY CENTER,101 WAUKEGAN RD,LAKE BLUFF,IL,60044,,(847) 604-8700,98,2,0,99,93,5,2,95,92,7,1,96,91,7,2,96,,2050,711,35,10/01/2024,09/30/2025
14C0001076,CARLE SURGICENTER,1702 SOUTH MATTIS AVE SUITE 120,CHAMPAIGN,IL,61821,,(217) 326-8513,98,2,0,99,93,6,1,96,91,8,1,96,87,11,2,94,,2188,523,24,10/01/2024,09/30/2025
14C0001079,BLOOMINGTON EYE INSTITUTE LLC,1008 N. CENTER ST.,BLOOMINGTON,IL,61701,,(309) 827-2020,98,2,0,99,91,7,2,95,89,9,2,95,87,12,1,95,,475,229,48,10/01/2024,09/30/2025
14C0001081,FOX VALLEY ORTHOPAEDIC ASSOCIATES SC,2525 KANEVILLE RD,GENEVA,IL,60134,,(630) 443-2063,98,2,0,99,92,6,2,95,98,2,0,98,91,7,2,96,3,1475,211,15,10/01/2024,09/30/2025
14C0001082,ELMHURST OUTPATIENT SURGERY CENTER LLC,1200 SOUTH YORK RD STE 1400,ELMHURST,IL,60126,,(331) 221-4601,97,3,0,98,93,5,2,95,88,10,2,95,87,11,2,95,3,2339,550,24,10/01/2024,09/30/2025
14C0001083,ORTHOPAEDIC SURGERY CENTER OF ILLINOIS LLC,3136 OLD JACKSONVILLE RD.,SPRINGFIELD,IL,62704,,(217) 547-9132,97,2,1,98,94,5,1,97,95,3,2,96,90,7,3,96,,669,212,32,10/01/2024,09/30/2025
14C0001086,SOUTHERN ILLINOIS ORTHOPEDIC CENTERLLC,510 LINCOLN DR.,HERRIN,IL,62948,,(678) 997-3100,96,4,0,98,88,4,8,90,93,6,1,93,76,22,2,91,3,662,199,30,10/01/2024,09/30/2025
14C0001088,CENTER FOR HEALTH AMBULATORY SURGERY CENTER LLC,8800 STATE RD 91,PEORIA,IL,61615,,(309) 683-4807,97,3,0,98,92,6,2,95,91,7,2,95,91,8,1,97,,1860,462,25,10/01/2024,09/30/2025
14C0001089,KENDALL POINTE SURGERY CENTER LLC,100 WEST FIFTH ST,OSWEGO,IL,60543,,(630) 449-0085,97,2,1,98,92,7,1,95,86,12,2,95,83,14,3,93,,484,251,52,10/01/2024,09/30/2025
14C0001093,SALT CREEK SURGERY CENTER,530 NORTH CASS AVE,WESTMONT,IL,60559,,(630) 968-1800,97,2,1,98,92,7,1,96,90,8,2,95,80,17,3,92,,621,149,24,10/01/2024,09/30/2025
14C0001094,CENTER FOR MINIMALLY INVASIVE SURGERY,19110 DARVIN DR,MOKENA,IL,60448,,(708) 995-7883,99,1,0,99,91,6,3,94,92,7,1,96,88,11,1,95,3,740,214,29,10/01/2024,09/30/2025
14C0001095,RUSH COPLEY SURGICENTER LLC,2111 OGDEN AVE,AURORA,IL,60504,,(630) 978-3800,99,1,0,99,97,3,0,98,96,3,1,98,93,5,2,97,3,1061,318,30,10/01/2024,09/30/2025
14C0001096,ALGONQUIN ROAD SURGERY CENTER LLC,2550 W. ALGONQUIN RD.,LAKE IN THE HILLS,IL,60156,,(847) 458-1246,99,1,0,99,96,3,1,98,93,6,1,97,90,8,2,95,,1230,428,35,10/01/2024,09/30/2025
14C0001097,TINLEY WOODS SURGERY CENTER,18200 SOUTH LAGRANGE RD,TINLEY PARK,IL,60487,,(708) 292-6215,98,2,0,99,94,5,1,97,94,4,2,96,90,7,3,95,3,651,262,40,10/01/2024,09/30/2025
14C0001102,RENAL INTERVENTION CENTER LLC,430 MAXINE DR,MORTON,IL,61550,,(309) 266-7600,97,3,0,98,92,6,2,95,86,10,4,94,83,12,5,92,"3,6",445,77,17,10/01/2024,09/30/2025
14C0001106,DEERPATH AMBULATORY SURGICAL CENTER LLC,1051 WEST US ROUTE 6,MORRIS,IL,60450,,(815) 318-5614,98,2,0,99,93,6,1,96,95,5,0,98,93,7,0,98,"3,6",1890,92,5,10/01/2024,09/30/2025
14C0001107,JUSTICE MED SURG CENTER LTD,9050 WEST 81ST ST,JUSTICE,IL,60458,,(708) 594-3513,,,,,,,,,,,,,,,,,1,,,,,
14C0001109,CENTER FOR DIGESTIVE HEALTH,1615 NORTH CONVENT ST SUITE 2,BOURBONNAIS,IL,60914,,(815) 936-1700,99,1,0,99,96,4,0,98,93,7,0,97,89,11,0,96,,900,220,24,10/01/2024,09/30/2025
14C0001110,ROCKFORD ORTHOPEDIC SURGERY CENTER,346 ROXBURY RD,ROCKFORD,IL,61107,,(815) 381-7399,99,1,0,99,93,6,1,96,95,4,1,97,92,6,2,96,,705,221,31,10/01/2024,09/30/2025
14C0001111,DIGESTIVE DISEASE ENDOSCOPY CENTER,"1302 FRANKLIN AVE, SUITE 1000",NORMAL,IL,61761,,(309) 268-3400,99,1,0,99,93,6,1,96,96,4,0,97,91,6,3,95,3,1404,483,34,10/01/2024,09/30/2025
14C0001112,GLEN ENDOSCOPY CENTER LLC,2551 COMPASS RD. STE. 115,GLENVIEW,IL,60026,,(847) 656-2400,98,2,0,99,94,5,1,97,94,5,1,97,91,6,3,95,,2074,813,39,10/01/2024,09/30/2025
14C0001113,PAIN CARE SURGERY PC,108 AIRWAY,MARION,IL,62959,,(618) 997-7820,97,3,0,99,91,8,1,95,88,12,0,96,82,18,0,95,"3,6",385,65,17,10/01/2024,09/30/2025
14C0001118,MIDLAND SURGICAL CENTER LLC,2120 MIDLANDS CT,SYCAMORE,IL,60178,,(815) 748-0393,98,2,0,99,93,5,2,95,93,5,2,97,92,7,1,97,,736,265,36,10/01/2024,09/30/2025
14C0001119,SURGICAL CENTER OF DUPAGE MEDICAL GROUP,2725 SOUTH TECHNOLOGY DR,LOMBARD,IL,60148,,(630) 946-2711,98,2,0,99,93,6,1,96,86,11,3,94,80,16,4,91,3,3557,921,26,10/01/2024,09/30/2025
14C0001120,RIVERSIDE AMBULATORY SURGERY CENTER LLC,"300 RIVERSIDE DR., STE. 1100",BOURBONNAIS,IL,60914,,(815) 802-3170,96,3,1,97,93,4,3,95,88,8,4,95,87,9,4,94,3,581,101,18,10/01/2024,09/30/2025
14C0001121,ELGIN GASTROENTEROLOGY ENDOSCOPY CENTER LLC,745 FLETCHER DR. STE. 201,ELGIN,IL,60123,,(847) 888-1300,98,2,0,99,94,5,1,97,93,5,2,96,90,6,4,95,3,2125,753,35,10/01/2024,09/30/2025
14C0001122,GASTROINTESTINAL INSTITUTE LLC,2200 JACOBSSEN DR,NORMAL,IL,61761,,(309) 451-1123,97,3,0,98,94,5,1,97,93,4,3,97,92,5,3,96,"3,6",565,98,18,10/01/2024,09/30/2025
14C0001124,ORTHOPAEDIC CARE AND SPECIALISTS AT NORTHWESTERN MEDICAL REGIONAL MEDICAL GROUP,27650 FERRY RD,WARRENVILLE,IL,60555,,(630) 225-2663,99,1,0,99,97,2,1,98,94,5,1,97,92,8,0,97,,2727,857,31,10/01/2024,09/30/2025
14C0001126,DUPAGE MEDICAL GROUP SURGERY CENTER OF WESTMONT,815 PASQUINELLI,WESTMONT,IL,60559,,(630) 942-7964,99,1,0,99,94,5,1,97,91,8,1,95,92,6,2,96,3,639,204,32,10/01/2024,09/30/2025
14C0001128,RAVINE WAY SURGERY CENTER LLC,"2350 RAVINE WAY, STE. 500",GLENVIEW,IL,60025,,(847) 832-1533,97,2,1,98,94,5,1,96,91,7,2,95,90,8,2,96,,570,191,34,10/01/2024,09/30/2025
14C0001129,HOFFMAN ESTATES SURGERY CENTER LLC,"1555 BARRINGTON RD, DOB 3",HOFFMAN ESTATES,IL,60169,,(847) 519-1600,96,4,0,98,90,7,3,94,88,7,5,93,83,13,4,92,3,317,116,37,10/01/2024,09/30/2025
14C0001130,GAILEY EYE SURGERY-DECATUR,646 WEST PERSHING RD,DECATUR,IL,62526,,(217) 875-2600,96,3,1,97,91,7,2,95,87,11,2,94,85,13,2,93,,553,228,41,10/01/2024,09/30/2025
14C0001131,ILLINOIS SPORTS MEDICINE AND ORTHOPEDIC SURGERY CENTER,9000 WAUKEGAN RD UNIT 120,MORTON GROVE,IL,60053,,(847) 213-5456,96,3,1,98,91,7,2,94,84,12,4,93,85,14,1,94,,714,219,31,10/01/2024,09/30/2025
14C0001133,DUPAGE EYE SURGERY CENTER LLC,2015 N MAIN ST,WHEATON,IL,60187,,(630) 665-3690,96,3,1,98,91,8,1,95,90,8,2,95,87,10,3,95,,719,297,41,10/01/2024,09/30/2025
14C0001134,MIDWEST ENDOSCOPY CENTER LLC,1243 RICKERT DR,NAPERVILLE,IL,60540,,(630) 303-5611,97,2,1,98,94,4,2,96,93,5,2,96,91,7,2,96,3,804,192,24,10/01/2024,09/30/2025
14C0001137,IRELAND GROVE CENTER FOR SURGERY LLC,3801 IRELAND GROVE RD,BLOOMINGTON,IL,61704,,(309) 664-0101,97,2,1,98,94,5,1,96,92,7,1,97,89,10,1,96,3,960,297,31,10/01/2024,09/30/2025
14C0001139,PLAINFIELD SURGERY CENTER LLC,24600 WEST 127TH ST BUILDING C,PLAINFIELD,IL,60585,,(815) 436-0911,98,2,0,99,93,5,2,96,92,6,2,96,88,9,3,94,,524,173,33,10/01/2024,09/30/2025
14C0001140,CENTRAL ILLINOIS ENDOSCOPY CENTER LLC,"1001 MAIN ST., STE. 500B",PEORIA,IL,61606,,(309) 495-1184,98,2,0,99,93,6,1,96,89,9,2,95,88,11,1,96,3,1583,288,18,10/01/2024,09/30/2025
14C0001142,MARION EYE SURGERY CENTER LLC,2900 BROADWAY ST SUITE B,MOUNT VERNON,IL,62864,,(618) 969-8700,96,4,0,98,90,9,1,94,89,10,1,95,83,15,2,93,3,603,183,30,10/01/2024,09/30/2025
14C0001149,PAIN MANAGEMENT SURGICAL CENTER OF DU PAGE MEDICAL GROUP,"2940 ROLLINGRIDGE RD, STE. 200",NAPERVILLE,IL,60564,,(630) 942-7964,97,3,0,98,95,3,2,97,87,11,2,95,86,11,3,94,3,946,225,24,10/01/2024,09/30/2025
14C0001152,LINDENHURST SURGERY CENTER LLC,1050 RED OAK LANE,LINDENHURST,IL,60046,,(847) 360-3000,97,3,0,98,91,8,1,95,89,9,2,95,87,10,3,94,3,1051,337,32,10/01/2024,09/30/2025
14C0001154,GOLD COAST SURGICENTER,845 NORTH MICHIGAN AVE SUITE 985 WEST,CHICAGO,IL,60611,,(312) 521-5500,96,3,1,98,92,8,0,96,86,10,4,93,86,10,4,94,3,897,203,23,10/01/2024,09/30/2025
14C0001155,BARRINGTON PAIN AND SPINE INSTITUTE LLC,600 HART RD,BARRINGTON,IL,60010,,(847) 852-2038,96,4,0,98,90,8,2,94,86,12,2,93,80,17,3,92,3,836,205,25,10/01/2024,09/30/2025
14C0001157,PHYSICIANS SURGERY CENTER AT GOOD SAMARITAN LLC,"2 GOOD SAMARITAN WAY, STE. 200",MOUNT VERNON,IL,62864,,(618) 899-5703,98,2,0,99,91,8,1,95,87,13,0,96,92,6,2,97,"3,6",577,92,16,10/01/2024,09/30/2025
14C0001158,OAK LAWN ENDOSCOPY,9921 SOUTHWEST HWY,OAKLAWN,IL,60453,,(708) 425-2552,97,3,0,98,93,5,2,96,91,8,1,96,90,8,2,96,,2372,848,36,10/01/2024,09/30/2025
14C0001160,METROEAST ENDOSCOPIC SURGERY CENTER,5023 NORTH ILLINOIS ST,FAIRVIEW HEIGHTS,IL,62208,,(618) 239-0678,93,5,2,95,89,8,3,93,71,26,3,89,78,19,3,90,"3,10",233,26,11,10/01/2024,09/30/2025
14C0001165,HAUSER ROSS AMBULATORY SURGICAL CENTER,2515 KLEIN RD,SYCAMORE,IL,60178,,(815) 756-8574,95,4,1,97,93,6,1,96,88,9,3,95,84,14,2,94,,584,226,39,10/01/2024,09/30/2025
14C0001166,THE ORTHOPAEDIC INSTITUTE SURGERY CTR,1811 EAST 5TH ST,METROPOLIS,IL,62960,,(618) 309-6000,96,4,0,98,89,9,2,94,90,6,4,95,87,7,6,93,3,584,212,36,10/01/2024,09/30/2025
14C0001167,ADVOCATE CONDELL AMBULATORY SURGERY CENTER LLC,825 SOUTH MILWAUKEE AVE,LIBERTYVILLE,IL,60048,,(847) 421-1989,97,2,1,98,92,7,1,96,88,10,2,95,87,10,3,94,3,855,247,29,10/01/2024,09/30/2025
14C0001169,ASSOCIATED SURGICAL CENTER LLC,129 WEST RAND RD,ARLINGTON HEIGHTS,IL,60004,,(847) 215-0530,96,4,0,98,93,6,1,96,87,8,5,93,84,9,7,92,"3,10",430,49,11,10/01/2024,09/30/2025
14C0001170,SCHAUMBURG SURGERY CENTER,929 WEST HIGGINS RD,SCHAUMBURG,IL,60195,,(847) 285-4350,98,2,0,99,94,5,1,96,93,5,2,96,89,7,4,94,3,590,204,35,10/01/2024,09/30/2025
14C0001171,PRESENCE LAKESHORE GASTROENTEROLOGY DBA DES PLAINES ENDOSCOPY CENTER,150 NORTH RIVER RD SUITE 215,DES PLAINES,IL,60016,,(847) 787-1099,95,4,1,97,94,5,1,96,87,11,2,95,89,9,2,96,3,1682,349,21,10/01/2024,09/30/2025
14C0001172,SILVER CROSS AMBULATORY SURGERY CENTER LLC DBA SILVER CROSS SURGERY CENTER,1003 PAWLAK PARKWAY,NEW LENOX,IL,60451,,(815) 717-1740,96,3,1,98,93,6,1,96,89,7,4,94,88,8,4,94,,805,278,35,10/01/2024,09/30/2025
14C0001173,UROPARTNERS SURGERY CENTER LLC,2750 SOUTH RIVER ROAD,DES PLAINES,IL,60018,,(224) 612-7000,95,4,1,97,92,7,1,96,80,16,4,92,74,23,3,90,3,642,211,33,10/01/2024,09/30/2025
14C0001176,CHICAGO VASCULAR ASC LLC,700 PASQUINELLI DRIVE,WESTMONT,IL,60559,,(630) 323-8690,98,2,0,99,95,4,1,97,94,6,0,97,88,9,3,94,3,2074,289,14,10/01/2024,09/30/2025
14C0001177,RUSH OAK BROOK SURGERY CENTER,2011 YORK RD SUITE 3000,OAK BROOK,IL,60523,,(630) 472-2445,99,1,0,99,94,5,1,97,95,4,1,97,91,7,2,96,3,667,220,33,10/01/2024,09/30/2025
14C0001178,PALOS HEALTH SURGERY CENTER,15300 WEST AVE SUITE 260,ORLAND PARK,IL,60462,,(708) 981-3664,99,1,0,99,94,5,1,97,94,5,1,97,91,8,1,96,,1279,414,32,10/01/2024,09/30/2025
14C0001180,OFALLON SURGICAL CENTER LLC DBA PHYSICIANS SURGICAL CENTER,741 INSIGHT AVENUE,OFALLON,IL,62269,,(618) 239-0678,,,,,,,,,,,,,,,,,1,,,,,
14C0001181,PREMIER CARDIAC SURGERY CENTER LLC,11560 SOUTH KEDZIE,MERRIONETTE PARK,IL,60803,,(708) 466-8785,97,3,0,98,90,8,2,94,97,2,1,97,92,8,0,98,"3,6",749,77,11,10/01/2024,09/30/2025
14C0001182,OPHTHALMOLOGY SURGERY CENTER OF ILLINOIS LLC,1300 NORTH ARLINGTON HEIGHTS ROAD SUITE 150,ITASCA,IL,60143,,(630) 634-2980,94,5,1,97,87,12,1,93,83,14,3,93,75,20,5,89,3,697,174,25,10/01/2024,09/30/2025
14C0001183,VASCULAR ACCESS CENTER OF IL AT MORGAN PARK LLC,1701 WEST MONTEREY AVENUE,CHICAGO,IL,60643,,(773) 366-8035,99,1,0,100,86,12,2,92,81,16,3,92,78,14,8,87,"3,10",117,26,23,10/01/2024,09/30/2025
14C0001186,ANDERSON SURGERY CENTER LLC,3403 ANDERSON HEALTHCARE DRIVE,EDWARDSVILLE,IL,62025,,(618) 288-5711,98,1,1,99,92,7,1,96,91,7,2,97,89,10,1,96,3,525,158,31,10/01/2024,09/30/2025
14C0001187,QUINCY PHYSICIANS & SURGEONS CLINIC DBA QUINCY MEDICAL GROUP SURGERY CENTER,3301 BROADWAY STREET,QUINCY,IL,62301,,(217) 222-6550,96,3,1,98,92,6,2,95,89,9,2,95,86,13,1,95,3,3505,808,23,10/01/2024,09/30/2025
14C0001189,PCAC GI JV LLC DBA AMITA HEALTH ENDOSCOPY CENTER LINCOLN PARK,331 WEST SURF STREET SUITE 506,CHICAGO,IL,60657,,(312) 682-6424,98,2,0,99,93,5,2,95,95,4,1,97,87,12,1,95,3,1215,198,16,10/01/2024,09/30/2025
14C0001190,OAK ASC LLC DBA OAK SURGERY CENTER,6712 NORTH CONVENT STREET,BOURBONNAIS,IL,60914,,(815) 928-8050,98,2,0,99,96,2,2,97,95,3,2,97,92,6,2,96,,701,244,35,10/01/2024,09/30/2025
14C0001191,AGHAPY SURGICAL CENTER SC,200 FOX GLEN COURT,BARRINGTON,IL,60010,,(847) 382-7165,96,4,0,98,91,7,2,95,79,15,6,92,77,22,1,92,"3,6",474,84,18,10/01/2024,09/30/2025
14C0001194,ASCENSION SAINT JOSEPH MSK JV LLC,331 WEST SURF STREET SUITE 5800,CHICAGO,IL,60657,,(615) 656-8129,98,2,0,99,96,4,0,98,96,3,1,97,92,7,1,97,3,1493,508,34,10/01/2024,09/30/2025
14C0001195,ORTHOILLINOIS SURGERY CENTER ELGIN LLC,2440 ALFT LANE,ELGIN,IL,60124,,(779) 800-2550,98,2,0,99,93,6,1,96,93,5,2,97,92,7,1,96,,1070,426,40,10/01/2024,09/30/2025
14C0001197,RSC ILLINOIS LLC DBA QUAD CITY ENDOSCOPY,4340 7TH STREET,MOLINE,IL,61265,,(309) 277-5624,,,,,,,,,,,,,,,,,1,,,,,
14C0001198,ARLINGTON HEIGHTS SURGERY CENTER LLC,1100 WEST CENTRAL ROAD SUITE 102,ARLINGTON HEIGHTS,IL,60005,,(847) 259-3080,98,2,0,99,92,6,2,95,88,11,1,94,86,14,0,95,3,792,113,15,10/01/2024,09/30/2025
14C0001199,NILES SURGERY CENTER LLC,7403 NORTH MILWAUKEE AVENUE,NILES,IL,60714,,(773) 599-5150,99,1,0,100,99,1,0,99,98,2,0,98,93,7,0,98,"3,10",370,36,10,10/01/2024,09/30/2025
14C0001200,SPRINGFIELD CLINIC LLP DBA SPRINGFIELD CLINIC PEORIA ASC,7309 NORTH KNOXVILLE AVENUE SUITE 2,PEORIA,IL,61614,,(217) 528-7541,99,1,0,100,95,5,0,97,97,2,1,98,94,5,1,97,3,816,269,33,10/01/2024,09/30/2025
14C0001203,BLOOMINGTON NORMAL HEALTHCARE LLC,2100 FORT JESSE ROAD,NORMAL,IL,61761,,(309) 834-4000,,,,,,,,,,,,,,,,,1,,,,,
15C0001007,THE SOUTH BEND CLINIC LLP,211 N. EDDY ST.,SOUTH BEND,IN,46617,,(574) 234-8161,98,2,0,99,93,6,1,96,88,9,3,95,84,14,2,93,3,3165,832,26,10/01/2024,09/30/2025
15C0001011,SURGICAL CARE CENTER INC,8103 CLEARVISTA PKWY,INDIANAPOLIS,IN,46256,,(317) 842-5173,97,3,0,98,89,8,3,93,89,8,3,95,87,11,2,95,,1279,295,23,10/01/2024,09/30/2025
15C0001012,THE EYE SURGICAL CENTER OF FORT WAYNE LLC,321 E. WAYNE ST.,FORT WAYNE,IN,46802,,(260) 422-5976,98,2,0,99,87,12,1,93,83,11,6,90,87,13,0,96,"3,10",431,37,9,10/01/2024,09/30/2025
15C0001013,MIDWEST EYE CONSULTANTS PC DBA CLI SURGERY CENTER GREENWOOD,30 NORTH EMERSON AVENUE,GREENWOOD,IN,46143,,(317) 881-3937,92,6,2,95,88,10,2,93,75,16,9,89,69,24,7,86,3,1230,398,32,10/01/2024,09/30/2025
15C0001015,COMMUNITY SURGERY CENTER SOUTH,1550 E. COUNTY LINE RAOD SOUTH,INDIANAPOLIS,IN,46227,,(317) 887-7608,99,1,0,100,94,5,1,97,94,6,0,97,89,10,1,96,3,1438,283,20,10/01/2024,09/30/2025
15C0001017,MUNCIE EYE SPECIALITSTS SURGERY CENTER,200 N. TILLOTSON AVE,MUNCIE,IN,47304,,(765) 286-8888,98,2,0,99,89,9,2,93,87,10,3,95,85,12,3,94,,1012,284,28,10/01/2024,09/30/2025
15C0001018,GROSSNICKLE EYE CENTER INC,2251 DUBOIS DR.,WARSAW,IN,46580,,(574) 269-3777,97,3,0,98,89,9,2,93,84,13,3,94,81,17,2,93,"3,6",541,92,17,10/01/2024,09/30/2025
15C0001019,BELTWAY SURGERY CENTERS LLC,8501 HARCOURT RD,INDIANAPOLIS,IN,46260,,(317) 471-4313,98,2,0,99,84,15,1,92,94,5,1,97,94,5,1,97,3,516,139,27,10/01/2024,09/30/2025
15C0001020,EYE SURGERY CENTER OF NEW ALBANY,520 WEST FIRST ST,NEW ALBANY,IN,47150,,(812) 949-3442,98,2,0,99,84,13,3,91,88,9,3,94,86,10,4,94,3,1342,117,9,10/01/2024,09/30/2025
15C0001021,SURGERY CENTER PLUS,7430 SHADELAND AVE SUITE 100,INDIANAPOLIS,IN,46250,,(317) 621-6255,96,4,0,98,91,7,2,94,82,15,3,93,80,16,4,91,3,1288,179,14,10/01/2024,09/30/2025
15C0001024,BLOOMINGTON SURGERY CENTER,1011 WEST SECOND ST,BLOOMINGTON,IN,47403,,(812) 334-1213,99,1,0,100,91,6,3,94,93,5,2,96,90,10,0,97,"3,6",575,68,12,10/01/2024,09/30/2025
15C0001026,PARKVIEW ORTHO CENTER LLC,11420 PARKVIEW CIR,FORT WAYNE,IN,46845,,(260) 408-2612,99,1,0,99,92,7,1,95,93,7,0,97,92,7,1,97,,2728,435,16,10/01/2024,09/30/2025
15C0001027,SURGERY CENTER OF EYE SPECIALISTS OF INDIANA,1901 NORTH MERIDIAN ST,INDIANAPOLIS,IN,46123,,(317) 925-2200,98,1,1,99,89,8,3,93,88,10,2,96,94,2,4,96,,513,191,37,10/01/2024,09/30/2025
15C0001029,WILLIAMS EYE INSTITUTE PC,6836 HOHMAN AVE,HAMMOND,IN,46324,,(219) 937-5063,95,4,1,97,89,9,2,93,88,7,5,94,81,14,5,91,3,543,102,19,10/01/2024,09/30/2025
15C0001033,COMMUNITY SURGERY CENTER NORTH,8040 CLEARVISTA PARKWAY,INDIANAPOLIS,IN,46256,,(317) 621-2090,98,2,0,99,92,7,1,96,90,8,2,95,89,8,3,95,3,1166,197,17,10/01/2024,09/30/2025
15C0001036,NOVAMED SURGERY CENTER OF MERRILLVILLE LLC,8514 BROADWAY,MERRILLVILLE,IN,46410,,(219) 756-5010,95,4,1,97,85,11,4,91,88,7,5,94,87,8,5,93,3,620,140,23,10/01/2024,09/30/2025
15C0001037,SOUTHERN INDIANA SURGERY CENTER,2800 REX GROSSMAN BLVD,BLOOMINGTON,IN,47403,,(812) 333-8969,98,2,0,99,95,4,1,97,89,9,2,96,89,9,2,96,,1347,427,32,10/01/2024,09/30/2025
15C0001045,INDIANA ENDOSCOPY CENTERS LLC,"1801 N. SENATE BLVD., SUITE 710",INDIANAPOLIS,IN,46202,,(317) 805-2245,98,2,0,99,87,10,3,92,87,10,3,94,81,14,5,91,3,1760,348,20,10/01/2024,09/30/2025
15C0001047,WHITEWATER SURGERY CENTER LLC,1900 CHESTER BLVD,RICHMOND,IN,47374,,(765) 962-2020,96,4,0,98,92,7,1,95,89,9,2,94,81,14,5,91,3,447,181,40,10/01/2024,09/30/2025
15C0001051,COMMUNITY ENDOSCOPY CENTER,8315 EAST 56TH ST SUITE 100,INDIANAPOLIS,IN,46216,,(317) 621-1850,98,2,0,99,89,8,3,93,92,6,2,96,89,8,3,95,3,1627,283,17,10/01/2024,09/30/2025
15C0001053,CRESCENT CITY SURGERY CENTER LLC,220 E. VIRGINIA ST.,EVANSVILLE,IN,47711,,(812) 435-1600,99,1,0,99,93,6,1,96,93,6,1,97,94,5,1,97,,1011,445,44,10/01/2024,09/30/2025
15C0001055,CENTRAL INDIANA SURGERY CENTER,9002 NORTH MERIDIAN ST LOWER LEVEL,INDIANAPOLIS,IN,46260,,(317) 848-1763,97,3,0,98,88,10,2,93,90,8,2,95,88,9,3,95,3,853,282,33,10/01/2024,09/30/2025
15C0001058,THE ENDOSCOPY CENTER AT ST FRANCIS LLC,8051 SOUTH EMERSON AVE,INDIANAPOLIS,IN,46237,,(317) 857-4026,94,5,1,96,94,4,2,96,88,12,0,95,84,15,1,94,"3,6",570,74,13,10/01/2024,09/30/2025
15C0001062,NORTHSIDE GASTROENTEROLOGY ENDOSCOPY CENTER,8424 NAAB RD SUITE 3G,INDIANAPOLIS,IN,46260,,(317) 871-7308,97,3,0,98,94,5,1,97,87,10,3,94,87,10,3,94,,2063,781,38,10/01/2024,09/30/2025
15C0001065,ENT SURGERY CENTER,7900 WEST JEFFERSON,FORT WAYNE,IN,46804,,(260) 432-4368,96,3,1,98,87,12,1,93,88,8,4,94,82,16,2,93,3,583,133,23,10/01/2024,09/30/2025
15C0001067,ASC SURGICAL VENTURES LLC DBA OSMC OUTPATIENT SURGERY CENTER,2310 CALIFORNIA RD SUITE B,ELKHART,IN,46514,,(574) 970-4454,99,1,0,99,95,4,1,97,96,3,1,97,92,7,1,96,,2234,790,35,10/01/2024,09/30/2025
15C0001069,SURGICARE LLC,2907 MCINTIRE DR. STE. C,BLOOMINGTON,IN,47403,,(812) 339-8000,99,1,0,99,93,7,0,96,96,4,0,97,85,11,4,92,"3,10",149,30,20,10/01/2024,09/30/2025
15C0001070,ADVANCED SURGERY CENTER LLC,"1400 TEAL RD, STE. 7",LAFAYETTE,IN,47905,,(765) 474-0272,97,3,0,98,88,10,2,93,90,7,3,95,86,11,3,94,,1012,273,27,10/01/2024,09/30/2025
15C0001071,MICHIANA ENDOSCOPY CENTER,53830 GENERATIONS DR.,SOUTH BEND,IN,46635,,(574) 271-0893,97,3,0,98,91,7,2,94,88,10,2,95,89,9,2,95,,2143,731,34,10/01/2024,09/30/2025
15C0001073,RIVERPOINTE SURGERY CENTER,"500 ARCADE AVE, STE. 100",ELKHART,IN,46514,,(574) 296-6468,97,3,0,98,93,5,2,96,87,12,1,95,86,11,3,93,3,1162,354,30,10/01/2024,09/30/2025
15C0001074,OPHTHALMOLOGY CONSULTANTS OF FORT WAYNE,7232 ENGLE RD,FORT WAYNE,IN,46804,,(260) 436-7205,99,1,0,100,88,9,3,92,92,8,0,97,95,3,2,97,3,1296,159,12,10/01/2024,09/30/2025
15C0001078,EYECARE CONSULTANTS SURGERY CENTER LLC,101 NW 1ST ST SUITE 104,EVANSVILLE,IN,47708,,(812) 435-2372,97,3,0,98,92,7,1,96,88,10,2,95,84,14,2,94,,1010,344,34,10/01/2024,09/30/2025
15C0001079,NAAB ROAD SURGERY CENTER LLC,8260 NAAB RD.,INDIANAPOLIS,IN,46260,,(317) 338-7961,98,2,0,99,94,5,1,97,91,8,1,96,86,12,2,94,3,1769,401,23,10/01/2024,09/30/2025
15C0001081,CENTRAL INDIANA ORTHOPEDIC SURGERY CENTER LLC,3600 WEST BETHEL AVE,MUNCIE,IN,47304,,(765) 213-3765,99,1,0,99,96,3,1,98,94,5,1,97,94,6,0,98,3,524,200,38,10/01/2024,09/30/2025
15C0001086,BELTWAY SURGERY CENTER IU HEALTH,151 PENNSYLVANIA PARKWAY,CARMEL,IN,46280,,(317) 817-0165,97,2,1,98,92,7,1,95,86,12,2,94,83,14,3,93,3,1091,274,25,10/01/2024,09/30/2025
15C0001087,EAST CAMPUS SURGERY CENTER LLC,5445 E. 16TH ST,INDIANAPOLIS,IN,46218,,(317) 355-7010,98,2,0,99,93,5,2,95,88,8,4,94,84,13,3,93,3,1307,242,19,10/01/2024,09/30/2025
15C0001090,ALLIED PHYSICIANS SURGERY CENTER LLC,"53990 CARMICHAEL DR, STE. 100",SOUTH BEND,IN,46635,,(574) 807-8611,99,1,0,99,96,4,0,98,90,10,0,96,89,9,2,95,3,542,196,36,10/01/2024,09/30/2025
15C0001094,COMMUNITY SURGERY CENTER HAMILTON,9700 EAST 146TH ST,NOBLESVILLE,IN,46060,,(317) 621-3530,100,0,0,100,96,3,1,97,96,3,1,98,94,4,2,97,3,1348,304,23,10/01/2024,09/30/2025
15C0001095,KLEINERT KUTZ SURGERY CENTER,3605 NORTHGATE CT SUITE 101,NEW ALBANY,IN,47150,,(812) 981-4747,98,2,0,99,92,7,1,95,91,8,1,96,91,9,0,97,3,659,130,20,10/01/2024,09/30/2025
15C0001097,PANKRATZ EYE INSTITUTE LLC,3135 MIDDLE RD.,COLUMBUS,IN,47203,,(812) 373-7777,99,1,0,99,93,6,1,96,92,6,2,96,92,7,1,97,,1014,437,43,10/01/2024,09/30/2025
15C0001099,MUNCIE CATARACT AND LASER EYE CENTER LLC,3300 W. PURDUE AVE.,MUNCIE,IN,47304,,(765) 289-8250,99,1,0,99,93,6,1,96,94,5,1,97,93,7,0,98,3,480,187,39,10/01/2024,09/30/2025
15C0001100,APAC SURGICAL CENTER II LLC,11460 SOUTH BROADWAY,CROWN POINT,IN,46307,,(219) 488-0155,99,1,0,100,94,5,1,97,99,1,0,99,93,6,1,97,3,559,136,24,10/01/2024,09/30/2025
15C0001101,BLOOMINGTON ENDOSCOPY CENTER,550 SOUTH LANDMARK AVE,BLOOMINGTON,IN,47402,,(812) 327-9420,98,2,0,99,91,8,1,95,91,8,1,96,90,9,1,96,3,1077,247,23,10/01/2024,09/30/2025
15C0001102,VISION SURGICAL CENTER,302 W. 14TH ST. STE. 100B,JEFFERSONVILLE,IN,47130,,(812) 284-1700,97,3,0,98,93,6,1,96,88,10,2,96,89,9,2,95,3,666,111,17,10/01/2024,09/30/2025
15C0001103,SAINT CHARLES SURGICAL PAVILION,1900 SAINT CHARLES ST,JASPER,IN,47546,,(812) 634-1211,94,4,2,97,82,13,5,88,88,7,5,93,78,15,7,91,"3,10",403,45,11,10/01/2024,09/30/2025
15C0001108,UNITY SURGICAL CENTER LLC,1411 S CREASY LN SUITE 200,LAFAYETTE,IN,47905,,(765) 446-5000,99,1,0,100,96,4,0,98,89,10,1,96,90,10,0,97,,779,206,26,10/01/2024,09/30/2025
15C0001109,COMMUNITY SURGERY CENTER HOWARD,3503 S. REED RD,KOKOMO,IN,46902,,(765) 864-5947,98,1,1,99,93,6,1,96,91,8,1,96,86,11,3,93,3,1430,289,20,10/01/2024,09/30/2025
15C0001113,CENTER FOR SPECIAL SURGERY,8805 NORTH MERIDIAN ST,INDIANAPOLIS,IN,46260,,(317) 706-7246,95,3,2,97,93,6,1,96,83,13,4,93,87,12,1,95,3,745,166,22,10/01/2024,09/30/2025
15C0001116,CLI SURGERY CENTER,1601 W. LINCOLN RD,KOKOMO,IN,46902,,(765) 453-5696,92,6,2,95,79,16,5,87,73,19,8,89,64,27,9,84,3,1403,429,31,10/01/2024,09/30/2025
15C0001120,FRANCISCAN SURGERY CENTER LLC,5255 EAST STOP 11 RD SUITE 100,INDIANAPOLIS,IN,46237,,(317) 528-5900,98,1,1,99,94,5,1,97,90,8,2,96,89,10,1,96,,1307,303,23,10/01/2024,09/30/2025
15C0001121,SOUTHWEST SURGICAL SUITES,7920 W. JEFFERSON STE. 210,FORT WAYNE,IN,46804,,(260) 434-2022,99,1,0,99,96,3,1,98,94,5,1,97,92,4,4,96,3,468,238,51,10/01/2024,09/30/2025
15C0001122,BELTWAY SURGERY CENTERS LLC,"200 W. 103RD ST., STE. 2400",INDIANAPOLIS,IN,46290,,(317) 566-2725,97,3,0,98,91,7,2,94,89,9,2,95,88,9,3,94,3,1284,344,27,10/01/2024,09/30/2025
15C0001123,CLI SURGERY CENTER,7747 W. JEFFERSON BLVD. SUITE B,FORT WAYNE,IN,46804,,(260) 459-8444,91,9,0,95,82,15,3,90,74,21,5,89,71,22,7,87,3,581,191,33,10/01/2024,09/30/2025
15C0001129,CARMEL AMBULATORY SURGERY CENTER LLC,13421 OLD MERIDIAN,CARMEL,IN,46032,,(317) 706-1600,99,1,0,100,95,4,1,97,95,5,0,97,94,5,1,98,3,849,172,20,10/01/2024,09/30/2025
15C0001130,ENDOSCOPY CENTER LLC,13421 OLD MERIDIAN,CARMEL,IN,46032,,(317) 706-1600,98,2,0,99,93,6,1,96,93,7,0,98,91,8,1,97,3,874,141,16,10/01/2024,09/30/2025
15C0001140,COMMUNITY DIGESTIVE CENTER,"1601 MEDICAL ARTS BLVD., SUITE 300",ANDERSON,IN,46011,,(765) 298-4709,98,2,0,99,93,5,2,96,92,7,1,96,90,8,2,96,3,1229,262,21,10/01/2024,09/30/2025
15C0001143,INDIANA ENDOSCOPY CENTERS LLC,"1115 N. RONALD REAGAN PKWY, SUITE 347",AVON,IN,46123,,(317) 217-2108,98,2,0,99,90,8,2,94,87,10,3,94,81,15,4,91,3,1311,211,16,10/01/2024,09/30/2025
15C0001144,XRS LLC DBA COLUMBUS PAIN INSTITUTE,2400 NORTH PARK SUITE 20,COLUMBUS,IN,47203,,(812) 376-0700,97,2,1,98,89,10,1,95,84,11,5,93,80,14,6,92,"3,6",513,83,17,10/01/2024,09/30/2025
15C0001146,THE SURGERY CENTER INDIANAPOLIS LLC,12188 A NORTH MERIDIAN ST SUITE 150,CARMEL,IN,46032,,(317) 569-8250,97,3,0,99,95,4,1,97,92,6,2,95,86,12,2,94,,1553,309,20,10/01/2024,09/30/2025
15C0001147,FOUNDATION SURGERY AFFILIATE OF FORT WAYNE LLC DBA PARKVIEW SOUTHWEST SURGERY CENTER,8004 CARNEGIE BLVD,FORT WAYNE,IN,46804,,(260) 434-3600,99,1,0,100,94,5,1,96,93,7,0,97,94,6,0,98,,3262,468,15,10/01/2024,09/30/2025
15C0001149,BELTWAY SURGERY CENTERS LLC DBA EAGLE HIGHLANDS SURGERY CENTER,6850 PARKDALE PL,INDIANAPOLIS,IN,46254,,(317) 329-7208,98,2,0,99,96,3,1,98,93,6,1,96,89,10,1,96,3,1021,261,26,10/01/2024,09/30/2025
15C0001151,BROADWEST SPECIALTY SURGICAL CENTER LLC,315 W. 89TH AVE.,MERRILLVILLE,IN,46410,,(219) 757-5275,99,1,0,99,95,4,1,97,93,6,1,97,91,8,1,96,"3,6",781,75,10,10/01/2024,09/30/2025
15C0001153,CHESTERTON SURGERY CENTER LLC DBA NORTHWEST HEALTH LAKESHORE SURGICARE,3111 VILLAGE POINT,CHESTERTON,IN,46304,,(219) 921-0792,98,2,0,99,94,5,1,97,92,7,1,96,90,9,1,96,,1095,312,28,10/01/2024,09/30/2025
15C0001156,INDIANA SKIN CANCER CENTER PC,701 E. CO LINE RD. STE. 208,GREENWOOD,IN,46143,,(317) 859-8970,99,1,0,99,94,4,2,97,93,6,1,96,96,3,1,98,3,565,261,46,10/01/2024,09/30/2025
15C0001157,SENATE STREET SURGERY CENTER LLC IU HEALTH,1701 SENATE BLVD SUITE 338,INDIANAPOLIS,IN,46202,,(317) 902-5792,98,2,0,99,93,6,1,96,92,6,2,96,85,10,5,92,3,1014,188,19,10/01/2024,09/30/2025
15C0001158,TERRE HAUTE SURGICAL CENTER LLC,227 EAST MCCALLISTER DR,TERRE HAUTE,IN,47802,,(812) 234-4315,93,4,3,95,93,6,1,96,78,18,4,93,84,12,4,92,"3,6",683,98,15,10/01/2024,09/30/2025
15C0001160,HANCOCK REGIONAL SURGERY CENTER LLC,"1 MEMORIAL SQUARE, STE. 1000",GREENFIELD,IN,46140,,(317) 325-2530,99,1,0,99,94,4,2,96,93,7,0,97,90,10,0,97,,1099,233,21,10/01/2024,09/30/2025
15C0001164,LAPORTE MEDICAL GROUP SURGICAL CENTER LLC,900 I ST SUITE 1,LAPORTE,IN,46350,,(219) 324-1670,100,0,0,100,95,4,1,97,94,5,1,97,93,6,1,97,3,662,166,25,10/01/2024,09/30/2025
15C0001165,ST FRANCIS MOORESVILLE SURGERY CENTER LLC,1215 HADLEY ROAD SUITE 100,MOORESVILLE,IN,46158,,(317) 835-5800,98,2,0,99,95,4,1,97,93,6,1,97,93,6,1,97,,999,358,36,10/01/2024,09/30/2025
15C0001166,BALL OUTPATIENT SURGERY CENTER LLC,2401 WEST UNIVERSITY AVE OMP SUITE 200,MUNCIE,IN,47303,,(765) 741-1097,99,1,0,99,94,5,1,96,86,12,2,94,71,26,3,89,3,1004,215,21,10/01/2024,09/30/2025
15C0001168,ST FRANCIS MOORESVILLE SURGERY CENTER LLC,1215 HADLEY RD. STE. 100,MOORESVILLE,IN,46158,,(317) 834-9900,99,1,0,99,95,4,1,97,95,4,1,97,92,6,2,96,,1226,334,27,10/01/2024,09/30/2025
15C0001169,BLOOMINGTON ASC LLC DBA INDIANA SPECIALTY SURGERY CENTER,1380 WEST ARCH HAVEN AVE,BLOOMINGTON,IN,47408,,(812) 330-1164,98,2,0,99,94,5,1,97,93,6,1,97,90,9,1,96,,597,230,39,10/01/2024,09/30/2025
15C0001171,EYE CARE SURGERY CENTER OF EVANSVILLE LLC,6540 LOGAN DR SUITE 3,EVANSVILLE,IN,47715,,(812) 402-9620,97,3,0,98,85,14,1,92,90,10,0,95,76,24,0,92,"3,6",160,55,35,10/01/2024,09/30/2025
15C0001172,ROC SURGERY LLC,705 RILEY HOSPITAL DR,INDIANAPOLIS,IN,46202,,(317) 805-2245,,,,,,,,,,,,,,,,,1,,,,,
15C0001174,METRO SPECIALTY SURGERY CENTER LLC,"200 MISSOURI AVE, STE. A",JEFFERSONVILLE,IN,47130,,(812) 920-0055,96,4,0,98,89,9,2,94,85,12,3,94,80,17,3,92,,784,222,28,10/01/2024,09/30/2025
15C0001175,ADVANCED AMBULATORY SURGERY CENTER LLC,"1101 PROFESSIONAL BLVD, SUITE 104",EVANSVILLE,IN,47714,,(812) 758-4071,95,4,1,97,85,11,4,91,70,23,7,89,74,18,8,88,"3,6",594,97,17,10/01/2024,09/30/2025
15C0001177,GLEN LEHMAN ENDOSCOPY SUITE,"550 NORTH UNIVERSITY BLVD, SUITE 4100",INDIANAPOLIS,IN,46202,,(317) 948-0207,97,3,0,98,92,7,1,96,86,12,2,94,82,15,3,93,3,1146,252,22,10/01/2024,09/30/2025
15C0001178,BELTWAY SURGERY CENTERS DBA SAXONY SURGERY CENTER,13100 EAST 136TH ST SUITE 1100,FISHERS,IN,46037,,(317) 678-3416,99,1,0,99,93,6,1,96,95,4,1,97,89,10,1,95,3,1209,275,23,10/01/2024,09/30/2025
15C0001179,ELKHART DAY SURGERY LLC,2746 OLD US 20 WEST SUITE C,ELKHART,IN,46514,,(574) 293-8366,93,7,0,97,81,11,8,87,86,13,1,95,80,20,0,93,"3,10",484,39,8,10/01/2024,09/30/2025
15C0001180,RIVERVIEW SURGERY CENTER LLC,1276 NORTH PLAZA DR,ROCKPORT,IN,47635,,(812) 649-2500,99,1,0,99,94,6,0,97,91,8,1,96,91,7,2,96,,509,186,37,10/01/2024,09/30/2025
15C0001181,COLUMBUS SPECIALTY SURGERY CENTER LLC,2425 NORTHPARK DR. STE 20,COLUMBUS,IN,47203,,(813) 657-7800,97,3,0,98,92,7,1,96,85,13,2,94,85,13,2,94,,1000,272,27,10/01/2024,09/30/2025
15C0001182,CARMEL SPECIALTY SURGERY CENTER,11590 NORTH MERIDIAN ST SUITE 130,CARMEL,IN,46032,,(317) 660-0260,98,2,0,99,93,6,1,96,94,6,0,96,90,9,1,96,,705,214,30,10/01/2024,09/30/2025
15C0001184,MUNSTER SPECIALTY SURGERY CENTER,9200 CALUMET AVE SUITE S100,MUNSTER,IN,46321,,(219) 595-0789,98,2,0,99,93,6,1,96,90,9,1,96,87,11,2,94,,691,204,30,10/01/2024,09/30/2025
15C0001185,SOUTH BEND SPECIALTY SURGERY CENTER,335 FLORENCE AVE SUITE 1B,GRANGER,IN,46530,,(574) 217-0058,98,2,0,99,96,4,0,98,93,7,0,97,90,9,1,96,3,665,148,22,10/01/2024,09/30/2025
15C0001186,MIDWEST SPECIALTY SURGERY CENTER LLC,6920 GATWICK DR STE 100,INDIANAPOLIS,IN,46241,,(317) 821-0000,99,1,0,100,94,6,0,97,94,6,0,97,95,5,0,98,,517,234,45,10/01/2024,09/30/2025
15C0001188,NORTHWEST REGIONAL SURGERY CENTER LLC,"8900 BROADWAY, SUITE 100W",MERRILLVILLE,IN,46410,,(219) 576-6260,98,2,0,99,94,5,1,96,92,7,1,97,88,10,2,95,,767,245,32,10/01/2024,09/30/2025
15C0001189,INTERVENTIONAL PAIN MANAGEMENT LLC,2211 ROOSEVELT RD,VALPARAISO,IN,46383,,(219) 326-7246,94,5,1,97,91,7,2,94,84,10,6,92,77,16,7,89,"3,6",732,78,11,10/01/2024,09/30/2025
15C0001190,ADVANCED REGIONAL SURGERY CENTER LLC,"360 MISSOURI AVE, 19A, SUITE 102",JEFFERSONVILLE,IN,47130,,(817) 722-1480,96,3,1,97,92,6,2,95,80,16,4,92,78,19,3,91,,1096,210,19,10/01/2024,09/30/2025
15C0001191,INTERVENTIONAL PAIN MANAGEMENT LLC,204 LEGACY PL WEST,LAPORTE,IN,46350,,(219) 326-7246,94,5,1,97,90,8,2,94,91,4,5,96,88,8,4,95,"3,6",711,83,12,10/01/2024,09/30/2025
15C0001192,BELTWAY SURGERY CENTERS LLC DBA MERIDIAN SOUTH SURGERY CENTER,8830 SOUTH MERIDIAN ST SUITE 250,INDIANAPOLIS,IN,46217,,(317) 329-7208,99,1,0,99,95,4,1,97,93,6,1,97,91,7,2,96,3,930,199,21,10/01/2024,09/30/2025
15C0001193,MICHIANA SURGERY CENTER,3212 HICKORY SUITE A,MISHAWAKA,IN,46545,,(574) 855-2223,94,5,1,97,94,5,1,97,88,8,4,95,83,16,1,94,"3,6",317,77,24,10/01/2024,09/30/2025
15C0001194,THE CENTER FOR MINIMALLY INVASIVE SURGERY,9200 CALUMET AVE SUITE S200,MUNSTER,IN,46321,,(219) 961-9621,98,2,0,99,94,5,1,96,94,5,1,96,89,9,2,95,,966,316,33,10/01/2024,09/30/2025
15C0001195,INTERVENTIONAL PAIN MANAGEMENT LLC,201 MAIN ST,HOBART,IN,46342,,(219) 326-7246,96,4,0,98,88,9,3,93,77,18,5,92,83,14,3,93,3,1083,125,12,10/01/2024,09/30/2025
15C0001196,CAPITOL ST SURGERY CENTER LLC,2007 NORTH CAPITOL AVE,INDIANAPOLIS,IN,46202,,(317) 920-0477,97,3,0,99,95,5,0,97,91,8,1,96,86,14,0,95,"3,6",251,51,20,10/01/2024,09/30/2025
15C0001197,SURGERY CENTER OF EYE SPECIALISTS OF INDIANA PC,1950 W 86TH ST,INDIANAPOLIS,IN,46260,,(317) 925-2200,98,2,0,99,93,6,1,96,94,5,1,96,92,7,1,96,,471,204,43,10/01/2024,09/30/2025
15C0001198,BELTWAY SURGERY CENTERS LLC DBA EAST WASHINGTON SURGERY CENTER,9660 EAST WASHINGTON ST SUITE 200,INDIANAPOLIS,IN,46229,,(317) 329-7208,96,3,1,98,91,8,1,95,86,13,1,94,86,11,3,94,3,891,192,22,10/01/2024,09/30/2025
15C0001199,CENTER FOR SOUTHSIDE SURGERY,533 EAST COUNTY LINE RD SUITE 201A,GREENWOOD,IN,46143,,(317) 706-7246,96,3,1,98,91,4,5,93,79,15,6,91,80,12,8,90,3,738,133,18,10/01/2024,09/30/2025
15C0001200,LPC SURGERY CENTER LLC,770 PARK EAST BLVD SUITE A,LAFAYETTE,IN,47905,,(765) 714-4344,96,4,0,99,95,5,0,99,91,9,0,96,85,8,7,91,"3,10",90,25,28,10/01/2024,09/30/2025
15C0001201,INTERVENTIONAL PAIN MANAGEMENT LLC,1920 45TH ST,MUNSTER,IN,46321,,(219) 326-7246,95,4,1,98,89,8,3,93,88,10,2,95,86,9,5,93,3,786,119,15,10/01/2024,09/30/2025
15C0001202,GREAT LAKES SURGICAL SUITES LLC DBA GREAT LAKES SURGICAL SUITES,9200 CALUMET AVE SUITE N500,MUNSTER,IN,46321,,(219) 513-9955,97,3,0,99,92,6,2,95,91,7,2,95,85,14,1,95,,583,176,30,10/01/2024,09/30/2025
15C0001203,NEPHROLOGY PHYSICIANS LLC DBA AZURA SURGERY CENTER MICHIANA VASCULAR,250 EAST DAY ROAD SUITE 300,MISHAWAKA,IN,46545,,(574) 968-0283,98,2,0,99,90,9,1,94,89,7,4,94,83,12,5,92,3,788,107,14,10/01/2024,09/30/2025
15C0001205,NEPHROLOGY AND INTERNAL MEDICINE INC DBA INDIANA KIDNEY INSTITUTE,1420 NORTH SENATE AVE SUITE A,INDIANAPOLIS,IN,46202,,(317) 634-0920,97,3,0,99,89,9,2,94,89,11,0,97,85,13,2,95,"3,6",402,60,15,10/01/2024,09/30/2025
15C0001206,KOKOMO AMBULATORY SURGERY CENTER LLC,107 SOUTH WASHINGTON ST SUITE A,KOKOMO,IN,46901,,(765) 714-4344,98,2,0,99,97,2,1,98,92,8,0,95,90,8,2,95,"3,6",151,51,34,10/01/2024,09/30/2025
15C0001207,INDIANA PAIN CENTERS EVANSVILLE LLC,4411 WASHINGTON AVENUE SUITE 100,EVANSVILLE,IN,47714,,(812) 437-7246,95,5,0,98,90,9,1,94,80,19,1,93,66,31,3,87,"3,6",369,52,14,10/01/2024,09/30/2025
15C0001208,JESC LLC DBA JASPER ENDOSCOPY SURGERY CENTER,647 WEST 2ND STREET SUITE A,JASPER,IN,47546,,(812) 266-2904,99,1,0,99,93,6,1,96,94,5,1,97,91,8,1,96,,1102,303,27,10/01/2024,09/30/2025
15C0001209,RIVER RIDGE SURGICAL SUITES,2031 JEFFERSONVILLE COMMONS DRIVE,JEFFERSONVILLE,IN,47130,,(000) 000-0000,95,4,1,97,89,7,4,93,90,5,5,94,85,9,6,93,3,479,100,21,10/01/2024,09/30/2025
15C0001210,HELIX SURGICENTER LLC,324 WEST US HIGHWAY 30,SHERERVILLE,IN,46375,,(219) 335-2400,95,5,0,98,85,13,2,92,93,7,0,98,94,5,1,98,"3,6",800,81,10,10/01/2024,09/30/2025
15C0001211,SURGERY CENTER OF FORT WAYNE,1721 MAGNAVOX WAY SUITE A,FORT WAYNE,IN,46804,,(317) 450-5441,99,1,0,99,95,3,2,97,87,10,3,95,91,8,1,97,"3,6",534,91,18,10/01/2024,09/30/2025
15C0001212,SOUTH SUBURBAN SURGICAL SUITES,9200 CALUMET AVENUE SUITE E-100,MUNSTER,IN,46321,,(000) 000-0000,99,1,0,99,93,5,2,96,88,10,2,94,85,14,1,94,,785,183,23,10/01/2024,09/30/2025
15C0001213,FISHERS SPECIALTY SURGERY CENTER,14300 EAST 138TH STREET,FISHERS,IN,46037,,(000) 000-0000,98,2,0,99,93,6,1,96,94,4,2,96,93,4,3,96,3,623,248,40,10/01/2024,09/30/2025
15C0001214,FRANCISCAN LAKESHORE ASC LLC,12800 MISSISSIPPI PARKWAY PARVILION C,CROWN POINT,IN,46307,,(000) 000-0000,98,2,0,99,93,6,1,96,91,8,1,96,86,12,2,94,3,1364,370,27,10/01/2024,09/30/2025
15C0001215,LAKE GEORGE SURGERY CENTER,6245 NORTH OLD 27 SUITE A10,FREMONT,IN,46737,,(517) 462-8283,,,,,,,,,,,,,,,,,1,,,,,
15C0001216,FORT WAYNE VASCULAR CARE LLC DBA NEPHROLOGY ASSOCIATES OF NORTHERN INDIANA PC,1833 MAGNAVOX WAY SUITE 100,FORT WAYNE,IN,46804,,(260) 918-0997,97,3,0,98,84,13,3,91,83,14,3,94,74,20,6,88,"3,6",501,69,14,10/01/2024,09/30/2025
15C0001217,CROWN POINT SURGICAL SUITES LLC,11051 BROADWAY SUITE B,CROWN POINT,IN,46307,,(000) 000-0000,96,3,1,98,91,7,2,94,88,8,4,94,83,12,5,92,3,647,196,30,10/01/2024,09/30/2025
15C0001218,LANDMARK SURGICAL SUITES LLC,2990 GOTTBRATH PARKWAY,JEFFERSONVILLE,IN,47130,,(502) 553-4999,98,2,0,99,94,5,1,97,93,6,1,97,90,9,1,96,,645,259,40,10/01/2024,09/30/2025
15C0001219,IU HEALTH SOUTHWEST FORT WAYNE ASC DBA IU HEALTH SURGERY CENTER FORT WAYNE,4105 DICKIE ROAD,FORT WAYNE,IN,46804,,(317) 201-1038,99,1,0,99,94,5,1,97,93,6,1,97,92,7,1,97,3,1187,394,33,10/01/2024,09/30/2025
15C0002000,SERENITY SURGICAL LLC,8840 CALUMET AVE SUITE 104,MUNSTER,IN,46321,,(219) 513-9582,98,2,0,99,96,3,1,98,90,9,1,96,86,11,3,94,3,730,193,26,10/01/2024,09/30/2025
15C0002002,GOSHEN HEALTH SURGERY CENTER LLC,1605 WINSTED DR,GOSHEN,IN,46526,,(574) 364-4733,99,1,0,99,94,5,1,97,93,7,0,97,90,9,1,96,,1830,537,29,10/01/2024,09/30/2025
15C0002003,FRANCISCAN ORTHOPEDIC SURGERY CENTER LLC,10777 NORTH ILLINOIS STREET SUITES H3000-H4000,CARMEL,IN,46032,,(317) 528-5910,98,2,0,99,96,3,1,98,94,6,0,98,96,3,1,98,,832,222,27,10/01/2024,09/30/2025
15C0002004,LAFAYETTE SURGERY CENTER LLC,3738 LANDMARK DRIVE SUITE C,LAFAYETTE,IN,47905,,(765) 807-2780,96,3,1,98,90,7,3,93,82,16,2,94,85,12,3,93,3,709,134,19,10/01/2024,09/30/2025
15C0002005,EVANSVILLE ENDOSCOPY SURGERY CENTER,3800 VENETIAN WAY,NEWBURGH,IN,47630,,(812) 477-6103,98,2,0,99,91,7,2,95,89,9,2,95,89,9,2,95,3,464,144,31,10/01/2024,09/30/2025
15C0002006,MIDWEST EYE CONSULTANTS PC DBA CLI SURGERY CENTER SOUTH BEND MISHAWAKA,4020 EDISON LAKES PARKWAY,MISHAWAKA,IN,46545,,(574) 271-1114,93,6,1,96,83,13,4,89,79,12,9,89,73,19,8,87,3,658,173,26,10/01/2024,09/30/2025
15C0002007,BLOOMINGTON ADVANCED SURGERY CENTER LLC,445 SOUTH LANDMARK AVENUE,BLOOMINGTON,IN,47403,,(812) 668-6840,98,2,0,99,95,4,1,97,94,5,1,96,92,6,2,96,3,435,191,44,10/01/2024,09/30/2025
15C0002008,DUNE GRASS SURGICAL SUITES LLC,505 PINTAIL TRACE,CHESTERTON,IN,46304,,(219) 799-2029,98,2,0,99,95,4,1,97,96,1,3,97,92,7,1,97,3,347,160,46,10/01/2024,09/30/2025
15C0002009,INDIANA VASCULAR SURGERY CENTER LLC,2140 NORTH CAPITOL AVENUE SUITE 100,INDIANAPOLIS,IN,46202,,(317) 644-1404,98,1,1,99,95,2,3,96,88,10,2,96,96,2,2,97,"3,6",302,60,21,10/01/2024,09/30/2025
15C0002010,SKIN CANCER AND LASER SURGERY CENTER LLC,10788 STAHL ROAD,NEWBURGH,IN,47630,,(270) 685-5777,95,5,0,97,88,7,5,92,86,9,5,94,86,9,5,93,"3,6",449,60,14,10/01/2024,09/30/2025
15C0002011,KOKOMO CENTER FOR OUTPATIENT SURGERY LLC DBA SYCAMORE SURGERY CENTER,1907 WEST SYCAMORE STREET SUITE 110,KOKOMO,IN,46901,,(765) 681-5060,99,1,0,99,95,4,1,97,94,5,1,97,95,3,2,98,3,491,184,37,10/01/2024,09/30/2025
15C0002012,ASC SURGICAL VENTURES LLC DBA THE SURGERY CENTER OF GRANGER,3028 BEACON PARKWAY,GRANGER,IN,46530,,(574) 213-8200,98,2,0,99,95,4,1,97,94,5,1,97,91,8,1,96,,2965,1046,35,10/01/2024,09/30/2025
15C0002013,NORTHEAST INDIANA AMBULATORY SURGERY CENTER LLC,11277 TWIN CREEKS DRIVE,FORT WAYNE,IN,46845,,(260) 422-3937,95,4,1,97,89,8,3,93,91,7,2,96,83,14,3,93,3,1161,175,16,10/01/2024,09/30/2025
15C0002014,GRANGER SURGERY CENTER LLC,51050 BITTERSWEET ROAD SUITE A,GRANGER,IN,46530,,(718) 208-0446,97,2,1,98,92,6,2,95,89,7,4,94,87,9,4,94,,1024,348,34,10/01/2024,09/30/2025
15C0002017,UCHICAGO MEDICINE NORTHWEST INDIANA INC,10855 VIRGINIA STREET SUITE 1200,CROWN POINT,IN,46307,,(219) 407-5800,98,2,0,99,92,7,1,96,94,3,3,97,88,9,3,95,3,938,192,20,10/01/2024,09/30/2025
15C0002021,CPS EVANSVILLE ASC LLC DBA ADVANCED SURGICAL INSTITUTE OF EVANSVILLE,6016 EAST COLUMBIA STREET,EVANSVILLE,IN,47715,,(812) 916-4513,,,,,,,,,,,,,,,,,1,,,,,
16C0001001,SPRING PARK SURGERY CENTER LLC,3319 SPRING ST. STE. 202A,DAVENPORT,IA,52807,,(563) 355-6236,97,3,0,98,95,4,1,97,91,7,2,96,87,11,2,95,,700,279,40,10/01/2024,09/30/2025
16C0001002,MERCY RIVER HILLS SURGERY CENTER,450 LAUREL ST. STE. D,DES MOINES,IA,50314,,(515) 247-9532,98,2,0,99,94,5,1,97,93,4,3,96,89,8,3,95,3,1081,383,35,10/01/2024,09/30/2025
16C0001003,JONES EYE CLINIC,4405 HAMILTON BLVD.,SIOUX CITY,IA,51104,,(712) 239-3937,97,3,0,98,91,8,1,95,85,11,4,94,85,13,2,94,3,541,111,21,10/01/2024,09/30/2025
16C0001006,IOWA ENDOSCOPY CENTER,1378 NORTHWEST 124TH ST,CLIVE,IA,50325,,(515) 288-3342,98,2,0,99,91,7,2,94,87,12,1,95,86,12,2,95,3,519,139,27,10/01/2024,09/30/2025
16C0001007,MISSISSIPPI VALLEY ENDOSCOPY CENTER,3400 DEXTER CT. STE. 200,DAVENPORT,IA,52807,,(563) 344-6600,99,1,0,99,93,6,1,96,90,8,2,95,86,12,2,94,3,1172,292,25,10/01/2024,09/30/2025
16C0001010,TRI STATE SURGERY CENTER LLC,1500 ASSOCIATES DR,DUBUQUE,IA,52002,,(563) 584-4504,98,2,0,99,95,4,1,97,92,6,2,96,90,7,3,95,,917,473,52,10/01/2024,09/30/2025
16C0001013,ORTHOPAEDIC OUTPATIENT SURGERY CENTER LLC,1600 60TH ST.,WEST DES MOINES,IA,50266,,(515) 224-5232,100,0,0,100,93,6,1,96,96,3,1,97,93,6,1,97,3,582,215,37,10/01/2024,09/30/2025
16C0001014,LAKEVIEW SURGERY CENTER,1750 60TH ST,WEST DES MOINES,IA,50266,,(515) 273-5240,99,1,0,99,94,4,2,96,96,2,2,97,95,4,1,97,,574,223,39,10/01/2024,09/30/2025
16C0001015,THE IOWA CLINIC ENDOSCOPY CENTER,5950 UNIVERSITY AVE,WEST DES MOINES,IA,50266,,(515) 875-9150,99,1,0,99,94,5,1,96,93,6,1,97,90,9,1,96,3,665,214,32,10/01/2024,09/30/2025
16C0001016,SURGERY CENTER CEDAR RAPIDS,1075 1ST AVE. SE,CEDAR RAPIDS,IA,52402,,(319) 558-4803,98,2,0,99,93,6,1,96,91,8,1,96,89,10,1,96,3,4035,1281,32,10/01/2024,09/30/2025
16C0001018,GENGASTRO LLC DBA THE ENDOSCOPY CENTER FOR DIGESTIVE HELATH,2222 53RD AVE,BETTENDORF,IA,52722,,(563) 383-2686,97,2,1,98,89,9,2,94,84,14,2,94,82,16,2,93,3,1418,335,24,10/01/2024,09/30/2025
16C0001023,MISSISSIPPI VALLEY ENDOSCOPY CENTER,4051 UTICA RIDGE RD. STE. 200,DAVENPORT,IA,52807,,(563) 359-5490,98,2,0,99,95,5,0,97,94,6,0,97,95,4,1,98,3,611,241,39,10/01/2024,09/30/2025
16C0001024,MASON CITY AMBULATORY SURGERY CENTER LLC,990 4TH ST. SW,MASON CITY,IA,50401,,(641) 494-2000,99,1,0,99,94,5,1,96,90,9,1,96,83,16,1,94,3,445,183,41,10/01/2024,09/30/2025
16C0001025,SURGERY CENTER OF DES MOINES WEST,"5901 WESTOWN PARKWAY, SUITE 100",WEST DES MOINES,IA,50266,,(515) 224-1984,98,2,0,99,95,4,1,97,93,6,1,97,92,6,2,96,3,883,315,36,10/01/2024,09/30/2025
16C0001026,WEST LAKES SURGERY CENTER LLC,12499 UNIVERSITY AVE,CLIVE,IA,50325,,(515) 974-5050,96,4,0,98,90,8,2,94,84,14,2,92,79,18,3,91,3,558,103,19,10/01/2024,09/30/2025
16C0001027,CROW VALLEY SURGERY CENTER,"2300- 53RD AVE, STE.",BETTENDORF,IA,52722,,(563) 449-8988,97,2,1,98,89,9,2,94,90,7,3,94,84,15,1,94,,621,190,31,10/01/2024,09/30/2025
16C0001028,PIERCE STREET SAME DAY SURGERY LC,2730 PIERCE ST STE 100,SIOUX CITY,IA,51104,,(712) 294-7679,98,2,0,99,91,7,2,95,86,12,2,95,89,11,0,96,3,836,198,24,10/01/2024,09/30/2025
16C0001029,IOWA CITY AMBULATORY SURGICAL CENTER LLC,2963 NORTHGATE DR.,IOWA CITY,IA,52245,,(319) 248-1500,99,1,0,100,91,8,1,95,95,4,1,97,94,5,1,97,3,533,151,29,10/01/2024,09/30/2025
16C0001030,WOLFE SURGERY CENTER LLC,309 E. CHURCH ST.,WEST DES MOINES,IA,50266,,(641) 754-6200,99,1,0,99,93,6,1,96,93,6,1,97,91,7,2,96,3,474,254,54,10/01/2024,09/30/2025
16C0001031,FIRST CHOICE SURGERY CENTER,1138 H AVENUE NORTHEAST,CEDAR RAPIDS,IA,52402,,(000) 000-0000,98,2,0,99,95,5,0,97,92,7,1,96,92,8,0,97,3,427,211,49,10/01/2024,09/30/2025
16C0001032,ANKENY MEDICAL PARK SURGERY CENTER,3625 NORTH ANKENY BLVD SUITE J,ANKENY,IA,50023,,(515) 965-2214,98,1,1,99,93,6,1,96,94,5,1,96,94,5,1,97,3,671,224,33,10/01/2024,09/30/2025
16C0001034,MERCY SURGERY CENTER LLC,1195 BOYSON RD SUITE 3,HIAWATHA,IA,52233,,(319) 369-4764,98,2,0,99,92,7,1,95,91,7,2,96,90,8,2,95,,950,406,43,10/01/2024,09/30/2025
16C0001035,UNITED MEDICAL PARK ASC LLC,1731 WEST RIDGEWAY AVE SUITE 300,WATERLOO,IA,50701,,(319) 833-5800,97,2,1,98,92,6,2,95,92,6,2,95,87,10,3,94,3,764,249,33,10/01/2024,09/30/2025
16C0001036,DIGESTIVE HEALTH CENTER LLC,1015 SOUTH HACKETT ROAD SUITE B,WATERLOO,IA,50701,,(319) 406-5990,98,2,0,99,95,4,1,97,93,5,2,96,92,7,1,97,3,637,161,25,10/01/2024,09/30/2025
16C0001038,WAUKEE SURGERY CENTER LLC,1025 SOUTHEAST TALLGRASS LANE SUITE 110,WAUKEE,IA,50263,,(515) 875-8000,98,2,0,99,93,6,1,96,93,6,1,97,90,8,2,95,3,1391,512,37,10/01/2024,09/30/2025
16C0001039,SURGERY CENTERS OF IOWA,717 LYON STREET,DES MOINES,IA,50309,,(515) 250-5554,96,4,0,98,92,7,1,96,85,13,2,94,85,14,1,95,3,326,142,44,10/01/2024,09/30/2025
17C0001000,SURGICARE OF WICHITA LLC,2818 N. GREENWICH RD,WICHITA,KS,67226,,(316) 685-2207,99,1,0,99,93,6,1,96,92,7,1,96,89,9,2,95,3,1193,380,32,10/01/2024,09/30/2025
17C0001003,WASHBURN SURGERY CENTER LLC,619 SOUTHWEST CORPORATE VIEW,TOPEKA,KS,66615,,(785) 232-6022,98,2,0,99,92,7,1,95,96,3,1,99,95,5,0,98,"3,6",868,69,8,10/01/2024,09/30/2025
17C0001010,NOVAMED EYE SURGERY CENTER OF OVERLAND PARK LLC,5520 COLLEGE BLVD SUITE 200,OVERLAND PARK,KS,66211,,(913) 491-3040,95,4,1,97,88,9,3,92,82,14,4,93,78,19,3,91,3,1146,350,31,10/01/2024,09/30/2025
17C0001011,JOHNSON COUNTY SURGERY CENTER LP,8800 BALLENTINE,OVERLAND PARK,KS,66214,,(913) 894-4050,99,1,0,99,97,2,1,98,95,5,0,97,92,6,2,96,3,971,361,37,10/01/2024,09/30/2025
17C0001018,ENDOSCOPY CENTER OF TOPEKA LP,2200 WEST 6TH ST #103,TOPEKA,KS,66606,,(785) 354-1254,97,2,1,98,93,6,1,96,85,9,6,93,80,17,3,92,3,641,155,24,10/01/2024,09/30/2025
17C0001022,SURGERY CENTER OF KANSAS,7550 WEST VILLAGE CIR SUITE 2,WICHITA,KS,67205,,(316) 838-8388,97,3,0,98,94,5,1,97,91,8,1,96,89,10,1,96,,1585,498,31,10/01/2024,09/30/2025
17C0001030,HUTCHINSON CLINIC PA INC DBA HUTCHINSON CLINIC ENDOSCOPY CENTER,2107 NORTH WALDRON ST,HUTCHINSON,KS,67502,,(620) 669-2685,98,2,0,99,92,5,3,94,85,14,1,95,76,22,2,92,3,739,203,27,10/01/2024,09/30/2025
17C0001031,SURGERY CENTER OF SOUTH CENTRAL KANSAS,1708 E. 23RD AVE,HUTCHINSON,KS,67502,,(620) 664-5252,98,2,0,99,91,8,1,95,91,8,1,95,88,10,2,95,,775,351,45,10/01/2024,09/30/2025
17C0001034,FRY EYE SURGERY CENTER LLC,411 N. CAMPUS DR.,GARDEN CITY,KS,67846,,(620) 276-7699,99,1,0,100,92,7,1,96,97,3,0,99,96,4,0,99,3,903,192,22,10/01/2024,09/30/2025
17C0001035,WESTGLEN ENDOSCOPY CENTER,16663 MIDLAND DR SUITE 200,SHAWNEE,KS,66217,,(913) 248-8800,99,1,0,99,94,5,1,97,93,6,1,96,91,7,2,96,,1890,554,29,10/01/2024,09/30/2025
17C0001038,KANSAS ENDOSCOPY LLC,3121 N. WEBB RD,WICHITA,KS,67226,,(316) 928-8940,98,2,0,99,95,4,1,97,96,3,1,98,96,2,2,98,3,624,200,32,10/01/2024,09/30/2025
17C0001039,MIDWEST SURGERY CENTER LC,825 N. HILLSIDE,WICHITA,KS,67214,,(316) 733-9393,96,2,2,97,92,6,2,95,89,6,5,93,89,8,3,94,"3,10",318,36,12,10/01/2024,09/30/2025
17C0001042,KU MEDWEST AMBULATORY SURGERY CENTER LLC,7405 RENNER RD.,SHAWNEE,KS,66217,,(913) 588-8411,98,2,0,99,97,3,0,98,94,6,0,97,93,6,1,97,,1129,287,25,10/01/2024,09/30/2025
17C0001044,ADS HEALTHCARE LLC DBA ADS AMBULATORY SURGERY CENTER,6901 WEST 121ST ST,OVERLAND PARK,KS,66209,,(913) 661-1755,97,3,0,98,87,9,4,92,93,5,2,96,87,10,3,94,3,1498,203,14,10/01/2024,09/30/2025
17C0001045,FREEMAN SURGERY CENTER OF PITTSBURG LLC,100 NORTH PINE ST,PITTSBURG,KS,66762,,(417) 347-6104,98,2,0,99,88,8,4,92,87,12,1,94,87,8,5,93,"3,6",455,87,19,10/01/2024,09/30/2025
17C0001047,PHYSICIANS SURGERY CENTER LLC,3840 W. 75TH ST.,PRAIRIE VILLAGE,KS,66208,,(913) 428-3454,98,2,0,99,92,6,2,95,89,6,5,94,83,14,3,93,3,635,220,35,10/01/2024,09/30/2025
17C0001048,LAWRENCE SURGERY CENTER LLC,"1112 W 6TH ST, SUITE 220",LAWRENCE,KS,66044,,(785) 832-0588,99,1,0,99,95,4,1,97,95,4,1,97,94,5,1,97,3,549,196,36,10/01/2024,09/30/2025
17C0001050,CYPRESS SURGERY CENTER,9300 EAST 29TH ST NORTH SUITE 100,WICHITA,KS,67226,,(316) 634-0404,98,2,0,99,94,5,1,96,90,8,2,95,88,9,3,95,3,1900,473,25,10/01/2024,09/30/2025
17C0001052,ENDOSCOPIC IMAGING CENTER,10200 WEST 105TH ST SUITE 100,OVERLAND PARK,KS,66212,,(913) 492-0800,97,3,0,98,94,5,1,97,89,9,2,95,84,13,3,93,,3110,775,25,10/01/2024,09/30/2025
17C0001054,SHAWNEE MISSION SURGERY CENTER LLC,"9301 W. 74TH ST., STE. 300",SHAWNEE MISSION,KS,66204,,(913) 632-9330,98,2,0,99,93,6,1,96,90,8,2,96,87,11,2,94,,3275,823,25,10/01/2024,09/30/2025
17C0001055,HUTCHINSON AMBULATORY SURGERY CENTER LLC,2205 NORTH WALDRON ST,HUTCHINSON,KS,67502,,(620) 669-2685,98,1,1,99,93,5,2,96,87,11,2,95,86,13,1,95,3,580,179,31,10/01/2024,09/30/2025
17C0001056,SOUTH KANSAS CITY SURGICAL CENTER DBA SOUTH KANSAS CITY SURGICENTER,10730 NALL AVE SUITE 100,OVERLAND PARK,KS,66211,,(913) 901-9000,99,1,0,100,94,5,1,96,93,7,0,97,89,11,0,96,3,893,136,15,10/01/2024,09/30/2025
17C0001057,TALLGRASS SURGICAL CENTER LLC,"6001 SW 6TH AVE, STE. 100",TOPEKA,KS,66615,,(785) 228-4711,99,1,0,99,95,4,1,97,93,6,1,97,91,8,1,96,,1131,313,28,10/01/2024,09/30/2025
17C0001060,SKIN AND MOHS SURGERY CENTER LLC,11550 GRANADA,LEAWOOD,KS,66211,,(913) 907-2340,98,2,0,99,85,12,3,91,93,6,1,97,89,8,3,95,3,934,151,16,10/01/2024,09/30/2025
17C0001061,TOPEKA SURGERY CENTER,3630 SW FAIRLAWN,TOPEKA,KS,66614,,(785) 372-8282,99,1,0,99,94,5,1,97,93,7,0,97,92,7,1,97,3,523,216,41,10/01/2024,09/30/2025
17C0001062,DISCOVER VISION SURGERY AND LASER CENTER LLC,"11500 GRANADA LN, #200",LEAWOOD,KS,66211,,(816) 478-1230,97,2,1,98,96,4,0,98,94,3,3,96,89,10,1,96,3,307,104,34,10/01/2024,09/30/2025
17C0001065,SALINA UROLOGY CARE CENTER LLC,501 SOUTH SANTA FE SUITE 360,SALINA,KS,67401,,(785) 827-9635,97,3,0,99,89,11,0,94,85,14,1,94,88,11,1,96,3,757,141,19,10/01/2024,09/30/2025
17C0001070,SURGERY CENTER OF OVERLAND PARK LP,"106901 QUIVIRA RD, SUITE 100",OVERLAND PARK,KS,66215,,(913) 894-7260,98,2,0,99,95,4,1,97,90,9,1,95,89,9,2,95,3,1315,398,30,10/01/2024,09/30/2025
17C0001074,DEER CREEK SURGERY CENTER LLC,7220 WEST 129TH ST,OVERLAND PARK,KS,66213,,(913) 897-0022,97,3,0,98,87,9,4,91,88,10,2,95,83,15,2,93,3,1187,238,20,10/01/2024,09/30/2025
17C0001075,MID AMERICA SURGERY INSTITUTE LLC,"5525 WEST 119TH ST, SUITE 100",OVERLAND PARK,KS,66209,,(913) 906-0855,98,2,0,99,96,3,1,98,90,8,2,96,89,9,2,96,3,1456,370,26,10/01/2024,09/30/2025
17C0001076,RIDGEWOOD SURGERY AND ENDOSCOPY CENTER LLC,"4013 NORTH RIDGE RD, SUITE 100",WICHITA,KS,67205,,(316) 768-4197,98,2,0,99,93,6,1,96,92,7,1,96,88,10,2,95,3,2079,519,25,10/01/2024,09/30/2025
17C0001078,SAINT LUKES SOUTH SURGERY CENTER LLC,12541 FOSTER SUITE 120,OVERLAND PARK,KS,66213,,(913) 378-1400,96,4,0,98,93,6,1,96,89,9,2,94,89,9,2,95,3,758,182,24,10/01/2024,09/30/2025
17C0001082,SHAWNEE MISSION PRAIRIE STAR SURGERY CENTER LLC,"23401 PRAIRIE STAR PARKWAY, STE. B200",LENEXA,KS,66227,,(913) 676-8556,99,1,0,99,95,4,1,97,95,4,1,97,91,8,1,96,,2875,571,20,10/01/2024,09/30/2025
17C0001083,EPIC SURGERY CENTER,11261 NALL AVE SUITE 200,LEAWOOD,KS,66211,,(913) 671-3290,96,4,0,98,89,9,2,93,88,9,3,94,86,13,1,94,,625,208,33,10/01/2024,09/30/2025
17C0001085,SALINA SURGICAL ARTS CENTER LLC,200 SOUTH 5TH ST SUITE B,SALINA,KS,67401,,(785) 827-2238,99,1,0,100,96,4,0,98,98,1,1,97,93,6,1,97,,1147,175,15,10/01/2024,09/30/2025
17C0001086,ASSOCIATED UROLOGISTS AMBULATORY SURGERY CENTER LLC,1133 COLLEGE AVE SUITE G100,MANHATTAN,KS,66502,,(785) 537-0304,97,3,0,98,95,3,2,96,90,9,1,96,88,10,2,95,3,724,224,31,10/01/2024,09/30/2025
17C0001087,ADVANCED EYE SURGERY CENTER PA,"1602 W. 15TH AVE., SUITE A",EMPORIA,KS,66801,,(620) 343-7200,99,1,0,99,90,9,1,94,97,3,0,98,95,4,1,98,"3,6",514,86,17,10/01/2024,09/30/2025
17C0001090,EPIC SURGERY CENTER,"3555 NORTH WEBB RD, SUITE B",WICHITA,KS,67226,,(316) 351-5934,98,1,1,98,88,10,2,93,91,7,2,95,88,9,3,94,3,884,278,32,10/01/2024,09/30/2025
17C0001092,COLLEGE PARK ENDOSCOPY CENTER LLC,"10787 NALL AVENUE, SUITE 100",OVERLAND PARK,KS,66211,,(913) 385-4400,98,2,0,99,97,2,1,98,97,2,1,98,93,7,0,98,3,815,268,33,10/01/2024,09/30/2025
17C0001093,OVERLAND PARK SURGICAL SUITES,6650 WEST 110TH ST SUITE 300,OVERLAND PARK,KS,66211,,(913) 469-6777,97,3,0,98,91,7,2,94,88,8,4,94,84,12,4,93,3,532,166,31,10/01/2024,09/30/2025
17C0001094,MANHATTAN SPECIALISTS CENTER LLC,202 RESEARCH DR,MANHATTAN,KS,66503,,(785) 789-3835,95,5,0,98,86,12,2,92,85,10,5,93,82,15,3,93,"3,6",357,88,25,10/01/2024,09/30/2025
17C0001095,NS SURGICAL CENTER LLC,"10 E CAMBRIDGE CIRCLE DRIVE, SUITE 150",KANSAS CITY,KS,66103,,(847) 388-2035,99,1,0,100,97,2,1,99,95,5,0,98,88,12,0,96,3,685,105,15,10/01/2024,09/30/2025
17C0001097,INDIAN CREEK AMBULATORY SURGERY CENTER,10720 NALL AVE,OVERLAND PARK,KS,66211,,(913) 574-1794,97,3,0,99,95,4,1,97,92,7,1,97,92,4,4,95,3,647,194,30,10/01/2024,09/30/2025
17C0001098,ASCENTIST ASC MERRIAM LLC,6815 EAST FRONTAGE RD,MERRIAM,KS,66204,,(913) 348-6725,98,2,0,99,93,6,1,96,91,6,3,96,86,12,2,94,,735,114,16,10/01/2024,09/30/2025
17C0001099,ANDOVER AMBULATORY SURGERY CENTER LLC,1124 WEST 21ST STREET SUITE 100,ANDOVER,KS,67002,,(316) 440-3200,98,1,1,99,87,12,1,93,89,11,0,96,91,9,0,97,"3,6",600,63,11,10/01/2024,09/30/2025
17C0001100,WICHITA NEPHROLOGY GROUP DBA REVASK SURGERY CENTER,2122 NORTH GARNETT STREET,WICHITA,KS,67206,,(000) 000-0000,94,6,0,97,86,8,6,90,87,9,4,94,87,10,3,94,"3,6",611,82,13,10/01/2024,09/30/2025
17C0001101,MAO LEAWOOD SURGERY CENTER LLC,4940 WEST 137TH STREET SUITE A,LEAWOOD,KS,66224,,(316) 866-2540,99,1,0,99,94,5,1,97,91,7,2,96,92,7,1,97,3,598,135,23,10/01/2024,09/30/2025
17C0001102,KANSAS CITY SURGERY CENTER LLC,7524 ANTIOCH ROAD,OVERLAND PARK,KS,66204,,(913) 382-4444,98,1,1,99,93,6,1,96,86,11,3,94,84,12,4,92,"3,6",505,90,18,10/01/2024,09/30/2025
17C0001103,SAINT LUKES SOUTH PAIN MANAGEMENT CENTER LLC,7651 WEST 159TH STREET,OVERLAND PARK,KS,66223,,(913) 323-9060,96,4,0,98,90,8,2,94,91,7,2,96,87,11,2,95,6,294,84,31,10/01/2024,09/30/2025
17C0001890,PRECISION SURGERY CENTER LLC,1857 N. WEBB RD,WICHITA,KS,67206,,(316) 866-2540,97,3,0,99,95,5,0,97,88,12,0,94,85,14,1,94,"3,6",521,62,12,10/01/2024,09/30/2025
17C0001896,WICHITA UROLOGY SURGERY CENTER LLC,2620 NORTH WEBB ROAD,WICHITA,KS,67226,,(316) 768-6204,97,3,0,99,94,6,0,97,87,10,3,94,87,11,2,95,3,634,121,19,10/01/2024,09/30/2025
17C0001897,FOUNDERS SURGERY CENTER LLC,1961 NORTH FOUNDERS CIRCLE,WICHITA,KS,67206,,(316) 274-4931,98,2,0,99,93,6,1,96,87,11,2,94,86,13,1,95,3,802,200,25,10/01/2024,09/30/2025
17C0001898,CARDIO-KIDNEY VASCULAR CARE LLC,3161 NORTH WEBB ROAD SUITE 220,WICHITA,KS,67226,,(316) 402-0440,97,3,0,99,84,9,7,88,86,13,1,95,79,19,2,92,3,407,119,29,10/01/2024,09/30/2025
17C0001900,ADVANCED AMBULATORY SURGERY CENTER LLC,4695 EAST 37TH STREET NORTH,WICHITA,KS,67220,,(316) 942-4519,97,2,1,98,91,5,4,94,89,10,1,95,89,8,3,95,3,628,178,28,10/01/2024,09/30/2025
17C0001901,WATERFRONT SURGERY CENTER LLC,1540 NORTH LINDBERG CIRCLE,WICHITA,KS,67206,,(316) 334-1500,97,2,1,98,91,6,3,94,90,7,3,95,91,7,2,96,3,567,100,18,10/01/2024,09/30/2025
17C0001903,GRENE SURGERY CENTER LLC DBA EYECARE PARTNERS SURGERY CENTER,1821 NORTH WEBB ROAD SUITE 101,WICHITA,KS,67206,,(316) 688-3960,96,3,1,98,81,16,3,89,86,11,3,93,87,11,2,95,"3,6",675,74,11,10/01/2024,09/30/2025
17C0001904,BEACON WEST SURGERY CENTER LLC,11340 NALL AVENUE SUITE 100,OVERLAND PARK,KS,66211,,(913) 363-8300,97,3,0,98,95,4,1,97,94,5,1,96,92,6,2,96,3,503,134,27,10/01/2024,09/30/2025
17C0001905,OHKCSC LLC DBA ORTHOPEDIC HEALTH OF KANSAS CITY SURGERY CENTER,8800 BALLENTINE STREET,OVERLAND PARK,KS,66214,,(913) 363-2663,99,1,0,100,93,6,1,96,92,7,1,96,88,10,2,95,3,365,124,34,10/01/2024,09/30/2025
18C0001000,LEXINGTON SURGERY CENTER,2115 HARRODSBURG RD,LEXINGTON,KY,40504,,(859) 276-2525,97,3,0,99,95,4,1,97,89,7,4,95,89,9,2,95,3,814,201,25,10/01/2024,09/30/2025
18C0001003,PREMIER SURGERY CENTER OF LOUISVILLE LP DBA PREMIER SURGERY CENTER OF LOUISVILLE,2511 TERRA CROSSING BLVD,LOUISVILLE,KY,40245,,(502) 589-9488,99,1,0,99,95,4,1,97,93,5,2,96,92,6,2,96,3,969,273,28,10/01/2024,09/30/2025
18C0001006,OWENSBORO AMBULATORY SURGICAL FACILITY LTD,1000 BRECKENRIDGE ST. STE. 100,OWENSBORO,KY,42303,,(270) 683-2751,98,1,1,99,96,3,1,98,92,7,1,96,90,9,1,96,3,1638,453,28,10/01/2024,09/30/2025
18C0001010,MCPEAK SURGERY CENTER LLC,108 BRAVO BLVD.,GLASGOW,KY,42141,,(270) 651-2181,99,1,0,99,87,9,4,92,91,7,2,96,89,10,1,96,3,1333,130,10,10/01/2024,09/30/2025
18C0001014,BAPTIST HEALTH SURGERY CENTER,240 FOUNTAIN CT,LEXINGTON,KY,40509,,(859) 278-1460,97,3,0,98,93,6,1,96,90,9,1,96,89,8,3,95,3,736,191,26,10/01/2024,09/30/2025
18C0001015,DUPONT SURGERY CENTER,4004 DUPONT CIR,LOUISVILLE,KY,40207,,(502) 896-6428,98,2,0,99,94,5,1,96,83,15,2,94,81,17,2,93,3,1000,284,28,10/01/2024,09/30/2025
18C0001017,CUMBERLAND VALLEY SURGICAL CENTER LLC,275 HWY 770,CORBIN,KY,40701,,(606) 526-7874,96,3,1,98,90,8,2,94,87,10,3,94,86,12,2,94,3,914,205,22,10/01/2024,09/30/2025
18C0001018,THE EYE SURGERY CENTER OF PADUCAH,100 MEDICAL CENTER DR,PADUCAH,KY,42003,,(270) 442-1024,98,2,0,99,93,6,1,96,92,7,1,97,92,6,2,96,,2402,932,39,10/01/2024,09/30/2025
18C0001019,NEW LEXINGTON CLINIC PSC,1225 SOUTH BROADWAY SUITE 100,LEXINGTON,KY,40504,,(859) 258-4600,97,3,0,98,93,5,2,96,87,12,1,95,85,15,0,95,3,608,116,19,10/01/2024,09/30/2025
18C0001020,TRI-STATE GASTROENTEROLOGY ASSOCIATES,425 CENTRE VIEW BLVD,CRESTVIEW HILLS,KY,41017,,(859) 655-4477,99,1,0,99,95,4,1,97,96,3,1,97,95,4,1,98,3,432,128,30,10/01/2024,09/30/2025
18C0001021,AMBULATORY SURGERY CENTER LLC,2831 LONE OAK RD.,PADUCAH,KY,42003,,(270) 554-8373,100,0,0,100,95,3,2,97,93,7,0,98,91,8,1,97,"3,6",486,79,16,10/01/2024,09/30/2025
18C0001024,HEAD AND NECK SURGERY ASSOCIATES PSC DBA CENTER FOR SURGICAL CARE,7575 US 42,FLORENCE,KY,41042,,(859) 283-6050,97,3,0,99,92,7,1,96,87,10,3,94,85,14,1,94,,1124,256,23,10/01/2024,09/30/2025
18C0001025,NEW LEXINGTON CLINIC PSC,1225 SOUTH BROADWAY SUITE 200,LEXINGTON,KY,40504,,(859) 258-4600,97,2,1,98,90,8,2,94,90,10,0,96,92,7,1,97,3,647,101,16,10/01/2024,09/30/2025
18C0001027,LOURDES AMBULATORY SURGERY CENTER LLC,225 MEDICAL CENTER DR STE 105,PADUCAH,KY,42003,,(270) 441-4550,99,1,0,99,92,6,2,95,87,11,2,95,86,14,0,95,3,712,148,21,10/01/2024,09/30/2025
18C0001029,LOUISVILLE ENDOSCOPY CENTER,1400 POPLAR LEVEL RD,LOUISVILLE,KY,40217,,(502) 636-2003,98,2,0,99,94,4,2,96,94,5,1,97,92,5,3,96,,1681,617,37,10/01/2024,09/30/2025
18C0001030,BLUEGRASS SURGERY AND LASER CENTER,9202 LEESGATE RD,LOUISVILLE,KY,40222,,(502) 637-4800,95,4,1,97,90,8,2,94,86,10,4,94,84,12,4,93,,3613,1103,31,10/01/2024,09/30/2025
18C0001032,COMMONWEALTH EYE SURGERY,2353 ALEXANDRIA DR,LEXINGTON,KY,40504,,(859) 224-2655,96,3,1,98,86,11,3,92,81,13,6,92,81,16,3,93,3,444,161,36,10/01/2024,09/30/2025
18C0001034,LAKE CUMBERLAND SURGERY CENTER LP,301 LANGDON ST,SOMERSET,KY,42503,,(606) 678-9688,96,3,1,98,93,6,1,96,86,13,1,95,83,15,2,94,3,3469,802,23,10/01/2024,09/30/2025
18C0001036,BAPTIST PHYSICIANS SURGERY CENTER,1720 NICHOLASVILLE RD,LEXINGTON,KY,40503,,(859) 260-7000,99,1,0,99,94,5,1,97,92,7,1,96,93,6,1,97,3,1296,261,20,10/01/2024,09/30/2025
18C0001037,NEW LEXINGTON CLINIC PSC DBA DERMATOLOGY ASSOCIATES OF KENTUCKY PSC,250 FOUNTAIN COURT,LEXINGTON,KY,40509,,(859) 263-4444,96,3,1,97,95,4,1,97,88,10,2,95,88,10,2,95,3,748,148,20,10/01/2024,09/30/2025
18C0001039,LOUISVILLE SURGERY CENTER,"444 S. FIRST ST, SUITE 201",LOUISVILLE,KY,40202,,(502) 238-2861,96,4,0,98,91,7,2,95,88,10,2,94,78,19,3,91,3,888,254,29,10/01/2024,09/30/2025
18C0001044,BAPTIST HEALTHCARE SYSTEM INC DBA BAPTIST HEALTH SURGERY CENTER EASTPOINT,2400 EASTPOINT PARKWAY,LOUISVILLE,KY,40223,,(502) 210-4861,99,1,0,99,93,6,1,96,92,7,1,96,91,8,1,97,3,677,170,25,10/01/2024,09/30/2025
18C0001046,BLUEGRASS ORTHOPAEDICS SURGICAL DIVISION LLC,3480 YORKSHIRE MEDICAL PARK,LEXINGTON,KY,40509,,(859) 514-0260,98,2,0,99,94,5,1,97,93,6,1,97,92,6,2,96,3,626,241,38,10/01/2024,09/30/2025
18C0001050,COLORECTAL SURGICAL AND GASTROENTEROLOGY ASSOCIATES,2620 WILHITE DR,LEXINGTON,KY,40503,,(859) 278-0185,97,2,1,98,93,5,2,96,91,7,2,96,90,9,1,96,3,681,216,32,10/01/2024,09/30/2025
18C0001052,INNOVATIVE EYE SURGERY CENTER,1130 LONE OAK ROAD,PADUCAH,KY,42003,,(000) 000-0000,94,6,0,97,93,4,3,95,83,13,4,92,78,12,10,88,"3,10",175,30,18,10/01/2024,09/30/2025
18C0001053,SOUTHERN KENTUCKY SURGICENTER LLC DBA GREENVIEW SURGERY CENTER,484 GOLDEN AUTUMN WAY SUITE 100,BOWLING GREEN,KY,42103,,(615) 344-1406,98,2,0,99,94,5,1,96,91,8,1,96,91,8,1,96,3,1644,566,34,10/01/2024,09/30/2025
18C0001054,EYE SURGERY CENTER OF ELIZABETHTOWN,2000 TUNNEL HILL ROAD,ELIZABETHTOWN,KY,42701,,(270) 304-2520,97,2,1,98,91,7,2,94,89,7,4,95,90,8,2,96,3,1208,131,11,10/01/2024,09/30/2025
18C0001056,HERITAGE DEVELOPMENT PARTNERS LLC DBA ORTHOPAEDIC SURGERY CENTER,3025 DIXIE HIGHWAY,EDGEWOOD,KY,41017,,(859) 578-7222,99,1,0,99,93,6,1,96,93,7,0,97,90,8,2,95,,850,214,25,10/01/2024,09/30/2025
18C0001057,OPHTHALMIC SURGERY CENTER LLC,100 DIAGNOSTIC DRIVE SUITE B,FRANKFORT,KY,40601,,(502) 875-9860,96,3,1,97,90,9,1,94,81,16,3,94,83,14,3,93,3,534,151,28,10/01/2024,09/30/2025
18C0001058,PAIN CARE SURGERY OF LOUISVILLE LLC DBA CENTER FOR SPECIALTY SURGERY OF LOUISVILLE,6400 DUTCHMANS PARKWAY SUITE 60,LOUISVILLE,KY,40205,,(502) 791-8700,92,6,2,95,87,9,4,92,80,16,4,92,81,15,4,92,"3,6",579,75,13,10/01/2024,09/30/2025
18C0001059,BAPTIST HEALTH SURGERY CENTER BRECKENRIDGE LLC,2800 BRECKENRIDGE LANE SUITE 500,LOUISVILLE,KY,40220,,(502) 928-0050,99,1,0,100,96,3,1,98,88,12,0,96,92,8,0,97,"3,10",119,26,22,10/01/2024,09/30/2025
18C0001060,SOUTHERN VASCULAR AND PAIN SURGERY CENTER LLC,221 MAIN STREET,FULTON,KY,42041,,(901) 350-0978,,,,,,,,,,,,,,,,,1,,,,,
19C0001001,BRASS PARTNERSHIP IN COMMENDAM DBA BRASS SURGERY CENTER,5328 DIDESSE DR,BATON ROUGE,LA,70808,,(225) 766-1718,98,2,0,99,94,5,1,97,94,5,1,97,90,8,2,95,3,2840,806,28,10/01/2024,09/30/2025
19C0001004,SURGICARE OF LAKE CHARLES,2100 LAKE ST,LAKE CHARLES,LA,70601,,(337) 436-6941,99,1,0,99,94,5,1,97,97,1,2,98,93,6,1,98,3,583,154,27,10/01/2024,09/30/2025
19C0001009,DOCTOR'S OUTPATIENT SURGERY CENTER,1101 SOUTH COLLEGE RD SUITE 100,LAFAYETTE,LA,70503,,(337) 233-8603,98,2,0,99,95,3,2,97,91,8,1,96,92,6,2,96,,1126,340,30,10/01/2024,09/30/2025
19C0001010,EYE CARE SURGERY CENTER INC,10423 OLD HAMMOND HWY,BATON ROUGE,LA,70816,,(225) 932-0070,97,3,0,98,93,5,2,96,85,13,2,95,85,12,3,93,3,815,253,31,10/01/2024,09/30/2025
19C0001027,LAHAYE CENTER FOR ADVANCED EYE CARE APMC,4313 I-49 S. SERVICE RD,OPELOUSAS,LA,70570,,(337) 942-2024,98,2,0,99,88,10,2,93,86,12,2,95,84,14,2,94,3,545,155,28,10/01/2024,09/30/2025
19C0001028,OUTPATIENT EYE SURGERY CENTER,4324 VETERANS BLVD SUITE 101,METAIRIE,LA,70006,,(504) 455-4046,96,4,0,98,92,7,1,95,87,12,1,95,83,15,2,93,"3,6",319,83,26,10/01/2024,09/30/2025
19C0001030,ENDOSCOPY CENTER OF MONROE,316 SOUTH 6TH ST,MONROE,LA,71201,,(318) 325-2634,98,2,0,99,93,6,1,96,92,7,1,96,91,7,2,96,3,567,185,33,10/01/2024,09/30/2025
19C0001035,THE ALEXANDRIA OPHTHALMOLOGY ASC LLC,4110 PARLIAMENT DR.,ALEXANDRIA,LA,71303,,(319) 487-8642,94,5,1,97,91,8,1,95,85,11,4,95,87,11,2,95,"3,6",527,73,14,10/01/2024,09/30/2025
19C0001038,BATON ROUGE LA ENDOSCOPY ASC LLC,9103 JEFFERSON HWY.,BATON ROUGE,LA,70809,,(225) 927-1190,97,3,0,98,92,6,2,95,91,7,2,96,89,8,3,95,,2413,574,24,10/01/2024,09/30/2025
19C0001041,LAFAYETTE GENERAL ENDOSCOPY CENTER INC,1211 COOLIDGE BLVD SUITE 302,LAFAYETTE,LA,70503,,(337) 289-8245,98,1,1,99,93,5,2,96,92,5,3,96,91,7,2,96,3,1077,280,26,10/01/2024,09/30/2025
19C0001042,SHREVEPORT ENDOSCOPY CENTER,3217 MABEL ST,SHREVEPORT,LA,71103,,(318) 631-9121,97,3,0,99,93,5,2,96,88,10,2,96,90,9,1,96,3,997,281,28,10/01/2024,09/30/2025
19C0001043,OPHTHALMIC OUTPATIENT SURGERY CENTER PARTNERS LLC,550 CONNELLS PARK LANE,BATON ROUGE,LA,70806,,(225) 490-5324,94,6,0,97,91,7,2,95,81,14,5,92,76,21,3,91,3,915,170,19,10/01/2024,09/30/2025
19C0001046,ACADIANA ENDOSCOPY CENTER INC,443 HEYMANN BLVD.,LAFAYETTE,LA,70503,,(337) 269-1126,99,1,0,99,97,2,1,98,96,4,0,98,94,4,2,97,3,693,222,32,10/01/2024,09/30/2025
19C0001047,IMPERIAL HEALTH LLP,501 DR. MICHARL DEBAKEY DR.,LAKE CHARLES,LA,70601,,(337) 312-8452,98,1,1,99,92,7,1,96,91,6,3,95,85,12,3,93,3,1206,186,16,10/01/2024,09/30/2025
19C0001048,NEW ORLEANS LA UPTOWN WEST BANK ENDOSCOPY ASC LLC,2820 NAPOLEEON AVE # S-700,NEW ORLEANS,LA,70115,,(504) 349-6401,98,2,0,99,94,4,2,96,91,8,1,96,88,9,3,94,,1872,383,20,10/01/2024,09/30/2025
19C0001049,ACADIANA SURGERY CENTER INC,"2309 E. MAIN ST, SUITE 102",NEW IBERIA,LA,70560,,(337) 364-3301,98,2,0,99,92,7,1,95,92,6,2,96,91,8,1,96,,1264,309,24,10/01/2024,09/30/2025
19C0001051,NEW ORLEANS LA UPTOWN WEST BANK ENDOSCOPY ASC LLC,1111 MEDICAL CENTER BLVD # S-460,MARRERO,LA,70072,,(504) 349-6401,98,2,0,99,92,7,1,95,88,10,2,95,88,10,2,95,,2786,555,20,10/01/2024,09/30/2025
19C0001052,LAHAYE CENTER FOR ADVANCED EYE CARE OF LAFAYETTE INC,"201 RUE IBERVILLE, STE. 800",LAFAYETTE,LA,70508,,(337) 235-2149,98,2,0,99,90,8,2,94,94,5,1,97,87,10,3,94,3,471,145,31,10/01/2024,09/30/2025
19C0001053,METAIRIE OPHTHALMOLOGY ASC LLC,3900 VETERANS BLVD. #100,METAIRIE,LA,70002,,(504) 455-1550,98,1,1,99,93,6,1,96,89,8,3,95,89,9,2,96,,716,158,23,10/01/2024,09/30/2025
19C0001058,LASER AND SURGERY CENTER OF ACADIANA,514 SAINT LANDRY ST,LAFAYETTE,LA,70506,,(337) 235-7791,98,2,0,99,92,6,2,95,92,6,2,96,88,10,2,95,,956,235,25,10/01/2024,09/30/2025
19C0001059,THIBODAUX LASER AND SURGERY CENTER LLC,1101 AUDUBON AVE SUITE S-4,THIBODAUX,LA,70301,,(985) 447-7246,99,1,0,99,95,4,1,97,94,5,1,98,96,4,0,99,3,589,124,22,10/01/2024,09/30/2025
19C0001064,DAY SURGERY INC,151 FRONTAGE RD A,GRAY,LA,70359,,(985) 580-1200,98,2,0,99,93,4,3,95,82,11,7,91,85,7,8,92,"3,6",256,56,22,10/01/2024,09/30/2025
19C0001068,ENDOCENTER LLC,131-A CHEROKEE ROSE LANE,COVINGTON,LA,70433,,(985) 809-8068,98,2,0,99,91,7,2,95,89,10,1,96,94,5,1,97,"3,6",677,96,14,10/01/2024,09/30/2025
19C0001071,METAIRIE LA ENDOSCOPY ASC LLC,3333 KINGSMAN ST #S-202 & 206,METAIRIE,LA,70006,,(504) 349-6401,98,2,0,99,94,5,1,96,95,4,1,97,92,7,1,97,,2230,638,29,10/01/2024,09/30/2025
19C0001075,REGIONAL EYE SURGERY CENTER,7777 HENNESSY BLVD,BATON ROUGE,LA,70808,,(225) 214-6688,97,3,0,98,92,6,2,95,90,9,1,96,87,12,1,95,3,635,123,20,10/01/2024,09/30/2025
19C0001077,SURGICAL SPECIALTY ASSOCIATES LLC,4633 WICHERS DR.,MARRERO,LA,70072,,(504) 328-0000,94,5,1,97,94,5,1,96,89,7,4,94,82,13,5,91,3,1215,316,26,10/01/2024,09/30/2025
19C0001080,SURGERY CENTER OF WEST MONROE LLC,102 REGENCY ST,WEST MONROE,LA,71291,,(318) 322-4888,97,2,1,98,91,8,1,95,89,9,2,95,88,11,1,96,"3,6",549,83,16,10/01/2024,09/30/2025
19C0001082,THIBODAUX ENDOSCOPY LLC,602 N ACADIA RD. STE 101,THIBODAUX,LA,70301,,(985) 446-1958,99,1,0,100,95,4,1,97,95,5,0,97,98,2,0,99,"3,6",541,76,14,10/01/2024,09/30/2025
19C0001083,AMBULATORY SURGERY CENTER OF OPELOUSAS,187 VENTURE BLVD,OPELOUSAS,LA,70570,,(337) 407-0050,98,2,0,99,96,3,1,98,92,7,1,97,93,6,1,97,3,830,267,32,10/01/2024,09/30/2025
19C0001085,LAKE AMBULATORY SURGERY CTR,7145 PERKINS RD,BATON ROUGE,LA,70808,,(225) 408-5548,97,3,0,98,93,6,1,96,93,6,1,96,83,16,1,94,,1388,289,21,10/01/2024,09/30/2025
19C0001088,ENDO CENTER LLC,58515 PEARL ACRES RD,SLIDELL,LA,70461,,(985) 641-8982,96,4,0,98,93,6,1,96,96,4,0,97,95,5,0,98,"3,6",635,71,11,10/01/2024,09/30/2025
19C0001089,LAFAYETTE SURGERY CENTER LIMITED PARTNERSHIP,"4630 AMBASSADOR CAFFERY PKY, SUITE 101",LAFAYETTE,LA,70508,,(337) 993-1193,99,1,0,100,96,3,1,98,96,4,0,98,92,7,1,97,,1513,381,25,10/01/2024,09/30/2025
19C0001090,LASER AND CATARACT CENTER OF SHREVEPORT LLC,445 ASHLEY RIDGE BLVD,SHREVEPORT,LA,71106,,(318) 869-1130,97,3,0,98,88,9,3,92,90,9,1,96,89,9,2,95,3,948,303,32,10/01/2024,09/30/2025
19C0001091,RIVERPARK AMBULATORY SURGERY CENTER,107 FRONT ST,VIDALIA,LA,71373,,(318) 336-2218,,,,,,,,,,,,,,,,,1,,,,,
19C0001097,SUMMIT SURGERY CENTER LLC,"7015 HWY 190 E. SERVICE RD., STE 101-B",COVINGTON,LA,70433,,(985) 809-1997,100,0,0,100,94,5,1,96,99,1,0,99,98,2,0,99,"3,6",270,55,21,10/01/2024,09/30/2025
19C0001098,NOVAMED SURGERY CENTER OF BATON ROUGE LLC,8748 BLUEBONNET BLVD,BATON ROUGE,LA,70810,,(225) 329-2900,98,2,0,99,95,4,1,97,94,4,2,97,93,7,0,97,3,1416,212,15,10/01/2024,09/30/2025
19C0001099,ALLIANCE SURGERY CENTER LLC,3717 HOUMA BLVD STE 200,METAIRIE,LA,70006,,(504) 885-7676,99,1,0,99,97,2,1,98,93,5,2,97,93,3,4,96,3,1015,232,23,10/01/2024,09/30/2025
19C0001103,JEFFERSON AMBULATORY SURGERY CENTER LLC,2701 LAKE VILLA DR,METAIRIE,LA,70002,,(504) 274-3100,98,2,0,99,96,3,1,98,94,5,1,97,90,8,2,96,3,844,260,31,10/01/2024,09/30/2025
19C0001104,NORTHSHORE SURGICAL CENTER LLC,71207 HWY 21 SUITE B,COVINGTON,LA,70433,,(985) 867-5310,,,,,,,,,,,,,,,,,1,,,,,
19C0001105,ARKLAMISS SURGERY CENTER LLC,210 LAYTON AVE SUITE 10,MONROE,LA,71201,,(318) 807-0206,97,3,0,98,83,11,6,89,79,19,2,94,86,12,2,95,3,950,269,28,10/01/2024,09/30/2025
19C0001109,CHRISTUS CABRINI SURGERY CENTER LLC,3436 MASONIC DR.,ALEXANDRIA,LA,71301,,(318) 427-6500,99,1,0,99,96,3,1,98,93,7,0,97,94,5,1,97,,785,213,27,10/01/2024,09/30/2025
19C0001110,BAYOU REGION SURGICAL CENTER,604 NORTH ACADIA RD SUITE 300,THIBODAUX,LA,70301,,(985) 449-1244,97,3,0,98,93,6,1,96,91,7,2,96,92,7,1,97,,1054,333,32,10/01/2024,09/30/2025
19C0001111,GULF COAST SURGICAL CENTER,402 DUNN ST,HOUMA,LA,70360,,(985) 572-1661,98,2,0,99,90,9,1,95,91,8,1,96,89,10,1,96,3,1222,303,25,10/01/2024,09/30/2025
19C0001113,OLOL PONTCHARTRAIN SURG CTR DBA OUR LADY OF THE LAKE PONTCHARTRAIN SURG CTR,4407 HIGHWAY 190 EAST SERVICE ROAD SUITE 200,COVINGTON,LA,70433,,(985) 234-9700,99,1,0,99,96,3,1,98,95,3,2,96,90,8,2,95,3,725,225,31,10/01/2024,09/30/2025
19C0001114,ONE DAY SURGERY LLC,531-B JEFFERSON TERRACE BLVD,NEW IBERIA,LA,70560,,(337) 560-1977,,,,,,,,,,,,,,,,,1,,,,,
19C0001115,ADVANCED SURGICAL CARE OF BATON ROUGE LLC,7310 PERKINS RD,BATON ROUGE,LA,70808,,(225) 236-3100,98,2,0,99,96,3,1,98,95,5,0,97,92,6,2,96,,1144,234,20,10/01/2024,09/30/2025
19C0001116,IMPERIAL CALCASIEU SURGICAL CENTER,1757 IMPERIAL BLVD,LAKE CHARLES,LA,70605,,(337) 310-2832,98,2,0,99,93,6,1,96,88,9,3,95,94,6,0,98,"3,6",688,96,14,10/01/2024,09/30/2025
19C0001119,CHRISTUS SURGERY CENTER VILLAGES LLC DBA CHRISTUS SURGERY CENTER SHREVEPORT,385 BERT KOUNS INDUSTRIAL LOOP SUITE 300,SHREVEPORT,LA,71106,,(318) 212-0552,97,3,0,98,92,7,1,95,93,5,2,97,91,9,0,97,3,548,107,20,10/01/2024,09/30/2025
19C0001121,WEST BANK SURGERY CENTER LLC,3704 LAPALCO BLVD.,HARVEY,LA,70058,,(504) 207-5320,98,2,0,99,94,5,1,97,95,4,1,97,91,8,1,96,,1733,554,32,10/01/2024,09/30/2025
19C0001122,NORTHSHORE AMBULATORY SURGERY CENTER LLC,17174 SOUTH I-12 SERVICE RD,HAMMOND,LA,70403,,(985) 375-1120,98,2,0,99,92,6,2,95,88,7,5,94,86,11,3,94,"3,6",371,73,21,10/01/2024,09/30/2025
19C0001123,RED RIVER SURGERY CENTER,708 NORTH ASHLEY RIDGE LOOP BUILDING 400,SHREVEPORT,LA,71106,,(318) 698-7008,98,2,0,99,92,6,2,95,91,7,2,96,88,9,3,94,,3567,884,25,10/01/2024,09/30/2025
19C0001126,INSIGHT GROUP LLC,694 BELLE TERRE BLVD,LA PLACE,LA,70068,,(985) 359-6694,98,2,0,99,96,3,1,98,95,4,1,98,90,8,2,96,3,523,132,25,10/01/2024,09/30/2025
19C0001129,ADVANCED SURGERY CENTER OF METAIRIE LLC,720 VETERANS MEMORIAL BLVD SUITE 100,METAIRIE,LA,70005,,(504) 293-4953,94,5,1,96,89,9,2,94,82,14,4,93,76,21,3,91,,844,177,21,10/01/2024,09/30/2025
19C0001130,ADVANCED SURGERY CENTER OF NORTHERN LOUISIANA LLC,1601 LOUISVILLE AVE,MONROE,LA,71201,,(318) 998-5555,96,4,0,98,93,5,2,95,89,10,1,96,89,9,2,95,,811,238,29,10/01/2024,09/30/2025
19C0001131,CRESCENT VIEW SURGERY CENTER LLC,"3434 HOUMA BLVD, STE. 300",METAIRIE,LA,70006,,(504) 609-2330,96,4,0,98,92,7,1,95,90,4,6,93,87,6,7,92,3,926,148,16,10/01/2024,09/30/2025
19C0001132,VIVERE HEALTH NEW ORLEANS LLC DBA VIVERE AUDUBON SURGERY CENTER,2701 NAPOLEON AVENUE,NEW ORLEANS,LA,70115,,(504) 267-2805,97,2,1,98,95,4,1,97,91,7,2,96,87,10,3,94,,860,196,23,10/01/2024,09/30/2025
19C0001134,ALEXANDRIA HEART AND VASCULAR CENTER,224 PECAN PARK AVE,ALEXANDRIA,LA,71303,,(318) 704-7168,,,,,,,,,,,,,,,,,1,,,,,
19C0001135,CARDIOVASCULAR OUTPATIENT SURGERY CENTER OF SOUTHWEST LOUISIANA,401 DOCTOR MICHAEL DEBAKEY DR SUITE 310,LAKE CHARLES,LA,70601,,(337) 602-9991,99,1,0,100,96,3,1,97,95,4,1,98,94,4,2,97,3,438,159,36,10/01/2024,09/30/2025
19C0001137,NORTHERN LOUISIANA CARDIAC SERVICES DBA ADVANCED HEART AND VASCULAR CENTER,1453 EAST BERT KOUNS INDUSTRIAL LOOP SUITE 220,SHREVEPORT,LA,71106,,(318) 629-3170,98,2,0,99,92,6,2,95,94,5,1,97,91,7,2,96,3,559,109,20,10/01/2024,09/30/2025
19C0001139,BATON ROUGE VASCULAR ACCESS LLC,505 EAST AIRPORT AVENUE,BATON ROUGE,LA,70806,,(225) 769-2572,97,2,1,98,89,10,1,94,89,9,2,95,81,12,7,89,3,1357,136,10,10/01/2024,09/30/2025
19C0001141,PARK PLAZA SURGICAL SPECIALISTS,8731 PARK PLAZA DRIVE SUITE B,SHREVEPORT,LA,71105,,(000) 000-0000,97,3,0,99,92,6,2,95,92,6,2,96,87,10,3,94,3,1287,292,23,10/01/2024,09/30/2025
19C0001142,CARDIOVASCULAR INSTITUTE OF THE SOUTH ASC LLC,191 INNOVATION COURT SUITE B,GRAY,LA,70359,,(000) 000-0000,97,3,0,98,91,7,2,94,92,7,1,97,92,7,1,97,,954,268,29,10/01/2024,09/30/2025
19C0001143,SOUTHPARK SURGERY CENTER DBA CARDIOVASCULAR SURGERY CENTER,901 WILSON STREET SUITE A,LAFAYETTE,LA,70503,,(337) 534-0608,99,1,0,99,97,2,1,98,97,3,0,98,95,5,0,99,"3,6",198,58,31,10/01/2024,09/30/2025
19C0001144,CARDIOVASCULAR SPECIALTY CARE CENTER ASC LLC,71070 HIGHWAY 21,COVINGTON,LA,70433,,(985) 900-2321,,,,,,,,,,,,,,,,,1,,,,,
19C0001145,PINNACLE SURGERY CENTER,1234 PINNACLE PARKWAY,COVINGTON,LA,70433,,(985) 200-1213,97,3,0,99,93,6,1,96,93,6,1,97,83,11,6,91,3,981,255,26,10/01/2024,09/30/2025
19C0001146,SOUTHERN SURGICAL CENTER LLC,213 SERVICE ROAD SOUTHWEST,GRAY,LA,70359,,(985) 223-3132,99,1,0,99,96,3,1,97,96,4,0,98,95,4,1,98,3,751,210,28,10/01/2024,09/30/2025
19C0001147,SSL ENDOSCOPY CENTER LLC DBA AVALA SURGERY CENTER,3100 GALLERIA DRIVE SUITE 305,METAIRIE,LA,70001,,(504) 699-7690,98,2,0,99,98,2,0,99,93,6,1,97,90,8,2,95,,777,217,28,10/01/2024,09/30/2025
19C0001148,SPINE CENTER OF EXCELLENCE LLC,411 COLEMAN AVENUE SUITE 102,BOSSIER CITY,LA,71111,,(318) 585-2000,98,2,0,99,90,8,2,94,91,7,2,96,89,10,1,96,,1292,291,23,10/01/2024,09/30/2025
19C0001149,JOINT REPLACEMENT CENTER OF LOUISIANA,5150 ROBOTICS LANE,LAKE CHARLES,LA,70605,,(337) 214-2900,97,2,1,98,95,4,1,97,93,5,2,97,91,9,0,97,3,703,215,31,10/01/2024,09/30/2025
19C0001151,CAPITAL SURGERY CENTER LLC,8250 PICARDY AVENUE,BATON ROUGE,LA,70809,,(225) 448-0190,99,1,0,100,95,4,1,97,96,2,2,98,94,5,1,97,3,756,170,22,10/01/2024,09/30/2025
20C0001000,MAINE EYE CENTER PA,15 LOWELL ST,PORTLAND,ME,04102,,(207) 523-5306,98,2,0,99,94,5,1,97,93,5,2,96,93,5,2,97,,769,346,45,10/01/2024,09/30/2025
20C0001001,WESTERN AVENUE DAY SURGERY CENTER DBA DIVISION OF PLASTIC AND HAND SURGICAL ASSOC,244 WESTERN AVE,SOUTH PORTLAND,ME,04106,,(207) 775-3446,98,1,1,99,93,6,1,96,89,10,1,96,92,7,1,97,3,867,265,31,10/01/2024,09/30/2025
20C0001002,EYECARE MEDICAL GROUP,53 SEWALL ST,PORTLAND,ME,04102,,(207) 828-2020,98,2,0,99,93,5,2,96,90,8,2,96,89,8,3,95,3,2242,909,41,10/01/2024,09/30/2025
20C0001003,PORTLAND ENDOSCOPY CENTER,161 MARGINAL WAY,PORTLAND,ME,04102,,(207) 773-7964,99,1,0,99,88,10,2,93,89,8,3,95,89,8,3,94,3,605,165,27,10/01/2024,09/30/2025
20C0001005,VISION CARE OF MAINE AROOSTOOK LLC,173 ACADEMY ST.,PRESQUE ISLE,ME,04769,,(207) 764-0376,98,2,0,99,95,4,1,97,88,11,1,96,96,4,0,99,"3,6",296,69,24,10/01/2024,09/30/2025
20C0001006,OA ASC LLC,33 SEWALL STREET,PORTLAND,ME,04102,,(207) 828-2101,97,2,1,98,95,4,1,97,85,12,3,95,89,8,3,95,3,873,177,20,10/01/2024,09/30/2025
20C0001007,ACADIA MEDICAL ARTS AMBULATORY SURGICAL SUITE,"404 STATE ST, SUITE 200",BANGOR,ME,04401,,(207) 433-7039,99,1,0,99,97,2,1,98,98,1,1,98,97,2,1,98,,946,385,41,10/01/2024,09/30/2025
20C0001011,CENTRAL MAINE EYE SURGERY CENTER LLC DBA WOLF EYE ASSOCIATES PA,249 MAIN STREET,LEWISTON,ME,04240,,(207) 783-9653,98,2,0,99,94,6,0,97,85,12,3,94,88,8,4,93,3,220,105,48,10/01/2024,09/30/2025
20C0001012,INTERMED PA DBA GENERATIONS,84 MARGINAL WAY SUITE 1000,PORTLAND,ME,04101,,(207) 347-2898,99,1,0,100,96,3,1,98,94,5,1,97,92,7,1,97,,1656,434,26,10/01/2024,09/30/2025
20C0001013,VISION CARE OF MAINE LLC,1 RIDGEWOOD DR,BANGOR,ME,04401,,(207) 945-6200,97,3,0,98,81,13,6,88,81,17,2,93,85,15,0,95,"3,6",643,81,13,10/01/2024,09/30/2025
20C0001016,MAINE EYE CARE ASSOCIATES,325 A KENNEDY MEMORIAL DR,WATERVILLE,ME,04901,,(207) 873-2731,99,1,0,99,93,5,2,96,95,3,2,97,90,8,2,95,3,763,197,26,10/01/2024,09/30/2025
20C0001020,CESC LLC DBA COASTAL EYE SURGERY CENTER,128 BUCKSPORT ROAD SUITE A,ELLSWORTH,ME,04605,,(207) 667-6300,95,5,0,98,94,5,1,97,90,8,2,96,92,7,1,97,3,443,184,42,10/01/2024,09/30/2025
20C0001021,BANGOR EYE SURGERY PA,900 A HAMMOND ST,BANGOR,ME,04401,,(207) 947-6743,96,3,1,98,91,8,1,95,91,7,2,96,89,9,2,95,"3,6",200,95,48,10/01/2024,09/30/2025
21C0001007,THE CENTER FOR AESTHETIC SURGERY LLC,"314 WEST CARROLL ST, SUITE 2",SALISBURY,MD,21801,,(410) 546-2375,95,4,1,97,88,8,4,92,90,5,5,94,87,7,6,93,"3,6",465,88,19,10/01/2024,09/30/2025
21C0001008,MONTGOMERY SURGERY CENTER LIMITED PARTNERSHIP,46 WEST GUDE DR,ROCKVILLE,MD,20850,,(301) 424-6901,98,2,0,99,94,5,1,96,94,5,1,96,90,7,3,94,3,850,249,29,10/01/2024,09/30/2025
21C0001009,ARTURO BETANCOURT MD PA DBA BALTIMORE WASHINGTON EYE CENTER,200 HOSPITAL DRIVE SUITE 600,GLEN BURNIE,MD,21061,,(410) 761-7118,97,3,0,98,94,5,1,96,84,12,4,94,87,12,1,95,3,419,115,28,10/01/2024,09/30/2025
21C0001029,THE SURGICAL CENTER OF GREATER ANNAPOLIS INC,83 CHURCH RD,ARNOLD,MD,21012,,(410) 757-5019,99,1,0,100,92,7,1,95,95,5,0,98,94,5,1,98,3,532,113,21,10/01/2024,09/30/2025
21C0001035,JAMES P THOMPSON MD PA DBA MIDSHORE SURGICAL EYE CENTER,8420 OCEAN GATEWAY,EASTON,MD,21601,,(410) 822-0424,98,2,0,99,94,6,0,97,93,5,2,96,90,5,5,94,3,466,180,39,10/01/2024,09/30/2025
21C0001039,FREDERICK SURGICAL CENTER,45 THOMPAS JOHNSON DR SUITE 207,FREDERICK,MD,21702,,(301) 644-1334,99,1,0,100,97,3,0,98,94,5,1,97,93,7,0,97,,1209,366,30,10/01/2024,09/30/2025
21C0001043,KAISER FOUNDATION HEALTH PLAN OF THE MID-ATLANTIC STATES INC.,10810 CONNECTICUT AVE,KENSINGTON,MD,20895,,(301) 816-7284,98,2,0,99,95,4,1,97,90,8,2,96,87,9,4,93,,2137,784,37,10/01/2024,09/30/2025
21C0001060,PENINSULA EYE CENTER PA,101 MILFORD ST,SALISBURY,MD,21804,,(410) 749-9290,96,4,0,98,92,7,1,95,86,11,3,94,88,9,3,95,3,607,128,22,10/01/2024,09/30/2025
21C0001062,WALDORF ENDOSCOPY CENTER,3510 OLD WASHINGTON RD SUITE 200,WALDORF,MD,20602,,(301) 638-5354,98,2,0,99,94,5,1,97,92,6,2,96,89,8,3,94,,2086,603,29,10/01/2024,09/30/2025
21C0001063,CLINICAL ASSOCIATES PA DBA CLINICAL ASSOCIATES ASC,515 FAIRMOUNT AVE SUITE 100A,TOWSON,MD,21286,,(410) 494-1315,,,,,,,,,,,,,,,,,1,,,,,
21C0001065,THE MARYLAND CENTER FOR DIGESTIVE HEALTH LLC,"820 BESTGATE RD, 1A",ANNAPOLIS,MD,21401,,(410) 224-2116,95,4,1,97,85,11,4,91,83,14,3,93,84,15,1,94,,1711,388,23,10/01/2024,09/30/2025
21C0001068,ENDOCENTRE OF BALTIMORE,1838 GREENE TREE RD,BALTIMORE,MD,21208,,(410) 602-7782,96,4,0,98,92,7,1,95,91,7,2,96,89,9,2,95,,1862,470,25,10/01/2024,09/30/2025
21C0001078,BEL AIR AMBULATORY SURGICAL CENTER LLC,2007 ROCK SPRING RD,FOREST HILL,MD,21050,,(410) 879-2474,95,5,0,98,78,16,6,86,90,10,0,96,71,29,0,90,"3,10",160,25,16,10/01/2024,09/30/2025
21C0001082,SUMMIT AMBULATORY SURGICAL CENTER LLC,12435 PARK POTOMAC AVENUE SUITE 410,ROCKVILLE,MD,20854,,(301) 309-82,96,4,0,98,89,9,2,94,86,13,1,94,83,16,1,94,,1339,317,24,10/01/2024,09/30/2025
21C0001099,AMBULATORY ENDOSCOPY CENTER OF MARYLAND,7350 VAN DUSEN RD. STE. 230,LAUREL,MD,20707,,(301) 498-5500,96,4,0,98,93,6,1,96,86,13,1,95,86,11,3,94,,1587,395,25,10/01/2024,09/30/2025
21C0001126,HARFORD ENDOSCOPY CENTER,2214 OLD EMMORTON RD SUITE 100,BEL AIR,MD,21015,,(410) 838-6345,99,1,0,99,97,3,0,98,96,3,1,98,95,3,2,97,,1916,679,35,10/01/2024,09/30/2025
21C0001131,THE FRIENDSHIP AMBULATORY SURGERY CENTER,5550 FRIENDSHIP BLVD #270,CHEVY CHASE,MD,20815,,(301) 215-7347,97,3,0,98,91,7,2,94,88,10,2,94,85,14,1,94,3,1238,259,21,10/01/2024,09/30/2025
21C0001139,THE EYE SURGERY CENTER LLC,8905 FAIRVIEW RD SUITE 100,SILVER SPRING,MD,20910,,(301) 588-8300,97,3,0,98,94,5,1,97,89,10,1,95,86,11,3,94,,943,326,35,10/01/2024,09/30/2025
21C0001140,MARYLAND ENDOSCOPY CENTER LLC,"100 WEST RD, SUITE 115",TOWSON,MD,21204,,(410) 494-0144,96,4,0,98,93,6,1,96,89,10,1,95,87,11,2,94,,2255,619,27,10/01/2024,09/30/2025
21C0001142,COLUMBIA UROLOGICAL SURGICAL CENTER LLC,"10710 CHARTER DR, STE 140",COLUMBIA,MD,21044,,(410) 772-7019,98,2,0,99,93,6,1,96,86,13,1,94,86,13,1,95,,1143,214,19,10/01/2024,09/30/2025
21C0001145,JOHNS HOPKINS SURGERY CENTER SERIES DBA LUTHERVILLE SURGERY CENTER,10755 FALLS ROAD SUITE 110 B,LUTHERVILLE,MD,21093,,(000) 000-0000,98,2,0,99,95,4,1,97,92,7,1,97,92,5,3,96,,1128,457,41,10/01/2024,09/30/2025
21C0001152,SUMMIT AMBULATORY SURGICAL CENTER LLC,"6820 HOSPITAL DR., # 200",BALTIMORE,MD,21237,,(410) 391-6131,96,3,1,97,90,7,3,94,85,11,4,93,82,14,4,92,,1222,264,22,10/01/2024,09/30/2025
21C0001159,BALTIMORE AMBULATORY CENTER FOR ENDOSCOPY,"19 FONTANA LN, STE. 104",BALTIMORE,MD,21237,,(410) 574-7776,99,1,0,99,97,2,1,98,91,7,2,96,93,5,2,97,3,841,264,31,10/01/2024,09/30/2025
21C0001160,GASTROINTESTINAL DIAGNOSTIC CENTER,700 GEIPE RD SUITE 220,CATONVILLE,MD,21228,,(410) 242-3636,99,1,0,99,94,5,1,96,94,5,1,97,91,7,2,96,,1890,539,29,10/01/2024,09/30/2025
21C0001161,DULANEY EYE INSTITUTE,901 DULANEY VALLEY RD SUITE 220,TOWSON,MD,21204,,(410) 583-1000,99,1,0,99,93,5,2,96,91,8,1,96,88,9,3,94,,661,233,35,10/01/2024,09/30/2025
21C0001168,SUMMIT AMBULATORY SURGICAL CENTER LLC,"3407 WILKENS AVE., # 200",BALTIMORE,MD,21229,,(410) 644-0929,96,3,1,98,93,6,1,96,84,14,2,93,77,20,3,90,,982,224,23,10/01/2024,09/30/2025
21C0001177,SILVER SPRING OPHTHALMOLOGY LLC,8630 FENTON ST #800,SILVER SPRING,MD,20910,,(301) 585-8880,93,7,0,96,86,10,4,91,85,11,4,93,84,12,4,93,"3,6",589,74,13,10/01/2024,09/30/2025
21C0001185,PINEY ORCHARD SURGERY CENTER LLC,1132 ANNAPOLIS RD. #103,ODENTON,MD,21113,,(410) 674-0020,93,6,1,96,92,5,3,95,86,8,6,92,78,12,10,87,"3,10",176,33,19,10/01/2024,09/30/2025
21C0001186,TOWSON SURGICAL CENTER LLC,1122 KENILWORTH DR SUITE 17,TOWSON,MD,21204,,(410) 337-0022,97,2,1,98,92,7,1,96,86,12,2,95,84,13,3,93,,962,256,27,10/01/2024,09/30/2025
21C0001187,NORTHERN BALTIMORE SURGERY CENTER LLC,110 WEST RD #229,TOWSON,MD,21204,,(410) 825-3131,95,5,0,97,91,7,2,95,81,16,3,94,87,10,3,95,"3,6",592,55,9,10/01/2024,09/30/2025
21C0001190,SUMMIT AMBULATORY SURGICAL CENTER LLC,"21 CROSSROADS DR., # 450",OWINGS MILLS,MD,21117,,(410) 581-8140,95,4,1,97,91,7,2,95,88,9,3,94,84,13,3,93,,1151,245,21,10/01/2024,09/30/2025
21C0001192,GASTROINTESTINAL ENDOSCOPY ASSOCIATES LLC,15005 SHADY GROVE RD SUITE 200,ROCKVILLE,MD,20850,,(301) 340-8099,98,2,0,99,95,4,1,97,91,7,2,96,91,7,2,96,,1312,375,29,10/01/2024,09/30/2025
21C0001208,ANNE ARUNDEL DIGESTIVE CENTER,8028 RITCHIE HWY STE. 142,PASADENA,MD,21122,,(410) 766-1012,98,2,0,99,90,8,2,94,82,16,2,94,87,8,5,94,"3,6",1318,52,4,10/01/2024,09/30/2025
21C0001226,ENDOSCOPIC SURGICAL CENTRE OF MARYLAND,10801 LOCKWOOD DR SUITE 110,SILVER SPRING,MD,20901,,(301) 593-5110,97,3,0,98,94,5,1,97,90,9,1,95,89,9,2,95,,1795,526,29,10/01/2024,09/30/2025
21C0001235,ANNE ARUNDEL UROLOGICAL SURGERY CENTER,600 RIDGELY AVE SUITE 130,ANNAPOLIS,MD,21401,,(410) 266-8049,97,2,1,98,91,5,4,94,87,12,1,95,84,14,2,94,"3,6",308,96,32,10/01/2024,09/30/2025
21C0001236,SURGERY CENTER OF EASTON LP,"510 IDLEWILD AVE, SUITE 110",EASTON,MD,21601,,(410) 820-4470,98,2,0,99,96,3,1,98,94,4,2,97,93,4,3,96,3,616,222,36,10/01/2024,09/30/2025
21C0001244,FREDERICK ENDOSCOPY CENTER LLC,"7115 GUILFORD DR, SUITE 201",FREDERICK,MD,21704,,(301) 952-6261,98,2,0,99,95,4,1,97,93,7,0,97,92,6,2,96,3,681,217,32,10/01/2024,09/30/2025
21C0001247,SUMMIT AMBULATORY SURGICAL CENTER LLC,"6535 N. CHARLES ST., # 625",BALTIMORE,MD,21204,,(410) 825-5454,96,3,1,98,91,7,2,94,87,11,2,95,83,14,3,93,,1357,321,24,10/01/2024,09/30/2025
21C0001251,CHEVY CHASE ENDOSCOPY CENTER,"5530 WISCONSIN AVE, SUITE 500",CHEVY CHASE,MD,20815,,(301) 654-8020,98,2,0,99,89,7,4,93,90,9,1,94,83,15,2,93,6,420,98,23,10/01/2024,09/30/2025
21C0001262,AMBULATORY UROLOGY SURGICAL CENTER LLC,12234 WILLIAMS RD,CUMBERLAND,MD,21502,,(301) 724-0132,97,3,0,99,95,4,1,98,90,9,1,96,90,9,1,96,,563,232,41,10/01/2024,09/30/2025
21C0001269,NISENFELD AND CHILTON MD PA,86 THOMAS JOHNSON CT,FREDERICK,MD,21702,,(301) 694-8311,99,1,0,99,95,4,1,97,88,11,1,95,89,8,3,95,"3,6",541,72,13,10/01/2024,09/30/2025
21C0001273,RUXTON SURGICENTER LLC,8322 BELLONA AVE,TOWSON,MD,21204,,(410) 337-2688,99,1,0,99,95,3,2,97,93,6,1,97,91,7,2,96,3,962,346,36,10/01/2024,09/30/2025
21C0001277,DELMAR SURGICAL CENTER LLC,"103 CHESAPEAKE BLVD., SUITE C",ELKTON,MD,21921,,(410) 392-6133,,,,,,,,,,,,,,,,,1,,,,,
21C0001278,KIRURGS LLC,940 SETON DR.,CUMBERLAND,MD,21502,,(301) 777-3970,96,3,1,98,83,11,6,89,81,13,6,92,80,18,2,92,3,401,111,28,10/01/2024,09/30/2025
21C0001281,SURGERY CENTER OF CHEVY CHASE,"5530 WISCONSIN AVE, SUITE 1620",CHEVY CHASE,MD,20815,,(301) 718-9800,95,5,0,97,92,7,1,95,84,15,1,94,83,15,2,93,,906,168,19,10/01/2024,09/30/2025
21C0001297,SUMMIT AMBULATORY SURGICAL CENTER LLC,"3333 N. CALVERT ST., # 600",BALTIMORE,MD,21218,,(410) 467-7665,98,2,0,99,88,11,1,94,88,10,2,94,86,14,0,95,6,563,89,16,10/01/2024,09/30/2025
21C0001302,LUTHERVILLE SURGICENTER LLC,1400 FRONT AVE SUITE 100A,LUTHERVILLE,MD,21093,,(410) 828-1525,96,4,0,98,93,4,3,95,90,10,0,96,89,11,0,96,"3,10",123,44,36,10/01/2024,09/30/2025
21C0001324,ASC DEVELOPMENT COMPANY LLC,1838 GREENE TREE RD. STE 150,PIKESVILLE,MD,21208,,(301) 665-9696,84,13,3,90,65,27,8,79,66,18,16,85,60,27,13,81,"3,6",354,61,17,10/01/2024,09/30/2025
21C0001333,MARYLAND EYE SURGERY CENTER LLC,800 PRINCE FREDERICK BLVD,PRINCE FREDERICK,MD,20678,,(410) 535-2270,98,1,1,98,93,5,2,96,90,8,2,96,90,8,2,96,,690,187,27,10/01/2024,09/30/2025
21C0001340,ANDOCHICK SURGICAL CENTER LLC,81 THOMAS JOHNSON CT STE. B,FREDERICK,MD,21702,,(240) 215-3070,98,2,0,99,91,8,1,95,88,10,2,95,85,14,1,94,3,608,218,36,10/01/2024,09/30/2025
21C0001342,HOWARD COUNTY GASTROINTESTINAL DIAGNOSTIC CTR LLC,"10710 CHARTER DR, STE. 120",COLUMBIA,MD,21044,,(410) 772-7345,97,3,0,98,91,7,2,95,86,12,2,94,88,11,1,96,,939,208,22,10/01/2024,09/30/2025
21C0001345,SOUTHERN MARYLAND ENDOSCOPY CENTER LLC,7700 OLD BRANCH AVE SUITE A101,CLINTON,MD,20735,,(301) 877-4140,98,2,0,99,91,6,3,94,92,7,1,96,86,13,1,95,,957,174,18,10/01/2024,09/30/2025
21C0001347,MARYLAND SURGERY CENTER,11400 ROCKVILLE PIKE C-25,ROCKVILLE,MD,20852,,(301) 770-8700,98,2,0,99,92,7,1,96,82,17,1,94,81,17,2,92,,1796,384,21,10/01/2024,09/30/2025
21C0001351,JOHNS HOPKINS SCS,6420 ROCKLEDGE DR SUITE 2100,BETHESDA,MD,20817,,(443) 442-2700,98,2,0,99,94,5,1,97,95,4,1,96,89,7,4,94,,1612,478,30,10/01/2024,09/30/2025
21C0001355,AZAR EYE SURGERY CENTER LLC,31519 WINTERPLACE PARKWAY SUITE 1,SALISBURY,MD,21804,,(410) 546-2500,99,1,0,99,97,2,1,98,96,2,2,97,97,2,1,98,,505,236,47,10/01/2024,09/30/2025
21C0001358,CHESAPEAKE EYE SURGERY CENTER LLC,2002 MEDICAL PKWY SUITE 330,ANNAPOLIS,MD,21401,,(410) 571-9881,96,3,1,98,92,6,2,95,89,8,3,95,90,7,3,95,,637,161,25,10/01/2024,09/30/2025
21C0001360,ANNAPOLIS ENT SURGICAL CENTER LLC,2002 MEDICAL PARKWAY SUITE 150,ANNAPOLIS,MD,21401,,(410) 266-6267,98,2,0,99,94,5,1,97,95,5,0,98,95,4,1,98,,695,148,21,10/01/2024,09/30/2025
21C0001362,SUMMIT AMBULATORY SURGICAL CENTER LLC,"18109 PRICE PHILIP DR., # 270",SILVER SPRING,MD,20906,,(301) 774-2525,98,2,0,99,90,8,2,94,84,16,0,94,81,18,1,93,,1188,230,19,10/01/2024,09/30/2025
21C0001367,KENILWORTH SURGERY CENTER LLC,"1104 KENILWORTH DR., STE. 201",TOWSON,MD,21204,,(443) 279-0340,98,2,0,99,87,10,3,92,91,9,0,97,93,5,2,97,"3,6",168,82,49,10/01/2024,09/30/2025
21C0001368,ENDOSCOPIC SURGICAL CENTER OF MARYLAND-NORTH,15005 SHADY GROVE RD SUITE 300,ROCKVILLE,MD,20850,,(301) 762-1280,98,2,0,99,95,4,1,97,89,9,2,95,89,9,2,95,,1852,588,32,10/01/2024,09/30/2025
21C0001372,ASC DEVELOPMENT COMPANY LLC,1150 PROFESSIONAL CT STE P,HAGERSTOWN,MD,21740,,(301) 665-9696,92,7,1,96,84,12,4,90,76,20,4,91,72,26,2,90,3,633,159,25,10/01/2024,09/30/2025
21C0001377,ENDOCENTRE AT QUARTERFIELD STATION,7704 QUARTERFIELD RD SUTIE A,GLEN BURNIE,MD,21060,,(410) 863-4899,99,1,0,99,94,5,1,96,94,5,1,97,92,6,2,96,,2004,536,27,10/01/2024,09/30/2025
21C0001379,GREENBELT AMBULATORY SURGERY LP,7809 BELLE POINT DRIVE,GREENBELT,MD,20770,,(301) 770-3334,92,4,4,94,89,6,5,92,78,14,8,89,74,18,8,87,"3,6",298,60,20,10/01/2024,09/30/2025
21C0001380,CUMBERLAND VALLEY SURGERY CENTER,"1110 PROFESSIONAL CT, STE. 100",HAGERSTOWN,MD,21740,,(240) 420-5559,98,1,1,98,95,4,1,97,90,8,2,96,89,8,3,95,,1550,499,32,10/01/2024,09/30/2025
21C0001385,ENDOSCOPY CENTER OF NORTH BALTIMORE,1220 EAST JOPPA RD SUITE A508,TOWNSON,MD,21286,,(410) 296-4415,98,2,0,99,87,10,3,92,89,8,3,95,85,12,3,93,3,947,160,17,10/01/2024,09/30/2025
21C0001391,CAPITAL ENDOSCOPY LLC,6475 NEW HAMPSHIRE AVE STE 150,HYATTSVILLE,MD,20783,,(301) 270-0022,97,3,0,98,94,5,1,96,85,12,3,94,79,18,3,92,3,3713,487,13,10/01/2024,09/30/2025
21C0001394,CARROLL COUNTY EYE SURGERY CENTER LLC,"410 MALCOLM DR, SUITE B",WESTMINSTER,MD,21157,,(410) 871-3438,98,2,0,99,90,9,1,95,89,10,1,96,89,10,1,96,,642,159,25,10/01/2024,09/30/2025
21C0001395,LUTHERVILLE ENDOSCOPY CENTER LLC,1300 A BELLONA AVE,LUTHERVILLE,MD,21093,,(410) 821-1900,97,3,0,99,94,5,1,97,88,10,2,95,86,12,2,94,3,1435,241,17,10/01/2024,09/30/2025
21C0001396,ASC DEVELOPMENT COMPANY LLC,1600 CRAIN HWY STE 301,GLEN BURNIE,MD,21061,,(301) 665-9696,95,5,0,97,85,11,4,90,82,14,4,93,84,12,4,93,3,481,115,24,10/01/2024,09/30/2025
21C0001398,COURT ENDOSCOPY CENTER OF FREDERICK INC,85 THOMAS JOHNSON CT. STE. E,FREDERICK,MD,21702,,(301) 668-1600,99,1,0,99,94,4,2,96,86,14,0,94,85,15,0,95,"3,10",197,49,25,10/01/2024,09/30/2025
21C0001399,CAPITOL SURGICAL CENTER LLC,6410 ROCKLEDGE DR. STE. 110,BETHESDA,MD,20817,,(301) 530-7303,98,1,1,99,92,6,2,96,88,11,1,96,87,12,1,96,,548,143,26,10/01/2024,09/30/2025
21C0001400,ADVANCED SURGERY CENTER LLC,10110 MOLECULAR DR SUITE 100,ROCKVILLE,MD,20850,,(301) 838-0437,98,2,0,99,94,5,1,97,85,14,1,92,73,26,1,91,3,1147,190,17,10/01/2024,09/30/2025
21C0001402,MECHANICSVILLE AMBULATORY SURGERY CENTER LLC,28227 THREE NOTCH RD.,MECHANICSVILLE,MD,20659,,(301) 884-8161,99,1,0,100,96,4,0,98,96,4,0,97,85,14,1,95,"3,6",644,52,8,10/01/2024,09/30/2025
21C0001403,BALTIMORE EYE SURGICAL CENTER LLC,6231 N. CHARLES ST,BALTIMORE,MD,21212,,(410) 377-5821,98,2,0,99,92,7,1,96,88,11,1,96,87,12,1,95,,667,181,28,10/01/2024,09/30/2025
21C0001406,ROCKVILLE EYE SURGERY CENTER LLC,4818 DEL RAY AVE.,BETHESDA,MD,20814,,(301) 657-8200,94,5,1,97,88,10,2,93,80,17,3,93,81,16,3,92,3,902,273,30,10/01/2024,09/30/2025
21C0001409,MASSACHUSETTS AVE SURGERY CENTER,6400 GOLDSBORO RD SUITE 400,BETHESDA,MD,20817,,(301) 263-0800,98,2,0,99,93,6,1,96,91,8,1,95,87,11,2,95,3,1125,251,22,10/01/2024,09/30/2025
21C0001416,SNOWDEN RIVER SURGERY CENTER LLC,6011 UNIVERSITY BLVD SUITE 190,ELLICOTT CITY,MD,21043,,(410) 461-0960,99,1,0,99,93,6,1,96,93,6,1,97,92,6,2,96,,601,227,38,10/01/2024,09/30/2025
21C0001421,SUMMIT AMBULATORY SURGICAL CENTER LLC,1111 MOUNT HERMON ROAD SUITE B,SALISBURY,MD,21804,,(410) 546-2133,97,2,1,98,92,7,1,95,84,12,4,93,84,12,4,93,,990,259,26,10/01/2024,09/30/2025
21C0001432,SEIDENBERG PROTZKO SURGERY CENTER LLC,1111 BEARDS HILLS RD. STE. 700,ABERDEEN,MD,21001,,(410) 273-9096,97,3,0,99,94,5,1,97,93,6,1,97,87,11,2,95,3,1001,281,28,10/01/2024,09/30/2025
21C0001436,ASC DEVELOPMENT COMPANY LLC,75 THOMAS JOHNSON DR. STE C,FREDERICK,MD,21702,,(301) 665-9696,92,7,1,95,82,11,7,87,75,18,7,89,74,18,8,88,3,524,109,21,10/01/2024,09/30/2025
21C0001438,PARKWAY SURGERY CENTER,17 WESTERN MARYLAND PARKWAY SUITE 102,HAGERSTOWN,MD,21740,,(240) 420-0192,99,1,0,100,93,6,1,96,96,4,0,98,92,6,2,96,3,636,216,34,10/01/2024,09/30/2025
21C0001440,ASC DEVELOPMENT COMPANY LLC,7120 MINSTREL WAY STE 106,COLUMBIA,MD,21045,,(301) 665-9696,96,3,1,98,92,6,2,95,86,13,1,94,83,15,2,93,3,730,143,20,10/01/2024,09/30/2025
21C0001443,GREENSPRING SURGERY CENTER,2700 QUARRY LAKE DR SUITE 100,BALTIMORE,MD,21209,,(410) 653-0077,99,0,1,99,97,3,0,99,94,5,1,97,91,6,3,95,3,468,164,35,10/01/2024,09/30/2025
21C0001445,SUMMIT AMBULATORY SURGICAL CENTER LLC,"21 CROSSROADS DR., # 220",OWINGS MILLS,MD,21117,,(410) 581-1600,97,3,0,99,95,4,1,97,89,7,4,94,87,11,2,95,,678,147,22,10/01/2024,09/30/2025
21C0001449,RIVA ROAD SURGICAL CENTER LLC,2635 RIVA RD STE. 118,ANNAPOLIS,MD,21401,,(410) 571-9595,96,4,0,98,91,8,1,95,89,10,1,96,88,11,1,96,,683,229,34,10/01/2024,09/30/2025
21C0001451,JOHNS HOPKINS SURGERY CENTERS SERIES DBA WHITE MARSH SURGERY CENTER SERIES,4924 CAMPBELL BLVD SUITE 250,NOTTINGHAM,MD,21236,,(443) 442-2700,99,1,0,99,95,4,1,97,95,4,1,97,91,6,3,95,,1817,564,31,10/01/2024,09/30/2025
21C0001458,ASC DEVELOPMENT COMPANY LLC,16900 SCIENCE DR. STE 100,BOWIE,MD,20715,,(301) 665-9696,97,2,1,98,87,7,6,91,78,18,4,93,88,9,3,95,"3,6",586,88,15,10/01/2024,09/30/2025
21C0001461,SUMMIT AMBULATORY SURGICAL CENTER LLC,"826 WASHINGTON RD., # 215",WESTMINSTER,MD,21157,,(410) 876-1633,98,2,0,99,94,5,1,97,93,7,0,97,93,6,1,97,,1024,267,26,10/01/2024,09/30/2025
21C0001465,THOMAS JOHNSON SURGERY CENTER,197 THOMAS JOHNSON DR,FREDERICK,MD,21702,,(301) 631-8331,99,1,0,99,93,5,2,96,91,7,2,96,89,8,3,94,3,1009,340,34,10/01/2024,09/30/2025
21C0001466,UPPER BAY SURGERY CENTER LLC,360 EAST PULASKI HWY SUITE 2A,ELKTON,MD,21921,,(410) 620-3348,98,2,0,99,94,5,1,97,89,10,1,96,88,10,2,95,,781,196,25,10/01/2024,09/30/2025
21C0001475,CASCADES ENDOSCOPY CENTER LLC,"7120 MINSTREL WAY, SUITE 100",COLUMBIA,MD,21045,,(410) 290-6677,96,4,0,98,92,5,3,94,91,6,3,94,90,8,2,95,3,750,117,16,10/01/2024,09/30/2025
21C0001476,SURGCENTER OF GLEN BURNIE LLC,308 HOSPITAL DR SUITE 102,GLEN BURNIE,MD,21061,,(410) 760-8100,97,3,0,98,90,8,2,94,85,12,3,94,84,15,1,94,,917,249,27,10/01/2024,09/30/2025
21C0001477,WESTMINSTER SURGERY CENTER,826 WASHINGTON RD STE 131,WESTMINSTER,MD,21157,,(410) 871-9440,98,2,0,99,94,6,0,97,93,7,0,97,91,8,1,97,,590,205,35,10/01/2024,09/30/2025
21C0001482,BERGMAN EYE SURGERY CENTER LLC,220 CHAMPION DR SUITE 101,HAGERSTOWN,MD,21740,,(301) 791-0888,96,3,1,98,88,9,3,93,88,6,6,94,85,11,4,93,,702,131,19,10/01/2024,09/30/2025
21C0001483,SURGCENTER OF BEL AIR,209 THOMAS ST,BEL AIR,MD,21014,,(410) 638-5523,97,2,1,98,94,4,2,96,92,7,1,95,86,12,2,94,3,736,169,23,10/01/2024,09/30/2025
21C0001484,HENDI AMBULATORY SURGERY CENTER,5454 WISCONSIN AVE SUITE 725,CHEVY CHASE,MD,20815,,(301) 986-1006,99,1,0,99,87,11,2,93,95,5,0,97,95,5,0,98,"3,6",322,54,17,10/01/2024,09/30/2025
21C0001488,ASC DEVELOPMENT COMPANY LLC,510 UPPER CHESAPEAKE DR. STE 415,BEL AIR,MD,21014,,(301) 665-9696,98,2,0,99,90,6,4,93,85,13,2,94,84,15,1,95,3,628,173,28,10/01/2024,09/30/2025
21C0001491,MAPLE LAWN SURGERY CENTER,7625 MAPLE LAWN BLVD STE. 110,FULTON,MD,20759,,(301) 490-5025,98,2,0,99,94,5,1,97,92,7,1,96,90,7,3,95,,874,226,26,10/01/2024,09/30/2025
21C0001492,HANOVER PARKWAY SURGERY CENTER LLC,7300 HANOVER DR SUITE 204,GREENBELT,MD,20770,,(301) 220-2333,,,,,,,,,,,,,,,,,1,,,,,
21C0001496,SUMMIT AMBULATORY SURGICAL CENTER LLC,"201 PLUMTREE RD.,  # 200",BEL AIR,MD,21015,,(410) 803-0089,98,2,0,99,94,5,1,97,84,15,1,95,88,11,1,95,,778,214,28,10/01/2024,09/30/2025
21C0001498,TIMONIUM SURGERY CENTER LLC,"1954 GREENSPRING DR, LL18",TIMONIUM,MD,21093,,(410) 560-3301,96,3,1,97,93,6,1,96,89,8,3,94,86,12,2,94,,1025,315,31,10/01/2024,09/30/2025
21C0001500,MARYLAND DIAGNOSTIC AND THERAPEUTIC ENDO CENTER LLC,"621 RIDGELY AVE, SUITE # 101",ANNAPOLIS,MD,21401,,(410) 224-3636,98,2,0,99,93,5,2,96,87,12,1,95,89,9,2,96,,829,163,20,10/01/2024,09/30/2025
21C0001502,PRINCE FREDERICK SURGERY CENTER LLC,70 SHERRY LANE SUITE 101,PRINCE FREDERICK,MD,20678,,(443) 486-4230,98,2,0,99,93,6,1,96,92,7,1,96,90,8,2,96,,961,283,30,10/01/2024,09/30/2025
21C0001503,UMM SHORE SURGERY CENTERS,6 CAULK LANE,EASTON,MD,21601,,(410) 822-5559,98,2,0,99,96,3,1,97,88,11,1,95,90,9,1,96,3,573,173,30,10/01/2024,09/30/2025
21C0001504,BAY SURGERY CENTERS KENT ISLAND,"120 SALLITT DR, SUITE D",STEVENSVILLE,MD,21666,,(410) 571-2946,95,5,0,98,82,15,3,90,79,16,5,92,83,13,4,93,"3,6",354,89,25,10/01/2024,09/30/2025
21C0001507,NEWBRIDGE SURGERY CENTER AT FREDERICK,"196 THOMAS JOHNSON DR., STE 215",FREDERICK,MD,21702,,(301) 668-9988,93,5,2,95,87,12,1,93,79,21,0,95,78,22,0,93,"3,10",161,27,17,10/01/2024,09/30/2025
21C0001508,PICCARD SURGERY CENTER LLC,1330 PICCARD DR STE 102,ROCKVILLE,MD,20850,,(301) 208-7350,98,2,0,99,94,5,1,96,91,8,1,96,90,10,0,97,,795,224,28,10/01/2024,09/30/2025
21C0001510,SURGCENTER OF GREENBELT LLC,"7300 HANOVER DR., UNIT 102",GREENBELT,MD,20770,,(240) 297-9858,99,1,0,100,96,3,1,98,89,9,2,96,82,15,3,92,"3,6",534,71,13,10/01/2024,09/30/2025
21C0001511,DEER POINTE SURGICAL CENTER LLC,6503 DEER POINTE DR SUITE A,SALISBURY,MD,21804,,(410) 341-9002,98,1,1,99,94,6,0,97,95,4,1,97,89,9,2,95,,562,194,35,10/01/2024,09/30/2025
21C0001514,BETHESDA CHEVY CHASE SURGERY CENTER LLC DBA BETHESDA CHEVY CHASE SURGERY CENTER,6931 ARLINGTON RD SUITE E,BETHESDA,MD,20814,,(301) 968-3184,96,3,1,98,90,7,3,94,79,17,4,92,77,20,3,90,,732,187,26,10/01/2024,09/30/2025
21C0001517,NEWBRIDGE SURGERY CENTER AT PRINCE FREDERICK LLC,"80 SHERRY LANE, SUITE 101B",PRINCE FREDERICK,MD,20678,,(410) 414-9229,98,2,0,99,96,4,0,98,90,10,0,96,87,13,0,96,"3,10",168,31,19,10/01/2024,09/30/2025
21C0001521,SURGCENTER OF WESTERN MARYLAND LLC,12252 WILLIAMS RD. SE,CUMBERLAND,MD,21502,,(240) 522-0185,98,2,0,99,92,7,1,95,91,7,2,96,93,7,0,98,"3,6",567,82,15,10/01/2024,09/30/2025
21C0001524,LEONARDTOWN SURGERY CENTER LLC,"40900 MERCHANTS LANE, SUITE 200",LEONARDTOWN,MD,20650,,(301) 690-2203,97,3,0,99,94,5,1,97,90,9,1,96,89,9,2,96,,896,219,24,10/01/2024,09/30/2025
21C0001525,HAGERSTOWN SURGERY CENTER LLC,11236 ROBINWOOD DR SUITE 201,HAGERSTOWN,MD,21742,,(240) 347-4836,98,2,0,99,91,7,2,95,91,7,2,95,88,10,2,95,,972,260,27,10/01/2024,09/30/2025
21C0001531,SURGCENTER OF SILVER SPRING LLC,8710 CAMERON ST STE 100,SILVER SPRING,MD,20910,,(301) 326-2921,96,4,0,98,89,8,3,93,70,28,2,91,76,23,1,92,6,649,90,14,10/01/2024,09/30/2025
21C0001532,SURGERY CENTER OF ANNAPOLIS,130 ADMIRAL COCHRANE DR SUITE 302,ANNAPOLIS,MD,21401,,(443) 221-2681,,,,,,,,,,,,,,,,,1,,,,,
21C0001535,HARBORSIDE SURERY CENTER LLC,125 POTOMAC PASSAGE,NATIONAL HARBOR,MD,20745,,(240) 493-6110,99,1,0,99,96,4,0,98,97,2,1,97,93,5,2,97,3,784,302,39,10/01/2024,09/30/2025
21C0001536,MARYLAND SPECIALTY SURGERY CENTER LLC,"509 PROGRESS DR, SUITE 100",LINTHICUM,MD,21090,,(410) 589-6340,99,1,0,99,92,7,1,96,96,3,1,97,90,9,1,96,3,517,118,23,10/01/2024,09/30/2025
21C0001538,ADVANCED SURGERY CENTER OF BETHESDA LLC,6430 ROCKLEDGE DR SUITE 160,BETHESDA,MD,20817,,(301) 312-6144,96,4,0,98,91,7,2,95,80,15,5,91,77,19,4,90,,281,104,37,10/01/2024,09/30/2025
21C0001539,GAITHERSBURG AMBULATORY SURGERY CENTER,655 WATKINS MILL RD,GAITHERSBURG,MD,20879,,(301) 816-6812,98,2,0,99,95,4,1,97,92,8,0,96,88,10,2,95,,2338,762,33,10/01/2024,09/30/2025
21C0001540,NEWBRIDGE SURGERY CENTER AT WALDORF,"3581 OLD WASHINGTON RD., STE G",WALDORF,MD,20602,,(301) 668-4400,,,,,,,,,,,,,,,,,1,,,,,
21C0001541,COLUMBIA SURGICAL INSTITUTE LLC,6020 MEADOWRIDGE CENTER DR,ELKRIDGE,MD,21075,,(443) 275-7800,97,3,0,98,92,5,3,94,89,9,2,96,91,8,1,97,,776,147,19,10/01/2024,09/30/2025
21C0001542,EASTERN SHORE ENDOSCOPY LLC,511 IDLEWILD AVE,EASTON,MD,21601,,(410) 820-8838,98,2,0,99,95,4,1,97,93,6,1,97,91,8,1,96,,3670,1332,36,10/01/2024,09/30/2025
21C0001549,CEC SURGICAL SERVICES LLC,105 PINE BLUFF RD STE. 3,SALISBURY,MD,21801,,(410) 749-1191,97,2,1,98,93,5,2,96,84,11,5,93,88,8,4,95,3,565,119,21,10/01/2024,09/30/2025
21C0001550,ASC DEVELOPMENT COMPANY LLC,6820 HOSPITAL DR,ROSEDALE,MD,21237,,(410) 628-2823,97,2,1,98,60,16,24,68,67,22,11,88,70,19,11,84,"3,10",188,30,16,10/01/2024,09/30/2025
21C0001551,MONOCACY SURGERY CENTER LLC,4991 NEW DESIGN RD SUITE 103,FREDERICK,MD,21703,,(301) 363-5858,98,2,0,99,93,5,2,95,90,9,1,95,87,12,1,96,,804,181,23,10/01/2024,09/30/2025
21C0001553,INNOVATIONS SURGERY CENTER PC,"3206 TOWER OAKS BLVD, SUITE 100",ROCKVILLE,MD,20852,,(240) 669-3134,98,2,0,100,89,10,1,94,88,12,0,97,86,11,3,94,"3,6",357,96,27,10/01/2024,09/30/2025
21C0001555,SMART PAIN SURGERY CENTER AT OWINGS MILLS LLC,9 PARK CENTER CT STE 100,OWINGS MILLS,MD,21117,,(443) 693-7246,87,10,3,92,76,10,14,81,73,14,13,87,70,17,13,83,"3,10",191,35,18,10/01/2024,09/30/2025
21C0001556,KAISER FOUNDATION HEALTH PLAN OF MID ATLANTIC STATES DBA KAISER PERMANENTE LARGO ASC,1221 MERCANTILE LANE 3RD FLOOR,LARGO,MD,20774,,(301) 618-5500,97,2,1,98,95,4,1,97,90,9,1,96,85,12,3,93,,2690,815,30,10/01/2024,09/30/2025
21C0001560,KAISER FDN HEALTH PLAN OF THE MID ATLANTIC STATES DBA SOUTH BALTIMORE COUNTY ASC,1701 TWIN SPRINGS ROAD,HALETHORPE,MD,21227,,(301) 816-2424,99,1,0,99,96,3,1,98,93,6,1,97,89,9,2,95,,2260,686,30,10/01/2024,09/30/2025
21C0001562,SURGICAL SPECIALTY CENTER OF MID ATLANTIC LLC,6430 ROCKLEDGE DR. SUITE 110,BETHESDA,MD,20817,,(240) 630-8241,95,4,1,97,88,10,2,93,79,17,4,92,76,20,4,91,,753,214,28,10/01/2024,09/30/2025
21C0001565,MEDSTAR MEDICAL GROUP SOUTHERN MARYLAND LLC,24035 THREE NOTCH RD.,HOLLYWOOD,MD,20636,,(301) 373-7905,96,3,1,98,87,8,5,91,82,13,5,92,79,18,3,91,3,1991,136,7,10/01/2024,09/30/2025
21C0001567,SMART PAIN MANAGEMENT SURGERY CTR AT GERMANTOWN,19851 OBSERVATION DR STE 350,GERMANTOWN,MD,20876,,(443) 693-7246,88,8,4,92,92,4,4,95,77,20,3,91,67,26,7,85,"3,6",321,59,18,10/01/2024,09/30/2025
21C0001568,POINT OF ROCKS SURGERY CENTER LLC,1901 LOCKHOUSE DR,POINT OF ROCKS,MD,21777,,(301) 874-2211,98,2,0,99,89,9,2,94,93,6,1,97,93,7,0,98,,497,122,25,10/01/2024,09/30/2025
21C0001569,LUDWICK LASER & SURGERY CENTER,10212 GOVENOR LANE BOULEVARD SUITE 1004,WILLIAMSPORT,MD,21795,,(732) 750-0400,97,3,0,98,90,8,2,94,85,14,1,94,83,15,2,94,3,460,172,37,10/01/2024,09/30/2025
21C0001573,MEDSTAR MEDICAL GROUP - SOUTHERN MARYLAND LLC DBA MEDSTAR SHAH MEDICAL GROUP,130 HOSPITAL ROAD SUITE 300,PRINCE FREDERICK,MD,20678,,(410) 535-4333,95,5,0,98,87,7,6,91,78,17,5,90,67,33,0,89,"3,6",653,59,9,10/01/2024,09/30/2025
21C0001574,INNOVATIVE SURGERY CENTER LLC,253 LEWIS LANE SUITE 301,HAVRE DE GRACE,MD,21078,,(410) 942-0620,98,2,0,99,90,8,2,94,86,13,1,95,86,13,1,94,"3,6",697,99,15,10/01/2024,09/30/2025
21C0001575,SURGCENTER OF THE POTOMAC LLC,6508 ROCK SPRING DR STE 100,BETHESDA,MD,20817,,(240) 783-0282,97,2,1,98,90,9,1,94,85,13,2,94,83,15,2,93,6,406,73,18,10/01/2024,09/30/2025
21C0001576,TIDALHEALTH SURGERY CENTER DBA PENINSULA SURGERY CENTER,804 SNOW HILL ROAD,SALISBURY,MD,21804,,(410) 543-7171,97,2,1,98,93,5,2,95,89,8,3,95,84,12,4,93,3,1310,253,19,10/01/2024,09/30/2025
21C0001577,UNIVERSITY OF MARYLAND MEDICINE ASC LLC,5900 WATERLOO RD,COLUMBIA,MD,21045,,(667) 214-1335,99,1,0,100,95,5,0,98,95,5,0,98,92,7,1,97,3,779,203,26,10/01/2024,09/30/2025
21C0001578,MEDSTAR MEDICAL GROUP - SOUTHERN MARYLAND LLC DBA MEDSTAR SHAH MEDICAL GROUP,10 ST PATRICKS DRIVE,WALDORF,MD,20603,,(301) 373-7900,95,4,1,97,87,9,4,91,83,13,4,93,78,20,2,91,3,4130,307,7,10/01/2024,09/30/2025
21C0001579,GI WELLNESS CENTER OF FREDERICK,165 THOMAS JOHNSON DRIVE SUITE B AND C,FREDERICK,MD,21702,,(000) 000-0000,98,1,1,99,95,4,1,97,95,4,1,97,92,6,2,97,3,752,176,23,10/01/2024,09/30/2025
21C0001580,SUMMIT AMBULATORY SURGICAL CENTER LLC,"7704 MATAPEAKE BUSINESS DRIVE, # 300",BRANDYWINE,MD,20613,,(301) 645-8838,97,3,0,99,92,7,1,95,91,8,1,96,84,11,5,91,,1053,179,17,10/01/2024,09/30/2025
21C0001581,HARBOR HEIGHTS SURGERY CENTER,6710 OXON HILL RD SUITE 500,OXON HILL,MD,20745,,(240) 493-7533,98,2,0,99,91,8,1,95,82,17,1,93,78,20,2,92,,1008,248,25,10/01/2024,09/30/2025
21C0001583,GLEN ECHO SURGERY CENTER,5550 FRIENDSHIP BLVD SUITE 100,CHEVY CHASE,MD,20815,,(240) 534-2972,92,7,1,95,81,14,5,88,70,23,7,88,65,29,6,86,,636,112,18,10/01/2024,09/30/2025
21C0001585,OLNEY ENDOSCOPY CENTER,3407 OLANDWOOD CT UNIT 103,OLNEY,MD,20832,,(410) 290-6677,96,4,0,98,92,6,2,95,91,3,6,94,84,14,2,94,3,756,114,15,10/01/2024,09/30/2025
21C0001587,SUMMIT AMBULATORY SURGICAL CENTER LLC,"7580 BUCKINGHAM BLVD, SUITE 100",HANOVER,MD,21076,,(443) 738-8124,96,4,0,98,90,7,3,94,85,12,3,94,84,14,2,93,,1188,232,20,10/01/2024,09/30/2025
21C0001588,SMART PAIN SURGERY CENTER AT WHITE MARSH,"8100 SANDPIPER CIRCLE, SUITE 210",NOTTINGHAM,MD,21236,,(443) 693-7246,91,7,2,94,84,14,2,91,71,17,12,88,77,16,7,88,"3,6",262,54,21,10/01/2024,09/30/2025
21C0001589,ASC DEVELOPMENT COMPANY LLC,19735 GERMANTOWN ROAD SUITE 360,GERMANTOWN,MD,20874,,(301) 528-2810,93,6,1,96,80,16,4,88,84,9,7,91,71,23,6,88,"3,6",335,51,15,10/01/2024,09/30/2025
21C0001590,DIALYSIS ACCESS SERVICES LLC,1666 SULPHUR SPRINGS RD,BALTIMORE,MD,21227,,(410) 536-5400,98,2,0,99,93,6,1,96,91,6,3,95,83,13,4,92,6,635,91,14,10/01/2024,09/30/2025
21C0001591,JOHNS HOPKINS SURGERY CENTERS SERIES DBA KNOLL NORTH SURGERY CENTER,5450 KNOLL NORTH DR STE 301,COLUMBIA,MD,21045,,(443) 546-1750,99,1,0,99,96,4,0,98,94,5,1,97,92,5,3,95,,1624,420,26,10/01/2024,09/30/2025
21C0001596,AMBULATORY SURGERY CENTER FOR PELVIC NEURO SCIENCE LLC,1447 YORK ROAD SUITE 406,LUTHERVILLE TIMONIUM,MD,21093,,(410) 343-3001,,,,,,,,,,,,,,,,,1,,,,,
21C0001597,AMERICAN ACCESS CARE OF BALTIMORE ASC LLC,8140 CORPORATE DRIVE SUITE 125,NOTTINGHAM,MD,21236,,(410) 931-9729,98,2,0,99,89,9,2,94,84,11,5,93,77,20,3,90,3,1133,128,11,10/01/2024,09/30/2025
21C0001599,LAKEVIEW SURGERY CENTER,17001 SCIENCE DR SUITE 114,BOWIE,MD,20715,,(301) 985-2830,98,2,0,99,92,6,2,95,93,6,1,96,89,8,3,95,3,1185,300,25,10/01/2024,09/30/2025
21C0001600,MEDSTAR SURGERY CENTER AT TIMONIUM,2118 GREENSPRING DR SUITE 300,TIMONIUM,MD,21093,,(410) 252-5671,98,2,0,99,94,5,1,97,91,8,1,96,91,8,1,97,3,1491,331,22,10/01/2024,09/30/2025
21C0001601,AMERICAN ACCESS CARE OF TOWSON ASC LLC,25 CROSSROADS DRIVE SUITE 110,OWINGS MILLS,MD,21117,,(410) 821-1910,,,,,,,,,,,,,,,,,1,,,,,
21C0001602,MEDSTAR ENDOSCOPY CENTER AT LUTHERVILLE,1300 BELLONA AVE SUITE A,LUTHERVILLE,MD,21093,,(410) 821-1900,98,2,0,99,95,4,1,97,86,12,2,94,88,11,1,95,3,785,111,14,10/01/2024,09/30/2025
21C0001604,MEDSTAR SURGERY CENTER AT BRANDYWINE,13950 BRANDYWINE RD LOWER LEVEL,BRANDYWINE,MD,20613,,(301) 782-2303,98,2,0,99,92,7,1,96,91,8,1,96,88,12,0,96,3,2025,338,17,10/01/2024,09/30/2025
21C0001605,CALVERT DIGESTIVE DISEASE ASSOCIATES ENDOSCOPY AND SURGERY CENTER LLC,985 PRINCE FREDERICK BOULEVARD SUITE 104,PRINCE FREDERICK,MD,20678,,(443) 975-7966,,,,,,,,,,,,,,,,,1,,,,,
21C0001608,LUTHERVILLE SURGERY CENTER LLC DBA SURGCENTER OF TOWSON,1609 EAST JOPPA ROAD,TOWSON,MD,21286,,(410) 834-5600,96,3,1,98,94,4,2,96,87,9,4,94,86,12,2,95,,846,296,35,10/01/2024,09/30/2025
21C0001609,SYNERGY SURGERY CENTER LLC,12150 ANNAPOLIS ROAD SUITE 209,GLENN DALE,MD,20769,,(240) 929-6652,97,3,0,98,89,7,4,92,86,14,0,94,85,15,0,95,"3,10",168,28,17,10/01/2024,09/30/2025
21C0001611,SUMMIT AMBULATORY SURGICAL CENTER,19851 OBSERVATION DRIVE SUITE 455,GERMANTOWN,MD,20876,,(000) 000-0000,96,4,0,98,90,8,2,94,87,11,2,95,82,18,0,94,,1023,209,20,10/01/2024,09/30/2025
21C0001612,SURGCENTER OF NORTHERN BALTIMORE LLC,215SCHILLING CIRCLE SUITE 110-112,HUNT VALLEY,MD,21031,,(410) 657-8008,99,1,0,99,92,7,1,95,93,5,2,97,90,7,3,95,3,665,198,30,10/01/2024,09/30/2025
21C0001613,ANNE ARUNDEL SURGERY CENTER PASADENA,8109 RITCHIE HWY SUITE 250,PASADENA,MD,21122,,(443) 270-8650,97,2,1,98,91,8,1,95,88,9,3,95,84,13,3,93,3,740,251,34,10/01/2024,09/30/2025
21C0001614,VSA SURGERY CENTER OF LUTHERVILLE DBA VSA SURGERY CENTER LLC,1840 YORK ROAD SUITES E-F,TIMONIUM,MD,21093,,(443) 991-4745,100,0,0,100,97,2,1,99,97,3,0,97,92,8,0,97,"3,10",133,42,32,10/01/2024,09/30/2025
21C0001615,KURESMART PAIN MANAGEMENT SURG CENTER CATONSVILLE DBA CLEARWAY SURG CENTER OF CATONSVILLE,4660 WILKENS AVENUE SUITE 208,BALTIMORE,MD,21229,,(443) 904-7040,91,7,2,95,84,13,3,91,76,15,9,91,63,25,12,82,"3,10",205,29,14,10/01/2024,09/30/2025
21C0001617,ASC DEVELOPMENT COMPANY LLC,5010 REGENCY PL SUITE 202A,WHITE PLAINS,MD,20695,,(631) 987-4978,96,3,1,98,92,7,1,95,89,6,5,94,88,8,4,94,3,774,140,18,10/01/2024,09/30/2025
21C0001618,JOHNS HOPKINS SURGERY CENTER SERIES,10803 FALLS RD SUITE 3100,LUTHERVILLE,MD,21093,,(443) 442-2700,99,1,0,100,95,4,1,97,95,4,1,97,92,5,3,95,,1658,559,34,10/01/2024,09/30/2025
21C0001619,KURESMART PAIN MANAGEMENT SURG CENTER DUNDALK DBA CLEARWAY SURG CENTER OF DUNDALK,1576 MERRITT BOULEVARD SUITE 18-B,DUNDALK,MD,21222,,(410) 571-2946,97,3,0,98,93,4,3,95,85,13,2,95,86,10,4,94,"3,6",282,73,26,10/01/2024,09/30/2025
21C0001620,DELMARVA ENDOSCOPY CENTER LLC,11103 CARTHAGE RD,BERLIN,MD,21811,,(410) 847-7900,99,1,0,99,95,5,0,97,96,3,1,98,95,4,1,98,3,1478,345,23,10/01/2024,09/30/2025
21C0001625,KURESMART PAIN MGMT SURGERY CTR COLUMBIA DBA CLEARWAY SURGERY CTR OF COLUMBIA,5500 KNOLL NORTH DRIVE SUITE 501,COLUMBIA,MD,21045,,(443) 693-7246,93,5,2,95,84,12,4,90,66,24,10,87,76,15,9,88,"3,10",265,47,18,10/01/2024,09/30/2025
21C0001627,ANNE ARUNDEL SURGERY CENTER ANNAPOLIS,904 COMMERCE ROAD,ANNAPOLIS,MD,21401,,(240) 691-9311,99,1,0,100,97,2,1,98,95,4,1,98,94,4,2,97,3,840,348,41,10/01/2024,09/30/2025
21C0001628,FALLSGROVE  ENDOSCOPY CENTER LLC,15001 SHADY GROVE RD SUITE 400,ROCKVILLE,MD,20850,,(301) 800-7001,98,2,0,99,93,5,2,96,95,3,2,97,92,5,3,96,3,2346,677,29,10/01/2024,09/30/2025
21C0001629,CAPITAL ORTHOPAEDIC SURGERY CENTER LLC,20680 SENECA MEADOWS PARKWAY SUITE 200,GERMANTOWN,MD,20876,,(202) 276-9197,97,2,1,98,93,6,1,96,88,10,2,94,84,13,3,93,3,587,165,28,10/01/2024,09/30/2025
21C0001632,SUMMIT AMBULATORY SURGICAL CENTER LLC,810 BESTGATE ROAD SUITE 200,ANNAPOLIS,MD,21401,,(000) 000-0000,97,3,0,98,89,10,1,94,87,10,3,94,83,14,3,93,,1093,222,20,10/01/2024,09/30/2025
21C0001633,CHARLES REGIONAL SURGICAL CENTER LLC,5 NORTH LAPLATA COURT SUITE 203,LA PLATA,MD,20646,,(240) 307-4700,98,2,0,99,91,8,1,95,89,9,2,95,85,12,3,93,3,1448,265,18,10/01/2024,09/30/2025
21C0001635,ANNAPOLIS ENDOSCOPY CENTER LLC,1419 FOREST DRIVE SUITE 105,ANNAPOLIS,MD,21403,,(410) 290-6677,98,1,1,99,94,5,1,97,95,4,1,97,92,5,3,96,3,770,125,16,10/01/2024,09/30/2025
21C0001636,NSPC SURGERY CENTER OF MARYLAND,6710 OXON HILL ROAD SUITE 550B,OXON HILL,MD,21031,,(000) 000-0000,98,2,0,99,94,5,1,96,90,8,2,96,86,11,3,94,,1186,259,22,10/01/2024,09/30/2025
21C0001637,BAY SURGERY CENTERS LLC DBA CLEARWAY SURGERY CENTER OF ANNAPOLIS,810 BESTGATE ROAD SUITE 120,ANNAPOLIS,MD,21401,,(410) 571-2946,93,6,1,96,90,6,4,93,75,23,2,92,74,21,5,89,"3,6",352,88,25,10/01/2024,09/30/2025
21C0001638,CIVISTA CLINICAL SERVICES DBA UM CHARLES REGIONAL ENDOSCOPY CENTER,5 NORTH LA PLATA COURT SUITE 201,LA PLATA,MD,20646,,(301) 609-4276,98,2,0,99,93,6,1,96,95,4,1,97,96,3,1,98,3,901,150,17,10/01/2024,09/30/2025
21C0001639,CLEARWAY SURGERY CENTER OF PRINCE FREDERICK LLC,110 HOSPITAL ROAD SUITE 304,PRINCE FREDERICK,MD,20678,,(240) 384-2801,93,6,1,96,87,10,3,92,71,24,5,89,79,20,1,93,"3,10",230,48,21,10/01/2024,09/30/2025
21C0001640,CLEARWAY SURGERY CENTER OF EASTON LLC,598 CYNWOOD DRIVE SUITE 103,EASTON,MD,21601,,(443) 853-8614,93,4,3,95,93,5,2,96,88,8,4,94,80,16,4,91,"3,10",187,43,23,10/01/2024,09/30/2025
21C0001642,CLEARWAY SURGERY CENTER OF BEL AIR LLC,602 SOUTH ATWOOD ROAD SUITE 103B,BEL AIR,MD,21014,,(443) 759-3323,88,9,3,92,81,12,7,87,65,20,15,85,68,21,11,84,"3,6",266,59,22,10/01/2024,09/30/2025
21C0001643,METROPOLITAN VASCULAR INSTITUTE LLC,3015 TECHNOLOGY PLACE SUITE 110,WALDORF,MD,20601,,(301) 374-8540,99,1,0,100,84,13,3,90,90,10,0,95,84,12,4,92,"3,10",293,44,15,10/01/2024,09/30/2025
21C0001645,UROLOGICAL INSTITUTE OF MARYLAND LLC,1701 YORK ROAD,TIMONIUM,MD,21093,,(540) 846-1552,98,2,0,99,92,4,4,94,88,12,0,96,89,11,0,96,"3,10",179,41,23,10/01/2024,09/30/2025
21C0001646,AAU GREENBELT ASC LLC,7855 WALKER DRIVE SUITE 102,GREENBELT,MD,20770,,(410) 266-8049,99,1,0,100,98,2,0,99,88,9,3,95,93,7,0,98,"3,10",176,38,22,10/01/2024,09/30/2025
21C0001648,CLEARWAY SURGERY CENTER OF WESTMINSTER LLC,826 WASHINGTON ROAD SUITE 102,WESTMINSTER,MD,21157,,(301) 987-4027,99,1,0,99,93,4,3,96,91,7,2,96,87,11,2,95,"3,6",278,71,26,10/01/2024,09/30/2025
21C0001649,CLEARWAY SURGERY CENTER OF SALISBURY LLC,6503 DEER POINTE DRIVE SUITE B,SALISBURY,MD,21804,,(667) 253-2596,93,3,4,95,93,2,5,94,80,13,7,90,81,7,12,88,"3,6",230,50,22,10/01/2024,09/30/2025
21C0001650,JOHNS HOPKINS SURGERY CENTERS SERIES,5759 CEDAR LANE,COLUMBIA,MD,21044,,(443) 718-3738,99,1,0,99,95,4,1,97,91,8,1,96,90,8,2,95,,1771,605,34,10/01/2024,09/30/2025
21C0001651,UM SHORE REGIONAL HEALTH SURGERY CENTER AT CAMBRIDGE LLC,713 CAMBRIDGE MARKETPLACE BOULEVARD SUITE 2-200,CAMBRIDGE,MD,21613,,(410) 822-1000,98,2,0,99,96,4,0,98,94,5,1,97,92,5,3,96,,522,133,25,10/01/2024,09/30/2025
21C0001652,MEDSTAR HEALTH ENDOSCOPY CENTER SILVER SPRING LLC,12002 VEIRS MILL ROAD,SILVER SPRING,MD,20906,,(301) 370-0810,97,3,0,98,92,7,1,95,80,16,4,92,80,15,5,91,3,1573,202,13,10/01/2024,09/30/2025
21C0001655,BAY SURGERY CENTERS WALDORF LLC DBA CLEARWAY SURGERY CENTER OF WALDORF,3261 OLD WASHINGTON ROAD SUITE 3010A,WALDORF,MD,20602,,(240) 858-0574,97,3,0,99,89,6,5,92,87,13,0,95,89,11,0,97,"3,10",208,34,16,10/01/2024,09/30/2025
21C0001656,KAISER FOUNDATION MID-ATLANTIC STATES DBA KAISER PERMANENTE LUTHERVILLE TIMONIUM ASC,2391 GREENSPRING DRIVE,TIMONIUM,MD,21093,,(301) 816-2424,98,2,0,99,95,4,1,97,94,5,1,97,90,8,2,95,,1624,487,30,10/01/2024,09/30/2025
21C0001657,CLEARWAY SURGERY CENTER OF BETHESDA LLC,6410 ROCKLEDGE DRIVE SUITE 400,BETHESDA,MD,20817,,(301) 664-2266,94,6,0,97,92,7,1,96,83,13,4,92,80,12,8,89,"3,6",279,53,19,10/01/2024,09/30/2025
21C0001658,ADVANCED SURGICAL CARE OF MARYLAND LLC,4395 NICOLE DRIVE,LANHAM,MD,20706,,(301) 683-8172,97,2,1,98,96,3,1,97,88,9,3,95,84,11,5,92,3,487,152,31,10/01/2024,09/30/2025
21C0001660,POTOMAC UROLOGY SURGERY CENTER LLC,251 NATIONAL HARBOR BOULEVARD SUITE 400A,OXON HILL,MD,20745,,(703) 680-2111,91,6,3,94,86,11,3,92,65,31,4,89,69,28,3,88,3,517,127,25,10/01/2024,09/30/2025
21C0001661,CLEARWAY SURGERY CENTER OF ELKTON LLC,101 CHESAPEAKE BOULEVARD SUITE C-2,ELKTON,MD,21921,,(410) 505-4383,,,,,,,,,,,,,,,,,1,,,,,
21C0001662,PG COUNTY ENDOSCOPY CENTER LLC,6502 KENILWORTH AVENUE SUITE 200,RIVERDALE,MD,20737,,(410) 290-6677,94,3,3,95,91,5,4,94,84,12,4,92,83,11,6,91,3,575,104,18,10/01/2024,09/30/2025
21C0001663,JOHNS HOPKINS SURGERY CENTER SERIES,10755 FALLS ROAD PAVILION 1 SUITE 480,LUTHERVILLE,MD,21093,,(410) 616-7250,99,1,0,100,94,4,2,96,98,1,1,98,92,7,1,97,,1159,195,17,10/01/2024,09/30/2025
21C0001664,CLEARWAY SURGERY CENTER OF FREDERICK LLC,7100 GUILFORD DRIVE SUITE 152,FREDERICK,MD,21704,,(301) 850-1745,98,2,0,99,95,5,0,97,90,10,0,96,84,10,6,91,"3,10",200,46,23,10/01/2024,09/30/2025
21C0001665,MERIDIAN SURGERY CENTER LLC,19638 LEITERSBURG PIKE SUITE 205,HAGERSTOWN,MD,21742,,(304) 263-6165,,,,,,,,,,,,,,,,,1,,,,,
21C0001671,ADVENTIST HEALTH CARE SURGERY CENTER AT NATIONAL HARBOR,201 NATIONAL HARBOR BOULEVARD SUITE 500,OXON HILL,MD,20745,,(240) 252-6800,96,4,0,98,90,8,2,94,86,10,4,95,83,14,3,93,,1412,312,22,10/01/2024,09/30/2025
21C0001672,DISTRICT SURGERY CENTER LLC,6720B ROCKLEDGE DRIVE SUITE 500,BETHESDA,MD,20817,,(248) 703-3195,95,4,1,97,92,6,2,95,87,11,2,94,83,13,4,92,3,547,156,29,10/01/2024,09/30/2025
21C0001673,SUMMIT BRACHYTHERAPY LLC,3407 WILKENS AVENUE SUITE 200,BALTIMORE,MD,21229,,(410) 644-0929,96,4,0,98,91,9,0,96,87,9,4,93,79,17,4,90,"3,6",122,51,42,10/01/2024,09/30/2025
21C0001674,FRIENDSHIP HEIGHTS ENDOSCOPY ASC LLC,5550 FRIENDSHIP BOULEVARD SUITE T-100,CHEVY CHASE,MD,20815,,(240) 531-2832,97,2,1,98,92,7,1,95,91,8,1,96,90,8,2,96,,984,194,20,10/01/2024,09/30/2025
21C0001676,BETHESDA ENDOSCOPY CENTER LLC,6100 EXECUTIVE BOULEVAR SUITE 300,NORTH BETHESDA,MD,20852,,(301) 530-2800,98,2,0,99,93,6,1,96,94,5,1,96,89,8,3,95,3,2581,723,28,10/01/2024,09/30/2025
21C0001677,MEDSTAR SURGERY CENTER 1 DBA MEDSTAR HEALTH SURGERY CENTER AT ANNAPOLIS,810 BESTGATE ROAD SUITE 300,ANNAPOLIS,MD,21401,,(571) 867-0712,98,2,0,99,92,7,1,95,93,6,1,96,91,8,1,96,3,1358,247,18,10/01/2024,09/30/2025
21C0001680,THE WESTMINSTER ENDOSCOPY ASC LLC DBA ENDOCENTRE OF WESTMINSTER,535 OLD WESTMINSTER PIKE SUITE 104,WESTMINSTER,MD,21157,,(410) 453-8275,98,2,0,99,93,6,1,96,93,6,1,97,91,7,2,96,,2106,662,31,10/01/2024,09/30/2025
21C0001682,CLEARWAY SURGERY CENTER OF LARGO LLC,950 HARRY S TRUMAN DRIVE NORTH SUITE 130,LARGO,MD,20774,,(667) 354-5564,,,,,,,,,,,,,,,,,1,,,,,
21C0001684,UM CHESAPEAKE SURGERY CENTER LLC,515 SOUTH TOLLGATE ROAD SUITE 100,BEL AIR,MD,21014,,(443) 643-3302,99,1,0,99,98,2,0,99,97,3,0,99,96,2,2,98,"3,6",285,96,34,10/01/2024,09/30/2025
22C0001003,SAME DAY SURGICARE OF NEW ENGLAND INC,272 STANLEY ST,FALL RIVER,MA,02720,,(508) 672-2290,96,3,1,98,92,6,2,95,86,12,2,94,84,13,3,93,3,1298,174,13,10/01/2024,09/30/2025
22C0001004,NEW ENGLAND EYE SURGICAL CENTER INC,696 MAIN ST.,WEYMOUTH,MA,02190,,(781) 331-0740,98,1,1,99,92,7,1,95,88,10,2,95,90,8,2,96,3,500,194,39,10/01/2024,09/30/2025
22C0001007,CANDESCENT EYE HEALTH SURGICENTER LLC,51 STATE RD,DARTMOUTH,MA,02747,,(774) 929-6880,,,,,,,,,,,,,,,,,1,,,,,
22C0001011,ARC WORCESTER CENTER LP DBA WORCESTER SURGICAL CENTER,300 GROVE ST,WORCESTER,MA,01605,,(508) 754-0700,97,3,0,98,91,7,2,95,84,15,1,94,86,13,1,95,,901,277,31,10/01/2024,09/30/2025
22C0001012,BOSTON UNIVERSITY EYE ASSOC DBA BOSTON UNIVERSITY EYE ASSOC SURGERY AND LASER CTR,90 NEW STATE HIGHWAY,RAYNHAM,MA,02767,,(508) 822-8839,97,3,0,98,93,6,1,96,89,10,1,96,85,12,3,93,3,1283,332,26,10/01/2024,09/30/2025
22C0001016,BOSTON EYE SURGERY AND LASER CENTER,50 STANIFORD ST LOBBY,BOSTON,MA,02114,,(617) 723-2015,97,3,0,98,92,6,2,95,85,11,4,94,85,10,5,92,3,854,250,29,10/01/2024,09/30/2025
22C0001018,CATARACT AND LASER CENTER INC,333 ELM ST. STE. 105,DEDHAM,MA,02026,,(781) 326-3800,95,4,1,97,89,9,2,94,83,14,3,93,84,14,2,93,3,853,269,32,10/01/2024,09/30/2025
22C0001019,PLYMOUTH LASER AND SURGICAL CENTER PC,146 INDUSTRIAL PARK RD,PLYMOUTH,MA,02360,,(508) 534-6062,98,2,0,99,95,4,1,97,91,7,2,96,91,7,2,96,3,918,326,36,10/01/2024,09/30/2025
22C0001023,CATARACT AND LASER CENTER WEST LLC,171 INTERSTATE DR,WEST SPRINGFIELD,MA,01089,,(413) 737-5500,97,3,0,99,92,7,1,95,88,9,3,95,87,11,2,95,,692,310,45,10/01/2024,09/30/2025
22C0001024,NORTHEAST AMBULATORY CENTER INC,3 WOODLAND RD,STONEHAM,MA,02180,,(781) 662-2243,99,1,0,100,96,2,2,97,81,16,3,93,83,11,6,92,"3,10",248,33,14,10/01/2024,09/30/2025
22C0001025,COMMON WEALTH ENDOSCOPY CENTER,120 WEST CENTER ST.,WEST BRIDGEWATER,MA,02379,,(508) 586-8700,98,2,0,99,94,5,1,97,88,10,2,95,90,8,2,96,,4719,1354,29,10/01/2024,09/30/2025
22C0001026,SOUTH SHORE ENDOSCOPY CENTER INC,659 WASHINGTON ST. SUITE 2,BRAINTREE,MA,02184,,(781) 952-1446,98,1,1,99,92,6,2,95,86,11,3,94,86,12,2,95,3,2735,284,10,10/01/2024,09/30/2025
22C0001027,CATARACT AND LASER CENTER ASSOCIATES PC,1 BERKSHIRE SQ. #110,ADAMS,MA,01220,,(413) 743-9934,97,3,0,98,94,5,1,96,91,8,1,96,92,8,0,97,,693,158,23,10/01/2024,09/30/2025
22C0001028,CATARACT AND LASER CENTER OF THE NORTH SHORE LLC,349 N MAIN ST.,ANDOVER,MA,01810,,(978) 475-0959,98,2,0,99,93,5,2,96,88,10,2,95,87,10,3,94,3,936,348,37,10/01/2024,09/30/2025
22C0001029,CATARACT LASER CENTERCENTRAL LLC,95 MECHANIC ST,GARDNER,MA,01440,,(978) 632-6674,96,4,0,98,89,9,2,93,84,15,1,94,89,9,2,95,"3,6",339,73,22,10/01/2024,09/30/2025
22C0001030,CAPE COD EYE SURGERY AND LASER CENTER,282 ROUTE 130,SANDWICH,MA,02563,,(508) 833-8222,96,3,1,98,91,8,1,95,87,10,3,94,88,8,4,94,3,944,376,40,10/01/2024,09/30/2025
22C0001032,CAPE COD ASC LLC,280 HERITAGE PARK,SANDWICH,MA,02563,,(508) 833-6050,98,2,0,99,90,9,1,94,85,12,3,94,84,13,3,93,3,695,245,35,10/01/2024,09/30/2025
22C0001036,BOSTON ENDOSCOPY CENTER LLC,175 WORCESTER STREET ROUTE 9,WELLESLEY HILLS,MA,02481,,(617) 754-0816,99,1,0,99,92,7,1,95,91,8,1,96,90,8,2,96,,4358,1168,27,10/01/2024,09/30/2025
22C0001037,NORTH SHORE CATARACT AND LASER CENTER LLC,91 MONTVALE AVE,STONEHAM,MA,02180,,(800) 773-0740,98,2,0,99,95,4,1,97,92,6,2,96,89,9,2,95,3,425,185,44,10/01/2024,09/30/2025
22C0001038,MERRIMACK VALLEY ENDOSCOPY CENTER,1 PARK WAY,HAVERHILL,MA,01830,,(978) 469-5448,98,2,0,99,94,5,1,97,92,7,1,96,88,11,1,95,3,1296,209,16,10/01/2024,09/30/2025
22C0001040,NEW ENGLAND PAIN CARE,"10 CENTENNIAL DR., EAST ENTRANCE",PEABODY,MA,01960,,(978) 826-7234,98,1,1,99,80,12,8,86,84,8,8,92,89,9,2,96,10,1267,44,4,10/01/2024,09/30/2025
22C0001043,PIONEER VALLEY SURGICENTER LLC,3550 MAIN ST. STE. 103,SPRINGFIELD,MA,01107,,(403) 788-9700,97,2,1,98,93,5,2,96,88,10,2,95,84,11,5,92,,2167,587,27,10/01/2024,09/30/2025
22C0001044,VALLEY MEDICAL GROUP PC,31 HALL DR,AMHERST,MA,01002,,(413) 256-4314,,,,,,,,,,,,,,,,,1,,,,,
22C0001045,CENTRAL MA AMBULATORY ENDOSCOPY CENTER,105 ERDMAN WAY,LEOMINSTER,MA,01453,,(978) 840-6767,97,3,0,98,90,8,2,94,88,10,2,95,86,11,3,94,,2536,601,24,10/01/2024,09/30/2025
22C0001047,ORTHOPEDICS SURGICAL CENTER OF THE NORTH SHORE LLC,1 ORTHOPEDICS DR.,PEABODY,MA,01960,,(978) 818-6507,98,2,0,99,95,4,1,97,89,10,1,95,91,8,1,97,3,797,191,24,10/01/2024,09/30/2025
22C0001048,BOSTON OUTPATIENT SURGICAL SUITES LLC,840 WINTER ST.,WALTHAM,MA,02451,,(781) 895-4901,98,2,0,99,92,7,1,95,88,10,2,95,89,9,2,95,,2090,643,31,10/01/2024,09/30/2025
22C0001049,WEYMOUTH ENDOSCOPY LLC,1085 MAIN ST,SOUTH WEYMOUTH,MA,02190,,(781) 331-2922,98,2,0,99,95,4,1,97,93,5,2,96,95,3,2,97,,1248,318,25,10/01/2024,09/30/2025
22C0001051,EAST BAY SURGERY CENTER LLC,505 WILLARD AVE.,SWANSEA,MA,02777,,(860) 667-9542,98,2,0,99,93,6,1,96,93,6,1,97,91,6,3,95,3,759,284,37,10/01/2024,09/30/2025
22C0001053,MIDDLESEX ENDOSCOPY CENTER,45A DISCOVERY WAY,ACTON,MA,01720,,(978) 429-2000,98,2,0,99,92,7,1,95,91,8,1,95,90,8,2,95,,1734,502,29,10/01/2024,09/30/2025
22C0001055,SURGISITE BOSTON,1440 MAIN ST,WALTHAM,MA,02451,,(732) 846-2501,97,2,1,98,90,8,2,94,86,11,3,94,83,13,4,93,3,740,240,32,10/01/2024,09/30/2025
22C0001057,ADVANCED EYE SURGERY CENTER,"500 FAUNCE CORNER RD, SUITE 180",NORTH DARTMOUTH,MA,02747,,(508) 717-0568,95,4,1,97,90,9,1,94,84,11,5,93,86,12,2,94,"3,6",673,98,15,10/01/2024,09/30/2025
22C0001058,DHA ENDOSCOPY LLC,91 MONTVALE AVE # 103,STONEHAM,MA,02180,,(781) 835-2111,99,1,0,99,94,5,1,96,93,6,1,96,91,8,1,96,3,3545,918,26,10/01/2024,09/30/2025
22C0001060,NORTHEAST ENDOSCOPY CENTER,59 LOWES WAY,LOWELL,MA,01851,,(978) 340-2146,98,2,0,99,92,7,1,95,91,8,1,96,90,8,2,96,,4355,927,21,10/01/2024,09/30/2025
22C0001062,BOSTON EYE SURGERY AND LASER CENTER TRUST,"52 SECOND AVE, SUITE 2500",WALTHAM,MA,02451,,(781) 768-5590,98,2,0,99,94,5,1,96,95,4,1,97,94,5,1,97,3,872,338,39,10/01/2024,09/30/2025
22C0001067,RELIANT MEDICAL GROUP THE ENDOSCOPY CENTER LLC,4 BROTHERTON WAY,AUBURN,MA,01501,,(508) 368-5495,99,1,0,99,91,8,1,95,90,9,1,96,88,10,2,95,3,3109,967,31,10/01/2024,09/30/2025
22C0001068,MDSINE LLC DBA SPINE INSTITUTE OF NEW ENGLAND,55 SAINT GEORGE ROAD,SPRINGFIELD,MA,01104,,(413) 736-7463,97,3,0,98,94,5,1,96,88,10,2,95,85,13,2,94,,2503,799,32,10/01/2024,09/30/2025
22C0001070,EASTERN MASSACHUSETTS SURGERY CENTER LLC,100 MORSE ST,NORWOOD,MA,02062,,(781) 255-0362,97,3,0,98,92,7,1,95,91,8,1,96,90,8,2,95,,2405,778,32,10/01/2024,09/30/2025
22C0001072,SURGICAL EYE EXPERTS LLC,385 GROVE STREET,WORCESTER,MA,01605,,(508) 453-8802,98,2,0,99,94,5,1,97,88,9,3,95,88,11,1,96,3,786,328,42,10/01/2024,09/30/2025
22C0001075,GREATER SPRINGFIELD SURGERY CENTER LLC,505 WILLARD AVE.,SPRINGFIELD,MA,01107,,(860) 667-9542,98,2,0,99,92,6,2,95,88,10,2,95,87,10,3,95,3,721,227,31,10/01/2024,09/30/2025
22C0001077,CAPE COD SURGERY CENTER,160 FALMOUTH RD,MASHPEE,MA,02649,,(508) 862-5116,,,,,,,,,,,,,,,,,1,,,,,
22C0001079,NEW ENGLAND SURGERY CENTER LLC,900 CUMMINGS CENTER STE. 1224,BEVERLY,MA,01915,,(978) 922-4670,,,,,,,,,,,,,,,,,1,,,,,
22C0001080,WEST SUBURBAN EYE SURGERY CENTER LLC,321 BILLERICA ROAD,CHELMSFORD,MA,01824,,(978) 614-0510,98,2,0,99,93,6,1,96,90,8,2,96,90,8,2,96,3,716,251,35,10/01/2024,09/30/2025
22C0001081,HEALTHCARE ENTERPRISES LLC DBA THE SURGERY CENTER,151 MAIN ST,SHREWSBURY,MA,01545,,(774) 214-4296,99,1,0,99,96,3,1,98,97,3,0,98,94,5,1,98,3,607,228,38,10/01/2024,09/30/2025
22C0001083,MILFORD-FRANKLIN EYE CENTER,145 WEST STREET,MILFORD,MA,01757,,(000) 000-0000,97,3,0,98,92,7,1,95,85,12,3,94,86,12,2,94,3,494,224,45,10/01/2024,09/30/2025
22C0001084,NATICK SURGERY CENTER,313 SPEEN STREET,NATICK,MA,01760,,(774) 273-2040,99,1,0,99,94,5,1,96,92,8,0,96,90,9,1,96,3,620,230,37,10/01/2024,09/30/2025
22C0001085,MEDFORD SURGERY CENTER,170 GOVERNORS AVENUE SUITE 100,MEDFORD,MA,02155,,(000) 000-0000,98,2,0,99,90,8,2,94,91,7,2,96,88,7,5,93,3,537,184,34,10/01/2024,09/30/2025
22C0001086,CHELMSFORD SURGERY CENTER LLC,10 RESEARCH PLACE SUITE 101,NORTH CHELMSFORD,MA,01863,,(800) 258-4674,99,1,0,100,95,4,1,97,96,3,1,97,95,4,1,98,3,872,285,33,10/01/2024,09/30/2025
22C0001087,EMERSON ENDOSCOPY AND DIGESTIVE HEALTH CENTER LLC,310 BAKER AVENUE SUITE 175A,CONCORD,MA,01742,,(978) 776-1710,98,2,0,99,93,6,1,96,93,5,2,96,91,7,2,96,3,2692,692,26,10/01/2024,09/30/2025
22C0001089,BAYSTATE NEW ENGLAND ORTHOPEDIC SURGEONS ALLIANCE LLC,50 WASON AVENUE 2ND FLOOR,SPRINGFIELD,MA,01107,,(413) 286-1020,99,1,0,99,92,7,1,96,94,6,0,97,94,5,1,98,3,2142,645,30,10/01/2024,09/30/2025
22C0001101,NEW ENGLAND BAPTIST SURGERY CENTER LLC,40 ALLIED DRIVE SUITE 200,DEDHAM,MA,02026,,(781) 809-2050,99,1,0,99,94,5,1,96,97,3,0,98,95,3,2,97,,1294,573,44,10/01/2024,09/30/2025
23C0001001,CASTLEMAN SURGERY CENTER DBA SOUTHGATE SURGERY CENTER,14050 DIX-TOLEDO RD,SOUTHGATE,MI,48195,,(734) 281-0100,98,1,1,99,88,9,3,93,91,8,1,96,88,9,3,95,3,1455,129,9,10/01/2024,09/30/2025
23C0001002,BALIAN EYE CENTER LLC,432 WEST UNIVERSITY DRIVE,ROCHESTER,MI,48307,,(248) 651-6122,,,,,,,,,,,,,,,,,1,,,,,
23C0001003,MICHIGAN OUTPATIENT SURGERY CENTER INC,"33080 UTICA RD., SUITE A",FRASER,MI,48026,,(586) 218-5890,98,2,0,99,91,7,2,95,91,8,1,95,86,12,2,94,3,689,248,36,10/01/2024,09/30/2025
23C0001006,LAKESHORE EYE SURGERY CENTER,21711 GREATER MACK,ST CLAIR SHORES,MI,48080,,(586) 774-4080,98,2,0,99,96,3,1,98,93,5,2,96,91,7,2,96,,1595,761,48,10/01/2024,09/30/2025
23C0001009,HOLLAND EYE CLINIC PC,999 WASHINGTON AVE,HOLLAND,MI,49423,,(616) 396-2316,97,3,0,99,95,4,1,97,94,4,2,97,93,5,2,97,3,575,256,47,10/01/2024,09/30/2025
23C0001012,GARRETT EYE CENTER,1301 CARPENTER AVE,IRON MOUNTAIN,MI,49801,,(906) 774-1404,98,2,0,99,89,9,2,94,88,8,4,96,88,12,0,96,,868,124,14,10/01/2024,09/30/2025
23C0001017,CUKROWSKI SURGERY CENTER PC,701SOUTH BALLENGER HWY,FLINT,MI,48532,,(810) 238-3603,99,1,0,100,94,4,2,96,97,2,1,98,89,11,0,97,"3,6",524,80,16,10/01/2024,09/30/2025
23C0001020,SURGICAL CARE CENTER OF MICHIGAN,750 EAST BELTLINE NE,GRAND RAPIDS,MI,49525,,(616) 588-6520,97,3,0,99,89,9,2,93,90,9,1,96,88,12,0,96,,1731,177,10,10/01/2024,09/30/2025
23C0001021,SURGERY CENTER OF MICHIGAN,44650 DELCO BLVD,STERLING HEIGHTS,MI,48313,,(586) 685-2128,95,5,0,98,94,6,0,97,89,11,0,96,76,24,0,92,"3,10",548,29,5,10/01/2024,09/30/2025
23C0001023,OAKLAND SURGICENTER INC,2820 CROOKS RD STE 200,ROCHESTER HILLS,MI,48309,,(248) 852-7484,99,1,0,100,96,3,1,98,93,5,2,97,88,10,2,95,3,528,127,24,10/01/2024,09/30/2025
23C0001025,EASTSIDE ASSOCIATES LLC,"28963 LITTLE MACK, STE. 103",ST CLAIR SHORES,MI,48081,,(586) 447-5122,98,2,0,99,92,6,2,95,90,7,3,96,88,11,1,95,3,512,175,34,10/01/2024,09/30/2025
23C0001027,LAKE LANSING ASC PARTNERS LLC,1707 LAKE LANSING RD,LANSING,MI,48912,,(517) 708-3363,97,2,1,98,93,5,2,95,86,11,3,94,85,12,3,94,"3,6",566,94,17,10/01/2024,09/30/2025
23C0001028,WOODBRIDGE CENTER LLC,7901 ANGLING RD.,PORTAGE,MI,49024,,(269) 324-8402,97,2,1,98,94,5,1,96,84,15,1,93,84,13,3,93,3,652,123,19,10/01/2024,09/30/2025
23C0001030,GRAND VALLEY SURGICAL CENTER,2680 LEONARD ST NORTHEAST,GRAND RAPIDS,MI,49525,,(616) 224-1110,99,1,0,99,94,5,1,96,91,9,0,96,93,6,1,97,3,504,164,33,10/01/2024,09/30/2025
23C0001031,GENESIS ASC PARTNERS LLC DBA GENESIS SURGERY CENTER,3400 EAST JOLLY RD,LANSING,MI,48910,,(517) 708-3363,98,2,0,99,96,3,1,97,92,7,1,97,89,10,1,96,,697,232,33,10/01/2024,09/30/2025
23C0001032,BLAKE WOODS MEDICAL PARK SURGERY CENTER,2775 BLAKE RD,JACKSON,MI,49201,,(517) 787-2906,98,2,0,99,92,7,1,96,89,10,1,96,87,9,4,94,3,2300,912,40,10/01/2024,09/30/2025
23C0001033,BROOKSIDE SURGERY CENTER,"3600 CAPITAL AVE, SUITE 101",BATTLE CREEK,MI,49015,,(269) 979-2490,98,2,0,99,95,4,1,97,93,6,1,96,86,12,2,95,3,467,167,36,10/01/2024,09/30/2025
23C0001034,THE SURGERY CENTER,5080 N. ROYAL DR.,TRAVERSE CITY,MI,49684,,(231) 929-3888,98,2,0,99,97,2,1,98,95,4,1,97,92,6,2,97,3,388,187,48,10/01/2024,09/30/2025
23C0001035,MICHIGAN SURGICAL CENTER LLC,2075 COOLIDGE RD.,EAST LANSING,MI,48823,,(517) 319-9024,99,1,0,100,92,7,1,96,95,3,2,97,91,7,2,96,3,661,184,28,10/01/2024,09/30/2025
23C0001036,THE SURGERY CENTER,5202 MILLER RD.,FLINT,MI,48507,,(810) 732-7700,99,1,0,99,91,7,2,94,95,2,3,97,90,8,2,95,3,1044,128,12,10/01/2024,09/30/2025
23C0001038,CATARACT SPECIALTY SURGICAL CENTER,28747 WOODWARD AVE,BERKLEY,MI,48072,,(248) 584-4602,97,2,1,98,92,6,2,95,91,7,2,96,89,8,3,94,,842,164,20,10/01/2024,09/30/2025
23C0001040,AMERICAN SURGICAL CENTERS II LLC,12200 13 MILE RD,ROSEVILLE,MI,48066,,(586) 498-9440,96,3,1,97,87,10,3,92,76,15,9,89,67,23,10,84,3,861,201,23,10/01/2024,09/30/2025
23C0001043,SURGICAL CENTERS OF MICHIGAN LLC,4600 INVESTMENT DR,TROY,MI,48098,,(248) 844-9710,98,2,0,99,90,8,2,94,89,10,1,96,89,8,3,95,3,955,264,28,10/01/2024,09/30/2025
23C0001045,MICHIGAN ENDOSCOPY CENTER LLC,"30055 NORTHWESTERN HWY, STE. L60",FARMINGTON HILLS,MI,48334,,(248) 865-6555,96,4,0,98,90,8,2,94,87,10,3,95,85,13,2,94,3,3762,1115,30,10/01/2024,09/30/2025
23C0001046,SOUTHFIELD ENDOSCOPY ASC LLC,264 W. MAPLE RD. STE. 100,TROY,MI,48084,,(248) 269-5594,98,2,0,99,93,5,2,95,91,8,1,96,89,9,2,96,,1641,557,34,10/01/2024,09/30/2025
23C0001047,ASSOCIATED SURGICAL CENTER OF DEARBORN LLC,24420 FORD RD,DEARBORN HEIGHTS,MI,48127,,(313) 925-3304,98,2,0,99,95,4,1,97,88,8,4,95,86,12,2,94,"3,6",413,83,20,10/01/2024,09/30/2025
23C0001048,ASC-TCG LLC DBA TRI-COUNTY CENTER FOR ENDOSCOPY AND SURGERY,37399 GARFIELD SUITE 100,CLINTON TOWNSHIP,MI,48036,,(586) 228-5300,98,2,0,99,92,7,1,96,91,8,1,96,89,8,3,95,3,706,228,32,10/01/2024,09/30/2025
23C0001049,UNASOURCE SURGERY CENTER,4550 INVESTMENT DR. STE. 100,TROY,MI,48098,,(248) 265-4610,99,1,0,99,94,5,1,97,96,4,0,98,94,5,1,98,3,557,242,43,10/01/2024,09/30/2025
23C0001050,COPPER RIDGE SURGERY CENTER,4100 PARK FOREST DR,TRAVERSE CITY,MI,49864,,(231) 392-8935,98,2,0,99,93,6,1,96,95,4,1,96,93,6,1,97,,1239,482,39,10/01/2024,09/30/2025
23C0001052,NEWCO AMBULATORY SURGERY CENTER LLP,4190 24TH AVE,FORT GRATIOT,MI,48059,,(810) 216-4401,98,2,0,99,91,7,2,94,89,10,1,95,92,6,2,96,3,826,144,18,10/01/2024,09/30/2025
23C0001053,EAST PARIS SURGICAL CENTER LLC,1000 EAST PARIS AVE S.E.,GRAND RAPIDS,MI,49546,,(616) 464-3430,97,3,0,99,89,10,1,94,93,6,1,96,90,9,1,96,,1915,181,10,10/01/2024,09/30/2025
23C0001054,SURGERY CENTER OF KALAMAZOO LLC,"3200 W. CENTRE AVE., SUITE 101",PORTAGE,MI,49024,,(269) 323-9905,97,3,0,98,94,5,1,97,90,8,2,95,88,10,2,95,3,1772,687,39,10/01/2024,09/30/2025
23C0001056,CENTER FOR DIGESTIVE CARE LLC,5300 ELLIOTT DR,YPSILANTI,MI,48197,,(734) 528-5399,,,,,,,,,,,,,,,,,1,,,,,
23C0001059,DEARBORN SURGERY CENTER LLC DBA DEARBORN SURGERY CENTER,18100 OAKWOOD BLVD SUITE 100,DEARBORN,MI,48124,,(313) 253-2040,98,2,0,99,92,6,2,95,91,8,1,96,91,8,1,96,,4151,1063,26,10/01/2024,09/30/2025
23C0001060,GREAT LAKES SURGICAL CENTER LLC,26051 LAHSER RD.,SOUTHFIELD,MI,48033,,(248) 223-9925,99,1,0,100,88,11,1,93,94,6,0,96,85,15,0,95,3,463,102,22,10/01/2024,09/30/2025
23C0001061,WEST BLOOMFIELD SURGERY CENTER LLC DBA LAKES SURGERY CENTER,2300 HAGGERTY RD SUITE 1000,WEST BLOOMFIELD,MI,48323,,(248) 896-6322,96,3,1,98,93,6,1,96,91,8,1,95,87,11,2,95,3,981,306,31,10/01/2024,09/30/2025
23C0001065,GRAND RIVER ENDOSCOPY CENTER LLC,310 LAFAYETTE AVE SE STE 200,GRAND RAPIDS,MI,49503,,(616) 752-5883,98,2,0,99,93,5,2,96,91,9,0,96,85,14,1,94,3,554,110,20,10/01/2024,09/30/2025
23C0001066,ROCHESTER SURGERY CENTER PC,405 BARCLAY CIR.,ROCHESTER HILLS,MI,48307,,(248) 793-0800,99,1,0,100,92,7,1,95,96,4,0,98,94,5,1,98,3,769,143,19,10/01/2024,09/30/2025
23C0001067,BLUE WATER ASC LLC,920 RIVER CENTRE DR,PORT HURON,MI,48060,,(810) 985-5200,99,1,0,100,97,3,0,98,94,5,1,97,92,6,2,96,,1958,827,42,10/01/2024,09/30/2025
23C0001068,SHORELINE ASC INC,1266 E. SHERMAN BLVD,MUSKEGON,MI,49444,,(231) 737-4714,99,1,0,100,92,6,2,95,96,4,0,97,92,8,0,97,,1818,212,12,10/01/2024,09/30/2025
23C0001069,KALAMAZOO ENDO CENTER,3300 COOLEY CT,PORTAGE,MI,49024,,(269) 488-5701,96,3,1,97,96,4,0,98,89,10,1,95,87,11,2,95,3,2116,658,31,10/01/2024,09/30/2025
23C0001071,PAIN TREATMENT CENTER OF MICHIGAN LLC DBA MATRIX SURGERY CENTER,4450 FASHION SQUARE BLVD SUITE 200,SAGINAW,MI,48603,,(989) 790-7950,98,2,0,99,92,8,0,96,93,5,2,97,91,5,4,96,3,408,126,31,10/01/2024,09/30/2025
23C0001072,SURGERY CENTER AT HEALTH PARK LLC,600 HEALTH PARK BLVD STE A,GRAND BLANC,MI,48439,,(810) 603-8205,99,1,0,100,93,6,1,96,96,4,0,97,94,6,0,98,3,283,112,40,10/01/2024,09/30/2025
23C0001073,ANDERSEN EYE SURGERY CENTER LLC,5161 CARDINAL PARK DR,SAGINAW,MI,48604,,(989) 249-6271,98,2,0,99,88,9,3,92,91,8,1,97,89,10,1,96,3,660,145,22,10/01/2024,09/30/2025
23C0001074,THE CENTER FOR GASTROINTESTINAL HEALTH AT HEALTH PARK LLC,600 HEALTH PARK BLVD. STE. E,GRAND BLANC,MI,48439,,(810) 603-8224,98,2,0,99,92,6,2,95,92,8,0,97,91,8,1,96,,736,227,31,10/01/2024,09/30/2025
23C0001075,NEW MILLENNIUM SURGERY CENTER PLLC,29201 TELEGRAPH RD. STE. 315,SOUTHFIELD,MI,48034,,(248) 281-0028,97,2,1,98,90,8,2,94,91,7,2,96,84,15,1,94,"3,6",366,99,27,10/01/2024,09/30/2025
23C0001077,GREAT LAKES EYE SURGERY CENTER LLC,2393 SCHUST,SAGINAW,MI,48603,,(989) 752-6200,97,3,0,98,90,9,1,94,86,11,3,94,88,8,4,95,,692,163,24,10/01/2024,09/30/2025
23C0001079,SIXTY FOURTH STREET LLC,2373 64TH ST. SW STE. 2200,BYRON CENTER,MI,49315,,(616) 685-3978,99,1,0,99,96,4,0,98,93,5,2,96,90,8,2,96,,928,325,35,10/01/2024,09/30/2025
23C0001080,WALKER SURGICAL CENTER LLC,3300 WALKER VIEW DR.,WALKER,MI,49544,,(616) 588-6560,98,2,0,99,92,6,2,95,92,8,0,98,90,10,0,97,,1501,152,10,10/01/2024,09/30/2025
23C0001081,WEST MICHIGAN SURGERY CENTER LLC,20095 GILBERT RD SUITE A,BIG RAPIDS,MI,49307,,(231) 592-1360,98,1,1,98,87,10,3,92,87,10,3,95,88,10,2,95,3,720,172,24,10/01/2024,09/30/2025
23C0001082,MACKINAW SURGERY CENTER LLC,5400 MACKINAW RD SUITE 2200,SAGINAW,MI,48604,,(989) 583-5200,98,2,0,99,93,6,1,96,95,4,1,97,94,2,4,96,3,313,114,36,10/01/2024,09/30/2025
23C0001083,BALD MOUNTAIN SURGICAL CENTER,1375 S. LAPEER RD. STE. 109,LAKE ORION,MI,48360,,(248) 693-7954,98,1,1,99,94,5,1,96,95,4,1,97,95,4,1,97,3,434,201,46,10/01/2024,09/30/2025
23C0001085,TOWNE CENTRE SURGERY CENTER LLC,4599 TOWN CENTER RD.,SAGINAW,MI,48604,,(989) 497-3096,96,3,1,98,89,8,3,94,88,12,0,96,88,12,0,96,,1263,185,15,10/01/2024,09/30/2025
23C0001087,CROWNE POINT ENDOSCOPY AND SURGERY CENTER,6240 RASHELLE DR. STE. 101,FLINT,MI,48507,,(810) 600-4000,98,2,0,99,92,7,1,95,91,5,4,95,90,6,4,95,3,780,271,35,10/01/2024,09/30/2025
23C0001088,EASTSIDE ASSOCIATES LLC,"28963 LITTLE MACK, SUITE 103",ST CLAIR SHORES,MI,48081,,(856) 447-5115,98,2,0,99,91,7,2,95,95,5,0,97,92,7,1,97,3,521,163,31,10/01/2024,09/30/2025
23C0001091,LAPEER COUNTY SURGERY CENTER,1546 CALLIS RD,LAPEER,MI,48446,,(810) 667-4000,99,1,0,100,94,5,1,97,97,3,0,98,97,2,1,98,,1233,436,35,10/01/2024,09/30/2025
23C0001092,BIRMINGHAM AMBULATORY SURGICAL CENTER PLLC,230 WEST MAPLE,TROY,MI,48084,,(248) 244-1500,99,1,0,100,92,6,2,95,96,3,1,97,89,10,1,96,3,796,168,21,10/01/2024,09/30/2025
23C0001093,WATERFORD SURGICAL CENTER LLC,"5220 HIGHLAND RD, STE. 100",WATERFORD,MI,48327,,(248) 886-5559,98,2,0,99,91,7,2,94,90,8,2,96,88,10,2,95,3,1255,375,30,10/01/2024,09/30/2025
23C0001101,EYE SURGERY CENTER OF MICHIGAN LLC,3455 LIVERNOIS,TROY,MI,48083,,(248) 619-2020,97,3,0,98,92,7,1,95,93,5,2,96,88,10,2,95,3,514,209,41,10/01/2024,09/30/2025
23C0001102,BONE AND JOINT SURGERY CENTER OF NOVI,26750 PROVIDENCE PKWY #100,NOVI,MI,48374,,(248) 662-1500,99,1,0,99,92,7,1,95,91,5,4,95,86,11,3,94,3,662,132,20,10/01/2024,09/30/2025
23C0001104,NOVI SURGERY CENTER,25500 MEADOWBROOK RD SUITE 110,NOVI,MI,48375,,(248) 919-3857,98,2,0,99,91,6,3,94,90,10,0,96,86,14,0,95,3,903,135,15,10/01/2024,09/30/2025
23C0001108,PREMIER SURGICAL CTR OF MICHIGAN,43475 DALCOMADRIVE SUITE 100,CLINTON TOWNSHIP,MI,48038,,(586) 263-5043,99,1,0,100,93,6,1,96,96,3,1,98,92,7,1,96,3,833,278,33,10/01/2024,09/30/2025
23C0001109,CLARKSTON SURGERY CENTER,5701 BOW POINTE DR,CLARKSTON,MI,48346,,(248) 922-4800,99,1,0,99,91,8,1,95,89,9,2,95,89,10,1,96,,1445,426,29,10/01/2024,09/30/2025
23C0001110,MUSKEGON SC LLC,"1400 MERCY DR, STE. 150",MUSKEGON,MI,49444,,(231) 733-7800,98,2,0,99,95,4,1,97,91,9,0,97,91,7,2,96,3,491,190,39,10/01/2024,09/30/2025
23C0001111,METRO HEALTH ASC LLC DBA METRO HEALTH OAM SURGERY CENTER,555 MIDTOWNE ST NORTHEAST SUITE 200,GRAND RAPIDS,MI,49503,,(616) 552-5000,99,1,0,100,94,5,1,97,92,7,1,95,92,7,1,97,3,681,242,36,10/01/2024,09/30/2025
23C0001113,NPS ASSOCIATES LLC DBA GREAT LAKES BAY SURGERY & ENDOSCOPY CENTER,4228 BAY CITY RD,MIDLAND,MI,48642,,(989) 495-9100,99,1,0,99,90,8,2,94,87,13,0,95,88,12,0,96,3,610,176,29,10/01/2024,09/30/2025
23C0001114,SURGICAL INSTITUTE OF MONROE,1051 SOUTH TELEGRAPH RD,MONROE,MI,48161,,(734) 244-5383,98,2,0,99,92,6,2,95,90,8,2,96,89,9,2,95,,1116,401,36,10/01/2024,09/30/2025
23C0001115,LIVONIA OUTPATIENT SURGERY CENTER LLC,33400 W. SIX MILE RD. STE. B,LIVONIA,MI,48152,,(734) 452-7115,97,3,0,98,89,10,1,94,86,13,1,95,84,15,1,94,3,721,164,23,10/01/2024,09/30/2025
23C0001116,MIDMICHIGAN ENDOSCOPY CENTER PLLC,1144 CHARTER DR,FLINT,MI,48532,,(810) 230-7200,97,2,1,98,87,9,4,92,86,10,4,94,82,14,4,92,3,1425,341,24,10/01/2024,09/30/2025
23C0001118,OSI LLC DBA ORTHOPAEDIC SURGICAL INSTITUTE,1349 SOUTH ROCHESTER RD SUITE 250,ROCHESTER HILLS,MI,48307,,(248) 601-0040,98,2,0,99,89,10,1,94,93,5,2,97,91,9,0,97,"3,6",517,87,17,10/01/2024,09/30/2025
23C0001119,MACOMB ENDOSCOPY CENTER PLC,48801 ROMEO PLANK RD STE 101,MACOMB,MI,48044,,(248) 844-9710,98,2,0,99,91,7,2,94,92,7,1,96,90,7,3,95,3,1070,310,29,10/01/2024,09/30/2025
23C0001120,MICHIGAN ENDOSCOPY CENTER AT PROVIDENCE PARK,"47601 GRANDRIVER AVE, STE. D110",NOVI,MI,48374,,(248) 465-9220,96,3,1,98,91,7,2,95,90,8,2,95,88,10,2,95,3,2113,632,30,10/01/2024,09/30/2025
23C0001121,TOWN CENTER ASC LLC,"130 TOWN CENTER DR., STE. 130",TROY,MI,48084,,(248) 680-9101,96,4,0,98,88,9,3,93,83,13,4,94,78,18,4,91,3,663,196,30,10/01/2024,09/30/2025
23C0001123,SYNERGY SPINE AND ORTHOPEDIC SURGERY CENTER LLC,5504 WEST 12 MILE RD,WARREN,MI,48092,,(586) 933-5613,99,1,0,99,92,7,1,96,84,15,1,94,84,16,0,94,3,762,165,22,10/01/2024,09/30/2025
23C0001125,MEI SURGERY CENTER PLLC DBA MICHIGAN EYE SURGERY CENTER,4495 TOWN CENTER PARKWAY,FLINT,MI,48532,,(810) 244-3937,98,2,0,99,91,7,2,95,92,6,2,96,84,15,1,94,3,1057,382,36,10/01/2024,09/30/2025
23C0001126,SPECIALTY SURGICAL CTR,22000 GREENFIELD RD,OAK PARK,MI,48237,,(248) 206-2990,98,1,1,99,96,2,2,97,89,6,5,96,87,11,2,94,"3,10",186,29,16,10/01/2024,09/30/2025
23C0001128,RED CEDAR SURGERY CENTER PLLC,5668 OKEMOS RD,HASLETT,MI,48840,,(517) 481-2883,99,1,0,99,95,4,1,97,97,2,1,98,94,4,2,97,,490,213,43,10/01/2024,09/30/2025
23C0001129,MPS ASC VENTURES INKSTER LLC DBA MIORTHO SURGERY CENTER,29110 INKSTER ROAD SUITE 100,SOUTHFIELD,MI,48034,,(248) 234-9300,98,2,0,99,89,9,2,93,92,7,1,96,89,10,1,96,3,973,411,42,10/01/2024,09/30/2025
23C0001131,GREAT LAKES SURGERY CTR LLC,2848 NILES RD STE B,ST JOSEPH,MI,49085,,(269) 428-3304,98,2,0,99,90,8,2,94,95,4,1,97,90,7,3,95,,450,181,40,10/01/2024,09/30/2025
23C0001132,GENESYS SURGERY CENTER,35105 WARREN RD,WESTLAND,MI,48185,,(734) 351-5269,95,4,1,97,89,7,4,93,84,10,6,93,80,16,4,91,3,900,205,23,10/01/2024,09/30/2025
23C0001134,MT PLEASANT SURGERY CTR,4851 EAST PICKARD ST,MT PLEASANT,MI,48858,,(989) 546-2171,95,4,1,97,93,6,1,96,85,13,2,95,83,14,3,93,3,386,136,35,10/01/2024,09/30/2025
23C0001135,ROCHESTER ENDOSCOPY & SURGERY CENTER LLC,1349 SOUTH ROCHESTER RD SUITE 150,ROCHESTER HILLS,MI,48307,,(312) 794-7730,98,2,0,99,89,8,3,93,91,7,2,96,93,7,0,98,3,2208,120,6,10/01/2024,09/30/2025
23C0001137,GRAND RAPIDS SURGICAL SUITES PLLC,2505 EAST PARIS AVE SUITE 105,GRAND RAPIDS,MI,49546,,(616) 551-3459,96,3,1,98,92,7,1,95,80,17,3,93,76,22,2,91,,590,225,38,10/01/2024,09/30/2025
23C0001138,WEST MICHIGAN SURGICAL CENTER LLC,8300 LOGISTICS DR,ZEELAND,MI,49464,,(616) 748-0630,98,2,0,99,92,7,1,96,82,13,5,93,79,16,5,90,3,592,165,28,10/01/2024,09/30/2025
23C0001139,HEALTH POINTE,15100 WHITTAKER WAY,GRAND HAVEN,MI,49417,,(616) 935-6329,99,1,0,99,94,5,1,97,90,10,0,96,84,14,2,93,3,621,103,17,10/01/2024,09/30/2025
23C0001140,MICHIGAN OUTPATIENT SURGICAL SOLUTIONS,46325 WEST 12 MILE ROAD SUITE 100,NOVI,MI,48377,,(248) 618-2121,98,2,0,99,94,5,1,97,93,5,2,96,89,9,2,96,,876,305,35,10/01/2024,09/30/2025
23C0001142,ALLIANCE SURGERY CENTER,3663 NORTH COUNTRY DRIVE,TRAVERSE CITY,MI,49684,,(000) 000-0000,97,2,1,98,94,5,1,96,95,4,1,96,93,5,2,97,3,705,317,45,10/01/2024,09/30/2025
23C0001143,SURGERY CENTER AT GATEWAY LLC,5302 GATEWAY CENTER,FLINT,MI,48507,,(810) 285-9901,99,1,0,99,94,6,0,97,95,4,1,97,94,5,1,98,3,414,185,45,10/01/2024,09/30/2025
23C0001144,NORTHERN MICHIGAN SURGICAL SUITES,825 MOLL DRIVE,BOYNE CITY,MI,49712,,(000) 000-0000,98,2,0,99,93,6,1,96,92,8,0,96,91,9,0,97,,413,195,47,10/01/2024,09/30/2025
23C0001145,UPPER PENINSUAL SURGERY CENTER DBA UPPER MICHIGAN SURGERY CENTER,1414 WEST FAIR AVENUE,MARQUETTE,MI,49855,,(000) 000-0000,98,2,0,99,93,6,1,96,91,8,1,96,89,10,1,96,,907,218,24,10/01/2024,09/30/2025
23C0001146,SOUTHFIELD SURGERY CENTER LLC,26225 GREENFIELD ROAD,SOUTHFIELD,MI,48076,,(248) 541-7801,95,3,2,96,97,2,1,98,86,8,6,91,81,14,5,91,"3,10",236,32,14,10/01/2024,09/30/2025
23C0001147,GRASS LAKE SURGERY CENTER,3800 CENTENNIAL BOULEVARD,GRASS LAKE,MI,49240,,(517) 701-3100,99,1,0,100,97,3,0,98,98,2,0,99,95,3,2,97,3,484,184,38,10/01/2024,09/30/2025
23C0001148,PRECISION SURGERY CENTER,22701 HALL ROAD,MACOMB,MI,48042,,(916) 698-4700,98,2,0,99,87,11,2,93,93,6,1,97,90,8,2,96,3,1910,134,7,10/01/2024,09/30/2025
23C0001149,MICHIGAN ADVANCED SURGICAL CENTER,27101 SCHOENHERR ROAD SUITE 300,WARREN,MI,48088,,(586) 434-3210,99,1,0,100,94,5,1,97,95,5,0,98,81,19,0,94,"3,6",520,74,14,10/01/2024,09/30/2025
23C0001150,SUMMIT SURGERY CENTER,1560 EAST MAPLE ROAD SUITE 100,TROY,MI,48083,,(248) 252-2763,98,2,0,99,93,6,1,96,94,6,0,97,93,6,1,97,3,472,174,37,10/01/2024,09/30/2025
23C0001151,GRAND RIVER SURGERY CENTER LLC,1090 TROWBRIDGE ROAD SUITE A,EAST LANSING,MI,48823,,(517) 220-0240,98,2,0,99,98,2,0,99,92,5,3,95,88,11,1,96,3,568,157,28,10/01/2024,09/30/2025
23C0001152,BLOOMFIELD HILLS SURGERY CENTER DBA BLOOMFIELD HILLS SURGICAL CENTER,359 ENTERPRISE COURT SUITE C,BLOOMFIELD HILLS,MI,48302,,(248) 220-7505,98,2,0,99,91,7,2,94,93,5,2,96,87,11,2,94,3,1743,523,30,10/01/2024,09/30/2025
23C0001153,PLATINUM MANAGEMENT LLC DBA MOVI ASC,5250 AUTO CLUB DRIVE SUITE 170,DEARBORN,MI,48126,,(313) 359-8300,99,1,0,99,74,23,3,86,91,5,4,96,87,11,2,94,"3,10",274,27,10,10/01/2024,09/30/2025
23C0001154,LENOX SURGERY CENTER LLC,36555 26 MILE ROAD SUITE 1900,LENOX,MI,48048,,(586) 786-8050,,,,,,,,,,,,,,,,,1,,,,,
23C0001155,HURON GASTRO ENDOSCOPY CENTER LLC DBA HURON GASTRO CENTER FOR DIGESTIVE CARE,36650 FIVE MILE ROAD,LIVONIA,MI,48154,,(734) 434-6262,,,,,,,,,,,,,,,,,1,,,,,
23C0001156,MICHIGAN SPECIALTY SURGERY CENTER LLC,6886 SASHABAW ROAD,CLARKSTON,MI,48348,,(248) 707-3112,99,1,0,100,91,8,1,95,100,0,0,99,91,9,0,97,3,557,172,31,10/01/2024,09/30/2025
23C0001157,PIONEER ENDOSCOPY AND SURGERY CENTER LLC,36401 VAN DYKE AVENUE,STERLING HEIGHTS,MI,48312,,(586) 771-0270,98,2,0,99,93,6,1,96,94,5,1,97,88,10,2,95,3,705,124,18,10/01/2024,09/30/2025
23C0001158,BRONSON AMBULATORY SURGERY CENTER LLC DBA BRONSON ORTHOPEDIC SURGERY CENTER,6263 BEATRICE DRIVE,KALAMAZOO,MI,49009,,(269) 352-8911,100,0,0,100,98,2,0,99,98,2,0,99,96,3,1,98,3,358,148,45,10/01/2024,09/30/2025
23C0001160,EASTSIDE ASSOCIATES LLC DBA EASTSIDE ENDOSCOPY CENTER,36750 26 MILE ROAD SUITE 210,CHESTERFIELD,MI,48047,,(586) 473-6400,99,1,0,100,93,6,1,96,97,2,1,97,93,5,2,96,3,572,212,37,10/01/2024,09/30/2025
23C0001162,LIVONIA SURGERY CENTER LLC,39000 7 MILE ROAD SUITE 1500,LIVONIA,MI,48152,,(734) 418-4888,,,,,,,,,,,,,,,,,1,,,,,
23C0001163,UNIVERSAL CARE SURGICAL CENTER LLC,5456 15 MILE ROAD SUITE 102,STERLING HEIGHTS,MI,48310,,(586) 800-5095,,,,,,,,,,,,,,,,,1,,,,,
23C0001165,LAKE LANSING SURGICAL CENTER LLC DBA MIDWEST VISION SURGERY CENTER OF LANSING,7397 EAST SAGINAW STREET,EAST LANSING,MI,48823,,(517) 897-9417,99,1,0,99,97,2,1,98,92,7,1,97,93,5,2,96,"3,6",134,60,45,10/01/2024,09/30/2025
23C0001166,AMERICAN SURGICAL CENTERS ANN ARBOR LLC DBA ANN ARBOR SURGICAL CENTER,710 AVIS DRIVE SUITE 100,ANN ARBOR,MI,48108,,(734) 719-8900,98,2,0,99,92,6,2,95,92,6,2,96,87,10,3,94,3,1687,552,33,10/01/2024,09/30/2025
23C0001167,MUSKEGON SURGICAL ASSOCIATES SURGICENTER PLC,1672 PATRIOT DRIVE,MUSKEGON,MI,49444,,(231) 739-9461,100,0,0,100,92,7,1,95,97,2,1,97,92,7,1,97,"3,6",926,68,7,10/01/2024,09/30/2025
23C0001168,HALL ROAD ASC LLC DBA MICHIGAN SURGICAL UTICA,11051 HALL ROAD SUITE 100,UTICA,MI,48317,,(586) 500-9222,97,2,1,98,91,8,1,95,87,10,3,94,80,18,2,92,3,756,197,26,10/01/2024,09/30/2025
23C0001169,SSC ORTHOPEDICS DBA COREWELL HEALTH ORTHOPEDIC SURGERY CENTER GRAND RAPIDS,2770 EAST BELTLINE AVENUE NORTHEAST SUITE B200,GRAND RAPIDS,MI,49525,,(616) 317-5969,96,2,2,97,90,8,2,94,89,6,5,93,84,10,6,92,"3,10",120,39,33,10/01/2024,09/30/2025
24C0001000,ST CLOUD SURGICAL CENTER,1526 NORTHWAY DR,ST CLOUD,MN,56303,,(320) 251-8385,98,2,0,99,95,4,1,97,94,5,1,97,96,3,1,98,3,642,268,42,10/01/2024,09/30/2025
24C0001007,MIDWEST SURGERY CENTER,2080 WOODWINDS DR,WOODBURY,MN,55125,,(651) 642-9199,98,2,0,99,94,5,1,97,89,10,1,95,86,13,1,95,3,675,232,34,10/01/2024,09/30/2025
24C0001009,HEALTHEAST SURGERY CENTER MAPLEWOOD LLC,2945 HAZELWOOD STREET,MAPLEWOOD,MN,55109,,(651) 471-9701,97,2,1,98,92,7,1,95,86,12,2,95,86,11,3,94,3,870,241,28,10/01/2024,09/30/2025
24C0001010,CARRIS HEALTH LLC DBA CENTRACARE WILLMAR SURGERY CENTER,1310 1ST STREET SOUTH,WILLMAR,MN,56201,,(320) 235-6506,98,2,0,99,91,8,1,95,84,15,1,94,82,17,1,94,,1753,472,27,10/01/2024,09/30/2025
24C0001011,MINNESOTA EYE LASER AND SURGERY CENTERS LLC BLOOMINGTON,9801 DUPONT AVE SOUTH SUITE 100,BLOOMINGTON,MN,55431,,(952) 888-5800,96,3,1,98,91,8,1,95,89,8,3,95,85,10,5,92,3,391,152,39,10/01/2024,09/30/2025
24C0001014,CENTENNIAL LAKES SURGERY CENTER,7373 FRANCE AVE SOUTH SUITE 404,EDINA,MN,55435,,(952) 832-9360,98,2,0,99,94,5,1,97,92,7,1,97,92,6,2,96,3,615,220,36,10/01/2024,09/30/2025
24C0001017,WESTHEALTH SURGERY CENTER,2855 CAMPUS DR SUITE 200,PLYMOUTH,MN,55441,,(952) 456-7354,98,2,0,99,96,3,1,98,92,6,2,96,89,8,3,95,3,738,225,30,10/01/2024,09/30/2025
24C0001019,LANDMARK SURGERY CENTER,7115 TAMARACK RD SUITE 200,WOODBURY,MN,55125,,(651) 261-1717,99,1,0,99,94,5,1,97,95,5,0,97,94,5,1,98,,1479,494,33,10/01/2024,09/30/2025
24C0001025,EAST METRO ASC LLC,8650 HUDSON BLVD SUITE 200,LAKE ELMO,MN,55042,,(651) 702-7424,97,2,1,98,93,6,1,96,90,8,2,95,91,6,3,95,,677,293,43,10/01/2024,09/30/2025
24C0001026,LAKEWALK SURGERY CENTER,1420 LONDON RD SUITE 100,DULUTH,MN,55805,,(218) 728-8505,99,1,0,99,95,4,1,98,93,6,1,97,92,8,0,97,,715,303,42,10/01/2024,09/30/2025
24C0001032,MCCANNEL EYE SURGERY,3124 WEST 70TH ST,EDINA,MN,55435,,(952) 848-8340,98,2,0,99,98,2,0,99,93,6,1,97,95,4,1,97,,854,406,48,10/01/2024,09/30/2025
24C0001034,MNGI ENDOSCOPY ASC INC,"2550 UNIVERSITY AVE WEST, SUITE 423 SOUTH",COON RAPIDS,MN,55433,,(612) 871-1145,99,1,0,99,93,6,1,96,91,9,0,96,93,7,0,97,3,545,128,26,10/01/2024,09/30/2025
24C0001036,MANKATO SURGERY CENTER,1411 PREMIERE DR,MANKATO,MN,56001,,(507) 386-5543,97,3,0,98,91,7,2,95,90,9,1,95,88,10,2,95,3,376,136,36,10/01/2024,09/30/2025
24C0001037,MNGI ENDOSCOPY ASC INC,15700 37TH AVE NORTH SUITE 300,PLYMOUTH,MN,55446,,(612) 871-1145,99,1,0,99,93,6,1,96,92,7,1,96,86,11,3,94,3,563,136,27,10/01/2024,09/30/2025
24C0001039,ST CLOUD CENTER FOR OPTHALMIC SURGERY,2055 15TH NORTH ST,ST CLOUD,MN,56303,,(320) 258-6620,98,2,0,99,92,7,1,95,87,11,2,94,88,10,2,95,3,1628,808,50,10/01/2024,09/30/2025
24C0001040,CDI TWIN CITIES ASC LLC,5775 WAYZATA BLVD SUITE 190,SAINT LOUIS PARK,MN,55416,,(605) 520-5678,99,1,0,100,96,3,1,98,88,10,2,95,87,11,2,95,"3,6",317,74,23,10/01/2024,09/30/2025
24C0001042,ORTHOPAEDIC INSTITUTE SURGERY CENTER,8100 W. 78TH ST. STE. 220,EDINA,MN,55439,,(952) 914-8419,99,1,0,99,96,4,0,98,96,3,1,97,95,4,1,98,3,640,232,36,10/01/2024,09/30/2025
24C0001043,MINNESOTA EYE INSTITUTE SURGERY CENTER LLC,3401 S. BROADWAY,ALEXANDRIA,MN,56308,,(320) 759-2020,99,0,1,99,94,5,1,97,99,1,0,99,96,4,0,99,"3,6",243,53,22,10/01/2024,09/30/2025
24C0001044,MNGI ENDOSCOPY ASC INC,1185 TOWN CENTER DR SUITE 200,EAGAN,MN,55123,,(612) 870-5528,98,1,1,99,92,7,1,95,90,7,3,94,93,4,3,97,3,550,160,32,10/01/2024,09/30/2025
24C0001045,NURA SURGICAL CENTER LLC,7400 FRANCE AVE S SUITE 102,EDINA,MN,55435,,(763) 537-6000,95,4,1,97,91,5,4,94,82,15,3,92,84,12,4,93,3,536,101,19,10/01/2024,09/30/2025
24C0001046,BRAINERD LAKES SURGERY CENTER L L C,13114 ISLE DR,BAXTER,MN,56425,,(218) 822-2404,99,1,0,99,94,5,1,96,92,7,1,96,91,7,2,96,3,903,369,41,10/01/2024,09/30/2025
24C0001048,TRIA ORTHOPAEDIC CENTER LLC,8100 NORTHLAND DR,BLOOMINGTON,MN,55431,,(952) 806-5321,98,2,0,99,94,5,1,96,92,7,1,96,90,8,2,96,,3135,693,22,10/01/2024,09/30/2025
24C0001049,MANKATO CLINIC ENDOSCOPY CENTER LLC,1230 EAST MAIN STREET,MANKATO,MN,56001,,(507) 625-1811,97,3,0,98,94,5,1,96,92,7,1,95,89,10,1,95,,704,255,37,10/01/2024,09/30/2025
24C0001051,FAMILY SURGERY CENTER,1801 19TH AVE SOUTHWEST,WILLMAR,MN,56201,,(320) 235-7700,99,1,0,99,92,7,1,95,93,6,1,96,91,8,1,97,3,504,209,42,10/01/2024,09/30/2025
24C0001052,SUMMIT ORTHOPEDICS LTD DBA PLYMOUTH SURGERY CENTER,6050 SYCAMORE LANE NORTH SUITE 200,PLYMOUTH,MN,55442,,(952) 814-6610,98,2,0,99,95,4,1,97,91,7,2,96,90,8,2,96,,1402,389,28,10/01/2024,09/30/2025
24C0001053,ESSENTIA HEALTH SURGERY CENTERS MINNESOTA DBA ESSENTIA HEALTH SURGERY CENTER GRAND RAPIDS,1542 GOLF COURSE ROAD SUITE 105,GRAND RAPIDS,MN,55744,,(218) 326-3937,98,2,0,99,94,5,1,97,91,8,1,96,90,8,2,96,,633,268,42,10/01/2024,09/30/2025
24C0001055,ASSOCIATED EYE CARE AMBULATORY SURGERY CENTER LLC,2950 CURVE CREST BLVD W,STILLWATER,MN,55082,,(651) 275-3113,99,1,0,99,97,3,0,98,96,3,1,97,94,5,1,97,3,594,129,22,10/01/2024,09/30/2025
24C0001056,MINNESOTA VALLEY SURGERY CENTER,1000 140TH ST WEST SUITE 102,BURNSVILLE,MN,55337,,(952) 232-1114,99,1,0,99,93,6,1,96,95,5,0,98,85,12,3,93,"3,6",172,78,45,10/01/2024,09/30/2025
24C0001057,MINNESOTA VASCULAR SURGERY CENTER,600 COUNTY RD D WEST SUITE 2,NEW BRIGHTON,MN,55112,,(763) 432-4300,98,1,1,99,91,5,4,94,86,12,2,94,79,15,6,90,,1131,200,18,10/01/2024,09/30/2025
24C0001058,CROSSROADS SURGERY CENTER INC,1575 20TH ST NORTHWEST SUITE 203,FARIBAULT,MN,55021,,(507) 209-6214,98,1,1,99,95,4,1,97,93,6,1,96,87,11,2,95,3,280,121,44,10/01/2024,09/30/2025
24C0001059,REGIONAL EYE SURGERY CENTER INC,"1455 MONTREAL ST, SE",HUTCHINSON,MN,55350,,(320) 234-6600,98,2,0,99,94,5,1,96,91,5,4,95,85,12,3,94,3,549,234,43,10/01/2024,09/30/2025
24C0001060,CENTRACARE SURGERY CENTER LLC,1900 CENTRACARE CIR,ST CLOUD,MN,56303,,(320) 229-4964,98,2,0,99,94,5,1,96,90,8,2,95,87,11,2,95,,3274,910,28,10/01/2024,09/30/2025
24C0001062,M HEALTH FAIRVIEW,1700 UNIVERSITY AVE WEST,SAINT PAUL,MN,55104,,(612) 672-6989,98,2,0,99,94,5,1,96,92,7,1,96,88,11,1,96,,2670,568,21,10/01/2024,09/30/2025
24C0001063,NORTH MEMORIAL AMBULATORY SURGERY CENTER AT MAPLE GROVE LLC,"9855 HOSPITAL DR, SUITE 175",MAPLE GROVE,MN,55369,,(763) 581-9025,99,1,0,99,93,5,2,96,92,8,0,97,87,11,2,94,3,790,246,31,10/01/2024,09/30/2025
24C0001066,MNGI ENDOSCOPY ASC INC,"1185 TOWN CENTRE DR, SUITE 200",BLOOMINGTON,MN,55437,,(612) 870-5538,98,2,0,99,94,5,1,97,92,8,0,97,93,5,2,96,3,548,129,26,10/01/2024,09/30/2025
24C0001067,CHU SURGERY CENTER,9117 LYNDALE AVE SOUTH,BLOOMINGTON,MN,55420,,(612) 978-0192,99,1,0,99,92,7,1,96,98,2,0,98,94,5,1,97,3,538,170,32,10/01/2024,09/30/2025
24C0001070,2201 BLAINE MN MULTI DBA NORTH METRO SURGERY CENTER,11855 ULYSSES ST NORTHEAST SUITE 270,BLAINE,MN,55449,,(763) 755-6540,98,2,0,99,93,6,1,96,90,8,2,95,88,9,3,94,,2254,976,43,10/01/2024,09/30/2025
24C0001071,MINNESOTA EYE LASER AND SURGERY CENTERS LLC BLAINE,11091 ULYSSES ST SUITE 400,BLAINE,MN,55434,,(952) 888-5800,97,3,0,98,94,5,1,97,88,9,3,95,89,8,3,95,3,373,166,45,10/01/2024,09/30/2025
24C0001072,CROSSTOWN SURGERY CENTER LLC,4010 WEST 65TH ST SUITE 300,EDINA,MN,55435,,(952) 456-7300,99,1,0,100,95,4,1,97,94,6,0,97,94,4,2,97,3,383,175,46,10/01/2024,09/30/2025
24C0001073,PAIN CENTERS OF MINNESOTAMANKATO LLC,1400 E. MADISON AVE STE 402,MANKATO,MN,56001,,(414) 325-3749,99,1,0,100,95,4,1,98,84,15,1,94,82,16,2,93,6,320,86,27,10/01/2024,09/30/2025
24C0001074,SANFORD HEALTH DETROIT LAKES SAME DAY SURGERY CTR,1245 WASHINGTON AVE,DETROIT LAKES,MN,56501,,(218) 846-2000,99,1,0,100,96,3,1,97,92,6,2,96,89,9,2,95,,782,198,25,10/01/2024,09/30/2025
24C0001075,CHASKA PLAZA SURGERY CENTER LLC DBA TWO TWELVE SURGERY CENTER,111 HUNDERTMARK RD SUITE 340,CHASKA,MN,55318,,(952) 456-7900,99,1,0,99,97,3,0,98,98,1,1,98,96,2,2,97,3,428,208,49,10/01/2024,09/30/2025
24C0001078,VADNAIS HEIGHTS SURGERY CENTER,3580 ARCADE ST,VADNAIS HEIGHTS,MN,55127,,(651) 968-5662,99,1,0,99,95,4,1,97,95,4,1,97,94,5,1,98,,1318,532,40,10/01/2024,09/30/2025
24C0001079,CENTER FOR PAIN MANAGEMENT AMBULATORY SURGERY LTD,519 22ND AVE EAST,ALEXANDRIA,MN,56308,,(320) 219-7611,99,1,0,99,97,3,0,99,87,11,2,95,84,14,2,94,3,491,165,34,10/01/2024,09/30/2025
24C0001080,MINNESOTA EYE LASER AND SURGERY CENTERS LLC MINNETONKA,10709 WAYRATA BLVD,MINNETONKA,MN,55305,,(952) 888-5800,97,3,0,99,91,7,2,95,92,6,2,96,87,11,2,94,3,425,184,43,10/01/2024,09/30/2025
24C0001081,CDI TWIN CITIES ASC LLC,6025 LAKE RD SUITE 100,WOODBURY,MN,55125,,(605) 520-5678,97,3,0,98,94,4,2,96,83,12,5,92,84,12,4,93,"3,6",373,94,25,10/01/2024,09/30/2025
24C0001083,RIDGES SURGERY CENTER LLC,14101 FAIRVIEW DR,BURNSVILLE,MN,55337,,(952) 658-8000,99,1,0,100,96,3,1,97,93,5,2,97,91,8,1,96,3,821,270,33,10/01/2024,09/30/2025
24C0001085,NORTHWOODS SURGERY CENTER LLC,502 NORTH 6TH AVE,VIRGINIA,MN,55792,,(218) 471-1220,99,1,0,99,92,7,1,96,92,6,2,96,89,9,2,95,3,443,177,40,10/01/2024,09/30/2025
24C0001088,MINNETONKA AMBULATORY SURGERY CENTER LLC,15450 HWY 7 SUITE 200,MINNETONKA,MN,55345,,(763) 581-8950,98,2,0,99,94,5,1,96,93,5,2,96,87,12,1,95,,1179,299,25,10/01/2024,09/30/2025
24C0001089,M HEALTH CLINICS AND SURGERY CENTER,1700 UNIVERSITY AVE WEST,ST. PAUL,MN,55104,,(612) 672-6989,98,2,0,99,94,5,1,96,89,10,1,95,88,10,2,95,,3264,630,19,10/01/2024,09/30/2025
24C0001090,PAIN CENTERS OF MINNESOTA-CHASKA,3000 HUNDERTMARK RD SUITE 200,CHASKA,MN,55318,,(763) 201-8191,96,4,0,98,87,11,2,93,73,23,4,90,71,22,7,87,"3,6",379,83,22,10/01/2024,09/30/2025
24C0001091,EAGAN SURGERY CENTER,2620 EAGAN WOODS DR,EAGAN,MN,55121,,(651) 968-5662,99,1,0,99,95,4,1,97,92,7,1,97,92,7,1,97,,1314,502,38,10/01/2024,09/30/2025
24C0001092,TWIN CITIES SURGERY CENTER,7211 OHMS LANE,EDINA,MN,55439,,(952) 204-3500,98,2,0,99,94,5,1,97,87,10,3,95,92,6,2,96,,952,167,18,10/01/2024,09/30/2025
24C0001095,MINNESOTA EYE LASER AND SURGERY CENTERS LLC WOODBURY,7125 TAMRACK RD,WOODBURY,MN,55125,,(952) 888-5800,97,2,1,98,91,7,2,94,86,9,5,93,84,12,4,92,3,406,164,40,10/01/2024,09/30/2025
24C0001096,DULUTH SURGICAL SUITES LLC,2118 LONDON RD,DULUTH,MN,55812,,(218) 481-4812,98,2,0,99,92,7,1,95,87,12,1,95,88,11,1,95,3,557,218,39,10/01/2024,09/30/2025
24C0001097,EAGAN ORTHOPEDIC SURGERY CENTER LLC,2700 VIKINGS CIR SUITE 300,EAGAN,MN,55121,,(952) 456-7283,99,1,0,100,95,4,1,97,96,3,1,98,95,3,2,97,3,654,292,45,10/01/2024,09/30/2025
24C0001098,BHATTI GI SURGERY CENTER LLC,1447 WHITE OAK DR,CHASKA,MN,55318,,(952) 368-3800,86,8,6,91,91,7,2,94,92,6,2,96,90,9,1,96,3,552,128,23,10/01/2024,09/30/2025
24C0001099,MNGI ENDOSCOPY ASC INC,237 RADIO DRIVE SUITE 200,WOODBURY,MN,55125,,(612) 871-1145,98,2,0,99,90,9,1,95,92,7,1,97,91,7,2,96,3,605,146,26,10/01/2024,09/30/2025
24C0001100,BLAINE ASC LLC,11225 ULYSSES ST NORTHEAST SUITE 300,BLAINE,MN,55318,,(952) 456-7354,99,1,0,100,94,5,1,97,97,3,0,98,92,7,1,97,3,566,253,45,10/01/2024,09/30/2025
24C0001101,SOUTHHEALTH ASC LLC DBA EDINA SPECIALTY SURGERY CENTER,4100 MINNESOTA DR SUITE 200,EDINA,MN,55435,,(952) 456-7354,98,2,0,99,92,7,1,96,87,9,4,95,84,12,4,93,3,488,169,35,10/01/2024,09/30/2025
24C0001102,METROPOLITAN SURGICAL CENTER,9645 GROVE CIR NORTH SUITE 250,MAPLE GROVE,MN,55369,,(763) 201-8191,97,2,1,98,88,9,3,93,77,19,4,92,75,21,4,90,3,640,147,23,10/01/2024,09/30/2025
24C0001103,BURNSVILLE SURGERY CENTER,14551 COUNTY RD 11 SUITE 110,BURNSVILLE,MN,55337,,(952) 222-1814,98,2,0,99,93,5,2,96,85,14,1,95,87,11,2,95,,848,173,21,10/01/2024,09/30/2025
24C0001104,VANCE THOMPSON VISION,2600 JEFFERSON STREET,ALEXANDRIA,MN,56308,,(000) 000-0000,97,3,0,99,92,6,2,95,89,8,3,95,87,10,3,94,3,754,348,46,10/01/2024,09/30/2025
24C0001106,CENTER FOR RESTORATIVE SURGERY AT MAPLE GROVE,13601 80TH CIRCLE NORTH SUITE 100,MAPLE GROVE,MN,55369,,(763) 432-7655,98,2,0,99,96,4,0,98,90,9,1,96,85,12,3,93,3,641,224,35,10/01/2024,09/30/2025
24C0001107,GREENWAY SURGICAL SUITES,2020 EAST 28TH STREET SUITE 100,MINNEAPOLIS,MN,55407,,(612) 728-7000,99,1,0,100,91,8,1,95,88,10,2,95,82,14,4,92,3,704,202,29,10/01/2024,09/30/2025
24C0001108,WOODBURY SURGERY CENTER,587 BIELENBERG DRIVE SUITE 100,WOODBURY,MN,55125,,(651) 493-0343,97,3,0,98,92,7,1,96,86,12,2,95,84,13,3,93,3,798,262,33,10/01/2024,09/30/2025
24C0001111,ALLINA HEALTH SURGERY CENTER BROOKLYN PARK LLC,6001 96TH LANE NORTH SUITE 200,BROOKLYN PARK,MN,55443,,(205) 263-2559,98,2,0,99,94,5,1,96,95,4,1,97,92,6,2,96,3,661,245,37,10/01/2024,09/30/2025
24C0001112,CENTER FOR PAIN MANAGEMENT AMBULATORY SURGERY LTD DBA CENTER FOR PAIN MANAGEMENT,804 23RD STREET SOUTH,SARTELL,MN,56308,,(320) 230-7788,98,1,1,99,94,5,1,97,90,8,2,96,88,11,1,96,3,581,159,28,10/01/2024,09/30/2025
24C0001113,AFFILIATED ENDOSCOPY CENTERS LLC,10150 NIAGARA LANE N #200,MAPLE GROVE,MN,55369,,(612) 871-1145,98,2,0,99,92,6,2,95,87,11,2,94,87,11,2,94,3,467,100,24,10/01/2024,09/30/2025
24C0001114,ALLINA HEALTH HEART AND VASCULAR SURGERY CENTER LLC,7373 FRANCE AVENUE SOUTH SUITE 404,EDINA,MN,55435,,(952) 428-4280,98,2,0,99,96,4,0,98,94,4,2,97,89,8,3,94,3,556,247,45,10/01/2024,09/30/2025
24C0001115,ESSENTIA HEALTH SURGERY CENTERS DULUTH LLC DBA ESSENTIA HEALTH SURGERY CENTER MILLER HILL,1600 MILLER TRUNK HIGHWAY BLDG D SUITE 101,DULUTH,MN,55811,,(218) 606-9200,98,2,0,99,93,6,1,96,91,8,1,96,88,10,2,95,,2799,837,30,10/01/2024,09/30/2025
24C0001116,AFFILIATED ENDOSCOPY CENTERS LLC,3588 ARCADE STREET SUITE 100,VADNAIS HEIGHTS,MN,55127,,(612) 871-1145,98,2,0,99,93,5,2,96,93,6,1,96,87,10,3,94,3,527,149,31,10/01/2024,09/30/2025
24C0001117,ALLINA HEALTH SURGERY CENTER VADNAIS HEIGHTS LLC,1155 COUNTY ROAD E EAST SUITE 200,VADNAIS HEIGHTS,MN,55110,,(651) 760-7020,98,2,0,99,95,4,1,97,90,9,1,96,88,8,4,94,3,697,286,41,10/01/2024,09/30/2025
24C0001118,NORTHERN LAKES SURGERY CENTER LLC,4791 COUNTY ROAD 10,MOOSE LAKE,MN,55767,,(218) 509-2100,99,1,0,99,95,4,1,97,89,8,3,95,87,12,1,95,,808,327,40,10/01/2024,09/30/2025
24C0001119,MIDWEST SURGERY CENTER LLC DBA MIDWEST SURGERY CENTER EAGAN,2975 HOLIDAY COURT SUITE 100,EAGAN,MN,55121,,(651) 515-1996,98,1,1,98,95,5,0,98,92,7,1,96,90,7,3,95,3,992,355,36,10/01/2024,09/30/2025
24C0001120,NORTHERN MEDICAL STRATEGIES LLC DBA ARROWHEAD SURGERY CENTER,4316 RICE LAKE ROAD SUITE 104,DULUTH,MN,55811,,(218) 514-0514,99,1,0,99,96,3,1,98,96,3,1,98,98,2,0,99,3,224,145,65,10/01/2024,09/30/2025
24C0001121,ALLINA HEALTH SURGERY CENTER LAKEVILLE LLC,18465 ORCHARD TRAIL SUITE 400,LAKEVILLE,MN,55044,,(833) 718-9412,99,1,0,99,97,3,0,98,96,4,0,98,94,5,1,97,3,854,314,37,10/01/2024,09/30/2025
24C0001122,MNGI ENDOSCOPY ASC INC DBA MNGI ENDOSCOPY LAKEVILLE,18465 ORCHARD TRAIL SUITE 300,LAKEVILLE,MN,55044,,(612) 871-1145,98,2,0,99,94,5,1,97,96,4,0,97,93,7,0,98,"3,6",357,76,24,10/01/2024,09/30/2025
24C0001123,PLYMOUTH ORTHOPEDIC SURGERY CENTER LLC,16800 37TH PLACE NORTH,PLYMOUTH,MN,55446,,(952) 512-5600,99,1,0,100,94,5,1,97,98,1,1,98,94,4,2,97,3,1584,632,40,10/01/2024,09/30/2025
24C0001124,SOUTHDALE SPECIALTY SURGERY CENTER LLC,6500 BARRIE ROAD SUITE 300,EDINA,MN,55435,,(952) 368-3800,96,3,1,97,84,15,1,91,84,13,3,93,85,11,4,93,3,755,160,21,10/01/2024,09/30/2025
24C0001125,MINNESOTA EYE LASER AND SURGERY CENTERS LLC,12501 WHITEWATER DRIVE SUITE 320,MINNETONKA,MN,55343,,(952) 567-6060,97,2,1,98,93,6,1,96,86,11,3,93,80,15,5,91,3,312,123,39,10/01/2024,09/30/2025
24C0001126,ST FRANCIS AMBULATORY SERVICES DBA ST FRANCIS SURGERY AND ENDOSCOPY CENTER,1700 ST FRANCIS AVENUE SUITE 100,SHAKOPEE,MN,55379,,(952) 993-7800,97,3,0,99,87,10,3,92,89,10,1,97,87,7,6,93,3,586,106,18,10/01/2024,09/30/2025
25C0001000,SURGICARE OF JACKSON LTD,760 LAKELAND DR,JACKSON,MS,39216,,(601) 362-8700,98,2,0,99,92,7,1,95,85,13,2,94,84,15,1,94,3,851,166,20,10/01/2024,09/30/2025
25C0001004,LOWERY A WOODALL OUTPATIENT SURGERY FACILITY LLC,105 SOUTH 28TH AVE,HATTIESBURG,MS,39401,,(601) 579-3400,98,2,0,99,94,5,1,97,94,5,1,97,91,7,2,96,,1375,259,19,10/01/2024,09/30/2025
25C0001005,NORTH MISSISSIPPI AMBULATORY SURGERY CENTER LLC,589 GARFIELD ST,TUPELO,MS,38801,,(662) 377-4176,98,2,0,99,92,7,1,96,89,9,2,95,86,12,2,94,3,1515,284,19,10/01/2024,09/30/2025
25C0001009,SOUTHERN EYE SURGERY CENTER LLC,1420 S. 28TH AVE,HATTIESBURG,MS,39402,,(601) 264-3937,96,4,0,98,89,7,4,93,88,11,1,96,83,12,5,91,3,652,135,21,10/01/2024,09/30/2025
25C0001014,OXFORD EYE SURGERY CENTER LP,2604 SOUTH LAMAR BOULEVARD,OXFORD,MS,38655,,(662) 234-6621,95,5,0,98,93,6,1,96,94,4,2,96,94,5,1,98,,735,130,18,10/01/2024,09/30/2025
25C0001022,REGIONAL SURGICAL CENTRE INC,2525 HWY 1 SOUTH,GREENVILLE,MS,38701,,(662) 335-1103,98,2,0,99,92,6,2,95,92,8,0,97,91,9,0,97,"3,6",499,54,11,10/01/2024,09/30/2025
25C0001023,ST DOMINIC AMBULATORY SURGERY CENTER,970 LAKELAND DR SUITE 15,JAKSON,MS,39216,,(601) 984-8800,94,5,1,96,88,9,3,92,78,18,4,92,80,17,3,92,3,688,102,15,10/01/2024,09/30/2025
25C0001025,MAE PHYSICIANS SURGERY CENTER LLC,"1190 N. STATE ST., SUITE 102",JACKSON,MS,39202,,(601) 967-1790,96,3,1,98,92,5,3,94,89,9,2,96,83,16,1,94,"3,6",570,74,13,10/01/2024,09/30/2025
25C0001028,SOUTHERN SURGERY CENTER,3688 VETERANS MEMORIAL DR SUITE 100,HATTIESBURG,MS,39401,,(601) 554-7533,97,3,0,98,94,5,1,96,92,7,1,96,92,7,1,97,,4693,1221,27,10/01/2024,09/30/2025
25C0001029,COLUMBUS ENDOSCOPY CENTER INC,600 LEIGH DR,COLUMBUS,MS,39705,,(662) 327-7525,,,,,,,,,,,,,,,,,1,,,,,
25C0001031,ENDOSCOPY CENTER OF NORTH MISSISSIPPILLC,1206 OFFICE PARK DR,OXFORD,MS,38655,,(662) 236-1768,98,2,0,99,93,6,1,96,92,7,1,96,94,4,2,97,,1606,376,23,10/01/2024,09/30/2025
25C0001032,PAIN TREATMENT CENTER  DBA PAIN TREATMENT CENTER LLC,106 ASBURY CIR,HATTIESBURG,MS,39402,,(601) 268-8698,97,3,0,98,99,1,0,100,88,12,0,96,93,7,0,98,"3,10",146,25,18,10/01/2024,09/30/2025
25C0001033,GASTROINTESTINAL ASSOCIATES ENDOSCOPY CENTER LLC,"1405 NORTH STATE ST., STE. 300",FLOWOOD,MS,39232,,(601) 355-1234,96,4,0,98,93,4,3,95,87,10,3,95,87,9,4,93,3,1009,222,22,10/01/2024,09/30/2025
25C0001034,OXFORD SURGERY CENTER,499 AZALEA DR,OXFORD,MS,38655,,(662) 234-7979,97,3,0,98,94,4,2,96,92,7,1,96,91,7,2,96,3,1505,445,30,10/01/2024,09/30/2025
25C0001035,MISSISSIPPI COAST ENDOSCOPY AND AMBULATORY CENTER LLC,2406 CATALPA AVE,PASCAGOULA,MS,39567,,(228) 696-0818,97,3,0,99,93,6,1,96,88,10,2,95,86,12,2,94,3,676,113,17,10/01/2024,09/30/2025
25C0001036,OCEAN SPRING SURGICAL AND ENDOSCOPY CENTER,3301 BIENVILLE BLVD,OCEAN SPRINGS,MS,39564,,(228) 872-8854,97,3,0,98,92,7,1,95,89,8,3,95,89,9,2,95,,2651,707,27,10/01/2024,09/30/2025
25C0001037,HATTIESBURG CLINIC AMBULATORY SURGERY CENTER,415 SOUTH 28TH AVE,HATTIESBURG,MS,39401,,(601) 579-5075,99,1,0,99,95,4,1,97,91,8,1,96,89,10,1,96,,1382,280,20,10/01/2024,09/30/2025
25C0001038,HOGAN SURGERY CENTER,351 COWAN RD,GULFPORT,MS,39507,,(228) 896-1120,91,7,2,95,86,9,5,90,74,15,11,88,76,16,8,88,3,631,152,24,10/01/2024,09/30/2025
25C0001039,EYE LASER AND SURGERY CENTER OF COLUMBUS LLC,634 LEIGH DR.,COLUMBUS,MS,39705,,(662) 327-3773,98,2,0,99,91,8,1,95,88,10,2,95,93,6,1,97,3,556,116,22,10/01/2024,09/30/2025
25C0001040,TUPELO SURGERY CENTER LLC,3353 NORTH GLOSTER ST.,TUPELO,MS,38804,,(662) 407-0334,97,3,0,98,91,7,2,94,86,12,2,95,91,8,1,97,3,578,124,22,10/01/2024,09/30/2025
25C0001041,COLEMAN CATARACT AND EYE LASER SURGERY CENTER INC,2005 HWY 82 WEST,GREENWOOD,MS,38930,,(662) 455-4523,96,4,0,98,90,9,1,95,91,6,3,95,93,5,2,97,3,615,152,25,10/01/2024,09/30/2025
25C0001042,EYE SURGERY AND LASER CENTER LLC,501 BAPTIST DR SUITE 220,MADISON,MS,39110,,(601) 985-9120,95,4,1,97,88,9,3,93,89,8,3,94,88,9,3,95,3,681,147,22,10/01/2024,09/30/2025
25C0001043,MAGNOLIA ENDOSCOPY CENTER LLC,3050 CORDER DR,CORINTH,MS,38834,,(662) 284-9902,97,2,1,98,88,8,4,92,88,7,5,94,90,8,2,95,"3,6",570,87,16,10/01/2024,09/30/2025
25C0001044,GULF COAST OUTPATIENT SURGERY CENTER LLC DBA GULF COAST OUTPATIENT SURGERY CENTER,2781 C.T. SWITZER SR DR SUITE 101,BILOXI,MS,39531,,(228) 594-2900,97,3,0,99,92,7,1,95,89,10,1,95,91,8,1,97,3,617,154,25,10/01/2024,09/30/2025
25C0001046,COLUMBUS ORTHOPAEDIC OUTPATIENT CENTER,640 LEIGH DR,COLUMBUS,MS,39705,,(662) 328-7123,97,3,0,98,91,7,2,94,90,8,2,96,88,10,2,95,,1386,360,26,10/01/2024,09/30/2025
25C0001047,MERIDIAN SURGERY CENTER LLC,2100 13TH ST.,MERIDIAN,MS,39301,,(601) 485-4443,97,3,0,98,93,6,1,96,90,8,2,95,86,14,0,96,3,626,103,17,10/01/2024,09/30/2025
25C0001048,LAUREL SURGERY AND ENDOSCOPY CENTER LLC,1710 W. 12TH ST,LAUREL,MS,39440,,(601) 369-2021,98,2,0,99,92,5,3,95,85,12,3,94,91,6,3,96,"3,10",198,38,20,10/01/2024,09/30/2025
25C0001050,EYE CARE SURGERY CENTER OLIVE BRANCH,6947 CRUMPLER BLVD SUITE 105,OLIVE BRANCH,MS,38654,,(901) 685-2200,,,,,,,,,,,,,,,,,1,,,,,
25C0001051,MIDSOUTH INTERVENTIONAL PAIN INSTITUTE LLC,122 AIRWAYS PL,SOUTHAVEN,MS,38671,,(662) 349-9990,98,2,0,99,92,4,4,94,83,10,7,92,81,14,5,92,"3,6",384,69,18,10/01/2024,09/30/2025
25C0001053,DIGESTIVE DISEASES CENTER OF HATTIESBURG LLC,100 METHODIST BLVD,HATTIESBURG,MS,39402,,(601) 268-5185,97,3,0,98,95,4,1,97,95,4,1,98,92,7,1,97,3,644,125,20,10/01/2024,09/30/2025
25C0001054,MISSISSIPPI EYE SURGERY CENTER,3432 BIENVILLE BLVD,OCEAN SPRINGS,MS,39564,,(228) 244-0067,98,2,0,99,93,5,2,96,89,9,2,96,91,9,0,97,3,787,175,23,10/01/2024,09/30/2025
25C0001055,HATTIESBURG EYE CLINIC CATARCT AND LASIK SURGERY CENTER LLC,103 MILLSAPS DR,HATTIESBURG,MS,39402,,(601) 268-9959,98,2,0,99,88,11,1,93,93,5,2,96,91,8,1,97,3,1175,137,12,10/01/2024,09/30/2025
25C0001056,DESOTO SURGERY CENTER,"391 SOUTHCREST CIR, SUITE 100",SOUTHAVEN,MS,38671,,(662) 349-0910,99,1,0,99,93,6,1,96,93,7,0,97,91,7,2,95,3,584,171,29,10/01/2024,09/30/2025
25C0001057,EYE CARE SURGERY CENTER SOUTHAVEN,7600 AIRWAYS BLVD #D,SOUTHAVEN,MS,38671,,(901) 685-2200,93,6,1,96,80,14,6,87,84,10,6,93,77,20,3,91,3,1119,124,11,10/01/2024,09/30/2025
25C0001058,CENTER FOR DIGESTIVE HEALTH LLC,589 GARFIELD ST,TUPELO,MS,38801,,(662) 377-4173,97,3,0,98,90,8,2,94,89,9,2,95,90,8,2,95,,1424,289,20,10/01/2024,09/30/2025
25C0001061,EYE SURGICAL CENTER OF MISSISSIPPI,1053 RIVER OAKS DR.,FLOWOOD,MS,39232,,(601) 709-1602,94,5,1,96,87,9,4,91,89,8,3,95,86,11,3,93,"3,6",603,94,16,10/01/2024,09/30/2025
25C0001064,MERIDIAN PLASTIC SURGERY CENTER,"5002 HWY 39 N, BUILDING D",MERIDIAN,MS,39301,,(601) 481-7070,99,1,0,99,95,4,1,97,95,5,0,97,93,7,0,98,"3,10",285,48,18,10/01/2024,09/30/2025
25C0001065,GASTROINTESTINAL ASSOCIATES ENDOSCOPY CENTER LLC,1815 MISSION 66,VICKSBURG,MS,39180,,(601) 355-1234,98,2,0,99,95,4,1,97,94,5,1,97,96,2,2,97,3,797,205,26,10/01/2024,09/30/2025
25C0001066,TOTAL PAIN CARE LLC,1001 14TH ST,MERIDIAN,MS,39301,,(601) 482-9224,98,2,0,99,94,5,1,96,95,5,0,97,91,7,2,96,3,2028,490,24,10/01/2024,09/30/2025
25C0001069,G I DIAGNOSTIC AND THERAPEUTIC CENTER LLC,"7668 AIRWAYS BLVD, BUILDING # 2",SOUTHAVEN,MS,38671,,(662) 349-6950,98,2,0,99,90,8,2,94,89,9,2,95,86,11,3,93,,1519,299,20,10/01/2024,09/30/2025
25C0001070,GASTROINTESTINAL ASSOCIATES ENDOSCOPY CENTER LLC,"106 HIGHLAND WAY, STE. 101",MADISON,MS,39110,,(601) 355-1234,95,5,0,97,94,5,1,97,90,9,1,96,93,6,1,97,3,1002,233,23,10/01/2024,09/30/2025
25C0001076,HATTIESBURG SURGERY CENTER LLC,139 FAIRFIELD DR.,HATTIESBURG,MS,39402,,(601) 450-2409,97,2,1,98,94,5,1,97,88,11,1,95,95,4,1,98,"3,6",479,90,19,10/01/2024,09/30/2025
25C0001077,SOUTHERN UROLOGY SURGERY CENTER LLC,139 FAIRFIELD DR,HATTIESBURG,MS,39402,,(601) 450-3409,96,3,1,98,95,5,0,98,92,7,1,97,93,6,1,97,3,526,121,24,10/01/2024,09/30/2025
25C0001079,OXFORD UROCARE PLLC,1201 MEDICAL PARK DR. STE. 101,OXFORD,MS,38655,,(662) 234-5100,97,2,1,98,92,6,2,95,89,8,3,95,89,9,2,95,,658,123,19,10/01/2024,09/30/2025
25C0001080,PAIN CONSULTANTS ASC LLC,4105 HOSPITAL ST STE 112A,PASCAGOULA,MS,39581,,(228) 938-9842,99,1,0,100,96,3,1,98,94,6,0,98,90,10,0,97,3,637,187,29,10/01/2024,09/30/2025
25C0001081,THE SURGERY CENTER DBA ADVANCED SURGICAL CARE,2466 FLOWOOD DR SUITE A,FLOWOOD,MS,39232,,(601) 326-9393,98,2,0,99,95,5,0,97,94,5,1,97,95,3,2,97,,992,357,36,10/01/2024,09/30/2025
25C0001082,COASTAL EYE SURGERY CENTER,14225 DEDEAUX RD,GULFPORT,MS,39503,,(228) 831-0778,96,3,1,98,92,7,1,96,88,10,2,96,96,2,2,98,"3,10",324,48,15,10/01/2024,09/30/2025
25C0001083,EYECARE SURGERY CENTER LLC,1501 LAKELAND DR. STE. 101,JACKSON,MS,39216,,(601) 366-5777,97,2,1,98,93,6,1,96,92,6,2,96,90,7,3,95,3,563,135,24,10/01/2024,09/30/2025
25C0001085,MADISON PHYSICIAN SURGERY CENTER LLC,"401 BAPTIST DR, STE. 100",MADISON,MS,39110,,(601) 605-5393,96,3,1,98,91,8,1,95,89,8,3,96,89,9,2,95,3,599,164,27,10/01/2024,09/30/2025
25C0001086,SPECIALTY SURGERY CENTER LLC,7580 CLARINGTON COVE SUITE 101,SOUTHHAVEN,MS,38671,,(662) 548-2951,97,3,0,99,94,4,2,96,87,12,1,95,83,16,1,94,3,750,170,23,10/01/2024,09/30/2025
25C0001088,MISSISSIPPI UROLOGY OUTPATIENT SURGERY CENTER LLC,501 MARSHALL ST SUITE 201,JACKSON,MS,39202,,(601) 353-9900,94,5,1,96,89,9,2,93,78,16,6,91,82,13,5,92,3,595,151,26,10/01/2024,09/30/2025
25C0001089,BIENVILLE SURGERY CENTER LLC,6300 EAST LAKE BLVD SUITE 102,VANCLEAVE,MS,39565,,(228) 447-4630,97,2,1,98,91,6,3,94,88,8,4,95,83,15,2,93,"3,10",158,43,27,10/01/2024,09/30/2025
25C0001090,SOUTHERN EYE SURGERY AND LASER CENTER,1923 W 10TH ST,LAUREL,MS,39440,,(601) 264-3937,98,2,0,99,90,9,1,95,91,7,2,96,89,10,1,96,"3,6",393,88,22,10/01/2024,09/30/2025
25C0001091,UROLOGIC AMBULATORY SURGERY CENTER,3353 NORTH GLOSTER ST,TUPELO,MS,38804,,(662) 432-0753,96,3,1,97,91,8,1,95,88,10,2,94,84,13,3,93,,963,252,26,10/01/2024,09/30/2025
25C0001092,HATTIESBURG CLINIC PA NEPHROLOGY VASCULAR ACCESS,5909 HWY 49 SOUTH 14,HATTIESBURG,MS,39402,,(601) 296-2821,96,4,0,98,87,10,3,92,82,16,2,94,84,13,3,94,,831,130,16,10/01/2024,09/30/2025
25C0001093,FLOWOOD VASCULAR ACCESS ASC LLC,1010 LAKELAND SQUARE EXTENSION SUITE B,FLOWOOD,MS,39232,,(601) 936-0890,100,0,0,100,98,2,0,99,96,3,1,97,89,8,3,94,3,1043,128,12,10/01/2024,09/30/2025
25C0001094,SPECIALTY SURGICAL CENTER LLC,104 BURNEY DR,FLOWOOD,MS,39232,,(601) 987-8200,97,2,1,98,94,5,1,97,91,9,0,97,92,8,0,97,3,537,118,22,10/01/2024,09/30/2025
25C0001095,PREMIER SURGICAL CENTER LLC,160 FOUNTAINS BLVD SUITE C,MADISON,MS,39110,,(601) 391-2525,97,2,1,98,94,6,0,98,99,1,0,99,87,13,0,96,"3,10",140,35,25,10/01/2024,09/30/2025
25C0001097,SPECIALTY SURGERY & LASER CENTER,306 BRADLEY ROAD SUITE A,CORINTH,MS,38834,,(000) 000-0000,98,2,0,99,97,3,0,98,96,3,1,98,95,3,2,97,,578,210,36,10/01/2024,09/30/2025
25C0001098,SOG SURGERY CENTER LLC,1211 SOUTH GLOSTER ST SUITE B,TUPELO,MS,38801,,(662) 432-1490,99,1,0,99,97,2,1,98,93,4,3,96,95,5,0,98,3,560,112,20,10/01/2024,09/30/2025
25C0001099,FLOWOOD SURGERY CENTER,120 STONE CREEK BLVD SUITE 400,FLOWOOD,MS,39232,,(601) 939-5532,98,1,1,99,89,8,3,93,88,9,3,95,84,12,4,92,3,1276,200,16,10/01/2024,09/30/2025
25C0001101,STARKVILLE SURGERY CENTER LLC,100 WALKER WAY,STARKVILLE,MS,39759,,(662) 320-6555,94,5,1,97,89,8,3,93,80,14,6,92,82,16,2,93,"3,6",461,79,18,10/01/2024,09/30/2025
25C0001102,AMBULATORY CARDIOVASCULAR CENTER OF MISSISSIPPI,415 SOUTH 28TH AVENUE 3RD FLOOR,HATTIESBURG,MS,39401,,(601) 579-5463,98,1,1,99,93,5,2,96,93,6,1,97,90,8,2,95,,1283,346,27,10/01/2024,09/30/2025
25C0001103,HS SURGERY PLLC DBA UROGYN SURGERY CENTER,160 FOUNTAINS BOULEVARD SUITE C,MADISON,MS,39110,,(601) 948-6540,94,5,1,97,91,7,2,95,92,6,2,97,88,10,2,94,"3,6",338,72,21,10/01/2024,09/30/2025
25C0001104,JACKSON HEART AND VASCULAR CENTER LLC,185 MEDICAL PARKWAY SUITE 101,FLOWOOD,MS,39232,,(601) 414-2501,99,1,0,99,96,4,0,98,97,3,0,98,98,1,1,98,3,1162,412,35,10/01/2024,09/30/2025
25C0001105,SVILLE ASC NO 1 LLC DBA STARKVILLE PAIN SOLUTIONS,110 WALKER WAY,STARKVILLE,MS,39759,,(662) 377-5199,,,,,,,,,,,,,,,,,1,,,,,
25C0001108,EYE CARE SURGERY CENTER OF SOUTHAVEN LLC,7600 AIRWAYS BOULEVARD SUITE D,SOUTHAVEN,MS,38671,,(901) 685-2200,97,3,0,99,92,2,6,94,86,9,5,92,88,4,8,92,"3,6",152,65,43,10/01/2024,09/30/2025
25C0001109,VICKSBURG SPINE CENTER LLC,1903C MISSION 66,VICKSBURG,MS,39180,,(601) 994-5941,97,3,0,99,83,14,3,91,79,19,2,94,78,22,0,93,"3,10",110,27,25,10/01/2024,09/30/2025
26C0001002,SURGICENTER OF KANSAS CITY LLC,1800 E. MEYER BLVD,KANSAS CITY,MO,64131,,(816) 523-0100,99,1,0,99,96,3,1,98,95,4,1,97,92,7,1,97,3,1034,375,36,10/01/2024,09/30/2025
26C0001006,WOODCREST SURGERY CENTER,900 NORTH HWY 67,ST LOUIS,MO,63141,,(314) 838-0321,99,1,0,99,96,4,0,98,89,6,5,95,87,8,5,94,"3,6",264,84,32,10/01/2024,09/30/2025
26C0001007,DOCTORS PARK SURGERY INC,30 DOCTORS PARK,CAPE GIRARDEAU,MO,63703,,(573) 334-9606,98,2,0,99,94,5,1,96,88,9,3,95,86,13,1,95,3,577,131,23,10/01/2024,09/30/2025
26C0001012,SURGERY CENTER OF ST JOSEPH,3201 ASHLAND AVE,ST JOSEPH,MO,64506,,(816) 279-0079,96,4,0,98,88,12,0,94,88,9,3,95,79,11,10,86,"3,10",174,25,15,10/01/2024,09/30/2025
26C0001021,CREEKWOOD SURGERY CENTER LP,211 NORTHEAST 54TH ST SUITE 100,KANSAS CITY,MO,64118,,(816) 988-2553,96,4,0,98,92,7,1,96,93,5,2,96,88,11,1,95,,751,199,27,10/01/2024,09/30/2025
26C0001022,DISCOVER EYE SURGERY CENTER LLC,"4801 CLIFF AVE, STE. 101",INDEPENDENCE,MO,64055,,(816) 478-4400,98,2,0,99,92,6,2,95,85,11,4,93,85,13,2,94,3,505,177,35,10/01/2024,09/30/2025
26C0001026,REGIONAL SURGERY CENTER PC,1531 W. 32ND ST. STE. 107,JOPLIN,MO,64804,,(417) 781-3630,97,3,0,99,95,4,1,97,87,11,2,95,91,9,0,97,"3,6",605,77,13,10/01/2024,09/30/2025
26C0001028,SAINT LUKES GI DIAGNOSTICS LLC,4321 WASHINGTON STE. 5600,KANSAS CITY,MO,64111,,(816) 416-8353,96,4,0,98,90,8,2,94,88,11,1,95,80,18,2,93,,1040,212,20,10/01/2024,09/30/2025
26C0001029,MATTAX NEU PRATER SURGERY CENTER LLC,1265 E. PRIMROSE,SPRINGFIELD,MO,65804,,(417) 886-3937,97,3,0,98,94,4,2,96,92,4,4,95,94,3,3,97,3,617,110,18,10/01/2024,09/30/2025
26C0001038,THE ENDOSCOPY CENTER EAST,3800 SOUTH WHITNEY AVE SUITE 100,INDEPENDENCE,MO,64055,,(816) 478-4887,99,1,0,99,94,5,1,97,91,8,1,96,89,9,2,95,,1737,444,26,10/01/2024,09/30/2025
26C0001041,THE ENDOSCOPY CENTER CONSULTANTS IN GASTROENTEROLOGY,5330 NORTH OAK TRAFFICWAY SUITE 100,KANSAS CITY,MO,64118,,(816) 478-4887,97,3,0,98,94,5,1,97,93,6,1,96,90,7,3,95,,1617,509,31,10/01/2024,09/30/2025
26C0001042,CMMP SURGICAL CENTER LLC,1705 CHRISTY DR. STE. 100,JEFFERSON CITY,MO,65101,,(573) 635-7022,98,2,0,99,93,5,2,96,93,6,1,96,91,6,3,95,3,619,193,31,10/01/2024,09/30/2025
26C0001043,MURPHY WATSON BURR SURGERY CENTER INC,5202 FARAON,ST JOSEPH,MO,64506,,(816) 233-7858,97,3,0,99,88,9,3,93,88,7,5,94,91,5,4,95,3,1293,133,10,10/01/2024,09/30/2025
26C0001044,EYE SURGERY CENTER OF WARRENSBURG,506 BURKARTH RD SUITE B,WARRENSBURG,MO,64093,,(660) 747-1888,98,2,0,99,93,5,2,95,91,8,1,96,87,10,3,94,3,614,206,34,10/01/2024,09/30/2025
26C0001049,JCMG SURGERY CENTER INC,1241 WEST STADIUM BLVD,JEFFERSON CITY,MO,65109,,(573) 556-5716,96,4,0,98,95,4,1,97,88,11,1,95,86,11,3,94,3,632,193,31,10/01/2024,09/30/2025
26C0001051,SILVER SPRINGS SURGERY CENTER LLC,"319 S. SILVER SPRINGS RD., STE. B",CAPE GIRARDEAU,MO,63703,,(573) 332-1300,97,2,1,98,90,9,1,94,88,9,3,95,90,8,2,95,3,1092,139,13,10/01/2024,09/30/2025
26C0001052,ST PETERS ASC,114 PIPER HILL DR STE 101,ST PETERS,MO,63376,,(636) 928-1670,98,2,0,99,93,6,1,96,93,5,2,97,91,7,2,96,3,1527,487,32,10/01/2024,09/30/2025
26C0001053,FOUR STATE SURGERY CENTER,1905 WEST 32 SUITE 201,JOPLIN,MO,64804,,(417) 206-7900,96,4,0,98,84,12,4,90,86,11,3,95,84,12,4,93,3,912,164,18,10/01/2024,09/30/2025
26C0001057,NORTHEAST MISSOURI AMBULATORY SURGERY CENTER LLC,98 MEDICAL DRIVE,HANNIBAL,MO,63401,,(573) 406-1301,98,2,0,99,90,8,2,94,89,9,2,94,85,12,3,94,3,504,158,31,10/01/2024,09/30/2025
26C0001060,SOUTH COUNTY OUTPATIENT ENDOSCOPY SERVICES LP,5139 MATTIS ROAD SUITE 100,ST LOUIS,MO,63128,,(314) 729-9780,99,1,0,99,94,5,1,96,93,6,1,97,90,9,1,96,,960,323,34,10/01/2024,09/30/2025
26C0001061,MANCHESTER AMBULATORY SURGERY CENTER LP DBA DES PERES SQUARE SURGERY CENTER,1050 OLD DES PERES RD SUITE 150,SAINT LOUIS,MO,63131,,(314) 775-2264,96,3,1,98,91,7,2,95,86,12,2,94,85,13,2,94,,818,211,26,10/01/2024,09/30/2025
26C0001064,BRADFORD PLACE SURGERY AND LASER CENTERLLC,1531 E. BRADFORD STE. 120,SPRINGFIELD,MO,65804,,(417) 886-3900,98,2,0,99,91,7,2,94,92,7,1,97,87,11,2,94,3,844,165,20,10/01/2024,09/30/2025
26C0001065,SEDALIA SURGERY CENTER,3310 W. 10TH ST,SEDALIA,MO,65301,,(660) 829-4024,97,3,0,98,91,7,2,95,86,12,2,95,86,12,2,95,3,690,270,39,10/01/2024,09/30/2025
26C0001066,MIDWEST DIGESTIVE HEALTH CENTER LLC,3601 NORTHEAST RALPH POWELL RD,LEES SUMMIT,MO,64064,,(816) 251-1255,98,2,0,99,92,7,1,96,92,8,0,96,95,5,0,98,3,535,130,24,10/01/2024,09/30/2025
26C0001069,BRIARCLIFF AMBULATORY SURGERY CENTER LP DBA BRIARCLIFF SURGERY CENTER,4150 NORTH MULBERRY DR SUITE 100,KANSAS CITY,MO,64116,,(816) 214-4364,97,3,0,98,92,7,1,95,93,6,1,96,91,7,2,96,,770,218,28,10/01/2024,09/30/2025
26C0001071,TIMBERLAKE SURGERY CENTER,14825 NORTH OUTER FORTY RD STE 100,CHESTERFIELD,MO,63017,,(636) 898-4702,98,2,0,99,96,3,1,98,94,5,1,97,90,9,1,96,3,864,169,20,10/01/2024,09/30/2025
26C0001072,BLUE RIDGE SURGICAL CENTER LLC,4240 BLUE RIDGE BLVD. STE. 950,KANSAS CITY,MO,64133,,(816) 358-9990,96,4,0,98,87,11,2,93,82,14,4,93,76,21,3,91,3,692,175,25,10/01/2024,09/30/2025
26C0001074,ADVANCED SURGERY CENTER,12607 OLIVE BLVD,ST LOUIS,MO,63141,,(618) 462-9818,98,2,0,99,90,8,2,94,89,9,2,95,85,14,1,95,3,726,280,39,10/01/2024,09/30/2025
26C0001075,ST JOSEPH CENTER FOR OUTPATIENT SURGERY LLC,4510 FREDERICK BLVD,ST JOSEPH,MO,64506,,(816) 364-9992,96,3,1,98,93,6,1,96,89,10,1,95,88,9,3,94,,811,214,26,10/01/2024,09/30/2025
26C0001077,SSM HEALTH ENDOSCOPY CENTER,4203 SOUTH CLOVERLEAF DR,SAINT PETERS,MO,63376,,(636) 441-9990,98,1,1,99,93,5,2,96,94,4,2,96,88,10,2,95,3,1851,520,28,10/01/2024,09/30/2025
26C0001078,LIBERTY CATARACT CENTER LLC,1100 W. COLLEGE,LIBERTY,MO,64068,,(816) 415-3003,97,3,0,99,86,11,3,91,89,9,2,96,87,11,2,94,3,804,179,23,10/01/2024,09/30/2025
26C0001079,ST LOUIS WOMEN'S SURGERY CENTER LLC,"884 WOODSMILL RD., SUITE 100",BALLWIN,MO,63011,,(636) 779-0079,98,2,0,99,94,5,1,96,89,10,1,96,88,10,2,95,3,1246,321,26,10/01/2024,09/30/2025
26C0001082,CHESTERFIELD SURGERY CENTER,17050 BAXTER RD SUITE 110,CHESTERFIELD,MO,63005,,(636) 537-0122,98,2,0,99,96,3,1,98,89,10,1,95,85,14,1,95,,752,199,26,10/01/2024,09/30/2025
26C0001085,COLUMBIA ENDOSCOPY CENTER,208 PORTLAND ST,COLUMBIA,MO,65201,,(573) 449-3500,98,2,0,99,96,3,1,97,96,3,1,97,93,6,1,97,3,648,281,43,10/01/2024,09/30/2025
26C0001087,ADVANCED AMBULATORY SURGICAL CARE LP,"10448 OLD OLIVE ST RD, SUITE 100",CREVE COEUR,MO,63141,,(314) 743-8091,97,3,0,99,93,6,1,96,90,8,2,95,88,10,2,95,,852,205,24,10/01/2024,09/30/2025
26C0001088,SURGERY CENTER OF COLUMBIA LP,305 NORTH KEENE ST SUITE 107,COLUMBIA,MO,65201,,(573) 256-6272,97,3,0,98,92,7,1,96,87,11,2,95,86,13,1,95,,682,229,34,10/01/2024,09/30/2025
26C0001091,ADVANCED ENDOSCOPY CENTER,"11525 OLDE CABIN RD, SUITE 101",CREVE COEUR,MO,63141,,(314) 400-9999,98,2,0,99,93,6,1,96,94,5,1,97,89,9,2,95,,798,223,28,10/01/2024,09/30/2025
26C0001094,ST MARY'S SURGICAL CENTER LLC,203 NORTHWEST R MIZE RD SUITE 218,BLUE SPRINGS,MO,64014,,(816) 874-4181,97,2,1,98,93,5,2,96,82,17,1,94,85,14,1,94,3,813,193,24,10/01/2024,09/30/2025
26C0001095,SAINT LUKES SURGICENTER LEES SUMMIT,120 NORTHEAST SAINT LUKES BLVD,LEES SUMMIT,MO,64086,,(816) 347-5800,98,2,0,99,95,4,1,97,95,4,1,97,93,5,2,97,,1087,305,29,10/01/2024,09/30/2025
26C0001097,RIVERSIDE AMBULATORY SURGERY CENTER,100 VILLAGE SQUARE,HAZELWOOD,MO,63042,,(314) 373-8931,98,2,0,99,96,4,0,98,89,8,3,95,86,12,2,94,,939,220,23,10/01/2024,09/30/2025
26C0001098,THE ENDOSCOPY CENTER LIBERTY,9601 NORTHEAST 79TH ST,KANSAS CITY,MO,64158,,(816) 478-4887,98,2,0,99,92,7,1,95,92,7,1,96,89,10,1,96,,1522,478,31,10/01/2024,09/30/2025
26C0001100,WEST PLAINS AMBULATORY SURGERY CENTER,1401 DOCTORS DR,WEST PLAINS,MO,65775,,(417) 256-1400,98,2,0,99,92,7,1,95,89,7,4,95,86,14,0,95,3,1165,310,27,10/01/2024,09/30/2025
26C0001103,CEDAR OAKS SURGERY CENTER LLC,706 BURKARTH RD,WARRENSBURG,MO,64093,,(660) 747-8868,99,1,0,99,94,5,1,97,94,6,0,97,93,6,1,98,,567,199,35,10/01/2024,09/30/2025
26C0001106,WASHINGTON SURGERY CENTER INC,16 CHAMBER DR.,WASHINGTON,MO,63090,,(636) 239-9122,98,2,0,99,94,5,1,96,90,9,1,96,87,11,2,94,3,574,234,41,10/01/2024,09/30/2025
26C0001107,INTERVENTIONAL PAIN CENTER OF CHESTERFIELD,17300 NORTH OUTER 40 RD SUITE 100,CHESTERFIELD,MO,63005,,(636) 728-1977,99,1,0,99,95,3,2,97,91,8,1,97,90,7,3,95,3,1209,301,25,10/01/2024,09/30/2025
26C0001108,MERCURY SURGERY CENTER,901 HEARTLAND RD SUITE 1820,ST. JOSEPH,MO,64506,,(816) 364-2772,98,2,0,99,94,5,1,96,87,11,2,95,84,12,4,93,3,466,153,33,10/01/2024,09/30/2025
26C0001109,WEBSTER AMBULATORY SURGERY CENTER LP DBA LANDMARK SURGERY CENTER,9701 LANDMARK PARKWAY DR SUITE 100,SAINT LOUIS,MO,63127,,(314) 729-0100,99,1,0,99,92,6,2,95,90,9,1,96,87,12,1,95,,765,182,24,10/01/2024,09/30/2025
26C0001112,FRONTENAC AMBULATORY SURGERY AND SPINE CARE CENTER LP,10435 CLAYTON ROAD SUITE 110,FRONTENAC,MO,63131,,(314) 995-3990,98,2,0,99,92,7,1,96,92,6,2,96,89,9,2,95,,1068,220,21,10/01/2024,09/30/2025
26C0001113,NORTHLAND EYE SURGERY CENTER LLC,100 CLAYVIEW DR. STE. A,LIBERTY,MO,64068,,(816) 792-1900,98,2,0,99,94,6,0,97,100,0,0,97,94,6,0,98,"3,10",588,45,8,10/01/2024,09/30/2025
26C0001114,SURGERY CENTER OF INDEPENDENCE LP,"19550 EAST 39TH ST, SUITE 100",INDEPENDENCE,MO,64057,,(816) 478-2600,97,2,1,98,94,5,1,96,89,10,1,95,82,17,1,93,3,1189,394,33,10/01/2024,09/30/2025
26C0001115,SKIN AND MOHS SURGERY CENTER LLC,3265 NE RALPH POWELL RD,LEES SUMMIT,MO,64064,,(913) 907-2340,97,3,0,99,90,8,2,94,91,8,1,96,90,9,1,96,3,1442,100,7,10/01/2024,09/30/2025
26C0001116,MASON RIDGE AMBULATORY SURGERY CENTER DBA GATEWAY ENDOSCOPY CENTER,12855 NORTH FORTY DR SUITE 150,SAINT LOUIS,MO,63141,,(314) 336-1130,99,1,0,99,94,5,1,97,94,5,1,97,93,6,1,97,,884,274,31,10/01/2024,09/30/2025
26C0001117,TWIN CITIES AMBULATORY SURGERY CENTER LP,1101 W. GANNON DR.,FESTUS,MO,63028,,(636) 931-5997,97,3,0,98,93,6,1,96,85,13,2,94,82,15,3,93,,541,182,34,10/01/2024,09/30/2025
26C0001118,EYE SURGERY CENTER NORTHLAND LLC,"9401 N. OAK TRAFFIC WAY, #124",KANSAS CITY,MO,64155,,(816) 478-1230,99,1,0,99,95,3,2,97,95,3,2,96,89,10,1,96,3,387,126,33,10/01/2024,09/30/2025
26C0001120,SURGERY CENTER OF BRANSON LLC,1000 JAMES EPPS RD. STE. 3,BRANSON,MO,65616,,(417) 334-9689,100,0,0,100,92,7,1,95,95,3,2,97,87,9,4,94,"3,6",410,68,17,10/01/2024,09/30/2025
26C0001125,ST LOUIS EYE SURGERY AND LASER CTR,12990 MANCHESTER RD SUITE 103,ST LOUIS,MO,63131,,(314) 686-4200,95,4,1,97,83,11,6,88,89,8,3,95,85,11,4,93,3,1831,115,6,10/01/2024,09/30/2025
26C0001128,PHYSICIANS SURGERY CENTER,170 MEDICAL DR,HANNIBAL,MO,63401,,(573) 231-0175,94,5,1,97,75,20,5,85,82,18,0,92,72,28,0,91,"3,10",533,27,5,10/01/2024,09/30/2025
26C0001130,MIDAMERICA SURGERY CENTER LLC,1815 CLARKSON RD SUITE 103,CHESTERFIELD,MO,63017,,(636) 534-5101,94,6,0,97,88,11,1,93,86,10,4,94,85,13,2,94,3,349,126,36,10/01/2024,09/30/2025
26C0001131,THE SURGICAL CENTER AT COLUMBIA ORTHOPAEDIC GROUP LLC,1 SOUTH KEENE ST SUITE 100,COLUMBIA,MO,65201,,(573) 499-6505,98,2,0,99,92,7,1,95,93,6,1,96,91,7,2,96,3,1010,401,40,10/01/2024,09/30/2025
26C0001132,MERCY SOUTH ASC LLC DBA MERCY OUTPATIENT SURGERY CENTER WEST BEND,12345 WEST BEND DRIVE SUITE 201,SAINT LOUIS,MO,63128,,(314) 722-2530,96,4,0,98,89,9,2,93,90,7,3,95,85,12,3,93,"3,6",263,67,25,10/01/2024,09/30/2025
26C0001133,ST LOUIS SPINE AND ORTHOPEDIC SURGERY CTR,1130 TOWN AND COUNTRY,TOWN AND COUNTRY,MO,63017,,(636) 256-0320,99,1,0,100,97,2,1,98,95,5,0,97,92,8,0,97,3,768,186,24,10/01/2024,09/30/2025
26C0001134,32ND STREET SURGERY CENTER LLC,"1531 EAST 32ND ST, SUITE 6",JOPLIN,MO,64804,,(417) 627-9699,97,3,0,98,94,5,1,97,93,6,1,97,91,7,2,96,,1787,577,32,10/01/2024,09/30/2025
26C0001138,OLD TESSON SURGERY CENTER,12639 OLD TESSON SUITE 130,ST. LOUIS,MO,63128,,(314) 748-4225,99,1,0,99,94,5,1,97,91,8,1,96,89,10,1,96,,696,278,40,10/01/2024,09/30/2025
26C0001141,SSM ST CLARE SURGICAL CENTER LLC,1055 BOWLES AVE STE 100,FENTON,MO,63026,,(636) 203-9700,98,1,1,99,93,6,1,96,88,10,2,95,83,15,2,93,"3,6",548,85,16,10/01/2024,09/30/2025
26C0001142,FREEMAN SURGICAL CENTER LLC,811 WEST 34TH ST,JOPLIN,MO,64804,,(417) 622-4270,98,1,1,99,91,6,3,94,90,7,3,95,87,10,3,94,3,1060,277,26,10/01/2024,09/30/2025
26C0001144,ST. CHARLES SURGERY CENTER,3501 HARRY S TRUMAN BLVD,ST. CHARLES,MO,63301,,(636) 757-1973,96,3,1,98,87,10,3,92,92,7,1,96,87,12,1,95,3,1498,121,8,10/01/2024,09/30/2025
26C0001146,FSC INVESTMENTS LLC,8453 N. LINDBERGH BLVD,FLORISSANT,MO,63031,,(314) 736-1080,96,3,1,98,94,4,2,96,90,7,3,95,87,9,4,93,,650,280,43,10/01/2024,09/30/2025
26C0001148,EMERSON SURGERY CENTER LLC,"633 EMERSON RD, SUITE 140",ST LOUIS,MO,63141,,(314) 991-9922,99,1,0,99,95,4,1,97,91,8,1,97,90,10,0,97,,754,177,23,10/01/2024,09/30/2025
26C0001152,MID MISSOURI SURGERY CENTER LLC,"1410 FORUM KATY PARKWAY, STE. 102",COLUMBIA,MO,65203,,(573) 397-6556,94,5,1,97,89,10,1,94,89,9,2,95,87,11,2,95,3,537,102,19,10/01/2024,09/30/2025
26C0001153,HEART CARE CENTER LLC,450 NORTH NEW BALLAS ROAD SUITE 206-S,SAINT LOUIS,MO,63141,,(314) 991-6969,99,1,0,99,86,8,6,90,86,6,8,95,88,4,8,94,6,181,55,30,10/01/2024,09/30/2025
26C0001154,MIDAMERICA SPINE CENTER LLC,211 NORTH LINDBERGH BOULEVARD SUITE 101,CREVE COEUR,MO,63141,,(636) 529-1618,98,2,0,99,92,7,1,96,89,10,1,97,94,6,0,98,"3,10",130,40,31,10/01/2024,09/30/2025
26C0001155,NORTH POINT SURGERY CENTER LLC,5151 NW 88TH ST,KANSAS CITY,MO,64154,,(816) 420-3950,98,2,0,99,96,3,1,98,94,4,2,97,92,6,2,97,3,501,198,40,10/01/2024,09/30/2025
26C0001156,KC PAIN ASC LLC,200 NE MISSOURI RD SUITE 100,LEES SUMMIT,MO,64086,,(816) 282-5370,98,2,0,99,93,6,1,96,92,6,2,96,87,10,3,94,3,1266,440,35,10/01/2024,09/30/2025
26C0001157,OLIVE AMBULATORY SURGERY CENTER DBA NORTH CAMPUS SURGERY CENTER,633 EMERSON RD SUITE 120,SAINT LOUIS,MO,63141,,(314) 991-2090,96,4,0,98,94,5,1,97,88,9,3,95,83,13,4,93,,773,148,19,10/01/2024,09/30/2025
26C0001159,FRESENIUS VASCULAR CARE ST LOUIS ASC,201 DUNN ROAD,FLORISSANT,MO,63031,,(314) 830-3841,97,3,0,99,93,5,2,96,87,9,4,94,76,18,6,89,3,890,116,13,10/01/2024,09/30/2025
26C0001160,PREMIER SURGICAL CENTER LLC,3550 MCKELVEY ROAD,BRIDGETON,MO,63044,,(314) 741-0911,97,3,0,98,94,4,2,96,91,7,2,95,85,10,5,92,3,605,178,29,10/01/2024,09/30/2025
26C0001161,ADVANCED SURGICAL CENTER OF SUNSET HILLS LLC,4594 SOUTH LINDBERGH BLVD,SAINT LOUIS,MO,63127,,(314) 842-2607,98,2,0,99,97,2,1,98,95,4,1,97,95,3,2,97,3,500,193,39,10/01/2024,09/30/2025
26C0001162,TOTAL JOINT CENTER OF THE NORTHLAND,200 NORTHEAST 54TH ST SUITE 200,KANSAS CITY,MO,64118,,(816) 499-8500,98,2,0,99,96,3,1,98,96,3,1,98,95,3,2,97,,552,284,51,10/01/2024,09/30/2025
26C0001164,CENTER FOR UROLOGIC SURGERY,12855 NORTH FORTY DR,ST. LOUIS,MO,63141,,(314) 594-8230,98,2,0,99,95,4,1,97,91,7,2,95,86,12,2,94,3,1304,414,32,10/01/2024,09/30/2025
26C0001169,BLACK RIVER AMBULATORY SURGERY CENTER,219 PHYSICIANS PARK DRIVE,POPLAR BLUFF,MO,63901,,(000) 000-0000,97,3,0,99,91,8,1,95,88,8,4,94,86,11,3,94,,804,245,31,10/01/2024,09/30/2025
26C0001171,BEACON SURGERY CENTER,2861 NORTHEAST INDEPENDENCE AVE SUITE 101,LEES SUMMIT,MO,64064,,(816) 579-1500,98,2,0,99,94,5,1,97,93,6,1,97,92,6,2,96,,852,318,37,10/01/2024,09/30/2025
26C0001172,ST. LUKE'S SURGERY CENTER OF CHESTERFIELD,111 ST. LUKE'S CENTRE DR,CHESTERFIELD,MO,63017,,(314) 798-7100,97,3,0,98,93,6,1,96,93,5,2,96,92,6,2,96,,1557,404,26,10/01/2024,09/30/2025
26C0001174,RESTORATIVE SURGERY CENTER LLC,6829 PARKER ROAD SUITE B,FLORISSANT,MO,63033,,(314) 741-2700,98,2,0,99,97,3,0,99,95,4,1,97,92,6,2,96,3,453,197,44,10/01/2024,09/30/2025
26C0001175,WENTZVILLE SURGERY CENTER LLC,982 WENTZVILLE PARKWAY,WENTZVILLE,MO,63385,,(314) 560-5069,99,1,0,100,96,3,1,98,98,2,0,99,97,1,2,98,,881,243,28,10/01/2024,09/30/2025
26C0001176,EYE SURGICAL SERVICES LLC DBA GATEWAY SURGERY CENTER,10296 BIG BEND ROAD SUITE 100,SAINT LOUIS,MO,63122,,(314) 735-0200,97,3,0,99,90,9,1,94,92,6,2,96,90,7,3,96,3,564,219,39,10/01/2024,09/30/2025
26C0001177,ORTHOPEDIC ASC OF CHESTERFIELD DBA ORTHOPEDIC SURGERY CENTER OF CREVE COEUR,760 OFFICE PARKWAY SUITE 100,CREVE COEUR,MO,63141,,(314) 328-7648,98,2,0,99,91,8,1,95,91,9,0,96,90,9,1,96,3,814,187,23,10/01/2024,09/30/2025
26C0001178,PHYSICIANS AMBULATORY SURGERY CENTER LLC,114 PIPER HILL DRIVE SUITE 101,SAINT PETERS,MO,63376,,(636) 706-0560,97,3,0,98,90,9,1,94,87,11,2,95,86,12,2,95,3,899,154,18,10/01/2024,09/30/2025
26C0001179,SAINT LUKES NORTH SURGERY CENTER DBA SAINT LUKES SHOAL CREEK SURGERY CENTER,8660 NORTHEAST 82ND TERRACE SUITE 100,KANSAS CITY,MO,64158,,(816) 437-8101,95,4,1,97,95,4,1,97,92,5,3,96,88,9,3,94,,1268,364,29,10/01/2024,09/30/2025
26C0001181,KC SURGICENTER LLC DBA BLUE RIVER SURGERY CENTER,1318 EAST 104TH STREET,KANSAS CITY,MO,64131,,(816) 256-5200,99,1,0,99,93,6,1,96,93,5,2,96,89,9,2,95,3,1395,395,28,10/01/2024,09/30/2025
26C0001182,SKIN AND MOHS SURGERY CENTER LLC,8380 NORTH TULLIS AVENUE,KANSAS CITY,MO,64158,,(913) 451-7546,94,5,1,97,79,17,4,88,82,11,7,91,75,19,6,90,"3,6",459,60,13,10/01/2024,09/30/2025
26C0001183,LEES SUMMIT SURGICENTER LLC DBA SURGERY CENTER OF LEES SUMMIT,1950 SOUTHEAST BLUE PARKWAY,LEES SUMMIT,MO,64063,,(816) 272-2370,99,1,0,100,95,4,1,97,95,5,0,98,94,5,1,98,3,697,240,34,10/01/2024,09/30/2025
27C0001001,NORTHERN ROCKIES SURGERY CENTER LP,940 N. 30TH ST,BILLINGS,MT,59101,,(406) 248-7186,99,1,0,100,95,4,1,97,94,5,1,97,94,4,2,97,3,575,195,34,10/01/2024,09/30/2025
27C0001002,THE EYE CLINIC SURGICENTER,"2475 VILLAGE LANE, STE. 202",BILLINGS,MT,59102,,(406) 252-6608,94,6,0,97,88,11,1,94,79,18,3,93,81,15,4,92,3,393,155,39,10/01/2024,09/30/2025
27C0001010,ROCKY MOUNTAIN EYE SURGERY CENTER INC,700 W. KENT,MISSOULA,MT,59801,,(406) 541-4165,98,2,0,99,92,7,1,95,91,7,2,95,90,8,2,96,,465,204,44,10/01/2024,09/30/2025
27C0001012,PROVIDENCE SURGERY CENTER,902 NORTH ORANGE ST.,MISSOULA,MT,59802,,(406) 327-3301,99,1,0,99,98,2,0,99,94,6,0,98,94,5,1,97,,770,197,26,10/01/2024,09/30/2025
27C0001013,BIG SKY SURGERY CENTER LLC,8233 FORT MISSOULA RD,MISSOULA,MT,59804,,(406) 542-6559,97,3,0,99,89,7,4,93,90,7,3,96,89,9,2,95,,624,155,25,10/01/2024,09/30/2025
27C0001014,HELENA SURGICENTER LLC,2440 WINNE AVE,HELENA,MT,59601,,(406) 457-4202,98,2,0,99,93,6,1,96,88,11,1,95,88,11,1,95,,733,251,34,10/01/2024,09/30/2025
27C0001017,SUMMIT SURGERY CENTER LLC,434 SOUTH CLARK ST.,BUTTE,MT,59701,,(406) 496-3550,99,1,0,99,96,3,1,98,93,7,0,97,89,9,2,95,,784,372,47,10/01/2024,09/30/2025
27C0001018,MISSOULA BONE AND JOINT SURGERY CENTER,2360 MULLAN RD SUITE B,MISSOULA,MT,59808,,(406) 532-8068,99,1,0,99,96,4,0,98,96,4,0,98,95,4,1,98,3,1628,454,28,10/01/2024,09/30/2025
27C0001019,PACIFIC CATARACT AND LASER INSTITUTE INC PC,1621 MARKET PL DR.,GREAT FALLS,MT,59404,,(360) 242-3000,98,2,0,99,91,6,3,94,88,9,3,95,93,5,2,97,3,429,102,24,10/01/2024,09/30/2025
27C0001020,YELLOWSTONE SURGERY CENTER LLC,1144 N. 28TH ST.,BILLINGS,MT,59101,,(406) 237-5900,99,1,0,100,92,7,1,96,92,8,0,96,92,8,0,97,,694,229,33,10/01/2024,09/30/2025
27C0001021,ROCKY MOUNTAIN SURGICAL CENTER,1450 ELLIS ST SUITE 101,BOZEMAN,MT,59715,,(406) 556-9000,98,2,0,99,92,7,1,96,86,13,1,95,85,15,0,95,3,823,200,24,10/01/2024,09/30/2025
27C0001022,KALISPELL REGIONAL MEDICAL CENTER INC,111 SUNNYVIEW LANE,KALISPELL,MT,59901,,(406) 257-6700,98,2,0,99,94,5,1,97,86,12,2,95,83,15,2,93,,1016,192,19,10/01/2024,09/30/2025
27C0001024,VANCE THOMPSON VISION SURGERY CENTER BILLINGS LLC,1747 POLY DR,BILLINGS,MT,59102,,(406) 500-2317,98,2,0,99,91,7,2,95,89,8,3,95,88,9,3,95,3,506,231,46,10/01/2024,09/30/2025
27C0001026,KALISPELL REGIONAL MEDICAL CENTER INC DBA POLSON HEALTH OUTPATIENT CENTER,106 RIDGEWATER DR SUITE B,POLSON,MT,59860,,(406) 883-1911,99,1,0,99,98,1,1,98,92,7,1,97,89,11,0,96,6,357,75,21,10/01/2024,09/30/2025
27C0001027,THE ORTHOPEDIC SURGICAL CENTER OF MONTANA,536 SOUTH COTTONWOOD RD SUITE 102,BOZEMAN,MT,59718,,(406) 548-6300,99,1,0,99,92,7,1,95,95,3,2,97,92,6,2,97,3,587,158,27,10/01/2024,09/30/2025
27C0001028,YELLOWSTONE SURGERY CENTER LLC DBA YELLOWSTONE SURGERY CENTER WEST,1739 SPRING CREEK DRIVE,BILLINGS,MT,59102,,(000) 000-0000,99,1,0,99,91,8,1,95,95,4,1,96,94,5,1,98,,474,209,44,10/01/2024,09/30/2025
27C0001029,WEST BOZEMAN SURGERY CENTER LLC DBA BOZEMAN OUTPATIENT SURGERY CENTER,875 SOUTH COTTONWOOD ROAD SUITE 100,BOZEMAN,MT,59718,,(000) 000-0000,95,4,1,97,90,9,1,94,85,12,3,93,83,12,5,92,,776,206,27,10/01/2024,09/30/2025
27C0001030,MONTANA ENDOSCOPY CENTER,1930 WEST BROADWAY SUITE B,MISSOULA,MT,59808,,(406) 541-6836,98,2,0,99,94,6,0,97,94,6,0,97,93,7,0,98,"3,6",611,98,16,10/01/2024,09/30/2025
27C0001031,COPPER CITY SURGERY CENTER,2760 ELIZABETH WARREN AVENUE,BUTTE,MT,59701,,(406) 491-3413,98,2,0,99,91,7,2,94,90,7,3,95,93,5,2,97,,500,262,52,10/01/2024,09/30/2025
27C0001102,GLACIER SURGICAL INC,155 TIMBERWOLF PARKWAY,KALISPELL,MT,59901,,(406) 257-2020,98,2,0,99,93,5,2,96,93,6,1,97,91,9,0,97,3,841,114,14,10/01/2024,09/30/2025
27C0001103,MES SURGERY CENTER LLC,3820 NORTH 27TH AVENUE SUITE 200,BOZEMAN,MT,59718,,(406) 577-7091,98,2,0,99,94,6,0,97,94,4,2,97,92,6,2,96,"3,6",585,97,17,10/01/2024,09/30/2025
27C0001105,BENEFIS HOSPITALS INC,1645 VANDELAY AVENUE SUITE 201,HELENA,MT,59601,,(406) 455-5000,95,5,0,97,94,6,0,97,91,6,3,96,80,20,0,93,"3,6",269,66,25,10/01/2024,09/30/2025
27C0001106,GALLATIN VALLEY SURGERY CENTER LLC,2825 WEST MAIN STREET SUITE 3-C,BOZEMAN,MT,59718,,(406) 624-2152,95,4,1,97,94,5,1,97,90,5,5,96,91,3,6,95,"3,10",109,35,32,10/01/2024,09/30/2025
28C0001000,OMAHA SURGICAL CENTER,8051 WEST CENTER RD,OMAHA,NE,68124,,(402) 391-3333,100,0,0,100,92,7,1,95,90,8,2,96,88,11,1,96,"3,6",914,65,7,10/01/2024,09/30/2025
28C0001002,PACIFIC SURGERY CENTER LLC DBA PACIFIC SURGERY CENTER EAST,111 1/2 SOUTH 90TH STREET,OMAHA,NE,68114,,(402) 397-7178,99,1,0,100,90,8,2,94,85,14,1,95,87,11,2,95,"3,6",465,89,19,10/01/2024,09/30/2025
28C0001006,OMAHA AMBULATORY SURGERY CENTER LLP,825 N 90TH ST.,OMAHA,NE,68114,,(402) 391-7246,92,6,2,95,84,11,5,90,77,16,7,90,70,21,9,85,3,657,108,17,10/01/2024,09/30/2025
28C0001008,OMEGA SURGERY CENTER LINCOLN,755 FALLBROOK BLVD STE 204,LINCOLN,NE,68521,,(402) 898-5015,96,4,0,98,93,6,1,96,88,10,2,95,89,10,1,96,3,364,121,33,10/01/2024,09/30/2025
28C0001010,OMEGA SURGERY CENTER,11606 NICHOLAS ST,OMAHA,NE,68154,,(402) 493-2020,98,2,0,99,93,5,2,95,93,6,1,97,93,7,0,98,"3,6",297,89,30,10/01/2024,09/30/2025
28C0001012,PHYSICIANS SURGICAL CENTER,1500 SOUTH 48TH # 201,LINCOLN,NE,68506,,(402) 488-5600,97,2,1,98,93,6,1,96,86,11,3,94,80,16,4,92,3,614,131,22,10/01/2024,09/30/2025
28C0001013,LINCOLN ENDOSCOPY CENTER LLC,4545 R ST,LINCOLN,NE,68503,,(402) 465-4545,98,2,0,99,93,6,1,96,88,11,1,95,87,12,1,95,3,2199,210,10,10/01/2024,09/30/2025
28C0001015,NOC SURGERY CENTER LLC,6900 A STREET SUITE 200,LINCOLN,NE,68510,,(402) 436-2012,98,2,0,99,91,8,1,95,91,7,2,95,85,14,1,95,3,688,232,34,10/01/2024,09/30/2025
28C0001016,MIDWEST ENDOSCOPY SERVICES LLC,8901 INDIAN HILLS DR. STE. 100,OMAHA,NE,68114,,(402) 933-1500,98,2,0,99,96,3,1,98,90,9,1,96,92,7,1,97,3,417,115,28,10/01/2024,09/30/2025
28C0001018,NORTHEAST NEBRASKA SURGERY CENTER LLC DBA FAITH REGIONAL SURGERY CENTER,2701 WEST NORFOLK AVENUE,NORFOLK,NE,68701,,(402) 644-7262,97,3,0,99,90,9,1,94,87,11,2,94,77,21,2,92,3,3428,1015,30,10/01/2024,09/30/2025
28C0001019,GRAND ISLAND SURGERY CENTER,3610 RICHMOND CIR,GRAND ISLAND,NE,68803,,(308) 384-6400,98,2,0,99,93,6,1,96,90,8,2,96,87,13,0,96,3,529,104,20,10/01/2024,09/30/2025
28C0001020,NEBRASKA SURGERY CENTER LLC,625 SOUTH 70TH ST,LINCOLN,NE,68510,,(402) 484-6600,99,1,0,99,95,4,1,97,96,3,1,97,94,5,1,97,,2928,1023,35,10/01/2024,09/30/2025
28C0001022,UROLOGY SURGICAL CENTER LLC,5500 PINE LAKE RD.,LINCOLN,NE,68516,,(402) 421-8899,98,2,0,99,93,6,1,96,92,5,3,96,87,11,2,94,3,1242,443,36,10/01/2024,09/30/2025
28C0001023,SURGERY CENTER OF FREMONT LLC,2727 N. CLARKSON ST.,FREMONT,NE,68025,,(402) 727-8500,99,1,0,100,90,10,0,95,88,12,0,96,86,13,1,95,"3,6",287,94,33,10/01/2024,09/30/2025
28C0001024,SURGICENTER OF NORFOLK LLC,3400 W. NORFOLK AVE.,NORFOLK,NE,68701,,(402) 379-5555,97,2,1,98,85,11,4,91,95,3,2,96,87,13,0,96,"3,6",1596,88,6,10/01/2024,09/30/2025
28C0001025,MIDWEST EYE SURGERY CENTER LLC,4353 DODGE ST.,OMAHA,NE,68131,,(402) 552-2883,98,2,0,99,93,5,2,96,88,11,1,95,88,11,1,95,,917,319,35,10/01/2024,09/30/2025
28C0001026,HEARTLAND CATARACT AND LASER SURGERY CENTER,1103 GALVIN RD SOUTH SUITE H,BELLEVUE,NE,68005,,(402) 292-6514,96,4,0,98,88,10,2,93,87,10,3,94,82,14,4,92,3,597,212,36,10/01/2024,09/30/2025
28C0001027,HASTINGS LASER AND EYE SURGERY CENTER LLC,"715 N KANSAS AVE, SUITE 303",HASTINGS,NE,68901,,(402) 462-5888,98,2,0,99,94,5,1,97,91,6,3,95,88,10,2,95,"3,6",300,84,28,10/01/2024,09/30/2025
28C0001028,KEARNEY AMBULATORY SURGICAL CENTER LLC DBA HEARTLAND SURGERY CENTER,3515 30TH AVE,KEARNEY,NE,68845,,(308) 865-2670,97,3,0,99,93,7,0,96,90,8,2,95,91,7,2,96,,629,172,27,10/01/2024,09/30/2025
28C0001031,MIRACLE HILLS SURGERY CENTER LLC,"11819 MIRACLE HILLS DR, STE. 201",OMAHA,NE,68154,,(402) 884-2450,98,2,0,99,95,4,1,97,93,5,2,96,87,12,1,95,3,838,305,36,10/01/2024,09/30/2025
28C0001032,NORTH PLATTE SURGERY CENTER LLC,621 WEST FRANCIS ST,NORTH PLATTE,NE,69101,,(308) 534-5400,98,2,0,99,94,5,1,97,89,9,2,95,84,14,2,94,,1164,362,31,10/01/2024,09/30/2025
28C0001035,MPC COLONOSCOPY CENTER,9850 NICHOLAS STREET SUITE 100,OMAHA,NE,68114,,(000) 000-0000,97,2,1,98,91,7,2,95,90,6,4,95,85,13,2,94,3,785,166,21,10/01/2024,09/30/2025
28C0001036,OREGON TRAIL EYE SURGERY CENTER,329 WEST 40TH ST,SCOTTSBLUFF,NE,69361,,(308) 635-3911,98,2,0,99,93,6,1,96,91,6,3,95,94,4,2,97,3,549,120,22,10/01/2024,09/30/2025
28C0001037,VANCE THOMPSON VISION SURGERY CENTER NE LLC,4909 SOUTH 118TH STREET,OMAHA,NE,68137,,(402) 397-2010,98,2,0,99,93,6,1,96,93,6,1,97,92,6,2,97,3,679,320,47,10/01/2024,09/30/2025
28C0001038,ADVANCED SURGERY CENTER LLC,111 S. 10TH ST.,OMAHA,NE,68102,,(402) 345-1712,98,2,0,99,92,6,2,95,91,9,0,96,83,16,1,94,"3,6",339,75,22,10/01/2024,09/30/2025
28C0001039,HASTINGS SURGICAL CENTER LLC,5803 OSBOURNE DR WEST,HASTINGS,NE,68901,,(402) 462-5440,99,1,0,99,94,5,1,97,87,12,1,95,86,13,1,95,3,918,273,30,10/01/2024,09/30/2025
28C0001040,LAKESIDE AMBULATORY SURGICAL CENTER LLC,"17030 LAKESIDE HILLS PLAZA, SUITE 110",OMAHA,NE,68130,,(402) 758-5217,99,1,0,99,94,5,1,97,91,7,2,96,85,13,2,94,3,808,208,26,10/01/2024,09/30/2025
28C0001047,KEARNEY EYE SURGICAL CENTER INC,411 W. 39TH ST,KEARNEY,NE,68845,,(308) 865-2759,98,2,0,99,90,9,1,94,90,8,2,95,90,8,2,96,3,648,290,45,10/01/2024,09/30/2025
28C0001049,LAKESIDE ENDOSCOPY CENTER LLC,17001 LAKESIDE HILLS PL. STE. 201,OMAHA,NE,68130,,(402) 614-2300,97,3,0,99,98,1,1,99,95,4,1,97,95,5,0,98,3,518,183,35,10/01/2024,09/30/2025
28C0001051,BERGAN MERCY SURGERY CENTER LLC,7500 MERCY RD SUITE 4300,OMAHA,NE,68124,,(402) 398-5665,98,2,0,99,95,4,1,97,92,7,1,96,89,10,1,96,3,1021,229,22,10/01/2024,09/30/2025
28C0001054,SOUTHWEST LINCOLN SURGERY CENTER LLC,2222 S 16TH TOWER B STE. 315,LINCOLN,NE,68502,,(402) 475-3100,97,3,0,99,94,5,1,96,87,9,4,92,84,13,3,93,3,321,140,44,10/01/2024,09/30/2025
28C0001055,METHODIST ENDOSCOPY CENTER LLC,515 N. 162ND AVE. STE. 201,OMAHA,NE,68118,,(402) 505-9708,95,4,1,97,92,7,1,96,91,7,2,96,82,16,2,93,3,480,142,30,10/01/2024,09/30/2025
28C0001056,PACIFIC SURGERY CENTER,10707 PACIFIC ST SUITE 100,OMAHA,NE,68114,,(402) 932-6602,98,2,0,99,92,6,2,95,91,8,1,96,89,9,2,96,3,1038,198,19,10/01/2024,09/30/2025
28C0001057,KEARNEY PAIN TREATMENT CENTER LLC,920 E 56TH ST SUITE D,KEARNEY,NE,68847,,(308) 455-3091,99,1,0,99,92,7,1,96,87,12,1,95,84,15,1,94,3,726,264,36,10/01/2024,09/30/2025
28C0001061,LINCOLN DIGESTIVE HEALTH CENTER LLC,2300 SOUTH 16TH STREET SUITE 512,LINCOLN,NE,68502,,(402) 465-4545,99,1,0,100,93,7,0,96,94,6,0,98,89,10,1,96,3,1100,156,14,10/01/2024,09/30/2025
28C0001062,DOCTORS OUTPATIENT SURGERY CENTER,5055 A ST SUITE 100,LINCOLN,NE,68510,,(531) 500-0020,99,1,0,100,93,6,1,96,95,5,0,97,90,10,0,97,3,1069,175,17,10/01/2024,09/30/2025
28C0001063,UNITED VASCULAR OF OMAHA LLC,17410 BURKE STREET SUITE 105,OMAHA,NE,68118,,(531) 444-4757,98,2,0,99,91,8,1,95,92,5,3,95,89,6,5,93,"3,6",291,70,24,10/01/2024,09/30/2025
28C0001064,LINDUSTRIES LLC DBA SEVENTH AVENUE SURGERY CENTER,4107 7TH AVENUE,KEARNEY,NE,68845,,(308) 708-7747,98,2,0,99,92,6,2,95,91,6,3,95,82,15,3,93,3,437,181,41,10/01/2024,09/30/2025
28C0001065,RIVERVIEW SURGICAL CENTER LLC,201 EAST 4TH ST,SOUTH SIOUX CITY,NE,68776,,(000) 000-0000,97,3,0,98,93,6,1,96,90,8,2,96,91,7,2,96,3,514,200,39,10/01/2024,09/30/2025
28C0001066,ADVANCED MEDICAL IMAGING SURGERY CENTER,7555 PIONEERS BOULEVARD,LINCON,NE,68506,,(402) 484-4858,97,3,0,98,92,7,1,96,91,6,3,95,88,9,3,94,3,1178,379,32,10/01/2024,09/30/2025
28C0001067,THE NEBRASKA AMBULATORY SURGICAL CENTER LLC,5620 SOUTH 27TH STREET SUITE 200,LINCOLN,NE,68512,,(531) 249-5030,98,2,0,99,94,5,1,97,94,6,0,97,93,7,0,98,3,572,115,20,10/01/2024,09/30/2025
28C0001068,NPI SURGERY CENTER LLC,7350 WILLOWBROOK LANE SUITE 100,LINCOLN,NE,68516,,(531) 249-5353,96,3,1,98,84,12,4,90,88,8,4,95,88,8,4,94,"3,6",1017,74,7,10/01/2024,09/30/2025
29C0000113,MOUNTAIN WEST SURGICAL CENTER LLC,500 DAMONTE RANCH PARKWAY SUITE 958,RENO,NV,89521,,(775) 460-4626,98,2,0,99,92,6,2,95,89,8,3,96,91,7,2,96,"3,6",499,99,20,10/01/2024,09/30/2025
29C0001002,LAS VEGAS SURGICARE LTD,870 SOUTH RANCHO DR,LAS VEGAS,NV,89106,,(702) 870-2090,95,4,1,97,89,10,1,94,82,14,4,93,83,13,4,92,3,460,124,27,10/01/2024,09/30/2025
29C0001004,SHEPHERD EYE SURGICENTER,3575 PECOS MCLEOD,LAS VEGAS,NV,89121,,(702) 354-1074,97,3,0,99,90,9,1,94,91,9,0,97,89,10,1,96,3,970,157,16,10/01/2024,09/30/2025
29C0001005,SURGERY CENTER OF RENO,343 ELM ST SUITE 100,RENO,NV,89503,,(775) 336-6952,96,3,1,98,89,9,2,94,87,12,1,95,82,16,2,93,,1087,287,26,10/01/2024,09/30/2025
29C0001011,RENO ENDOSCOPY CENTER LLP,880 RYLAND ST,RENO,NV,89502,,(775) 329-4600,97,3,0,98,93,6,1,96,90,8,2,95,88,10,2,95,3,1734,361,21,10/01/2024,09/30/2025
29C0001022,SAHARA OUTPATIENT SURGERY CENTER LTD,2401 PASEO DEL PRADO,LAS VEGAS,NV,89102,,(702) 362-7874,94,5,1,96,89,9,2,93,83,14,3,93,81,16,3,92,3,3080,821,27,10/01/2024,09/30/2025
29C0001025,WEST LAS VEGAS SURGERY CENTER LLC DBA VALLEY VIEW SURGERY CENTER,1330 SOUTH VALLEY VIEW BLVD,LAS VEGAS,NV,89102,,(702) 675-4600,91,8,1,95,86,10,4,91,73,20,7,89,70,23,7,87,3,2870,551,19,10/01/2024,09/30/2025
29C0001026,DIGESTIVE HEALTH CENTER,5250 KIETZKE LANE,RENO,NV,89511,,(775) 770-2717,96,3,1,97,89,8,3,93,87,10,3,93,86,11,3,94,,1454,354,24,10/01/2024,09/30/2025
29C0001032,CARSON ENDOSCOPY CENTER,1385 VISTA LN.,CARSON CITY,NV,89703,,(775) 329-4600,97,3,0,98,91,7,2,94,86,10,4,94,86,11,3,94,3,1627,443,27,10/01/2024,09/30/2025
29C0001035,WILDCREEK SURGERY CENTER,2285 GREEN VISTA DR,SPARKS,NV,89431,,(775) 674-1100,93,5,2,96,82,14,4,89,79,17,4,91,78,18,4,91,3,1350,139,10,10/01/2024,09/30/2025
29C0001036,PARKWAY SURGERY CENTER,100 NORTH GREEN VALLEY PARKWAY SUITE 125,HENDERSON,NV,89074,,(702) 616-4950,97,3,0,98,93,5,2,96,90,9,1,95,88,11,1,96,,1216,220,18,10/01/2024,09/30/2025
29C0001038,LAKE TAHOE SURGERY CENTER,212 ELKS POINT RD SUITE 201,ZEPHYR COVE,NV,89448,,(775) 588-9188,99,1,0,99,96,4,0,98,91,7,2,96,92,6,2,96,,524,183,35,10/01/2024,09/30/2025
29C0001040,QUAIL SURGICAL AND PAIN MANAGEMENT CENTER LLC,6630 C S MCCARRAN BLVD. #25,RENO,NV,89509,,(775) 827-7555,98,2,0,99,94,5,1,97,90,9,1,95,87,12,1,95,3,836,169,20,10/01/2024,09/30/2025
29C0001043,TENAYA SURGICAL CENTER LLC,2800 N. TENAYA WAY STE. 101,LAS VEGAS,NV,89128,,(702) 838-7755,96,4,0,98,91,7,2,95,89,8,3,95,88,11,1,96,,796,148,19,10/01/2024,09/30/2025
29C0001047,SPECIALTY SURGICARE OF LAS VEGAS LP,7250 CATHEDRAL ROCK DR,LAS VEGAS,NV,89128,,(702) 933-3999,96,3,1,98,91,7,2,95,88,10,2,95,86,11,3,93,3,2050,436,21,10/01/2024,09/30/2025
29C0001049,SPECIALTY ASC LLC,9499 WEST CHARLESTON BLVD SUITE 250,LAS VEGAS,NV,89117,,(702) 933-3600,96,3,1,98,91,6,3,94,89,9,2,95,83,14,3,93,3,801,148,18,10/01/2024,09/30/2025
29C0001050,INSTITUTE OF ORTHOPAEDIC SURGERY LLC,2800 EAST DESERT INN ROAD SUITE 150,LAS VEGAS,NV,89121,,(702) 735-7355,97,2,1,98,91,7,2,95,88,10,2,95,88,9,3,94,3,1094,276,25,10/01/2024,09/30/2025
29C0001055,CENTENNIAL SURGERY CENTER,4454 N- DECATUR BLVD,LAS VEGAS,NV,89130,,(702) 839-1203,98,2,0,99,90,6,4,93,87,8,5,94,85,13,2,94,3,522,111,21,10/01/2024,09/30/2025
29C0001057,DIGESTIVE DISEASE CENTER II,2700 CRIMSON CANYON DR. STE. 120,LAS VEGAS,NV,89128,,(702) 734-0505,98,2,0,99,88,10,2,93,84,13,3,94,82,14,4,92,"3,6",626,99,16,10/01/2024,09/30/2025
29C0001058,ALTA ROSE SURGERY CENTER,501 ROSE ST 110,LAS VEGAS,NV,89106,,(702) 386-9906,,,,,,,,,,,,,,,,,1,,,,,
29C0001059,AMBULATORY SURGICAL CENTER OF SOUTHERN NEVADA LLC,3820 S. HUALAPAI WAY STE 100,LAS VEGAS,NV,89147,,(702) 952-1660,98,2,0,99,93,6,1,96,94,5,1,97,93,6,1,97,3,1087,248,23,10/01/2024,09/30/2025
29C0001060,WESTERN NEVADA SURGICAL CENTER INC,1299 MOUNTAIN ST.,CARSON CITY,NV,89703,,(775) 882-4477,92,7,1,96,74,21,5,84,67,27,6,88,65,30,5,86,3,400,107,27,10/01/2024,09/30/2025
29C0001064,SOUTH MEADOWS ENDOSCOPY CENTER LLC,10619 PROFESSIONAL CIR,RENO,NV,89521,,(775) 852-4848,98,2,0,99,92,7,1,95,89,10,1,95,89,10,1,96,3,1853,383,21,10/01/2024,09/30/2025
29C0001066,EYE SURGERY CENTER OF NORTHERN NEVADA,5420 KIETZKE LANE SUITE 106,RENO,NV,89511,,(775) 851-2444,96,4,0,98,88,9,3,92,88,10,2,95,87,11,2,94,,596,204,34,10/01/2024,09/30/2025
29C0001067,RENO ORTHOPAEDIC SURGERY CENTER LLC,"350 WEST 6TH ST, 3RD FLOOR",RENO,NV,89503,,(775) 786-3040,97,3,0,98,94,5,1,96,92,7,1,96,93,6,1,97,,637,192,30,10/01/2024,09/30/2025
29C0001069,HENDERSON SURGERY CENTER,1110 WIGWAM PARKWAY SUITE 105,HENDERSON,NV,89074,,(702) 564-1344,98,2,0,100,91,7,2,95,86,14,0,96,90,9,1,96,"3,6",1850,89,5,10/01/2024,09/30/2025
29C0001072,STONECREEK SURGERY CENTER,5915 SOUTH RAINBOW BLVD SUITE 108,LAS VEGAS,NV,89118,,(702) 227-7959,95,4,1,97,83,13,4,89,87,10,3,94,80,18,2,92,3,932,167,18,10/01/2024,09/30/2025
29C0001073,DURANGO OUTPATIENT SURGERY CENTER,8530 WEST SUNSET RD SUITE 100,LAS VEGAS,NV,89113,,(702) 789-5700,98,2,0,99,91,7,2,95,93,6,1,96,88,11,1,96,,2638,349,13,10/01/2024,09/30/2025
29C0001074,BOX CANYON SURGERY CENTER LLC,2555 BOX CANYON DR,LAS VEGAS,NV,89128,,(702) 316-4400,98,1,1,99,88,7,5,92,86,13,1,94,80,18,2,92,"3,6",562,87,16,10/01/2024,09/30/2025
29C0001076,CORONADO SURGERY CENTER,2779 WEST HORIZON RIDGE PARKWAY SUITE 140,HENDERSON,NV,89052,,(702) 589-9250,98,2,0,99,94,5,1,96,94,6,0,98,92,6,2,96,,762,274,36,10/01/2024,09/30/2025
29C0001077,DIGESTIVE DISEASE CENTER GREEN VALLEY,1647 EAST WINDMILL LANE SUITE #110,LAS VEGAS,NV,89123,,(702) 734-0505,96,3,1,98,92,6,2,95,89,9,2,96,79,17,4,91,3,666,120,18,10/01/2024,09/30/2025
29C0001078,RED ROCK SURGERY CENTER,"7135 W. SAHARA AVE., STE. 101",LAS VEGAS,NV,89117,,(702) 227-5848,90,7,3,93,84,11,5,90,77,10,13,87,76,12,12,88,"3,6",437,72,17,10/01/2024,09/30/2025
29C0001084,PHYSICIAN'S SURGERY CENTER OF NEVADA,3475 G.S. RICHARDS BLVD #110,CARSON CITY,NV,89703,,(775) 235-2653,96,4,0,98,82,15,3,89,81,15,4,93,83,13,4,93,"3,6",801,79,10,10/01/2024,09/30/2025
29C0001100,SUNRISE FLAMINGO SURGERY CENTER LIMITED PARTNERSHIP,2565 EAST FLAMINGO RD,LAS VEGAS,NV,89121,,(702) 697-7900,95,4,1,97,91,6,3,94,85,13,2,94,85,12,3,94,3,759,198,26,10/01/2024,09/30/2025
29C0001102,HORIZON RIDGE SURGERY CENTER LLC,10561 JEFFREYS STREET SUITE 130,HENDERSON,NV,89052,,(702) 724-8900,95,4,1,97,90,8,2,94,89,8,3,94,86,13,1,95,,1362,279,20,10/01/2024,09/30/2025
29C0001107,COPPEL SURGICAL SOLUTIONS DBA NEVADA SURGICAL SUITES,2809 W. CHARLESTON BLVD,LAS VEGAS,NV,89102,,(702) 476-1800,94,5,1,96,85,11,4,90,80,16,4,92,76,20,4,90,3,5415,1043,19,10/01/2024,09/30/2025
29C0001108,AFFINITY SURGERY CENTER LLC,10135 WEST TWAIN AVE SUITE 110,LAS VEGAS,NV,89147,,(818) 851-9083,98,1,1,99,93,6,1,96,91,7,2,96,91,8,1,97,"3,6",505,84,17,10/01/2024,09/30/2025
29C0001110,SUNSET RIDGE SURGERY CENTER LLC,8352 WEST WARM SPRINGS RD SUITE 110,LAS VEGAS,NV,89113,,(702) 445-6993,97,3,0,99,91,7,2,94,86,11,3,95,89,10,1,96,"3,6",505,77,15,10/01/2024,09/30/2025
29C0001111,EAR NOSE AND THROAT SURGERY CENTER LLC,8840 WEST SUNSET ROAD SUITE B,LAS VEGAS,NV,89148,,(702) 209-3377,93,5,2,96,86,12,2,92,81,13,6,93,83,12,5,92,"3,6",483,80,17,10/01/2024,09/30/2025
29C0001114,COPPEL SURGICAL SOLUTIONS DBA NEVADA SURGICAL SUITES EAST,1569 EAST FLAMINGO RD,LAS VEGAS,NV,89119,,(702) 743-8986,98,2,0,99,89,9,2,94,81,13,6,93,79,18,3,92,"3,6",346,83,24,10/01/2024,09/30/2025
29C0001116,LV SURGERY CTR LLC,7315 S. PECOS RD STE 103,LAS VEGAS,NV,89120,,(702) 855-0550,98,2,0,99,95,4,1,97,92,7,1,96,91,9,0,97,"3,6",541,66,12,10/01/2024,09/30/2025
29C0001119,GREEN VALLEY SURGERY CENTER,7365 SOUTH PECOS RD,LAS VEGAS,NV,89120,,(702) 857-6510,97,3,0,99,90,8,2,94,93,6,1,97,85,13,2,94,3,786,154,20,10/01/2024,09/30/2025
29C0001121,SNNAC LLC DBA AZURA SURGERY CENTER NORTHERN NEVADA,932 RYLAND STREET,RENO,NV,89502,,(775) 853-4166,96,4,0,98,85,14,1,92,86,13,1,95,82,14,4,92,"3,6",588,70,12,10/01/2024,09/30/2025
29C0001122,SILVER STATE SURGERY CENTER WEST LLC,5950 SOUTH DURANGO DRIVE SUITE 101,LAS VEGAS,NV,89113,,(702) 462-9820,98,1,1,99,89,7,4,93,88,11,1,95,88,10,2,95,"3,6",396,56,14,10/01/2024,09/30/2025
29C0001123,KIDNEY SPECIALISTS SURGERY CENTER,7326 WEST CHEYENNE AVE SUITE 110,LAS VEGAS,NV,89129,,(847) 388-2035,98,2,0,99,88,8,4,92,84,15,1,94,78,18,4,91,3,1218,104,9,10/01/2024,09/30/2025
29C0001124,AZURA SURGERY CENTER LAS VEGAS,2450 FIRE MESA STREET SUITE 100,LAS VEGAS,NV,89128,,(717) 818-0153,95,5,0,97,87,12,1,93,87,10,3,94,74,22,4,89,3,2561,281,11,10/01/2024,09/30/2025
29C0001125,SUNSET PAIN SURGERY CENTER,9120 WEST RUSSELL ROAD UNIT 100,LAS VEGAS,NV,89148,,(702) 936-3669,97,3,0,99,94,4,2,97,91,8,1,97,91,5,4,95,3,619,171,28,10/01/2024,09/30/2025
29C0001127,VISIONARY SURGERY CENTER OF NEVADA,10463 DOUBLE R BOULEVARD,RENO,NV,89521,,(775) 562-2121,98,2,0,99,90,9,1,95,89,11,0,96,93,5,2,97,"3,6",989,60,6,10/01/2024,09/30/2025
29C0001130,COMPREHENSIVE DIGESTIVE SURGICENTER LLC DBA COMPREHENSIVE DIGESTIVE SURGICAL CENTER,8440 WEST WARM SPRINGS ROAD,LAS VEGAS,NV,89113,,(702) 970-2383,95,4,1,97,92,7,1,95,89,8,3,95,84,14,2,93,3,2301,397,17,10/01/2024,09/30/2025
29C0001131,ADVANCED ORTHOPAEDIC SURGERY CENTER DBA LAS VEGAS INSTITUTE FOR ADVANCED SURGERY,7183 ADVANCED WAY,LAS VEGAS,NV,89113,,(702) 936-7657,98,2,0,99,91,7,2,95,92,7,1,96,90,9,1,96,3,950,193,20,10/01/2024,09/30/2025
29C0001135,SURGERY NEVADA LLC,5560 KIETZKE LANE BUILDING A,RENO,NV,89511,,(775) 322-8077,96,4,0,98,91,9,0,95,83,15,2,94,86,13,1,95,"3,6",444,74,17,10/01/2024,09/30/2025
29C0001138,ELKO COMMUNITY HEALTH CENTER LLC,2098 IDAHO STREET,ELKO,NV,89801,,(775) 389-5778,97,3,0,99,92,7,1,95,89,10,1,96,92,7,1,97,,1180,195,17,10/01/2024,09/30/2025
29C0001139,QUEENSRIDGE SURGERY CENTER LLC,10040 ALTA DRIVE SUITE 250,LAS VEGAS,NV,89145,,(702) 640-0017,98,2,0,99,93,6,1,96,92,6,2,96,90,7,3,95,,1035,301,29,10/01/2024,09/30/2025
29C0001142,ADVANCED SURGICAL CENTER LLC,7150 WEST SUNSET ROAD SUITE 106,LAS VEGAS,NV,89113,,(725) 245-1145,96,3,1,98,91,7,2,94,71,26,3,92,66,29,5,86,3,469,114,24,10/01/2024,09/30/2025
30C0001004,NOVAMED SURGERY CENTER OF NASHUA,5 COLISEOM AVE SUITE 7,NASHUA,NH,03055,,(603) 689-9240,96,4,0,98,90,8,2,94,84,12,4,93,81,15,4,92,3,1289,420,33,10/01/2024,09/30/2025
30C0001009,BEDFORD AMBULATORY SURGICAL CENTER LLC,11 WASHINGTON PL,BEDFORD,NH,03110,,(603) 622-3670,99,1,0,100,98,2,0,99,95,4,1,97,94,4,2,96,3,523,180,34,10/01/2024,09/30/2025
30C0001012,ORTHOPAEDIC SURGERY CENTER,264 PLEASANT ST,CONCORD,NH,03301,,(603) 228-7211,98,2,0,99,95,4,1,97,95,4,1,97,93,6,1,97,3,2590,783,30,10/01/2024,09/30/2025
30C0001014,DARTMOUTH-HITCHCOCK CLINIC,100 HITCHCOCK WAY,MANCHESTER,NH,03104,,(603) 629-8237,99,1,0,99,94,5,1,96,92,6,2,96,91,8,1,97,,2797,613,22,10/01/2024,09/30/2025
30C0001018,CONCORD EYE SURGERY LLC,246 PLEASANT ST STE 105B,CONCORD,NH,03301,,(603) 224-2020,96,3,1,98,85,12,3,91,82,9,9,91,78,14,8,89,"3,10",185,33,18,10/01/2024,09/30/2025
30C0001020,CENTERS FOR PAIN SOLUTIONSLLC,"280 MAIN ST, SUITE 420",NASHUA,NH,03060,,(603) 577-3003,99,1,0,99,90,10,0,95,87,13,0,96,70,24,6,87,"3,10",173,35,20,10/01/2024,09/30/2025
30C0001025,CONCORD ENDOSCOPY CENTER LLC,60 COMMERCIAL STREET SUITE 201,CONCORD,NH,03301,,(603) 415-9450,97,3,0,99,93,6,1,96,93,6,1,96,90,9,1,96,,2672,696,26,10/01/2024,09/30/2025
30C0001029,STRATHAM AMBULATORY SURGERY CENTER,4 B WEST RD,STRATHAM,NH,03885,,(603) 772-2076,97,2,1,98,90,8,2,94,88,8,4,94,86,10,4,93,,782,134,17,10/01/2024,09/30/2025
30C0001030,BARRINGTON SURGICAL CARE LLC,944 CALF HWY,BARRINGTON,NH,03825,,(603) 664-0100,97,1,2,97,95,3,2,97,95,2,3,96,93,4,3,97,3,347,103,30,10/01/2024,09/30/2025
30C0001031,DARTMOUTH HITCHCOCK CLINIC,2300 SOUTHWOOD DR,NASHUA,NH,03063,,(603) 577-4180,99,1,0,99,95,4,1,97,93,6,1,96,92,7,1,97,,1809,418,23,10/01/2024,09/30/2025
30C0001032,CAPITAL ORTHOPEDIC SURGERY CENTER LLC,14 TSEINNETO RD,DERRY,NH,03038,,(603) 425-6966,98,2,0,99,94,5,1,97,92,6,2,96,87,9,4,93,3,1053,264,25,10/01/2024,09/30/2025
30C0001033,NASHUA AMBULATORY SURGICAL CENTER LLC,15 RIVERSIDE ST,NASHUA,NH,03062,,(603) 622-3670,98,2,0,99,95,4,1,97,93,7,0,97,92,7,1,97,3,511,178,35,10/01/2024,09/30/2025
30C0001034,WENTWORTH SURGERY CENTER LLC,6 WORKS WAY,SOMERSWORTH,NH,03878,,(603) 285-9288,98,1,1,99,93,6,1,96,86,13,1,95,87,10,3,94,3,1055,270,26,10/01/2024,09/30/2025
30C0001036,ORCHARD SURGICAL CENTER LLC,16 KEEWAYDIN DR,SALEM,NH,03079,,(603) 401-6466,98,2,0,99,95,4,1,97,93,6,1,97,92,7,1,97,3,590,214,36,10/01/2024,09/30/2025
30C0001037,RYE SURGICAL CENTER LLC,270 LAFAYETTE RD,RYE,NH,03870,,(603) 319-1581,96,4,0,98,95,4,1,98,94,5,1,97,93,6,1,97,3,510,164,32,10/01/2024,09/30/2025
30C0001041,ACCESS AMBULATORY SURGERY CENTER,45 DARTMOUTH DR,AUBURN,NH,03032,,(603) 518-7190,99,1,0,99,96,4,0,98,95,5,0,98,86,14,0,95,"3,10",159,29,18,10/01/2024,09/30/2025
30C0001042,NORTH ATLANTIC SURGICAL SUITES LLC,23 KEEYWAYDIN DRIVE,SALEM,NH,03079,,(603) 386-0272,99,1,0,100,95,5,0,97,96,4,0,98,93,6,1,97,,478,223,47,10/01/2024,09/30/2025
30C0001043,MINIMALLY INVASIVE SURGERY CENTER OF NEW ENGLAND,4 HAWTHORNE DRIVE,BEDFORD,NH,03079,,(000) 000-0000,99,1,0,99,95,3,2,97,93,5,2,97,90,8,2,96,,1134,299,26,10/01/2024,09/30/2025
30C0001044,ATLANTIC COAST SURGICAL SUITES LLC,325-2 LAFAYETTE RD,SEABROOK,NH,03874,,(603) 218-1793,99,1,0,100,97,3,0,98,97,3,0,99,95,5,0,98,"3,10",131,42,32,10/01/2024,09/30/2025
30C0001045,NORTHRIDGE SURGICAL SUITES LLC,41 INNOVATIVE WAY,NASHUA,NH,03062,,(774) 266-4596,99,1,0,99,96,3,1,98,97,2,1,98,94,4,2,97,3,562,181,32,10/01/2024,09/30/2025
30C0001047,DERRY SURGICAL CENTER DBA SURGICAL CENTER OF NEW HAMPSHIRE AT DERRY,15 TSIENNETO ROAD,DERRY,NH,03038,,(603) 460-4955,98,2,0,99,93,6,1,96,92,7,1,96,88,10,2,95,3,962,212,22,10/01/2024,09/30/2025
30C0001048,PORTSMOUTH SURGICENTER LLC DBA NEW ENGLAND CENTER FOR ORTHOPAEDIC SURGERY,1900 LAFAYETTE ROAD BUILDING 2,PORTSMOUTH,NH,03801,,(603) 368-6220,99,1,0,99,92,7,1,96,95,4,1,97,95,4,1,98,3,1061,486,46,10/01/2024,09/30/2025
30C0001049,COASTAL SURGICAL CENTER LLC,291 SHATTUCK WAY,NEWINGTON,NH,03801,,(561) 330-3381,98,2,0,99,92,7,1,96,90,8,2,96,88,9,3,94,3,435,176,40,10/01/2024,09/30/2025
30C0001050,MASS GENERAL BRIGHAM AMSURG INC,30 TUSCAN BOULEVARD THIRD FLOOR,SALEM,NH,03079,,(857) 282-8001,100,0,0,100,96,3,1,97,96,3,1,97,97,3,0,99,,1938,286,15,10/01/2024,09/30/2025
30C0001051,PAIN SURGERY CENTER LIMITED LIABILITY COMPANY,101 SHATTUCK WAY SUITE 7,NEWINGTON,NH,03801,,(603) 778-9921,,,,,,,,,,,,,,,,,1,,,,,
31C0001005,SURGICARE OF CENTRAL JERSEY LLC,40 STIRLING RD,WATCHUNG,NJ,07069,,(908) 769-8000,96,3,1,98,92,6,2,95,83,14,3,93,78,18,4,91,3,1295,234,18,10/01/2024,09/30/2025
31C0001007,SUMMIT SURGICAL CENTER LLC,200 BOWMAN DR SUITE D160,VOORHEES,NJ,08043,,(856) 247-7810,99,1,0,99,96,3,1,97,96,3,1,98,94,5,1,97,,1234,341,28,10/01/2024,09/30/2025
31C0001008,NEW JERSEY EYE CENTER PA,1 N. WASHINGTON AVE.,BERGENFIELD,NJ,07621,,(201) 384-7333,93,5,2,95,83,13,4,90,77,16,7,90,74,19,7,88,"3,6",577,53,9,10/01/2024,09/30/2025
31C0001010,EYE PHYSICIANS OF SUSSEX COUNTY,183 HIGH ST,NEWTON,NJ,07860,,(973) 383-6245,98,2,0,99,92,6,2,95,89,7,4,94,86,13,1,95,3,540,241,45,10/01/2024,09/30/2025
31C0001011,MIDATLANTIC EYE CENTER,70 EAST FRONT ST,REDBANK,NJ,07701,,(732) 741-0858,,,,,,,,,,,,,,,,,1,,,,,
31C0001014,EYE AND LASER SURGERY CENTERS OF NEW JERSEY LLC,330 SOUTH ST,MORRISTOWN,NJ,07960,,(973) 871-2020,97,3,0,98,85,11,4,91,85,13,2,94,88,11,1,96,"3,6",435,79,18,10/01/2024,09/30/2025
31C0001017,EAST BRUNSWICK SURGERY CENTER LLC,561 CRANBURY RD.,EAST BRUNSWICK,NJ,08816,,(732) 390-4300,98,2,0,99,90,8,2,94,85,13,2,94,82,14,4,92,3,501,188,38,10/01/2024,09/30/2025
31C0001019,SURGICAL CENTER OF SOUTH JERSEY,130 GAITHER DR SUITE 160,MOUNT LAUREL,NJ,08054,,(856) 722-7000,99,1,0,99,93,6,1,96,92,6,2,96,91,7,2,96,3,2493,794,32,10/01/2024,09/30/2025
31C0001020,NJ CATARACT AND LASER INSTITUTE,101 PROSPECT ST SUITE 102,LAKEWOOD,NJ,08701,,(732) 367-0699,92,3,5,93,86,6,8,89,75,16,9,88,74,22,4,90,"3,10",168,39,23,10/01/2024,09/30/2025
31C0001021,PHYSICIANS OF MONMOUTH LLC,"733 N. BEERS ST., STE. L4",HOLMDEL,NJ,07733,,(732) 739-0707,,,,,,,,,,,,,,,,,1,,,,,
31C0001023,BERGENPASSAIC CATARACT LASER AND SURGERY CENTER LLC,"18-01 POLLITT DR, STE. 4",FAIR LAWN,NJ,07410,,(201) 414-5649,95,4,1,97,91,7,2,95,84,12,4,94,84,11,5,92,3,899,257,29,10/01/2024,09/30/2025
31C0001024,NORTHERN NEW JERSEY EYE INSTITUTE PA,71 SECOND ST,SOUTH ORANGE,NJ,07079,,(973) 763-2203,,,,,,,,,,,,,,,,,1,,,,,
31C0001026,CAMPUS EYE GROUP ASC,1700 WHITEHORSE HAMILTON SQUARE RD SUITE A1,HAMILTON,NJ,08690,,(609) 587-2020,96,4,0,98,89,9,2,93,81,17,2,93,86,12,2,94,3,660,114,18,10/01/2024,09/30/2025
31C0001030,PAVONIA SURGERY CENTER INC,600 PAVONIA AVE 4TH FLOOR,JERSEY CITY,NJ,07306,,(201) 216-7000,97,2,1,98,91,6,3,94,86,11,3,94,83,14,3,92,3,1186,257,22,10/01/2024,09/30/2025
31C0001033,FREEHOLD ENDOSCOPY ASSOCIATES LLC,222 SCHANCK RD SUITE 100,FREEHOLD,NJ,07728,,(732) 845-0990,98,2,0,99,92,6,2,95,91,7,2,96,88,8,4,94,3,757,265,35,10/01/2024,09/30/2025
31C0001035,BERGEN GASTROENTEROLOGY PC,"466 OLD HOOK RD, SUITE 1",EMERSON,NJ,07630,,(201) 967-8221,98,2,0,99,91,7,2,95,86,12,2,94,86,12,2,94,,1758,347,20,10/01/2024,09/30/2025
31C0001036,OCEAN SURGICAL PAVILION PC,"1907 HWY 35, SUITE 9",OAKHURST,NJ,07755,,(732) 517-8885,98,2,0,99,93,5,2,96,91,8,1,96,89,8,3,94,,1926,570,30,10/01/2024,09/30/2025
31C0001038,AMBULATORY SURGICAL CENTER OF MORRIS COUNTY INC,14 RIDGEDALE AVE STE 120,CEDAR KNOLLS,NJ,07927,,(973) 605-5151,98,2,0,99,93,5,2,96,89,9,2,95,88,10,2,95,,2537,1037,41,10/01/2024,09/30/2025
31C0001042,CLIFTON SURGERY CENTER INC,1117 RT. 46 E STE. 303,CLIFTON,NJ,07013,,(973) 779-7210,98,2,0,99,93,6,1,96,96,4,0,97,90,8,2,95,3,1538,278,18,10/01/2024,09/30/2025
31C0001046,ENDOSCOPY CENTER OF RED BANK,365 BROAD ST SUITE 2E,RED BANK,NJ,07701,,(732) 936-8303,99,1,0,99,94,5,1,96,97,2,1,98,95,3,2,97,,1782,687,39,10/01/2024,09/30/2025
31C0001052,HUNTERDON CENTER FOR SURGERY LLC,9100 WESTCOTT DR. STE. 201,FLEMINGTON,NJ,08822,,(908) 806-7017,99,1,0,99,94,5,1,97,93,7,0,97,89,10,1,96,,902,228,25,10/01/2024,09/30/2025
31C0001059,SOUTH JERSEY ENDOSCOPY LLC,26 EAST RED BANK AVE,WOODBURY,NJ,08096,,(856) 853-8475,98,2,0,99,92,7,1,96,93,6,1,97,94,5,1,97,3,624,183,29,10/01/2024,09/30/2025
31C0001061,ATLANTIC SURGERY CENTER LLC,279 THIRD AVE,LONG BRANCH,NJ,07740,,(732) 222-7373,94,2,4,95,87,9,4,91,91,6,3,94,84,10,6,91,"3,6",1583,80,5,10/01/2024,09/30/2025
31C0001066,HORIZON EYE CARE PA,9701 VENTOR AVE,MARGATE CITY,NJ,08402,,(609) 399-6102,96,3,1,98,93,6,1,96,86,8,6,93,91,5,4,96,"3,6",540,82,15,10/01/2024,09/30/2025
31C0001067,TEANECK GASTROENTEROLOGY AND ENDOSCOPY CENTER,1086 TEANECK RD SUITE 3B,TEANECK,NJ,07666,,(201) 837-9636,98,2,0,99,91,7,2,94,92,7,1,96,90,9,1,96,,1215,249,20,10/01/2024,09/30/2025
31C0001068,ENDO SURGI CENTER PA,1201 MORRIS AVE,UNION,NJ,07083,,(908) 686-9499,98,2,0,99,94,5,1,96,93,6,1,97,91,6,3,96,,2293,549,24,10/01/2024,09/30/2025
31C0001069,THE SURGICAL CENTER OF SOUTH JERSEY EYE PHYSICIANS,509 SOUTH LENOLA RD SUITE 11B,MOORESTOWN,NJ,08057,,(856) 231-5904,98,2,0,99,93,6,1,96,93,6,1,96,88,10,2,95,3,967,215,22,10/01/2024,09/30/2025
31C0001070,WILLS SURGERY CENTER OF CHERRY HILL DBA SURGERY CENTER OF CHERY HILL,408 ROUTE 70 EAST,CHERRY HILL,NJ,08034,,(856) 354-1600,94,5,1,96,93,5,2,96,88,7,5,94,88,9,3,95,3,402,141,35,10/01/2024,09/30/2025
31C0001071,SPECIALIZED SURGICAL CENTER OF CENTRAL NEW JERSEY LLC,562 EASTON AVE,SOMERSET,NJ,08873,,(732) 846-2501,97,3,0,99,91,6,3,94,88,11,1,96,92,6,2,96,3,642,105,17,10/01/2024,09/30/2025
31C0001075,GASTROENTEROLOGY DIAGNOSTICS OF NORTHERN NEW JERSEY PA,"205 BROWERTOWN RD, STE. 102",WOODLAND PARK,NJ,07424,,(973) 890-4780,99,1,0,99,92,6,2,95,94,5,1,97,91,6,3,95,,2020,549,27,10/01/2024,09/30/2025
31C0001077,PRINCETON ORTHOPAEDIC ASSOCIATES II PA,727 STATE RD,PRINCETON,NJ,08540,,(609) 924-8131,99,1,0,99,91,7,2,95,93,6,1,96,91,8,1,97,3,856,217,25,10/01/2024,09/30/2025
31C0001078,OCEAN COUNTY EYE ASSOCIATES PC,18 MULE RD,TOMS RIVER,NJ,08755,,(732) 818-1200,95,4,1,97,84,12,4,90,80,16,4,92,80,18,2,92,"3,10",659,46,7,10/01/2024,09/30/2025
31C0001079,RETINA CONSULTANTS SURGERY CENTER,39 SYCAMORE AVE,LITTLE SILVER,NJ,07739,,(732) 530-7730,99,1,0,100,84,15,1,91,94,6,0,98,93,7,0,98,"3,10",397,38,10,10/01/2024,09/30/2025
31C0001080,TRINITY SURGICAL AND PAIN MANAGEMENT CENTER DBA PERFORMANCE SURGICAL ASSOCIATES,1081 ROUTE 22 WEST SUITE 201,BRIDGEWATER,NJ,08807,,(908) 756-2424,98,2,0,99,93,2,5,94,87,9,4,93,86,7,7,92,"3,6",358,61,17,10/01/2024,09/30/2025
31C0001082,ENDOSCOPY CENTER OF OCEAN COUNTY,477 LAKEHURST RD,TOMS RIVER,NJ,08721,,(732) 349-4422,98,2,0,99,94,5,1,97,92,7,1,96,90,8,2,96,,2105,789,37,10/01/2024,09/30/2025
31C0001083,ATLANTIC GASTRO SURGICENTER LLC,3205 FIRE RD,EGG HARBOR TOWNSHIP,NJ,08234,,(609) 407-1113,96,4,0,98,91,7,2,95,83,14,3,94,80,16,4,91,3,1907,326,17,10/01/2024,09/30/2025
31C0001087,NJ VEIN & COSMETIC SURGERY CENTER,741 NORTHFIELD AVE SUITE 105,WEST ORANGE,NJ,07052,,(732) 383-4189,99,1,0,100,94,4,2,96,89,8,3,95,87,11,2,94,6,385,71,20,10/01/2024,09/30/2025
31C0001088,ATLANTICARE SURGERY CENTER LLC,2500 ENGLISH CREEK AVE. STE. 702,EGG HARBOR TOWNSHIP,NJ,08234,,(609) 407-2553,98,2,0,99,93,6,1,96,93,6,1,97,92,7,1,97,,2004,465,23,10/01/2024,09/30/2025
31C0001091,ENDO SURGI CENTER OF OLD BRIDGE LLC,42 THROCKMORTON LANE,OLD BRIDGE,NJ,08857,,(908) 686-9499,95,2,3,96,89,9,2,93,86,7,7,91,75,18,7,87,3,2122,420,20,10/01/2024,09/30/2025
31C0001095,OCEAN ENDOSURGERY CENTER,129 ROUTE 37 WEST,TOMS RIVER,NJ,08755,,(732) 797-3960,98,2,0,99,93,5,2,95,92,7,1,96,90,8,2,95,,3153,950,30,10/01/2024,09/30/2025
31C0001097,SURGERY CENTER OF CENTRAL NEW JERSEY,107 NORTH CENTER DR.,NORTH BRUNSWICK,NJ,08902,,(732) 297-8001,97,2,1,98,92,6,2,95,87,11,2,95,86,13,1,94,3,716,269,38,10/01/2024,09/30/2025
31C0001099,SHORE OUTPATIENT SURGICENTER LLC,360 ROUTE 70,LAKEWOOD,NJ,08201,,(732) 942-9835,99,1,0,99,90,7,3,94,92,7,1,96,87,12,1,95,,1020,305,30,10/01/2024,09/30/2025
31C0001100,AMBULATORY CARE CENTER,1133 EAST CHESTNUT AVE,VINELAND,NJ,08360,,(856) 507-0800,96,3,1,97,92,6,2,95,84,16,0,95,83,16,1,94,"3,6",430,75,18,10/01/2024,09/30/2025
31C0001101,OAK TREE SURGERY CENTER LLC,1931 OAK TREE RD.,EDISON,NJ,08820,,(732) 902-2222,97,3,0,98,93,6,1,96,90,9,1,96,88,9,3,95,,2325,434,19,10/01/2024,09/30/2025
31C0001103,ATLANTICARE SURGERY CENTER CAPE MAY,106 CT HOUSE SOUTH DENNIS RD BUILDING 100,CAPE MAY CT HOUSE,NJ,08210,,(609) 465-0300,99,1,0,99,94,5,1,97,94,5,1,97,95,5,0,98,,839,270,32,10/01/2024,09/30/2025
31C0001108,NORTHFIELD SURGICAL CENTER LLC,741 NORTHFIELD AVE. STE. 102,WEST ORANGE,NJ,07052,,(973) 243-1062,98,2,0,99,93,6,1,96,92,7,1,96,88,9,3,94,,2193,466,21,10/01/2024,09/30/2025
31C0001109,EDISON SURGERY CENTER LLC,10 PARSONAGE ROAD SUITE 206,EDISON,NJ,08837,,(732) 243-9798,97,3,0,98,93,6,1,96,90,10,0,96,96,3,1,98,3,572,144,26,10/01/2024,09/30/2025
31C0001111,GASTRO SURGI CENTER OF NEW JERSEY,1132 SPRUCE DR.,MOUNTAINSIDE,NJ,07092,,(908) 317-0071,96,3,1,98,91,7,2,94,89,8,3,95,87,10,3,94,3,1046,249,24,10/01/2024,09/30/2025
31C0001114,HUNTERDON ENDOSURGERY CENTER,1100 WESCOTT DR. STE. 204,FLEMINGTON,NJ,08822,,(908) 483-4000,98,2,0,99,91,7,2,94,86,12,2,93,83,14,3,92,"3,6",338,78,23,10/01/2024,09/30/2025
31C0001116,RIVER DRIVE SURGERY CENTER LLC,619 RIVER DR 1ST FLOOR,ELMWOOD PARK,NJ,07407,,(201) 703-2900,96,4,0,98,87,10,3,92,83,14,3,93,82,15,3,92,,5536,1336,24,10/01/2024,09/30/2025
31C0001119,NORTH JERSEY GASTROENTEROLOGY & ENDOSCOPY CENTER,1825 ROUTE 23,WAYNE,NJ,07470,,(973) 996-4009,97,2,1,98,90,7,3,94,91,8,1,96,89,9,2,95,,1785,530,30,10/01/2024,09/30/2025
31C0001121,CARES SURGICENTER LLC,240 EASTON AVE.,NEW BRUNSWICK,NJ,08901,,(732) 565-5400,95,4,1,97,91,7,2,95,85,12,3,94,84,14,2,93,,1193,249,21,10/01/2024,09/30/2025
31C0001122,FLORHAM PARK ENDOSCOPY CENTER,195 COLUMBIA TURNPIKE,FLORHAM PARK,NJ,07932,,(908) 868-0754,97,3,0,99,92,7,1,95,91,8,1,96,92,7,1,96,,1724,487,28,10/01/2024,09/30/2025
31C0001123,CENTENNIAL SURGERY CENTER,502 CENTENNIAL BLVD. STE. 1,VOORHEES,NJ,08043,,(856) 874-0790,99,1,0,99,92,7,1,95,93,6,1,96,93,6,1,97,,1092,307,28,10/01/2024,09/30/2025
31C0001124,WAYNE SURGICAL CENTER LLC,1176 HAMBURG TURNPIKE,WAYNE,NJ,07470,,(973) 709-1900,97,3,0,98,91,7,2,95,83,14,3,93,81,15,4,91,3,603,181,30,10/01/2024,09/30/2025
31C0001125,LINDEN SURGICAL CENTER LLC,210 WEST SAINT GEORGES AVE SUITE 101,LINDEN,NJ,07036,,(908) 259-2722,98,2,0,99,95,3,2,97,99,1,0,99,91,7,2,96,"3,10",165,49,30,10/01/2024,09/30/2025
31C0001126,SHREWSBURY SURGERY CENTER,655 SHREWSBURY AVE,SHREWSBURY,NJ,07702,,(732) 450-6000,98,2,0,99,92,6,2,95,93,5,2,96,89,11,0,96,,926,231,25,10/01/2024,09/30/2025
31C0001128,PHYSICIANS SURGICENTER LLC,1 PLAZA DR SUITES 2-4,TOMS RIVER,NJ,08757,,(732) 818-0059,97,3,0,99,89,8,3,93,88,9,3,95,85,14,1,94,3,687,171,25,10/01/2024,09/30/2025
31C0001130,ENDOSURGICAL CENTER OF CENTRAL NEW JERSEY,800 RYDERS LN,EAST BRUNSWICK,NJ,08816,,(732) 432-6880,99,0,1,99,91,6,3,94,92,7,1,97,91,6,3,95,3,600,173,29,10/01/2024,09/30/2025
31C0001131,MORRIS AVENUE ENDOSCOPY LLC DBA GARDEN STATE ENDOSCOPY AND SURGERY CENTER,200 SHEFFIELD STREET SUITE 101,MOUNTAINSIDE,NJ,07092,,(908) 241-8900,98,2,0,99,94,5,1,97,94,5,1,97,90,8,2,95,3,2937,607,21,10/01/2024,09/30/2025
31C0001132,THE ENDO CENTER AT VOORHEES,93 COOPER RD,VOORHEES,NJ,08043,,(856) 770-1920,98,2,0,99,95,4,1,97,94,6,0,97,92,7,1,97,,2164,583,27,10/01/2024,09/30/2025
31C0001134,PREMIER SURGICAL CENTER LLC,10000 LINCOLN DRIVE EAST SUITE 301,MARLTON,NJ,08053,,(856) 797-8333,100,0,0,100,94,6,0,97,98,2,0,96,92,8,0,98,"3,10",239,37,15,10/01/2024,09/30/2025
31C0001135,THE CENTER FOR AMBULATORY SURGERY,1450 ROUTE 22 WEST,MOUNTAINSIDE,NJ,07092,,(908) 233-2020,98,1,1,99,95,4,1,97,92,7,1,96,88,9,3,95,,1771,422,24,10/01/2024,09/30/2025
31C0001136,LIVINGSTON ASC LLC,200 SOUTH ORANGE AVE SUITE 200,LIVINGSTON,NJ,07039,,(972) 322-7760,96,3,1,98,92,6,2,95,89,9,2,95,89,8,3,95,3,1953,477,24,10/01/2024,09/30/2025
31C0001139,MERCER COUNTY SURGERY CENTER LLC,3120 PRINCETON PIKE,LAWRENCEVILLE,NJ,08648,,(609) 895-0290,96,3,1,98,90,8,2,94,87,11,2,95,85,14,1,95,,687,168,25,10/01/2024,09/30/2025
31C0001141,AMBULATORY SURGERY CENTER AT OLD BRIDGE LLC,400 PERRINE ROAD SUITE 408,OLD BRIDGE,NJ,08857,,(732) 553-9222,97,2,1,98,95,5,0,98,84,16,0,95,88,12,0,96,"3,6",537,91,17,10/01/2024,09/30/2025
31C0001142,CENTRAL JERSEY AMBULATORY SURGICAL CENTER LLC,"511 COURTYARD DR, SUITE 500",HILLSBOROUGH,NJ,08844,,(908) 218-1616,97,3,0,98,90,8,2,94,91,7,2,95,88,10,2,95,3,2745,636,23,10/01/2024,09/30/2025
31C0001146,SURGICAL CENTER OF BURLINGTON COUNTY,225 SUNSET RD,WILLINGBORO,NJ,08046,,(609) 880-9000,97,3,0,99,86,10,4,91,83,13,4,93,78,19,3,91,3,738,196,27,10/01/2024,09/30/2025
31C0001147,SAME DAY SURGERY CENTER,225 MAY ST UNIT C,EDISON,NJ,08837,,(732) 661-0570,98,2,0,99,90,7,3,93,87,10,3,94,82,14,4,92,,1238,313,25,10/01/2024,09/30/2025
31C0001148,ESSEX ENDOSCOPY CENTER OF NJ LLC,275 CHESTNUT ST,NEWARK,NJ,07105,,(973) 589-5545,97,2,1,98,92,6,2,95,85,13,2,94,85,12,3,93,,2881,422,15,10/01/2024,09/30/2025
31C0001149,MAY STREET SURGI CENTER LLC,205 MAY ST. STE. 103,EDISON,NJ,08837,,(732) 661-9075,96,3,1,98,92,6,2,95,89,9,2,95,89,9,2,95,,4066,953,23,10/01/2024,09/30/2025
31C0001150,DENVILLE SURGERY CENTER,3130 ROUTE 10 WEST SUITE 200,DENVILLE,NJ,07834,,(973) 328-3475,96,4,0,98,93,5,2,96,92,6,2,96,83,14,3,93,,767,201,26,10/01/2024,09/30/2025
31C0001151,SHORE AMBULATORY SURGICAL CENTER LLC DBA JERSEY SHORE AMBULATORY SURGERY CENTER,405 BETHEL RD BUILDING B,SOMERS POINT,NJ,08244,,(609) 601-7601,98,2,0,99,94,5,1,97,93,6,1,97,91,7,2,96,3,1705,468,27,10/01/2024,09/30/2025
31C0001152,ENDOSCOPY CENTER OF HACKENSACK LLC DBA HACKENSACK ENDOSCOPY CENTER,170 PROSPECT AVE  SUITE 10,HACKENSACK,NJ,07601,,(201) 498-0030,97,2,1,98,90,8,2,94,89,9,2,95,87,11,2,95,,875,186,21,10/01/2024,09/30/2025
31C0001153,TOMS RIVER SURGERY CENTER,1430 HOOPER AVE SUITE 301,TOMS RIVER,NJ,08753,,(732) 240-2277,98,2,0,99,94,4,2,96,94,5,1,97,93,6,1,97,,1025,318,31,10/01/2024,09/30/2025
31C0001154,ADVANCED ENDOSCOPY AND SURGICAL CENTER LLC,142 ROUTE 35 SUITE 101,EATONTOWN,NJ,07724,,(732) 935-0031,97,3,0,98,91,7,2,94,90,9,1,96,89,9,2,95,,2782,746,27,10/01/2024,09/30/2025
31C0001156,ESSEX SPECIALIZED SURGICAL INSTITUTE,475 PROSPECT AVE,WEST ORANGE,NJ,07052,,(973) 325-6716,95,5,0,97,81,14,5,88,77,18,5,91,74,21,5,89,3,1183,268,23,10/01/2024,09/30/2025
31C0001160,HAMILTON ENDOSCOPY AND SURGERY CENTER LLC,"1235 WHITE HORSE MERCERVILLE RD, SUITE 310",HAMILTON,NJ,08619,,(609) 581-6610,97,3,0,98,91,6,3,94,92,7,1,96,88,11,1,95,,781,182,23,10/01/2024,09/30/2025
31C0001161,UNION COUNTY SURGERY CENTER LLC,950 WEST CHESTNUT ST,UNION,NJ,07083,,(908) 688-2700,95,4,1,98,91,8,1,95,85,14,1,95,92,8,0,98,"3,6",438,59,14,10/01/2024,09/30/2025
31C0001162,SUBURBAN ENDOSCOPY CENTER LLC,799 BLOOMFIELD AVE.,VERONA,NJ,07044,,(973) 571-1600,98,2,0,99,88,9,3,93,88,11,1,95,89,8,3,95,,1091,212,19,10/01/2024,09/30/2025
31C0001166,SEASHORE SURGICAL INSTITUTE,495 JACK MARTIN BLVD SUITE 1,BRICK,NJ,08527,,(732) 903-0148,97,3,0,98,93,5,2,96,89,9,2,95,88,9,3,94,3,775,283,37,10/01/2024,09/30/2025
31C0001167,NORTH FULLERTON SURGERY CENTER LLC,37 NORTH FULLERTON AVE.,MONTCLAIR,NJ,07042,,(973) 233-0433,99,1,0,100,97,2,1,98,96,3,1,99,97,0,3,97,,393,116,30,10/01/2024,09/30/2025
31C0001171,AFFILIATED ENDOSCOPY SERVICES OF CLIFTON,925 CLIFTON AVE SUITE 100,CLIFTON,NJ,07013,,(973) 798-6900,97,2,1,98,92,6,2,95,89,9,2,95,86,11,3,94,,2312,318,14,10/01/2024,09/30/2025
31C0001174,SURGICARE SURGICAL ASSOCIATES OF ORADELL LLC,555 KINDERKAMACK RD,ORADELL,NJ,07649,,(201) 855-8364,99,1,0,99,95,4,1,97,91,8,1,96,85,12,3,93,,867,162,19,10/01/2024,09/30/2025
31C0001175,HUDSON BERGEN MEDICAL CENTER,9226 KENNEDY BLVD,NORTH BERGEN,NJ,07047,,(201) 295-0900,97,3,0,98,95,4,1,97,90,9,1,96,90,9,1,96,"3,6",777,66,9,10/01/2024,09/30/2025
31C0001176,MT LAUREL ENDOSCOPY CENTER LP,15000 MIDLANTIC DR SUITE 110,MOUNT LAUREL,NJ,08054,,(856) 996-4001,98,2,0,99,91,7,2,95,86,12,2,95,90,8,2,96,,1676,231,14,10/01/2024,09/30/2025
31C0001177,NEW JERSEY SURGERY CENTER LLC,1225 WHITEHORSE MERCERVILLE ROAD BLDG D SUITE 209,MERCERVILLE,NJ,08619,,(609) 581-6202,97,3,0,98,92,6,2,95,87,11,2,95,83,14,3,93,,2159,738,34,10/01/2024,09/30/2025
31C0001178,ADVANCED SURGERY CENTER OF CLIFTON LLC,1200 ROUTE 46 WEST,CLIFTON,NJ,07013,,(973) 773-5600,98,2,0,99,93,6,1,96,93,6,1,96,88,9,3,94,3,1340,185,14,10/01/2024,09/30/2025
31C0001182,THE SURGERY CENTER AT HAMILTON,1445 WHITEHORSE-MERESREVILLE BLVD,HAMILTON,NJ,08619,,(609) 689-4820,98,2,0,99,92,6,2,95,89,8,3,95,89,8,3,95,3,1455,393,27,10/01/2024,09/30/2025
31C0001185,SHORT HILLS SURGERY CENTER,187 MILLBURN AVENUE,MILLBURN,NJ,07041,,(973) 671-0555,98,2,0,99,94,5,1,97,93,5,2,96,88,9,3,95,,2352,621,26,10/01/2024,09/30/2025
31C0001186,SAINT MARYS AMBULATORY SURGERY DBA SAINT MARY'S AMBULATORY SURGERY LLC,540 BERGEN BLVD,PALISADES PARK,NJ,07650,,(201) 585-2911,98,2,0,99,92,7,1,95,92,7,1,96,83,15,2,93,3,481,108,22,10/01/2024,09/30/2025
31C0001187,HUDSON CROSSING SURGERY CENTER,2 EXECUTIVE DR,FORT LEE,NJ,07024,,(201) 292-3154,98,2,0,99,95,4,1,97,93,5,2,96,87,11,2,95,,1502,328,22,10/01/2024,09/30/2025
31C0001189,PRINCETON ENDOSCOPY CENTER LLC,731 ALEXANDER RD,PRINCETON,NJ,08540,,(609) 452-1111,97,3,0,98,92,7,1,95,91,8,1,96,92,6,2,96,3,1997,556,28,10/01/2024,09/30/2025
31C0001190,MANALAPAN SURGERY CENTER INC,50 FRANKLIN LANE,MANALAPAN,NJ,07726,,(732) 617-5990,99,1,0,100,92,5,3,95,93,7,0,97,98,0,2,99,"3,10",195,31,17,10/01/2024,09/30/2025
31C0001191,SADDLE RIVER VALLEY SURGICAL CENTER,1 WEST RIDGEWOOD AVE. G-03,PARAMUS,NJ,07652,,(201) 447-2677,98,2,0,99,92,7,1,96,93,6,1,97,89,8,3,95,,1501,241,16,10/01/2024,09/30/2025
31C0001192,ROCKLAND SURGICAL PROJECT LLC,500 N. FRANKLIN TPKE.,RAMSEY,NJ,07446,,(201) 995-9975,98,2,0,99,92,6,2,95,88,10,2,95,86,13,1,95,3,1562,529,34,10/01/2024,09/30/2025
31C0001193,LAKEWOOD SURGERY CENTER LLC,1215 ROUTE 70 SUITE 2000,LAKEWOOD,NJ,08701,,(732) 719-1800,98,2,0,99,93,6,1,96,93,5,2,96,92,6,2,97,,877,256,29,10/01/2024,09/30/2025
31C0001195,BLOOMFIELD SURGI-CENTER LLC DBA AMBULATORY CENTER OF EXCELLENCE IN SURGERY,1255 BROAD ST SUITE 200,BLOOMFIELD,NJ,07003,,(973) 842-2150,98,2,0,99,86,9,5,91,85,5,10,90,88,12,0,96,"3,10",143,29,21,10/01/2024,09/30/2025
31C0001196,MIDDLESEX SURGERY CENTER,1921 OAK TREE RD,EDISON,NJ,08820,,(201) 851-0802,,,,,,,,,,,,,,,,,1,,,,,
31C0001197,METROPOLITAN NEW JERSEY LLC DBA METROPOLITAN SURGERY CENTER,433 HACKENSACK AVE,HACKENSACK,NJ,07601,,(201) 527-6800,94,6,0,97,91,7,2,95,87,12,1,94,80,17,3,92,,936,168,18,10/01/2024,09/30/2025
31C0001198,VANTAGE SURGICAL ASSOCIATES LLC DBA VANTAGE SURGERY CENTER,350 YOUNG AVENUE,MOORESTOWN,NJ,08057,,(609) 654-5795,99,1,0,100,92,7,1,95,95,5,0,97,92,7,1,97,3,759,162,22,10/01/2024,09/30/2025
31C0001199,CENTER FOR BONE AND JOINT SURGERY DBA NORTHERN MONMOUTH REGIONAL SURGERY CENTER LLC,195 ROUTE 9 SOUTH SUITE 210,MANALAPAN,NJ,07726,,(732) 921-2305,97,3,0,99,93,5,2,96,90,8,2,95,85,14,1,94,,789,240,30,10/01/2024,09/30/2025
31C0001200,FRANKLIN SURGICAL CENTER LLC,175 MORRISTOWN RD SUITE 102,BASKING RIDGE,NJ,07920,,(908) 766-5556,99,1,0,100,95,4,1,97,93,6,1,97,91,7,2,96,3,773,278,36,10/01/2024,09/30/2025
31C0001201,HANOVER NJ ENDOSCOPY ASC LLC DBA HANOVER ENDOSCOPY CENTER,91 SOUTH JEFFERSON RD  SUITE 300,WHIPPANY,NJ,07981,,(908) 868-0754,98,2,0,99,92,6,2,95,91,7,2,96,89,9,2,95,,6437,1569,24,10/01/2024,09/30/2025
31C0001202,SURGICAL INSTITUTE LLC,3613 NEW JERSEY 33,NEPTUNE,NJ,07753,,(732) 525-2227,98,2,0,99,94,5,1,97,93,6,1,96,88,10,2,95,3,704,162,23,10/01/2024,09/30/2025
31C0001203,AMBULATORY CENTER FOR ENDOSCOPY LLC,7600 RIVER RD 4TH FLOOR,NORTH BERGEN,NJ,07047,,(201) 705-1080,96,3,1,98,92,6,2,95,88,10,2,94,86,11,3,94,3,2757,337,12,10/01/2024,09/30/2025
31C0001204,SURGICAL CENTER AT MILLBURN LLC,37 E. WILLOW ST,MILLBURN,NJ,07041,,(973) 912-8111,98,1,1,99,95,3,2,97,88,11,1,95,86,13,1,95,"3,6",270,63,23,10/01/2024,09/30/2025
31C0001205,PARAMUS ENDOSCOPY LLC DBA ENDOSCOPY CENTER OF BERGEN COUNTY,80 EISENHOWER DR SUITE 100,PARAMUS,NJ,07652,,(201) 336-1100,97,3,0,98,90,7,3,94,91,8,1,96,90,8,2,96,,1310,283,22,10/01/2024,09/30/2025
31C0001206,ELITE SURGICAL CENTER LLC,307 HAMBURG TURNPIKE,WAYNE,NJ,07470,,(973) 790-7700,99,1,0,99,93,6,1,96,95,5,0,96,95,4,1,97,"3,6",371,98,26,10/01/2024,09/30/2025
31C0001207,SUMMIT MEDICAL GROUP PA DBA SUMMIT MEDICAL GROUP AMBULATORY SURGERY CENTER,1 DIAMOND HILL RD,BERKELEY HEIGHTS,NJ,07922,,(908) 988-2002,95,4,1,97,91,7,2,94,84,14,2,94,86,12,2,94,3,2285,325,14,10/01/2024,09/30/2025
31C0001208,PREMIER ENDOSCOPY LLC,164 BRIGHTON RD.,CLIFTON,NJ,07012,,(973) 859-3700,97,3,0,99,94,5,1,96,91,8,1,96,88,9,3,94,,2397,525,22,10/01/2024,09/30/2025
31C0001209,NORTHEAST SURGICARE LLC,475 ROUTE 70 SUITE 203,LAKEWOOD,NJ,08701,,(732) 719-8806,99,1,0,99,98,2,0,99,92,7,1,97,92,7,1,97,"3,6",573,84,15,10/01/2024,09/30/2025
31C0001211,PREMIER HEALTH ASSOCIATES LLC,532 LAFAYETTE RD. STE. 200,SPARTA,NJ,07871,,(973) 300-1248,99,1,0,100,97,2,1,98,95,5,0,97,91,9,0,97,3,670,147,22,10/01/2024,09/30/2025
31C0001212,PATIENT CARE ASSOCIATES LLC,500 GRAND AVE,ENGLEWOOD,NJ,07631,,(201) 567-8090,98,2,0,99,94,5,1,96,89,9,2,95,86,12,2,94,3,981,237,24,10/01/2024,09/30/2025
31C0001213,MEADOWS SURGERY CENTER,75 ORIENT WAY SUITE 101,RUTHERFORD,NJ,07070,,(201) 661-7500,97,3,0,99,94,4,2,96,91,7,2,96,89,9,2,95,6,477,98,21,10/01/2024,09/30/2025
31C0001215,SURGICAL CENTER AT CEDAR KNOLLS LLC,197 RIDGEDALE AVE,CEDAR KNOLLS,NJ,07927,,(800) 827-3458,97,2,1,98,93,5,2,95,91,6,3,94,88,9,3,94,"3,6",558,95,17,10/01/2024,09/30/2025
31C0001216,AMBULATORY SURGICAL CENTER OF SOMERVILLE LLC DBA SOMERSET AMBULATORY SURGICAL CENTER,1 US HWY 206 NORTH,SOMERVILLE,NJ,08876,,(908) 393-8360,97,3,0,98,90,8,2,94,88,10,2,94,81,16,3,92,,809,204,25,10/01/2024,09/30/2025
31C0001217,VOORHEES SURGERY CENTER LLC,2 VAN BUREN RD.,VOORHEES,NJ,08043,,(856) 770-8445,98,1,1,99,97,3,0,98,83,12,5,93,88,7,5,94,"3,10",144,32,23,10/01/2024,09/30/2025
31C0001218,MILLENNIUM SURGICAL CENTER LLC,"2090 SPRINGDALE RD., SUITE A",CHERRY HILL,NJ,08003,,(856) 751-4555,97,3,0,99,94,5,1,97,90,9,1,95,85,13,2,94,,1195,201,17,10/01/2024,09/30/2025
31C0001220,SURGICAL CENTER OF SOUTH JERSEY LIMITED PARTNERSHIP DBA FELLOWSHIP SURGICAL CENTER,715 FELLOWSHIP ROAD SUITE A,MOUNT LAUREL,NJ,08054,,(856) 316-4600,98,1,1,98,91,7,2,95,88,10,2,95,84,11,5,91,3,1229,221,18,10/01/2024,09/30/2025
31C0001221,ELTRA LLC DBA ELTRA SURGERY CENTER,254 COLUMBIA TURNPIKE SUITE 100,FLORHAM PARK,NJ,07932,,(973) 301-0500,98,2,0,99,94,5,1,97,93,5,2,97,84,14,2,94,3,462,187,41,10/01/2024,09/30/2025
31C0001222,SPECIALTY SURGICAL CENTER,380 LAFAYETTE RD SUITE 110,SPARTA,NJ,07871,,(973) 940-3166,99,1,0,99,97,2,1,98,95,4,1,98,92,7,1,97,3,972,270,28,10/01/2024,09/30/2025
31C0001223,ATLANTICARE SURGERY CENTER-OCEAN COUNTY,798 ROUTE 539 BUILDING A SUITE 1,LITTLE EGG HARBOR,NJ,08087,,(609) 296-1122,99,1,0,99,94,5,1,97,94,5,1,97,94,5,1,98,,837,343,41,10/01/2024,09/30/2025
31C0001224,EMMAUS SURGICAL CENTER LLC,"57 ROUTE 46, SUITE 104",HACKETTSTOWN,NJ,07840,,(908) 813-9600,98,2,0,99,93,5,2,96,92,6,2,96,91,8,1,96,3,864,262,30,10/01/2024,09/30/2025
31C0001228,SURGICENTER OF VINELAND LLC,251 S. LINCOLN AVE,VINELAND,NJ,08361,,(856) 691-8188,97,3,0,98,91,7,2,95,91,6,3,95,87,9,4,94,3,933,193,21,10/01/2024,09/30/2025
31C0001233,ADVANCED SURGICAL INSTITUTE DBA SOUTH JERSEY MUSCULOSKELETAL INSTITUTE LLC,556 EGG HARBOUR RD,SEWELL,NJ,08080,,(856) 256-7620,97,3,0,99,94,5,1,96,91,8,1,96,89,10,1,96,3,4242,986,23,10/01/2024,09/30/2025
31C0001241,BURLINGTON COUNTY ENDOSCOPY CENTER LLC,140 MOUNT HOLLY BY PASS SUITE 5,LUMBERTON,NJ,08048,,(609) 267-1555,98,1,1,99,93,6,1,96,94,4,2,97,91,7,2,96,3,1831,472,26,10/01/2024,09/30/2025
31C0001243,SOMERSET OUTPATIENT SURGERY LLC DBA RARITAN VALLEY SURGERY CENTER,100 FRANKLIN SQUARE DR SUITE 100,SOMERSET,NJ,08873,,(732) 560-1000,98,2,0,99,90,8,2,94,95,4,1,96,90,6,4,94,3,699,206,29,10/01/2024,09/30/2025
31C0001245,METROPOLITAN SURGICAL INSTITUTE LLC,540 BORDENTOWN AVE,SOUTH AMBOY,NJ,08879,,(732) 525-2227,97,2,1,98,93,6,1,96,89,10,1,95,87,12,1,95,3,804,146,18,10/01/2024,09/30/2025
31C0001250,ENDOSCOPY CENTER OF TOMS RIVER,473 LAKEHURST RD,TOMS RIVER,NJ,08755,,(732) 349-3898,98,2,0,99,93,6,1,96,94,4,2,97,93,5,2,96,,2063,833,40,10/01/2024,09/30/2025
31C0001252,TEANECK SURGICAL CENTER,730 PALISADE AVE,TEANECK,NJ,07666,,(201) 928-2160,97,3,0,99,96,3,1,98,96,4,0,98,96,4,0,99,"3,6",453,71,16,10/01/2024,09/30/2025
31C0001253,KHS AMBULATORY SURGICAL CENTER,405 HURFFVILLE-CROSSKEYS RD SUITE 210,SEWELL,NJ,08080,,(856) 582-2072,99,1,0,99,94,5,1,96,91,7,2,96,90,9,1,96,,833,286,34,10/01/2024,09/30/2025
31C0001254,PREMIER ORTHOPAEDIC ASSOCIATES SURGICAL CENTER LLC,352 S. DELSEA DR.,VINELAND,NJ,08360,,(856) 690-1750,96,4,0,98,93,6,1,96,89,7,4,95,83,11,6,92,3,792,197,25,10/01/2024,09/30/2025
31C0001259,AMBULATORY SURGERY CENTER AT VIRTUA WASHINGTON TOWNSHIP LLC DBA VIRTUA CENTER FOR SURGERY,239 HURFFVILLE CROSS KEYS RD,SWELL,NJ,08080,,(856) 341-8262,97,3,0,98,92,6,2,95,92,8,0,97,93,7,0,98,3,801,109,14,10/01/2024,09/30/2025
31C0001260,SPECIALTY SURGERY OF MIDDLETOWN LLC,1270 ROUTE 35 SUITE 3,MIDDLETOWN,NJ,07748,,(732) 671-5555,99,1,0,100,90,8,2,95,82,18,0,96,92,8,0,97,"3,6",428,92,22,10/01/2024,09/30/2025
31C0001261,COASTAL ENDO LLC,175 GUNNING RIVER RD,BARNEGAT,NJ,08005,,(609) 698-0700,95,4,1,97,94,5,1,96,88,11,1,95,88,11,1,95,,867,213,25,10/01/2024,09/30/2025
31C0001262,HARRISON ENDO SURGICAL CENTER LLC,620 ESSEX ST. 3RD FLOOR,HARRISON,NJ,07029,,(973) 713-2420,100,0,0,100,94,4,2,96,94,5,1,97,89,8,3,95,3,1021,210,21,10/01/2024,09/30/2025
31C0001263,MORRIS COUNTY SURGICAL CENTER,3695 HILL RD,PARSIPPANY,NJ,07054,,(973) 265-7200,99,1,0,99,93,5,2,96,95,4,1,97,94,5,1,97,3,1045,233,22,10/01/2024,09/30/2025
31C0001269,SURGICAL SPECIALISTS AT PRINCETON LLC,136 MAIN ST. STE. 100,PRINCETON,NJ,08540,,(609) 853-2261,98,2,0,99,93,6,1,96,89,9,2,95,91,8,1,96,,816,217,27,10/01/2024,09/30/2025
31C0001271,SPECIALTY SURGICAL CENTER OF NORTH BRUNSWICK LLC,1520 ROUTE 130 SUITE 102,NORTH BRUNSWICK,NJ,08902,,(732) 422-9900,99,1,0,99,95,4,1,97,91,8,1,96,90,8,2,95,,1471,293,20,10/01/2024,09/30/2025
31C0001274,AMERICAN ACCESS CARE OF NEW JERSEY DBA AZURA SURGERY CENTER CHERRY HILL,207 KINGS HWY SOUTH SUITE 2,CHERRY HILL,NJ,08034,,(856) 616-8600,97,3,0,99,95,3,2,97,89,7,4,95,88,8,4,93,3,853,143,17,10/01/2024,09/30/2025
31C0001275,UNION SURGERY CENTER LLC,"1000 GALLOPING HILL RD, 2ND FLOOR",UNION,NJ,07083,,(908) 258-7666,94,4,2,96,92,7,1,95,87,10,3,94,86,9,5,94,3,967,135,14,10/01/2024,09/30/2025
31C0001276,THE CENTER FOR OUTPATIENT SURGERY,1 EXECUTIVE DR,TINTON FALLS,NJ,07701,,(732) 212-1991,98,2,0,99,94,5,1,97,92,5,3,96,94,5,1,98,"3,6",360,91,25,10/01/2024,09/30/2025
31C0001284,CENTER FOR AMBULATORY AND MINIMALLY INVASIVE SURGERY LLC,234 INDUSTRIAL WAY WEST BUILDING B SUITE 101,EATONTOWN,NJ,07724,,(732) 440-4900,97,2,1,98,91,7,2,95,89,8,3,95,86,11,3,94,3,4103,1087,26,10/01/2024,09/30/2025
31C0001286,MANCHESTER SURGERY CTR AAA SURGERY CTR,1100 RT 70 WEST,WHITING,NJ,08759,,(732) 716-8116,99,1,0,99,92,6,2,95,93,4,3,96,90,8,2,96,3,524,180,34,10/01/2024,09/30/2025
31C0001289,ADVANCED SPINE SURGERY CENTER LLC,855 LEHIGH AVE,UNION,NJ,07083,,(908) 557-9420,97,3,0,99,90,9,1,94,91,1,8,96,85,13,2,94,"3,10",344,37,11,10/01/2024,09/30/2025
31C0001291,CENTER FOR MODERN SURGERY LLC,210 MEADOWLANDS PARKWAY SUITE 5,SECAUCUS,NJ,07094,,(240) 669-3134,96,3,1,98,92,6,2,95,90,2,8,93,92,2,6,94,"3,10",158,46,29,10/01/2024,09/30/2025
31C0001294,SURGICARE OF FREEHOLD LLC,"901 WEST MAIN ST, STE. 302 CN 500",FREEHOLD,NJ,07728,,(201) 855-8364,85,15,0,92,91,8,1,95,75,24,1,94,73,25,2,89,"3,6",349,96,28,10/01/2024,09/30/2025
31C0001295,UNIVERSITY CENTER FOR AMBULATORY SURGERY LLC,2 WORLDS FAIR DR.,SOMERSET,NJ,08873,,(201) 855-8364,98,2,0,99,92,6,2,95,91,8,1,96,92,5,3,96,,895,252,28,10/01/2024,09/30/2025
31C0001297,BOGDAN SURGERY CENTER PC,"112 PROFESSIONAL VIEW DR. BLDG, 100",FREEHOLD,NJ,07728,,(718) 265-7700,99,1,0,100,97,2,1,98,90,5,5,95,94,5,1,97,3,514,158,31,10/01/2024,09/30/2025
31C0001300,PLEASANTDALE AMBULATORY CARE LLC,61 D MAIN ST,WEST ORANGE,NJ,07052,,(973) 324-2280,97,2,1,98,94,5,1,96,90,7,3,95,88,10,2,95,3,1497,161,11,10/01/2024,09/30/2025
31C0001301,MILLENNIUM HEALTHCARE OF CLIFTON LLC,925 CLIFTON AVE  SUITE 201,CLIFTON,NJ,07013,,(973) 249-7700,99,1,0,99,97,2,1,98,90,10,0,98,89,11,0,96,"3,10",292,44,15,10/01/2024,09/30/2025
31C0001305,VANGUARD ASC LLC DBA VANGUARD SURGICAL CENTER,113 ESSEX STREET,MAYWOOD,NJ,07607,,(201) 291-9100,98,2,0,99,93,6,1,96,93,6,1,97,90,8,2,96,,957,255,27,10/01/2024,09/30/2025
31C0001308,MENLO PARK SURGERY CENTER LLC,10 PARSONAGE RD SUITE 204,EDISON,NJ,08837,,(732) 243-9500,98,1,1,99,93,5,2,95,86,12,2,95,89,7,4,95,"3,6",553,90,17,10/01/2024,09/30/2025
31C0001313,SUMMIT ATLANTIC SURGERY CENTER LLC,140 PARK AVE,FLORHAM PARK,NJ,07932,,(908) 977-9495,98,2,0,99,91,7,2,95,94,5,1,96,89,10,1,96,3,3200,474,15,10/01/2024,09/30/2025
31C0001317,NORTH JERSEY ASC ASSOCIATES,1060 CLIFTON AVENUE,CLIFTON,NJ,07013,,(973) 532-7899,98,2,0,99,92,6,2,95,93,6,1,97,88,9,3,94,"3,6",830,92,11,10/01/2024,09/30/2025
31C0001320,NORTHERN NEW JERSEY CENTER FOR ADVANCED ENDOSCOPY LLC,270 SYLVAN AVE SUITE 100,ENGLEWOOD CLIFFS,NJ,07632,,(201) 408-5505,97,2,1,98,91,7,2,94,91,8,1,95,89,9,2,95,3,1472,231,16,10/01/2024,09/30/2025
31C0001323,WEST ORANGE ASC LLC,101 OLD SHORT HILLS RD,WEST ORANGE,NJ,07052,,(973) 322-6373,99,1,0,100,93,6,1,96,94,6,0,97,90,9,1,96,,2077,402,19,10/01/2024,09/30/2025
31C0001330,ACCESS CARE PHYSICIANS OF NJ LLC,1225 MCBRIDE AVENUE SUITE 117,WOODLAND PARK,NJ,07424,,(973) 837-1018,98,1,1,99,93,5,2,96,83,13,4,93,84,12,4,92,"3,6",718,81,11,10/01/2024,09/30/2025
31C0001331,JEFFERSON SURGERY CENTER CHERRY HILL,2211 CHAPEL AVE WEST SUITE 200,CHERRY HILL,NJ,08002,,(913) 205-6454,97,3,0,98,96,3,1,97,93,6,1,97,88,10,2,95,3,886,267,30,10/01/2024,09/30/2025
31C0001334,BRIDGEWATER AMBUALTORY SURGERY CENTER LLC,1121 HIGHWAY 22 WEST SUITE 301,BRIDGEWATER,NJ,08807,,(908) 234-4146,98,2,0,99,93,6,1,96,90,8,2,95,87,12,1,95,,2687,607,23,10/01/2024,09/30/2025
31C0001336,SURGICAL STUDIOS LLC,199 MULLICA HILL RD,MULLICA HILL,NJ,08062,,(856) 312-3110,98,2,0,99,93,6,1,96,90,9,1,96,89,9,2,95,3,728,196,27,10/01/2024,09/30/2025
31C0001338,RIVERSIDE SURGICAL CENTER OF RUTHERFORD,201 ROUTE 17 NORTH,RUTHERFORD,NJ,07070,,(201) 806-2678,97,2,1,98,90,8,2,94,91,5,4,95,83,14,3,93,3,1449,160,11,10/01/2024,09/30/2025
31C0001340,NEW JERSEY INTERVENTIONAL ASSOCIATES LLC,1050 GALLOPING HILL ROAD SUITE 102,UNION,NJ,07083,,(908) 686-1350,97,3,0,99,91,8,1,95,89,10,1,95,83,15,2,93,3,1840,144,8,10/01/2024,09/30/2025
31C0001341,ATLANTICARE CENTER FOR ORTHOPEDIC SURGERY,2500 ENGLISH CREEK AVE SUITE 1201,EGG HARBOR TWP,NJ,08234,,(609) 383-6493,99,1,0,99,95,4,1,97,96,3,1,97,92,7,1,97,,1112,423,38,10/01/2024,09/30/2025
31C0001342,VEIN TREATMENT ACCESS CARE LLC,215A NORTH CENTER DRIVE,NORTH BRUNSWICK,NJ,08902,,(732) 305-6556,97,3,0,98,96,4,0,99,93,7,0,97,91,7,2,96,"3,10",199,46,23,10/01/2024,09/30/2025
31C0001347,SJV MANAGEMENT LLC DBA SOUTH JERSEY VASCULAR SURGERY CENTER,200 CENTURY PARKWAY SUITE E,MOUNT LAUREL,NJ,08054,,(856) 482-2800,99,1,0,100,92,6,2,95,95,4,1,97,95,5,0,98,,957,174,19,10/01/2024,09/30/2025
31C0001348,SALEM ASC LLC,336 SALEM WOODSTOWN ROAD,SALEM,NJ,08079,,(856) 878-3440,,,,,,,,,,,,,,,,,1,,,,,
31C0001349,FREEDOM SURGICAL CENTER LLC,1455 BROAD STREET SUITE 100,BLOOMFIELD,NJ,07003,,(201) 402-2050,99,1,0,99,90,8,2,94,97,2,1,98,82,16,2,93,"3,6",399,67,17,10/01/2024,09/30/2025
31C0001351,TEAMMD SURGERY CENTER LLC DBA TEAMMD SURGERY CENTER LLC,1167 MCBRIDE AVENUE SUITE 4,WOODLAND PARK,NJ,07424,,(973) 779-7361,99,1,0,99,95,5,0,97,96,4,0,98,87,10,3,94,,1481,165,11,10/01/2024,09/30/2025
31C0001355,SUMMIT MEDICAL GROUP PA DBA CENTER FOR ADVANCED SURGICAL EXCELLENCE,136 ROUTE 73 NORTH BUILDING C,VOORHEES,NJ,08043,,(908) 588-3635,97,3,0,99,93,6,1,96,92,7,1,96,86,11,3,94,3,1239,259,21,10/01/2024,09/30/2025
31C0001360,SURGICARE SURGICAL ASSOCIATES OF JERSEY CITY LLC,631 GRAND STREET,JERSEY CITY,NJ,07304,,(201) 830-2280,,,,,,,,,,,,,,,,,1,,,,,
31C0001361,HACKENSACK MUSCULOSKELETAL SURGERY CENTER LLC,40 PROSPECT AVENUE SUITE 400,HACKENSACK,NJ,07601,,(551) 309-1700,98,2,0,99,93,5,2,95,95,3,2,97,93,5,2,97,3,712,209,29,10/01/2024,09/30/2025
32C0001002,RICHARD W LAZARO MD PC DBA LAZARO SURGICAL CENTER,1131 MALL DRIVE SUITE A,LAS CRUCES,NM,88011,,(575) 522-7676,95,5,0,97,86,11,3,91,70,27,3,91,71,28,1,90,"3,6",499,91,19,10/01/2024,09/30/2025
32C0001003,FILLMORE EYE CLINIC ASC,1124 10TH ST.,ALAMOGORDO,NM,88310,,(575) 434-1200,93,6,1,96,79,14,7,86,75,18,7,90,79,15,6,90,3,675,121,18,10/01/2024,09/30/2025
32C0001009,THE ENDOSCOPY CENTER OF SANTA FE,1630 HOSPITAL DR SUITE A,SANTA FE,NM,87505,,(505) 988-3373,95,4,1,97,89,9,2,93,86,12,2,94,83,15,2,93,,3250,980,30,10/01/2024,09/30/2025
32C0001101,FOUR CORNERS AMBULATORY SURGERY CENTER LLC,2300 EAST 30TH ST BUILDING A,FARMINGTON,NM,87401,,(505) 278-8062,97,2,1,98,93,6,1,96,90,7,3,95,87,10,3,94,3,800,222,28,10/01/2024,09/30/2025
32C0001102,SOUTHWEST ENDOSCOPY LTD,7788 JEFFERSON NORTHEAST,ALBUQUERQUE,NM,87109,,(505) 999-1656,97,3,0,98,91,7,2,94,89,10,1,96,90,9,1,96,3,748,237,32,10/01/2024,09/30/2025
32C0001107,NEW MEXICO ORTHOPAEDIC SURGERY CENTER LP DBA NEW MEXICO ORTHOPAEDIC SURGERY CENTER,201 CEDAR ST SOUTHEAST SUITE 7650,ALBUQUERQUE,NM,87106,,(505) 724-4394,97,3,0,98,94,5,1,96,90,8,2,95,89,9,2,95,,1171,297,25,10/01/2024,09/30/2025
32C0001110,SURGERY CENTER OF SANTE FE,2947 RODEO PARK EAST,SANTA FE,NM,87505,,(505) 768-1333,97,2,1,98,92,7,1,95,90,8,2,95,88,11,1,96,3,801,279,35,10/01/2024,09/30/2025
32C0001112,ALBUQUERQUE AMBULATORY EYE SURGERY CENTER LLC,5801 HARPER DR NE,ALBUQUERQUE,NM,87109,,(505) 768-1333,94,5,1,97,87,10,3,92,85,10,5,93,82,15,3,93,3,815,272,33,10/01/2024,09/30/2025
32C0001113,MOUNTAINVIEW SURGERY CENTER,4351 EAST LOHMANAVENUE SUITE 102,LAS CRUCES,NM,88011,,(575) 536-3310,98,2,0,99,89,9,2,94,77,19,4,92,78,19,3,92,,462,136,29,10/01/2024,09/30/2025
32C0001116,SOUTHERN NEW MEXICO SURGERY CENTER,2301 INDIAN WELLS RD SUITE B,ALAMOGORDO,NM,88310,,(575) 437-0890,97,3,0,98,96,3,1,97,94,5,1,97,92,7,1,96,3,501,135,28,10/01/2024,09/30/2025
32C0001120,LOHMAN ENDOSCOPY CENTER LLC,4381 EAST LOHMAN AVE,LAS CRUCES,NM,88011,,(575) 522-3220,95,4,1,97,87,9,4,91,84,13,3,93,81,16,3,92,3,1023,254,25,10/01/2024,09/30/2025
32C0001121,PHYSICIAN SURGERY CENTER OF ALBUQUERQUE LLC,9551 PASEO DEL NORTE NORTHEAST SUITE C,ALBUQUERQUE,NM,87122,,(505) 639-4640,94,6,0,97,87,9,4,92,77,17,6,91,75,23,2,91,3,655,137,21,10/01/2024,09/30/2025
32C0001124,PACIFIC CATARACT AND LASER INSTITUTE INC PC,"8220 SAN PEDRO NE, SUITE 220",ALBUQUERQUE,NM,87113,,(505) 797-4466,97,2,1,98,86,12,2,92,89,8,3,95,90,8,2,95,3,648,186,29,10/01/2024,09/30/2025
32C0001127,PRESBYTERIAN HOSPITAL ASC,201 CEDAR ST SOUTHEAST SUITE 7650,ALBUQUERQUE,NM,87106,,(505) 357-3567,96,3,1,98,90,7,3,93,87,9,4,93,83,12,5,92,,1022,205,20,10/01/2024,09/30/2025
32C0001129,PRESBYTERIAN RUST MEDICAL CENTER ASC LLC DBA NEW MEXICO SURGERY CENTER MULTI SPECIALTY,2400 UNSER BOULEVARD SOUTHEAST SUITE 09100B,RIO RANCHO,NM,87124,,(000) 000-0000,98,2,0,99,94,5,1,97,95,3,2,96,90,9,1,96,,1408,329,23,10/01/2024,09/30/2025
32C0001132,HIGH RESORT EYE SURGERY CENTER LLC,4100 HIGH RESORT BOULEVARD SOUTHEAST SUITE 280,RIO RANCHO,NM,87124,,(505) 343-6093,95,4,1,97,92,7,1,95,86,10,4,94,84,11,5,92,3,534,214,40,10/01/2024,09/30/2025
32C0001133,ADVANCED AMBULATORY SURGERY CENTER OF CARLSBAD NM LLC,1619 SKYLINE CIRCLE SUITE B,CARLSBAD,NM,88220,,(575) 202-0630,,,,,,,,,,,,,,,,,1,,,,,
33C0001000,WEST FALL SURGERY CENTER,1065 SENATOR KEATING BOULEVARD,ROCHESTER,NY,14618,,(000) 000-0000,99,1,0,99,93,6,1,96,91,7,2,96,89,8,3,95,3,1497,540,36,10/01/2024,09/30/2025
33C0001001,BROOKLYN EYE SURGERY CENTER LLC,1301 AVE J,BROOKLYN,NY,11230,,(718) 645-0600,92,6,2,95,91,6,3,94,77,16,7,90,78,18,4,90,"3,6",673,95,18,10/01/2024,09/30/2025
33C0001002,LONG ISLAND AMBULATORY SURGERY CENTER LLC,601 SUFFOLK AVE,BRENTWOOD,NY,11717,,(631) 612-2702,91,8,1,95,84,13,3,91,70,22,8,88,73,21,6,88,"3,6",602,63,11,10/01/2024,09/30/2025
33C0001003,THE MACKOOL EYE INSTITUTE LLC,3127 41ST ST,ASTORIA,NY,11103,,(718) 728-3400,95,4,1,97,82,13,5,88,75,20,5,90,77,20,3,91,3,2133,338,16,10/01/2024,09/30/2025
33C0001004,EYE HEALTH ASSOCIATES INC,170 MAPLE RD.,WILLIAMSVILLE,NY,14221,,(716) 632-2020,98,2,0,99,94,5,1,97,88,10,2,95,88,9,3,94,,365,166,45,10/01/2024,09/30/2025
33C0001007,ENDO GROUP LLC DBA GARDEN CITY SURGICENTER,400 ENDO BLVD,GARDEN CITY,NY,11530,,(516) 832-8504,96,3,1,98,92,7,1,95,85,13,2,93,81,18,1,93,,1289,398,31,10/01/2024,09/30/2025
33C0001009,AMBULATORY SURGERY CENTER OF GREATER NEW YORK LLC,1101 PELHAM PARKWAY,BRONX,NY,10469,,(718) 405-3899,95,4,1,97,84,11,5,89,80,14,6,92,82,15,3,93,,1130,137,12,10/01/2024,09/30/2025
33C0001012,MILLARD FILLMORE SURGERY CENTER LLC,215 KLEIN RD.,WILLIAMSVILLE,NY,14221,,(716) 568-6184,98,1,1,99,86,10,4,91,90,5,5,94,93,4,3,97,10,104,39,38,10/01/2024,09/30/2025
33C0001013,CENTRAL NEW YORK EYE CENTER LTD,22 GREEN ST,POUGHKEEPSIE,NY,12601,,(845) 471-3977,92,7,1,95,88,9,3,93,69,23,8,88,75,19,6,89,3,700,136,20,10/01/2024,09/30/2025
33C0001014,MELVILLE SC LLC,1895 WALT WHITMAN RD.,MELVILLE,NY,11747,,(631) 293-9700,99,1,0,100,89,10,1,94,91,9,0,97,93,7,0,98,10,118,46,39,10/01/2024,09/30/2025
33C0001016,BROOK PLAZA AMBULATORY SURGICAL CENTER,5000 AVE K,BROOKLYN,NY,11234,,(718) 968-1515,95,4,1,97,89,7,4,92,80,18,2,93,76,19,5,89,3,1184,220,19,10/01/2024,09/30/2025
33C0001017,NORTH SHORE SURGICENTER,989 WEST JERICHO TURNPIKE,SMITHTOWN,NY,11787,,(631) 864-7100,96,3,1,98,90,8,2,94,88,10,2,95,83,14,3,93,3,1521,240,16,10/01/2024,09/30/2025
33C0001019,DAY-OP CENTER OF LONG ISLAND INC,110 WILLIS AVE,MINEOLA,NY,11501,,(516) 294-0030,98,2,0,99,92,6,2,95,96,4,0,97,91,7,2,96,3,1031,208,20,10/01/2024,09/30/2025
33C0001023,ROCHESTER AMBULATORY SURGERY CENTER,360 LINDEN OAKS DR,ROCHESTER,NY,14625,,(585) 922-6203,99,1,0,99,93,6,1,96,91,8,1,96,90,8,2,95,3,2177,707,32,10/01/2024,09/30/2025
33C0001024,BUFFALO AMBULATORY SERVICES INC DBA BUFFALO AMBULATORY SURGERY CENTER,3095 HARLEM RD,CHEEKTOWAGA,NY,14225,,(716) 896-3815,97,2,1,98,91,7,2,95,88,10,2,95,86,13,1,95,,1142,416,36,10/01/2024,09/30/2025
33C0001029,EMUSC LLC DBA EMU SURGICAL CENTER,8340 WOODHAVEN BLVD,GLENDALE,NY,11385,,(718) 849-8700,97,3,0,98,93,5,2,95,92,7,1,97,90,9,1,96,"3,6",234,59,26,10/01/2024,09/30/2025
33C0001032,PROHEALTH AMBULATORY SURGERY CENTER INC,3800 MARCUS AVE,LAKE SUCCESS,NY,11042,,(516) 622-7416,98,2,0,99,94,5,1,97,97,3,0,98,92,6,2,96,3,1008,262,26,10/01/2024,09/30/2025
33C0001034,DUTCHESS AMBULATORY SURGICAL CENTER,23 DAVIS AVE,POUGHKEEPSIE,NY,12603,,(845) 473-6144,98,2,0,99,90,7,3,94,93,3,4,95,90,9,1,96,3,715,235,33,10/01/2024,09/30/2025
33C0001039,HUDSON VALLEY ENDOSCOPY CENTER,400 WESTAGE BUSINESS CENTER DR SUITE 202,FISHKILL,NY,12524,,(845) 896-3636,94,5,1,97,87,9,4,92,81,12,7,92,83,10,7,91,3,937,138,15,10/01/2024,09/30/2025
33C0001041,SHEEPSHEAD BAY SURGERY CENTER,2269 OCEAN AVE,BROOKLYN,NY,11229,,(718) 787-0387,93,5,2,96,85,10,5,90,77,19,4,91,77,20,3,91,"3,6",1730,81,6,10/01/2024,09/30/2025
33C0001043,AMBULATORY SURGERY CENTER OF WNY,3112 SHERIDAN DR,AMHERST,NY,14226,,(716) 831-9435,95,5,0,98,90,7,3,93,92,6,2,95,86,12,2,94,3,656,258,39,10/01/2024,09/30/2025
33C0001045,SPECIALITY SURGERY CENTER OF CNY,"225 GREENFIELD PARKWAY, SUITE 105",LIVERPOOL,NY,13088,,(315) 451-6911,97,3,0,98,88,10,2,93,89,10,1,96,93,6,1,98,3,624,133,22,10/01/2024,09/30/2025
33C0001046,CATARACT CENTER FOR THE ADIRONDACKS,450 MARGARET ST,PLATTSBURGH,NY,12901,,(518) 566-2020,95,4,1,97,90,9,1,95,83,13,4,93,85,11,4,94,3,490,109,23,10/01/2024,09/30/2025
33C0001047,ISLAND EYE SURGICENTER LLC,255 GLEN COVE RD,CARLE PLACE,NY,11514,,(516) 877-2400,96,3,1,97,88,9,3,92,83,11,6,93,82,13,5,91,3,2220,608,27,10/01/2024,09/30/2025
33C0001050,EYE SURGERY CENTER OF WESTCHESTER INC,838 PELHAMDALE AVE,NEW ROCHELLE,NY,10801,,(732) 846-2501,96,4,0,98,88,10,2,93,85,12,3,94,83,16,1,94,3,648,156,25,10/01/2024,09/30/2025
33C0001051,BUFFALO SURGERY CENTER LLC,3921 SHERIDAN DR,AMHERST,NY,14226,,(716) 250-6520,97,3,0,99,91,8,1,95,89,9,2,95,87,11,2,95,,2612,656,25,10/01/2024,09/30/2025
33C0001053,SUFFOLK SURGERY CENTER LLC,1500 WILLIAM FLOYD PKWY,SHIRLEY,NY,11967,,(631) 205-9090,96,3,1,97,91,7,2,94,87,9,4,94,86,10,4,93,3,840,140,17,10/01/2024,09/30/2025
33C0001054,EXECUTIVE WOODS AMBULATORY SURGERY CENTER LLC,3 ATRIUM DR. STE. 150,ALBANY,NY,12205,,(518) 453-9088,96,4,0,98,90,9,1,95,87,12,1,95,87,12,1,95,"3,6",508,74,15,10/01/2024,09/30/2025
33C0001055,CAPITAL REGION AMBULATORY SURGERY CENTER LLC,"1367 WASHINGTON AVE, SUITE 401",ALBANY,NY,12206,,(518) 438-7638,98,2,0,99,92,5,3,95,91,9,0,96,88,11,1,96,3,588,117,20,10/01/2024,09/30/2025
33C0001056,CENTER FOR AMBULATORY SURGERY LLC,550 ORCHARD PARK RD SUITE B-101,WEST SENECA,NY,14224,,(716) 677-4400,97,3,0,98,93,6,1,96,85,14,1,94,83,15,2,94,3,1757,473,27,10/01/2024,09/30/2025
33C0001059,ALBANY REGIONAL EYE SURGERY CENTER LLC,5 JOHNSON RD,LATHAM,NY,12110,,(732) 846-2501,95,4,1,97,87,10,3,92,82,15,3,93,86,12,2,95,3,578,159,28,10/01/2024,09/30/2025
33C0001062,THE AMBULATORY SURGERY CENTER OF WESTCHESTER,34 SOUTH BEDFORD RD,MOUNT KISCO,NY,10549,,(914) 244-6755,97,3,0,98,95,5,0,97,91,8,1,96,91,7,2,96,3,695,217,31,10/01/2024,09/30/2025
33C0001063,SPECIALISTS ONE- DAY SURGERY LLC DBA SPECIALISTS ONE-DAY SURGERY,190 INTREPID LANE,SYRACUSE,NY,13205,,(315) 498-6200,99,1,0,99,94,5,1,96,92,7,1,96,91,7,2,96,3,844,251,30,10/01/2024,09/30/2025
33C0001064,ST PETER'S AMBULATORY SURGERY CENTER LLC,"1375 WASHINGTON AVE, STE. 201",ALBANY,NY,12206,,(518) 533-3426,94,5,1,97,83,12,5,89,80,15,5,92,79,16,5,91,3,834,191,23,10/01/2024,09/30/2025
33C0001065,STERLING SURGICAL CENTER LLC,303 STERLING DR,ORCHARD PARK,NY,14127,,(716) 712-0600,98,1,1,99,92,7,1,96,89,10,1,96,89,10,1,96,3,397,116,29,10/01/2024,09/30/2025
33C0001067,LYNBROOK SC LLC DBA LYNBROOK SURGERY CENTER,444 MERRICK RD SUITE 400,LYNBROOK,NY,11563,,(516) 256-2102,99,1,0,99,92,7,1,96,90,10,0,96,86,13,1,95,,1009,237,23,10/01/2024,09/30/2025
33C0001069,DIGESTIVE HEALTH CENTER OF HUNTINGTON,195 EAST MAIN ST,HUNTINGTON,NY,11743,,(631) 385-8677,97,3,0,99,92,7,1,95,92,7,1,96,88,11,1,95,,1778,405,23,10/01/2024,09/30/2025
33C0001070,ENDOSCOPY CENTER OF LONG ISLAND LLC,711 STEWART AVE,GARDEN CITY,NY,11530,,(516) 227-3254,98,2,0,99,93,6,1,96,90,8,2,95,88,10,2,95,,2012,444,22,10/01/2024,09/30/2025
33C0001071,ENDOSCOPIC AMBULATORY SPECIALTY CENTER OF BAY RIDGE INC,7601 4TH AVE SUITE 1A,BROOKLYN,NY,11209,,(718) 745-8879,,,,,,,,,,,,,,,,,1,,,,,
33C0001072,NORTH COUNTRY ORTHOPAEDIC AMBULATORY SURGERY CENTER LLC,1571 WASHINGTON ST SUITE 202,WATERTOWN,NY,13601,,(315) 836-2133,98,2,0,99,94,5,1,96,87,12,1,95,89,8,3,95,3,546,151,28,10/01/2024,09/30/2025
33C0001073,BRIGHTON SURGERY CENTER LLC,"980 WESTFALL RD, SUITE 300",ROCHESTER,NY,14618,,(585) 295-8500,99,1,0,99,96,3,1,98,95,4,1,97,95,4,1,98,,857,365,43,10/01/2024,09/30/2025
33C0001074,PROGRESSIVE SURGERY CENTER LLC,340 BROADHOLLOW RD,FARMINGDALE,NY,11735,,(631) 694-0000,97,2,1,98,93,5,2,95,90,6,4,94,85,10,5,92,3,1038,223,21,10/01/2024,09/30/2025
33C0001075,ENDOSCOPY CENTER OF WESTERN NEW YORK LLC,"60 MAPLE RD, SUITE 2",WILLIAMSVILLE,NY,14221,,(716) 332-1000,98,2,0,99,94,5,1,96,91,8,1,96,92,7,1,97,3,4001,1460,37,10/01/2024,09/30/2025
33C0001077,ALL CITY FAMILY HEALTHCARE CENTER INC,3632 NOSTRAND AVE,BROOKLYN,NY,11229,,(718) 332-4409,97,3,0,99,82,13,5,89,89,10,1,95,79,16,5,90,"3,6",537,88,17,10/01/2024,09/30/2025
33C0001078,KIPS BAY ENDOSCOPY CENTER LLC,535 2ND AVE,NEW YORK,NY,10016,,(212) 889-5477,96,3,1,98,86,9,5,91,83,13,4,93,83,13,4,92,,963,150,16,10/01/2024,09/30/2025
33C0001082,SARATOGA SCHENECTADY ENDOSCOPY CENTER LLC,1 WELLNESS DR,BURNT HILLS,NY,12027,,(518) 831-1550,99,1,0,99,95,4,1,97,96,3,1,98,95,4,1,98,,808,250,31,10/01/2024,09/30/2025
33C0001083,UNITY LINDEN OAKS SURGERY CENTER LLC,10 HAGEN DR,ROCHESTER,NY,14625,,(585) 267-8237,98,2,0,99,93,6,1,96,88,11,1,95,86,12,2,94,3,2301,586,25,10/01/2024,09/30/2025
33C0001085,SYRACUSE ENDOSCOPY ASSOCIATES,"739 IRVING AVE., SUITE 420",SYRACUSE,NY,13210,,(315) 470-7921,96,3,1,98,91,7,2,95,87,11,2,94,89,8,3,95,3,878,288,33,10/01/2024,09/30/2025
33C0001086,ENDOSCOPIC PROCEDURE CENTER LLC,4900 BROAD RD.,SYRACUSE,NY,13215,,(315) 492-5181,97,2,1,98,91,7,2,95,91,7,2,96,90,7,3,95,3,753,271,36,10/01/2024,09/30/2025
33C0001087,ENDOSCOPIC DIAGNOSTIC AND TREATMENT CENTER,560 BAY RIDGE PARKWAY,BROOKLYN,NY,11209,,(718) 748-5219,100,0,0,100,95,4,1,97,96,4,0,98,94,5,1,97,3,519,179,34,10/01/2024,09/30/2025
33C0001088,LONG ISLAND CENTER FOR DIGESTIVE HEALTH,106 CHARLES LINDBERGH BLVD,UNIONDALE,NY,11710,,(516) 794-1868,99,1,0,99,96,3,1,98,97,3,0,98,95,4,1,98,3,2279,496,22,10/01/2024,09/30/2025
33C0001090,NEW YORK GI CENTER LLC,1200 WATER PL. STE. M117,BRONX,NY,10461,,(718) 863-0575,97,3,0,98,92,6,2,95,82,17,1,93,85,14,1,95,"3,6",471,65,14,10/01/2024,09/30/2025
33C0001092,GRAMERCY SURGERY CENTER INC,"380 2ND AVE 10TH FLOOR, SUITE 1000",NEW YORK,NY,10010,,(212) 254-3570,96,3,1,98,90,8,2,94,77,18,5,91,74,19,7,88,3,1067,168,16,10/01/2024,09/30/2025
33C0001093,ADVANCED ENDOSCOPY CENTER LLC,5500 BROADWAY STE A,BRONX,NY,10463,,(718) 548-7900,97,3,0,98,93,5,2,95,84,14,2,94,86,12,2,94,3,4167,419,10,10/01/2024,09/30/2025
33C0001094,HUDSON VALLEY AMBULATORY SURGERY LLC,75 CRYSTAL RUN RD BUILDING B SUITE 225,MIDDLETOWN,NY,10941,,(845) 692-9900,97,2,1,98,87,9,4,91,89,11,0,96,85,15,0,95,"3,6",187,70,40,10/01/2024,09/30/2025
33C0001096,RETINAL AMBULATORY SURGERY CENTER OF NEW YORK INC,138-140 EAST 80 ST,NEW YORK,NY,10075,,(212) 396-2100,96,3,1,98,87,9,4,91,79,12,9,92,78,14,8,89,"3,6",583,60,11,10/01/2024,09/30/2025
33C0001097,EASTERN ORANGE AMBULATORY SURGERY CENTER LLC,21 LAUREL AVE SUITE 120,CORNWALL,NY,12518,,(845) 458-7800,97,2,1,98,88,9,3,93,87,11,2,94,83,14,3,93,3,1150,285,25,10/01/2024,09/30/2025
33C0001099,DIGESTIVE DISEASE CENTER OF CENTRAL NEW YORK LLC,5112 W. TAFT RD. STE. E,LIVERPOOL,NY,13088,,(315) 410-7400,96,4,0,98,90,8,2,94,86,12,2,94,85,13,2,94,3,788,199,25,10/01/2024,09/30/2025
33C0001100,GPDDC LLC DBA GRAMERCY PARK DIGESTIVE DISEASE CENTER,250 PARK AVENUE SOUTH 8TH FLOOR,NEW YORK,NY,10003,,(212) 979-3237,94,5,1,96,88,7,5,92,86,9,5,93,85,12,3,94,3,2435,218,9,10/01/2024,09/30/2025
33C0001104,UPSTATE ORTHOPEDICS AMBULATORY SURGERY CENTER LLC,6620 FLY RD. STE. 200,EAST SYRACUSE,NY,13057,,(315) 432-5960,97,3,0,99,91,8,1,95,89,9,2,95,89,8,3,95,,1151,307,27,10/01/2024,09/30/2025
33C0001105,MEADOWBROOK ENDOSCOPY CENTER,"865 MERRICK AVE, SUITE 150N",WESTBURY,NY,11590,,(516) 542-3636,94,5,1,96,93,5,2,95,87,11,2,95,86,12,2,94,3,3508,647,18,10/01/2024,09/30/2025
33C0001107,SOUTH BROOKLYN ENDOSCOPY CENTER,214 AVE P,BROOKLYN,NY,11204,,(718) 339-5678,93,6,1,96,88,8,4,92,83,14,3,93,79,18,3,92,3,5360,483,9,10/01/2024,09/30/2025
33C0001108,EAST SIDE ENDOSCOPY LLC,380 2ND AVE,NEW YORK,NY,10010,,(212) 375-1065,96,4,0,98,90,8,2,94,88,10,2,94,84,12,4,93,3,3474,650,19,10/01/2024,09/30/2025
33C0001109,CRYSTAL RUN AMBULATORY SURGERY,95 CRYSTAL RUN RD,MIDDLETOWN,NY,10941,,(845) 703-3655,98,1,1,99,92,7,1,95,87,11,2,94,86,13,1,95,3,993,187,19,10/01/2024,09/30/2025
33C0001110,THE RYE AMBULATORY SURGERY CENTER LLC,1 THEALL RD.,RYE,NY,10580,,(914) 681-3125,99,1,0,99,95,4,1,97,94,5,1,97,92,8,0,97,3,546,191,35,10/01/2024,09/30/2025
33C0001112,SOUTH SHORE SC LLC,"53 BRENTWOOD RD, SUITE F",BAY SHORE,NY,11706,,(631) 647-5550,99,1,0,99,92,7,1,96,93,6,1,96,86,13,1,95,,2198,475,22,10/01/2024,09/30/2025
33C0001113,AGCNY EAST LLC,4308 MEDICAL CENTER DR,FAYETTEVILLE,NY,13066,,(315) 708-0091,98,1,1,99,93,5,2,95,91,7,2,95,85,12,3,93,3,662,233,35,10/01/2024,09/30/2025
33C0001114,MIDTOWN SURGERY CENTER LLC,305 EAST 47TH ST,NEW YORK,NY,10017,,(212) 751-2100,98,2,0,99,93,6,1,96,92,6,2,96,85,13,2,94,3,1238,212,17,10/01/2024,09/30/2025
33C0001115,GASTROENTEROLOGY CARE INC,8622 BAY PARKWAY SUITE 1,BROOKLYN,NY,11214,,(718) 333-9090,93,6,1,96,91,7,2,94,72,22,6,90,76,18,6,90,"3,10",289,32,14,10/01/2024,09/30/2025
33C0001117,SURGICARE OF MANHATTAN LLC,800 2ND AVE,NEW YORK,NY,10017,,(201) 855-8364,93,6,1,96,87,10,3,92,78,19,3,91,71,25,4,89,3,1776,286,16,10/01/2024,09/30/2025
33C0001119,MANHATTAN ENDOSCOPY CENTER LLC,535 5TH AVE  5TH FLOOR,NEW YORK,NY,10017,,(212) 682-2828,96,3,1,98,91,7,2,95,88,10,2,95,88,10,2,95,3,3150,528,17,10/01/2024,09/30/2025
33C0001120,WEST ASC LLC,"5700 WEST GENESEE ST, SUITE 11",CAMILLUS,NY,13031,,(315) 701-9378,97,3,0,99,90,8,2,94,75,21,4,93,88,12,0,96,"3,10",188,30,16,10/01/2024,09/30/2025
33C0001121,GRIFFISS EC LLC,105 DART CIR,ROME,NY,13421,,(315) 367-0264,97,3,0,98,91,7,2,94,89,9,2,94,89,9,2,95,3,1061,372,35,10/01/2024,09/30/2025
33C0001122,SURGICAL SPECIALTY CENTER OF WESTCHESTER,440 MAMARONECK AVE SUITE 410,HARRISON,NY,10528,,(914) 421-0115,97,3,0,98,91,7,2,94,88,9,3,94,86,12,2,94,,1783,433,24,10/01/2024,09/30/2025
33C0001124,CARNEGIE HILL ENDOSCOPY,1516 LEXINGTON AVE,NEW YORK,NY,10029,,(212) 860-6300,97,3,0,98,94,5,1,96,92,7,1,96,92,6,2,96,3,3664,838,23,10/01/2024,09/30/2025
33C0001125,SYRACUSE SURGERY CENTER LLC,3400 VICKERY RD SUITE B,SYRACUSE,NY,13212,,(315) 422-3591,98,2,0,99,95,4,1,97,94,6,0,97,92,7,1,97,3,538,270,50,10/01/2024,09/30/2025
33C0001126,HERITAGE ONE DAY SURGERY LLC,5496 E. TAFT RD. STE. B,NORTH SYRACUSE,NY,13212,,(315) 362-2060,98,2,0,99,92,7,1,96,88,11,1,95,84,15,1,94,3,790,210,27,10/01/2024,09/30/2025
33C0001129,UPSTATE GASTROENTEROLOGY LLC,"1000 E. GENESEE ST, STE 206",SYRACUSE,NY,13210,,(315) 464-5402,,,,,,,,,,,,,,,,,1,,,,,
33C0001131,QUEENS BLVD ENDOSCOPY LLC,95-25 QUEENS BLVD,REGO PARK,NY,11374,,(718) 406-8000,96,4,0,98,84,11,5,90,91,7,2,95,95,5,0,99,"3,6",639,94,16,10/01/2024,09/30/2025
33C0001133,ROOSEVELT SURGERY CENTER LLC DBA MANHATTAN SURGERY CENTER,619 WEST 54TH ST SUITE 602,NEW YORK,NY,10019,,(212) 231-7897,97,3,0,98,91,7,2,95,80,18,2,93,80,17,3,92,,681,148,22,10/01/2024,09/30/2025
33C0001134,THE NEW YORK EYE SURGICAL CENTER,135 NORTH RD BUILDING 2,WILTON,NY,12831,,(518) 450-1304,99,1,0,99,96,3,1,98,96,3,1,98,94,4,2,97,3,940,453,48,10/01/2024,09/30/2025
33C0001135,WNY MEDICAL MANAGEMENT LLC,"700 MICHIGAN AVE, SUITE 120",BUFFALO,NY,14203,,(716) 931-4963,97,3,0,98,90,10,0,95,86,7,7,92,79,19,2,92,"3,10",193,43,22,10/01/2024,09/30/2025
33C0001136,THE ENDOSCOPY CENTER OF NEW YORK,201 EAST 93RD ST,NEW YORK,NY,10128,,(212) 897-1006,98,2,0,99,94,5,1,96,94,5,1,97,91,7,2,96,3,4350,733,17,10/01/2024,09/30/2025
33C0001137,THE SURGERY CENTER AT ORTHOPEDIC ASSOCIATES,1910 SOUTH RD,PUGHKEEPSIE,NY,12601,,(845) 218-4211,98,2,0,99,92,6,2,95,90,8,2,96,87,9,4,94,3,666,225,34,10/01/2024,09/30/2025
33C0001138,BROOKLYN SURGERY CTR,6010 BAY PARKWAY 4TH FL,BROOKLYN,NY,11204,,(718) 259-4272,98,2,0,99,90,7,3,94,90,8,2,95,84,13,3,93,3,3387,537,16,10/01/2024,09/30/2025
33C0001139,QUEENS ENDOSCOPY,176-60 UNION TURNPIKE,FRESH MEADOWS,NY,11366,,(718) 425-3300,97,3,0,99,93,6,1,96,87,11,2,95,88,9,3,95,3,4133,527,13,10/01/2024,09/30/2025
33C0001140,FLUSHING ENDOSCOPY CENTER LLC,136-02 ROOSEVELT AVE,FLUSHING,NY,11355,,(718) 886-6648,93,7,0,96,89,9,2,94,79,17,4,91,71,25,4,89,3,916,133,15,10/01/2024,09/30/2025
33C0001141,ENDOSCOPY CENTER OF NIAGARA LLC,"6930 WILLIAMS RD, SUITE 310",NIAGARA FALLS,NY,14304,,(716) 284-3264,99,1,0,99,94,5,1,96,93,6,1,97,92,6,2,96,3,1590,458,29,10/01/2024,09/30/2025
33C0001142,ISLAND DIGESTIVE HEALTH CENTER LLC,471 MONTAUK HWY,WEST ISLIP,NY,11795,,(631) 376-2260,96,3,1,98,93,5,2,96,90,8,2,95,85,12,3,93,3,2794,378,14,10/01/2024,09/30/2025
33C0001143,LONG ISLAND DIGESTIVE ENDOSCOPY CENTER,1500 ROUTE 112 BUILDING 5,PORT JEFFERSON STATIO,NY,11776,,(631) 828-3400,98,2,0,99,94,4,2,96,94,5,1,97,90,7,3,95,3,3200,829,26,10/01/2024,09/30/2025
33C0001144,GREAT SOUTH BAY ENDOSCOPY CENTER LLC,260 PATCHOGUE YAPHANK RD,EAST PATCHOGUE,NY,11772,,(631) 307-9181,97,3,0,98,90,8,2,94,88,9,3,94,87,10,3,94,3,3033,469,15,10/01/2024,09/30/2025
33C0001146,NYEEQ ASC LLC DBA NORTH QUEENS SURGICAL CENTER,45-64 FRANCIS LEWIS BLVD SUITE 200,BAYSIDE,NY,11361,,(929) 258-7720,91,7,2,95,83,11,6,89,76,21,3,92,79,19,2,92,"3,6",598,97,17,10/01/2024,09/30/2025
33C0001147,MASON ESC LLC DBA MASON EYE SURGERY CENTER,10512 101ST AVENUE,OZONE PARK,NY,11416,,(718) 847-3600,93,5,2,96,87,10,3,92,78,12,10,90,88,8,4,94,"3,6",489,85,20,10/01/2024,09/30/2025
33C0001148,BRONX SC LLC DBA EMPIRE STATE AMBULATORY SURGERY CENTER,3170 WEBSTER AVE,BRONX,NY,10467,,(718) 708-5777,96,4,0,98,88,10,2,93,86,14,0,94,91,9,0,98,3,587,116,21,10/01/2024,09/30/2025
33C0001149,GRAMERCY SURGERY CENTER INC,59-25 KISSENA BLVD,FLUSHING,NY,11355,,(646) 350-4772,97,3,0,98,91,6,3,94,79,19,2,92,77,20,3,91,3,1451,221,15,10/01/2024,09/30/2025
33C0001150,21 READE PLACE ASC LLC,21 READE PL SUITE 3300,POUGHKEEPSIE,NY,12601,,(845) 454-0222,97,2,1,98,87,10,3,92,86,13,1,95,88,10,2,95,3,1209,218,18,10/01/2024,09/30/2025
33C0001152,ISLAND AMBULATORY SURGERY CENTER,"2279-83 CONEY ISLAND AVE, 1ST FLOOR",BROOKLYN,NY,11223,,(718) 998-9400,97,3,0,99,93,5,2,96,92,4,4,96,94,6,0,98,"3,6",431,65,17,10/01/2024,09/30/2025
33C0001153,MARK FROMER LLC DBA EYE SURGERY CENTERS OF NEW YORK,3130 GRAND CONCOURSE B5,BRONX,NY,10458,,(718) 502-3937,95,4,1,97,86,10,4,91,80,17,3,93,79,17,4,91,3,517,123,27,10/01/2024,09/30/2025
33C0001155,WESTMORELAND ASC LLC DBA APEX SURGICAL CENTER,5325 STATE ROUTE 233,WESTMORELAND,NY,13490,,(315) 801-5060,98,2,0,99,92,7,1,95,94,5,1,97,93,7,0,97,3,744,285,38,10/01/2024,09/30/2025
33C0001158,PUTNAM G.I. LLC,667 STONELEIGH AVE SUITE A201,CARMEL,NY,10512,,(845) 278-5223,97,3,0,98,92,6,2,95,88,10,2,95,86,12,2,94,3,1416,326,23,10/01/2024,09/30/2025
33C0001159,NORTHWAY SPC LLC,1596 ROUTE 9,HALFMOON,NY,12065,,(518) 371-6772,97,3,0,99,92,6,2,96,90,8,2,96,90,8,2,96,,582,191,33,10/01/2024,09/30/2025
33C0001160,AMBULATORY SURGERY CENTER OF NIAGARA,6500 PORTER RD,NIAGARA FALLS,NY,14304,,(716) 285-2020,98,2,0,99,95,4,1,97,93,6,1,97,91,8,1,96,,1035,478,46,10/01/2024,09/30/2025
33C0001161,NORTHERN EC LLC,5 IRONGATE CENTER SUITE C,GLENS FALLS,NY,12801,,(518) 745-5423,99,1,0,99,94,5,1,97,91,6,3,96,90,8,2,96,3,500,159,32,10/01/2024,09/30/2025
33C0001162,CENTRAL NEW YORK ASC DBA OMNI OUTPATIENT SURGERY CENTER,498 FRENCH RD,UTICA,NY,13502,,(315) 765-8448,97,2,1,98,90,8,2,94,89,7,4,94,90,5,5,93,"3,6",337,70,21,10/01/2024,09/30/2025
33C0001163,THE ENDOSCOPY CENTER OF QUEENS,23-25 31ST ST,ASTORIA,NY,11105,,(718) 932-1234,97,2,1,98,91,6,3,94,88,10,2,95,88,9,3,94,3,1452,218,15,10/01/2024,09/30/2025
33C0001164,SOUTHTOWNS SURGERY CENTER LLC,5959 BIG TREE ROAD SUITE 100,ORCHARD PARK,NY,14127,,(716) 740-8330,97,2,1,98,90,7,3,94,91,6,3,95,89,11,0,96,6,182,66,36,10/01/2024,09/30/2025
33C0001165,RICHMOND PAIN MANAGEMENT ASC,1360 HYLAN BLVD,STATEN ISLAND,NY,10305,,(718) 208-4418,96,4,0,98,91,7,2,94,92,6,2,95,86,12,2,94,,1136,215,19,10/01/2024,09/30/2025
33C0001166,LIBERTY ENDOSCOPY CENTER,156 WILLIAM ST 4TH FLOOR,NEW YORK,NY,10038,,(646) 215-2246,98,2,0,99,91,7,2,95,94,4,2,96,88,9,3,94,3,3325,379,11,10/01/2024,09/30/2025
33C0001168,MID BRONX ENDOSCOPY CENTER LLC,51 WEST BURNSIDE AVE,BRONX,NY,10453,,(917) 791-6004,96,3,1,98,90,7,3,94,84,13,3,93,80,18,2,92,3,4140,246,6,10/01/2024,09/30/2025
33C0001170,HSS ASC OF MANHATTAN DBA HOSPITAL FOR SPECIAL SURGERY,1233 2ND AVE,NEW YORK,NY,10065,,(212) 774-2917,98,2,0,99,92,8,0,96,92,6,2,96,92,6,2,96,,1076,176,16,10/01/2024,09/30/2025
33C0001173,SF NASSAU ASC DBA EAST HILLS SURGERY CENTER,2200 NORTHERN BLVD SUITE 100D,GREENVALE,NY,11548,,(516) 243-8521,98,1,1,99,95,4,1,97,93,6,1,97,88,10,2,95,3,486,150,31,10/01/2024,09/30/2025
33C0001175,COLONIE ASC LLC DBA SPECIALTY EYE SURGERY AND LASER CENTER OF THE CAPITAL REGION,207 TROY-SCHENECTADY RD,LATHAN,NY,12110,,(518) 389-2869,98,2,0,99,89,9,2,94,89,9,2,95,86,11,3,94,,692,303,44,10/01/2024,09/30/2025
33C0001176,PORT JEFFERSON SURGERY CENTER,1500 ROUTE 1R BUILDING 4,PORT JEFFERSON STATIO,NY,11776,,(631) 828-3555,99,1,0,99,92,7,1,96,93,7,0,96,90,9,1,96,,1139,370,32,10/01/2024,09/30/2025
33C0001178,PREMIER AMBULATORY SURGERY CENTER,5844 SOUTHWESTERN BOULEVARD SUITE 700,HAMBURG,NY,14085,,(716) 348-2759,98,2,0,99,91,6,3,94,85,12,3,94,86,10,4,94,"3,6",695,90,13,10/01/2024,09/30/2025
33C0001179,SURGICAL PAIN CENTER OF THE ADIRONDACKS,470 TOM MILLER ROAD,PLATTSBURGH,NY,12901,,(518) 324-7246,96,3,1,98,92,6,2,95,88,10,2,95,89,10,1,95,"3,6",455,76,17,10/01/2024,09/30/2025
33C0001180,NORTHERN WESTCHESTER FACILITY PROJECT DBA YORKTOWN CENTER FOR SPECIALTY SURGERY,"2651 STRANG BOULEVARD, SUITE 101",YORKTOWN HEIGHTS,NY,10598,,(914) 962-0246,99,1,0,100,96,4,0,98,98,2,0,99,93,6,1,97,3,880,343,39,10/01/2024,09/30/2025
33C0001181,ENDO GROUP LLC DBA SYOSSET SURGICENETER,240 JERICHO TURNPIKE,SYOSSET,NY,11791,,(000) 000-0000,96,4,0,98,90,8,2,94,87,11,2,94,86,12,2,94,,1506,343,23,10/01/2024,09/30/2025
33C0001182,SPECIALISTS ONE DAY SURGERY LLC,5801 EAST TAFT ROAD,SYRACUSE,NY,13212,,(315) 498-6200,98,2,0,99,93,6,1,96,92,7,1,96,90,8,2,96,3,833,325,39,10/01/2024,09/30/2025
33C0001183,ORTHONY SURGICAL SUITES,16 MAXWELL DRIVE,CLIFTON PARK,NY,12065,,(518) 626-1846,97,3,0,98,93,5,2,96,87,10,3,95,87,13,0,96,3,522,110,21,10/01/2024,09/30/2025
33C0001184,BAY RIDGE SURGI-CENTER LLC,370 BAY RIDGE PARKWAY SUITE 1,BROOKLYN,NY,11209,,(718) 833-5800,95,5,0,98,94,4,2,96,92,8,0,96,86,12,2,94,"3,10",291,49,17,10/01/2024,09/30/2025
33C0001185,HOSPITAL FOR SPECIAL SURGERY WEST SIDE AMBULATORY SURGERY CENTER DBA HSS WEST SIDE ASC,610 WEST 58TH STREET,NEW YORK,NY,10019,,(646) 495-3300,100,0,0,100,92,7,1,96,96,4,0,98,97,3,0,99,,1203,183,15,10/01/2024,09/30/2025
33C0001186,EVERETT ROAD SURGERY CENTER,123 EVERETT ROAD SUITE 200,ALBANY,NY,12205,,(000) 000-0000,98,2,0,99,89,9,2,94,93,5,2,96,92,7,1,97,3,501,123,25,10/01/2024,09/30/2025
33C0001189,GREECE ASC LLC DBA CORNERSTONE SURGERY CENTER,135 CANAL LANDING BOULEVARD,ROCHESTER,NY,14626,,(585) 328-0153,98,2,0,99,95,4,1,97,93,5,2,96,94,4,2,97,3,354,155,44,10/01/2024,09/30/2025
33C0001190,NEW YORK CENTER FOR AMBULATORY SURGERY,1210 2ND AVENUE,NEW YORK,NY,10065,,(000) 000-0000,100,0,0,100,92,7,1,96,90,7,3,95,87,10,3,94,"3,10",367,46,13,10/01/2024,09/30/2025
33C0001192,QUEENS SURGICAL CENTER,3636 MAIN STREET,FLUSHING,NY,11354,,(000) 000-0000,88,10,2,93,79,14,7,86,60,33,7,87,65,28,7,85,,1141,175,15,10/01/2024,09/30/2025
33C0001195,SARATOGA PARTNERS NORTH LLC DBA CENTER FOR ADVANCED AMBULATORY SURGERY,4 MEDICAL PARK DRIVE,MALTA,NY,12020,,(000) 000-0000,98,1,1,99,89,8,3,93,90,8,2,96,93,5,2,97,3,633,106,17,10/01/2024,09/30/2025
33C0001197,BINGHAMTON ASC DBA GREATER BINGHAMTON EYE SURGERY CENTER,530 COLUMBIA DRIVE,JOHNSON CITY,NY,13790,,(607) 821-0400,98,2,0,99,93,6,1,96,89,9,2,96,88,11,1,96,3,553,116,21,10/01/2024,09/30/2025
33C0001198,PRECISION SC LLC DBA PRECISIONCARE SURGERY CENTER,28 RESEARCH WAY,EAST SETAUKET,NY,11733,,(631) 380-2710,99,1,0,100,94,5,1,96,96,4,0,98,94,4,2,97,3,625,253,40,10/01/2024,09/30/2025
33C0001199,STAR SUITES LLC DBA STAR SURGICAL SUITES LLC,623 STEWART AVENUE SUITE 101,GARDEN CITY,NY,11530,,(516) 900-7690,99,1,0,100,95,4,1,97,94,6,0,98,89,8,3,94,"3,6",310,56,18,10/01/2024,09/30/2025
33C0001200,MOSHENYAT LLC DBA MOSHENYAT GASTROENTEROLOGY CENTER,1958 OCEAN AVENUE FIRST FLOOR,BROOKLYN,NY,11230,,(718) 787-0980,,,,,,,,,,,,,,,,,1,,,,,
33C0001201,HAUPPAUGE SC LLC DBA THE CENTER FOR ADVANCE SPINE AND JOINT SURGERY,125 KENNEDY DRIVE SUITE 300,HAUPPAUGE,NY,11788,,(934) 223-4500,98,1,1,99,91,8,1,95,92,6,2,96,88,10,2,94,3,667,138,21,10/01/2024,09/30/2025
33C0001203,UWS ASC LLC DBA UPPER WEST SIDE ENDOSCOPY,230 WEST 74TH STREET,NEW YORK,NY,10023,,(203) 894-2162,97,2,1,99,95,3,2,97,90,9,1,96,88,11,1,96,,1163,220,19,10/01/2024,09/30/2025
33C0001204,CITIMED SURGERY CENTER LLC,9212 165TH STREET,JAMAICA,NY,11433,,(718) 571-9595,94,6,0,97,95,4,1,97,83,8,9,90,74,15,11,88,"3,6",1023,56,5,10/01/2024,09/30/2025
33C0001207,WEHRLE DRIVE ASC LLC DBA ATLAS SURGERY CENTER,50 GEORGE KARL BOULEVARD,WILLIAMSVILLE,NY,14221,,(716) 650-0905,99,1,0,99,96,3,1,98,94,4,2,97,96,3,1,98,3,761,340,45,10/01/2024,09/30/2025
33C0001208,RENAL FOCUS ASC LLC DBA RENAL FOCUS ASC PLAINVIEW,671 OLD COUNTRY ROAD,PLAINVIEW,NY,11803,,(516) 898-7299,99,1,0,100,89,8,3,93,93,6,1,96,84,11,5,92,3,1344,192,14,10/01/2024,09/30/2025
33C0001209,AINSWORTH HEALTH LLC DBA AINSWORTH SURGICAL CENTER,1103 STEWART AVENUE SUITE 301,GARDEN CITY,NY,11530,,(516) 243-7775,99,1,0,100,96,3,1,98,97,2,1,97,95,4,1,98,3,632,173,27,10/01/2024,09/30/2025
33C0001210,INTREPID LANE ASC LLC DBA INTREPID LANE ENDOSCOPY AND SURGERY CENTER,190 INTREPID LANE,SYRACUSE,NY,13205,,(315) 870-9370,97,3,0,99,92,6,2,95,89,8,3,95,86,11,3,94,3,656,222,34,10/01/2024,09/30/2025
33C0001211,5 EAST 98TH STREET LLC DBA THE DERFNER FOUNDATION AMBULATORY SURGERY CENTER,5 EAST 98TH STREET 14TH FLOOR,NEW YORK,NY,10029,,(212) 241-0082,,,,,,,,,,,,,,,,,1,,,,,
33C0001212,HARLEM ROAD AMBULATORY SURGERY CENTER LLC,3085 HARLEM ROAD SUITE 300,CHEEKTOWAGA,NY,14225,,(716) 748-3600,94,5,1,97,93,6,1,96,82,16,2,93,78,20,2,92,,737,233,32,10/01/2024,09/30/2025
33C0001214,MEDEX DIAGNOSTIC AND TREATMENT CENTER LLC,111-29 QUEENS BOULEVARD,FOREST HILLS,NY,11375,,(718) 275-8900,92,6,2,95,90,8,2,94,87,11,2,95,83,13,4,93,3,639,152,26,10/01/2024,09/30/2025
33C0001215,SUNRISE SURGERY CENTER LLC DBA PUREVISION SURGERY CENTER,3349 SOUTHWESTERN BOULEVARD,ORCHARD PARK,NY,14127,,(716) 474-6100,99,1,0,99,96,3,1,97,95,4,1,97,93,5,2,97,,656,328,50,10/01/2024,09/30/2025
33C0001220,NORTHTOWNS AMBULATORY SURGERY CENTER LLC,111 NORTH MAPLEMERE ROAD SUITE 170,WILLIAMSVILLE,NY,14221,,(716) 817-0450,98,2,0,99,91,7,2,95,91,7,2,96,87,12,1,95,3,770,220,29,10/01/2024,09/30/2025
33C0001221,787 ORTHO ASC LLC DBA PEAKPOINT MIDTOWN WEST SURGERY CENTER,787 11TH AVENUE 6TH FLOOR,NEW YORK,NY,10019,,(212) 516-8204,98,2,0,99,94,5,1,97,95,5,0,97,91,8,1,96,3,539,184,34,10/01/2024,09/30/2025
33C0001222,PEAKPOINT FLATIRON LLC DBA PEAKPOINT FLATIRON SURGERY CENTER,16 WEST 25TH STREET 2ND FLOOR,NEW YORK,NY,10010,,(212) 516-8211,94,6,0,97,85,11,4,90,73,26,1,91,68,31,1,89,3,586,127,22,10/01/2024,09/30/2025
34C0001000,SURGICENTER OF EASTERN CAROLINA LLC DBA VIDANT SURGICENTER,102 BETHESDA DR,GREENVILLE,NC,27834,,(252) 847-2626,98,2,0,99,94,5,1,97,92,6,2,97,90,8,2,95,,1669,480,29,10/01/2024,09/30/2025
34C0001003,EYE SURGERY CENTER OF THE CAROLINAS,2170 MIDLAND RD,SOUTHERN PINES,NC,28387,,(910) 295-1221,94,5,1,97,90,7,3,94,84,11,5,93,83,12,5,92,3,831,295,35,10/01/2024,09/30/2025
34C0001004,FAYETTEVILLE ASC SCA AFFILIATE,1781 METRO MEDICAL DR,FAYETTEVILLE,NC,28304,,(910) 323-1647,97,2,1,98,94,4,2,96,91,7,2,96,85,10,5,92,3,1070,292,27,10/01/2024,09/30/2025
34C0001008,SURICAL CENTER OF GREENSBORO LLC,705 GREEN VALLEY RD,GREENSBORO,NC,27408,,(336) 272-0012,98,2,0,99,93,6,1,96,93,5,2,96,89,8,3,94,3,1015,268,26,10/01/2024,09/30/2025
34C0001009,ORTHOPAEDIC SURGERY CENTER OF ASHEVILLE LP,34 GRANBY ST,ASHEVILLE,NC,28801,,(828) 225-0861,98,2,0,99,96,3,1,98,93,5,2,96,93,5,2,97,3,685,241,35,10/01/2024,09/30/2025
34C0001010,EYE SURGERY AND LASER CLINIC,500 LAKE CONCORD RD,CONCORD,NC,28025,,(704) 782-1127,98,2,0,99,94,6,0,97,91,5,4,96,85,15,0,95,"3,6",568,86,15,10/01/2024,09/30/2025
34C0001014,GREENSBORO OPHTHALMOLOGY ASC LLC,3312 BATTLEGROUND AVE.,GREENSBORO,NC,27410,,(336) 282-8330,97,3,0,98,90,8,2,94,93,6,1,97,91,9,0,97,"3,6",564,84,15,10/01/2024,09/30/2025
34C0001016,CHARLOTTE SURGERY CENTER LLC DBA CHARLOTTE SURGERY CENTER MUSEUM CAMPUS,2825 RANDOLPH RD,CHARLOTTE,NC,28211,,(704) 377-1647,96,4,0,98,93,6,1,96,86,12,2,94,82,16,2,93,3,1208,291,24,10/01/2024,09/30/2025
34C0001017,BLUE RIDGE SURGERY CENTER,2308 WESVILL CT,RALEIGH,NC,27607,,(919) 781-4311,97,3,0,98,94,4,2,96,92,6,2,95,89,9,2,95,3,735,215,29,10/01/2024,09/30/2025
34C0001021,DAVIS AMBULATORY SURGICAL CENTER,120 E. CARVER ST,DURHAM,NC,27704,,(919) 470-1000,98,2,0,99,95,4,1,97,95,5,0,98,90,8,2,95,3,853,230,27,10/01/2024,09/30/2025
34C0001025,GRAYSTONE EYE SURGERY CENTER LLC,"2424 CENTURY PL, SE",HICKORY,NC,28602,,(828) 304-6602,98,2,0,99,95,4,1,97,92,6,2,96,90,8,2,96,,1570,361,23,10/01/2024,09/30/2025
34C0001027,MORGANTON EYE PHYSICIANS PA,335 E. PARKER RD.,MORGANTON,NC,28655,,(828) 433-1000,98,2,0,99,94,5,1,96,92,7,1,97,93,7,0,98,3,560,101,19,10/01/2024,09/30/2025
34C0001028,GASTROENTEROLOGY ASSOCIATES OF THE PIEDMONT PA,1901 S. HAWTHORNE RD SUITE 308,WINSTON SALEM,NC,27103,,(336) 714-3511,98,2,0,99,94,5,1,96,88,10,2,95,92,7,1,97,,803,216,27,10/01/2024,09/30/2025
34C0001030,IREDELL HEAD NECK AND EAR AMBULATORY SURGERY CENTER INC,701 BRYANT ST,STATESVILLE,NC,28677,,(704) 873-5224,97,2,1,98,91,6,3,94,88,10,2,95,87,12,1,95,"3,6",344,74,22,10/01/2024,09/30/2025
34C0001032,IREDELL PHYSICIAN NETWORK DBA IREDELL AMBULATORY SURGERY CENTER,701 BRYANT STREET,STATESVILLE,NC,28677,,(704) 380-2711,97,2,1,98,95,5,0,97,91,7,2,95,91,7,2,96,3,576,121,21,10/01/2024,09/30/2025
34C0001033,MORGANTON EYE PHYSICIANS PA,1622 E. MARION ST.,SHELBY,NC,28150,,(828) 433-1000,99,1,0,99,95,5,0,97,87,11,2,96,87,13,0,96,"3,6",557,78,14,10/01/2024,09/30/2025
34C0001034,ENDOSCOPY CENTER OF NORTH CAROLINA DIGESTIVE HEALTH PARTNERS,191 BILTMORE AVE,ASHEVILLE,NC,28801,,(828) 350-3647,98,2,0,99,92,7,1,95,87,11,2,94,88,9,3,95,,1778,555,31,10/01/2024,09/30/2025
34C0001035,LEBAUER ENDOSCOPY CENTER,520 N. ELAM AVE 4TH FLOOR,GREENSBORO,NC,27403,,(336) 323-5259,98,2,0,99,96,3,1,97,95,4,1,97,93,5,2,97,,5555,1499,27,10/01/2024,09/30/2025
34C0001038,WILMINGTON SURGERY CENTER LP,1801 S. 17TH ST,WILMINGTON,NC,28401,,(910) 763-4555,97,2,1,98,92,6,2,95,89,9,2,95,86,11,3,94,3,2069,597,29,10/01/2024,09/30/2025
34C0001039,RALEIGH ENDOSCOPY CENTER MAIN,2417 ATRIUM DR SUITE 101,RALEIGH,NC,27607,,(919) 239-8602,97,3,0,99,93,6,1,96,90,8,2,95,86,11,3,94,,1912,501,26,10/01/2024,09/30/2025
34C0001040,GOLDSBORO ENDOSCOPY CENTER,2705 MEDICAL OFFICE PL,GOLDSBORO,NC,27534,,(919) 731-2526,98,2,0,99,95,4,1,97,94,5,1,97,82,17,1,94,"3,6",456,94,21,10/01/2024,09/30/2025
34C0001041,GREENSBORO SPECIALTY SURGERY CENTER LP,3812 N. ELM ST.,GREENSBORO,NC,27455,,(336) 294-1833,97,2,1,98,95,4,1,97,94,5,1,97,92,7,1,97,3,733,292,40,10/01/2024,09/30/2025
34C0001045,WAKE FOREST BAPTIST HEALTH OUTPATIENT ENDOSCOPY - QUAKER LANE,624 QUAKER LANE SUITE C-106,HIGH POINT,NC,27262,,(000) 000-0000,98,2,0,99,96,4,0,98,90,8,2,96,88,9,3,94,3,1417,269,19,10/01/2024,09/30/2025
34C0001046,QUADRANGLE ENDOSCOPY CENTER,1850 WEST ARLINGTON BLVD,GREENVILLE,NC,27834,,(252) 757-3636,97,3,0,99,94,5,1,97,94,5,1,96,89,8,3,94,3,773,229,30,10/01/2024,09/30/2025
34C0001048,THE SURGICAL CENTER OF MOREHEAD CITY,3714 GUARDIAN AVE SUITE W,MOREHEAD CITY,NC,28557,,(252) 222-5891,98,1,1,99,96,3,1,98,94,5,1,97,93,5,2,96,,1253,474,38,10/01/2024,09/30/2025
34C0001049,CLEVELAND AMBULATORY SERVICES DBA ATRIUM HEALTH SURGERY CENTER SHELBY,1100 N. LAFAYETTE ST,SHELBY,NC,28150,,(704) 482-1330,97,3,0,99,95,5,0,97,91,7,2,95,84,14,2,94,3,1292,182,14,10/01/2024,09/30/2025
34C0001101,CAROMONT HEALTH SERVICES DBA CAROMONT SPECIALITY SURGERY,2511 COURT DRIVE,GASTONIA,NC,28054,,(704) 671-5600,99,1,0,99,95,4,1,97,90,8,2,96,87,10,3,94,3,718,207,29,10/01/2024,09/30/2025
34C0001103,HIGH POINT SURGERY CENTER LLC,600 NORTH LINDSAY ST,HIGH POINT,NC,27262,,(336) 878-6428,98,2,0,99,97,2,1,98,92,7,1,96,88,9,3,94,3,1235,226,18,10/01/2024,09/30/2025
34C0001108,CAROLINA CENTER FOR SPECIALTY SURGERY,1822 BRUNSWICK AVE,CHARLOTTE,NC,28207,,(704) 831-4420,99,1,0,99,95,4,1,98,94,4,2,97,90,6,4,95,,1031,361,35,10/01/2024,09/30/2025
34C0001109,WNC EYE SURGERY CENTERS INC,8B MEDICAL PARK DR,ASHEVILLE,NC,28803,,(828) 210-2020,96,4,0,98,90,8,2,94,88,9,3,95,85,12,3,94,3,619,242,39,10/01/2024,09/30/2025
34C0001112,NOVANT HEALTH SOUTHPARK SURGERY CENTER,6035 FAIRVIEW RD SUITE 3,CHARLOTTE,NC,28210,,(336) 277-8770,96,4,0,98,93,6,1,96,86,12,2,94,83,13,4,92,,1630,362,22,10/01/2024,09/30/2025
34C0001113,GATEWAY AMBULATORY SURGERY CENTER,1025 NORTHEAST GATEWAY CT NORTHEAST,CONCORD,NC,28025,,(704) 920-7065,97,3,0,98,95,5,0,97,93,5,2,96,90,7,3,95,3,1454,246,17,10/01/2024,09/30/2025
34C0001114,SURGERY CENTER OF PINEHURST,10 FIRST VILLAGE DR,PINEHURST,NC,28374,,(910) 235-5000,97,3,0,98,95,4,1,97,93,5,2,97,93,5,2,97,3,649,201,31,10/01/2024,09/30/2025
34C0001115,FAYETTEVILLE GASTROENTEROLOGY ENDOSCOPY CENTER LLC,2041 VALLEYGATE DR,FAYETTEVILLE,NC,28304,,(910) 223-1632,98,2,0,99,93,6,1,96,93,6,1,97,87,9,4,93,,825,227,28,10/01/2024,09/30/2025
34C0001116,PINEHURST MEDICAL CLINIC INC,15 REGIONAL DR,PINEHURST,NC,28374,,(910) 235-3342,96,4,0,98,88,10,2,93,86,9,5,94,85,14,1,95,"3,6",693,78,11,10/01/2024,09/30/2025
34C0001119,GASTROENTEROLOGY ASSOCIATES PA,415 NORTH CENTER ST SUITE 300,HICKORY,NC,28601,,(828) 328-3300,96,4,0,98,98,2,0,99,99,1,0,97,79,20,1,93,"3,10",118,35,30,10/01/2024,09/30/2025
34C0001121,GASTROENTEROLOGY ASSOCIATES OF THE PIEDMONT PA,875 BETHESDA RD,WINSTON SALEM,NC,27103,,(336) 714-3511,98,1,1,99,95,4,1,97,94,5,1,96,93,6,1,97,,884,223,26,10/01/2024,09/30/2025
34C0001122,CCHC ENDOSCOPY CENTER INC,975 NEWMAN RD,NEW BERN,NC,28562,,(252) 514-6644,99,1,0,99,92,6,2,95,93,5,2,96,94,5,1,98,3,535,210,39,10/01/2024,09/30/2025
34C0001123,RALEIGH ENDOSCOPY CENTER NORTH,8300 HEALTH PARK SUITE 210,RALEIGH,NC,27615,,(919) 256-7982,98,2,0,99,93,6,1,96,91,8,1,96,90,8,2,96,,1798,488,27,10/01/2024,09/30/2025
34C0001124,EAST CAROLINA GASTROENTEROLOGY ENDOSCOPY CENTER INC,41 OFFICE PARK DR.,JACKSONVILLE,NC,28546,,(910) 353-6158,96,1,3,96,88,7,5,91,85,8,7,91,79,12,9,88,"3,10",189,45,24,10/01/2024,09/30/2025
34C0001126,ATLANTIC GASTROENTEROLOGY ENDOSCOPY,2465 EMERALD PL,GREENVILLE,NC,27834,,(252) 758-5757,98,2,0,99,94,5,1,96,93,5,2,96,94,5,1,97,3,768,233,30,10/01/2024,09/30/2025
34C0001127,DUKE TRIANGLE ENDOSCOPY CENTER,249 EAST NC HWY 54 SUITE 210,DURHAM,NC,27522,,(919) 433-8545,96,4,0,98,89,9,2,94,86,10,4,94,83,13,4,93,,1888,586,31,10/01/2024,09/30/2025
34C0001129,WILMINGTON GASTROENTEROLOGY,5115 OLEANDER DR,WILMINGTON,NC,28403,,(910) 362-1011,98,2,0,99,93,6,1,96,90,9,1,96,89,9,2,95,3,912,266,29,10/01/2024,09/30/2025
34C0001130,TRIANGLE GASTROENTEROLOGY PLLC,2600 ATLANTIC AVE.,RALEIGH,NC,27604,,(919) 881-9999,98,2,0,99,94,5,1,96,88,9,3,95,91,7,2,96,3,782,191,24,10/01/2024,09/30/2025
34C0001132,CAROLINA ENDOSCOPY CENTER PINEVILLE,10520 PARK RD SUITE 105,CHARLOTTE,NC,28210,,(704) 927-5756,98,1,1,99,92,6,2,95,89,9,2,95,84,14,2,93,3,1543,228,15,10/01/2024,09/30/2025
34C0001134,CAROLINAS ENDOSCOPY CENTER UNIVERSITY,101 EAST W.T. HARRIS BLVD SUITE 3215,CHARLOTTE,NC,28262,,(704) 927-4280,98,2,0,99,88,10,2,93,88,10,2,95,81,16,3,92,3,1176,140,12,10/01/2024,09/30/2025
34C0001135,ENDOSCOPY CENTER MONROE LLC,1321 E. SUNSET DR,MONROE,NC,28112,,(704) 604-6061,98,2,0,99,93,5,2,96,92,7,1,97,90,9,1,96,3,2487,434,17,10/01/2024,09/30/2025
34C0001136,CAROLINA DIGESTIVE ENDOSCOPY CENTER,"300 BILLINGSLEY RD, STE 200",CHARLOTTE,NC,28211,,(704) 604-6061,98,2,0,99,92,7,1,95,88,10,2,95,85,12,3,93,3,766,112,15,10/01/2024,09/30/2025
34C0001137,CAROLINAS PHYSICIANS NETWORK INC DBA CAROLINAS GASTROENTEROLOGY CENTER BALLANTYNE,15110 JOHN J DELANEY DR SUITE 120,CHARLOTTE,NC,28277,,(704) 512-2140,98,2,0,99,94,5,1,96,92,7,1,97,91,7,2,95,3,1838,202,11,10/01/2024,09/30/2025
34C0001138,CAROLINAS PHYSICIANS NETWORK INC DBA CAROLINAS GASTROENTEROLOGY MEDICAL CENTER PLAZA,1000 BLYTHE BLVD SUITE 400,CHARLOTTE,NC,28203,,(704) 355-4178,96,3,1,97,91,7,2,94,88,9,3,95,84,13,3,93,3,1559,198,13,10/01/2024,09/30/2025
34C0001140,ENDOSCOPY CENTER OF LAKE NORMAN  LLC,16525 HOLLY CREST LANE SUITE 200,HUNTERSVILLE,NC,28078,,(704) 805-4841,97,3,0,98,94,5,1,96,92,6,2,96,89,9,2,95,3,744,212,28,10/01/2024,09/30/2025
34C0001141,WESTERN CAROLINA ENDOSCOPY CENTER LLC,197 RIVERVIEW ST,FRANKLIN,NC,28734,,(828) 349-3636,97,2,1,98,93,6,1,96,94,5,1,97,91,8,1,96,,789,216,27,10/01/2024,09/30/2025
34C0001142,DIGESTIVE HEALTH SPECIALISTS PA,280 BROAD ST SUITE G,KERNERSVILLE,NC,27284,,(336) 768-6211,98,1,1,99,94,5,1,97,94,5,1,96,86,10,4,93,3,3418,703,21,10/01/2024,09/30/2025
34C0001144,VIEWMONT SURGERY CENTER,50 13TH AVE NORTHEAST SUITE 1,HICKORY,NC,28601,,(828) 624-1272,97,3,0,98,90,8,2,94,92,6,2,96,87,10,3,94,,767,245,32,10/01/2024,09/30/2025
34C0001145,RALEIGH ENDOSCOPY CENTER CARY,1505 SOUTHWEST CARY PARKWAY,CARY,NC,27511,,(919) 355-1672,99,1,0,99,93,6,1,96,95,5,0,97,93,6,1,97,,1710,520,30,10/01/2024,09/30/2025
34C0001147,BOICE-WILLIS CLINIC,901 NORTH WINSTEAD AVE SUITE 310,ROCKY MOUNT,NC,27804,,(252) 937-0299,99,1,0,99,96,3,1,98,95,4,1,97,93,5,2,96,,1183,302,26,10/01/2024,09/30/2025
34C0001148,CHARLOTTE GASTROENTEROLOGY AND HEPATOLOGY PLLC,2015 RANDOLPH RD SUITE 101,CHARLOTTE,NC,28207,,(704) 805-4841,98,1,1,98,94,5,1,97,90,9,1,96,92,7,1,97,3,856,210,25,10/01/2024,09/30/2025
34C0001149,CHARLOTTE GASTROENTEROLOGY AND HEPATOLOGY PLLC,15830 BALLANTYNE MEDICAL PL SUITE 175,CHARLOTTE,NC,28277,,(704) 805-4841,97,3,0,98,94,5,1,97,93,5,2,96,89,7,4,95,3,882,235,27,10/01/2024,09/30/2025
34C0001150,CAROLINA ENDOSCOPY CENTER HUNTERSVILLE,16455 STATESVILLE RD SUITE 114,HUNTERSVILLE,NC,28078,,(704) 237-9290,96,4,0,98,89,8,3,93,86,11,3,94,85,13,2,94,3,1594,225,14,10/01/2024,09/30/2025
34C0001151,NOVANT HEALTH WILMINGTON ENDOSCOPY CENTER LLC,1520 PHYSICIANS DRIVE SUITE A,WILMINGTON,NC,28401,,(910) 662-8278,98,2,0,99,95,4,1,97,93,5,2,95,92,6,2,96,3,889,280,31,10/01/2024,09/30/2025
34C0001153,CAROLINA MOUNTAIN GASTROENTEROLOGY ENDOSCOPY CENTER LLC,1032 FLEMING ST,HENDERSONVILLE,NC,28791,,(828) 254-0881,98,1,1,99,94,5,1,97,93,6,1,96,90,8,2,96,3,600,203,34,10/01/2024,09/30/2025
34C0001154,NOVANT HEALTH BALLANTYNE OUTPATIENT SURGERY,200 HAWTHORNE LANE,CHARLOTTE,NC,28204,,(336) 277-8770,99,1,0,99,94,5,1,96,94,6,0,97,90,9,1,96,,1895,365,19,10/01/2024,09/30/2025
34C0001155,GUILORD ENDOSCOPY CENTER,1593 YANCEYVILLE ST SUITE 100,GREENSBORO,NC,27405,,(336) 553-3190,99,1,0,99,95,4,1,97,94,5,1,97,93,5,2,96,,1899,583,31,10/01/2024,09/30/2025
34C0001156,CAROLINAS ENDOSCOPY CENTER LLC,2210 HEMBY LANE,GREENVILLE,NC,27834,,(252) 551-3000,95,4,1,97,90,7,3,94,89,9,2,95,86,12,2,95,,1057,196,19,10/01/2024,09/30/2025
34C0001157,CGS ENDOSCOPY CENTER PLLC,3520 AIRPORT BLVD NORTHWEST SUITE F,WILSON,NC,27896,,(252) 206-5622,98,2,0,99,94,5,1,97,87,11,2,95,87,13,0,96,"3,6",603,99,16,10/01/2024,09/30/2025
34C0001158,GASTROINTESTINAL HEALTHCARE PA,"2011 FALLS VALLEY DR, STE. 106",RALEIGH,NC,27615,,(919) 870-1311,99,1,0,100,96,3,1,97,99,1,0,100,97,3,0,99,3,983,182,19,10/01/2024,09/30/2025
34C0001159,PRIVATE DIAGNOSTIC CLINIC PLLC,10207 CERNY STREET SUITE 101,RALEIGH,NC,27617,,(919) 660-0620,98,2,0,99,94,5,1,97,96,3,1,98,94,5,1,97,,1631,395,24,10/01/2024,09/30/2025
34C0001160,NORTHEAST DIGESTIVE HEALTH CENTER,1070 VINEHAVEN DR NE,CONCORD,NC,28025,,(704) 783-1840,99,1,0,100,96,3,1,97,97,3,0,98,95,4,1,97,3,3180,955,30,10/01/2024,09/30/2025
34C0001161,CAROLINA DIGESTIVE DISEASES PA,704 WH SMITH BLVD,GREENVILLE,NC,27834,,(252) 758-8181,98,2,0,99,95,4,1,97,92,8,0,97,91,6,3,96,3,598,193,32,10/01/2024,09/30/2025
34C0001165,WAKE ENDOSCOPY CENTER LLC,2601 LAKE DR. S 201,RALEIGH,NC,27607,,(919) 341-3529,96,3,1,98,89,9,2,94,82,16,2,94,83,15,2,94,,2182,245,11,10/01/2024,09/30/2025
34C0001166,VIDANT MEDICAL GROUP DBA VIDANT ENDOSCOPY CENTER-KINSTON,701 DOCTORS DR SUITE NORTH,KINSTON,NC,28501,,(252) 233-3233,100,0,0,100,96,4,0,98,94,2,4,96,90,8,2,95,"3,6",293,50,17,10/01/2024,09/30/2025
34C0001168,PRESBYTERIAN SAMEDAY SURG CTR HUNTERSVILLE DBA NOVANT HEALTH HUNTERSVILLE OUTPATIENT SURGERY,10030 GILEAD ROAD SUITE 120,HUNTERSVILLE,NC,28078,,(704) 316-5670,98,2,0,99,96,4,0,98,92,7,1,97,88,9,3,94,,1288,354,28,10/01/2024,09/30/2025
34C0001169,CAPE FEAR CENTER FOR DIGESTIVE DISEASES PA,3202 BOONE TRAIL,FAYETTEVILLE,NC,28306,,(910) 323-2477,99,1,0,99,96,3,1,98,93,7,0,97,91,7,2,96,3,1106,287,26,10/01/2024,09/30/2025
34C0001170,TARBORO ENDOSCOPY CENTER LLC,201 CLINIC DR,TARBORO,NC,27886,,(252) 563-1036,98,1,1,99,94,4,2,96,87,10,3,95,81,16,3,92,"3,10",173,36,21,10/01/2024,09/30/2025
34C0001171,PIEDMONT HEALTHCARE PA,208 OLD MOCKSVILLE RD,STATESVILLE,NC,28625,,(704) 873-4277,98,2,0,99,96,4,0,98,95,4,1,97,91,8,1,96,3,847,212,25,10/01/2024,09/30/2025
34C0001172,WAKE FOREST OUTPATIENT ENDOSCOPY CENTER,101 CHARLOIS BLVD SUITE 100,WINSTON SALEM,NC,27103,,(336) 713-0384,97,3,0,98,95,4,1,97,92,8,0,97,90,9,1,96,3,1446,191,13,10/01/2024,09/30/2025
34C0001174,REX SURGERY CENTER OF CARY LLC,1505 SOUTHWEST CARY PARKWAY SUITE 100,CARY,NC,27511,,(804) 814-9753,99,1,0,99,92,7,1,96,91,8,1,96,91,8,1,96,,3212,651,20,10/01/2024,09/30/2025
34C0001176,GASTROENTEROLOGY AND HEPATOLOGY CONSULTANTS PA,10540 LIGON MILL RD,WAKE FOREST,NC,27587,,(919) 496-3247,98,1,1,99,91,8,1,95,98,1,1,97,94,6,0,98,"3,10",105,25,24,10/01/2024,09/30/2025
34C0001177,UNION HEALTH SERVICES LLC,6068 HWY 74 WEST,INDIAN TRAIL,NC,28079,,(704) 667-1970,97,3,0,99,92,7,1,95,92,7,1,96,91,8,1,97,3,964,194,20,10/01/2024,09/30/2025
34C0001179,PIEDMONT OUTPATIENT SURGERY CENTER,2465 HANESTOWN LANE,WINSTON SALEM,NC,27103,,(336) 201-0003,99,1,0,100,97,3,0,98,97,3,0,99,80,3,17,82,3,373,120,32,10/01/2024,09/30/2025
34C0001180,NOVANT HEALTH MATTHEWS SURGERY CENTER,710 PARK CENTER DR SUITE 100,MATTHEWS,NC,28103,,(336) 277-8770,98,2,0,99,93,6,1,96,88,10,2,95,85,15,0,95,,706,184,26,10/01/2024,09/30/2025
34C0001181,CAPITAL CITY SURGERY CENTER LLC,"23 SUNNYBROOK RD, STE. 100",RALEIGH,NC,27610,,(919) 322-4816,98,2,0,99,96,3,1,98,94,5,1,97,89,9,2,95,3,1966,419,21,10/01/2024,09/30/2025
34C0001182,CAROMONT HEALTH SERVICES DBA CAROMONT ENDOSCOPY CENTER,1212 SPRUCE STREET SUITE 101,BELMONT,NC,28012,,(704) 825-5677,97,3,0,99,92,6,2,95,89,9,2,95,85,13,2,94,3,712,113,16,10/01/2024,09/30/2025
34C0001183,DIGESTIVE HEALTH SPECIALISTS PA,112 KINDERTON BLVD STE. 100,ADVANCE,NC,27006,,(336) 768-6211,98,2,0,99,95,4,1,97,93,4,3,96,89,8,3,95,3,869,234,27,10/01/2024,09/30/2025
34C0001184,TRIANGLE ORTHOPAEDICS SURGERY CENTER,7921 ACC BLVD,RALEIGH,NC,27617,,(919) 596-8524,98,2,0,99,94,5,1,97,97,2,1,98,90,9,1,96,,1720,286,17,10/01/2024,09/30/2025
34C0001185,DIGESTIVE HEALTH SPECIALISTS PA,"280 BROAD ST, STE. G",KERNERSVILLE,NC,27284,,(336) 768-6211,98,2,0,99,94,5,1,97,92,5,3,95,87,9,4,93,3,1779,365,21,10/01/2024,09/30/2025
34C0001186,HALIFAX GASTROENTEROLOGY PC,1007 GREGORY DR.,ROANOKE RAPIDS,NC,27870,,(252) 353-6478,98,2,0,99,92,6,2,95,93,4,3,96,85,11,4,94,"3,6",908,76,8,10/01/2024,09/30/2025
34C0001187,ORTHOPAEDIC SURGERY CENTER OF RALEIGH LLC,"3001 EDWARDS MILL RD, SUITE 100",RALEIGH,NC,27612,,(919) 719-3071,99,1,0,100,96,4,0,98,92,3,5,96,97,3,0,99,"3,6",379,68,18,10/01/2024,09/30/2025
34C0001188,DIGESTIVE HEALTH SPECIALISTS PA,137 MT. CALGARY RD STE. A,THOMASVILLE,NC,27360,,(336) 768-6211,98,1,1,99,95,4,1,97,93,6,1,97,91,8,1,97,3,1411,322,23,10/01/2024,09/30/2025
34C0001189,CAROLINA DIGESTIVE CARE,107 B MICA AVE,MORGANTON,NC,28655,,(828) 588-1166,98,2,0,99,95,4,1,97,93,6,1,97,91,7,2,96,,967,242,25,10/01/2024,09/30/2025
34C0001191,MALLARD CREEK SURGERY CENTER,9848  NORTH TRYON ST 2ND FLOOR,CHARLOTTE,NC,28262,,(704) 548-5200,99,1,0,99,96,3,1,98,94,6,0,97,93,6,1,97,,653,148,23,10/01/2024,09/30/2025
34C0001193,SOUTHEASTERN AMBULATORY SURGERY CENTER LLC,4901 DAWN DR SUITE 1100,LUMBERTON,NC,28360,,(910) 887-2361,,,,,,,,,,,,,,,,,1,,,,,
34C0001195,KURT G VERNON MD PA,1004 PROCURE DR,FUQUAY VARINA,NC,27526,,(919) 577-0885,97,3,0,98,94,5,1,97,85,12,3,94,85,10,5,92,3,485,127,26,10/01/2024,09/30/2025
34C0001196,PREMIER SURGERY CENTER LLC,4515 PREMIER DRIVE SUITE 102,HIGH POINT,NC,27265,,(336) 905-6355,98,1,1,99,96,4,0,98,93,6,1,97,94,6,0,98,3,1069,189,18,10/01/2024,09/30/2025
34C0001197,HOLLY SPRINGS SURGERY CENTER LLC,600 VILLAGE WALK DR,HOLLY SPRINGS,NC,27540,,(919) 762-4054,97,3,0,98,90,9,1,94,88,9,3,95,86,11,3,94,3,590,137,23,10/01/2024,09/30/2025
34C0001198,WAKE FOREST JOINT VENTURES LLC,6441 KINNAMON CT,WINSTON-SALEM,NC,27103,,(336) 390-1350,98,1,1,99,95,5,0,97,93,6,1,97,90,10,0,97,3,818,111,14,10/01/2024,09/30/2025
34C0001199,NOVANT HEALTH BRUNSWICK ENDOSCOPY CENTER,2085 FRONTIS PLAZA BLVD,WINSTON-SALEM,NC,27103,,(336) 277-8770,98,2,0,99,96,3,1,98,93,5,2,97,92,5,3,95,,1355,433,32,10/01/2024,09/30/2025
34C0001200,NOVANT HEALTH KERNERSVILLE OUTPATIENT SURGERY,1730 KERNERSVILLE MEDICAL PARKWAY,KERNERSVILLE,NC,27284,,(336) 277-8770,99,1,0,100,96,4,0,98,97,3,0,98,94,5,1,97,,1361,392,29,10/01/2024,09/30/2025
34C0001201,REX SURGERY CENTER OF WAKEFIELD LLC,11200 GOVERNOR MANLY WAY SUITE 110,RALEIGH,NC,27612,,(919) 570-7549,98,2,0,99,95,4,1,97,87,11,2,95,86,11,3,94,3,1834,419,23,10/01/2024,09/30/2025
34C0001205,DIGESTIVE HEALTH SPECIALISTS PA,434 KIRBY RD,KING,NC,27021,,(336) 768-6211,99,1,0,99,96,3,1,98,95,4,1,97,94,4,2,97,3,1083,287,27,10/01/2024,09/30/2025
34C0001207,CHARLOTTE SURGERY CENTER,3621 RANDOLPH RD,CHARLOTTE,NC,28211,,(704) 206-8800,98,2,0,99,93,6,1,96,87,12,1,95,89,9,2,95,3,688,213,31,10/01/2024,09/30/2025
34C0001208,TRYON ENDOSCOPY CENTER,16817 MARVIN RD,CHARLOTTE,NC,28277,,(704) 275-3256,99,1,0,100,91,8,1,95,98,2,0,98,96,4,0,99,3,480,107,22,10/01/2024,09/30/2025
34C0001209,NOVANT HEALTH CLEMMONS OUTPATIENT SURGERY CENTER,7210 VILLAGE MEDICAL CIRCLE,CLEMMONS,NC,27012,,(000) 000-0000,98,2,0,99,95,4,1,97,94,5,1,97,93,5,2,97,,1792,447,25,10/01/2024,09/30/2025
34C0001210,PRIME SURGICAL SUITES LLC,180 RIVER BEND DR,GRANITE FALLS,NC,28630,,(828) 394-6705,96,3,1,98,93,6,1,96,91,7,2,96,90,8,2,96,3,2047,520,25,10/01/2024,09/30/2025
34C0001211,LANGTREE ENDOSCOPY CENTER,106 ALEXANDER BANK DR SUITE 101,MOORESVILLE,NC,28117,,(704) 660-2651,97,3,0,99,93,6,1,96,91,7,2,96,90,9,1,97,,610,146,24,10/01/2024,09/30/2025
34C0001212,BRUNSWICK SURGERY CENTER,1168 EAST CUTLAR CROSSING SUITE 101,LELAND,NC,28451,,(910) 660-4600,99,1,0,100,96,3,1,98,97,3,0,98,93,4,3,96,3,560,287,51,10/01/2024,09/30/2025
34C0001213,ORTHOPAEDIC SURGERYC ENTER OF PANTHER CREEK LLC,6715 MCCRIMMON PARKWAY SUITE 100,CARY,NC,27519,,(919) 719-3071,96,4,0,98,94,5,1,97,91,8,1,97,94,6,0,98,"3,6",377,73,20,10/01/2024,09/30/2025
34C0001214,ASSOCIATED HEALTH SERVICES DBA ARRINGDON AMBULATORY SURGERY CENTER,5601 ARRINGDON PARK DRIVE,MORRISVILLE,NC,27560,,(919) 470-1000,98,2,0,99,95,4,1,97,96,3,1,97,92,7,1,97,3,1055,330,31,10/01/2024,09/30/2025
34C0001215,TRIAD CENTER FOR SURGERY DBA KIMEL PARK SURGERY CENTER,180 KIMEL PARK DRIVE SUITE 200,WINSTON SALEM,NC,27103,,(202) 378-0139,97,3,0,98,94,5,1,96,93,5,2,97,93,6,1,97,,866,342,39,10/01/2024,09/30/2025
34C0001216,ATLANTIC MEDICAL GROUP DBA AMG ENDOSCOPY CENTER,2451 NORTH QUEEN STREET,KINSTON,NC,28501,,(251) 382-8016,94,6,0,97,84,12,4,90,71,20,9,89,76,17,7,89,"3,6",949,52,6,10/01/2024,09/30/2025
34C0001217,RAC SURGERY CENTER LLC,3031 NEW BERN AVENUE SUITE 200,RALEIGH,NC,27610,,(919) 747-7820,95,4,1,97,88,9,3,93,79,16,5,91,74,20,6,88,3,1820,198,11,10/01/2024,09/30/2025
34C0001218,SUMMIT HEALTH PARTNERS LLC DBA WESTERN CAROLINA SURGERY CENTER,30 AIRPORT PARK ROAD,FLETCHER,NC,28732,,(828) 900-0220,99,1,0,99,95,5,0,98,92,7,1,97,92,7,1,97,,813,275,34,10/01/2024,09/30/2025
34C0001219,SURGERY CENTER ON BLUEFIELD LLC,653 BLUEFIELD ROAD SUITE D,MOORESVILLE,NC,28117,,(704) 360-6470,99,1,0,99,95,4,1,97,92,7,1,97,94,5,1,98,,1092,210,19,10/01/2024,09/30/2025
34C0001220,WILMINGTON EYE SURGERY CENTER LLC,1919 SOUTH 16TH STREET,WILMINGTON,NC,28401,,(910) 769-0506,97,2,1,98,90,8,2,94,88,9,3,95,86,12,2,95,3,763,184,24,10/01/2024,09/30/2025
34C0001221,WAKE SPINE AND SPECIALTY SURGERY CTR DBA RALEIGH NEUROSURGICAL AND SPINE SURGERY CTR,5241 SIX FORKS ROAD SUITE 200,RALEIGH,NC,27609,,(984) 884-1600,99,1,0,100,97,3,0,99,98,2,0,99,98,2,0,99,,565,228,40,10/01/2024,09/30/2025
34C0001222,ORTHO-NC ASC LLC,11221 GALLERIA AVENUE SUITE 105,RALEIGH,NC,27614,,(919) 272-8678,98,2,0,99,96,4,0,98,95,4,1,98,88,10,2,96,3,561,107,20,10/01/2024,09/30/2025
34C0001223,METROLINA VASCULAR ACCESS CARE LLC,3158 FREEDOM DRIVE SUITE 1101,CHARLOTTE,NC,28208,,(704) 971-8088,96,4,0,98,87,10,3,92,84,14,2,94,75,19,6,88,3,2103,216,10,10/01/2024,09/30/2025
34C0001224,GASTROENTEROLOGY ASSOCIATES OF THE PIEDMONT DBA KERNERSVILLE ENDOSCOPY CENTER,445 PINEVIEW DRIVE SUITE 240,KERNERSVILLE,NC,27284,,(336) 448-2427,98,2,0,99,92,7,1,95,95,4,1,97,92,7,1,97,,859,213,25,10/01/2024,09/30/2025
34C0001225,ROWAN ENDOSCOPY CENTER PLLC,1809 BRENNER AVENUE SUITE 102,SALISBURY,NC,28144,,(704) 216-7051,98,2,0,99,98,2,0,99,92,8,0,98,96,4,0,99,"3,6",210,53,25,10/01/2024,09/30/2025
34C0001226,DIGESTIVE ASC LLC DBA JORDAN DIGESTIVE DIAGNOSTIC CENTER,649 GUY ROAD SUITE 100,CLAYTON,NC,27520,,(919) 938-4404,96,3,1,98,94,6,0,97,91,7,2,97,91,6,3,95,"3,6",392,63,16,10/01/2024,09/30/2025
34C0001227,SOUTHPOINT SURGERY CENTER LLC,7810 NC HIGHWAY 751 SUITE 100,DURHAM,NC,27713,,(984) 312-7997,97,2,1,98,94,5,1,96,92,6,2,96,90,7,3,94,3,443,155,35,10/01/2024,09/30/2025
34C0001228,PARDEE AMBULATORY SURGERY CENTER LLC DBA THE SURGERY CENTER AT MILLS RIVER,3831 BOYLSTON HIGHWAY,MILLS RIVER,NC,28759,,(828) 595-3115,99,1,0,100,92,7,1,95,95,3,2,96,92,8,0,97,3,1415,110,8,10/01/2024,09/30/2025
34C0001229,WAKEMED SURGERY CENTER CARY,210 ASHVILLE AVENUE SUITE 505,CARY,NC,27518,,(985) 345-2650,97,3,0,99,95,5,0,97,95,4,1,97,93,6,1,97,3,507,107,21,10/01/2024,09/30/2025
34C0001230,ATRIUM HEALTH HUNTERSVILLE ASC LLC DBA HUNTERSVILLE SURGERY CENTER,16455 STATESVILLE ROAD SUITE 100,HUNTERSVILLE,NC,28078,,(704) 801-1701,98,2,0,99,93,6,1,96,91,7,2,96,89,10,1,96,3,1047,190,18,10/01/2024,09/30/2025
34C0001232,CABARRUS GASTROENTEROLOGY ASSOCIATES PLLC DBA NORTHEAST DIGESTIVE HEALTH CENTER,9965 POPLAR TENT ROAD,CONCORD,NC,28027,,(704) 783-1833,99,1,0,99,93,6,1,96,93,6,1,97,90,8,2,96,3,1761,384,22,10/01/2024,09/30/2025
34C0001233,JOHNSTON HEALTH ENDOSCOPY SERVICES LLC DBA JOHNSTON ENDOSCOPY CENTER,1820 VETERANS PARKWAY SUITE 100,CLAYTON,NC,27520,,(919) 585-4344,99,1,0,99,96,3,1,98,98,2,0,99,95,3,2,97,3,586,209,36,10/01/2024,09/30/2025
34C0001235,NOVANT HEALTH ROWAN ENDOSCOPY CENTER LLC DBA SALISBURY ENDOSCOPY CENTER,510 CORPORATE CIRCLE SUITE 1001,SALISBURY,NC,28147,,(980) 439-8120,99,1,0,99,93,6,1,96,98,2,0,98,95,5,0,98,"3,6",309,73,24,10/01/2024,09/30/2025
34C0001236,CAROMONT PARTNERS LLC DBA BELMONT SURGERY CENTER,2000 CAROMONT PARKWAY SUITE 100,BELMONT,NC,28012,,(980) 990-8180,100,0,0,100,97,3,0,98,99,1,0,99,96,1,3,97,"3,10",148,45,31,10/01/2024,09/30/2025
35C0001004,TRINITY HEALTH,1102 MAIN ST,WILLISTON,ND,58801,,(701) 572-7711,98,2,0,99,94,4,2,96,88,9,3,94,86,12,2,95,,513,126,25,10/01/2024,09/30/2025
35C0001007,ESSENTIA HEALTH WAHPETON ASC,275 11TH ST SOUTH,WAHPETON,ND,58075,,(701) 642-2000,99,1,0,99,95,4,1,97,92,8,0,97,93,7,0,97,,520,212,41,10/01/2024,09/30/2025
35C0001011,NORTH DAKOTA SURGERY CENTER LLC,3035 DEMERS AVE.,GRAND FORKS,ND,58201,,(701) 738-4248,97,3,0,99,93,6,1,96,92,7,1,96,87,12,1,95,3,851,281,33,10/01/2024,09/30/2025
35C0001013,DAKOTA SURGERY AND LASER CENTER LLC,430 E. SWEET AVE.,BISMARCK,ND,58504,,(701) 222-4900,98,2,0,99,93,6,1,96,92,6,2,96,87,11,2,95,3,417,188,45,10/01/2024,09/30/2025
35C0001015,BISMARCK SURGICAL ASSOCIATES LLC,600 N. 9TH ST.,BISMARCK,ND,58501,,(701) 221-2299,99,1,0,99,94,5,1,96,94,6,0,97,96,4,0,99,,779,206,27,10/01/2024,09/30/2025
35C0001016,NORTHERN PLAINS SURGERY CENTER LLC,44 4TH ST SOUTH,FARGO,ND,58103,,(701) 232-9200,97,3,0,99,94,5,1,97,90,8,2,96,89,10,1,96,3,289,135,47,10/01/2024,09/30/2025
35C0001022,CENTER FOR SPECIAL SURGERY,"2829 UNIVERSITY DR S, STE. 103",FARGO,ND,58103,,(701) 356-4770,99,1,0,100,96,3,1,98,95,4,1,97,95,4,1,97,,620,298,48,10/01/2024,09/30/2025
35C0001023,BRIGHTISIDE SURGICAL,401 NORTH 9TH ST,BISMARCK,ND,58501,,(701) 712-4123,97,3,0,99,96,3,1,98,89,11,0,96,94,6,0,98,"3,6",624,90,14,10/01/2024,09/30/2025
35C0001025,SANFORD HEALTH DICKINSON AMBULATORY SURGERY CTR,2615 FAIRWAY ST,DICKINSON,ND,58601,,(701) 456-6000,99,1,0,99,97,2,1,98,96,3,1,97,88,12,0,96,,751,165,22,10/01/2024,09/30/2025
35C0001026,CENTER FOR PAIN MEDICINE,2401 41 ST S,FARGO,ND,58104,,(701) 551-6986,97,3,0,99,92,7,1,96,88,8,4,93,84,12,4,92,,885,374,42,10/01/2024,09/30/2025
35C0001027,DAKOTA GASTROENTEROLOGY LTD,5049 33RD AVE SOUTH,FARGO,ND,58104,,(701) 356-1001,99,1,0,100,96,3,1,98,98,1,1,98,98,1,1,99,3,1096,101,9,10/01/2024,09/30/2025
36C0001001,TOLEDO CLINIC DBA TOLEDO CLINIC OUTPATIENT SURGERY CENTER,4235 SECOR RD,TOLEDO,OH,43623,,(419) 479-5752,98,2,0,99,93,5,2,96,89,8,3,95,87,12,1,95,,2235,534,24,10/01/2024,09/30/2025
36C0001010,TRI STATE CENTERS FOR SIGHT INC,"8044 MONTGOMERY RD, SUITE 155",CINCINNATI,OH,45236,,(513) 791-7967,97,3,0,98,88,10,2,93,90,7,3,95,88,9,3,95,,882,261,30,10/01/2024,09/30/2025
36C0001011,CINCINNATI EYE INSTITUTE,1945 CEI DR.,CINCINNATI,OH,45242,,(513) 569-3471,96,4,0,98,88,10,2,93,87,11,2,94,86,11,3,94,,1659,262,16,10/01/2024,09/30/2025
36C0001022,SURGICENTER LTD,1651 WEST MAIN ST,NEWARK,OH,43055,,(740) 522-3937,99,1,0,99,90,9,1,95,92,5,3,95,91,9,0,97,"3,10",111,46,41,10/01/2024,09/30/2025
36C0001024,OHIO EYE ASSOCIATES INC,466 SOUTH TRIMBLE RD,MANSFIELD,OH,44906,,(419) 756-8000,98,2,0,99,93,6,1,96,90,8,2,96,87,12,1,95,,890,170,19,10/01/2024,09/30/2025
36C0001027,KUNESH EYE SURGERY CENTER,2601 FAR HILLS AVE,DAYTON,OH,45419,,(937) 298-1093,97,3,0,98,92,6,2,95,84,13,3,94,86,10,4,94,,634,245,39,10/01/2024,09/30/2025
36C0001033,GASTROENTEROLOGY SPECIALISTS INC,2726 FULTON DR MW,CANTON,OH,44718,,(330) 455-5011,96,3,1,98,92,7,1,95,92,6,2,95,89,8,3,95,3,956,343,36,10/01/2024,09/30/2025
36C0001038,HSC SURGICAL ASSOCIATES OF CINCINNATI LLC,2925 VERNON PL. #101,CINCINNATI,OH,45219,,(513) 872-4541,94,5,1,97,91,7,2,95,82,13,5,91,80,14,6,91,3,513,138,27,10/01/2024,09/30/2025
36C0001040,NORTH EAST OHIO ENDOSCOPY CENTER INC,4665 BELPAR STREET NORTHWEST,CANTON,OH,44718,,(330) 493-1480,93,6,1,96,91,7,2,95,82,12,6,92,77,19,4,91,3,635,166,26,10/01/2024,09/30/2025
36C0001043,DIGESTIVECARE INC,75 SYLVANIA DR,BEAVERCREEK,OH,45440,,(937) 320-5050,97,3,0,98,88,10,2,93,87,10,3,94,83,15,2,93,,1787,467,26,10/01/2024,09/30/2025
36C0001050,EYE SURGERY CENTER OF WOOSTER,3519 FRIENDSVILLE RD.,WOOSTER,OH,44691,,(330) 345-6371,99,1,0,99,97,2,1,98,96,3,1,98,97,2,1,98,,682,387,57,10/01/2024,09/30/2025
36C0001057,SURGICAL SERVICES DIRECTOR,2740 NAVARRE AVE,OREGON,OH,43616,,(260) 559-9550,95,5,0,97,90,9,1,94,83,13,4,93,77,20,3,91,3,545,156,29,10/01/2024,09/30/2025
36C0001062,SURGERY ALLIANCE LTD,975 S SAWBURG AVE,ALLIANCE,OH,44601,,(330) 821-7997,98,2,0,99,88,10,2,93,90,8,2,96,88,10,2,95,3,964,102,11,10/01/2024,09/30/2025
36C0001063,NORTH SHORE ENDOSCOPY CENTER LTD,"850 COLUMBIA RD, STE. 200",WESTLAKE,OH,44145,,(440) 808-1212,98,1,1,99,94,5,1,97,93,6,1,97,92,7,1,97,3,1567,537,34,10/01/2024,09/30/2025
36C0001064,COLUMBUS EYE SURGERY CENTER,"5965 E. BROAD ST., SUITE 460",COLUMBUS,OH,43213,,(614) 751-4080,98,2,0,99,91,7,2,95,89,9,2,95,86,12,2,94,,3854,1244,32,10/01/2024,09/30/2025
36C0001067,TIPPECANOE ENDOSCOPY INC,1210 BOARDMAN CANFIELD RD,YOUNGSTOWN,OH,44512,,(330) 726-0132,89,8,3,93,83,12,5,89,72,16,12,88,72,19,9,87,3,764,137,18,10/01/2024,09/30/2025
36C0001073,VALLEY REGIONAL SURGERY CENTER,283 LOONEY RD,PIQUA,OH,45356,,(937) 778-3848,97,3,0,99,92,7,1,95,87,11,2,95,86,12,2,95,,962,379,39,10/01/2024,09/30/2025
36C0001075,DAVIS EYE CENTER INC,789 GRAHAM RD,CUYAHOGA FALLS,OH,44221,,(330) 923-7636,95,4,1,97,89,8,3,93,90,9,1,95,84,12,4,92,3,722,247,34,10/01/2024,09/30/2025
36C0001077,UPPER ARLINGTON SURGERY CENTER LTD DBA RIVERSIDE OUTPATIENT SURGERY CENTER,2240 NORTH BANK DR,COLUMBUS,OH,43220,,(614) 442-0122,98,2,0,99,96,3,1,98,95,4,1,97,96,3,1,98,3,880,347,39,10/01/2024,09/30/2025
36C0001079,MIAMI VALLEY AMBULATORY SURGERY CENTER LTD,1010 WOODMAN DR,DAYTON,OH,45432,,(937) 252-2000,95,5,0,98,90,9,1,95,73,24,3,92,81,15,4,92,"3,10",151,26,18,10/01/2024,09/30/2025
36C0001080,TAYLOR STATION SURGICAL CENTER LTD,6150 EAST BROAD ST,COLUMBUS,OH,43213,,(614) 546-4777,96,3,1,98,93,5,2,96,92,5,3,95,89,8,3,95,3,533,153,29,10/01/2024,09/30/2025
36C0001082,LHZ LTD DBA ST CLARE SURGERY CENTER,4441 HUDSON DR,STOW,OH,44224,,(330) 920-4500,98,2,0,99,92,7,1,95,86,11,3,94,88,9,3,94,3,383,142,37,10/01/2024,09/30/2025
36C0001084,DIGESTIVE ENDOSCOPY CENTER LLC,999 BRUBAKER DR,KETTERING,OH,45429,,(937) 396-2639,97,3,0,98,92,6,2,95,91,7,2,96,89,9,2,95,,1933,616,32,10/01/2024,09/30/2025
36C0001091,WHITEHALL SURGERY CENTER,1030 REFUGEE RD SUITE 160,PICKERINGTON,OH,43147,,(614) 604-7450,99,1,0,99,94,5,1,97,94,4,2,96,90,8,2,96,,1373,405,29,10/01/2024,09/30/2025
36C0001093,WARREN GASTRO ENDOSCOPY CTR INC,1622 E. MARKET ST.,WARREN,OH,44483,,(330) 399-7215,91,8,1,95,89,9,2,93,76,18,6,90,73,23,4,89,,834,176,21,10/01/2024,09/30/2025
36C0001097,REYNOLDS ROAD SURGICAL CENTER LTD DBA WILDWOOD SURGICAL CENTER,"2865 NORTH REYNOLDS RD, SUITE 190",TOLEDO,OH,43615,,(419) 578-7547,98,2,0,99,94,5,1,97,93,6,1,97,91,7,2,96,,1864,542,29,10/01/2024,09/30/2025
36C0001100,UNIVERSITY ENDOSCOPY CENTER,9275 MONTGOMERY RD SUITE 400,CINCINNATI,OH,45242,,(513) 475-4923,96,4,0,98,91,8,1,95,87,10,3,94,84,13,3,93,,1820,474,26,10/01/2024,09/30/2025
36C0001102,DIGESTIVE ENDOSCOPY CENTER LLC,1530  NEEDMORE RD STE 100,DAYTON,OH,45414,,(937) 293-4424,99,1,0,100,88,8,4,92,86,11,3,93,87,8,5,92,"3,10",181,46,25,10/01/2024,09/30/2025
36C0001105,EYE SURGERY CENTER OF WESTERN OHIO LLC,855 WEST MARKET ST SUITE D,LIMA,OH,45805,,(419) 228-9991,96,4,0,98,90,8,2,94,90,7,3,95,89,9,2,95,,1039,486,47,10/01/2024,09/30/2025
36C0001106,OHIO SURGERY CENTER LLC,930 BETHEL RD,COLUMBUS,OH,43214,,(614) 451-0500,99,1,0,99,92,8,0,96,92,4,4,96,90,9,1,96,3,1096,212,19,10/01/2024,09/30/2025
36C0001107,THE UROLOGY CENTER LLC,2000 JOSEPH SANKER BLVD.,CINCINNATI,OH,45212,,(513) 841-7600,95,4,1,97,91,7,2,95,85,12,3,93,82,12,6,91,3,565,184,33,10/01/2024,09/30/2025
36C0001116,MENTOR SURGERY CENTER LTD,9485 MENTOR AVE. STE. 1,MENTOR,OH,44060,,(440) 205-5467,97,2,1,98,93,5,2,96,85,13,2,94,85,12,3,93,,1579,336,21,10/01/2024,09/30/2025
36C0001117,NORTHWEST OHIO ENDOSCOPY CENTER,4841 MONROE ST. STE. 111,TOLEDO,OH,43623,,(419) 474-3949,98,2,0,99,93,6,1,96,92,7,1,96,91,7,2,96,,2298,817,36,10/01/2024,09/30/2025
36C0001120,CEI PHYSICIANS PSC LLC DBA NOVUS CLINIC,518 WEST AVENUE,TALLMADGE,OH,44278,,(330) 630-9699,97,3,0,99,85,11,4,90,78,16,6,92,73,24,3,90,"3,10",569,40,7,10/01/2024,09/30/2025
36C0001122,ORTHOPAEDIC AMBULATORY SURGICAL INTERVENTION SERVICES,4889 MUNSON ST. NW,CANTON,OH,44718,,(330) 498-9898,99,1,0,99,95,4,1,97,96,3,1,97,95,4,1,98,,548,209,38,10/01/2024,09/30/2025
36C0001123,SURGERY CENTER OF SANDUSKY,2616 HAYES AVE,SANDUSKY,OH,44870,,(419) 626-2800,99,1,0,99,95,4,1,97,92,7,1,96,91,8,1,97,3,409,157,38,10/01/2024,09/30/2025
36C0001124,CENTER FOR ADVANCED EYE SURGERYLTD,1031 W. WESTERN RESERVE RD.,POLAND,OH,44514,,(330) 965-0900,97,3,0,98,91,7,2,95,90,7,3,95,89,7,4,95,"3,6",468,86,19,10/01/2024,09/30/2025
36C0001126,DAYTON EYE SURGERY CENTER,81 SYLVANIA DR,DAYTON,OH,45440,,(937) 431-0645,98,2,0,99,94,5,1,96,87,11,2,95,86,12,2,94,,559,210,38,10/01/2024,09/30/2025
36C0001133,PHYSICIANS OUTPATIENT SURGERY CENTER LLC,1933 WASHINGTON BLVD,BELPRE,OH,45714,,(740) 423-7557,95,4,1,97,88,8,4,92,83,14,3,93,89,9,2,96,3,1179,123,11,10/01/2024,09/30/2025
36C0001134,EAST COLUMBUS SURGERY CENTER LLC,"50 MCNAUGHTEN RD., SUITE 102",COLUMBUS,OH,43213,,(614) 864-6171,94,6,0,97,85,11,4,91,78,16,6,91,80,17,3,92,3,530,131,25,10/01/2024,09/30/2025
36C0001138,FINDLAY SURGERY CENTER,1709 MEDICAL BLVD,FINDLAY,OH,45840,,(419) 429-0409,98,2,0,99,93,6,1,96,94,5,1,96,90,9,1,96,3,3631,1138,31,10/01/2024,09/30/2025
36C0001144,MARIETTA SURGERY CENTER,"611 SECOND ST, STE. B",MARIETTA,OH,45750,,(740) 373-7207,98,2,0,99,97,2,1,98,97,2,1,98,93,6,1,97,3,477,163,34,10/01/2024,09/30/2025
36C0001148,ENDOSCOPY CENTER OF DAYTON NORTH LLC,9000 N. MAIN ST. STE. 405,DAYTON,OH,45415,,(937) 320-5050,96,4,0,98,91,8,1,95,85,13,2,93,82,15,3,93,,1283,341,27,10/01/2024,09/30/2025
36C0001149,AVAMAR CENTER FOR ENDOSCOPYINC,9225 EAST MARKET ST,WARREN,OH,44484,,(330) 372-7470,96,4,0,98,94,4,2,96,91,6,3,96,95,5,0,98,3,616,106,17,10/01/2024,09/30/2025
36C0001155,NEW HORIZONS SURGERY CENTER LLC,1167 INDEPENDENCE AVE.,MARION,OH,43302,,(740) 375-5854,98,2,0,99,94,5,1,97,91,8,1,96,89,10,1,96,,813,262,32,10/01/2024,09/30/2025
36C0001158,KNIGHTSBRIDGE SURGERY CENTER,4845 KNIGHTSBRIDGE BLVD,COLUMBUS,OH,43214,,(614) 273-0400,99,1,0,99,92,7,1,95,92,6,2,96,91,6,3,96,3,579,162,28,10/01/2024,09/30/2025
36C0001159,DIGESTIVE HEALTH CENTER,570 WHITE POND DR  SUITE 150,AKRON,OH,44320,,(330) 869-0178,98,2,0,99,92,7,1,95,92,6,2,96,90,8,2,96,,3509,850,24,10/01/2024,09/30/2025
36C0001160,ENDOSCOPY CENTER OF NORTHERN OHIO LLC,1299 INDUSTRIAL PARKWAY NORTH SUITE 120,BRUNSWICK,OH,44212,,(330) 225-6468,97,3,0,98,93,5,2,96,94,5,1,97,92,7,1,97,,1189,375,32,10/01/2024,09/30/2025
36C0001164,DIGESTIVE ENDOSCOPY CENTER LLC,7415 BRANDT PIKE,HUBER HEIGHTS,OH,45424,,(937) 396-2639,98,2,0,99,92,6,2,95,93,6,1,96,91,7,2,96,,1785,617,35,10/01/2024,09/30/2025
36C0001165,MIDDLETOWN ENDOSCOPY ASC LLC,257 N. BREIEL BLVD.,MIDDLETOWN,OH,45042,,(513) 422-5990,98,2,0,99,94,5,1,96,90,9,1,96,86,12,2,94,,2000,567,28,10/01/2024,09/30/2025
36C0001167,AKRON SURGICAL ASSOCIATES LLC,4125 MEDINA RD. STE. 104,AKRON,OH,44333,,(330) 665-8122,98,2,0,99,93,6,1,96,92,6,2,96,88,11,1,96,,1188,258,22,10/01/2024,09/30/2025
36C0001168,CENTRAL OHIO ENDOSCOPY CENTER LLC,85 MCNAUGHTEN RD. STE. 320,COLUMBUS,OH,43213,,(614) 754-5500,98,2,0,99,94,4,2,96,89,10,1,95,89,10,1,96,,752,223,30,10/01/2024,09/30/2025
36C0001171,BEACON ORTHOPAEDICS SURGERY CENTER,501 E. BUSINESS WAY,CINCINNATI,OH,45241,,(513) 354-3737,98,2,0,99,93,5,2,96,91,7,2,96,91,7,2,96,,511,185,36,10/01/2024,09/30/2025
36C0001173,WOOSTER MILLTOWN SPECIALTY AND SURGERY CENTER,721 EAST MILLTOWN RD,WOOSTER,OH,44691,,(216) 310-2280,97,3,0,99,94,5,1,97,93,5,2,96,90,7,3,95,,1329,310,23,10/01/2024,09/30/2025
36C0001175,OHIO ORTHOPEDIC SURGERY INSTITUTE LLC,4605 SAWMILL RD SUITE 101,COLUMBUS,OH,43220,,(614) 827-8777,98,2,0,99,94,5,1,97,96,4,0,98,94,6,0,98,,900,135,15,10/01/2024,09/30/2025
36C0001178,PSI SURGERY CENTER LLC,9985 DAYTON LEBANON PIKE,CENTERVILLE,OH,45458,,(937) 886-2980,97,3,0,99,94,5,1,96,92,5,3,96,93,5,2,97,"3,6",560,92,17,10/01/2024,09/30/2025
36C0001179,VALLEY EYE INSTITUTE ASC,1118 FAIRINGTON DR,SIDNEY,OH,45365,,(937) 492-3755,98,2,0,99,90,9,1,94,94,5,1,97,83,15,2,93,3,1153,203,18,10/01/2024,09/30/2025
36C0001183,NORTH SHORE ENDOSCOPY CENTER LLC,"1 INFINITY CORPORAT CENTER DR, SUITE 130",GARFIELD HEIGHTS,OH,44125,,(440) 250-7613,99,1,0,99,93,5,2,96,93,5,2,97,90,9,1,96,3,479,165,34,10/01/2024,09/30/2025
36C0001187,DUBLIN SURGERY CENTER LLC,5005 PARKCENTER AVE,DUBLIN,OH,43017,,(614) 932-9548,99,1,0,100,94,5,1,97,93,5,2,97,92,6,2,96,3,785,312,40,10/01/2024,09/30/2025
36C0001195,NORTHERN OHIO SURGERY CENTER LLC,3755 ORANGE PLACE SUITE 102,BEACHWOOD,OH,44122,,(216) 306-0573,97,3,0,98,89,8,3,93,92,6,2,96,85,12,3,94,3,908,285,31,10/01/2024,09/30/2025
36C0001196,STARK AMBULATORY SURGERY CENTER LLC,"4360 FULTON DR NW, STE. C",CANTON,OH,44718,,(330) 305-2020,96,3,1,98,86,10,4,91,79,18,3,93,75,22,3,91,3,790,196,25,10/01/2024,09/30/2025
36C0001197,REVISION ADVANCED SURGERY CENTER INC,240 WEST COOK RD,MANSFIELD,OH,44907,,(614) 825-3704,,,,,,,,,,,,,,,,,1,,,,,
36C0001199,ATHENS SURGERY CENTER LTD,75 HOSPITAL DR. STE. 100,ATHENS,OH,45701,,(740) 566-4500,99,1,0,99,94,4,2,96,95,3,2,96,92,6,2,97,"3,6",233,65,28,10/01/2024,09/30/2025
36C0001204,EYE CENTER OF COLUMBUS LLC,262 NEIL AVE SUITE 500,COLUMBUS,OH,43215,,(614) 827-6600,96,4,0,98,92,6,2,95,89,9,2,95,88,10,2,95,3,589,237,40,10/01/2024,09/30/2025
36C0001215,EYE SURGICAL CENTER LLC,800 MCKINLEY AVE NW,CANTON,OH,44703,,(330) 639-0049,96,4,0,98,90,8,2,94,82,14,4,93,82,17,1,93,3,494,172,35,10/01/2024,09/30/2025
36C0001216,THE ENDOSCOPY CENTER OF LAKE COUNTY LLC,9614 OLD JOHNNYCAKE RIDGE RD,MENTOR,OH,44060,,(440) 205-1225,97,2,1,98,91,6,3,94,88,10,2,95,84,15,1,94,3,784,232,30,10/01/2024,09/30/2025
36C0001218,INSIGHT SURGERY AND LASER CENTER LLC,3973 NORTHPOINTE DR.-1,ZANESVILLE,OH,43701,,(740) 452-8200,98,2,0,99,97,3,0,98,95,4,1,97,91,8,1,96,3,642,194,30,10/01/2024,09/30/2025
36C0001219,REVISION ADVANCED SURGERY CENTER INC,1080 POLARIS PARKWAY,COLUMBUS,OH,43240,,(614) 825-3704,99,1,0,100,92,7,1,95,96,4,0,98,90,7,3,96,"3,6",563,91,16,10/01/2024,09/30/2025
36C0001220,GREATER DAYTON SURGERY CENTER,1625 DELCO PARK DR,KETTERING,OH,45420,,(937) 535-2200,99,1,0,99,93,6,1,96,95,3,2,96,91,8,1,96,3,643,295,46,10/01/2024,09/30/2025
36C0001222,MAYFIELD SPINE SURGERY CENTER LLC,4020 SMITH RD,CINCINNATI,OH,45209,,(513) 619-5895,98,2,0,99,97,3,0,99,95,5,0,98,92,6,2,96,,654,222,34,10/01/2024,09/30/2025
36C0001223,BEACON ORTHOPAEDICS SURGERY CENTER,6480 HARRISON AVE STE. 200,CINCINNATI,OH,45247,,(513) 354-3767,98,1,1,99,94,5,1,96,92,7,1,96,88,9,3,94,,547,193,35,10/01/2024,09/30/2025
36C0001229,THE ENDOSCOPY CENTER AT BAINBRIDGE LLC,8185 E. WASHINGTON,CHAGRIN FALLS,OH,44023,,(440) 708-0582,97,2,1,98,95,4,1,97,92,6,2,95,92,6,2,96,3,1385,483,35,10/01/2024,09/30/2025
36C0001230,G AND G INTERNATIONAL LLC,2165 MENTOR AVE.,PAINESVILLE,OH,44077,,(440) 354-9775,96,4,0,98,84,11,5,90,86,11,3,94,88,12,0,96,"3,6",1607,66,4,10/01/2024,09/30/2025
36C0001232,LIPPY SURGERY CENTER LLC,3893 E. MARKET,WARREN,OH,44484,,(330) 856-1272,96,4,0,98,93,6,1,96,87,10,3,95,89,10,1,96,3,471,122,27,10/01/2024,09/30/2025
36C0001237,CVP SURGERY CENTER,5950 INNOVATION DR,FRANKLIN,OH,45005,,(513) 984-5133,97,3,0,99,90,8,2,94,90,9,1,96,89,11,0,96,3,1755,266,15,10/01/2024,09/30/2025
36C0001238,CLEVELAND EYE AND LASER SURGERY CENTER LLC,22715 FAIRVIEW CENTER DR,FAIRVIEW PARK,OH,44126,,(440) 777-8400,99,1,0,99,92,7,1,96,93,5,2,97,91,7,2,96,3,970,425,44,10/01/2024,09/30/2025
36C0001239,DIGESTIVE ENDOSCOPY CENTER LLC,77  WEST ELEANOR DR,SPRINGBORO,OH,45066,,(937) 534-7330,99,1,0,99,92,7,1,96,91,7,2,96,92,6,2,96,,2051,602,29,10/01/2024,09/30/2025
36C0001240,PEARL ROAD SURGERY CENTER LLC,6900 PEARL RD,MIDDLEBURG HEIGHTS,OH,44130,,(440) 882-0103,98,2,0,99,97,3,0,99,92,7,1,96,86,11,3,94,"3,6",267,96,36,10/01/2024,09/30/2025
36C0001241,OHIO VALLEY AMBULATORY SURGERY CENTER LLC,608 WASHINGTON BLVD,BELPRE,OH,45714,,(740) 423-4684,99,1,0,100,95,5,0,97,92,6,2,95,90,8,2,95,,1310,276,21,10/01/2024,09/30/2025
36C0001242,CENTRAL OHIO ENDOSCOPY CENTER LLC,6670 PERIMETER DR. STE. 200,DUBLIN,OH,43016,,(614) 754-5500,97,3,0,98,94,5,1,96,93,6,1,96,90,9,1,96,3,656,195,30,10/01/2024,09/30/2025
36C0001243,THE ENDOSCOPY CENTER OF WEST CENTRAL OHIO LLC,2793 SHAWNEE RD,LIMA,OH,45806,,(419) 879-3636,98,2,0,99,95,4,1,97,94,5,1,97,93,6,1,97,3,2670,757,28,10/01/2024,09/30/2025
36C0001247,POLARIS SURGERY CENTER,300 POLARIS PARKWAY SUITE 110,WESTERVILLE,OH,43082,,(614) 232-6500,98,2,0,99,95,4,1,97,96,4,0,97,94,5,1,98,3,902,250,28,10/01/2024,09/30/2025
36C0001248,WASC LLC DBA WOOSTER AMBULATORY SURGERY CENTER,3373 COMMERCE PARKWAY SUITE 1,WOOSTER,OH,44691,,(330) 804-2000,99,1,0,99,97,3,0,98,93,6,1,97,91,6,3,95,,847,302,36,10/01/2024,09/30/2025
36C0001250,BRECKSVILLE SURGERY CTR,7001 S. EDGERTON RD STE A,BRECKSVILLE,OH,44141,,(440) 717-0591,96,3,1,98,88,10,2,93,85,12,3,94,83,14,3,93,3,1758,642,37,10/01/2024,09/30/2025
36C0001251,DOWNTOWN ENDOSCOPY CENTER,700 EAST BROAD ST,COLUMBUS,OH,43215,,(614) 917-1663,97,2,1,98,91,7,2,94,90,8,2,95,88,9,3,95,,860,220,26,10/01/2024,09/30/2025
36C0001254,NORWOOD ENDOSCOPY CENTER LLC,4746 MONTGOMERY RD.,NORWOOD,OH,45212,,(513) 731-5600,97,3,0,98,93,6,1,96,86,12,2,95,83,15,2,93,3,433,137,32,10/01/2024,09/30/2025
36C0001257,GASTRO CARE LLC,2355 DERR RD. STE. B,SPRINGFIELD,OH,45503,,(937) 629-3600,96,3,1,98,90,8,2,94,84,14,2,93,78,21,1,92,3,597,107,18,10/01/2024,09/30/2025
36C0001261,CHARDON SURGERY CENTER,150 SEVENTH AVE,CHARDON,OH,44024,,(440) 285-2900,98,2,0,99,95,4,1,97,94,4,2,97,92,5,3,96,3,485,202,42,10/01/2024,09/30/2025
36C0001263,MEDINASUMMIT AMBULATORY SURGERY CENTER,3780 MEDINA RD. STE 120,MEDINA,OH,44256,,(330) 952-0014,98,2,0,99,93,6,1,96,91,8,1,96,89,10,1,96,3,1061,227,21,10/01/2024,09/30/2025
36C0001264,SOUTHWEST OHIO PAIN MANAGEMENT INC,5700 GATEWAY BLVD. STE. 100 B,MASON,OH,45040,,(513) 229-7800,99,1,0,99,93,5,2,96,88,11,1,95,74,22,4,89,"3,6",312,77,25,10/01/2024,09/30/2025
36C0001265,EYE LASER AND SURGERY CENTER LLC,"4235 INDIAN RIPPLE RD, SUITE 110",BEAVERCREEK,OH,45440,,(937) 427-7800,96,3,1,98,86,9,5,91,90,7,3,95,86,9,5,93,3,1255,206,17,10/01/2024,09/30/2025
36C0001269,WILMINGTON SURGICAL SERVICES LLC,675 W. MAIN ST.,WILMINGTON,OH,45177,,(937) 383-3277,99,1,0,99,91,7,2,95,92,7,1,96,89,11,0,96,"3,6",380,53,14,10/01/2024,09/30/2025
36C0001271,THE HAND CENTER LLC,1210 GEMINI PL,COLUMBUS,OH,43240,,(614) 310-7375,99,1,0,100,98,2,0,99,99,1,0,98,95,3,2,97,"3,6",334,88,26,10/01/2024,09/30/2025
36C0001274,UNIVERSITY SUBURBAN ENDOSCOPY CENTER,"1611 SOUTH GREEN RD, SUITE 120",SOUTH EUCLID,OH,44121,,(216) 691-0100,95,4,1,97,94,4,2,96,89,9,2,95,86,12,2,94,3,1034,310,30,10/01/2024,09/30/2025
36C0001275,LEE SURGERY CENTER LLC,8135 MARKET ST.,BOARDMAN,OH,44512,,(330) 758-0900,95,4,1,97,87,10,3,92,83,12,5,93,78,20,2,92,3,367,155,42,10/01/2024,09/30/2025
36C0001276,CENTRAL OHIO UROLOGY SURGERY CENTER,701 TECH CENTER DR SUITE 200,GAHANNA,OH,43023,,(614) 396-2684,95,4,1,97,90,9,1,94,85,12,3,93,80,16,4,91,,2002,363,18,10/01/2024,09/30/2025
36C0001278,VISTA SURGICAL CENTER,"4319 EXECUTIVE CR, NW",CANTON,OH,44718,,(330) 526-0530,97,3,0,98,92,7,1,96,92,7,1,96,88,10,2,95,3,2434,896,37,10/01/2024,09/30/2025
36C0001280,WHITE FENCE SURGICAL SUITES LLC,7277 SMITHS MILL RD SUITE 300,NEW ALBANY,OH,43054,,(614) 289-6282,98,2,0,99,92,7,1,95,96,3,1,98,95,4,1,98,3,906,388,43,10/01/2024,09/30/2025
36C0001281,COMPREHENSIVE SURGICAL CENTER OF GREEN LLC,1560 CORPORATE WOODS PARKWAY,GREEN,OH,44685,,(330) 208-2720,96,3,1,97,87,10,3,92,80,14,6,91,83,13,4,92,3,919,222,24,10/01/2024,09/30/2025
36C0001283,WESTERVILLE ENDOSCOPY CENTER LLC,300 POLARIS PARKWY SUITE 1500,WESTERVILLE,OH,43015,,(614) 568-1666,96,4,0,98,88,8,4,92,88,10,2,95,88,9,3,95,,1788,500,28,10/01/2024,09/30/2025
36C0001284,CENTRAL OHIO ENDOSCOPY CENTER LLC,3400 OLENTANGY RIVER RD,COLUMBUS,OH,43202,,(614) 754-5500,99,1,0,99,93,6,1,96,88,10,2,95,86,11,3,94,,663,215,32,10/01/2024,09/30/2025
36C0001285,OHIO SPECIALTY SURGICAL SUITES LLC,7442 FRANK AVE NORTHWEST SUITE 2200,NORTH CANTON,OH,44720,,(234) 209-9397,98,2,0,99,93,5,2,95,93,5,2,96,92,6,2,97,3,1679,544,32,10/01/2024,09/30/2025
36C0001286,GI PHYSICIANS ENDOSCOPY INC,235 EAST STATE ROUTE 14,WARREN,OH,44483,,(330) 892-7400,94,6,0,97,88,11,1,93,74,23,3,91,67,33,0,89,"3,10",152,28,18,10/01/2024,09/30/2025
36C0001292,MIDWEST EYE SURGERY CENTER,4452 EASTGATE BLVD SUITE 305,CINCINNATI,OH,45245,,(513) 752-5700,97,3,0,98,90,8,2,94,86,10,4,93,84,13,3,93,,825,267,32,10/01/2024,09/30/2025
36C0001293,GREAT LAKES AMBULATORY SURGERY CENTER,9002 MENTOR AVE,MENTOR,OH,44060,,(440) 306-2358,99,1,0,100,93,5,2,96,95,4,1,97,95,5,0,99,"3,6",283,63,22,10/01/2024,09/30/2025
36C0001294,NORTHPOINTE SURGICAL SUITES LLC,3250 NORTHPOINTE DR,ZANESVILLE,OH,43701,,(740) 487-1823,95,5,0,97,92,7,1,95,92,7,1,96,90,8,2,96,,433,159,37,10/01/2024,09/30/2025
36C0001296,ORANGE ASC LTD,3600 STELZER RD STE 100,COLUMBUS,OH,43219,,(614) 827-0565,99,1,0,99,94,5,1,97,94,5,1,98,96,4,0,99,3,491,128,26,10/01/2024,09/30/2025
36C0001297,TRISTATE SURGERY CTR,405 S. 3RD ST,IRONTON,OH,45638,,(740) 442-7959,98,2,0,99,97,2,1,98,94,5,1,97,95,4,1,98,,920,279,30,10/01/2024,09/30/2025
36C0001298,ENDOSCOPY CENTER OF DAYTON LTD,4200 INDIAN RIPPLE RD,BEAVERCREEK,OH,45440,,(937) 320-5050,97,3,0,98,92,6,2,95,87,9,4,94,86,12,2,94,,1222,369,30,10/01/2024,09/30/2025
36C0001299,GEMINI SURGERY CENTER LLC,1210 GEMINI PL STE 301,COLUMBUS,OH,43240,,(419) 843-1369,99,1,0,100,96,1,3,97,93,5,2,97,93,5,2,97,"3,6",376,97,26,10/01/2024,09/30/2025
36C0001300,ST MINA INTERVENTIONAL PAIN CENTER,1621 EAST MARKET ST SUITE B,WARREN,OH,44483,,(330) 367-5188,96,4,0,99,85,15,0,92,88,12,0,96,83,17,0,95,"3,10",595,43,7,10/01/2024,09/30/2025
36C0001301,LANCASTER SPECIALTY SURGERY CENTER,3056 COLUMBUS LANCASTER ROAD NW,LANCASTER,OH,43130,,(740) 974-2731,97,3,0,99,92,7,1,95,92,7,1,96,89,9,2,95,,748,255,34,10/01/2024,09/30/2025
36C0001302,SURGERY CENTER AT CORPORATE WAY LLC,"7076 CORPORATE WAY, SUITE 202",DAYTON,OH,45459,,(937) 434-4111,98,2,0,99,92,3,5,94,89,9,2,96,90,7,3,94,3,783,231,30,10/01/2024,09/30/2025
36C0001303,ANDERSON ENDOSCOPY CENTER,7661 BEECHMONT AVE SUITE 100,CINCINNATI,OH,45255,,(513) 624-4150,98,2,0,99,93,6,1,96,89,9,2,95,89,8,3,95,,778,183,24,10/01/2024,09/30/2025
36C0001304,GYPSY LANE ENDOSCOPY SUITES INC,630 GYPSY LANE,YOUNGSTOWN,OH,44505,,(330) 743-9255,97,2,1,98,89,8,3,93,82,14,4,92,77,18,5,90,"3,6",376,88,23,10/01/2024,09/30/2025
36C0001305,FRESENIUS VASCULAR CARE CINCINNATI ASC DBA AZURA SURGERY CENTER,4600 SMITH ROAD SUITE A4,CINCINNATI,OH,45212,,(513) 351-2494,98,1,1,99,95,4,1,98,93,5,2,95,85,12,3,93,"3,6",717,89,12,10/01/2024,09/30/2025
36C0001306,TRIHEALTH HOSPITAL DBA TRIHEALTH SURGERY CENTER ANDERSON,7810 FIVE MILE ROAD SUITE B,CINCINNATI,OH,45230,,(513) 977-9640,99,1,0,99,93,5,2,95,94,5,1,96,90,9,1,96,,2759,581,21,10/01/2024,09/30/2025
36C0001307,SURGERY CENTER AT REGENCY PARK,2000 REGENCY CT SUITE 101,TOLEDO,OH,43623,,(419) 882-0003,93,6,1,96,90,6,4,93,80,17,3,90,85,15,0,95,"3,6",274,50,19,10/01/2024,09/30/2025
36C0001308,ONYX AND PEARL SURGICAL SUITES LLC,465 NORTH CLEVELAND AVE SUITE 150,WESTERVILLE,OH,43082,,(614) 918-0030,97,2,1,98,92,7,1,96,88,9,3,94,85,11,4,93,,828,198,24,10/01/2024,09/30/2025
36C0001309,DIALYSIS ACCESS CENTER OF CINCINNATI INC.,"4805 MONTGOMERY ROAD, SUITE 140",CINCINNATI,OH,45212,,(847) 388-2035,97,2,1,98,91,7,2,95,89,10,1,95,83,15,2,93,3,1091,169,15,10/01/2024,09/30/2025
36C0001310,VACCO LLC DBA VACCO AMBULATORY SURGERY CENTER,"815 WEST BROAD STREET, SUITE 320",COLUMBUS,OH,43222,,(847) 388-2035,98,2,0,99,92,6,2,95,94,4,2,96,88,11,1,95,3,1025,151,15,10/01/2024,09/30/2025
36C0001312,LIBERTY ENDOSCOPY CENTER,7630 LIBERTY ONE DR,LIBERTY TOWNSHIP,OH,45044,,(513) 326-9125,98,1,1,99,91,7,2,95,92,7,1,96,91,6,3,95,3,633,188,30,10/01/2024,09/30/2025
36C0001314,OHIO ORTHOPEDIC SURGERY INSTITUTE DBA GROVE CITY SURGERY CENTER,1325 STRINGTOWN ROAD SUITE 100,GROVE CITY,OH,43123,,(614) 991-6900,98,2,0,99,95,4,1,97,94,4,2,97,92,7,1,97,,804,241,30,10/01/2024,09/30/2025
36C0001315,NWO SURGERY CENTER LLC,15028 EAST US ROUTE 224,FINDLAY,OH,45840,,(419) 427-3040,99,1,0,100,92,6,2,95,96,3,1,98,92,7,1,97,,874,197,23,10/01/2024,09/30/2025
36C0001316,BRAINARD SURGERY CENTER,29017 CEDAR ROAD,LYNDHURST,OH,44124,,(000) 000-0000,95,3,2,97,90,7,3,93,85,11,4,93,82,13,5,91,3,696,194,28,10/01/2024,09/30/2025
36C0001319,CENTRAL OHIO ENDOSCOPY CENTER LLC,1025 REFUGEE RD 1ST FLOOR,PICKERINGTON,OH,43147,,(614) 754-5500,96,3,1,97,91,8,1,95,91,6,3,94,87,9,4,93,,778,193,25,10/01/2024,09/30/2025
36C0001321,UH NORTH RIDGEVILLE ENDOSCOPY CENTER LLC,32800 LORAIN RD,NORTH RIDGEVILLE,OH,44039,,(440) 406-5560,99,1,0,99,95,4,1,97,93,5,2,97,92,6,2,96,3,1844,469,25,10/01/2024,09/30/2025
36C0001322,ERIE SHORES SURGERY CENTER LLC,2800 HAYES AVENUE BUILDING E,SANDUSKY,OH,44870,,(000) 000-0000,99,1,0,100,96,4,0,98,94,6,0,97,92,7,1,96,,700,232,33,10/01/2024,09/30/2025
36C0001323,CVP SURGERY CENTERS IVY POINTE,601 IVE GATEWAY SUITE 302,CINCINNATI,OH,45245,,(513) 984-5133,98,2,0,99,92,6,2,95,95,4,1,97,87,12,1,95,3,1595,217,14,10/01/2024,09/30/2025
36C0001324,CASE CENTER FOR SURGERY & ENDOSCOPY LLC,512 NORTH CABLE ROAD,LIMA,OH,45805,,(000) 000-0000,96,4,0,98,90,6,4,93,91,7,2,95,86,14,0,95,"3,6",365,59,16,10/01/2024,09/30/2025
36C0001325,BRADENTON SURGERY CENTER LLC,4930 BRADENTON AVENUE,DUBLIN,OH,43017,,(614) 336-9000,97,3,0,98,88,10,2,93,86,11,3,93,85,7,8,92,"3,10",193,46,24,10/01/2024,09/30/2025
36C0001326,WHEELING HOSPITAL AMBULATORY SURGERY CENTER LLC,68 STATE ROUTE 7,BRIDGEPORT,OH,43912,,(740) 676-6600,99,1,0,99,95,4,1,97,94,5,1,97,94,5,1,98,,3056,984,32,10/01/2024,09/30/2025
36C0001327,THREE GABLES SURGERY CENTER,5897 COUNTY ROAD 107,PROCTORVILLE,OH,45669,,(740) 886-9911,98,2,0,99,92,7,1,95,88,10,2,95,91,7,2,96,,1854,578,31,10/01/2024,09/30/2025
36C0001329,DIALYSIS ACCESS CENTER LLC,8423 MARKET STREET SUITE 210,BOARDMAN,OH,44512,,(330) 629-2855,94,6,0,97,89,8,3,93,86,13,1,95,82,13,5,92,3,502,103,21,10/01/2024,09/30/2025
36C0001330,AVON SURGERY CENTER,36991 AMERICAN WAY SUITE 1,AVON,OH,44011,,(000) 000-0000,97,3,0,98,90,7,3,93,89,8,3,95,88,10,2,95,3,1313,465,35,10/01/2024,09/30/2025
36C0001331,WELLINGTON SPECIALTY SURGERY CENTER LLC,4355 FERGUSON DRIVE SUITE 190,CINICINNATI,OH,45245,,(937) 509-0305,97,3,0,99,95,4,1,97,92,6,2,96,89,9,2,95,3,630,217,34,10/01/2024,09/30/2025
36C0001332,WEST CHESTER SURGICAL SUITES LLC,8742 UNION CENTRE BOULEVARD #8744,WEST CHESTER,OH,45069,,(513) 675-3802,97,3,0,99,93,6,1,96,92,6,2,96,89,10,1,96,,799,279,35,10/01/2024,09/30/2025
36C0001333,THE SURGERY CENTER OF NORTH CENTRAL OHIO,1 EMERALD PARKWAY,NORWALK,OH,44857,,(419) 577-0095,99,1,0,99,97,3,0,98,93,6,1,97,91,8,1,96,,855,338,40,10/01/2024,09/30/2025
36C0001335,DIALYSIS ACCESS CENTER OF CINCINNATIINC,7335 YANKEE ROAD SUITE 101,LIBERTY TOWNSHIP,OH,45044,,(513) 631-4555,97,3,0,98,90,8,2,94,88,10,2,95,82,13,5,91,"3,6",549,97,18,10/01/2024,09/30/2025
36C0001339,PHYSICIANS REGIONAL SURGERY CENTER LLC,103 PLAZA DRIVE SUITE A,SAINT CLAIRSVILLE,OH,43950,,(740) 449-2561,99,1,0,99,94,5,1,96,94,4,2,97,92,6,2,96,"3,6",461,99,22,10/01/2024,09/30/2025
36C0001340,CENTRAL OHIO ENDOSCOPY CENTER LLC,430 ALTAIR PARKWAY SUITE 120,WESTERVILLE,OH,43082,,(000) 000-0000,99,1,0,99,94,5,1,97,91,7,2,96,90,9,1,96,,745,206,28,10/01/2024,09/30/2025
36C0001343,OSU WEXNER MEDICAL CENTER AMUBLATORY SURGERY CENTER NEW ALBANY,6100 NORTH HAMILTON ROAD 2ND FLOOR SUITE 2D,WESTERVILLE,OH,43081,,(614) 814-8434,98,2,0,99,94,5,1,96,94,5,1,97,91,7,2,96,,7934,1338,17,10/01/2024,09/30/2025
36C0001346,WALNUT CREEK SURGICAL SUITES LLC,715 BUCKLES COURT NORTH,GAHANNA,OH,43230,,(614) 694-4333,98,1,1,99,93,6,1,96,93,6,1,97,92,7,1,97,3,448,151,34,10/01/2024,09/30/2025
36C0001348,E-ASC LLC DBA CINCINNATI ORTHOPEDIC SURGERY CENTER,3155 GLENDALE MILFORD ROAD SUITE B,CINCINNATI,OH,45241,,(513) 454-2222,99,1,0,99,95,4,1,97,87,11,2,96,91,8,1,96,3,340,122,36,10/01/2024,09/30/2025
36C0001349,FRESENIUS VASCULAR CARE DAYTON ASC LLC,2016 SPRINGBORO WEST,DAYTON,OH,45439,,(937) 298-6777,98,2,0,99,90,9,1,95,86,13,1,95,82,14,4,91,3,919,129,14,10/01/2024,09/30/2025
36C0001350,OSU WEXNER MEDICAL CENTER ASC DBA OSU WEXNER MEDICAL CENTER ASC DUBLIN,6700 UNIVERSITY BOULEVARD 2ND FLOOR SUITE 2D,DUBLIN,OH,43016,,(614) 814-7777,98,2,0,99,95,4,1,97,94,6,0,97,92,8,0,97,,1637,309,19,10/01/2024,09/30/2025
36C0001351,CAMBRIDGE SURGICAL SUITES LLC,61605 SOUTHGATE ROAD,CAMBRIDGE,OH,43725,,(740) 509-1818,99,1,0,99,94,5,1,96,98,2,0,98,97,2,1,98,3,349,167,48,10/01/2024,09/30/2025
36C0001353,SURGERY CENTER OF SOUTHWEST OHIO LLC DBA THE SURGERY CENTER OF SOUTHWEST OHIO,2210 ARBOR BOULEVARD SUITE 1A,MORAINE,OH,45439,,(937) 952-0201,98,2,0,99,93,6,1,96,86,12,2,94,82,15,3,93,,1701,414,24,10/01/2024,09/30/2025
36C0001356,LORAIN AMHERST SURGERY CENTER DBA UNIVERSITY HOSPITALS AMHERST BEAVER CREEK SURGERY CENTER,915 NORTH LAKE STREET SUITE 100,AMHERST,OH,44001,,(440) 634-5640,99,1,0,99,92,6,2,95,95,4,1,97,89,8,3,95,,1283,434,34,10/01/2024,09/30/2025
36C0001358,SPRINGFIELD REGIONAL OUTPATIENT SURGERY CENTER LLC,2610 NORTH LIMESTONE STREET,SPRINGFIELD,OH,45503,,(937) 390-8310,97,3,0,99,91,8,1,95,91,8,1,95,87,12,1,95,3,752,139,18,10/01/2024,09/30/2025
36C0001361,BLUE ASH ENDOSCOPY CENTER LLC,11333 CORNELL PARK DRIVE SUITE 100,CINCINNATI,OH,45242,,(513) 751-6667,97,3,0,98,89,9,2,93,85,13,2,94,84,14,2,93,3,1494,381,26,10/01/2024,09/30/2025
36C0001364,AULTMAN NORTH SURGICAL PARTNERS LLC DBA ALLIED SURGERY CENTER,6100 WHIPPLE AVENUE NORTHWEST SUITE 200,NORTH CANTON,OH,44720,,(234) 546-1047,98,2,0,99,91,8,1,95,87,10,3,95,80,15,5,91,"3,10",115,31,27,10/01/2024,09/30/2025
37C0001001,UNION PINES SURGERY CENTERLLC,4800 S. 109TH EAST AVE,TULSA,OK,74146,,(918) 742-2502,97,3,0,98,83,13,4,90,92,5,3,96,86,13,1,95,3,952,133,14,10/01/2024,09/30/2025
37C0001003,OKLAHOMA OUTPATIENT SURGERY LIMITED PARTNERSHIP,4317 W. MEMORIAL RD,OKLAHOMA CITY,OK,73134,,(405) 755-6240,97,3,0,98,94,5,1,96,89,9,2,95,86,11,3,94,3,1289,469,36,10/01/2024,09/30/2025
37C0001004,CENTRAL OKLAHOMA AMBULATORY SURGICAL CENTER INC,3301 NW 63RD ST,OKLAHOMA CITY,OK,73116,,(405) 947-3330,99,1,0,99,92,6,2,95,93,7,0,97,95,4,1,98,3,537,103,19,10/01/2024,09/30/2025
37C0001009,HERITAGE EYE SURGERY CENTER LLC,6922 SOUTH WESTERN STE. 102,OKLAHOMA CITY,OK,73139,,(405) 636-1508,97,3,0,99,91,6,3,94,88,9,3,95,78,18,4,90,"3,6",498,69,14,10/01/2024,09/30/2025
37C0001011,PHYSICIANS SURGICAL CENTER LLC,3121 SOUTH TELEPHONE RD,MOORE,OK,73160,,(405) 364-9789,98,2,0,99,92,7,1,95,89,9,2,96,95,5,0,98,3,597,103,17,10/01/2024,09/30/2025
37C0001014,TRIAD EYE INSTITUTE PLLC,6140 S MEMORIAL DR,TULSA,OK,74133,,(918) 252-2020,95,5,0,97,87,10,3,92,78,19,3,92,81,14,5,91,3,530,108,21,10/01/2024,09/30/2025
37C0001022,OKLAHOMA SPINE SURGERY CENTER LLC,13313 NORTH MERIDIAN AVENUE SUITE B,OKLAHOMA CITY,OK,73120,,(405) 849-6979,95,4,1,97,96,3,1,97,86,10,4,93,79,17,4,91,"3,6",308,66,21,10/01/2024,09/30/2025
37C0001024,TRIAD SURGERY CENTER,3615 SOUTHEAST KENTUCKY STREET,BARTLESVILLE,OK,74006,,(918) 333-2020,97,3,0,99,90,8,2,94,91,5,4,95,95,3,2,98,3,543,102,19,10/01/2024,09/30/2025
37C0001026,GI OR NORMAN,1125 NORTH PORTER SUITE 304,NORMAN,OK,73071,,(405) 515-5900,94,5,1,97,88,8,4,92,69,15,16,85,57,32,11,80,"3,6",347,66,19,10/01/2024,09/30/2025
37C0001029,INTEGRIS DDSI ENDOSCOPY CENTERS LLC DBA OKLAHOMA ENDOSCOPY CENTERS,3366 NW EXPRESSWAY SUITE 400,OKLAHOMA CITY,OK,73112,,(405) 702-1300,96,4,0,98,90,8,2,94,79,20,1,94,78,20,2,92,3,6299,1424,23,10/01/2024,09/30/2025
37C0001031,SURGERY CENTER OF ENID INC,1133 W. WILLOW,ENID,OK,73703,,(580) 233-7171,98,2,0,99,89,8,3,93,93,7,0,97,94,6,0,98,3,694,124,18,10/01/2024,09/30/2025
37C0001032,MCGEE EYE SURGERY CENTER LLC,1000 N. LINCOLN BLVD. #150,OKLAHOMA CITY,OK,73104,,(405) 232-8696,97,3,0,98,92,7,1,95,90,7,3,95,88,8,4,94,,1528,403,26,10/01/2024,09/30/2025
37C0001033,CHERRY STREET SURGERY CENTER LLC,1844 E. 15TH ST.,TULSA,OK,74104,,(918) 749-7177,,,,,,,,,,,,,,,,,1,,,,,
37C0001039,TRIAD EYE INSTITUTE PLLC,3131 MILITARY BLVD,MUSKOGEE,OK,74401,,(918) 687-6600,93,5,2,96,90,7,3,93,81,13,6,92,82,14,4,93,"3,6",489,79,17,10/01/2024,09/30/2025
37C0001044,EYE SURGERY CENTER OF TULSA,7191 SOUTH YALE AVE,TULSA,OK,74136,,(918) 524-1600,97,3,0,99,93,6,1,96,90,8,2,95,90,8,2,95,,2938,972,33,10/01/2024,09/30/2025
37C0001048,MCALESTER AMBULATORY SURGERY CENTER LLC,4 EAST CLARK BASS BLVD SUITE 102,MCALESTER,OK,74501,,(918) 421-3952,,,,,,,,,,,,,,,,,1,,,,,
37C0001050,ARDMORE REGIONAL SURGERY CENTER LLC,2002 12TH ST. NW SUITE C,ARDMORE,OK,73401,,(580) 224-0007,98,2,0,99,93,5,2,95,92,7,1,97,90,10,0,97,3,542,148,27,10/01/2024,09/30/2025
37C0001052,TULSA ENDOSCOPY CENTER,4200 EAST SKELLY DR SUITE 100,TULSA,OK,74135,,(918) 728-6010,98,2,0,99,93,6,1,96,92,7,1,96,92,6,2,96,,1713,477,28,10/01/2024,09/30/2025
37C0001054,INTEGRIS DDSI ENDOSCOPY CENTERS LLC DBA OKLAHOMA ENDOSCOPY CENTERS,4201 SOUTH WESTERN AVENUE,OKLAHOMA CITY,OK,73109,,(405) 632-4000,98,2,0,99,94,5,1,97,91,7,2,96,90,8,2,96,3,4024,876,23,10/01/2024,09/30/2025
37C0001055,USPI MEMORIAL SURGERY CENTER,8131 SOUTH MEMORIAL DR SUITE 107,TULSA,OK,74133,,(918) 249-7921,97,3,0,98,89,9,2,93,91,8,1,95,85,14,1,94,,761,222,29,10/01/2024,09/30/2025
37C0001061,WEST NORMAN ENDOSCOPY,3101 WEST TECUMSEH RD SUITE 100,NORMAN,OK,73072,,(405) 515-5900,96,3,1,98,90,8,2,94,89,9,2,95,85,13,2,94,,2088,369,18,10/01/2024,09/30/2025
37C0001062,NORMAN ENDOSCOPY CENTER,1515 NORTH PORTER AVE,NORMAN,OK,73071,,(405) 366-0969,99,1,0,99,95,4,1,97,93,7,0,97,92,8,0,97,3,576,111,19,10/01/2024,09/30/2025
37C0001064,SOUTHWEST EYE SURGERY CENTER,9913 SOUTH MAY,OKLAHOMA CITY,OK,73159,,(405) 703-0614,96,4,0,98,92,7,1,95,80,18,2,94,82,18,0,94,3,491,143,29,10/01/2024,09/30/2025
37C0001065,TEXOMA REGIONAL EYE INSTITUTE LLC,5389 NORTH 1ST AVE,DURANT,OK,74701,,(580) 924-5211,,,,,,,,,,,,,,,,,1,,,,,
37C0001066,CATARACT INSTITUTE OF OKLAHOMA LLC,3840 SOUTH BLVD.,EDMOND,OK,73013,,(405) 834-0532,98,2,0,99,90,7,3,93,93,5,2,97,83,16,1,94,3,566,110,19,10/01/2024,09/30/2025
37C0001067,TULSA AMBULATORY PROCEDURE CENTER LLC,2811 E. 15TH ST. STE 101,TULSA,OK,74104,,(918) 935-3240,91,6,3,94,85,8,7,89,69,28,3,91,87,7,6,93,"3,10",289,38,13,10/01/2024,09/30/2025
37C0001068,ORTHO CENTERAL ASC,3400 WEST TECUMSEH RD SUITE 301,NORMAN,OK,73072,,(405) 801-4200,98,2,0,99,94,5,1,97,96,4,0,98,95,4,1,98,,1578,321,20,10/01/2024,09/30/2025
37C0001069,LANGLEY HOLDINGS LLC,9840 EAST 81ST ST STE 200,TULSA,OK,74133,,(918) 893-9250,96,3,1,98,91,7,2,95,84,10,6,93,84,10,6,91,3,1300,386,30,10/01/2024,09/30/2025
37C0001071,TRIAD EYE INSTITUTE,63223 E 290 RD,GROVE,OK,74344,,(918) 786-3937,96,3,1,97,91,7,2,95,87,10,3,94,84,13,3,93,3,640,120,19,10/01/2024,09/30/2025
37C0001072,TRIAD SURGERY CENTER MCALESTER LLC,1001 E WYANDOHE,MCALESTER,OK,74501,,(918) 302-9232,98,1,1,98,92,5,3,95,90,7,3,95,90,7,3,95,3,559,117,22,10/01/2024,09/30/2025
37C0001073,ADVANCED SURGICAL AND RESEARCH SOLUTIONS,3200 QUAIL SPRINGS PARKWAY SUITE 100,OKLAHOMA CITY,OK,73134,,(405) 701-9899,97,3,0,99,91,8,1,95,96,4,0,98,96,4,0,99,"3,6",290,88,30,10/01/2024,09/30/2025
37C0001074,GSI ASC LLC DBA GASTROENTEROLOGY SPECIALISTS ASC,10210 EAST 91ST STREET SOUTH,TULSA,OK,74133,,(918) 940-8500,97,2,1,98,91,7,2,95,90,8,2,96,91,7,2,96,,1215,258,21,10/01/2024,09/30/2025
37C0001075,APEX SURGERY CENTER,2001 CRADDUCK ROAD,ADA,OK,74820,,(000) 000-0000,99,1,0,99,93,6,1,96,94,5,1,97,93,6,1,97,3,901,252,28,10/01/2024,09/30/2025
37C0001079,GKW ASRS LLC DBA THE SURGERY CENTER AT MERIDIAN PARK,13313 NORTH MERIDIAN AVENUE BUILDING B,OKLAHOMA CITY,OK,73120,,(405) 546-1280,94,5,1,97,88,10,2,93,81,14,5,92,75,20,5,90,3,633,128,20,10/01/2024,09/30/2025
37C0001080,SCISSORTAIL SURGERY CENTER LLC,2811 EAST 15TH STREET SUITE 101,TULSA,OK,74104,,(918) 615-9340,94,5,1,97,85,10,5,90,81,9,10,92,78,14,8,90,"3,10",337,45,14,10/01/2024,09/30/2025
38C0001002,NORTHBANK SURGICAL CENTER,700 BELLEVUE ST. SE SUITE 300,SALEM,OR,97301,,(503) 364-3704,98,2,0,99,96,3,1,98,96,3,1,98,92,6,2,96,3,638,202,32,10/01/2024,09/30/2025
38C0001004,EYE SURGERY CENTER,1408 EAST BARNETT RD,MEDFORD,OR,97504,,(541) 779-2020,96,3,1,98,89,9,2,94,85,11,4,94,82,13,5,91,3,511,201,39,10/01/2024,09/30/2025
38C0001006,NBMC DAY SURGERY INC,1900 WOODLAND DR,COOS BAY,OR,97420,,(541) 267-5151,99,1,0,100,92,7,1,95,91,9,0,96,92,7,1,97,3,661,103,16,10/01/2024,09/30/2025
38C0001007,OREGON EYE SURGERY CENTER INC,1550 OAK ST,EUGENE,OR,97401,,(541) 683-8771,97,2,1,98,84,12,4,90,89,8,3,95,86,9,5,93,3,1388,207,15,10/01/2024,09/30/2025
38C0001009,EYE SURGERY CENTER,2700 14TH AVE SE,ALBANY,OR,97322,,(541) 704-2707,,,,,,,,,,,,,,,,,1,,,,,
38C0001012,THE OREGON CLINIC,19250 SOUTHWEST 90TH AVE,TUALATIN,OR,97062,,(971) 224-3363,98,2,0,99,93,6,1,96,87,11,2,95,88,10,2,95,3,3518,601,17,10/01/2024,09/30/2025
38C0001013,WESTSIDE SURGERY CENTER LLC,13240 SW PACIFIC HWY SUITE 200,TIGARD,OR,97223,,(503) 639-6571,99,1,0,99,93,6,1,96,91,6,3,95,86,11,3,93,,510,215,42,10/01/2024,09/30/2025
38C0001020,MCKENZIE SURGERY CENTER LP,940 COUNTRY CLUB RD.,EUGENE,OR,97401,,(541) 344-2600,99,1,0,99,95,4,1,97,95,4,1,97,94,5,1,98,3,756,276,37,10/01/2024,09/30/2025
38C0001021,JC PITTS ENTERPRISES INC DBA ONTARIO SURGERY CENTER,251 SOUTHWEST 19TH STREET,ONTARIO,OR,97914,,(541) 889-3198,98,1,1,99,90,9,1,94,86,10,4,94,87,10,3,94,3,705,256,36,10/01/2024,09/30/2025
38C0001022,LASER AND SURGICAL EYE CENTER LLC,1333 EAST BARNETT RD,MEDFORD,OR,97504,,(541) 618-1497,96,4,0,98,93,6,1,96,86,12,2,94,88,10,2,95,3,658,207,32,10/01/2024,09/30/2025
38C0001023,DESCHUTES EYE CLINIC INC DBA EYE SURGERY INSTITUTE,1775 SOUTHWEST UMATILLA AVENUE,REDMOND,OR,97756,,(541) 548-7170,98,2,0,99,93,5,2,95,91,7,2,95,88,10,2,95,"3,6",321,69,22,10/01/2024,09/30/2025
38C0001024,SURGERY CENTER OF SOUTHERN OREGON LLC,2798 E. BARNETT RD,MEDFORD,OR,97504,,(541) 608-8669,98,2,0,99,89,9,2,94,83,14,3,94,90,6,4,95,"3,6",536,92,17,10/01/2024,09/30/2025
38C0001025,SOUTH COAST SURGERY CENTER LLC,2699 N. 17TH ST,COOS BAY,OR,97420,,(541) 266-3607,98,2,0,99,93,6,1,97,82,17,1,92,87,12,1,95,3,435,130,30,10/01/2024,09/30/2025
38C0001027,BEND SURGERY CENTER LLC DBA BEND SURGERY CENTER,1303 NORTHEAST CUSHING DR SUITE 200,BEND,OR,97701,,(541) 318-6786,98,2,0,99,94,5,1,97,92,6,2,96,92,5,3,96,,2391,869,36,10/01/2024,09/30/2025
38C0001028,GRANTS PASS SURGERY CENTER,1601 NORTHWEST HAWTHORNE AVE,GRANTS PASS,OR,97526,,(541) 472-4883,99,0,1,99,95,4,1,97,95,4,1,98,94,5,1,97,3,609,261,43,10/01/2024,09/30/2025
38C0001029,KLAMATH SURGEONS LLC,"2640 BIEHN ST, SUITE 2",KLAMATH FALLS,OR,97601,,(541) 884-5559,99,1,0,99,94,5,1,97,94,6,0,97,93,5,2,97,,755,256,34,10/01/2024,09/30/2025
38C0001030,INTERSTATE AMBULATORY SURGERY CENTER,3500 N INTERSTATE AVE.,PORTLAND,OR,97227,,(971) 310-3089,97,3,0,98,94,5,1,97,91,8,1,96,88,10,2,95,,2103,822,39,10/01/2024,09/30/2025
38C0001032,SKYLINE AMBULATORY SURGERY CENTER,5125 SKYLINE RD. SOUTH,SALEM,OR,97306,,(971) 310-3082,98,2,0,99,96,3,1,97,91,8,1,96,88,10,2,95,,2268,774,34,10/01/2024,09/30/2025
38C0001034,PACIFIC SURGERY CENTER,1125 DARLENE LANE SUITE 201,EUGENE,OR,97401,,(541) 683-5488,95,4,1,97,90,9,1,95,78,17,5,91,80,15,5,91,3,346,132,38,10/01/2024,09/30/2025
38C0001036,SALEM LASER AND SURGERY CENTER,1330 COMMERCIAL ST SOUTHEAST,SALEM,OR,97302,,(503) 763-1973,98,2,0,99,96,4,0,98,90,8,2,96,92,6,2,96,,2800,1073,38,10/01/2024,09/30/2025
38C0001037,RIVER ROAD SURGERY CENTER LLC,3099 SOUTH RIVER RD SUITE 100,SALEM,OR,97302,,(503) 361-3094,98,2,0,99,97,3,0,98,92,3,5,95,92,3,5,95,"3,6",217,50,23,10/01/2024,09/30/2025
38C0001038,PACIFIC CATARACT AND LASER INSTITUTE INC PC,"19801 SW 72ND AVE, STE. 150",TUALATIN,OR,97062,,(360) 242-3000,96,3,1,98,88,10,2,93,87,10,3,95,84,13,3,93,3,569,145,26,10/01/2024,09/30/2025
38C0001040,LANE SURGERY CENTER,920 COUNTRY CLUB RD SUITE 220B,EUGENE,OR,97401,,(542) 342-6699,98,2,0,99,91,8,1,95,91,8,1,96,86,12,2,94,3,797,191,24,10/01/2024,09/30/2025
38C0001041,VISION SURGERY AND LASER CENTER LLC,2435 NW KLINE ST,ROSEBURG,OR,97471,,(541) 672-2020,97,3,0,98,92,7,1,95,81,16,3,93,82,18,0,94,3,530,196,37,10/01/2024,09/30/2025
38C0001043,CAPITOL SURGERY CENTER LLC DBA WAVERLY LAKE SURGERY CENTER,633 WAVERLY DR SOUTHEAST,ALBANY,OR,97322,,(541) 918-4210,98,2,0,99,93,6,1,96,90,9,1,95,89,9,2,96,3,681,223,33,10/01/2024,09/30/2025
38C0001044,OREGON ENDOSCOPY CENTER LLC,3355 RIVER BEND DR. STE. 510,SPRINGFIELD,OR,97477,,(541) 868-9555,97,3,0,98,93,7,0,96,93,6,1,96,87,12,1,95,3,3472,1077,31,10/01/2024,09/30/2025
38C0001045,THE OREGON CLINIC,"1111 NORTH EAST 99TH AVE, SUITE 302",PORTLAND,OR,97220,,(971) 224-3363,98,2,0,99,94,5,1,97,92,7,1,96,88,10,2,95,3,6677,1096,16,10/01/2024,09/30/2025
38C0001046,NGC ENDOSCOPY SERVICES LLC,1130 NORTHWEST 22ND AVE  6TH FLOOR  SUITE 615,PORTLAND,OR,97210,,(503) 229-7137,98,2,0,99,91,7,2,95,84,14,2,94,83,15,2,93,,1122,272,24,10/01/2024,09/30/2025
38C0001048,DOCTORS PARK SURGERY CENTER,2090 NORTHEAST WYATT CT SUITE 102,BEND,OR,97701,,(541) 389-5931,96,3,1,98,91,7,2,95,84,12,4,93,80,17,3,92,,1645,547,33,10/01/2024,09/30/2025
38C0001049,THE OREGON CLINIC,"1508 DIVISION ST, SUITE 15",OREGON CITY,OR,97045,,(971) 224-3363,99,1,0,99,92,7,1,96,91,9,0,96,89,9,2,96,3,2631,450,17,10/01/2024,09/30/2025
38C0001054,CASCADE SPINE CENTER LLC,6464 SOUTHWEST BORLAND RD SUITE A1,TUALATIN,OR,97062,,(971) 404-3366,98,2,0,99,93,6,1,96,89,9,2,94,84,15,1,94,,641,203,32,10/01/2024,09/30/2025
38C0001056,CENTER FOR SPECIALTY SURGERY LLC,11782 SW BARNES RD. #200,PORTLAND,OR,97225,,(503) 906-4306,98,2,0,99,93,6,1,96,92,7,1,96,92,7,1,97,,2899,805,28,10/01/2024,09/30/2025
38C0001058,CASCADE ENDOSCOPY CENTER LLC,"1007 HARLAN RD, STE 110",SPRINGFIELD,OR,97477,,(541) 726-8882,99,1,0,99,94,5,1,97,92,7,1,96,90,9,1,96,,1853,637,34,10/01/2024,09/30/2025
38C0001059,EYEHEALTH EASTSIDE SURGERY CENTER LLC,"12050 SE STEVENS RD, STE. 400",HAPPY VALLEY,OR,97086,,(503) 344-5108,95,4,1,97,92,7,1,95,88,10,2,95,90,8,2,95,3,493,172,35,10/01/2024,09/30/2025
38C0001060,OREGON OUTPATIENT SURGERY CENTER,7300 SOUTHWEST CHILDS RD SUITE A,TIGARD,OR,97224,,(503) 207-5364,97,3,0,98,92,7,1,95,87,10,3,94,86,11,3,94,3,552,220,40,10/01/2024,09/30/2025
38C0001061,ASHLAND SURGERY CENTER,658 NORTH MAIN ST,ASHLAND,OR,97520,,(541) 482-5518,99,1,0,99,94,5,1,96,90,9,1,97,93,5,2,97,3,584,235,40,10/01/2024,09/30/2025
38C0001063,THE OREGON CLINIC,9701 SOUTHWEST BARNES RD # 310,PORTLAND,OR,97225,,(971) 224-3363,98,2,0,99,93,6,1,96,90,8,2,95,89,10,1,96,3,7468,1307,18,10/01/2024,09/30/2025
38C0001064,OREGON SURGICENTER LLC,"2400 HARTMAN LANE, STE. 300",SPRINGFIELD,OR,97477,,(541) 343-1603,95,3,2,97,93,5,2,96,79,17,4,92,79,16,5,90,,670,216,32,10/01/2024,09/30/2025
38C0001067,NORTHWEST AMBULATORY SURGERY CENTER LLC,1515 NORTHWEST 18TH AVE SUITE 200,PORTLAND,OR,97209,,(503) 542-4873,99,1,0,99,94,5,1,97,92,7,1,96,93,6,1,97,,557,190,34,10/01/2024,09/30/2025
38C0001068,CASCADE SURGICENTER LLC,"2200 NE NEFF RD, STE. 100",BEND,OR,97701,,(541) 330-8671,97,3,0,99,94,5,1,96,90,7,3,95,90,9,1,96,,1335,465,35,10/01/2024,09/30/2025
38C0001070,PEARL SURGICENTER INC,"120 NW 14TH AVE, STE. 200",PORTLAND,OR,97209,,(503) 771-1883,93,6,1,96,88,11,1,93,73,19,8,90,75,19,6,89,3,477,114,24,10/01/2024,09/30/2025
38C0001073,SALEM ENDOSCOPY CENTER LLC,875 OAK ST SOUTHEAST SUITE 3095,SALEM,OR,97301,,(503) 561-4184,98,2,0,99,94,5,1,96,86,11,3,94,85,13,2,94,3,1097,205,20,10/01/2024,09/30/2025
38C0001074,EAST PORTLAND SURGERY CENTER LLC,9200 SOUTHEAST 91ST AVE SUITE 100,PORTLAND,OR,97086,,(503) 772-6160,96,3,1,98,90,9,1,94,85,12,3,94,80,16,4,92,,1024,271,26,10/01/2024,09/30/2025
38C0001075,CASCADE SURGERY CENTER LLC,120 NE MANZANITA ST,GRANTS PASS,OR,97526,,(541) 479-2824,99,1,0,100,97,2,1,98,93,6,1,97,95,3,2,97,3,385,173,45,10/01/2024,09/30/2025
38C0001076,SAMARITAN ENDOSCOPY LLC,"3509 NW SAMARITAN DR, SUITE 201",CORVALLIS,OR,97330,,(541) 768-4265,97,3,0,98,90,8,2,94,84,12,4,93,84,13,3,93,3,2915,668,23,10/01/2024,09/30/2025
38C0001079,NORTHWEST NEUROSPINE INSTITUTE LLC,"74B CENTENNIAL LOOP, STE. 200",EUGENE,OR,97401,,(541) 393-0925,96,4,0,98,89,10,1,94,89,6,5,94,87,9,4,94,3,372,143,39,10/01/2024,09/30/2025
38C0001081,CORVALLIS CLINIC PC DBA THE CORVALLIS CLINIC SURGERY CENTER,601 NORTHWEST ELKS DR,CORVALLIS,OR,97330,,(541) 754-1254,97,2,1,98,94,5,1,97,87,10,3,94,85,10,5,92,,716,228,32,10/01/2024,09/30/2025
38C0001082,CHASE GARDENS SURGERY CENTER LLC,360 S. GARDEN WAY SUITE 100,EUGENE,OR,97401,,(541) 636-9100,94,6,0,97,88,10,2,93,81,15,4,92,84,14,2,94,3,484,168,35,10/01/2024,09/30/2025
38C0001084,ORTHOPEDIC HEALTHCARE ANCILLARY SERVICES LLC DBA SLOCUM AMBULATORY SURGERY CENTER,55 COBURG RD,EUGENE,OR,97401,,(541) 743-2549,97,2,1,98,88,9,3,92,87,11,2,95,88,9,3,95,,2006,571,28,10/01/2024,09/30/2025
38C0001085,KAISER PERMANENTE SUNNYBROOK SURGERY CENTER,9900 SE SUNNYSIDE RD.,CLACKAMAS,OR,97015,,(503) 571-4047,98,2,0,99,94,5,1,96,89,9,2,95,88,10,2,95,,3095,949,31,10/01/2024,09/30/2025
38C0001086,SPINE SURGERY CENTER OF EUGENE LLC,1410 OAK ST SUITE 300,EUGENE,OR,97401,,(541) 284-5354,98,2,0,99,90,9,1,95,84,12,4,93,84,13,3,93,3,954,323,34,10/01/2024,09/30/2025
38C0001087,PORTLAND CLINIC,9100 SW OLESON RD,TIGARD,OR,97223,,(503) 445-9066,98,2,0,99,94,5,1,96,85,13,2,94,87,11,2,95,,862,274,32,10/01/2024,09/30/2025
38C0001089,DAY SURGERY AT RIVERBEND,3355 RIVERBEND DR # 10,SPRINGFIELD,OR,97477,,(541) 852-4852,95,4,1,97,89,9,2,94,82,17,1,94,84,14,2,94,,850,217,26,10/01/2024,09/30/2025
38C0001091,COLUMBIA GORGE SURGERY CENTER LLC,1020 WEBBER ST,THE DALLES,OR,97058,,(541) 769-0426,97,2,1,98,90,7,3,94,83,14,3,94,84,13,3,93,3,473,112,24,10/01/2024,09/30/2025
38C0001092,PACIFIC CATARACT AND LASER INSTITUTE INC PC,1331 NW LOVEJOY ST. STE 750,PORTLAND,OR,97209,,(360) 242-3000,96,4,0,98,91,8,1,95,86,13,1,95,86,11,3,94,3,558,147,27,10/01/2024,09/30/2025
38C0001094,WILSHIRE SURGERY CENTER LLC,"9775 SW WILSHIRE ST, #250",PORTLAND,OR,97225,,(503) 688-5185,99,1,0,100,95,5,0,97,93,5,2,96,92,6,2,97,3,477,166,35,10/01/2024,09/30/2025
38C0001095,SOUTH PORTLAND SURGICAL CENTER,6370 SOUTHWEST BORLAND RD SUITE 100,TUALATIN,OR,97062,,(503) 905-3704,99,1,0,99,92,7,1,95,90,8,2,95,90,7,3,95,,2111,800,38,10/01/2024,09/30/2025
38C0001096,BSM SURGERY CENTER LLC,1128 NORTHEAST SECOND ST SUITE 104,CORVALLIS,OR,97330,,(541) 286-4379,,,,,,,,,,,,,,,,,1,,,,,
38C0001099,ROGUE VALLEY SURGERY CENTER LLC,2925 SISKIYOU BLVD,MEDFORD,OR,97504,,(541) 773-1435,97,2,1,98,89,8,3,93,88,9,3,94,83,15,2,93,3,288,102,36,10/01/2024,09/30/2025
38C0001103,COLUMBIA RIVER SURGERY CENTER LLC,9820 NORTHEAST CASCADES PARKWAY,PORTLAND,OR,97220,,(503) 284-4147,95,5,0,97,93,5,2,96,87,11,2,94,83,15,2,93,3,559,158,28,10/01/2024,09/30/2025
38C0001105,NORTHWEST SPINE AND LASER SURGERY CENTER LLC,8995 SOUTHWEST MILEY ROAD SUITE 204,WILSONVILLE,OR,97070,,(503) 694-8600,98,2,0,99,92,7,1,96,90,8,2,96,90,7,3,95,3,826,278,34,10/01/2024,09/30/2025
38C0001106,PLAZA AMBULATORY SURGERY CENTER LLC,5050 NORTHEAST HOYT ST SUITE 156,PORTLAND,OR,97213,,(971) 229-8100,99,1,0,99,94,5,1,96,90,10,0,96,88,11,1,95,3,581,228,39,10/01/2024,09/30/2025
38C0001107,OREGON SPECIALISTS SURGERY CENTER LLC,2785 RIVER RD SOUTH,SALEM,OR,97302,,(971) 301-8500,97,3,0,99,95,4,1,97,94,3,3,95,94,3,3,97,"3,10",147,30,21,10/01/2024,09/30/2025
38C0001108,DESCHUTES SURGERY CENTER LLC,2115 NORTHEAST WYATT CT #105,BEND,OR,97701,,(541) 323-6283,97,2,1,98,97,1,2,98,88,10,2,96,90,8,2,96,"3,6",436,83,20,10/01/2024,09/30/2025
38C0001109,CENTRAL OREGON SURGERY CENTER LLC,1835 NORTHWEST PENCE LANE SUITE 100,BEND,OR,97703,,(541) 323-6184,97,3,0,98,94,5,1,97,85,12,3,94,87,11,2,95,,1069,281,26,10/01/2024,09/30/2025
38C0001110,OREGON SURGICAL INSTITUTE,9405 SOUTHWEST NIMBUS AVE,BEAVERTON,OR,97211,,(971) 708-0400,100,0,0,100,96,3,1,98,99,1,0,98,97,1,2,98,3,582,310,53,10/01/2024,09/30/2025
38C0001111,BURNSIDE SURGERY CENTER,689 NORTHWEST BURNSIDE ROAD 1ST FLOOR,GRESHAM,OR,97030,,(503) 382-8100,95,4,1,97,90,7,3,94,86,11,3,94,77,16,7,88,"3,6",309,58,19,10/01/2024,09/30/2025
38C0001112,CRATER LAKE SURGERY CENTER LLC,833 BENNETT AVENUE,MEDFORD,OR,97504,,(541) 200-3600,98,1,1,98,92,6,2,95,90,7,3,94,87,10,3,94,3,325,110,34,10/01/2024,09/30/2025
38C0001113,NORTHWEST DIALYSIS ACCESS CENTER,9701 SOUTHWEST BARNES ROAD SUITE 110,PORTLAND,OR,97225,,(503) 595-6675,96,2,2,97,86,10,4,91,77,14,9,91,73,24,3,90,"3,6",337,50,16,10/01/2024,09/30/2025
38C0001114,GSO EQUIPMENT CORP DBA THE OREGON CLINIC ENDOSCOPY CENTER NEWBERG,879 PROVIDENCE DR,NEWBERG,OR,97132,,(971) 224-3259,98,2,0,99,94,5,1,97,95,4,1,97,93,6,1,97,3,2056,365,18,10/01/2024,09/30/2025
38C0001116,SURGERY CENTER OF MT SCOTT LLC,9300 SOUTHEAST 91ST AVENUE SUITE 101,HAPPY VALLEY,OR,97086,,(000) 000-0000,99,1,0,99,93,6,1,96,89,10,1,96,87,11,2,94,3,787,238,30,10/01/2024,09/30/2025
38C0001117,CENTRAL OREGON SURGICAL INSTITUTE LLC,1550 NORTHEAST 27TH STREET SUITE 110,BEND,OR,97701,,(541) 262-4111,97,3,0,99,91,7,2,94,84,14,2,93,82,15,3,93,3,406,132,33,10/01/2024,09/30/2025
38C0001118,SURGERY CENTER AT ST VINCENT LLC DBA EAST PAVILION SURGERY CENTER,9135 SORTHWEST BARNES ROAD SUITE 161,PORTLAND,OR,97225,,(614) 562-9917,99,1,0,99,91,8,1,95,92,7,1,95,90,9,1,96,3,823,247,30,10/01/2024,09/30/2025
38C0001119,"PONY CREEK ANNEX, LLC DBA BAY EYE SURGERY CENTER",2075 PUBLIC SQUARE COURT,NORTH BEND,OR,97459,,(541) 435-7705,99,1,0,99,94,5,1,97,95,4,1,97,95,4,1,98,,1094,524,48,10/01/2024,09/30/2025
38C0001120,DRS LLC DBA MCMINNVILLE SURGERY CENTER,2445 NORTHEAST CUMULUS AVENUE SUITE B,MCMINNVILLE,OR,97128,,(503) 472-4688,98,1,1,99,91,7,2,95,92,6,2,96,89,9,2,95,"3,6",689,78,12,10/01/2024,09/30/2025
38C0001122,PACIFIC CARDIOVASCULAR CENTER LLC DBA PACIFIC CARDIOVASCULAR SURGERY CENTER,550 HAWTHORNE AVENUE SOUTHEAST SUITE 150,SALEM,OR,97301,,(971) 707-4525,99,1,0,100,92,7,1,96,92,7,1,97,91,8,1,96,3,529,195,37,10/01/2024,09/30/2025
38C0001124,PACIFIC NORTHWEST SURGERY CENTER LLC,2445 BEVERLY STREET,SPRINGFIELD,OR,97477,,(541) 284-3052,98,2,0,99,92,6,2,95,86,12,2,94,88,11,1,95,3,897,264,29,10/01/2024,09/30/2025
38C0001125,EIGER BRANCH LLC DBA ORTHOPEDIC OUTPATIENT CENTER,577 AIRPORT ROAD,MEDFORD,OR,97504,,(541) 608-2590,97,3,0,98,91,7,2,95,92,6,2,96,91,7,2,96,3,666,181,27,10/01/2024,09/30/2025
39C0001014,PENNSYLVANIA EYE SURGERY CENTER INC,4100 LINGLESTOWN RD,HARRISBURG,PA,17112,,(717) 657-2020,93,6,1,96,80,14,6,87,73,18,9,89,71,21,8,86,,795,140,18,10/01/2024,09/30/2025
39C0001016,NEI AMBULATORY SURGERY CENTER INC PC,204 MIFFLIN AVE.,SCRANTON,PA,18503,,(570) 340-8094,95,5,0,97,86,10,4,91,84,12,4,93,86,10,4,93,,972,156,17,10/01/2024,09/30/2025
39C0001017,SOUTHWESTERN AMBULATORY SURGERY CENTER LLC,"500 LEWIS RUN RD, STE.202",WEST MIFFLIN,PA,15122,,(412) 469-6964,97,3,0,98,92,6,2,95,87,9,4,94,85,12,3,93,,493,190,39,10/01/2024,09/30/2025
39C0001020,POCONO AMBULATORY SURGERY CENTER LTD,1 STORM ST,STROUDSBURG,PA,18360,,(570) 421-4978,98,2,0,99,95,4,1,97,93,7,0,97,92,6,2,96,,667,203,30,10/01/2024,09/30/2025
39C0001025,APPLE HILL SURGICAL CENTER,25 MONUMENT RD SUITE 270,YORK,PA,17403,,(717) 741-8252,99,1,0,99,96,4,0,98,94,5,1,97,92,6,2,96,,2525,697,28,10/01/2024,09/30/2025
39C0001027,E RONALD SALVITTI MD DBA SOUTHWESTERN PENNSYLVANIA EYE SURGERY CENTER,750 EAST BEAU ST,WASHINGTON,PA,15301,,(724) 228-7477,96,4,0,98,90,8,2,94,89,8,3,95,91,7,2,96,3,656,118,18,10/01/2024,09/30/2025
39C0001031,ABINGTON SURGICAL CENTER,2701 BLAIR MILL RD. #35,WILLOW GROVE,PA,19090,,(215) 443-8505,97,3,0,99,93,6,1,96,92,6,2,96,91,7,2,96,,624,217,35,10/01/2024,09/30/2025
39C0001035,DIGESTIVE DISEASE INSTITUTE,899 POPLAR CHURCH RD,CAMP HILL,PA,17011,,(717) 763-0430,99,1,0,99,91,7,2,95,86,12,2,95,80,17,3,92,"3,6",495,63,13,10/01/2024,09/30/2025
39C0001036,AESTIQUE AMBULATORY SURGICAL CENTER INC,1 AESTHETIC WAY,GREENSBURG,PA,15601,,(724) 832-7555,,,,,,,,,,,,,,,,,1,,,,,
39C0001040,THE SURGERY CENTER OF CHESTER COUNTY,460 CREAMERY WAY SUITE 100,EXTON,PA,19341,,(610) 594-8900,98,2,0,99,95,4,1,97,95,4,1,97,90,7,3,95,3,835,257,31,10/01/2024,09/30/2025
39C0001041,HANOVER SURGICENTER LLC,250 FAME AVE. STE. 130,HANOVER,PA,17331,,(717) 633-1600,99,1,0,100,97,3,0,98,85,15,0,95,78,22,0,93,"3,6",171,58,34,10/01/2024,09/30/2025
39C0001048,WEST SHORE ENDOSCOPY CENTER LLC,"423 N. 21 ST., STE. 102",CAMP HILL,PA,17011,,(717) 975-2430,97,3,0,99,91,7,2,95,92,7,1,96,87,9,4,94,3,1057,369,35,10/01/2024,09/30/2025
39C0001051,OPHTHALMOLOGY SURGICAL CENTER INC,92 TUSCARORA ST,HARRISBURG,PA,17104,,(717) 233-2020,97,3,0,99,89,10,1,94,88,11,1,95,86,12,2,94,,776,313,40,10/01/2024,09/30/2025
39C0001053,PAOLI SURGERY CENTER LP,1 INDUSTRIAL BLVD,PAOLI,PA,19301,,(610) 408-0822,99,1,0,99,94,6,0,97,94,6,0,97,93,6,1,97,3,588,143,24,10/01/2024,09/30/2025
39C0001057,SURGERY CENTER OF BUCKS COUNTY,401 YORK ROAD,WARMINSTER,PA,18974,,(215) 443-3022,97,2,1,98,92,6,2,95,85,13,2,95,80,18,2,92,3,338,116,34,10/01/2024,09/30/2025
39C0001058,FORT WASHINGTON SURGERY CENTER LLC,467 PENNSYLVANIA AVE. STE 202,FORT WASHINGTON,PA,19034,,(215) 628-4300,98,2,0,99,96,3,1,98,93,7,0,96,91,9,0,97,3,537,108,20,10/01/2024,09/30/2025
39C0001060,WILLS EYE SURGERY CENTER AT PLYMOTH MEETING,"625 W. RIDGE PIKE, BLDG B",CONSHOHOCKEN,PA,19428,,(610) 834-9700,96,4,0,98,93,6,1,96,92,6,2,95,92,7,1,97,3,391,138,35,10/01/2024,09/30/2025
39C0001061,THREE RIVERS ENDOSCOPY CENTER INC,725 CHERRINGTON PARKWAY STE. 101,MOON TOWNSHIP,PA,15108,,(412) 262-1000,98,2,0,99,96,3,1,98,96,4,0,98,93,6,1,97,3,514,182,35,10/01/2024,09/30/2025
39C0001064,TRI COUNTY OUTPATIENT SURGICAL FACILITY INC,2913 FREEPORT RD,NATRONA HEIGHTS,PA,15065,,(724) 226-3900,,,,,,,,,,,,,,,,,1,,,,,
39C0001066,SPRINGFIELD AMBULATORY SURGERY CENTER,1528 BETHLEHEM PIKE,FLOURTOWN,PA,19031,,(215) 402-0600,98,2,0,99,92,6,2,95,91,7,2,95,88,10,2,95,,1638,426,26,10/01/2024,09/30/2025
39C0001067,GI ASC LLC,3998 RED LION RD STE. 240,PHILADELPHIA,PA,19114,,(215) 632-3500,98,2,0,99,95,4,1,97,92,6,2,96,89,9,2,96,3,785,156,20,10/01/2024,09/30/2025
39C0001070,MAIN LINE SURGERY CENTER LLC,10 PRESIDENTIAL BLVD SUITE 200,BALA CYNWYD,PA,19004,,(610) 949-9066,97,3,0,99,92,6,2,95,89,10,1,96,89,9,2,95,3,1225,475,39,10/01/2024,09/30/2025
39C0001074,HAZLETON AMBULATORY SURGICAL CENTER LLC,1062 N CHURCH ST,HAZLETON,PA,18202,,(570) 459-5702,99,1,0,99,90,8,2,94,96,3,1,97,92,6,2,96,"3,6",142,57,40,10/01/2024,09/30/2025
39C0001075,INDIANA AMBULATORY SURGICAL ASSOCIATES LLC,841 HOSPITAL RD. STE. 1200,INDIANA,PA,15701,,(724) 465-1922,96,3,1,98,90,8,2,94,83,13,4,94,78,18,4,91,3,564,168,30,10/01/2024,09/30/2025
39C0001076,PHILADELPHIA SURGI CENTER INC,9500 ROOSEVELT BLVD,PHILADELPHIA,PA,19115,,(215) 969-5650,96,3,1,98,87,9,4,91,86,14,0,96,86,11,3,94,"3,10",389,49,13,10/01/2024,09/30/2025
39C0001077,PROGRESSIVE SURGICAL INSTITUTE INC,201 EAST LAUREL BLVD,POTTSVILLE,PA,17901,,(570) 628-4444,97,2,1,98,94,4,2,96,84,14,2,94,81,17,2,93,"3,6",312,51,18,10/01/2024,09/30/2025
39C0001078,DERMATOLOGY AND COSMETIC SURGERY CENTER PC,100 NORTH WREN DR,PITTSBURGH,PA,15243,,(412) 429-2570,98,2,0,99,91,8,1,95,91,7,2,96,95,5,0,98,3,551,104,19,10/01/2024,09/30/2025
39C0001079,VALLEY VIEW SURGICAL CENTER,875 NORMAN DR,LEBANON,PA,17042,,(717) 272-2010,97,3,0,99,98,2,0,99,94,4,2,96,91,8,1,97,,508,193,38,10/01/2024,09/30/2025
39C0001080,HOLY REDEEMER AMBULATORY SURGERY CENTER LLC,821 HUNTINGDON PIKE SUITE 100,HUNTINGDON VALLEY,PA,19006,,(215) 214-0564,96,4,0,98,90,5,5,93,88,12,0,95,77,21,2,91,3,451,122,27,10/01/2024,09/30/2025
39C0001082,VILLAGE SURGICENTER LIMITED PARTNERSHIP,"5473 VILLAGE COMMON DR, STE. 100",ERIE,PA,16506,,(814) 836-0770,98,2,0,99,93,6,1,96,93,6,1,96,88,11,1,96,3,1877,651,35,10/01/2024,09/30/2025
39C0001084,VISION ONE LASER AND SURGERY CENTER LLC,140 JOHN ROBERT THOMAS DR,EXTON,PA,19341,,(610) 280-9144,98,2,0,99,93,6,1,96,89,8,3,95,88,10,2,95,3,520,182,35,10/01/2024,09/30/2025
39C0001085,WILLS SURGICAL CENTER STADIUM CAMPUS,3340 SOUTH BROAD ST.,PHILADELPHIA,PA,19145,,(215) 463-1900,96,4,0,98,92,6,2,95,89,9,2,95,85,12,3,94,"3,6",509,82,16,10/01/2024,09/30/2025
39C0001086,SUSQUEHANNA VALLEY SURGERY CENTER,"4310 LONDONBERRY RD, SUITE #1",HARRISBURG,PA,17109,,(717) 657-7556,97,2,1,98,93,5,2,96,92,6,2,95,85,12,3,94,3,1344,285,21,10/01/2024,09/30/2025
39C0001089,LAUREL LASER AND SURGERY CENTER LP,52 WATERFORD PIKE,BROOKVILLE,PA,15825,,(814) 849-0898,96,4,0,98,90,8,2,94,88,7,5,93,87,9,4,94,3,514,106,21,10/01/2024,09/30/2025
39C0001092,THE SCRANTON PA ENDOSCOPY ASC LP,517 ASH ST.,SCRANTON,PA,18509,,(570) 969-0151,95,4,1,97,93,6,1,96,87,10,3,94,86,11,3,93,,2516,981,39,10/01/2024,09/30/2025
39C0001093,HARRISBURG ENDOSCOPY AND SURGERY CENTER INC,4760 UNION DEPOSIT RD.,HARRISBURG,PA,17111,,(717) 545-8525,96,4,0,98,89,10,1,94,89,10,1,96,87,11,2,94,3,2069,117,6,10/01/2024,09/30/2025
39C0001094,SENECA PA ASC LLC,3744 SR 257,SENECA,PA,16346,,(814) 677-6700,96,4,0,98,91,7,2,95,86,12,2,93,83,16,1,94,3,782,114,15,10/01/2024,09/30/2025
39C0001095,WESTERN PA SURGERY CENTER WEXFORD BRANCH LLC,6001 STONEWOOD DR,WEXFORD,PA,15090,,(724) 933-3810,98,2,0,99,94,5,1,97,96,3,1,97,96,3,1,98,,1228,531,43,10/01/2024,09/30/2025
39C0001096,UPMC HAMOT SURGERY CENTER,200 STATE ST,ERIE,PA,16507,,(814) 453-3900,97,3,0,98,94,5,1,96,91,8,1,96,89,10,1,96,,1378,315,23,10/01/2024,09/30/2025
39C0001097,WEST SHORE SURGERY CENTER LTD,2015 TECHNOLOGY PARKWAY,MECHANICSBURG,PA,17050,,(717) 791-2500,97,3,0,98,90,7,3,93,86,13,1,95,92,8,0,97,3,641,102,16,10/01/2024,09/30/2025
39C0001099,ROY A HIMELFARB SURGERY CENTER,757 NORLAND AVE. STE. 100,CHAMBERSBURG,PA,17201,,(717) 217-6725,99,1,0,99,95,4,1,97,95,4,1,97,91,8,1,96,,920,255,28,10/01/2024,09/30/2025
39C0001100,YORK ENDOSCOPY CENTER LP,2690 SOUTH FIELD DR,YORK,PA,17403,,(717) 815-4303,98,2,0,99,93,6,1,96,91,5,4,95,86,10,4,93,,768,199,26,10/01/2024,09/30/2025
39C0001102,CARLISLE ENDOSCOPY CENTER LTD,241 ALEXANDER SPRING RD,CARLISLE,PA,17015,,(717) 245-2228,98,2,0,99,95,4,1,97,95,4,1,97,93,6,1,97,3,604,240,40,10/01/2024,09/30/2025
39C0001103,FOUR SEASONS ENDOSCOPY CENTER INC,"100 KNOWLSON AVE, CHIPPEWA TWP.",BEAVER FALLS,PA,15010,,(724) 891-2100,92,4,4,94,98,2,0,99,95,5,0,96,97,3,0,99,"3,6",255,55,23,10/01/2024,09/30/2025
39C0001108,ANGELINA THERESA BUCCI EYE SURGERY CENTER,158 WILKES BARRE TOWNSHIP BLVD,WILKES BARRE,PA,18702,,(570) 970-1414,98,2,0,99,88,9,3,93,93,5,2,96,87,13,0,96,"3,6",711,57,8,10/01/2024,09/30/2025
39C0001112,SURGICAL SPECIALTY CENTER,190 WELLES ST,FORTY FORT,PA,18704,,(570) 331-7615,98,2,0,99,92,7,1,95,91,7,2,96,87,11,2,95,,2530,962,38,10/01/2024,09/30/2025
39C0001113,HAZLETON ENDOSCOPY CENTER INC,10 PARK PL,HAZLE TOWNSHIP,PA,18202,,(570) 454-1400,96,3,1,98,91,6,3,94,93,7,0,97,94,6,0,98,3,1440,107,8,10/01/2024,09/30/2025
39C0001114,BERKS CENTER FOR DIGESTIVE HEALTH,1011 REED AVE,WYOMISSING,PA,19610,,(610) 685-4023,97,3,0,98,92,6,2,95,87,11,2,95,85,13,2,94,3,1232,291,24,10/01/2024,09/30/2025
39C0001116,SUSQUEHANNA SURGERY CENTER INC,6850 LOWS RD,BLOOMSBURG,PA,17815,,(570) 784-7300,,,,,,,,,,,,,,,,,1,,,,,
39C0001118,MONTGOMERY SURGERY CENTER LLC,1000 N BROAD ST,LANSDALE,PA,19446,,(215) 368-1646,99,1,0,99,94,5,1,96,93,5,2,96,90,8,2,96,3,541,245,45,10/01/2024,09/30/2025
39C0001120,EASTERN PENNSYLVANIA ENDOSCOPY CENTER LLC,1501 NORTH CEDAR CREST BLVD SUITE 100,ALLENTOWN,PA,18104,,(610) 289-2172,97,3,0,98,91,6,3,94,90,5,5,94,89,8,3,95,3,1185,307,26,10/01/2024,09/30/2025
39C0001121,UOC SURGICAL SERVICES LTD,101 REGENT CT,STATE COLLEGE,PA,16801,,(814) 231-2102,99,1,0,100,95,4,1,97,95,5,0,97,94,5,1,97,3,442,201,45,10/01/2024,09/30/2025
39C0001123,BERKSHIRE EYE LLC,2220 RIDGEWOOD RD,WYOMISSING,PA,19610,,(610) 736-0144,98,2,0,99,96,4,0,98,96,3,1,97,94,4,2,97,,733,350,48,10/01/2024,09/30/2025
39C0001124,MAHONING VALLEY AMBULATORY SURGERY CENTER INC,37 MEDICAL CROSSING RD,TAMAQUA,PA,18252,,(570) 386-5926,96,4,0,98,92,7,1,95,89,9,2,96,88,11,1,96,3,618,111,18,10/01/2024,09/30/2025
39C0001129,MIDATLANTIC ENDOSCOPY LLC DBA MID ATLANTIC GASTROINTESTINAL CENTER,2104 HARRISBURG PIKE SUITE # 300,LANCASTER,PA,17601,,(717) 869-4600,97,3,0,98,93,6,1,96,91,8,1,96,89,9,2,95,,1904,587,31,10/01/2024,09/30/2025
39C0001133,ENDOSCOPY CENTER OF PENNSYLANIA HOSPITAL,230 W WASHINGTON SQUARE,PHILADELPHIA,PA,19106,,(215) 829-5335,98,2,0,99,96,3,1,98,96,3,1,97,95,2,3,97,3,472,121,26,10/01/2024,09/30/2025
39C0001134,COLLEGE HEIGHTS ENDOSCOPY CENTER LLC,3147 COLLEGE HEIGHTS BLVD,ALLENTOWN,PA,18104,,(610) 841-2432,99,1,0,99,95,4,1,97,94,5,1,97,93,6,1,97,,4060,1377,34,10/01/2024,09/30/2025
39C0001135,MAIN LINE PA ENDOSCOPY ASC LP DBA MAIN LINE ENDOSCOPY CENTER BROOMALL,1991 SPROUL ROAD SUITE 240,BROOMALL,PA,19008,,(610) 229-9373,98,2,0,99,94,5,1,97,93,6,1,96,90,8,2,95,,6670,1815,27,10/01/2024,09/30/2025
39C0001137,MAIN LINE ENDOSCOPY CENTER WEST,325 CENTRAL AVE LOWER LEVEL,MALVERN,PA,19355,,(610) 644-7274,99,1,0,99,94,5,1,97,94,5,1,97,91,7,2,96,,2682,742,28,10/01/2024,09/30/2025
39C0001138,WATERFRONT SURGERY CENTER LLC,495 EAST WATERFRONT,HOMESTEAD,PA,15120,,(412) 325-2174,99,1,0,99,95,4,1,97,95,4,1,97,95,4,1,98,3,649,252,39,10/01/2024,09/30/2025
39C0001139,BERKS UROLOGIC SURGERY CENTER,1320 BROADCASTING RD SUITE 200,WYOMISSING,PA,19610,,(610) 685-4510,98,2,0,99,93,6,1,96,88,10,2,95,86,13,1,95,,821,243,30,10/01/2024,09/30/2025
39C0001141,WYOMISSING SURGICAL SERVICES INC,1235 PENN AVE. STE. 100,WYOMISSING,PA,19610,,(610) 373-3715,98,2,0,99,98,2,0,99,97,3,0,98,94,4,2,97,3,486,114,24,10/01/2024,09/30/2025
39C0001143,PENNSYLVANIA EYE AND EAR SURGERY,1 GRANITE POINT DR SUITE 200,WYOMISSING,PA,19610,,(610) 378-1344,98,2,0,99,92,7,1,96,94,6,0,96,91,7,2,96,3,481,189,39,10/01/2024,09/30/2025
39C0001146,KEYSTONE SURGERY CENTER LTD,575 E. NORWEGIAN ST.,POTTSVILLE,PA,17901,,(570) 622-2900,99,1,0,99,96,3,1,98,93,5,2,98,94,4,2,97,"3,10",178,37,21,10/01/2024,09/30/2025
39C0001147,LANCASTER UROLOGICAL GROUP INC THE UROLOGIC SURGERY CTR,2110 HARRISBURG AVE STE ONE,LANCASTER,PA,17601,,(717) 393-1771,97,3,0,99,91,8,1,95,83,14,3,92,77,21,2,92,3,532,176,33,10/01/2024,09/30/2025
39C0001150,HERSHEY ENDOSCOPY CENTER LLC,905 WEST GOVERNOR RD SUITE 100,HERSHEY,PA,17033,,(717) 531-1318,99,1,0,99,97,2,1,98,95,4,1,97,93,6,1,97,3,621,230,37,10/01/2024,09/30/2025
39C0001151,SOUTHWESTERN ENDOSCOPY CENTER LLC,300 SPRING CREEK LANE- LOWER LEVEL,UNIONTOWN,PA,15401,,(724) 439-8906,98,2,0,99,94,5,1,96,92,8,0,97,90,9,1,96,3,659,193,29,10/01/2024,09/30/2025
39C0001152,THE ENDOSCOPY CENTER LLC,815 SUMNEYTOWN PIKE,LANSDALE,PA,19446,,(215) 453-3050,98,2,0,99,95,4,1,97,94,5,1,97,91,6,3,95,3,854,269,31,10/01/2024,09/30/2025
39C0001153,THE SURGERY CENTER AT CRANBERRY,"105 BRANDT DR, SUITE 101",CRANBERRY TOWNSHIP,PA,16066,,(724) 772-1766,98,2,0,99,95,4,1,97,92,6,2,96,89,8,3,95,3,653,338,52,10/01/2024,09/30/2025
39C0001154,HUNTINGDON VALLEY SURGERY CENTER,1800 BYBERRY RD BUILDING 10,HUNTINGDON VALLEY,PA,19006,,(215) 914-4605,99,1,0,99,95,4,1,97,96,4,0,98,94,5,1,97,3,665,243,37,10/01/2024,09/30/2025
39C0001159,TRISTATE SURGERY CENTER LLC,"80 LANDING DR, STE. 101",WASHINGTON,PA,15301,,(724) 225-8800,98,2,0,99,94,5,1,96,94,4,2,97,91,7,2,96,3,526,208,40,10/01/2024,09/30/2025
39C0001160,PROGRESSIVE LASER SURGICAL INSTITUTE LTD,1300 BROADCASTING RD,WYOMISSING,PA,19610,,(610) 396-9999,,,,,,,,,,,,,,,,,1,,,,,
39C0001161,YORK ADAMS PAIN SPECIALISTS PC,250 FAME AVE STE. 120,HANOVER,PA,17331,,(717) 637-0943,98,2,0,99,92,7,1,96,94,5,1,96,92,5,3,96,,458,206,45,10/01/2024,09/30/2025
39C0001165,LIBERTY EYE SURGICAL CENTER LLC,9122 BLUE GRASS RD.,PHILADELPHIA,PA,19114,,(215) 673-9231,,,,,,,,,,,,,,,,,1,,,,,
39C0001166,THE POTTSVILLE PA ENDOSCOPY ASC LP,48 TUNNEL RD SUITE 103,POTTSVILLE,PA,17901,,(570) 622-6520,99,1,0,99,96,3,1,98,96,3,1,98,96,3,1,98,3,1126,386,34,10/01/2024,09/30/2025
39C0001168,HERSHEY OUTPATIENT SURGERY CENTER LP,15 HOPE DR,HERSHEY,PA,17033,,(717) 520-8200,97,3,0,98,92,7,1,95,88,11,1,95,83,15,2,93,,882,274,31,10/01/2024,09/30/2025
39C0001169,BRYN MAWR MEDICAL SPECIALISTS ASSOCIATION,825 OLD LANCASTER RD SUITE 320,BRYN MAWR,PA,19010,,(610) 527-3800,99,1,0,100,90,8,2,94,93,7,0,97,89,10,1,96,3,1596,224,14,10/01/2024,09/30/2025
39C0001174,BERSTEIN HILLIKER HARTZELL EYE CENTER LLP DBA THE SURGERY CENTER OF CENTRAL PA,66 ENTERPRISE BLVD,ALLENWOOD,PA,17810,,(570) 538-6005,97,3,0,99,91,7,2,94,90,7,3,94,91,7,2,96,"3,6",512,57,12,10/01/2024,09/30/2025
39C0001176,THE READING HOSPITAL SURGICENTER AT SPRING RIDGE LLC,2603 KEISER BLVD,WYOMISSING,PA,19610,,(484) 628-3079,100,0,0,100,95,4,1,97,97,3,0,98,91,7,2,96,,1045,296,28,10/01/2024,09/30/2025
39C0001177,2020 SURGERY CENTER LLC,516 PELLIS RD,GREENSBURG,PA,15601,,(724) 837-1043,98,2,0,99,84,13,3,90,93,6,1,97,92,6,2,97,"3,6",360,65,18,10/01/2024,09/30/2025
39C0001179,RADIANCE A PRIVATE OUTPATIENT SURGERY CENTER LLC,701 BOYCE RD,BRIDGEVILLE,PA,15017,,(412) 220-2336,96,3,1,98,92,6,2,95,88,9,3,94,81,14,5,91,3,638,117,18,10/01/2024,09/30/2025
39C0001181,ALLEGHENY SURGERY CENTER LLC,1402 NINTH AVE,ALTOONA,PA,16602,,(814) 940-2000,97,3,0,98,85,9,6,90,85,15,0,95,78,21,1,92,3,472,142,30,10/01/2024,09/30/2025
39C0001183,BERKS AMBULATORY SURGERY CENTER LLC,50 COMMERCE DR,WYOMISSING,PA,19610,,(610) 320-0200,99,1,0,99,95,3,2,97,95,3,2,97,92,6,2,96,3,594,219,37,10/01/2024,09/30/2025
39C0001184,THE SURGERY CENTER AT EDGEWORTH COMMONS,301 OHIO RIVER BLVD SUITE 100,SEWICKLEY,PA,15143,,(412) 741-1170,97,3,0,99,95,4,1,97,92,5,3,96,88,7,5,94,3,645,215,33,10/01/2024,09/30/2025
39C0001187,TURKS HEAD SURGERY CENTER LLC,915 OLD FERN HILL RD BUILDING B SUITE 100,WEST CHESTER,PA,19380,,(484) 723-0100,99,1,0,99,94,5,1,96,93,7,0,97,94,5,1,98,,675,232,34,10/01/2024,09/30/2025
39C0001189,SURGERY CENTER OF LANCASTER LP,"810 PLAZA BLVD, SUITE 101",LANCASTER,PA,17601,,(717) 431-2368,98,2,0,99,96,4,0,98,91,8,1,96,87,11,2,95,,505,211,42,10/01/2024,09/30/2025
39C0001190,PHYSICIANS SURGERY CENTER OF LEBANON,1840 QUENTIN RD,LEBANON,PA,17042,,(717) 272-0007,96,4,0,98,93,6,1,96,91,8,1,95,86,13,1,95,3,599,195,33,10/01/2024,09/30/2025
39C0001191,HARRISBURG INTERVENTIONAL PAIN MGMT CTR,825 SIR THOMAS CRT,HARRISBURG,PA,17109,,(717) 652-8670,99,1,0,100,97,2,1,99,97,3,0,98,96,3,1,98,3,389,152,39,10/01/2024,09/30/2025
39C0001193,SOUTH HILLS ENDOSCOPY CENTER,2589 BOYCE PLAZA RD.,PITTSBURGH,PA,15241,,(412) 232-8104,98,2,0,99,97,3,0,98,97,3,0,98,91,9,0,97,"3,10",409,26,6,10/01/2024,09/30/2025
39C0001194,CATARACT AND LASER SURGERY CTR DBA OPTHALMOLGY AND SURGICAL INSTITUTE OF CENTRAL PA,5 TYLER COURT,CARLISLE,PA,17015,,(717) 249-0745,98,2,0,99,93,6,1,96,92,6,2,96,89,9,2,95,,678,305,45,10/01/2024,09/30/2025
39C0001195,TRICOUNTY SURGERY CENTER,319 SECOND ST PIKE,SOUTHAMPTON,PA,18966,,(215) 396-4200,99,1,0,99,97,2,1,98,95,4,1,97,93,5,2,97,3,800,348,44,10/01/2024,09/30/2025
39C0001196,DEL VAL ASC DBA THE EYE SURGERY CENTER,200 MALL BLVD,KING OF PRUSSIA,PA,19406,,(610) 337-1580,97,3,0,99,90,8,2,94,89,10,1,95,92,7,1,97,3,683,248,36,10/01/2024,09/30/2025
39C0001198,MAIN LINE SPINE SURGERY CENTER INC,700 S. HENDERSON RD. #335,KING OF PRUSSIA,PA,19406,,(610) 337-2828,100,0,0,100,97,3,0,99,98,2,0,98,96,2,2,98,3,603,212,35,10/01/2024,09/30/2025
39C0001199,EYES OF YORK SURGICAL CENTER LLC,"1880 KENNETH RD., SUITE 2",YORK,PA,17408,,(717) 767-2001,97,3,0,98,94,4,2,96,86,12,2,95,87,11,2,95,,769,140,18,10/01/2024,09/30/2025
39C0001200,VALLEY EYE SURGICAL CENTER,1685 VALLEY CENTER PARKWAY,BETHLEHEM,PA,18017,,(732) 846-2501,97,3,0,99,93,6,1,96,91,7,2,96,86,10,4,93,3,597,244,41,10/01/2024,09/30/2025
39C0001202,WEST CHESTER ENDOSCOPY,915 OLD FERN HILL RD SUITE 300 BUILDING B,WEST CHESTER,PA,19380,,(610) 431-3122,97,3,0,99,92,6,2,95,88,10,2,95,88,10,2,95,,1717,441,26,10/01/2024,09/30/2025
39C0001204,CENTER FOR THE SURGICAL ARTS LLC,3107 FAIRWAY DR,ALTOONA,PA,16602,,(814) 949-7280,95,4,1,97,87,10,3,92,90,8,2,94,84,11,5,92,3,676,109,16,10/01/2024,09/30/2025
39C0001207,BLAIR ENDOSCOPY CENTER LLC,810 VALLEY VIEW BLVD,ALTOONA,PA,16602,,(814) 946-5469,98,2,0,99,94,5,1,96,92,7,1,96,89,9,2,96,3,799,276,35,10/01/2024,09/30/2025
39C0001208,THE RENAISSANCE CENTER FOR PLASTIC SURGERY,1845 MEMORIAL HWY,SHAVERTOWN,PA,18708,,(570) 674-6225,,,,,,,,,,,,,,,,,1,,,,,
39C0001210,THE SURGERY CENTER AT BENBROOK DBA BUTLER AMBULATORY SURGERY CENTER LLC,102 TECHNOLOBY DR,BUTLER,PA,16001,,(724) 431-0741,97,3,0,99,92,6,2,95,90,9,1,95,87,11,2,95,3,584,177,30,10/01/2024,09/30/2025
39C0001211,BUCKS COUNTY GI ENDOSCOPIC SURGICAL CENTER LLC,1339 WOOD BOURNE RD.,LEVITTOWN,PA,19057,,(215) 547-3441,96,4,0,98,93,6,1,96,85,14,1,95,87,10,3,94,"3,6",1382,96,7,10/01/2024,09/30/2025
39C0001214,BRANDYWINE VALLEY ENDOSCOPY CENTER,150 E. PENNSYLVANIA AVE. STE 320,DOWNINGTOWN,PA,19335,,(610) 269-5440,98,2,0,99,95,5,0,97,91,8,1,96,83,15,2,94,3,672,173,26,10/01/2024,09/30/2025
39C0001215,WELLSPAN CHAMBERSBURG ENDOSCOPY CENTER LLC,835 5TH AVENUE,CHAMBERSBURG,PA,17201,,(717) 217-4312,99,1,0,100,95,4,1,97,95,4,1,97,91,8,1,97,3,2658,725,27,10/01/2024,09/30/2025
39C0001217,VALLEY SURGICAL CENTER INC,4250 FRITCH DR,BETHLEHEM,PA,18020,,(610) 954-9040,96,3,1,98,92,6,2,96,92,4,4,95,93,2,5,95,,713,153,22,10/01/2024,09/30/2025
39C0001218,THE CENTER FOR SPECIALIZED SURGERY LP,2851 BAGLYOS CIR SUITE 100,BETHLEHEM,PA,18020,,(484) 821-0550,97,2,1,98,93,6,1,96,86,10,4,94,82,14,4,92,3,1389,446,32,10/01/2024,09/30/2025
39C0001219,MAIN STREET ASC LLC,1318 EISENHOWER BLVD,JOHNSTOWN,PA,15904,,(814) 266-5795,96,3,1,98,88,8,4,92,78,17,5,92,80,17,3,92,,560,115,21,10/01/2024,09/30/2025
39C0001222,EVANGELICAL COMMUNITY HOSPITAL ENDOSCOPY CENTER,90 MEDICAL PARK,LEWISBURG,PA,17837,,(570) 768-3300,,,,,,,,,,,,,,,,,1,,,,,
39C0001223,NAZARETH PHYSICIAN SERVICES DBA NAZARETH HEALTH ENDOSCOPY CENTER,1403 RHAWN STREET,PHILADELPHIA,PA,19111,,(000) 000-0000,98,2,0,99,95,4,1,97,95,3,2,97,90,7,3,95,3,1626,373,23,10/01/2024,09/30/2025
39C0001225,MOUNTAIN LAUREL SURGERY CENTER LLC,"1860 FAIR AVE., SUITE B",HONESDALE,PA,18431,,(570) 253-6688,98,2,0,99,95,5,0,97,93,4,3,97,90,9,1,96,"3,6",598,84,14,10/01/2024,09/30/2025
39C0001226,GAMMA SURGERY CENTER,107 GAMMA DR SUITE 200,PITTSBURGH,PA,15238,,(412) 963-7917,99,1,0,100,95,4,1,97,93,7,0,97,94,6,0,98,,467,229,49,10/01/2024,09/30/2025
39C0001228,CARBON SCHUYLKILL ENDOSCOPY CENTERINC,400 S. 9TH ST.,LEHIGHTON,PA,18235,,(610) 377-9680,98,2,0,99,94,5,1,97,92,6,2,96,90,7,3,95,3,885,300,34,10/01/2024,09/30/2025
39C0001230,ENDOSCOPY CENTER OF BUCKS COUNTY LP,790 NEWTOWN-YARDLEY RD. STE. 415,NEWTOWN,PA,18940,,(215) 579-2004,99,1,0,99,95,4,1,97,92,8,0,97,91,7,2,96,3,669,250,37,10/01/2024,09/30/2025
39C0001231,ENDOSCOPY CENTER AT ST MARY,1205 LANGHORNE -NEWTON RD # 103,LANGHORNE,PA,19047,,(215) 750-7490,98,2,0,99,95,4,1,97,95,3,2,97,95,3,2,97,3,1113,410,37,10/01/2024,09/30/2025
39C0001235,GATEWAY SURGERY CENTER LLC,"494 NORTHAMPTON ST., STE. 2",EDWARDSVILLE,PA,18704,,(570) 718-6692,98,2,0,99,90,8,2,94,88,11,1,96,88,11,1,96,,1049,397,38,10/01/2024,09/30/2025
39C0001236,ASSOCIATES SURGERY CENTERS LLC,9970 MOUNTAIN VIEW DR SUITE 100,WEST MIFFLIN,PA,15122,,(412) 653-3080,94,5,1,96,88,8,4,92,74,18,8,89,75,19,6,89,3,675,182,27,10/01/2024,09/30/2025
39C0001237,PGC ENDOSCOPY CENTER FOR EXCELLENCE LLC,700 COTTMAN AVE,PHILADELPHIA,PA,19111,,(215) 742-9900,98,2,0,99,96,3,1,97,95,3,2,97,92,6,2,96,3,2335,464,20,10/01/2024,09/30/2025
39C0001238,SURGERY CENTER OF ALLENTOWN,250 CETRONIA RD SUITE 300,ALLENTOWN,PA,18104,,(484) 223-2880,99,1,0,99,95,4,1,97,94,5,1,97,92,6,2,96,,2138,964,45,10/01/2024,09/30/2025
39C0001239,HAZLETON SURGERY CENTER LLC,50 MOISEY DR. STE. 100,HAZLETON,PA,18202,,(570) 501-6500,98,2,0,99,93,5,2,96,93,6,1,96,90,8,2,96,,829,235,28,10/01/2024,09/30/2025
39C0001242,COMMUNITY SURGERY AND LASER CENTER LLC,2 FARM COLONY DR,WARREN,PA,16365,,(814) 726-2303,95,5,0,97,79,15,6,87,82,15,3,92,74,22,4,89,3,614,217,35,10/01/2024,09/30/2025
39C0001245,MIDATLANTIC GASTRONINTESTINAL CENTER III,4140 OREGON PIKE,EPHRATA,PA,17522,,(717) 869-4600,97,3,0,99,94,5,1,97,93,6,1,96,90,8,2,96,,1590,506,32,10/01/2024,09/30/2025
39C0001246,LUDWICK LASER AND SURGERY CENTER LLC,825 FIFTH AVE STE 101,CHAMBERSBURG,PA,17201,,(717) 262-9715,97,3,0,99,91,7,2,95,89,8,3,95,88,9,3,95,,800,361,46,10/01/2024,09/30/2025
39C0001247,LAUREL LASER AND SURGERY CENTER ALTOONA,176 VISION DR,DUNCANSVILLE,PA,16635,,(814) 849-6517,97,2,1,98,89,9,2,94,84,11,5,93,86,13,1,95,"3,6",560,98,18,10/01/2024,09/30/2025
39C0001248,UPMC EAST SIDE SURGERY CENTER,5800 CENTRE AVENUE,PITTSBURGH,PA,15206,,(412) 924-0054,96,3,1,98,92,6,2,95,88,9,3,94,81,15,4,91,3,298,105,36,10/01/2024,09/30/2025
39C0001250,THE PHYSICIANS' SURGERY CENTER LANCASTER GENERAL LLC,2150 HARRISBURG PIKE,LANCASTER,PA,17604,,(717) 735-3993,98,2,0,99,94,5,1,97,91,8,1,96,91,8,1,97,3,400,123,31,10/01/2024,09/30/2025
39C0001252,NORTH POINTE SURGERY CENTER LP,170 NORTH POINTE BLVD,LANCASTER,PA,17601,,(717) 735-6650,99,1,0,99,96,4,0,98,97,3,0,97,93,6,1,97,3,1714,590,34,10/01/2024,09/30/2025
39C0001255,THE PAIN AND SURGICAL CENTER OF LANGHORNE,"820 TOWN CENTER DR, STE. 200",LANGHORNE,PA,19047,,(267) 212-5000,98,2,0,99,94,5,1,96,95,3,2,96,90,9,1,96,3,600,193,32,10/01/2024,09/30/2025
39C0001257,UROLOGY HEALTH SURGERY CENTER LLC,1235 OLD YORK RD. STE. 218,ABINGTON,PA,19001,,(215) 517-1100,98,2,0,99,96,3,1,98,92,6,2,97,92,4,4,95,"3,6",280,82,29,10/01/2024,09/30/2025
39C0001259,ENDOSCOPY ASSOCIATES OF VALLEY FORGE,420 WEST LINFIELD TRAPPE ROAD BLDG B SUITE 101,LIMERICK,PA,19468,,(484) 938-4030,99,1,0,100,96,3,1,97,94,6,0,98,94,5,1,97,3,1645,586,36,10/01/2024,09/30/2025
39C0001261,ST LUKES ENDOSCOPY CENTER BUXMONT,1107 BETHLEHEM PIKE,SELLERSVILLE,PA,18960,,(267) 985-5050,99,1,0,99,97,2,1,98,95,4,1,97,94,3,3,97,,1446,466,32,10/01/2024,09/30/2025
39C0001264,STATE HILL SURGICENTER,2630 WESTVIEW DR,WYOMISSING,PA,19610,,(610) 898-1515,97,3,0,98,93,5,2,96,89,9,2,95,89,10,1,96,,403,174,43,10/01/2024,09/30/2025
39C0001265,MCCANDLESS ENDOSCOPY CENTER LLC,9335 MCKNIGHT RD SUITE 200,PITTSBURGH,PA,15237,,(412) 367-1064,98,2,0,99,95,4,1,97,93,5,2,97,90,8,2,96,3,1151,266,23,10/01/2024,09/30/2025
39C0001272,TREVOSE SPECIALTY CARE SURGICAL CENTER LLC,4979 OLD ST RD.,TREVOSE,PA,19053,,(267) 684-6047,97,3,0,98,97,2,1,98,90,10,0,97,92,8,0,97,"3,6",579,59,12,10/01/2024,09/30/2025
39C0001277,JEFFERSON SURGICAL CTR AT NAVY YARD,3 CRESENT DR STE 310,PHILADELPHIA,PA,19112,,(267) 419-3600,98,2,0,99,94,5,1,97,94,4,2,97,89,9,2,95,3,596,177,30,10/01/2024,09/30/2025
39C0001280,FPM UROGYNECOLOGY CENTER LLC,3050 HAMILTON BLVD SUITE 200,ALLENTOWN,PA,18103,,(610) 435-9575,,,,,,,,,,,,,,,,,1,,,,,
39C0001281,RIDDLE SURGICAL CENTER LLC,1118 WEST BALTIMORE PIKE,MEDIA,PA,19063,,(484) 931-2264,99,1,0,100,92,6,2,95,92,8,0,97,91,7,2,96,3,555,216,39,10/01/2024,09/30/2025
39C0001287,GRANT SURGICENTER LLC,2000 GRANT AVE SUITE 101,PHILADELPHIA,PA,19115,,(215) 992-6002,97,3,0,98,88,9,3,93,86,13,1,94,81,16,3,92,,790,103,13,10/01/2024,09/30/2025
39C0001289,THE AMBULATORY SURGERY CENTER AT ST MARY LLC,1203 LANGHORNE NEWTOWN RD,LANGHORNE,PA,19047,,(215) 809-2610,98,2,0,99,95,4,1,97,91,6,3,96,86,11,3,94,,1217,384,32,10/01/2024,09/30/2025
39C0001292,NEW BRITAIN SURGERY CENTER LLC,1200 MANOR DR. STE 40,CHALFONT,PA,18914,,(267) 954-1165,98,1,1,99,93,5,2,96,93,6,1,97,91,7,2,96,3,631,105,17,10/01/2024,09/30/2025
39C0001294,DH PHYSICIANS AMBULATORY SERVICES,102 PROGRESS DR SUITE 100,DOYLESTOWN,PA,18901,,(267) 864-0008,99,1,0,100,92,8,0,96,90,10,0,96,89,11,0,96,3,691,182,26,10/01/2024,09/30/2025
39C0001298,ADVANCED CENTER FOR SURGERY LLC,3280 PLEASANT VALLEY BLVD,ALTOONA,PA,16602,,(814) 381-0009,97,2,1,98,91,7,2,95,88,9,3,95,92,6,2,96,3,559,161,29,10/01/2024,09/30/2025
39C0001299,ACADEMIC UROLOGY OF PA DBA BRYN MAWR UROLOGY ASSOCIATES,919 CONESTOGA RD BUILDING 1 SUITE 300,ROSEMONT,PA,19010,,(610) 525-6580,96,3,1,97,89,7,4,93,85,12,3,94,83,15,2,93,3,1676,279,18,10/01/2024,09/30/2025
39C0001305,CAPITAL SURGERY AND LASER CENTER,10 CAPITAL DR SUITE 200,HARRISBURG,PA,17110,,(717) 547-3850,98,2,0,99,92,6,2,95,91,7,2,96,90,9,1,96,3,475,214,45,10/01/2024,09/30/2025
39C0001308,MONROEVILLE AMBULATORY SURGERY CENTER LLC,4121 MONROEVILLE BLVD,MONROEVILLE,PA,15146,,(412) 380-5624,98,2,0,99,95,4,1,97,93,6,1,97,92,7,1,97,,1459,442,30,10/01/2024,09/30/2025
39C0001309,NORTHEAST REGIONAL SURGERY CENTER LLC,11 GALLAGHER DR,PLAINS,PA,18705,,(570) 970-1030,,,,,,,,,,,,,,,,,1,,,,,
39C0001313,ACADEMIC UROLOGY OF PA LLC DBA TRI COUNTY UROLOGY,20 NORTH SUNNYBROOK ROAD,POTTSTOWN,PA,19464,,(610) 935-9010,98,2,0,99,86,12,2,92,88,11,1,95,83,12,5,91,3,1036,145,21,10/01/2024,09/30/2025
39C0001314,ALLEGHENEY CLINIC DBA WEXFORD SURGERY CENTER,12311 PERRY HWY,WEXFORD,PA,15090,,(412) 380-5624,99,1,0,99,94,5,1,96,93,6,1,97,93,6,1,97,,2329,584,25,10/01/2024,09/30/2025
39C0001315,UROLOGY HEALTH SURGERY CENTER LLC,4 INDUSTRIAL BLVD,PAOLI,PA,19301,,(484) 320-7700,95,3,2,97,94,4,2,97,92,2,6,96,88,9,3,94,"3,6",249,89,36,10/01/2024,09/30/2025
39C0001318,PAIN CENTER OF WYOMING VALLEY LLC,144 MUNDY STREET,WILKES BARRE,PA,18702,,(000) 000-0000,98,1,1,99,96,3,1,98,80,17,3,94,85,14,1,95,"3,10",341,49,14,10/01/2024,09/30/2025
39C0001319,BETHEL PARK SURGERY CENTER,990 HIGBEE DR,BETHEL PARK,PA,15102,,(412) 330-6209,99,1,0,99,94,5,1,97,95,4,1,97,96,3,1,98,,1511,408,27,10/01/2024,09/30/2025
39C0001320,HAMILTON SURGICAL INSTITUTE INC,5201 HAMILTON BLVD,ALLENTOWN,PA,18106,,(610) 530-4444,97,3,0,98,91,8,1,95,88,10,2,95,90,10,0,97,3,658,104,16,10/01/2024,09/30/2025
39C0001322,JEFFERSON ENDOSCOPY CENTER AT BALA,130 PRESIDENTIAL BLVD,BALA CYNWYD,PA,19004,,(267) 443-2040,98,2,0,99,93,5,2,96,93,6,1,96,89,11,0,96,"3,6",672,88,13,10/01/2024,09/30/2025
39C0001323,WEST SHORE PAIN AND SPINE INSTITUTE LLC,5124 E. TRINDLE RD,MECHANICSBURG,PA,17050,,(717) 920-3277,100,0,0,100,89,11,0,95,92,7,1,95,93,7,0,98,"3,6",136,52,39,10/01/2024,09/30/2025
39C0001324,PREMIER AT EXTON SURGERY CENTER LLC,491 JOHN YOUNG WAY SUITE 100,EXTON,PA,19341,,(484) 872-8408,97,3,0,98,89,9,2,94,90,8,2,95,85,14,1,95,,1017,256,25,10/01/2024,09/30/2025
39C0001325,325 ASC LLC,325 WEST GERMANTOWN PIKE SUITE 100,NORRISTOWN,PA,19403,,(610) 272-1881,93,6,1,96,83,14,3,90,80,15,5,92,72,24,4,88,3,905,126,18,10/01/2024,09/30/2025
39C0001326,ORTHOPAEDIC SURGERY CENTER AT BRYN MAWR HOSPITAL,135 SOUTH BRYN MAWR AVE SUITE 400,BRYN MAWR,PA,19010,,(610) 229-9550,99,1,0,99,96,4,0,98,92,6,2,97,92,5,3,95,3,769,277,36,10/01/2024,09/30/2025
39C0001327,GEISINGER-HM JOINT VENTURE LLC,10 CHOATE CIRCLE,MONTOURSVILLE,PA,17754,,(570) 368-5566,99,1,0,99,95,5,0,97,95,4,1,97,93,6,1,97,,1056,323,31,10/01/2024,09/30/2025
39C0001331,AMERICAN ACCESS CARE OF PENNSYLVANIA ASC DBA AZURA VASCULAR ACCESS CENTER,7959 BUSTLETON AVE,PHILADELPHIA,PA,19152,,(215) 742-5662,96,4,0,98,89,9,2,93,83,14,3,93,79,18,3,91,3,1758,199,11,10/01/2024,09/30/2025
39C0001333,AMERICAN ACCESS CARE OF SOUTH PHILADELPHIA ASC,2412 WEST PASSYUNK AVENUE,PHILADELPHIA,PA,19145,,(215) 462-2100,99,1,0,99,89,8,3,93,85,12,3,94,75,23,2,91,3,1404,136,10,10/01/2024,09/30/2025
39C0001334,ALLEGHENY CLINIC DBA AHN WESTMORELAND ENDOSCOPY CENTER,118 NATURE PARK RD SUITE 200,GREENSBURG,PA,15601,,(412) 330-5883,99,1,0,100,97,3,0,98,96,3,1,98,95,4,1,98,,2107,657,31,10/01/2024,09/30/2025
39C0001336,POTTSTOWN AMBULATORY CENTER,20 NORTH SUNNYBROOK RD  SUITE 2,POTTSTOWN,PA,19464,,(484) 374-2600,98,2,0,99,93,6,1,96,87,11,2,94,82,16,2,93,3,699,172,25,10/01/2024,09/30/2025
39C0001337,ACADEMIC UROLOGY OF PA DBA ASSOCIATES IN UROLOGY,200 EAST STATE STREET SUITE 205,MEDIA,PA,19063,,(610) 565-2776,96,4,0,98,89,8,3,93,85,12,3,94,80,18,2,92,3,1329,231,21,10/01/2024,09/30/2025
39C0001340,ACADEMIC UROLOGY OF PA DBA UROLOGY CENTER OF CHESTER COUNTY,2 INDUSTRIAL BLVD BUILDING C SUITE 120,PAOLI,PA,19301,,(610) 692-4270,97,3,0,98,90,7,3,94,77,18,5,91,76,21,3,90,3,479,121,25,10/01/2024,09/30/2025
39C0001341,THE PENNSYLVANIA SURGERY AND LASER CENTER,601 FRANKLIN MILLS CIR,PHILADELPHIA,PA,19154,,(215) 821-3131,95,4,1,97,88,9,3,92,82,11,7,93,79,15,6,89,"3,10",251,49,20,10/01/2024,09/30/2025
39C0001343,GRAND VIEW SURGERY CENTER AT HALEYSVILLE,270 MAIN ST SUITE 100,HARLEYSVILLE,PA,19438,,(267) 429-2550,97,2,1,98,91,6,3,94,89,7,4,94,86,10,4,93,3,578,192,33,10/01/2024,09/30/2025
39C0001344,GASTROINTESTINAL ENDOSCOPY CENTER LLC,1600 HORIZON DR SUITE 107,CHALFONT,PA,18914,,(215) 997-3906,98,2,0,99,91,7,2,95,93,5,2,96,88,9,3,95,3,2551,479,19,10/01/2024,09/30/2025
39C0001346,BUCKS COUNTY SURGICAL SUITES,2800 KELLY RD SUITE 100,WARRINGTON,PA,18976,,(215) 607-2100,98,2,0,99,96,4,0,98,94,6,0,97,93,5,2,97,,679,276,41,10/01/2024,09/30/2025
39C0001348,EAST FREEDOM SURGICAL ASSOCIATION LLC,15721 DUNNINGS HWY,DUNCANSVILLE,PA,16635,,(814) 317-0248,98,2,0,99,90,9,1,94,92,7,1,96,91,9,0,97,"3,6",868,90,10,10/01/2024,09/30/2025
39C0001349,ADVANCED SURGERY CENTER OF LANCASTER LLC,160 NORTH POINTE BLVD SUITE 105,LANCASTER,PA,17601,,(717) 359-3510,99,1,0,99,94,5,1,97,93,7,0,96,81,18,1,93,3,640,205,32,10/01/2024,09/30/2025
39C0001351,BEAVER VALLEY AMBULATORY SURGERY CENTER LLC,79 WAGNER ROAD,MONACA,PA,15061,,(000) 000-0000,99,1,0,99,95,4,1,97,91,8,1,96,88,11,1,95,3,511,139,27,10/01/2024,09/30/2025
39C0001354,TEREDESAI MCCANN AND ASSOCIATES DBA TMA VASCULAR ACCESS CENTER,1597 WASHINGTON PIKE SUITE A14,BRIDGEVILLE,PA,15017,,(412) 276-9030,95,5,0,97,85,12,3,91,88,9,3,94,89,10,1,96,"3,6",313,50,17,10/01/2024,09/30/2025
39C0001355,PHILADELPHIA SURGERY CENTER,124 NORTH NARBRETH AVE,NARBERTH,PA,19072,,(484) 434-7500,97,3,0,99,93,5,2,96,85,14,1,95,88,10,2,96,"3,6",518,93,18,10/01/2024,09/30/2025
39C0001357,MUVE WEST CHESTER AMBULATORY SURGICAL CENTER LLC,1230 AMERICAN BOULEVARD SUITE 101,WEST CHESTER,PA,19380,,(484) 473-6050,97,2,1,98,91,7,2,95,90,8,2,96,88,10,2,95,3,412,199,48,10/01/2024,09/30/2025
39C0001358,INTEGRATED SURGICAL INSTITUTE,1001 JAMES DRIVE,LEESPORT,PA,19533,,(000) 000-0000,99,1,0,99,93,6,1,96,94,5,1,97,92,7,1,97,"3,6",211,71,34,10/01/2024,09/30/2025
39C0001359,KING OF PRUSSIA SURGERY CENTER LLC,950 PULASKI DRIVE SUITE 140,KING OF PRUSSIA,PA,19406,,(610) 798-6054,96,3,1,97,91,8,1,95,91,7,2,96,87,10,3,94,3,2023,562,28,10/01/2024,09/30/2025
39C0001360,MIDLANTIC UROLOGY SURGERY CENTER,656 EAST SWEDESFORD ROAD SUITE 100,WAYNE,PA,19087,,(610) 273-5320,98,2,0,99,92,7,1,95,89,9,2,95,85,12,3,93,3,960,333,35,10/01/2024,09/30/2025
39C0001361,NAZARETH ENDOSCOPY CENTER LLC,2401 NORTHAMPTON STREET SUITE 220,EASTON,PA,18045,,(000) 000-0000,99,1,0,100,94,5,1,96,91,8,1,96,91,7,2,96,3,787,215,27,10/01/2024,09/30/2025
39C0001362,DOYLESTOWN SURGERY CENTER,593 WEST STATE STREET,DOYLESTOWN,PA,18901,,(000) 000-0000,97,3,0,99,93,5,2,96,89,7,4,95,89,6,5,94,3,689,278,40,10/01/2024,09/30/2025
39C0001366,BALA ASC,1 PRESIDENTIAL BOULEVARD SUITE 100,BALA CYNWYD,PA,19004,,(610) 667-3020,91,7,2,95,79,17,4,88,76,17,7,89,66,30,4,86,"3,6",837,72,13,10/01/2024,09/30/2025
39C0001367,WESTERN PA SURGERY CENTER BEAVER COUNTY BRANCH LLC,103 PLEASANT DRIVE,ALIQUIPPA,PA,15143,,(724) 933-3810,99,1,0,99,95,4,1,97,98,2,0,99,96,2,2,98,,671,336,50,10/01/2024,09/30/2025
39C0001368,UROLOGY HEALTH SURGERY CENTER LLC,1974 SPROUL ROAD SUITE 103,BROOMALL,PA,19008,,(610) 259-3000,98,2,0,99,98,1,1,99,94,6,0,96,86,13,1,95,"3,6",279,75,27,10/01/2024,09/30/2025
39C0001369,GREATER PITTSBURGH SURGERY LLC,1675 STATE ROUTE 51,JEFFERSON HILLS,PA,15025,,(412) 405-9585,98,2,0,99,92,8,0,96,93,5,2,96,94,6,0,98,"3,6",295,60,21,10/01/2024,09/30/2025
39C0001371,HERMITAGE ENDOSCOPY CENTER INC,949 NORTH HERMITAGE ROAD,HERMITAGE,PA,16148,,(724) 979-8515,94,5,1,96,85,11,4,91,80,15,5,92,81,14,5,91,3,733,153,21,10/01/2024,09/30/2025
39C0001373,PREMIER 2020 LLC DBA PREMIER SURGICAL CENTER,2350 VILLAGE COMMON DRIVE,ERIE,PA,16506,,(814) 453-4575,97,2,1,98,86,12,2,92,97,3,0,98,95,5,0,98,"3,6",1092,89,8,10/01/2024,09/30/2025
39C0001376,BMMSA HEART AND VASCULAR CENTER OF THE MAIN LINE,955 EAST HAVERFORD ROAD SUITE 100,BRYN MAWR,PA,19010,,(484) 449-3115,99,1,0,99,90,9,1,95,93,6,1,97,86,11,3,94,3,520,169,33,10/01/2024,09/30/2025
39C0001379,MUVE CHADDS FORD AMBULATORY SURGICAL CENTER LLC,100 WILMINGTON WEST CHESTER PIKE,CHADDS FORD,PA,19317,,(610) 672-4900,99,1,0,100,96,3,1,98,100,0,0,99,98,0,2,98,3,370,193,52,10/01/2024,09/30/2025
39C0001380,LOG SURGERY CENTER LLC,413 GRANITE RUN DRIVE,LANCASTER,PA,17601,,(717) 925-2900,98,2,0,99,91,7,2,95,93,6,1,96,90,8,2,96,,2227,938,42,10/01/2024,09/30/2025
39C0001381,CHERRY TREE SURGICAL LLC,795 CHERRY TREE COURT SUITE 1,HANOVER,PA,17331,,(717) 637-1919,99,1,0,99,94,6,0,97,96,3,1,96,79,4,17,82,"3,10",145,35,34,10/01/2024,09/30/2025
39C0001382,EAST NORRITON SURGICAL CENTER LLC,317 WEST GERMANTOWN PIKE SUITE 102,EAST NORRITON,PA,19403,,(267) 392-2402,97,2,1,98,93,5,2,95,86,11,3,95,91,6,3,95,"3,6",221,74,33,10/01/2024,09/30/2025
39C0001385,INTERVENTIONAL AND SURGICAL SUITES OF WILKES-BARRE LLC,1327 HIGHWAY 315 BOULEVARD SUITE 1,WILKES BARRE,PA,18702,,(570) 855-7002,98,1,1,99,94,5,1,97,89,10,1,95,91,7,2,96,3,707,202,29,10/01/2024,09/30/2025
39C0001386,FRESENIUS VASCULAR CARE LEHIGH VALLEY ASC LLC DBA AZURA VALLEY ACCESS ASC,2014 CITY LINE ROAD SUITE 101,BETHLEHEM,PA,18017,,(610) 264-5199,99,1,0,100,97,3,0,99,94,6,0,98,94,5,1,98,"3,6",456,80,18,10/01/2024,09/30/2025
39C0001388,SLATE HILL SURGERY CENTER LLC,3950 HARTZDALE DRIVE,CAMP HILL,PA,17011,,(717) 920-8800,98,2,0,99,93,6,1,96,93,6,1,96,92,7,1,97,3,814,276,34,10/01/2024,09/30/2025
39C0001389,FOUNDATION SURGERY AFFILIATE OF HUNTINGDON VALLEY LP DBA VALLEY PAIN CENTER,1800 BYBERRY ROAD SUITE 1101,HUNTINGDON VALLEY,PA,19006,,(215) 914-4600,98,1,1,99,96,2,2,97,92,8,0,98,86,10,4,93,"3,6",356,78,22,10/01/2024,09/30/2025
39C0001390,WELLSPAN ENDOSCOPY CENTER DBA WELLSPAN ENDOSCOPY CENTER AT BARRETT BOULEVARD,4150 BARRETT BOULEVARD,EPHRATA,PA,17522,,(717) 859-5160,98,2,0,99,94,4,2,96,89,11,0,96,84,16,0,95,3,542,117,22,10/01/2024,09/30/2025
39C0001391,LECOM AMBULATORY SURGERY CENTER,5202 PEACH STREET,ERIE,PA,16509,,(814) 315-4520,99,1,0,99,94,6,0,97,96,4,0,98,92,6,2,96,3,317,109,34,10/01/2024,09/30/2025
39C0001392,MONROE ENDOSCOPY CENTER LLC,511 VNA ROAD SUITE 200,EAST STROUDSBURG,PA,18301,,(570) 314-9401,99,0,1,99,93,6,1,96,94,4,2,96,91,6,3,95,3,646,148,23,10/01/2024,09/30/2025
39C0001397,WELLSPAN CITYGATE SURGERY CENTER LLC,35 ERICK ROAD,LANCASTER,PA,17601,,(717) 690-0811,,,,,,,,,,,,,,,,,1,,,,,
39C0001400,REVAMP ENCARDIA LLC DBA REVAMP HEART AND VASCULAR SURGERY CENTER,510 NORTH BROAD STREET SUITE 201,PHILADELPHIA,PA,19130,,(267) 908-9520,,,,,,,,,,,,,,,,,1,,,,,
40C0001004,EYE SURGERY SPECIALISTS OF PUERTO RICO LLC,809 HIPODROMO ST.,SANTURCE,PR,00909,,(787) 721-8330,95,4,1,97,87,11,2,92,94,5,1,97,90,10,0,97,3,1159,185,16,10/01/2024,09/30/2025
40C0001026,GUAYNABO AMBULATORY SURGICAL GROUP INC,48 CAM 165 STE 1010,GUAYNABO,PR,00968,,(787) 522-2825,98,2,0,99,92,6,2,95,94,5,1,97,92,8,0,97,3,606,187,33,10/01/2024,09/30/2025
41C0001002,CANDESCENT EYE SURGICENTER LLC,444 QUAKER LANE,WARWICK,RI,02886,,(401) 589-2716,,,,,,,,,,,,,,,,,1,,,,,
41C0001003,BAYSIDE ENDOSCOPY LLC,33 STANIFORD ST.,PROVIDENCE,RI,02905,,(401) 274-1810,98,2,0,99,91,8,1,95,91,6,3,96,89,8,3,95,3,1146,312,27,10/01/2024,09/30/2025
41C0001005,OCEAN STATE ENDOSCOPY CENTER,"148 WEST RIVER ST, STE 3",PROVIDENCE,RI,02904,,(401) 274-1260,94,5,1,96,90,8,2,94,83,14,3,94,85,11,4,93,3,1132,217,19,10/01/2024,09/30/2025
41C0001008,WEST RIVER ENDOSCOPY,44 WEST RIVER ST,PROVIDENCE,RI,02904,,(104) 274-4800,98,2,0,99,90,6,4,93,95,3,2,97,88,10,2,95,3,997,160,16,10/01/2024,09/30/2025
41C0001009,BAYSIDE ENDOSCOPY CENTER LLC DBA EAST GREENWICH ENDOSCOPY CENTER,1407 SOUTH COUNTY TRAIL,EAST GREENWICH,RI,02818,,(401) 885-2760,98,2,0,99,90,8,2,94,92,5,3,96,91,6,3,96,3,1996,534,27,10/01/2024,09/30/2025
41C0001012,THE ENT CENTER OF RHODE ISLAND LLC,55 LAMBERT LIND HWY,WARWICK,RI,02886,,(401) 737-4711,99,1,0,99,94,5,1,96,94,5,1,96,94,4,2,97,,839,286,34,10/01/2024,09/30/2025
41C0001013,EAST BAY ENDOSCOPY CENTER LLC,109 CLOCK TOWER SQUARE,PORTSMOUTH,RI,02871,,(401) 293-5400,97,3,0,98,95,4,1,97,95,4,1,98,92,5,3,96,3,378,128,34,10/01/2024,09/30/2025
41C0001017,UOI EAST BAY SURGERY CENTER LLC DBA UNIVERSITY ORTHOPEDICS EAST BAY SURGERY CENTER,1 KETTLE POINT AVENUE SUITE 200,EAST PROVIDENCE,RI,02914,,(401) 443-4230,98,2,0,99,93,6,1,96,94,6,0,98,93,6,1,97,3,663,253,38,10/01/2024,09/30/2025
41C0001018,BROWN MEDICINE ENDOSCOPY CENTER,62-68 AMARAL STREET,EAST PROVIDENCE,RI,02915,,(401) 649-4031,98,2,0,99,94,5,1,96,92,7,1,96,91,7,2,96,,1711,457,27,10/01/2024,09/30/2025
41C0001019,PROVIDENCE INTERVENTIONAL ASSOCIATES II LLC DBA PROVIDENCE ACCESS CARE,100 HIGHLAND AVENUE SUITE 100,PROVIDENCE,RI,02903,,(401) 277-9729,99,1,0,99,93,6,1,96,93,6,1,97,91,7,2,96,3,1218,218,18,10/01/2024,09/30/2025
41C0001020,CROSSINGS SURGERY CENTER LLC DBA ORTHO RI SURGERY CENTER,300 CROSSINGS BOULEVARD,WARWICK,RI,02886,,(401) 777-7000,98,2,0,99,93,6,1,96,93,6,1,97,93,5,2,97,3,637,210,33,10/01/2024,09/30/2025
41C0001022,GIULIO G DIAMANTE MD INC DBA SURGIHEALTH RHODE ISLAND,1277 HARTFORD AVENUE,JOHNSTON,RI,02919,,(401) 521-3606,95,4,1,97,88,11,1,93,95,5,0,97,87,13,0,96,"3,10",935,32,4,10/01/2024,09/30/2025
42C0001004,ANMED HEALTH MEDICUS SURGERY CENTER LLC,107 PROFESSIONAL CT,ANDERSON,SC,29621,,(864) 716-7953,98,2,0,99,94,4,2,96,93,5,2,96,91,8,1,97,,840,267,32,10/01/2024,09/30/2025
42C0001005,BAY MICROSURGICAL UNIT,1200 HIGHMARKET ST.,GEORGETOWN,SC,29440,,(843) 546-8421,97,3,0,98,93,6,1,96,89,9,2,95,90,8,2,95,3,694,289,42,10/01/2024,09/30/2025
42C0001011,CHARLESTON SURGERY CENTER LIMITED PARTNERSHIP,2690 LAKE PARK DR,NORTH CHARLESTON,SC,29406,,(843) 628-5823,98,1,1,99,95,4,1,97,94,5,1,97,92,7,1,97,3,830,215,26,10/01/2024,09/30/2025
42C0001012,LEXINGTON HEALTH INC DBA LMC IRMO ASC,7035 SAINT ANDREWS ROAD,COLUMBIA,SC,29212,,(803) 749-0924,97,3,0,98,94,5,1,97,98,1,1,98,93,6,1,97,3,563,132,24,10/01/2024,09/30/2025
42C0001013,COLUMBIA GASTROINTESTINAL ENDOSCOPY CENTER,1739 LAUREL ST SUITE 1B,COLUMBIA,SC,29204,,(803) 254-9588,98,2,0,99,96,3,1,98,93,6,1,97,94,5,1,97,,1890,685,36,10/01/2024,09/30/2025
42C0001014,CAROLINA REGIONAL SURGERY CENTER LTD,"1021 CIPRIANA DR, SUITE 100",MYRTLE BEACH,SC,29572,,(843) 449-7885,97,3,0,98,95,4,1,97,92,6,2,96,90,8,2,96,3,1476,732,50,10/01/2024,09/30/2025
42C0001016,COLUMBIA EYE SURGERY CENTER INC.,1920 PICKENS ST,COLUMBIA,SC,29201,,(803) 779-3070,97,3,0,99,88,10,2,93,91,9,0,97,92,7,1,97,3,1268,221,18,10/01/2024,09/30/2025
42C0001017,CAROLINA SURGICAL CENTER,198 WOUTH HEDLONG AVE,ROCK HILL,SC,29732,,(803) 327-4664,99,1,0,99,96,3,1,98,93,6,1,96,89,10,1,96,,800,250,31,10/01/2024,09/30/2025
42C0001019,THE GREENWOOD ENDOSCOPY CENTER INC,103 LINER DR.,GREENWOOD,SC,29646,,(864) 227-3838,98,2,0,99,93,6,1,96,90,9,1,96,91,7,2,96,,1137,300,26,10/01/2024,09/30/2025
42C0001021,TRIDENT AMBULATORY SURGERY CENTER LP,"9313 MEDICAL PLAZA DR, SUITE 102",CHARLESTON,SC,29406,,(843) 797-8992,98,2,0,99,95,4,1,97,91,8,1,95,85,13,2,94,3,1507,458,30,10/01/2024,09/30/2025
42C0001022,GREENVILLE ENDOSCOPY CENTER,"317 ST. FRANCIS DR., STE. 150",GREENVILLE,SC,29601,,(864) 239-6636,98,2,0,99,89,8,3,93,91,8,1,96,84,15,1,94,"3,6",549,89,16,10/01/2024,09/30/2025
42C0001023,SPARTANBURG SURGERY CENTER LLC,391 SERPENTINE DR SUITE 200,SPARTANBURG,SC,29303,,(864) 585-2002,98,1,1,99,94,5,1,96,89,9,2,95,86,11,3,94,3,877,215,25,10/01/2024,09/30/2025
42C0001026,SOUTH CAROLINA ENDOSCOPY CENTER,131 SUMMERPLACE DR.,WEST COLUMBIA,SC,29169,,(803) 794-4585,97,3,0,99,93,6,1,96,92,8,0,97,90,10,0,97,3,873,143,16,10/01/2024,09/30/2025
42C0001027,JERVEY EYE CENTER LLC,1 DOCTORS DR,GREENVILLE,SC,29605,,(864) 250-6484,97,2,1,98,95,5,0,98,92,6,2,97,92,6,2,97,3,569,128,23,10/01/2024,09/30/2025
42C0001031,PALMETTO SURGERY CENTER LLC,109 BLARNEY DR.,COLUMBIA,SC,29223,,(803) 865-8200,98,2,0,99,95,5,0,97,92,7,1,97,91,6,3,95,,805,251,31,10/01/2024,09/30/2025
42C0001033,UPSTATE SURGERY CENTER LLC,10 ENTERPRISE BLVD STE. 109,GREENVILLE,SC,29615,,(864) 458-7141,98,2,0,99,95,4,1,97,92,7,1,97,91,8,1,96,3,1369,423,31,10/01/2024,09/30/2025
42C0001035,THE SURGERY CENTER AT SELF MEMORIAL HOSPITAL LLC,101 ACADEMY AVE,GREENWOOD,SC,29646,,(864) 725-7520,99,1,0,99,95,4,1,97,94,6,0,97,92,6,2,96,,1780,677,38,10/01/2024,09/30/2025
42C0001036,DERMATOLOGY SURGERY CENTER LLC DBA LASER & SKIN SURGERY CENTER,"15 HOSPITAL CTR BLVD, STE. 2",HILTON HEAD,SC,29926,,(843) 689-9200,99,1,0,100,87,10,3,92,95,4,1,96,87,4,9,92,"3,6",298,83,37,10/01/2024,09/30/2025
42C0001037,PARKWAY SURGERY CENTER,827 82ND PARKWAY,MYRTLE BEACH,SC,29572,,(843) 286-2020,98,2,0,99,91,8,1,95,86,14,0,95,91,8,1,96,"3,6",533,82,16,10/01/2024,09/30/2025
42C0001038,STRAND GI ENDOSCOPY CENTER,7900 NORTH KINGS HWY SUITE B,MYRTLE BEACH,SC,29572,,(843) 839-2584,98,2,0,99,93,5,2,96,92,7,1,96,92,7,1,97,3,669,170,26,10/01/2024,09/30/2025
42C0001040,LEXINGTON HEALTH INC DBA LMC LEXINGTON ASC,811 WEST MAIN STREET,LEXINGTON,SC,29072,,(803) 358-6100,99,1,0,100,97,3,0,98,94,6,0,97,90,7,3,95,3,1006,227,23,10/01/2024,09/30/2025
42C0001041,AMBULATORY SURGERY CENTER OF SPARTANBURG,720 NORTH PINE ST,SPARTANBURG,SC,29303,,(864) 504-3524,98,2,0,99,95,3,2,97,89,10,1,96,86,14,0,95,"3,6",354,87,25,10/01/2024,09/30/2025
42C0001044,BLUE RIDGE SURGERY CENTER,10630 CLEMSON BLVD SUITE 200,SENECA,SC,29678,,(864) 482-5100,99,1,0,99,95,4,1,97,94,5,1,97,95,4,1,98,,1167,496,43,10/01/2024,09/30/2025
42C0001045,RIVERTOWN SURGERY CTR,822 FARRAR DR,CONWAY,SC,29526,,(843) 347-9587,96,3,1,97,93,5,2,96,90,6,4,94,85,11,4,93,3,406,154,38,10/01/2024,09/30/2025
42C0001046,CHARLESTON ENT ASSOCIATES LLC DBA SURGERY CENTER OF CHARLESTON,1849 SAVAGE RD,CHARLESTON,SC,29407,,(843) 576-2600,98,2,0,99,94,5,1,96,86,12,2,96,83,15,2,93,3,634,109,17,10/01/2024,09/30/2025
42C0001047,FLORENCE SURGERY AND LASER CENTER LLC,400 NORTH CASHUA DR,FLORENCE,SC,29501,,(470) 219-7562,98,2,0,99,90,7,3,93,83,13,4,93,81,17,2,93,3,382,106,28,10/01/2024,09/30/2025
42C0001048,SOUTH CAROLINA ENDOSCOPY CENTER NORTHEAST,11 GATEWAY CORNERS PARK,COLUMBIA,SC,29203,,(803) 462-2300,97,2,1,98,94,5,1,97,87,11,2,94,92,4,4,95,"3,6",631,84,13,10/01/2024,09/30/2025
42C0001049,SOUTH CAROLINA HEALTH SERVICES,40 OKATIE CENTER BLVD S STE 125,OKATIE,SC,29909,,(843) 705-8823,98,2,0,99,93,5,2,96,91,7,2,96,91,7,2,96,,403,190,47,10/01/2024,09/30/2025
42C0001051,CAROLINA BONE AND JOINT SURGERY CENTER,101 SURGEONS DR.,MYRTLE BEACH,SC,29579,,(843) 236-6633,98,2,0,99,93,6,1,96,93,6,1,97,96,4,0,98,3,514,120,24,10/01/2024,09/30/2025
42C0001053,CHARLESTON ENDOSCOPY CENTER,1962 CHARLIE HALL BLVD,CHARLESTON,SC,29414,,(843) 793-5197,96,4,0,98,92,6,2,95,89,10,1,96,91,8,1,96,3,640,106,17,10/01/2024,09/30/2025
42C0001054,WESMARK AMBULATORY SURGERY CENTER,420 W. WESMARK BLVD,SUMTER,SC,29150,,(803) 905-5590,98,2,0,99,94,5,1,97,91,8,1,96,92,8,0,97,3,806,131,16,10/01/2024,09/30/2025
42C0001055,ANMED ENTERPRISES INC UPSTATE ENDOSCOPY CENTER INC LLC,1922 MCCONNELL SPRINGS RD STE B,ANDERSON,SC,29621,,(864) 716-6555,98,1,1,99,93,5,2,96,95,3,2,97,94,4,2,97,,561,208,37,10/01/2024,09/30/2025
42C0001056,PALMETTO ENDOSCOPY CENTER LLC,2073 CHARLIE HALL BLVD,CHARLESTON,SC,29414,,(843) 571-0643,99,1,0,100,94,5,1,97,100,0,0,98,87,9,4,93,"3,10",151,25,17,10/01/2024,09/30/2025
42C0001061,LOWCOUNTRY OUTPATIENT SURGERY CENTER LLC,93A SPRINGVIEW LANE,SUMMERVILLE,SC,29485,,(843) 285-6065,98,2,0,99,92,6,2,95,95,5,0,97,92,7,1,97,3,699,163,24,10/01/2024,09/30/2025
42C0001062,SURGERY CENTER AT PELHAM LLC,2755 SOUTH HWY 14,GREER,SC,29650,,(864) 334-2400,98,2,0,99,90,8,2,94,93,6,1,96,91,7,2,96,3,800,257,32,10/01/2024,09/30/2025
42C0001064,OUTPATIENT SURGERY CENTER OF HILTON HEAD,190 PEMBROKE DR,HILTON HEAD ISLAND,SC,29926,,(843) 682-5005,98,2,0,99,95,4,1,97,95,5,0,98,93,5,2,96,3,622,276,44,10/01/2024,09/30/2025
42C0001065,PHYSICIANS' EYE SURGERY CENTER,2060 CHARLIE HALL BLVD SUITE 301,CHARLESTON,SC,29414,,(843) 571-4800,96,4,0,98,94,4,2,96,85,12,3,94,82,14,4,92,,1107,385,35,10/01/2024,09/30/2025
42C0001068,MIDLANDS ORTHOPAEDICS SURGERY CENTER,1930 BLANDING ST,COLUMBIA,SC,29201,,(803) 933-6363,97,2,1,98,92,6,2,95,90,8,2,96,88,9,3,95,3,688,295,43,10/01/2024,09/30/2025
42C0001069,CAROLINA AMBULATORY SURGERY CENTER,110 PEPPER MILL WAY,AIKEN,SC,29801,,(803) 642-6060,95,4,1,97,89,8,3,93,79,14,7,91,83,16,1,94,"3,6",662,97,15,10/01/2024,09/30/2025
42C0001070,SURGERY AND LASER CENTER AT PROFESSIONAL PARK LLC,136 PROFESSIONAL PARK RD,CLINTON,SC,29325,,(864) 938-9836,96,3,1,97,88,9,3,93,83,15,2,93,82,13,5,91,3,391,110,28,10/01/2024,09/30/2025
42C0001071,BERKELEY ENDOSCOPY CENTER LLC,1072 WILDEWOOD CENTER DR,COLUMBIA,SC,29229,,(803) 719-5241,98,2,0,99,94,5,1,96,92,7,1,96,88,9,3,94,3,694,150,22,10/01/2024,09/30/2025
42C0001072,THE CENTER FOR ORTHOPAEDIC SURGERY,118 PROFESSIONAL PARK DR,ROCK HILL,SC,29732,,(803) 329-3134,98,2,0,99,92,7,1,95,92,7,1,96,88,10,2,95,3,1064,196,18,10/01/2024,09/30/2025
42C0001075,PRISMA HEALTH ASC MIDLANDS DBA PRISMA HEALTH ORTHOPEDIC SURGERY CENTER,104 SALUDA POINTE DRIVE SUITE 200,LEXINGTON,SC,29072,,(803) 939-5050,99,1,0,99,93,6,1,96,92,7,1,96,93,5,2,97,,2326,418,18,10/01/2024,09/30/2025
42C0001076,CAROLINA SURGERY CENTER LLC DBA THE SURGERY CENTER AT EDGEWATER,2536 LENGERS WAY,FORT MILL,SC,29707,,(803) 802-8480,99,1,0,99,96,3,1,97,91,8,1,96,93,6,1,97,3,546,112,21,10/01/2024,09/30/2025
42C0001078,THE SOUTHEASTERN SPINE INSTITUTE AMBULATORY SURGERY CENTER LLC,1106 CHUCK DAWLEY BLVD,MOUNT PLEASANT,SC,29464,,(469) 893-6573,98,2,0,99,93,6,1,96,93,5,2,96,94,4,2,97,3,752,235,31,10/01/2024,09/30/2025
42C0001079,GREENVILLE SURGERY CENTER LP,5 MEMORIAL MEDICAL CT.,GREENVILLE,SC,29605,,(868) 272-3409,94,5,1,96,87,11,2,93,76,16,8,89,74,16,10,87,3,577,181,31,10/01/2024,09/30/2025
42C0001080,YORK COUNTY ENDOSCOPY CENTER LLC,164 GLENWOOD DR.,ROCK HILL,SC,29732,,(803) 325-9010,98,2,0,99,93,6,1,96,93,6,1,96,89,9,2,95,,1242,292,24,10/01/2024,09/30/2025
42C0001081,PALMETTO ENDOSCOPY SUITE LLC,"1520 TAYLOR ST, STE. 250",COLUMBIA,SC,29201,,(803) 504-5710,98,2,0,99,95,4,1,97,93,4,3,96,93,7,0,97,3,737,201,27,10/01/2024,09/30/2025
42C0001082,ROPER ST FRANCIS EYE CENTER,18 FARMFIELD AVE,CHARLESTON,SC,29407,,(843) 958-2625,98,1,1,99,93,6,1,96,91,9,0,96,90,10,0,97,3,820,228,28,10/01/2024,09/30/2025
42C0001083,MOUNT PLEASANT OUTPATIENT SURGERY CENTER LLC,1439 STUART ENGALS BOULEVARD UNIT 100,MOUNT PLEASANT,SC,29464,,(843) 531-6615,99,1,0,99,96,4,0,98,96,4,0,97,92,5,3,96,3,693,171,25,10/01/2024,09/30/2025
42C0001084,PRACTICE PARTNERS IN HEALTHCARE INC,1844 WALLACE SCHOOL RD,CHARLESTON,SC,29407,,(843) 556-2545,98,2,0,99,95,4,1,97,92,7,1,96,87,11,2,95,,1186,330,28,10/01/2024,09/30/2025
42C0001085,CENTER FOR COLON AND DIGESTIVE DISEASES LLC,"103 GREGG AVE, NW",AIKEN,SC,29801,,(803) 226-0434,97,3,0,98,90,9,1,95,89,8,3,95,92,7,1,97,"3,6",586,96,17,10/01/2024,09/30/2025
42C0001086,SUMMERVILLE ENDOSCOPY CENTER,328 MIDLAND PARKSWAY,SUMMERVILLE,SC,29485,,(843) 722-8000,99,1,0,99,94,5,1,96,94,5,1,97,93,5,2,96,3,630,119,19,10/01/2024,09/30/2025
42C0001087,MURRELLS INLET ASC LLC DBA CAROLINA COAST SURGERY CENTER,3545 HWY 17 BYPASS,MURRELLS INLET,SC,29576,,(843) 299-1717,99,1,0,99,95,4,1,97,97,2,1,98,94,3,3,97,3,604,337,56,10/01/2024,09/30/2025
42C0001089,CENTER FOR ADVANCED SURGERY,3821 COMMERCIAL CENTER DR,LADSON,SC,29456,,(843) 628-5695,98,2,0,99,93,6,1,96,91,7,2,95,89,9,2,95,3,798,249,31,10/01/2024,09/30/2025
42C0001090,CAROLINA INTERVENTIONAL PAIN INSTITUTE,2611 FOREST DR SUITE 100,COLUMBIA,SC,29204,,(803) 851-4000,96,3,1,97,90,8,2,94,80,14,6,91,81,11,8,89,3,518,129,25,10/01/2024,09/30/2025
42C0001091,CHAPIN ORTHOPEDIC SURGERY CENTER,106 ELLETT RD,CHAPIN,SC,29036,,(803) 941-8096,98,2,0,99,93,5,2,96,94,5,1,97,91,7,2,96,3,588,234,40,10/01/2024,09/30/2025
42C0001092,COLUMBIA NEPHROLOGY ASSOCIATES,121 PARK CENTRAL DRIVE SUITE 100,COLUMBIA,SC,29203,,(717) 818-0153,97,3,0,98,88,8,4,92,89,9,2,95,78,15,7,89,3,1255,139,11,10/01/2024,09/30/2025
42C0001094,SURGERY CENTER OF CONWAY INC,1405 MAIN ST SUITE A,CONWAY,SC,29526,,(803) 252-7979,97,2,1,98,88,10,2,93,94,5,1,96,90,7,3,95,3,1182,116,10,10/01/2024,09/30/2025
42C0001095,CAROLINA SPECIALTY EYE SURGERY,1530 BOILING SPRINGS ROAD,BOILING SPRINGS,SC,29316,,(000) 000-0000,99,1,0,99,94,6,0,97,97,2,1,98,94,6,0,98,"3,6",257,90,35,10/01/2024,09/30/2025
42C0001096,TIDELANDS HEALTH ASC LLC DBA TIDELANDS HEALTH SURGERY CENTER AT THE MARKET COMMON,2200 CROW LANE SUITE 102,MYRTLE BEACH,SC,29577,,(843) 848-5120,98,2,0,99,93,6,1,96,94,5,1,96,89,8,3,95,3,692,125,18,10/01/2024,09/30/2025
42C0001097,LOW COUNTRY ENDOSCOPY CENTER,207 MCBRIDE LANE,SUMMERVILLE,SC,29486,,(000) 000-0000,98,2,0,99,93,5,2,96,96,4,0,99,95,5,0,98,3,639,126,20,10/01/2024,09/30/2025
42C0001098,SANDHILLS ENDOSCOPY CENTER,2631 FOREST DRIVE,COLUMBIA,SC,29204,,(803) 254-8449,98,2,0,99,95,4,1,97,92,7,1,97,90,8,2,95,3,936,185,20,10/01/2024,09/30/2025
42C0001099,GREENVILLE ENDOSCOPY CENTER INC,105 CHAPMAN HILL ROAD SUITE B,CLEMSON,SC,29631,,(864) 232-7338,98,1,1,99,95,5,0,97,94,5,1,97,92,7,1,97,3,555,101,18,10/01/2024,09/30/2025
42C0001102,LEXINGTON HEALTH INC DBA LMC NORTHEAST ASC,3016 LONGTOWN COMMONS DRIVE,COLUMBIA,SC,29229,,(803) 314-0550,97,3,0,98,96,3,1,97,93,6,1,96,94,3,3,97,3,1067,203,19,10/01/2024,09/30/2025
42C0001103,PALMETTO ENDOSCOPY CENTER MT PLEASANT LLC,1250 WIRE GRASS DRIVE,MOUNT PLEASANT,SC,29466,,(843) 571-0643,100,0,0,100,93,5,2,95,94,6,0,98,93,7,0,98,"3,10",146,29,20,10/01/2024,09/30/2025
42C0001104,SCENT ASC OPPORTUNITY FUND LLC DBA SCENT SURGICAL CENTER,145 PARK CENTERAL DRIVE SUITE 200,COLUMBIA,SC,29203,,(803) 302-7199,,,,,,,,,,,,,,,,,1,,,,,
42C0001105,GREENVILLE ENDOSCOPY CENTER INC,125 HALTON ROAD SUITE 100,GREENVILLE,SC,29607,,(864) 232-7338,98,1,1,99,92,6,2,95,94,4,2,96,92,6,2,96,3,584,117,20,10/01/2024,09/30/2025
42C0001106,PRISMA HEALTH ASC MIDLANDS DBA PRISMA HEALTH ENDOSCOPY CTR PARKRIDGE,100 PALMETTO HEALTH PARKWAY SUITE 100,COLUMBIA,SC,29212,,(803) 907-7780,99,1,0,99,94,5,1,97,94,5,1,96,86,13,1,95,,1838,203,11,10/01/2024,09/30/2025
42C0001107,SURGERY CENTER OF BLUFFTON LLC,6 ARLEY WAY SUITE 102,BLUFFTON,SC,29910,,(843) 766-7103,98,2,0,99,95,3,2,97,95,5,0,98,93,7,0,98,"3,6",460,69,15,10/01/2024,09/30/2025
42C0001108,GREENVILLE SURGERY CENTER LP DBA EHA SURGERY CENTER-SENECA,322 UNION STATION DRIVE SUITE 202,SENECA,NY,29678,,(864) 986-0085,96,4,0,98,90,8,2,94,89,9,2,96,87,12,1,95,3,432,141,33,10/01/2024,09/30/2025
42C0001109,COASTAL VASCULAR AND VEIN INSTITUTE LLC,1229 NEXTON PARKWAY UNIT C3,SUMMERVILLE,SC,29486,,(843) 577-4551,,,,,,,,,,,,,,,,,1,,,,,
42C0001110,MILLENNIUM ASC LLC,214 INNOVATION DRIVE,GREENVILLE,SC,29607,,(864) 695-1270,97,2,1,98,93,5,2,96,92,7,1,96,88,11,1,96,3,984,267,27,10/01/2024,09/30/2025
42C0001111,PPCP ENDOSCOPY LLC DBA NEXTON PROCEDURE CENTER,1235 NEXTON PARKWAY BLDG 4A,SUMMERVILLE,SC,29486,,(842) 900-6225,97,3,0,98,92,7,1,96,79,20,1,93,92,6,2,97,3,1451,328,23,10/01/2024,09/30/2025
43C0001003,BLACK HILLS REGIONAL EYE SURGERY CENTER LLC,2800 3RD ST,RAPID CITY,SD,57701,,(605) 719-3107,97,2,1,98,92,7,1,95,86,12,2,94,87,13,0,95,,616,259,42,10/01/2024,09/30/2025
43C0001004,SLINGSBY AND WRIGHT EYE SURGERY AND LASER CENTER LLC,240 MINNESOTA ST,RAPID CITY,SD,57701,,(605) 718-5123,97,3,0,98,92,6,2,95,85,12,3,93,85,13,2,94,,583,222,38,10/01/2024,09/30/2025
43C0001006,YANKTON MEDICAL CLINIC AMBULATORY SURGERY CENTER,1104 W. 8TH ST.,YANKTON,SD,57078,,(605) 665-6903,98,2,0,99,95,4,1,97,86,11,3,94,80,18,2,93,3,541,162,30,10/01/2024,09/30/2025
43C0001015,THE ENDOSCOPY CENTER INC,2820 MT. RUSHMORE RD.,RAPID CITY,SD,57701,,(605) 721-8121,98,2,0,99,96,4,0,98,96,3,1,97,90,7,3,95,3,450,163,36,10/01/2024,09/30/2025
43C0001016,OPHTHALMOLOGY LTD EYE SURGERY CENTER LLC,6601 SOUTH MINNESOTA AVE SUITE 100,SIOUX FALLS,SD,57108,,(605) 731-2630,97,3,0,98,94,5,1,96,89,8,3,96,92,8,0,97,3,548,112,21,10/01/2024,09/30/2025
43C0001020,INNOVATIVE PROCEDURAL CENTER LLC,1512 4TH ST. NE,WATERTOWN,SD,57201,,(605) 884-0100,97,3,0,99,94,5,1,97,85,13,2,94,83,16,1,94,,689,150,22,10/01/2024,09/30/2025
43C0001024,UROLOGY SPECIALISTS,201 WEST 69TH ST,SIOUX FALLS,SD,57108,,(605) 336-0635,96,3,1,97,91,7,2,95,83,12,5,93,84,15,1,94,,706,153,22,10/01/2024,09/30/2025
43C0001025,ISURGERY LLC,905 N. 3RD ST,ABERDEEN,SD,57401,,(605) 262-3937,98,2,0,99,95,5,0,97,92,6,2,96,93,6,1,97,3,420,234,56,10/01/2024,09/30/2025
43C0001026,PLASTIC SURGICAL CENTER OF RAPID CITY PROF LLC,3615 5TH ST. STE. 100,RAPID CITY,SD,57701,,(605) 343-6714,97,2,1,98,93,5,2,95,89,8,3,95,87,11,2,94,"3,6",404,79,20,10/01/2024,09/30/2025
43C0001027,VANCE THOMPSON VISION SURGERY CENTER PROF LLC DBA VANCE THOMPSON VISION SURGERY CENTER,3101 WEST 57TH ST,SIOUX FALLS,SD,57108,,(605) 371-7160,98,2,0,99,94,5,1,96,92,6,2,96,92,5,3,96,3,489,230,47,10/01/2024,09/30/2025
43C0001028,SANFORD HEALTH SANFORD CLINIC WATERTOWN SURGICAL CTR,901 4TH ST. NW,WATERTOWN,SD,57201,,(605) 882-8780,98,2,0,99,93,6,1,96,90,10,0,95,87,13,0,95,6,455,84,18,10/01/2024,09/30/2025
44C0001000,PHYSICIAN'S SURGERY CENTER OF KNOXVILLE LLC,1819 CLINCH AVE SUITE 206,KNOXVILLE,TN,37916,,(865) 522-2949,98,2,0,99,93,6,1,96,90,8,2,96,88,11,1,95,,779,189,24,10/01/2024,09/30/2025
44C0001001,EYE SURGERY CENTER OF NASHVILLE LLC,310 25TH AVE NORTH SUITE 105,NASHVILLE,TN,37203,,(615) 329-9023,98,2,0,99,95,4,1,97,92,7,1,97,93,6,1,97,,480,180,38,10/01/2024,09/30/2025
44C0001004,MEMPHIS SURGERY CENTER,1044 CREST HAVEN RD,MEMPHIS,TN,38119,,(901) 682-1516,96,3,1,98,91,7,2,94,84,13,3,94,83,15,2,93,,896,161,18,10/01/2024,09/30/2025
44C0001005,CHATTANOOGA SURGERY CENTER DBA CENTER FOR SPORTS MEDICINE & ORTHOPAEDIC SURGERY,400 HOLTZCLAW AVE,CHATTANOOGA,TN,37404,,(423) 541-6309,98,2,0,99,94,5,1,97,94,5,1,97,91,7,2,96,,1019,315,31,10/01/2024,09/30/2025
44C0001006,BRISTOL AMBULATORY SURGER CENTER,350 BLOUNTVILLE HIGHWAY,BRISTOL,TN,37620,,(000) 000-0000,97,3,0,99,95,4,1,97,91,8,1,95,91,8,1,96,,1320,340,26,10/01/2024,09/30/2025
44C0001008,NORTHRIDGE SURGERY CENTER,647 MYATT DR,MADISON,TN,37115,,(615) 868-8942,98,1,1,99,95,4,1,97,93,5,2,97,92,6,2,96,,680,248,36,10/01/2024,09/30/2025
44C0001009,MEMPHIS EYE AND CATARACT AMBULATORY SURGERY CENTER,6485 POPULAR AVE,MEMPHIS,TN,38119,,(901) 767-4014,96,4,0,98,90,7,3,93,81,17,2,94,85,13,2,95,3,563,124,23,10/01/2024,09/30/2025
44C0001012,SHEA CLINIC DBA SHEA CLINIC ASC,6133 POPLAR PIKE,MEMPHIS,TN,38119,,(901) 415-6646,95,4,1,97,93,5,2,96,83,15,2,94,91,9,0,97,"3,6",391,99,27,10/01/2024,09/30/2025
44C0001013,UROLOGY SURGERY CENTER LP,2801 CHARLOTTE AVE,NASHVILLE,TN,37209,,(615) 250-9314,96,3,1,97,94,5,1,96,89,9,2,95,81,18,1,93,3,558,129,23,10/01/2024,09/30/2025
44C0001014,THE ENDOSCOPY CENTER,"801 WEISGARBER, STE. 100",KNOXVILLE,TN,37909,,(865) 588-5121,98,2,0,99,94,5,1,96,96,3,1,97,94,5,1,97,,2250,698,31,10/01/2024,09/30/2025
44C0001016,RIDGE LAKE ASC LLC,825 RIDGE LAKE BLVD,MEMPHIS,TN,38120,,(901) 685-2200,93,6,1,96,89,8,3,93,77,18,5,91,78,20,2,92,3,1466,184,13,10/01/2024,09/30/2025
44C0001022,THE COOKEVILLE SURGERY CENTER,"100 W. 4TH ST, SUITE 100",COOKEVILLE,TN,38501,,(931) 520-5832,99,1,0,99,98,2,0,99,90,10,0,95,74,24,2,91,"3,6",150,51,34,10/01/2024,09/30/2025
44C0001023,DIGESTIVE DISEASE ENDOSCOPY CENTER INC,"222 22ND AVE NORTH, SUITE 300",NASHVILLE,TN,37203,,(615) 340-4629,97,2,1,98,91,7,2,94,84,14,2,94,88,11,1,95,,7532,466,6,10/01/2024,09/30/2025
44C0001024,COLUMBIA TN ENDOSCOPY ASC LLC,1510 1/2 HATCHER LN,COLUMBIA,TN,38401,,(931) 381-7818,98,2,0,99,92,7,1,96,89,8,3,95,87,10,3,94,,2256,617,27,10/01/2024,09/30/2025
44C0001025,NASHVILLE ENDOSURGERY CENTER,300 20TH AVE NORTH #800,NASHVILLE,TN,37203,,(615) 284-1335,96,4,0,98,91,8,1,95,86,10,4,94,86,10,4,94,,1573,274,17,10/01/2024,09/30/2025
44C0001026,VAN DYCK ASC LLC,1024 KELLEY DR,PARIS,TN,38242,,(615) 859-3937,98,2,0,99,95,4,1,97,93,6,1,96,92,7,1,97,3,531,171,32,10/01/2024,09/30/2025
44C0001027,UROLOGIC SURGERY CENTER OF KNOXVILLE,210 FORT SANDERS WEST BOULEVARD BLDG 3 SUITE 200,KNOXVILLE,TN,37922,,(865) 512-1565,98,2,0,99,93,6,1,96,93,6,1,96,90,9,1,96,,952,353,37,10/01/2024,09/30/2025
44C0001028,KINGSPORT ENDOSCOPY CORPORATION,135 WEST RAVINE RD SUITE 7A,KINGSPORT,TN,37660,,(423) 230-3162,99,0,1,99,90,8,2,94,97,1,2,97,93,5,2,97,3,1715,122,7,10/01/2024,09/30/2025
44C0001030,THE ENDOSCOPY CENTER OF NORTHEAST TENNESSEE,310 NORTH STATE OF FRANKLIN RD SUITE 202,JOHNSON CITY,TN,37604,,(423) 929-7111,97,3,0,98,92,5,3,95,89,8,3,95,93,6,1,97,3,1116,138,13,10/01/2024,09/30/2025
44C0001031,ST THOMAS MEDICAL GROUP ENDOSCOPY CENTER LLC,4230 HARDING RD. STE. 400,NASHVILLE,TN,37205,,(615) 250-4108,96,4,0,98,94,5,1,97,89,9,2,95,87,10,3,94,,2626,807,31,10/01/2024,09/30/2025
44C0001034,SURGICENTER OF MURFREESBORO MEDICAL CLINIC,1272 GARRISON DR,MURFREESBORO,TN,37129,,(615) 278-3785,98,2,0,99,95,4,1,97,95,4,1,97,94,5,1,97,3,837,262,31,10/01/2024,09/30/2025
44C0001035,G I DIAGNOSTIC AND THERAPEUTIC CENTER LLC,2020 EXETER,GERMANTOWN,TN,38138,,(901) 682-1233,97,3,0,98,89,8,3,93,87,11,2,95,87,12,1,95,,1297,253,20,10/01/2024,09/30/2025
44C0001037,LEBONHEUR EAST SURGERY CENTER II LP,786 ESTATE PL,MEMPHIS,TN,38120,,(901) 516-1420,,,,,,,,,,,,,,,,,1,,,,,
44C0001038,ENDOSCOPY CENTER OF KINGSPORT,"2204 PAVILION DR., STE. 108",KINGSPORT,TN,37660,,(423) 392-6100,98,2,0,99,93,6,1,96,92,5,3,95,88,9,3,94,3,855,238,28,10/01/2024,09/30/2025
44C0001040,NASHVILLE GASTROINTESTINAL ENDOSCOPY CENTER,4230 HARDING PIKE SUITE 309,NASHVILLE,TN,37205,,(615) 383-0165,96,3,1,98,92,6,2,95,89,9,2,95,88,8,4,94,,1586,505,32,10/01/2024,09/30/2025
44C0001043,ORAL FACIAL SURGERY CENTER,322 2ND AVE NORTH,NASHVILLE,TN,37203,,(615) 321-6161,97,3,0,99,92,7,1,95,82,17,1,94,78,21,1,92,3,700,160,23,10/01/2024,09/30/2025
44C0001044,TENNESSEE ENDOSCOPY,1706 EAST LAMAR ALEXANDER PARKWAY,MARYVILLE,TN,37804,,(865) 983-0073,98,2,0,99,95,4,1,97,91,7,2,96,91,7,2,96,,2450,761,31,10/01/2024,09/30/2025
44C0001047,EAST MEMPHIS SURGERY CENTER,80 HUMPHREYS CENTER #101,MEMPHIS,TN,38120,,(901) 747-3233,98,2,0,99,91,8,1,95,93,7,0,97,87,7,6,92,3,1061,255,24,10/01/2024,09/30/2025
44C0001048,NOVAMED SURGERY CENTER OF CLEVELAND LLC,137 25TH ST NE,CLEVELAND,TN,37311,,(423) 472-7874,97,3,0,98,92,6,2,95,87,10,3,94,86,11,3,94,3,2309,588,25,10/01/2024,09/30/2025
44C0001053,MAYS AND SCHNAPP PAIN CLINIC AND REHABILITATION CENTER,55 HUMPHREYS CENTER DR. #200,MEMPHIS,TN,38120,,(901) 507-1594,97,2,1,98,92,5,3,95,88,9,3,95,87,10,3,95,3,1200,344,29,10/01/2024,09/30/2025
44C0001054,PAVILION SURGICENTER LLC DBA PHYSICIANS PAVILION SURGERY CENTER,545 STONECREST PARKWAY,SMYRNA,TN,37167,,(615) 344-1406,99,1,0,99,96,3,1,97,93,6,1,97,91,6,3,96,3,698,284,41,10/01/2024,09/30/2025
44C0001056,MEMPHIS GASTROENTEROLOGY ENDOSCOPY CENTER EAST,"8000 WOLF RIVER BLVD., SUITE 200",GERMANTOWN,TN,38138,,(901) 747-3630,95,5,0,98,89,9,2,94,88,9,3,95,87,11,2,95,,1328,282,21,10/01/2024,09/30/2025
44C0001057,CLARKSVILLE SURGICENTER LLC,121 HILLCREST DR,CLARKSVILLE,TN,37043,,(931) 552-9992,99,1,0,99,95,5,0,97,91,8,1,96,90,9,1,96,3,752,239,32,10/01/2024,09/30/2025
44C0001060,PHYSICIANS SURGERY CENTER OF CHATTANOOGA LLC DBA PHYSICIANS SURGERY CENTER OF CHATTANOOGA,924 SPRING CREEK RD,CHATTANOOGA,TN,37412,,(423) 899-1600,98,2,0,99,96,3,1,98,92,7,1,96,91,8,1,97,,795,258,32,10/01/2024,09/30/2025
44C0001061,WESLEY OPHTHALMIC PLASTIC SURGERY CENTER,"1800 CHURCH ST, SUITE 150",NASHVILLE,TN,37203,,(615) 329-3624,100,0,0,100,94,5,1,96,97,2,1,98,95,4,1,97,3,523,126,24,10/01/2024,09/30/2025
44C0001062,PHYSICIANS SURGERY CTR,207 STONEBRIDGE BLVD,JACKSON,TN,38305,,(731) 661-6340,96,4,0,98,93,7,0,96,92,7,1,96,89,9,2,96,"3,6",339,81,24,10/01/2024,09/30/2025
44C0001064,THE EYE SURGERY CENTER OF EAST TENNESSEE,1124 EAST WEISGARBER RD SUITE 110,KNOXVILLE,TN,37909,,(865) 588-1037,94,5,1,97,92,6,2,95,88,9,3,94,87,10,3,94,3,2645,1154,44,10/01/2024,09/30/2025
44C0001065,THE EYE SURERY CENTER OF OAK RIDGE LLC,90 VERMONT AVENUE,OAK RIDGE,TN,37830,,(865) 482-8894,99,1,0,100,91,8,1,95,96,3,1,98,96,3,1,99,,769,200,27,10/01/2024,09/30/2025
44C0001069,METHODIST SURGERY CENTER GERMANTOWN LP,1363 SOUTH GERMANTOWN RD.,GERMANTOWN,TN,38138,,(901) 516-1420,98,2,0,99,97,2,1,98,97,2,1,97,94,5,1,97,,718,194,27,10/01/2024,09/30/2025
44C0001070,NOVAMED SURGERY CENTER OF CHATTANOOGA LLC,7305 JARNIGAN ROAD SUITE 200,CHATTANOOGA,TN,37421,,(423) 855-6861,97,2,1,98,92,6,2,95,88,10,2,95,86,12,2,94,3,1866,520,28,10/01/2024,09/30/2025
44C0001073,BAPTIST SURGERY CENTER DBA BAPTIST AMBULATORY SURGERY CENTER,312 21ST AVE NORTH,NASHVILLE,TN,37203,,(615) 321-7330,98,2,0,99,93,6,1,96,89,9,2,95,87,11,2,95,,816,192,24,10/01/2024,09/30/2025
44C0001076,CHATTANOOGA ENDOSCOPY CENTER,1501 RIVERSIDE DR SUITE 117,CHATTANOOGA,TN,37406,,(423) 648-0576,98,2,0,99,94,5,1,96,92,7,1,96,91,7,2,96,,2422,840,35,10/01/2024,09/30/2025
44C0001077,SUMMIT ENDOSCOPY CENTER,1109 EAST REELFOOT AVE SUITE C,UNION CITY,TN,38261,,(731) 884-0090,96,4,0,98,84,8,8,88,83,17,0,95,86,14,0,95,"3,10",259,37,14,10/01/2024,09/30/2025
44C0001081,BOWDEN GASTRO ASSOCIATES LLC,1417 MONROE AVENUE,MEMPHIS,TN,38104,,(901) 272-7200,96,3,1,98,92,6,2,95,84,11,5,93,78,18,4,90,,1270,178,14,10/01/2024,09/30/2025
44C0001083,HERMITAGE TN ENDOSCOPY ASC LLC,5653 FRIST BLVD SUITE 532,HERMITAGE,TN,37076,,(615) 316-3066,98,2,0,99,93,6,1,96,92,7,1,96,90,8,2,96,,1681,487,29,10/01/2024,09/30/2025
44C0001087,CLARKSVILLE SURGERY CENTER LLC,793 WEATHERLY DR,CLARKSVILLE,TN,37043,,(931) 645-1373,98,2,0,99,95,5,0,97,94,5,1,97,93,6,1,97,,951,267,28,10/01/2024,09/30/2025
44C0001088,MIDDLE TENNESSEE AMBULATORY SURGERY CENTER,1800 MEDICAL CENTER PARKWAY SUITE 120,MURFREESBORO,TN,37129,,(615) 849-7500,98,2,0,99,93,5,2,96,94,4,2,96,90,9,1,96,,1147,275,24,10/01/2024,09/30/2025
44C0001089,KNOXVILLE SURGERY CENTER LLC DBA TENNESSEE VALLEY EYE CENTER,160 CAPITAL DR,KNOXVILLE,TN,37922,,(865) 251-0338,97,2,1,98,92,6,2,95,89,9,2,95,87,11,2,95,3,843,267,32,10/01/2024,09/30/2025
44C0001091,EAST TENNESSEE AMBULATORY SURGERY CENTER,701 MED TECH PARKWAY,JOHNSON CITY,TN,37604,,(423) 283-7302,95,4,1,97,93,4,3,95,87,8,5,93,81,15,4,92,,948,224,24,10/01/2024,09/30/2025
44C0001093,SURGERY CENTER OF MIDDLE TENNESSEE LLC,1050 N. JAMES CAMPBELL BLVD. STE. 120,COLUMBIA,TN,38401,,(931) 388-3488,96,3,1,98,93,6,1,96,90,7,3,95,89,8,3,94,,3251,1073,33,10/01/2024,09/30/2025
44C0001096,EAST MEMPHIS UROLOGY CENTER DBA UROCENTER,80 HUMPHREYS CENTER SUITE 310,MEMPHIS,TN,38120,,(901) 312-2748,98,2,0,99,91,8,1,95,91,7,2,96,86,13,1,95,3,739,211,29,10/01/2024,09/30/2025
44C0001097,MOUNTAIN EMPIRE SURGERY CENTER,601 MED TECH PARKWAY,JOHNSON CITY,TN,37604,,(423) 610-1020,97,3,0,98,93,5,2,96,89,8,3,95,89,9,2,95,,824,190,23,10/01/2024,09/30/2025
44C0001098,ADVANCED FAMILY SURGERY CENTER,944 OAK RIDGE TURNPIKE #200,OAK RIDGE,TN,37830,,(865) 835-5000,97,2,1,98,91,7,2,94,86,13,1,94,83,14,3,92,,1090,244,22,10/01/2024,09/30/2025
44C0001099,ORTHOSOUTH SURGERY CENTER GERMANTOWN LLC,2100 EXETER RD SUITE 101,GERMANTOWN,TN,38138,,(901) 757-3400,98,2,0,99,95,4,1,97,93,5,2,96,92,6,2,96,3,3372,860,26,10/01/2024,09/30/2025
44C0001102,GREEN SURGERY CENTER LLC,854 LONE OAK DR,GALLATIN,TN,37066,,(615) 452-1602,93,5,2,95,87,10,3,92,80,13,7,91,83,7,10,90,"3,6",505,81,17,10/01/2024,09/30/2025
44C0001103,AMBULATORY SURGERY CENTER OF COOL SPRINGS LLC,2009 MALLORY LN. #100,FRANKLIN,TN,37067,,(615) 468-2772,95,4,1,97,92,7,1,95,88,9,3,95,84,13,3,93,3,1347,247,18,10/01/2024,09/30/2025
44C0001106,THE ENDOSCOPY CENTER OF BRISTOL,235 MEDICAL PARK BLVD,BRISTOL,TN,37620,,(423) 652-7223,99,1,0,100,92,7,1,95,94,4,2,97,90,9,1,96,3,1074,156,15,10/01/2024,09/30/2025
44C0001108,CLEARER VISION LLC,"1059 NEAL ST, SUITE B",COOKEVILLE,TN,38501,,(931) 646-7058,97,3,0,98,91,6,3,94,90,8,2,96,87,11,2,95,"3,6",308,85,28,10/01/2024,09/30/2025
44C0001112,PARKWEST SURGERY CENTER,9430 PARKWEST BLVD SUITE 210,KNOXVILLE,TN,37923,,(865) 531-0494,96,4,0,98,94,4,2,96,90,7,3,94,90,8,2,96,,844,269,32,10/01/2024,09/30/2025
44C0001115,THE SURGERY CENTER OF ATHENS,105 NORTH MEADOWS DR,ATHENS,TN,37303,,(423) 649-3300,96,3,1,98,93,6,1,96,91,7,2,95,89,10,1,96,3,793,218,27,10/01/2024,09/30/2025
44C0001116,CATARACT AND LASER CENTER LLC,15 IRIS LANE,CROSSVILLE,TN,38555,,(931) 707-0704,98,2,0,99,93,6,1,96,93,5,2,97,87,9,4,93,3,648,114,18,10/01/2024,09/30/2025
44C0001117,CAMPBELL CLINIC SURGERY CENTER LLC,1410 BRIERBROOK RD,GERMANTOWN,TN,38138,,(901) 759-5454,98,2,0,99,94,5,1,97,98,2,0,98,92,6,2,96,3,1460,300,21,10/01/2024,09/30/2025
44C0001118,URLOGY AMBULATORY SURGERY CENTER LLC,"1325 WOLF PARK DR. , SUITE 101",GERMANTOWN,TN,38138,,(901) 516-1420,98,2,0,99,94,4,2,96,91,7,2,96,92,8,0,97,,539,151,28,10/01/2024,09/30/2025
44C0001119,SAINT THOMAS CAMPUS SURGICARE LP,4230 HARDING RD SUITE 300,NASHVILLE,TN,37205,,(615) 783-1260,98,2,0,99,94,5,1,97,92,7,1,96,91,8,1,97,,954,288,30,10/01/2024,09/30/2025
44C0001120,SEMMES MURPHEY CLINIC,6325 HUMPHREYS BLVD,MEMPHIS,TN,38120,,(901) 522-7700,98,2,0,99,95,4,1,97,95,3,2,97,91,7,2,96,3,1137,296,26,10/01/2024,09/30/2025
44C0001122,TRICITIES ENDOSCOPY CENTER PC,10461 WALLACE ALLEY DR,KINGSPORT,TN,37663,,(423) 279-1400,99,1,0,100,96,3,1,98,95,4,1,97,84,14,2,94,3,747,194,26,10/01/2024,09/30/2025
44C0001124,AMBULATORY SURGICAL ASSOCIATES LLC,"725 KINGS LN,",TULLAHOMA,TN,37388,,(931) 455-1976,98,2,0,99,93,6,1,96,93,6,1,96,90,9,1,96,,574,191,33,10/01/2024,09/30/2025
44C0001129,MOUNTAIN EMPIRE CATARACT AND EYE SURGERY CENTER,"3185 WEST STATE ST, SUITE 2020",BRISTOL,TN,37620,,(423) 968-4141,97,3,0,99,91,6,3,94,86,10,4,94,92,7,1,97,3,542,103,20,10/01/2024,09/30/2025
44C0001130,TENNESSEE PAIN SURGERY CENTER LLC,5801 CROSSINGS BLVD.,ANTIOCH,TN,37013,,(615) 941-4820,97,3,0,99,90,8,2,94,92,4,4,97,88,10,2,96,"3,6",292,67,24,10/01/2024,09/30/2025
44C0001131,KINGSPORT TN OPTHALMOLOGY ASC LLC DBA THE REGIONAL EYE SURGERY CENTER,999 EXECUTIVE PARK BLVD SUITE 100,KINGSPORT,TN,37660,,(423) 247-2022,97,3,0,98,89,9,2,93,88,9,3,95,87,11,2,94,,3666,1253,34,10/01/2024,09/30/2025
44C0001133,NASHVILLE ENDOSURGERY CENTER,300 20TH AVE NORTH SUITE 800,NASHVILLE,TN,37203,,(615) 284-2524,97,2,1,98,93,6,1,96,88,9,3,95,85,13,2,94,,1393,255,18,10/01/2024,09/30/2025
44C0001135,JOHNSON CITY EYE SURGERY CENTER,"110 MED TECH PKWY, STE. 2",JOHNSON CITY,TN,37604,,(423) 722-0371,96,3,1,97,91,7,2,95,89,8,3,95,88,9,3,94,3,412,163,40,10/01/2024,09/30/2025
44C0001138,SUMMIT SURGERY CENTER LP,"3901 CENTRAL PIKE, SUITE 152",HERMITAGE,TN,37076,,(615) 391-7200,99,1,0,99,95,4,1,97,91,8,1,96,88,10,2,95,3,1298,428,33,10/01/2024,09/30/2025
44C0001139,PREMIER ASC LLC,"394 HARDINF PL, SUITE 100",NASHVILLE,TN,37211,,(615) 332-3600,98,2,0,99,94,5,1,96,85,12,3,95,86,12,2,94,3,710,213,30,10/01/2024,09/30/2025
44C0001140,SAINT FRANCIS SURGERY CENTER,5999 PARK AVE,MEMPHIS,TN,38119,,(901) 818-1080,97,3,0,98,93,6,1,96,87,12,1,95,88,10,2,94,,1018,254,25,10/01/2024,09/30/2025
44C0001144,PMA SURGERY CENTER LLC,101 MED TECH PARKWAY SUITE 205,JOHNSON CITY,TN,37604,,(423) 232-9420,99,1,0,99,96,3,1,98,89,9,2,95,86,12,2,94,3,613,184,30,10/01/2024,09/30/2025
44C0001146,THE ENDOSCOPY CENTER NORTH,629 DELOZIER WAY,KNOXVILLE,TN,37849,,(865) 588-5121,98,2,0,99,94,5,1,96,94,5,1,97,93,5,2,97,,2267,793,35,10/01/2024,09/30/2025
44C0001147,CENTENNIAL SURGERY CENTER LP,"345 23RD AVE N, STE. 201",NASHVILLE,TN,37203,,(615) 327-1123,97,2,1,98,92,7,1,95,87,11,2,95,87,10,3,94,3,1042,310,30,10/01/2024,09/30/2025
44C0001151,PREMIER RADIOLOGY PAIN MANAGEMENT CENTER,28 WHITE BRIDGE RD. STE. 104,NASHVILLE,TN,37205,,(615) 356-3999,94,5,1,97,90,7,3,94,89,6,5,94,89,7,4,95,"3,6",645,94,15,10/01/2024,09/30/2025
44C0001152,ENDOSCOPY CENTER OF KNOXVILLE LP,11440 PARKSIDE DR.,KNOXVILLE,TN,37934,,(865) 588-5121,99,1,0,99,92,7,1,96,95,4,1,97,95,4,1,97,,2370,780,33,10/01/2024,09/30/2025
44C0001155,CHATTANOOGA PAIN MANAGEMENT CENTER LLC DBA CHATTANOOGA PAIN SURGERY CENTER,1016 EXECUTIVE DR,HIXSON,TN,37343,,(423) 648-4525,96,3,1,98,93,6,1,96,88,10,2,95,88,11,1,95,,1150,285,25,10/01/2024,09/30/2025
44C0001157,CAPE SURGERY CENTER LLC,401 E. TRICKLE ST.,DYERSBURG,TN,38024,,(731) 285-1545,98,2,0,99,92,6,2,95,89,9,2,96,95,3,2,98,3,552,110,20,10/01/2024,09/30/2025
44C0001159,HOLSTON VALLEY AMBULATORY SURGERY CENTER LLC,103 WEST STONE DR,KINGSPORT,TN,37660,,(423) 224-4910,99,1,0,99,93,6,1,96,86,12,2,95,88,10,2,95,,753,215,29,10/01/2024,09/30/2025
44C0001160,PATIENT PARTNERS LLC,890 NORTH BLUE JAY WAY,GALLATIN,TN,37066,,(615) 575-9000,99,1,0,99,95,4,1,97,91,8,1,96,92,7,1,97,,1216,312,26,10/01/2024,09/30/2025
44C0001161,FRANKLIN ENDOSCOPY CENTER LLC,9160 CAROTHERS PARKWAY SUITE 100,FRANKLIN,TN,37067,,(615) 550-6066,98,2,0,99,92,7,1,95,88,10,2,95,89,9,2,95,,1056,254,24,10/01/2024,09/30/2025
44C0001165,HAMILTON EYE INSTITUTE SURGERY CENTER LP,"930 MADISON AVE., SUITE 370",MEMPHIS,TN,38103,,(901) 516-1420,97,3,0,99,90,8,2,94,91,7,2,95,89,9,2,95,,651,194,30,10/01/2024,09/30/2025
44C0001166,LEBANON ENDOSCOPY CENTER LLC DBA LEBANON ENDOSCOPY CENTER,100 PHYSICIANS WAY SUITE 340,LEBANON,TN,37090,,(615) 466-9532,99,1,0,99,96,3,1,98,96,3,1,97,93,6,1,97,,1094,263,24,10/01/2024,09/30/2025
44C0001167,EYE SURGERY CENTER OF CHATTANOOGA LLC,7268 JARNIGAN DR. STE. 104,CHATTANOOGA,TN,37421,,(423) 643-3937,96,3,1,97,91,7,2,94,87,10,3,95,90,7,3,96,3,633,131,21,10/01/2024,09/30/2025
44C0001169,PROVIDENCE SURGERY CENTER,5002 CROSSINGS CIR SUITE 110,MOUNT JULIET,TN,37122,,(615) 553-9100,97,3,0,98,91,8,1,95,88,11,1,96,84,15,1,94,,1359,300,22,10/01/2024,09/30/2025
44C0001170,CLARKSVILLE EYE SURGERY CENTER,141 CHESAPEAKE LANE STE 200,CLARKSVILLE,TN,37040,,(931) 245-1941,97,3,0,98,94,5,1,96,90,6,4,95,86,11,3,94,,906,268,30,10/01/2024,09/30/2025
44C0001171,PLATEAU SURGERY CENTER,79 FAIRFIELD BLVD,CROSSVILLE,TN,38558,,(931) 484-3344,98,2,0,99,92,6,2,95,90,8,2,95,89,10,1,96,3,463,165,36,10/01/2024,09/30/2025
44C0001173,KNOXVILLE ORTHOPAEDIC SURGERY CENTER LLC,"256 FORT SANDERS WEST BLVD, BLDG 8",KNOXVILLE,TN,37922,,(865) 244-4585,98,2,0,99,95,5,0,97,94,5,1,96,92,8,0,97,,556,154,28,10/01/2024,09/30/2025
44C0001176,MIDSOUTH INTERVENTIONAL PAIN INSTITUTE LLC,1365 WEST BRIERBROOK RD,GERMANTOWN,TN,38138,,(901) 531-8549,98,2,0,99,92,7,1,96,93,5,2,95,82,15,3,93,"3,6",346,72,21,10/01/2024,09/30/2025
44C0001177,MID STATE ENDOSCOPY CENTER,1115 DOW ST SUITE A,MURFREESBORO,TN,37130,,(615) 848-9234,97,3,0,98,90,9,1,94,90,9,1,95,87,12,1,95,,1192,226,19,10/01/2024,09/30/2025
44C0001178,EYE SURGERY CENTER OF MIDDLE TENNESSEE,210 25TH AVE NORTH SUITE 920,NASHVILLE,TN,37203,,(615) 964-9512,98,2,0,99,94,5,1,97,93,5,2,97,91,7,2,96,3,816,323,40,10/01/2024,09/30/2025
44C0001181,PCET SURGERY CENTER,1128 EAST WEISGARBER RD SUITE 110,KNOXVILLE,TN,37909,,(865) 934-2577,98,2,0,99,96,3,1,98,98,1,1,98,94,5,1,98,,586,203,35,10/01/2024,09/30/2025
44C0001182,RENAISSANCE SURGERY CENTER OF CHATTANOOGA LLC,1801 GUNBARREL RD,CHATTANOOGA,TN,37421,,(423) 521-7880,99,1,0,99,95,5,0,97,94,5,1,97,96,3,1,98,3,460,122,27,10/01/2024,09/30/2025
44C0001184,SOUTHEAST EYE SURGERY CENTER LLC,"1400 DOWELL SPRINGS BLVD, STE 300",KNOXVILLE,TN,37909,,(865) 602-7978,98,2,0,99,91,8,1,95,88,11,1,95,87,13,0,95,3,528,112,21,10/01/2024,09/30/2025
44C0001185,REEVES EYE SURGERY CENTER,2328 KNOB CREEK RD,JOHNSON CITY,TN,37604,,(423) 722-1310,96,2,2,97,93,6,1,96,89,7,4,96,90,6,4,95,"3,10",426,36,8,10/01/2024,09/30/2025
44C0001186,SPRING HILL SURGERY CENTER LLC,1003 RESERVE BLVD SUITE 210,SPRING HILL,TN,37174,,(931) 489-2644,99,1,0,100,96,3,1,98,96,1,3,96,96,1,3,97,3,482,119,25,10/01/2024,09/30/2025
44C0001187,SPINE AND PAIN PHYSICIANS SURGERY CENTER,1177 ROCK SPRINGS RD SUITE 130,SMYRNA,TN,37167,,(615) 459-3881,97,3,0,99,91,7,2,94,87,11,2,95,89,9,2,96,"3,6",508,81,16,10/01/2024,09/30/2025
44C0001188,SOUTHERN SPORTS SURGICAL LLC DBA INDIAN LAKE SURGERY CENTER,127 SAUNDERSVILLE RD SUITE A,HENDERSONVILLE,TN,37075,,(615) 265-8038,99,1,0,100,97,3,0,98,96,3,1,98,94,4,2,97,3,543,267,49,10/01/2024,09/30/2025
44C0001189,CROSSROADS SURGERY CENTER,1805 WILLIAMSON CT SUITE 200,BRENTWOOD,TN,37027,,(615) 613-0259,93,6,1,96,88,10,2,93,82,12,6,91,81,13,6,91,3,526,100,19,10/01/2024,09/30/2025
44C0001192,BRENTWOOD SURGERY CENTER LLC DBA BRENTWOOD SURGERY CENTER,1001 HEALTH PARK DRIVE SUITE 101,BRENTWOOD,TN,37027,,(615) 332-6203,99,1,0,99,95,4,1,97,95,5,0,98,92,6,2,96,3,1195,350,29,10/01/2024,09/30/2025
44C0001193,UNION CITY SURGERY CENTER,1722 EAST REELFOOT AVE SUITE 1,UNION CITY,TN,38261,,(731) 885-0085,99,1,0,99,97,2,1,98,99,1,0,99,95,5,0,98,3,341,150,44,10/01/2024,09/30/2025
44C0001194,EYE SURGERY CENTER OF KNOXVILLE LLC,7739 DANNAHER DRIVE,POWELL,TN,37849,,(865) 339-4200,98,2,0,99,93,6,1,96,90,9,1,96,92,8,0,97,3,520,113,22,10/01/2024,09/30/2025
44C0001196,UCH VASCULAR ACCESS ASC LLC,6490 MT MORIAH ROAD EXTENDED SUITE 202,MEMPHIS,TN,38115,,(901) 366-5479,97,3,0,99,86,11,3,92,85,14,1,95,72,23,5,88,3,1525,104,7,10/01/2024,09/30/2025
44C0001197,RENAISSANCE SURGERY CENTER LLC,320 BRISTOL WEST BOULEVARD SUITE 1A,BRISTOL,TN,37620,,(423) 817-5832,98,2,0,99,97,3,0,98,91,8,1,96,92,7,1,96,3,535,206,39,10/01/2024,09/30/2025
44C0001198,EYE SURGERY CENTER OF LENOIR CITY LLC,5491 CREEKWOOD PARK BOULEVARD SUITE B,LENOIR CITY,TN,37772,,(865) 328-7400,96,4,0,98,93,5,2,95,88,9,3,95,86,12,2,94,3,572,141,25,10/01/2024,09/30/2025
44C0001199,BONE AND JOINT INSTITUTE OF TENNESSEE SURGERY CENTER LLC,3000 EDWARD CURD LANE SUITE 100,FRANKLIN,TN,37067,,(615) 614-5000,99,1,0,100,96,3,1,98,96,4,0,98,92,7,1,97,3,571,196,34,10/01/2024,09/30/2025
44C0001200,MEADOWVIEW ASC LLC,2033 MEADOWVIEW LANE SUITE 210,KINGSPORT,TN,37660,,(423) 343-7820,99,1,0,99,94,4,2,96,91,8,1,96,93,5,2,96,3,754,248,33,10/01/2024,09/30/2025
44C0001202,MIDSOUTH INTERVENTIONAL PAIN INSTITUTE LLC,2016 GREYSTONE SQUARE,JACKSON,TN,38305,,(000) 000-0000,95,4,1,97,90,7,3,94,90,6,4,94,83,12,5,92,"3,6",325,74,23,10/01/2024,09/30/2025
44C0001203,JEFFERSON ASC LLC DBA VOLUNTEER SURGERY CENTER,6242 WEST ANDREW JOHNSON HIGHWAY,TALBOTT,TN,37877,,(702) 271-8476,98,2,0,99,91,7,2,94,90,8,2,96,88,10,2,95,,852,279,33,10/01/2024,09/30/2025
44C0001204,SAINT THOMAS SURGERY CENTER NEW SALEM LLC DBA NEW SALEM SURGERY CENTER,2755 NEW SALEM HIGHWAY SUITE 100,MURFREESBORO,TN,37128,,(615) 900-1366,98,2,0,99,94,5,1,97,91,7,2,95,89,9,2,95,,1224,236,19,10/01/2024,09/30/2025
44C0001205,PREMIER-COVENANT ASTC LLC DBA PREMIER AMBULATORY SURGERY CENTER,6408 PAPERMILL DRIVE SUITE 220,KNOXVILLE,TN,37919,,(865) 306-5701,98,2,0,99,92,7,1,95,90,8,2,96,86,12,2,94,3,1416,331,23,10/01/2024,09/30/2025
44C0001206,MIDDLEBROOK ASC LLC,1210 TENNOVA MEDICAL WAY,KNOXVILLE,TN,37909,,(702) 271-8476,97,3,0,99,95,4,1,97,87,11,2,95,88,10,2,95,,873,195,22,10/01/2024,09/30/2025
44C0001207,NASHVILLE SURGICENTER LLC DBA SOUTHERN JOINT SURGERY CENTER,1717 PATTERSON STREET,NASHVILLE,TN,37203,,(615) 795-6700,99,1,0,99,98,2,0,99,98,1,1,99,98,1,1,98,3,725,407,56,10/01/2024,09/30/2025
44C0001208,SAPLING GROVE ENDOSCOPY CENTER LLC,240 MEDICAL PARK BOULEVARD SUITE 2400,BRISTOL,TN,37620,,(423) 274-6361,99,1,0,99,93,6,1,96,92,7,1,97,91,7,2,96,3,645,201,31,10/01/2024,09/30/2025
44C0001209,SOUTHEASTERN SURGICAL LLC DBA RIVERFRONT SURGERY CENTER,1247 RIVERFRONT PARKWAY SUITE 100,CHATTANOOGA,TN,37402,,(423) 206-9000,98,1,1,99,96,4,0,98,98,1,1,98,94,5,1,97,3,505,125,25,10/01/2024,09/30/2025
44C0001210,EYE SURGERY CENTER OF MORRISTOWN LLC,1639 WEST MORRIS BOULEVARD,MORRISTOWN,TN,37813,,(423) 690-2600,98,2,0,99,93,5,2,95,91,8,1,96,90,9,1,96,3,633,156,25,10/01/2024,09/30/2025
44C0001211,MEDICAL PARKWAY SURGERY CENTER LLC,1725 MEDICAL CENTER PARKWAY SUITE 120,MURFREESBORO,TN,37129,,(629) 219-4040,95,4,1,97,91,8,1,95,86,7,7,93,86,8,6,93,"3,6",210,50,24,10/01/2024,09/30/2025
44C0001212,ENCORE SURGICAL INSTITUTE LLC,8132 COUNTRY VILLAGE DRIVE SUITE 102,CORDOVA,TN,38016,,(870) 822-0231,97,3,0,99,95,4,1,97,86,12,2,95,86,8,6,92,3,499,114,23,10/01/2024,09/30/2025
44C0001213,MUSIC CITY SURGERY CENTER LLC,520 RIVERGATE PARKWAY,GOODLETTSVILLE,TN,37072,,(615) 859-3937,98,2,0,99,91,7,2,95,90,9,1,96,90,8,2,96,3,535,150,28,10/01/2024,09/30/2025
44C0001214,WATAUGA SURGICAL PARTNERS DBA WATAUGA ORTHO CENTER FOR ADVANCED BONE AND JOINT SURGERY,10425 WALLACE ALLEY STREET,KINGSPORT,TN,37663,,(423) 282-9011,100,0,0,100,91,8,1,95,100,0,0,100,94,5,1,98,3,709,140,20,10/01/2024,09/30/2025
44C0001215,OGI WT JV LLC DBA SKYLINE ENDOSCOPY OF WEST TENNESSEE,27 MEDICAL CENTER DRIVE BUILDING B,JACKSON,TN,38301,,(731) 280-0156,96,3,1,98,92,6,2,95,88,10,2,95,86,10,4,93,,935,245,26,10/01/2024,09/30/2025
44C0001216,MURFREESBORO MEDICAL CLINIC PA DBA ENDOSCOPY CENTER OF MURFREESBORO MEDICAL CLINIC,3325 SHORED ROAD,MURFREESBORO,TN,37127,,(615) 893-4480,99,1,0,99,96,3,1,98,95,4,1,97,94,5,1,98,3,867,230,27,10/01/2024,09/30/2025
44C0001217,CHEROKEE FARM ORTHOPEDIC SURGERY CENTER DBA UNIVERSITY ORTHOPAEDIC SURGERY CENTER,1600 ACCELERATOR WAY SUITE 100,KNOXVILLE,TN,37920,,(865) 963-4120,98,2,0,99,93,6,1,96,95,4,1,97,91,8,1,96,,1445,547,38,10/01/2024,09/30/2025
44C0001218,BOULEVARD ENT SURGERY CENTER LLC,9300 PARK WEST BOULEVARD,KNOXVILLE,TN,37923,,(865) 427-4040,98,2,0,99,93,6,1,96,92,7,1,97,91,8,1,96,,1085,330,30,10/01/2024,09/30/2025
44C0001219,ORAL AND FACIAL SURGERY CENTER OF DICKSON PLLC,108 SUNSET ROAD SUITE B,DICKSON,TN,37055,,(615) 441-9514,,,,,,,,,,,,,,,,,1,,,,,
44C0001220,DICKSON SURGICAL PARTNERS DBA DICKSON AMBULATORY SURGERY CENTER,123 CRESTVIEW PARK DRIVE,DICKSON,TN,37055,,(615) 446-1324,97,3,0,98,91,7,2,95,88,7,5,92,89,10,1,96,"3,6",206,60,29,10/01/2024,09/30/2025
44C0001223,KNOXVILLE SPINE SURGERY LLC,1128 EAST WEISGARBER ROAD SUITE 100,KNOXVILLE,TN,37909,,(865) 251-5215,98,1,1,99,98,2,0,99,94,5,1,97,90,9,1,96,"3,6",168,67,40,10/01/2024,09/30/2025
44C0001224,KARING HEARTS CARDIOLOGY HEART AND VASCULAR CENTER,701 NORTH STATE OF FRANKLIN ROAD SUITE 9,JOHNSON CITY,TN,37604,,(423) 926-4468,97,3,0,99,90,8,2,94,93,7,0,98,95,1,4,97,"3,6",354,65,19,10/01/2024,09/30/2025
44C0001226,WESTLAWN SURGERY CENTER LLC,5109 VETERANS PARKWAY SUITE 300,MURFREESBORO,TN,37128,,(469) 872-4706,98,2,0,99,92,8,0,96,95,5,0,97,96,4,0,98,3,286,104,36,10/01/2024,09/30/2025
45C0001000,EL PASO SURGERY CENTERS LP,1815 NORTH STANTON,EL PASO,TX,79902,,(915) 533-8412,97,3,0,98,93,6,1,96,85,12,3,94,82,15,3,92,3,1080,316,29,10/01/2024,09/30/2025
45C0001004,BAILEY SQUARE AMBULATORY SURGICAL CENTER LTD,1111 WEST 34TH ST,AUSTIN,TX,78705,,(512) 454-6753,98,2,0,99,93,6,1,96,90,8,2,95,87,11,2,94,3,1415,373,26,10/01/2024,09/30/2025
45C0001005,ARLINGTON DAY SURGERY,918 NORTH DAVIS DR,ARLINGTON,TX,76012,,(817) 860-9933,97,3,0,98,90,8,2,94,86,11,3,94,84,13,3,93,3,865,248,29,10/01/2024,09/30/2025
45C0001010,SAN ANTONIO EYE CENTER,800 MCCULLOUGH,SAN ANTONIO,TX,78215,,(210) 242-7555,96,3,1,98,89,8,3,93,86,11,3,94,89,10,1,96,3,663,102,16,10/01/2024,09/30/2025
45C0001011,TEXAS HEALTH SURGERY CENTER FORT WORTH MIDTOWN,2001 WEST ROSEDALE,FORT WORTH,TX,76104,,(817) 877-4777,96,3,1,98,91,8,1,95,89,9,2,95,88,11,1,96,3,843,239,28,10/01/2024,09/30/2025
45C0001012,CLEAR LAKE SURGICARE LTD,502 MEDICAL CENTER BLVD,WEBSTER,TX,77598,,(281) 332-2433,95,4,1,97,90,7,3,94,85,10,5,93,80,14,6,90,3,2308,523,23,10/01/2024,09/30/2025
45C0001018,CONROE SURGERY CENTER 2 LLC,"1501 RIVER POINTE DR, #200",CONROE,TX,77304,,(469) 893-6573,97,3,0,98,94,5,1,96,89,9,2,95,86,12,2,95,,893,271,30,10/01/2024,09/30/2025
45C0001020,PARK CENTRAL SURGICAL CENTER LTD,"12200 PARK CENTRAL DR, SUITE 300",DALLAS,TX,75251,,(972) 661-0505,94,5,1,97,90,8,2,94,86,10,4,94,79,16,5,91,3,2353,406,17,10/01/2024,09/30/2025
45C0001023,PRG DALLAS ASC LP,11442 NORTH CENTRA EXPRESSWAY,DALLAS,TX,75243,,(214) 754-0000,97,2,1,98,88,9,3,93,88,8,4,94,85,12,3,93,3,4552,1249,27,10/01/2024,09/30/2025
45C0001025,HARLINGEN SURGICAL CENTER LLC,1515 NORTH ED CAREY DRIVE,NEW_CITY,TX,78550,,(956) 423-2773,95,3,2,97,85,10,5,90,83,11,6,92,80,17,3,92,3,1287,125,10,10/01/2024,09/30/2025
45C0001032,CATARACT CTR OF EAST TX,802 TURTLE CREEK DR,TYLER,TX,75701,,(903) 595-4333,93,5,2,96,89,8,3,93,78,16,6,90,80,14,6,90,"3,6",417,90,22,10/01/2024,09/30/2025
45C0001033,WILSON SURGICENTER,4315 28TH ST,LUBBOCK,TX,79410,,(806) 792-2104,99,1,0,99,97,3,0,99,95,3,2,97,96,3,1,98,3,732,327,45,10/01/2024,09/30/2025
45C0001035,MEMORIAL HERMANN SURGERY CENTER MAIN STREET,7515 MAIN STREET SUITE 800,HOUSTON,TX,77030,,(713) 799-9990,96,3,1,98,90,8,2,94,84,12,4,94,83,13,4,92,,3113,463,15,10/01/2024,09/30/2025
45C0001036,CENTRAL TEXAS DAY SURGERY CENTER LIMITED PARTNERSHIP,"3800 SOUTH W. J. YOUNG DR, SUITE 204",KILLEEN,TX,76542,,(254) 213-0489,98,2,0,99,91,6,3,94,85,12,3,95,82,14,4,92,3,677,124,18,10/01/2024,09/30/2025
45C0001039,BAYLOR SURGICARE,3920 WORTH ST.,DALLAS,TX,75246,,(214) 820-2581,97,3,0,98,90,8,2,94,88,9,3,94,88,9,3,95,,1543,245,16,10/01/2024,09/30/2025
45C0001040,COASTAL BEND AMBULATORY SURGICAL CENTER,900 MORGAN AVE.,CORPUS CHRISTI,TX,78404,,(361) 888-4288,92,3,5,93,88,7,5,92,76,15,9,88,74,16,10,86,"3,6",520,53,11,10/01/2024,09/30/2025
45C0001045,COVENANT HIGH PLAINS SURGERY CENTER,2301 QUAKER AVE,LUBBOCK,TX,79410,,(806) 725-8801,98,2,0,99,94,5,1,96,92,7,1,96,88,10,2,95,3,1208,305,25,10/01/2024,09/30/2025
45C0001058,BRAZOSPORT EYE INSTITUTE,103 PARKING WAY,LAKE JACKSON,TX,77566,,(979) 297-2961,99,1,0,99,89,9,2,93,89,11,0,94,88,8,4,93,"3,10",331,34,10,10/01/2024,09/30/2025
45C0001059,NOVAMED SURGERY CENTER OF SAN ANTONIO DBA AMERICAN SURGERY CENTER,12838 VISTA DEL NORTE,SAN ANTONIO,TX,78216,,(210) 692-0218,96,3,1,98,90,7,3,94,93,3,4,95,89,8,3,96,"3,6",223,69,31,10/01/2024,09/30/2025
45C0001061,GRAMERCY SURGERY CENTER LTD,2727 GRAMERCY,HOUSTON,TX,77025,,(713) 660-6900,97,3,0,98,91,8,1,95,86,12,2,94,84,12,4,92,3,1394,353,25,10/01/2024,09/30/2025
45C0001063,GREENVILLE SURGERY CENTER LLC,"7150 GREENVILLE AVE, # 200",DALLAS,TX,75231,,(214) 891-0466,97,3,0,98,94,5,1,97,89,7,4,95,85,13,2,94,3,1085,186,17,10/01/2024,09/30/2025
45C0001068,SAN ANTONIO SURGICENTER LLC,21 SPURS LN #SL-100,SAN ANTONIO,TX,78240,,(210) 858-7069,97,2,1,98,92,7,1,96,92,6,2,96,91,6,3,95,3,943,293,31,10/01/2024,09/30/2025
45C0001072,THE OCULAR SURGERY CENTER,1100 N MAIN AVE,SAN ANTONIO,TX,78212,,(210) 222-0706,94,5,1,96,87,12,1,93,78,16,6,90,79,14,7,90,"3,6",547,55,10,10/01/2024,09/30/2025
45C0001074,MBC AMBULATORY SURGERY CENTER LP DBA MANN CATARACT SURGERY CENTER,18850 SOUTH MEMORIAL BLVD SUITE 300,HUMBLE,TX,77338,,(713) 275-2437,96,3,1,98,90,7,3,93,85,13,2,94,84,13,3,94,3,662,125,19,10/01/2024,09/30/2025
45C0001077,DOCTORS UNITED SURGERY CENTER,5146 PRESTON,PASADENA,TX,77505,,(346) 203-5536,98,2,0,99,94,5,1,97,92,7,1,97,89,10,1,96,,935,185,20,10/01/2024,09/30/2025
45C0001082,DALLAS SURGI CENTER,8230 WALNUT HILLS LANE SUITE 808,DALLAS,TX,75231,,(214) 696-8828,97,3,0,99,92,6,2,95,95,3,2,97,91,7,2,96,3,764,146,19,10/01/2024,09/30/2025
45C0001085,ABILENE CATARACT AND REFRACTIVE SURGERY CENTER,2120 ANTILLEY RD,ABILENE,TX,79606,,(325) 695-2020,98,2,0,99,94,5,1,96,93,6,1,97,93,5,2,96,3,1503,583,39,10/01/2024,09/30/2025
45C0001091,GARLAND SURGICARE PARTNERS LTD DBA BAYLOR SURGICARE AT GARLAND,530 CLARA BARTON BLVD SUITE 100,GARLAND,TX,75042,,(972) 494-2400,96,3,1,98,90,8,2,94,86,11,3,93,83,14,3,93,,1428,238,17,10/01/2024,09/30/2025
45C0001092,HERITAGE EYE CENTER LC,1501 RED BUD,MCKINNEY,TX,75069,,(972) 548-0771,97,3,0,99,93,6,1,96,89,9,2,96,85,11,4,93,3,1095,313,29,10/01/2024,09/30/2025
45C0001100,MED CITY DALLAS OUTPATIENT SURGERY CENTER LP,"7777 FOREST LANE, SUITE C-150",DALLAS,TX,75230,,(972) 566-6171,97,2,1,98,92,7,1,96,85,10,5,94,84,9,7,91,3,1157,227,20,10/01/2024,09/30/2025
45C0001126,EL PASO SURGERY CENTERS LP,7835 CORRAL DR,EL PASO,TX,79915,,(915) 595-3353,96,3,1,98,94,5,1,96,90,7,3,96,88,10,2,95,3,928,235,25,10/01/2024,09/30/2025
45C0001127,AMARILLO CATARACT AND EYE SURGERY,7310 FLEMING AVE,AMARILLO,TX,79106,,(806) 354-8891,96,3,1,98,91,7,2,94,85,13,2,94,86,13,1,95,3,409,127,32,10/01/2024,09/30/2025
45C0001133,BAYLOR SURGICARE AT NORTH DALLAS LLC DBA BAYLOR SCOTT AND WHITE SURGICARE NORTH DALLAS,12230 COIT RD SUITE 200,DALLAS,TX,75251,,(469) 374-6400,98,2,0,99,93,6,1,96,88,10,2,94,86,12,2,94,,1902,276,15,10/01/2024,09/30/2025
45C0001139,GCSA AMBULATORY SURGERY CENTER LLC,8214 WURZBACH RD.,SAN ANTONIO,TX,78229,,(210) 614-1234,97,3,0,98,92,6,2,95,88,10,2,95,86,13,1,95,,1572,284,18,10/01/2024,09/30/2025
45C0001149,MEMORIAL HERMANN SURGERY CENTER WOODLANDS PARKWAY,1441 WOODSTEAD CT SUITE 100,THE WOODLANDS,TX,77380,,(281) 825-4725,97,3,0,98,95,4,1,97,87,9,4,94,85,11,4,94,,1061,221,21,10/01/2024,09/30/2025
45C0001157,MEDICAL PLAZA AMBULATORY SURGERY CENTER ASSOCIATES LP,909 9TH AVE,FORT WORTH,TX,76104,,(817) 339-2302,98,2,0,99,95,4,1,97,90,9,1,97,88,10,2,95,3,1278,364,28,10/01/2024,09/30/2025
45C0001158,THE CENTER FOR SIGHT PA,2 MEDICAL CENTER BLVD,LUFKIN,TX,75904,,(936) 634-8434,98,2,0,99,93,5,2,96,92,7,1,96,91,9,0,97,"3,6",507,89,18,10/01/2024,09/30/2025
45C0001159,MEDICAL ARTS SURGERY CENTER,3302 NORTHEAST STALLINGS DR,NACOGDOCHES,TX,75965,,(936) 564-3600,98,2,0,99,93,5,2,95,93,7,0,97,90,9,1,96,"3,6",428,87,20,10/01/2024,09/30/2025
45C0001160,CY FAIR SURGERY CENTER,11250 FALLBROOK DR,HOUSTON,TX,77065,,(281) 955-7194,98,2,0,99,95,4,1,97,90,8,2,95,95,3,2,98,"3,10",289,32,11,10/01/2024,09/30/2025
45C0001161,SOUTH PLAINS ENDOSCOPY CENTER,3610 24TH ST,LUBBOCK,TX,79410,,(806) 797-1015,97,3,0,98,94,5,1,96,89,10,1,96,91,6,3,96,,807,188,23,10/01/2024,09/30/2025
45C0001165,PERMIAN BASIN SURGICAL CARE CENTER,4200 ANDREWS HWY,MIDLAND,TX,79703,,(432) 520-5888,95,5,0,97,93,5,2,96,92,6,2,96,84,15,1,94,3,541,140,26,10/01/2024,09/30/2025
45C0001168,ENDOSCOPY OF PLANO LP,"1600 COIT RD, STE 401A",PLANO,TX,75075,,(972) 612-9771,99,1,0,99,95,4,1,97,92,8,0,97,90,8,2,95,3,665,230,35,10/01/2024,09/30/2025
45C0001169,DOCTORS SURGERY CENTER INC,5300 NORTH ST.,NACOGDOCHES,TX,75965,,(936) 569-8278,100,0,0,100,94,5,1,97,96,3,1,98,95,5,0,98,3,1369,177,13,10/01/2024,09/30/2025
45C0001170,ENDOSCOPY CENTER OF SOUTHEAST TEXAS LP,"950 NORTH 14TH ST, SUITE 200",BEAUMONT,TX,77702,,(409) 833-5555,98,2,0,99,94,5,1,97,94,4,2,97,93,5,2,96,,2106,686,33,10/01/2024,09/30/2025
45C0001172,PLANO AMBULATORY SURGERY ASSOCIATES LP,1620 COIT RD,PLANO,TX,75093,,(972) 519-1100,96,3,1,98,93,6,1,96,91,7,2,95,88,9,3,94,3,1970,539,27,10/01/2024,09/30/2025
45C0001176,TEXOMA OUTPATIENT SURGERY CENTER INC,1712 ELEVENTH ST,WICHITA FALLS,TX,76301,,(940) 723-2499,97,2,1,98,89,9,2,93,86,11,3,94,85,9,6,93,"3,6",605,90,15,10/01/2024,09/30/2025
45C0001178,SA ENDOSCOPY SURGICENTER DBA SAN ANTONIO GASTROENTEROLOGY ENDOSCOPY CENTER DOWNTOWN,520 EAST EUCLID AVENUE,SAN ANTONIO,TX,78212,,(210) 242-0008,97,3,0,98,90,8,2,94,89,9,2,95,86,11,3,94,3,7184,1829,25,10/01/2024,09/30/2025
45C0001179,SURGERY CENTER OF NORTHEAST TEXAS LLC,1902 MOORES LANE SUITE B,TEXARKANA,TX,75503,,(903) 792-2108,98,2,0,99,95,4,1,97,90,9,1,96,90,8,2,96,,1009,380,38,10/01/2024,09/30/2025
45C0001180,FORT WORTH ENDOSCOPY CENTER,900 WEST MAGNOLIA AVE SUITE 101,FORT WORTH,TX,76104,,(817) 332-6500,98,2,0,99,95,4,1,97,96,3,1,98,93,5,2,96,3,1524,484,32,10/01/2024,09/30/2025
45C0001181,ABILENE ENDOSCOPY CENTER,1249 AMBLER SUITE 100,ABILENE,TX,79601,,(325) 677-2626,98,2,0,99,93,6,1,96,92,7,1,96,92,7,1,97,,1837,708,39,10/01/2024,09/30/2025
45C0001185,TEXARKANA SURGERY CENTER LP,5404 SUMMERHILL RD,TEXARKANA,TX,75503,,(903) 793-4872,98,2,0,99,94,5,1,96,91,7,2,96,88,10,2,95,3,814,215,26,10/01/2024,09/30/2025
45C0001194,MEMORIAL HERMANN BAY AREA ENDOSCOPY CENTER LLC DBA BAY AREA ENDOSCOPY,444 FM 1959 RD SUITE B,HOUSTON,TX,77034,,(281) 892-2420,96,3,1,98,90,8,2,94,88,10,2,94,87,11,2,94,,3158,569,18,10/01/2024,09/30/2025
45C0001196,BAYLOR SURGICARE AT OAKMONT,7200 OAKMONT BLVD.,FORT WORTH,TX,76132,,(817) 732-3300,98,2,0,99,94,5,1,97,91,7,2,96,88,10,2,95,,1294,267,21,10/01/2024,09/30/2025
45C0001205,DESOTO SURGICARE PARTNERS LTD,7992 WEST VIRGINIA DR.,DALLAS,TX,75237,,(972) 283-2400,98,2,0,99,93,6,1,96,90,8,2,95,82,16,2,93,,414,106,26,10/01/2024,09/30/2025
45C0001211,CAREOS SURGICENTER LLC DBA CAREOS,3705 MEDICAL PARKWAY SUITE 110,AUSTIN,TX,78705,,(512) 458-2141,97,3,0,98,93,6,1,96,90,8,2,95,89,9,2,96,3,687,298,43,10/01/2024,09/30/2025
45C0001216,MT. PLEASANT SURGICAL CENTER,2009 NORTH JEFFERSON AVE,MT. PLEASANT,TX,75455,,(512) 740-4848,,,,,,,,,,,,,,,,,1,,,,,
45C0001218,OAKWOOD SURGERY CENTER LTD LLP,"16030 PARK VALLEY DR, SUITE 100",ROUND ROCK,TX,78681,,(512) 246-8777,98,2,0,99,95,4,1,97,95,4,1,97,91,6,3,95,3,2005,774,39,10/01/2024,09/30/2025
45C0001221,VICTORIA SURGERY CENTER,105 JAMES COLEMAN DR.,VICTORIA,TX,77904,,(361) 578-0234,96,3,1,97,91,8,1,95,84,10,6,93,79,17,4,91,6,653,82,13,10/01/2024,09/30/2025
45C0001225,HEATON LASER AND SURGERY CENTER LLC,3415 GOLDEN RD,TYLER,TX,75701,,(903) 526-0444,97,3,0,98,94,5,1,96,87,11,2,95,88,9,3,95,3,802,189,24,10/01/2024,09/30/2025
45C0001226,CHRISTUS SANTA ROSA OUTPATIENT SURGERY NEW BRAUNFELS LP,1305 WONDER WORLD DR SUITE 105,SAN MARCOS,TX,78666,,(512) 353-8161,98,2,0,99,91,8,1,95,92,8,0,96,85,15,0,95,"3,6",572,91,16,10/01/2024,09/30/2025
45C0001232,VALLEY BAPTIST SURGERY CENTER LLC DBA PLATINUM SURGERY CENTER,2220 PEASE STREET,HARLINGEN,TX,78550,,(956) 389-6000,92,7,1,95,84,12,4,90,77,15,8,90,78,17,5,91,,1246,195,16,10/01/2024,09/30/2025
45C0001234,SOUTH ARLINGTON SURGICA PROVIDERS INC DBA SAME DAY SURGICARE,350 EAST INTERSTATE 20 SUITE 200,ARLINGTON,TX,76018,,(817) 784-6771,97,2,1,98,90,8,2,94,86,13,1,95,85,13,2,94,3,941,203,22,10/01/2024,09/30/2025
45C0001235,INGRAM INVESTMENTS LLC,2706 W. CUTHBERT AVE BUILDING # 4,MIDLAND,TX,79701,,(432) 694-6517,97,3,0,99,93,6,1,96,92,7,1,96,93,6,1,97,3,648,176,27,10/01/2024,09/30/2025
45C0001239,OLD TOWN ENDOSCOPY DBA DIGESTIVE HEALTH CENTER OF DALLAS,9500 NORTH CENTRAL EXPRESSWAY SUITE 200,DALLAS,TX,75231,,(214) 739-9544,98,1,1,98,90,8,2,94,90,8,2,96,87,9,4,93,,2153,474,22,10/01/2024,09/30/2025
45C0001240,GOLDEN TRIANGLE SURGERY CENTER LLC DBA BAPTIST BEAUMONT SURGICAL AFFILIATES,3560 COLLEGE STREET,BEAUMONT,TX,77701,,(409) 835-7070,97,3,0,98,94,5,1,96,88,10,2,95,86,13,1,95,,1326,334,25,10/01/2024,09/30/2025
45C0001241,MAPLEWOOD AMBULATORY SURGERY CENTER INC,4301 MAPLEWOOD AVE STE C,WICHITA FALLS,TX,76308,,(940) 696-8500,99,1,0,100,95,4,1,97,93,7,0,97,94,6,0,98,,671,190,28,10/01/2024,09/30/2025
45C0001242,ENDOSCOPY CENTER OF EL PASO,1300 MURCHISON SUITE180,EL PASO,TX,79902,,(915) 544-5000,95,4,1,97,92,6,2,95,89,8,3,95,85,12,3,93,,3887,768,20,10/01/2024,09/30/2025
45C0001243,NORTHWEST SURGERY CENTER RED OAK,17322 RED OAK DR,HOUSTON,TX,77090,,(281) 895-9100,95,4,1,97,91,7,2,94,78,17,5,91,74,21,5,89,,903,197,22,10/01/2024,09/30/2025
45C0001245,CORPUS CHRISTI SURGICARE LTD DBA CORPUS CHRISTI OUTPATIENT SURGERY CENTER,3636 SOUTH ALAMEDA ST SUITE A,CORPUS CHRISTI,TX,78411,,(361) 853-2200,98,2,0,99,93,6,1,96,93,5,2,97,91,7,2,96,,1191,287,24,10/01/2024,09/30/2025
45C0001247,PASO DEL NORTE SURGERY CENTER,125 W. CASTELLANO,EL PASO,TX,79912,,(915) 532-8200,97,3,0,98,92,7,1,95,91,8,1,96,86,12,2,94,,1484,264,18,10/01/2024,09/30/2025
45C0001250,SHORELINE SURGERY CENTER LLP DBA CHRISTUS SPOHN-SURGICARE OF CORPUS CHRISTI,718 ELIZABETH ST,CORPUS CHRISTI,TX,78404,,(361) 882-3204,97,2,1,98,89,9,2,94,84,12,4,94,85,14,1,95,,830,191,23,10/01/2024,09/30/2025
45C0001255,ENDOSCOPY CENTER AT REDBIRD SQUARE,3107 W. CAMP WISDOM #189,DALLAS,TX,75237,,(214) 331-2922,98,2,0,99,95,4,1,97,92,7,1,96,90,9,1,96,,1545,322,21,10/01/2024,09/30/2025
45C0001257,BAYLOR SCOTT AND WHITE SURGICARE DENTON,350 SOUTH IH 35 EAST,DENTON,TX,76205,,(940) 323-1393,98,2,0,99,93,6,1,96,89,8,3,96,87,11,2,95,,809,187,23,10/01/2024,09/30/2025
45C0001260,KELSEY SEYBOLD CLINIC ASC MAIN,2727 W. HOLCOMBE BLVD.,HOUSTON,TX,77025,,(713) 442-3663,97,2,1,98,93,5,2,95,90,8,2,95,87,9,4,94,3,2355,282,12,10/01/2024,09/30/2025
45C0001261,ABILENE SPINE AND JOINT SURGERY CENTER PA,1888 ANTILLEY RD,ABILENE,TX,79606,,(254) 213-0489,97,2,1,98,92,6,2,95,90,10,0,96,86,9,5,92,3,710,137,19,10/01/2024,09/30/2025
45C0001262,CP SURGERY CENTER LLC,"900 W. 38TH ST, SUITE 200",AUSTIN,TX,78705,,(512) 323-2061,99,1,0,99,95,4,1,97,90,9,1,95,89,8,3,95,3,915,248,27,10/01/2024,09/30/2025
45C0001264,TEXAN SURGERY CENTER,7000 NORTH MOPAC EXPRESSWAY SUITE 120,AUSTIN,TX,78731,,(512) 342-0900,95,5,0,97,89,8,3,93,86,11,3,94,86,11,3,94,,777,180,23,10/01/2024,09/30/2025
45C0001265,CENTRAL TEXAS ENDOSCOPY CENTER LLC,2206 E. VILLA MARIA DR.,BRYAN,TX,77802,,(979) 774-4211,98,2,0,99,96,3,1,97,92,7,1,97,93,5,2,96,,1926,627,33,10/01/2024,09/30/2025
45C0001267,NMC SURGERY CENTER LP DBA THE SURGERY CENTER OF NACOGDOCHES,4948 N E STALLINGS DR,NACOGDOCHES,TX,75965,,(936) 568-3595,99,1,0,99,94,5,1,97,92,7,1,97,93,7,0,98,,1083,274,25,10/01/2024,09/30/2025
45C0001271,AUSTIN EYE CLINIC ASSOCIATION DBA AUSTIN EYE LASER AND SURGICENTER,2700 BEE CAVES ROAD,AUSTIN,TX,78746,,(512) 250-2020,98,2,0,99,92,7,1,95,98,1,1,98,89,8,3,95,3,558,133,24,10/01/2024,09/30/2025
45C0001272,DAYTIME OUTPATIENT SURGERY CENTER,6311 SOUTHWEST BLVD,FORT WORTH,TX,76132,,(817) 546-6419,98,2,0,99,94,4,2,96,93,5,2,96,89,9,2,95,,779,228,29,10/01/2024,09/30/2025
45C0001274,VICTORIA AMBULATORY SURGERY CENTER DBA THE SURGERY CENTER,6370 NORTH NAVARRO ST,VICTORIA,TX,77904,,(361) 570-8311,98,2,0,99,94,5,1,97,95,5,0,98,93,6,1,97,,786,217,28,10/01/2024,09/30/2025
45C0001276,FISH POND SURGERY CENTER,601 WEST HWY 6 SUITE 109,WACO,TX,76710,,(254) 751-9836,97,3,0,99,94,5,1,97,91,7,2,96,89,7,4,94,,657,217,33,10/01/2024,09/30/2025
45C0001277,TEXAS ENDOSCOPY PLANO,6405 WEST PARKER #370,PLANO,TX,75093,,(214) 778-2570,97,2,1,98,91,7,2,94,94,4,2,95,87,11,2,94,,1074,188,18,10/01/2024,09/30/2025
45C0001279,SAN MARCOS ASC LLC,1891 MEDICAL PKWY,SAN MARCOS,TX,78666,,(512) 754-7999,96,3,1,98,94,5,1,97,93,6,1,96,91,6,3,95,3,1015,460,45,10/01/2024,09/30/2025
45C0001284,SOUTH AUSTIN SURGERY CENTER LTD,44307 JAMES CASEY,AUSTIN,TX,78745,,(512) 416-6006,97,3,0,98,93,6,1,96,88,10,2,95,82,15,3,92,3,1354,282,21,10/01/2024,09/30/2025
45C0001288,AUSTIN GI SURGICENTER LLC DBA AUSTIN GI SURGICENTER I,8015 SHOAL CREEK BLVD SUITE 300,AUSTIN,TX,78757,,(615) 344-1406,97,3,0,98,95,4,1,97,91,7,2,96,90,8,2,95,3,4864,1247,26,10/01/2024,09/30/2025
45C0001291,DIGESTIVE HEALTH CENTER OF BEDFORD,1600 CENTRAL DR,BEDFORD,TX,76022,,(817) 318-0235,97,3,0,98,95,4,1,97,94,5,1,96,92,6,2,96,,1888,495,26,10/01/2024,09/30/2025
45C0001293,MCALLEN SURGICAL SPECIALTY CENTER,1309 EAST RIDGE RD SUITE 3,MCALLEN,TX,78503,,(956) 631-7202,94,5,1,96,83,11,6,89,84,11,5,93,76,21,3,91,3,1745,142,8,10/01/2024,09/30/2025
45C0001294,NORTH TEXAS GI CTR,1001 N. WALDROP DR STE 705,ARLINGTON,TX,76012,,(817) 265-4844,98,2,0,99,95,4,1,97,94,5,1,97,91,6,3,95,3,788,216,27,10/01/2024,09/30/2025
45C0001295,AUSTIN GI SURGICENTER LLC DBA AUSTIN GI SURGICENTER II,4310 JAMES CASEY ST SUITE 4B,AUSTIN,TX,78745,,(615) 344-1406,98,2,0,99,95,4,1,97,92,7,1,96,91,8,1,96,3,2413,782,32,10/01/2024,09/30/2025
45C0001298,NORTH HOUSTON ENDOSCOPY AND SURGERY,275 LANTERN BEND SUITE 400,HOUSTON,TX,77090,,(281) 440-5797,96,4,0,98,90,8,2,94,87,11,2,94,83,14,3,92,,2163,427,20,10/01/2024,09/30/2025
45C0001301,BAYLOR SCOTT & WHITE SURGICARE GRAPEVINE,2040 WEST STATE HWY 114,GRAPEVINE,TX,76051,,(817) 410-4300,98,2,0,99,94,5,1,97,90,8,2,96,87,12,1,95,,1225,174,14,10/01/2024,09/30/2025
45C0001302,AMARILLO ENDOSCOPY CENTER,6833 PLUM CREEK DR,AMARILLO,TX,79124,,(806) 467-9820,96,3,1,98,90,8,2,94,90,7,3,95,88,10,2,95,,1017,198,19,10/01/2024,09/30/2025
45C0001306,ORTHOPAEDIC SURGERY CENTER OF SAN ANTONIO LP,400 CONCORD PLAZA DR. STE 200,SAN ANTONIO,TX,78216,,(210) 489-7278,96,3,1,97,93,6,1,96,88,8,4,95,88,8,4,93,,797,206,26,10/01/2024,09/30/2025
45C0001307,TEXAS ORTHOPEDICS SURGERY CENTER,4700 SETON CENTER PARKWAY SUITE 100,AUSTIN,TX,78759,,(512) 608-4647,98,2,0,99,91,8,1,95,89,10,1,95,84,14,2,94,,1022,192,19,10/01/2024,09/30/2025
45C0001308,NORTH CENTRAL METHODIST ASC LP,19010 STONE OAK PARKWAY,SAN ANTONIO,TX,78258,,(210) 575-5200,99,1,0,99,94,5,1,96,96,3,1,97,92,7,1,96,3,1053,345,33,10/01/2024,09/30/2025
45C0001310,CATARACT AND SURGICAL CENTER OF LUBBOCK LLC,5109 80TH ST.,LUBBOCK,TX,79424,,(806) 792-5900,94,5,1,96,87,11,2,92,82,14,4,93,86,11,3,94,3,717,106,15,10/01/2024,09/30/2025
45C0001313,MEAH ASC MANAGEMENT LLC,109 PARKING WAY,LAKE JACKSON,TX,77566,,(979) 292-0033,95,4,1,98,90,7,3,93,82,15,3,94,85,14,1,95,3,989,143,15,10/01/2024,09/30/2025
45C0001314,PASTEUR PLAZA SURGERY CENTER LP,7909 FREDERICKSBURG RD STE 222,SAN ANTONIO,TX,78229,,(210) 581-5900,96,3,1,98,92,6,2,95,88,11,1,94,83,15,2,94,"3,6",611,96,16,10/01/2024,09/30/2025
45C0001315,PARK CITIES SURGERY CENTER LLC DBA PARK CITIES SURGERY CENTER,6901 SNIDER PLAZA SUITE 300,UNIVERSITY PARK,TX,75205,,(214) 706-6901,98,2,0,99,93,5,2,96,94,5,1,97,91,8,1,97,,2214,358,16,10/01/2024,09/30/2025
45C0001317,SOUTHWEST FORT WORTH ENDOSCOPY CENTER,6317 HARRIS PARKWAY SUITE 100,FORT WORTH,TX,76132,,(817) 423-2888,96,3,1,97,94,5,1,97,95,4,1,97,93,5,2,96,3,865,253,29,10/01/2024,09/30/2025
45C0001318,BAYLOR SCOTT AND WHITE SURGICARE CARROLLTON,4780 NORTH JOSEY LANE,CARROLLTON,TX,75010,,(972) 395-2210,98,1,1,99,91,6,3,94,90,6,4,95,91,8,1,96,,1195,183,15,10/01/2024,09/30/2025
45C0001320,PHYSICIANS ENDOSCOPY CENTER LTD LLP,3030 S GESSNER RD SUITE 150,HOUSTON,TX,77063,,(713) 587-0909,97,3,0,99,94,5,1,97,90,9,1,96,88,10,2,95,3,1951,463,24,10/01/2024,09/30/2025
45C0001324,PALESTINE LASER AND SURGERY CENTER,501-B KOLSTAD ST,PALESTINE,TX,75801,,(903) 723-3250,99,1,0,99,93,6,1,96,95,5,0,98,95,5,0,98,3,841,111,13,10/01/2024,09/30/2025
45C0001325,MEMORIAL ENDOSCOPY CENTER LP,1233 CAMPBELL RD,HOUSTON,TX,77055,,(713) 468-9200,98,2,0,99,94,5,1,96,92,8,0,96,84,14,2,93,3,1609,350,22,10/01/2024,09/30/2025
45C0001327,TEXAS GI ENDOSCOPY CENTER,2704 NORTH GALLOWAY AVE SUITE 102,MESQUITE,TX,75150,,(972) 270-3590,96,4,0,98,93,6,1,96,86,12,2,94,84,12,4,93,,4855,818,17,10/01/2024,09/30/2025
45C0001328,DERMATOLOGY SURGERY CENTER,1367 DOMINION PLAZA,TYLER,TX,75703,,(903) 579-7218,96,4,0,98,90,7,3,94,88,7,5,94,81,14,5,91,3,1025,103,10,10/01/2024,09/30/2025
45C0001333,PARK AMBULATORY SURGERY CENTER LLC,"5055 W. PARK BLVD, STE. 800",PLANO,TX,75093,,(214) 299-7010,97,2,1,98,92,6,2,95,88,10,2,94,83,14,3,92,,1904,384,20,10/01/2024,09/30/2025
45C0001334,TEXAS HEALTH RESOURCE PRESTON PLAZA SURGERY CENTER,17950 PRESTON RD SUITE 75,DALLAS,TX,75252,,(972) 267-4500,99,1,0,99,94,5,1,96,93,6,1,96,89,9,2,95,3,1090,203,19,10/01/2024,09/30/2025
45C0001335,ODESSA ENDOSCOPY CENTER LLC,315 EAST 5TH ST,ODESSA,TX,79761,,(432) 335-8300,94,5,1,96,87,9,4,92,80,17,3,93,74,22,4,90,,1714,217,13,10/01/2024,09/30/2025
45C0001336,CAPLAN BERKELEY LLP DBA CAPLAN SURGERY CENTER,3100 WESLAYAN STREET SUITE 400,HOUSTON,TX,77027,,(713) 526-1600,95,4,1,97,88,10,2,93,87,9,4,95,87,9,4,94,3,1716,168,10,10/01/2024,09/30/2025
45C0001337,WACO GASTROENTEROLOGY ENDOSCOPY CENTER,364 RICHLAND WEST CIR SUITE B,WACO,TX,76712,,(254) 537-0306,98,2,0,99,94,5,1,96,92,7,1,96,90,8,2,96,,2057,598,29,10/01/2024,09/30/2025
45C0001338,SAN ANTONIO ENDOSCOPY CENTER,8550 DATAPOINT DR SUITE 100,SAN ANTONIO,TX,78229,,(210) 615-7232,98,2,0,99,92,6,2,95,92,6,2,96,91,7,2,96,,1009,206,20,10/01/2024,09/30/2025
45C0001339,ENDOSCOPY CENTER AT RIDGE PLAZA LP,1200 E. SAVANNAH STE. 15,MCALLEN,TX,78503,,(956) 687-2673,90,4,6,92,86,8,6,90,78,11,11,89,81,11,8,89,3,519,102,20,10/01/2024,09/30/2025
45C0001340,CONROE TX ENDOSCOPY ASC LLC DBA RIVER OAKS ENDOSCOPY CENTER,1501 RIVER POINTE DR SUITE 260,CONROE,TX,77304,,(936) 494-3636,97,3,0,98,93,6,1,96,90,9,1,96,89,8,3,95,,1908,524,27,10/01/2024,09/30/2025
45C0001344,MIDLAND TEXAS SURGICAL CENTER LLC,5609 DEAUVILLE BLVD,MIDLAND,TX,79706,,(432) 699-4224,98,2,0,99,93,5,2,95,91,9,0,97,94,6,0,98,,1073,214,20,10/01/2024,09/30/2025
45C0001345,GAB ENDOSCOPY CENTER LLC,621 CAMDEN STREET SUITE 102,SAN ANTONIO,TX,78215,,(210) 253-3430,98,2,0,99,92,6,2,95,90,8,2,96,86,13,1,95,,2199,416,19,10/01/2024,09/30/2025
45C0001349,WEST PARK SURGERY CENTER LP,"4510 MEDICAL CENTER DR, SUITE 150",MCKINNEY,TX,75069,,(972) 547-1850,98,2,0,99,95,4,1,97,91,8,1,96,89,9,2,95,3,1416,364,26,10/01/2024,09/30/2025
45C0001351,THEDA OAKS GASTROENTEROLOGY AND ENDOSCOPY CENTER LLC,19226 STONE HUE SUITE 103,SAN ANTONIO,TX,78258,,(210) 268-0100,97,3,0,99,88,10,2,93,87,11,2,94,80,18,2,93,,1050,161,15,10/01/2024,09/30/2025
45C0001352,WALNUT HILL SURGERY CENTER,5494 GLEN LAKES DR,DALLAS,TX,75231,,(469) 250-9738,98,2,0,99,95,4,1,97,92,5,3,96,88,9,3,95,3,1054,264,25,10/01/2024,09/30/2025
45C0001355,BAYLOR SCOTT & WHITE SURGICARE PLANO,1701 OHIO DR,PLANO,TX,75093,,(214) 291-3000,97,3,0,98,89,8,3,93,90,8,2,96,87,12,1,95,,2255,442,20,10/01/2024,09/30/2025
45C0001357,BAYLOR SCOTT AND WHITE SURGICARE FORT WORTH,750 12TH AVE,FORT WORTH,TX,76104,,(817) 334-5101,97,3,0,99,94,5,1,96,87,11,2,94,87,11,2,95,,1201,235,20,10/01/2024,09/30/2025
45C0001363,MEMORIAL HERMANN ENDOSCOPY CENTER NORTH LOOP,1900 NORTH LOOP WEST SUITE #550,HOUSTON,TX,77018,,(713) 396-1300,97,3,0,98,88,9,3,93,85,11,4,94,79,16,5,91,,1927,220,11,10/01/2024,09/30/2025
45C0001364,ROCKWALL AMBULATORY SURGERY CENTER LLP,825 WEST YELLOWJACKET LN,ROCKWALL,TX,75087,,(972) 772-6166,98,2,0,99,93,5,2,96,89,9,2,96,87,12,1,95,,2680,423,16,10/01/2024,09/30/2025
45C0001365,CHRISTUS SANTA ROSA PHYSICIANS AMBULATORY SURGERY CENTER NEW BRAUNFELS,1738 G. COMMON ST,NEW BRAUNFELS,TX,78130,,(830) 643-8625,98,2,0,99,95,4,1,97,93,5,2,97,91,6,3,96,3,600,119,20,10/01/2024,09/30/2025
45C0001369,MEMORIAL HERMANN SURGERY CENTER GREATER HEIGHTS,1631 NORTH LOOP WEST SUITE #300,HOUSTON,TX,77008,,(713) 396-1300,96,4,0,98,90,8,2,94,86,10,4,94,82,14,4,92,,1373,200,15,10/01/2024,09/30/2025
45C0001370,MEMORIAL HERMANN TEXAS INTL ENDOSCOPY CTR DBA TEXAS INTL ENDOSCOPY CTR,6620 MAIN STREET SUITE 1500,HOUSTON,TX,77030,,(713) 520-8432,98,2,0,99,93,6,1,96,92,7,1,96,91,8,1,97,,1121,167,15,10/01/2024,09/30/2025
45C0001371,METHODIST MEDICAL CENTER ASC LP,"4411 MEDICAL DR, SUITE 200",SAN ANTONIO,TX,78229,,(210) 575-4584,98,2,0,99,94,5,1,97,91,8,1,96,88,9,3,94,3,1581,469,30,10/01/2024,09/30/2025
45C0001374,EL PASO DAY SURGERY LLC,1300 MURCHISON,EL PASO,TX,79902,,(915) 373-4180,97,3,0,99,91,8,1,95,90,8,2,96,85,13,2,94,,1085,227,21,10/01/2024,09/30/2025
45C0001375,NORTH AUSTIN SURGERY CENTER LP,"12201 RENFERT WAY, SUITE 120",AUSTIN,TX,78758,,(512) 832-9088,97,3,0,98,92,7,1,96,87,11,2,95,84,14,2,94,3,1536,373,24,10/01/2024,09/30/2025
45C0001376,CITYVIEW SURGERY CENTER LTD,6551 HARRIS PARKWAY SUITE 100,FORT WORTH,TX,76132,,(817) 781-5007,97,2,1,98,86,11,3,91,82,15,3,93,84,14,2,93,3,1010,278,28,10/01/2024,09/30/2025
45C0001377,BAYLOR AMBULATORY ENDOSCOPY CENTER,4708 ALLIANCE BLVD. STE 210,PLANO,TX,75093,,(469) 800-6021,98,2,0,99,93,5,2,95,90,8,2,95,89,9,2,95,3,5770,1104,19,10/01/2024,09/30/2025
45C0001384,TUSCAN SURGERY CENTER AT LAS COLINAS,701 TUSCAN DR SUITE 100,IRVING,TX,75039,,(214) 442-1900,98,2,0,99,92,7,1,96,88,11,1,96,88,12,0,96,,1177,166,14,10/01/2024,09/30/2025
45C0001386,THR STT SOUTHLAKE ASC LLC,290 MIRON RD.,SOUTHLAKE,TX,76092,,(817) 442-9300,97,3,0,98,96,3,1,98,97,2,1,98,93,6,1,97,3,878,236,27,10/01/2024,09/30/2025
45C0001388,DENTON REGIONAL AMBULATORY SURGERY CENTER LP,3316 COLORADO BLVD,DENTON,TX,76210,,(940) 349-5500,97,2,1,98,92,5,3,95,89,9,2,95,88,8,4,94,3,1303,370,28,10/01/2024,09/30/2025
45C0001391,TEXAS ENDOSCOPY CENTERS LLC,8080 INDEPENDENCE PARKWAY SUITE 160,PLANO,TX,75025,,(972) 908-3010,99,1,0,99,90,8,2,94,94,6,0,97,90,9,1,96,,1175,185,16,10/01/2024,09/30/2025
45C0001393,NORTH GARLAND SURGERY CENTER LLP DBA BAYLOR SCOTT AND WHITE SURGICARE NORTH GARLAND,7150 NORTH GEORGE BUSH HWY SUITE 101,GARLAND,TX,75044,,(214) 703-1800,98,1,1,99,94,5,1,96,93,6,1,96,89,10,1,96,,1419,220,16,10/01/2024,09/30/2025
45C0001394,WICHITA FALLS ENDOSCOPY CENTER,1500 9TH ST,WICHITA FALLS,TX,76301,,(940) 761-9034,99,1,0,99,94,5,1,96,94,5,1,97,95,4,1,98,3,653,210,32,10/01/2024,09/30/2025
45C0001396,CENTENNIAL ASC LLC,4401 COIT RD #100,FRISCO,TX,75035,,(469) 893-6573,97,3,0,98,89,9,2,94,85,11,4,94,81,14,5,92,,1766,201,11,10/01/2024,09/30/2025
45C0001400,DALLAS ENDOSCOPY CENTER LTD,5327 N. CENTRAL EXPRESSWAY #200,DALLAS,TX,75205,,(214) 520-8235,97,3,0,98,92,7,1,96,92,7,1,96,93,6,1,97,3,931,184,20,10/01/2024,09/30/2025
45C0001402,CHRISTUS SANTA ROSA PHYSICIANS AMBULATORY SURGERY CENTER IV,"502 MADISON OAK DR, SUITE 500",SAN ANTONIO,TX,78258,,(210) 499-6700,97,2,1,98,96,3,1,97,94,4,2,96,88,9,3,94,3,604,121,20,10/01/2024,09/30/2025
45C0001403,TEXAS REGIONAL EYE CENTER ASC LLC,3811 SAGEBRIAR DR.,BRYAN,TX,77802,,(979) 774-0498,98,2,0,99,91,7,2,95,94,4,2,97,90,8,2,96,3,903,171,19,10/01/2024,09/30/2025
45C0001406,MEMORIAL HERMANN SURGERY CENTER THE WOODLANDS LLP,9200 PINECROFT DRIVE SUITE 200 MOB III,THE WOODLANDS,TX,77380,,(281) 297-9500,98,2,0,99,94,5,1,97,93,6,1,97,90,9,1,96,,2082,342,16,10/01/2024,09/30/2025
45C0001409,OUTPATIENT WOMEN'S AND CHILDREN'S SURGERY CENTER LTD,7700 FANNIN ST.,HOUSTON,TX,77054,,(713) 796-3800,97,2,1,98,93,6,1,96,89,10,1,95,85,12,3,93,3,1691,356,21,10/01/2024,09/30/2025
45C0001412,CEDAR PARK SURGERY CENTER LLP DBA HILL COUNTRY SURGERY CENTER,801 EAST WHITESTONE BLVD SUITE 100,CEDAR PARK,TX,78613,,(512) 528-2000,94,5,1,97,91,7,2,94,89,9,2,95,88,11,1,95,,1733,248,14,10/01/2024,09/30/2025
45C0001414,CLEARVIEW SURGERY CENTER INC,1980 EAST STATE HWY 114,SOUTHLAKE,TX,76092,,(817) 329-2700,98,2,0,99,95,4,1,97,94,5,1,97,92,6,2,97,3,585,227,39,10/01/2024,09/30/2025
45C0001420,DENTON SURGERY CENTER LLC DBA TEXAS HEALTH SURGERY CENTER DENTON,207 NORTH BONNIE BRAE ST,DENTON,TX,76201,,(940) 383-7135,98,2,0,99,94,5,1,97,95,3,2,97,95,3,2,97,3,751,258,34,10/01/2024,09/30/2025
45C0001421,MEMORIAL HERMANN SURGERY CENTER RICHMOND LLC,1517 THOMPSON RD SUITE 100,RICHMOND,TX,77469,,(281) 344-5444,96,3,1,97,92,7,1,95,87,11,2,95,82,16,2,93,,1884,205,11,10/01/2024,09/30/2025
45C0001422,LONE STAR ENDOSCOPY-KELLER,180 BEAR CREEK PARKWAY,KELLER,TX,76248,,(817) 337-3671,97,2,1,98,92,6,2,95,92,6,2,96,90,8,2,96,,1415,252,18,10/01/2024,09/30/2025
45C0001429,SPINECARE LLP,5734 SPOHN DR SUITE B,CORPUS CHRISTI,TX,78414,,(361) 653-1125,99,1,0,99,95,4,1,97,97,3,0,98,91,6,3,95,3,447,184,41,10/01/2024,09/30/2025
45C0001430,STONEGATE SURGERY CENTER LP,2501 WEST WILLIAM CANNON DR SUITE 301,AUSTIN,TX,78745,,(512) 439-7300,97,2,1,98,94,5,1,97,90,8,2,95,82,16,2,93,3,658,176,27,10/01/2024,09/30/2025
45C0001432,AMARILLO SURGERY AND ENDOSCOPY DBA ADC ENDOSCOPY SPECIALISTS,1 CARE CIRCLE,AMARILLO,TX,79124,,(806) 353-1769,97,3,0,98,93,5,2,96,93,6,1,96,92,7,1,97,,1119,279,25,10/01/2024,09/30/2025
45C0001433,SUGAR LAND SURGERY CENTER LTD,"15300 SW FREEWAY, SUITE 100",SUGAR LAND,TX,77478,,(281) 274-6670,97,2,1,98,94,5,1,97,91,7,2,96,88,8,4,94,3,1866,559,30,10/01/2024,09/30/2025
45C0001434,MEMORIAL HERMANN SURGERY CENTER BRAZORIA LLC,2760 BRAZOS PARKWAY,ANGLETON,TX,77515,,(979) 848-5910,99,1,0,99,94,6,0,97,92,7,1,96,91,7,2,96,,813,203,25,10/01/2024,09/30/2025
45C0001437,CENTRAL PARK SURGERY CENTER LP,411 CENTRAL PARK DR,ARLINGTON,TX,76014,,(817) 784-8300,96,3,1,98,94,5,1,96,85,12,3,95,87,9,4,94,3,670,165,25,10/01/2024,09/30/2025
45C0001438,DIGESTIVE HEALTH CENTER OF NORTH RICHLAND HILLS,7640 NORTHEAST LOOP 820 SUITE 96,NORTH RICHLAND HILLS,TX,76180,,(469) 713-5052,99,1,0,99,95,4,1,97,93,6,1,97,90,6,4,94,,1708,409,24,10/01/2024,09/30/2025
45C0001440,CHRISTS SURGERY CENTER STONE OAK,502 MADISON OAK DR SUITE 500,SAN ANTONIO,TX,78258,,(210) 499-6709,96,4,0,98,94,5,1,97,94,5,1,97,89,11,0,96,"3,6",589,99,17,10/01/2024,09/30/2025
45C0001441,COVENANT HIGH PLAINS SURGERY CENTER LLC,3610 22ND ST,LUBBOCK,TX,79410,,(806) 776-4780,97,3,0,99,94,5,1,97,93,7,0,97,90,9,1,96,3,1303,282,22,10/01/2024,09/30/2025
45C0001442,MEMORIAL HERMANN SURGERY CENTER KINGSLAND,21720 KINGSLAND BLVD SUITE 101,KATY,TX,77450,,(281) 579-5655,97,3,0,98,91,7,2,95,87,11,2,94,84,15,1,94,,3636,428,12,10/01/2024,09/30/2025
45C0001443,MEMORIAL HERMANN SURGERY CENTER SOUTHWEST,7789 SOUTHWEST FREEWAY SUITE 200,HOUSTON,TX,77074,,(713) 343-3100,96,3,1,98,91,7,2,94,84,12,4,94,85,10,5,93,,1621,205,13,10/01/2024,09/30/2025
45C0001446,MEMORIAL HERMANN SURGERY CENTER TEXAS MEDICAL CENTER,6400 FANNIN ST SUITE 1500,HOUSTON,TX,77030,,(713) 790-7710,97,2,1,98,95,4,1,97,92,6,2,95,90,6,4,94,"3,6",548,77,14,10/01/2024,09/30/2025
45C0001447,MEMORIAL HERMANN SURGERY CENTER KATY,23920 KATY FREEWAY,KATY,TX,77494,,(281) 644-3200,95,5,0,98,91,8,1,95,85,13,2,94,83,15,2,94,,1576,203,13,10/01/2024,09/30/2025
45C0001449,MEMORIAL HERMANN SURGERY CENTER SUGAR LAND LLP,17510 WEST GRAND PARKWAY SOUTH SUITE 200,SUGAR LAND,TX,77479,,(281) 238-1600,97,3,0,98,92,6,2,95,89,9,2,95,86,12,2,94,,2362,363,15,10/01/2024,09/30/2025
45C0001451,SA ENDOSCOPY SURGICENTER DBA SAN ANTONIO GASTROENTEROLOGY ENDOSCOPY CENTER NORTH,150 EAST SONTERRA BOULEVARD SUITE 110,SAN ANTONIO,TX,78258,,(210) 491-9998,98,2,0,99,93,6,1,96,94,5,1,97,92,6,2,96,3,2795,833,30,10/01/2024,09/30/2025
45C0001453,BAY AREA HOUSTON ENDOSCOPY LP,1015 MEDICAL CENTER BLVD SUITE 1200,WEBSTER,TX,77598,,(282) 338-2861,98,2,0,99,92,7,1,96,91,8,1,96,90,8,2,95,3,2097,467,22,10/01/2024,09/30/2025
45C0001457,WOODLANDS ENDOSCOPY CENTER,111 VISION PARK BLVD. STE. 160,THE WOODLANDS,TX,77384,,(936) 321-8910,99,1,0,99,95,4,1,97,97,2,1,98,95,4,1,98,,2047,815,40,10/01/2024,09/30/2025
45C0001458,NORTHWEST SURGERY CENTER LLP,11111 RESEARCH BLVD SUITE 350,AUSTIN,TX,78759,,(512) 349-4010,96,4,0,98,93,6,1,96,89,9,2,95,84,16,0,95,,1356,245,18,10/01/2024,09/30/2025
45C0001459,TEXAS EYE SURGERY CENTER LLC,"1872 NORWOOD DR, SUITE 100",HURST,TX,76054,,(817) 554-0203,95,5,0,98,91,8,1,95,87,10,3,94,84,13,3,93,,5218,1405,27,10/01/2024,09/30/2025
45C0001463,PSA AMBULATORY SURGICAL CENTER OF AUSTIN,4100 DUVAL RD BUILDING 3 SUITE 100,AUSTIN,TX,78759,,(512) 836-1200,94,6,0,97,92,7,1,96,85,12,3,94,74,21,5,88,"3,6",351,89,26,10/01/2024,09/30/2025
45C0001464,MBC AMBULATORY SURGERY CENTER LP DBA MANN CATARACT SURGERY CENTER,5115 MIAN ST 1ST FLOOR,HOUSTON,TX,77002,,(713) 275-2437,97,3,0,98,90,8,2,94,90,8,2,96,85,14,1,94,3,663,128,20,10/01/2024,09/30/2025
45C0001465,EL PASO CENTER FOR GASTROINTESTINAL ENDOSCOPY LLC,1620 N. MESA ST,EL PASO,TX,79902,,(915) 545-5300,95,5,0,97,91,7,2,94,87,11,2,95,85,14,1,94,,1789,278,16,10/01/2024,09/30/2025
45C0001466,CALLOWAY CREEK SURGERY CENTER LP,"14300 CITY POINT DR, SUITE 100",NORTH RICHLAND HILLS,TX,76180,,(817) 548-4000,98,2,0,99,94,5,1,97,94,4,2,97,90,7,3,95,3,1274,386,30,10/01/2024,09/30/2025
45C0001469,OPREX SURGERY BEAUMONT LP,390 N 11TH ST,BEAUMONT,TX,77702,,(409) 981-5500,97,2,1,98,90,7,3,94,92,7,1,97,95,4,1,98,3,1465,116,8,10/01/2024,09/30/2025
45C0001470,CORPUS CHRISTI ENDOSCOPY CENTER LLP,6421 SARATOGA BLVD BLDG. 105,CORPUS CHRISTI,TX,78414,,(361) 985-9600,96,4,0,98,93,5,2,96,93,6,1,97,92,7,1,96,3,968,307,32,10/01/2024,09/30/2025
45C0001471,BAYLOR SURGICARE AT GRANBURY LLC,1717 PALUXY RD.,GRANBURY,TX,76048,,(817) 579-8863,97,3,0,99,96,3,1,98,94,5,1,97,94,4,2,97,,595,208,35,10/01/2024,09/30/2025
45C0001472,CLEBURNE SURGICAL CENTER LLP,2010 WEST KATHERINE P. RAINES SUITE 100,CLEBURNE,TX,76033,,(817) 645-0811,97,3,0,98,95,4,1,97,91,7,2,96,90,7,3,95,3,806,239,30,10/01/2024,09/30/2025
45C0001473,TARRANT COUNTY SURGERY CENTER LP,13501 MATLCOK,ARLINGTON,TX,76015,,(817) 378-9370,97,2,1,98,93,6,1,96,87,10,3,95,86,10,4,93,3,1755,424,24,10/01/2024,09/30/2025
45C0001475,KERRVILLE AMBULATORY SURGERY CENTER LLC,1001 WATER ST. STE. E100,KERRVILLE,TX,78028,,(830) 257-4417,97,3,0,99,92,6,2,95,91,8,1,96,93,6,1,97,"3,6",613,92,15,10/01/2024,09/30/2025
45C0001477,GCSA AMBULATORY SURGERY CENTER LLC,855 PROTON RD.,SAN ANTONIO,TX,78258,,(210) 614-1234,97,3,0,98,93,6,1,96,91,8,1,96,87,12,1,95,,1165,250,21,10/01/2024,09/30/2025
45C0001479,VISTA SURGERY CENTER LLC,1400 COMMON DR,EL PASO,TX,79936,,(915) 595-4375,96,3,1,97,90,7,3,93,87,9,4,94,88,10,2,96,"3,6",598,83,14,10/01/2024,09/30/2025
45C0001481,HYDE PARK SURGERY CENTER,4611 GUADALUPE ST SUITE 100,AUSTIN,TX,78751,,(512) 420-2303,98,2,0,99,88,10,2,93,89,9,2,95,85,13,2,94,,1051,197,19,10/01/2024,09/30/2025
45C0001485,LAREDO LASER AND SURGERY,5313 MCPHERSON,LAREDO,TX,78041,,(956) 568-5441,94,4,2,96,84,10,6,89,83,8,9,92,76,12,12,88,"3,6",490,76,16,10/01/2024,09/30/2025
45C0001486,BAYLOR SCOTT & WHITE SURGICARE AT MANSFIELD,280 REGENCY PARKWAY,MANSFIELD,TX,76063,,(469) 387-2313,98,2,0,99,94,5,1,96,93,6,1,97,90,9,1,96,,1707,244,14,10/01/2024,09/30/2025
45C0001489,KELSEY SEYBOLD CLINIC ASC SPRING,15655 CYPRESS WOODS MEDICAL DRIVE SUITE 100,HOUSTON,TX,77014,,(713) 442-3663,98,2,0,99,92,6,2,95,89,10,1,95,85,14,1,95,3,1605,227,14,10/01/2024,09/30/2025
45C0001492,THR STT ROCKWALL ASC LLC,3142 HORIZON RD #100,ROCKWALL,TX,75032,,(972) 772-9600,98,2,0,99,98,2,0,99,96,2,2,98,95,2,3,97,3,1136,315,28,10/01/2024,09/30/2025
45C0001493,ABILENE SURGERY CENTER,5601 HEALTH CENTER DR,ABILENE,TX,79606,,(325) 690-4477,96,4,0,98,90,8,2,94,89,11,0,95,91,8,1,97,3,615,114,19,10/01/2024,09/30/2025
45C0001496,LAREDO DIGESTIVE HEALTH CENTER LLC,6999 MCPHERSON STE. 219,LAREDO,TX,78041,,(956) 728-0030,96,3,1,98,89,8,3,93,90,7,3,95,87,10,3,94,3,2450,367,15,10/01/2024,09/30/2025
45C0001497,ROUND ROCK SURGERY CENTER LLC,"2000 S. MAYS, STE. 400",ROUND ROCK,TX,78664,,(512) 492-3735,96,3,1,98,92,6,2,95,85,12,3,94,86,11,3,95,3,590,113,19,10/01/2024,09/30/2025
45C0001498,HEA GRAMERCY SURGERY CENTER PLLC DBA HEA SURGERY CENTER,2855 GRAMERCY ST SUITE 100,HOUSTON,TX,77025,,(832) 690-2222,93,6,1,96,89,9,2,94,80,16,4,93,80,18,2,93,"3,6",692,95,14,10/01/2024,09/30/2025
45C0001502,TEXAS HEALTH WOMENS SPECIALITY SURGERY CENTER DALLAS,8230 WALNUT HILL LANE SUITE 101,DALLAS,TX,75231,,(214) 345-6758,98,2,0,99,95,4,1,97,93,6,1,97,92,7,1,97,3,1392,175,13,10/01/2024,09/30/2025
45C0001508,OPHTHALMOLOGY SURGERY CENTER OF DALLAS LLC,10740 N. CENTRAL EXPRESSWAY STE 400,DALLAS,TX,75231,,(214) 750-9288,96,4,0,98,92,6,2,95,88,9,3,95,86,11,3,94,3,1025,298,29,10/01/2024,09/30/2025
45C0001509,MEDICAL PARK TOWER SURGERY CENTER,1301 WEST 38TH ST SUITE 109,AUSTIN,TX,78705,,(512) 354-3011,97,2,1,98,90,8,2,94,89,9,2,95,86,13,1,95,,1097,258,24,10/01/2024,09/30/2025
45C0001510,BELTLINE SURGERY CENTER LLC,2858 N BELTLINE RD. STE. 100,SUNNYVALE,TX,75182,,(972) 203-8787,95,3,2,96,90,8,2,94,85,10,5,93,85,9,6,92,3,429,124,29,10/01/2024,09/30/2025
45C0001511,LONESTAR AMBULATORY SURGICAL CENTER,2201 WESTGATE PLAZA,GRAPEVINE,TX,76051,,(817) 416-7988,98,2,0,99,87,11,2,92,92,7,1,97,90,7,3,95,"3,6",556,79,14,10/01/2024,09/30/2025
45C0001513,MEMORIAL HERMANN MEMORIAL VILLAGE SURGERY CENTER,1120 BUSINESS CENTER DR SUITE 110,HOUSTON,TX,77043,,(713) 337-1111,97,2,1,98,92,6,2,95,88,10,2,94,87,11,2,95,,1419,210,15,10/01/2024,09/30/2025
45C0001517,CEDAR PARK SURGERY CENTER,351 CYPRESS CREEK RD SUITE 102,CEDAR PARK,TX,78613,,(512) 498-9006,98,2,0,99,92,7,1,95,95,3,2,97,89,8,3,95,3,1097,259,24,10/01/2024,09/30/2025
45C0001519,SOUTH TEXAS AMBULATORY SURGERY CENTER PLLC,9238 FLOYD CURL DR,SAN ANTONIO,TX,78240,,(210) 696-0500,97,3,0,98,90,8,2,94,93,6,1,96,88,10,2,95,3,667,206,31,10/01/2024,09/30/2025
45C0001522,WILLIAMSON SURGERY CENTER,"301 SETON PKWY, STE 200",ROUND ROCK,TX,78665,,(512) 861-4214,98,2,0,99,95,4,1,97,92,7,1,96,88,11,1,96,,795,178,22,10/01/2024,09/30/2025
45C0001523,NORTH TEXAS TEAM CARE SURGERY CENTER LLC,3865 CHILDRESS AVE,MESQUITE,TX,75150,,(972) 528-6090,98,2,0,99,93,6,1,96,93,6,1,97,93,7,0,98,"3,6",670,96,15,10/01/2024,09/30/2025
45C0001528,KINGWOOD SURGERY CENTER LLC,"19502 MCKAY, SUITE 101",HUMBLE,TX,77338,,(281) 312-6900,99,1,0,99,95,4,1,97,92,7,1,96,90,8,2,96,3,990,270,27,10/01/2024,09/30/2025
45C0001529,SA ENDOSCOPY SURGICENTER DBA SAN ANTONIO GASTROENTEROLOGY ENDOSCOPY CENTER MEDICAL CENTER,2833 BABCOCK ROAD SUITE 120,SAN ANTONIO,TX,78229,,(210) 581-9290,97,3,0,98,91,7,2,94,93,6,1,97,87,10,3,94,3,3313,961,29,10/01/2024,09/30/2025
45C0001530,HOUSTON UROLOGIC SURGICENTER LLC,"4223 RICHMOND AVENUE, SUITE 100",HOUSTON,TX,77027,,(713) 634-4433,96,3,1,98,93,6,1,96,88,10,2,95,83,14,3,93,3,1457,415,28,10/01/2024,09/30/2025
45C0001531,STONE OAK SURGICENTER LLC DBA STONE OAK SURGERY CENTER,123 NORTH LOOP 1604 EAST SUITE 107,SAN ANTONIO,TX,78232,,(210) 267-1374,98,2,0,99,96,4,0,98,92,7,1,96,92,7,1,97,3,1220,445,36,10/01/2024,09/30/2025
45C0001535,AMARILLO COLONOSCOPY CENTER LP,"800 QUAIL CREEK, STE 102",AMARILLO,TX,79124,,(806) 367-8537,93,6,1,96,92,5,3,95,85,10,5,93,81,19,0,94,"3,10",403,44,11,10/01/2024,09/30/2025
45C0001536,MEMORIAL HERMANN SURGERY CENTER KIRBY LLC,2459 SOUTH BRAESWOOD BLVD,HOUSTON,TX,77030,,(713) 529-8600,94,5,1,97,89,9,2,94,79,16,5,92,78,18,4,91,,882,196,22,10/01/2024,09/30/2025
45C0001539,PARK TEN SURGERY CENTER,15775 PARK TEN PL,HOUSTON,TX,77084,,(281) 647-2309,96,3,1,97,91,8,1,95,88,11,1,94,82,17,1,93,,1036,205,20,10/01/2024,09/30/2025
45C0001540,PEARLAND SURGERY CENTER LLC,15015 KIRBY DR SUITE 100,HOUSTON,TX,77047,,(832) 255-7500,96,3,1,98,90,8,2,94,87,9,4,94,84,12,4,93,,2462,328,13,10/01/2024,09/30/2025
45C0001541,TEXAS HEALTH SURGERY CENTER ADDISON,17980 DALLAS PARKWAY SUITE 100,DALLAS,TX,75287,,(972) 913-7717,99,1,0,100,95,4,1,97,94,6,0,98,87,10,3,93,3,1006,194,19,10/01/2024,09/30/2025
45C0001543,TEXAS HEALTH SURGERY CENTER ALLIANCE,10840 TEXAS HEALTH TRAIL SUITE 100,FORT WORTH,TX,76244,,(682) 803-0904,99,1,0,99,95,4,1,97,95,5,0,97,94,5,1,98,3,802,247,31,10/01/2024,09/30/2025
45C0001544,HAYS SURGERY CENTER,135 BUNTON CREEK RD SUITE 200,KYLE,TX,78640,,(512) 504-0202,97,3,0,98,95,4,1,97,87,10,3,95,82,12,6,91,3,1031,229,22,10/01/2024,09/30/2025
45C0001545,UH COLLEGE OF OPTOMETRY SURGERY CENTER DBA UHCO SURGERY CENTER,4811 CALHOUN RD SUITE 100,HOUSTON,TX,77204,,(713) 743-7141,98,2,0,99,94,5,1,97,94,4,2,97,91,6,3,95,,596,215,36,10/01/2024,09/30/2025
45C0001548,ECLIPSE SURGICARE LLC,461 WESTPARK WAY,EULESS,TX,76040,,(817) 479-0800,96,3,1,98,93,6,1,96,88,9,3,94,84,11,5,92,3,740,209,28,10/01/2024,09/30/2025
45C0001551,WILSON CREEK SURGICAL CENTER LLC DBA STONEBRIDGE SURGERY CENTER,8855 SYNERGY DR,MCKINNEY,TX,75071,,(972) 632-3800,99,1,0,99,94,5,1,97,94,5,1,97,91,7,2,96,3,923,230,25,10/01/2024,09/30/2025
45C0001552,TEXAS HEALTH CRAIG RANCH SURGERY CENTER LLC,8080 STATE HWY 121 SUITE 100,MCKINNEY,TX,75070,,(972) 521-5611,99,1,0,99,95,4,1,97,96,3,1,98,92,6,2,96,3,1216,249,20,10/01/2024,09/30/2025
45C0001556,VIVERE AUSTIN SURGERY CENTER,"2200 PARK BEND DR, BLDG 3",AUSTIN,TX,78758,,(512) 730-0471,98,2,0,99,92,5,3,95,92,6,2,97,86,14,0,96,"3,10",290,35,12,10/01/2024,09/30/2025
45C0001559,PARIS SURGERY CENTER LLC,2905 PINEMILL RD,PARIS,TX,75460,,(903) 905-4717,95,5,0,98,90,7,3,94,92,1,7,94,93,7,0,98,"3,10",141,34,24,10/01/2024,09/30/2025
45C0001561,SURGCENTER OF PLANO,6101 WINDHAVEN PARKWAY SUITE 195,PLANO,TX,75093,,(469) 209-7054,98,2,0,99,92,6,2,95,90,9,1,95,86,13,1,95,,839,219,26,10/01/2024,09/30/2025
45C0001562,TEXAS HEALTH ORTHOPEDIC SURGERY CENTER,5000 LONG PRAIRIE RD SUITE 202,FLOWER MOUND,TX,75028,,(469) 240-8551,99,1,0,99,95,4,1,97,94,5,1,97,91,6,3,96,3,884,244,28,10/01/2024,09/30/2025
45C0001563,EYE SURGERY CENTER OF NORTH DALLAS,3100 E. TRINITY MILLS RD,CARROLLTON,TX,75006,,(972) 380-2020,98,2,0,99,92,7,1,95,91,8,1,96,88,11,1,95,,769,243,32,10/01/2024,09/30/2025
45C0001566,SURGICAL EYE CENTER OF SAN ANTONIO,11601 TOEPPERVIEW RD,LIVE OAK,TX,78233,,(210) 441-7200,97,3,0,99,92,7,1,95,93,7,0,96,91,9,0,97,3,1045,100,10,10/01/2024,09/30/2025
45C0001567,GASTROENTEROLOGY CONSULTANTS OF SAN ANTONIO STONE CREEK,12850 TOEPPERWEIN RD,LIVE OAK,TX,78233,,(210) 614-1234,97,3,0,99,92,7,1,95,91,9,0,97,91,9,0,97,,1206,251,21,10/01/2024,09/30/2025
45C0001568,PRESTON SURGERY CENTER LLC,"7589 PRESTON RD, SUITE 100",FRISCO,TX,75034,,(214) 387-4100,96,2,2,97,94,5,1,97,81,16,3,93,81,16,3,93,"3,10",320,44,14,10/01/2024,09/30/2025
45C0001569,PSA AMBULATORY SURGERY CENTER OF KILLEEN LLC,2701 EAST STAN SCHLUETER LOOP,KILLEEN,TX,76542,,(512) 836-1200,97,2,1,98,94,5,1,96,86,12,2,95,89,9,2,95,3,599,111,19,10/01/2024,09/30/2025
45C0001570,LONE STAR ENDOSCOPY CENTER LLC,1001 SURREY LANE,FLOWER MOUND,TX,75022,,(214) 513-6300,98,2,0,99,93,6,1,96,94,5,1,97,93,6,1,97,,1364,290,21,10/01/2024,09/30/2025
45C0001575,THE HEART AND VASCULAR SURGERY CENTER,"3201 UNIVERSITY DR EAST, STE. 430",BRYAN,TX,77802,,(979) 485-9922,99,1,0,99,96,3,1,97,97,2,1,98,95,4,1,98,3,562,227,40,10/01/2024,09/30/2025
45C0001578,PARK HILL SURGERY CENTER LLC,"3455 LOCKE AVE, STE. 100",FORT WORTH,TX,76107,,(817) 585-1900,97,3,0,98,93,6,1,96,87,11,2,95,84,13,3,92,3,840,243,29,10/01/2024,09/30/2025
45C0001579,TEXAS PRECISION SURGERY CENTER LLC,5721 ESPLANADE DR STE B,CORPUS CHRISTI,TX,78414,,(361) 334-1300,96,4,0,98,89,8,3,93,86,11,3,94,81,16,3,92,,1045,211,20,10/01/2024,09/30/2025
45C0001580,ADVANCED SURGERY CENTER OF SAN ANTONIO LLC,18414 US HWY 281 NORTH 114,SAN ANTONIO,TX,78259,,(210) 455-4150,97,3,0,98,89,8,3,93,88,11,1,96,84,14,2,94,3,589,102,17,10/01/2024,09/30/2025
45C0001581,AUA SURGICAL CENTER LLC,8207 WEST AMMILLO BLVD,AMARILLO,TX,79124,,(806) 350-7388,98,2,0,99,94,5,1,96,93,6,1,96,89,7,4,94,3,966,200,21,10/01/2024,09/30/2025
45C0001582,BEAR CREEK SURGERY CENTER LLC,100 BOURLAND RD SUITE 110,KELLER,TX,76248,,(817) 518-9130,98,2,0,99,96,3,1,98,94,3,3,96,88,10,2,95,,863,200,23,10/01/2024,09/30/2025
45C0001585,CENTER FOR SPECIALTY SURGERY OF AUSTIN,8015 SHOAL CREEK BLVD SUITE 100,AUSTIN,TX,78757,,(512) 584-8421,97,2,1,98,92,5,3,94,90,6,4,94,90,8,2,96,"3,6",745,99,14,10/01/2024,09/30/2025
45C0001586,LAKE JACKSON ENDOSCOPY CENTER,219 OAK DR SOUTH SUITE B,LAKE JACKSON,TX,77566,,(903) 701-4444,98,1,1,99,93,5,2,96,91,6,3,95,88,7,5,93,3,792,205,26,10/01/2024,09/30/2025
45C0001588,PARKSIDE SURGERY CENTER LLC,"690 S. LOOP 336 W, STE. 130",CONROE,TX,77304,,(936) 760-7660,90,6,4,93,91,6,3,94,78,4,18,85,76,10,14,85,"3,10",658,42,6,10/01/2024,09/30/2025
45C0001589,WESTGREEN SURGICAL CENTER,750 WESTGREEN BLVD SUITE 103,KATY,TX,77450,,(907) 227-4150,,,,,,,,,,,,,,,,,1,,,,,
45C0001590,ABILENE WHITE ROCK SURGERY CENTER LLC,"2401 NORTH TREADAWAY BLVD, SUITE B",ABILENE,TX,79601,,(325) 704-5400,97,2,1,98,84,10,6,89,87,8,5,93,86,7,7,92,"3,6",1122,87,8,10/01/2024,09/30/2025
45C0001591,WACO CARDIOLOGY CATH LAB AND SURGERY CENTER,7125 SANGER AVE SUITE E,WACO,TX,76712,,(254) 776-0800,94,5,1,97,87,10,3,92,91,7,2,96,87,7,6,93,3,793,223,28,10/01/2024,09/30/2025
45C0001592,PARAGON LASER AND EYE SURGERY CENTER,902 WEST RANDOL MILL RD SUITE  230,ARLINGTON,TX,76012,,(817) 462-8240,97,3,0,99,93,6,1,96,92,6,2,96,90,8,2,96,,621,194,31,10/01/2024,09/30/2025
45C0001594,VALLEY AMBULATORY SURGICAL CENTER LLC,901 NORTH JACKSON ROAD,MCALLEN,TX,78501,,(956) 878-1290,96,4,0,98,90,8,2,94,90,5,5,94,87,11,2,95,3,1693,207,12,10/01/2024,09/30/2025
45C0001596,MEDICAL CITY SURGERY CENTER SOUTHLAKE LLC DBA MEDICAL CITY SURGERY CENTER,2815 WEST SOUTHLAKE BOULEVARD SUITE 100,SOUTHLAKE,TX,76092,,(817) 431-3200,99,1,0,99,96,3,1,98,94,5,1,97,94,3,3,96,3,801,196,25,10/01/2024,09/30/2025
45C0001597,NORTH PINES SURGERY CENTER LLC,4019 I 45 N SUITE 150,CONROE,TX,77304,,(936) 641-8181,98,2,0,99,94,4,2,96,91,8,1,96,89,10,1,96,,1262,226,18,10/01/2024,09/30/2025
45C0001600,WATER LEAF SURGERY CENTER LTD,5200 DAVIS LANE SUITE B100,AUSTIN,TX,78749,,(737) 802-3838,98,2,0,99,93,5,2,96,91,5,4,95,85,14,1,94,3,659,110,17,10/01/2024,09/30/2025
45C0001602,CAPLAN BERKELEY LLP DBA KATY AREA SURGICAL CENTER,21502 MERCHANTS WAY SUITE C,KATY,TX,77449,,(281) 579-6777,98,2,0,99,90,8,2,94,89,11,0,97,87,12,1,95,3,1467,146,10,10/01/2024,09/30/2025
45C0001603,RAIDER SURGICAL CENTER LLC,1400 E RIDGE RD STE 3,MCALLEN,TX,78503,,(956) 429-4900,95,4,1,97,87,11,2,93,89,9,2,95,89,11,0,97,3,1327,128,10,10/01/2024,09/30/2025
45C0001606,US CARDIO OF SA LLC,6830 HEUERMANN RD,SAN ANTONIO,TX,78256,,(210) 802-4350,,,,,,,,,,,,,,,,,1,,,,,
45C0001607,MEMORIAL HERMANN SURGERY CENTER PINECROFT,9305 PINECROFT DR SUITE 200,SPRING,TX,77380,,(832) 823-5156,97,2,1,98,93,5,2,95,92,6,2,96,92,6,2,96,,1369,221,16,10/01/2024,09/30/2025
45C0001609,ADVANCED CARDIOVASCULAR AND SURGERY CENTER AT METHODIST WEST HOUSTON,18400 KATY FREEWAY SUITE 330,HOUSTON,TX,77094,,(281) 829-2226,98,2,0,99,90,8,2,94,96,3,1,98,96,3,1,98,3,491,150,31,10/01/2024,09/30/2025
45C0001610,CCA ASC LLC,6200 WEST I40,AMARILLO,TX,79106,,(806) 354-9764,96,3,1,98,90,8,2,94,92,6,2,96,88,9,3,95,3,618,257,42,10/01/2024,09/30/2025
45C0001611,HEART OF TEXAS SURGERY CENTER DBA WACO CENTER OF SURGICAL ARTS,7003 WOODWAY DRIVE  SUITE 307,WOODWAY,TX,76712,,(254) 235-1122,96,4,0,98,86,13,1,93,96,4,0,98,94,6,0,98,"3,10",318,47,15,10/01/2024,09/30/2025
45C0001612,BEAUMONT ASC LP,755 NORTH 11TH ST P3970B,BEAUMONT,TX,77702,,(409) 924-3996,99,1,0,99,91,7,2,95,95,5,0,98,95,4,1,98,3,745,189,25,10/01/2024,09/30/2025
45C0001613,CONROE ASC LP DBA COLLEGE PARK HEART AND VASCULAR SURGERY CENTER,17183 I-45 SOUTH SUITE 360,THE WOODLANDS,TX,77385,,(936) 321-0080,93,6,1,96,89,9,2,93,91,4,5,95,81,9,10,88,3,360,102,28,10/01/2024,09/30/2025
45C0001615,SARATOGA SURGICAL CENTER LLC,6214 SARATOGA BLVD BUILDING 6,CORPUS CHRISTI,TX,78414,,(361) 452-5460,98,2,0,99,94,5,1,96,90,9,1,96,89,9,2,96,,891,259,29,10/01/2024,09/30/2025
45C0001616,BLUEBONNET SURGERY PAVILION LLC,1324 BROWN STREET SUITE 600,WAXAHACHIE,TX,75165,,(972) 937-4000,99,1,0,99,98,2,0,99,93,6,1,97,85,9,6,91,,709,115,16,10/01/2024,09/30/2025
45C0001617,COLLIN COUNTY ASC LP DBA MEDFINITY HEALTH SURGERY CENTER PLANO,5085 WEST PARK BOULEVARD SUITE 180B,PLANO,TX,75093,,(469) 609-8280,97,3,0,99,92,7,1,96,95,5,0,97,83,11,6,91,3,613,239,39,10/01/2024,09/30/2025
45C0001618,LAKEWAY AMBULATORY SURGERY CENTER LLC DBA LAKEWAY SURGERY CENTER,5329 SERENE HILLS DRIVE SUITE 100,LAKEWAY,TX,78738,,(512) 357-8220,99,1,0,100,97,2,1,98,98,1,1,99,97,1,2,98,3,302,123,41,10/01/2024,09/30/2025
45C0001619,CHRISTUS SURGERY CENTER OLYMPIA HILLS,13525 CENTERBROOK SUITE 100,UNIVERSAL CITY,TX,78148,,(210) 499-6790,97,2,1,98,91,8,1,95,89,7,4,94,79,17,4,91,"3,6",367,59,16,10/01/2024,09/30/2025
45C0001621,AMBULATORY SURGERY CENTER AT LBJ,5550 KELLEY ST,HOUSTON,TX,77026,,(713) 556-9129,98,2,0,99,93,5,2,96,94,4,2,97,89,9,2,95,,2464,228,9,10/01/2024,09/30/2025
45C0001622,MEDICAL CITY SURGERY CENTER OF ALLEN LLC,1125 RAINTREE CIRCLE SUITE 200,ALLEN,TX,75013,,(469) 898-8400,98,2,0,99,93,6,1,96,93,6,1,96,93,5,2,96,3,378,123,33,10/01/2024,09/30/2025
45C0001623,MID CITIES ASC LP DBA MEDFINITY HEALTH SURGERY CENTER- HEB,1305 AIRPORT FREEWAY SUITE 123,BEDFORD,TX,76021,,(682) 305-1112,99,1,0,99,94,5,1,97,96,3,1,98,94,5,1,98,3,374,139,38,10/01/2024,09/30/2025
45C0001624,HUEBNER AMBULATORY SURGERY CENTER LLC,9618 HUEBNER RD SUITE 111,SAN ANTONIO,TX,78240,,(210) 943-0999,96,3,1,98,89,8,3,93,87,10,3,94,83,15,2,93,,1157,267,23,10/01/2024,09/30/2025
45C0001626,EHI SURGERY CENTER AUSTIN DBA LEGENT OUTPATIENT SURGERY AUSTIN,3107 OAK CREEK DRIVE SUITE 100,AUSTIN,TX,78727,,(512) 861-0700,98,2,0,99,92,6,2,95,88,9,3,94,80,17,3,92,3,737,196,27,10/01/2024,09/30/2025
45C0001628,NEW BRAUNFELS SPINE AND PAIN SURGERY,"717 GENERATIONS DR,  SUITE A",NEW BRAUNFELS,TX,78130,,(830) 387-2343,94,4,2,96,91,6,3,94,88,8,4,95,86,11,3,94,"3,6",571,98,17,10/01/2024,09/30/2025
45C0001629,TOTAL VASCULAR CARE,215 NORTH SAN SABA SUITE 201,SAN ANTONIO,TX,78207,,(210) 547-3430,,,,,,,,,,,,,,,,,1,,,,,
45C0001630,LUBBOCK SURGERY CENTER,3416 22ND ST,LUBBOCK,TX,79410,,(806) 412-6583,97,3,0,98,93,5,2,96,91,7,2,96,88,9,3,94,3,657,220,33,10/01/2024,09/30/2025
45C0001631,TEXAS CENTER FOR INTERVENTIONAL SURGERY LLC,"4450 SOJOURN DR, SUITE 200",ADDISON,TX,75001,,(972) 733-0014,91,8,1,95,88,10,2,93,75,19,6,90,71,19,10,85,3,393,101,26,10/01/2024,09/30/2025
45C0001632,EYE SURGERY CENTER OF EAST TEXAS PLLC,244 EAST 5TH ST,TYLER,TX,75701,,(903) 535-3000,99,1,0,100,90,8,2,94,96,4,0,98,94,5,1,97,3,731,162,22,10/01/2024,09/30/2025
45C0001633,TEXAS HEALTH SURGERY CENTER BEDFORD LLC DBA TEXAS HEALTH SURGERY CENTER BEDFORD,1605 AIRPORT FREEWAY SUITE 100,BEDFORD,TX,76021,,(682) 503-8950,98,1,1,99,94,5,1,96,96,3,1,97,89,8,3,95,3,1108,206,19,10/01/2024,09/30/2025
45C0001634,ADVANCED SURGICAL CENTER LLC,1018 EAST WHEATLAND ROAD,DUNCANVILLE,TX,75116,,(469) 904-8888,98,2,0,99,92,6,2,95,87,7,6,93,86,11,3,94,3,616,103,17,10/01/2024,09/30/2025
45C0001635,BAY AREA ASC LLC DBA AZURA SURGERY CENTER HOUSTON,8537 GULF FREEWAY SUITE C,HOUSTON,TX,77017,,(832) 386-0900,98,2,0,99,95,5,0,97,90,8,2,94,77,15,8,87,3,1202,100,8,10/01/2024,09/30/2025
45C0001636,PSG SURGERY CENTER LLC DBA SURGERY CENTER OF AMARILLO,1010 SOUTH COULTER STREET,AMARILLO,TX,79106,,(806) 418-8870,98,2,0,99,92,6,2,95,92,7,1,96,89,10,1,96,3,650,125,19,10/01/2024,09/30/2025
45C0001637,EYE 35 ASC LLC,"17005 IH 35 NORTH, SUITE 2",SCHERTZ,TX,78154,,(210) 888-5200,99,1,0,100,95,4,1,97,93,5,2,98,89,9,2,96,3,687,150,22,10/01/2024,09/30/2025
45C0001638,METHODIST CRAIG RANCH SURGERY CENTER,6045 ALMA RD SUITE 100,MCKINNEY,TX,75070,,(469) 907-1650,98,2,0,99,95,4,1,98,88,9,3,95,92,7,1,97,3,400,125,31,10/01/2024,09/30/2025
45C0001640,TEXAS HEALTH HUGULEY SURGERY CENTER LLC,12001 SOUTH FREEWAY SUITE 101,BURLESON,TX,76028,,(817) 615-4400,98,2,0,99,95,4,1,97,93,7,0,97,91,7,2,95,,3260,719,22,10/01/2024,09/30/2025
45C0001642,NORTH TEXAS SURGERY CENTER LLC,1001 SARA SWAMY DRIVE SUITE 200,SHERMAN,TX,75090,,(903) 965-3023,96,4,0,98,90,8,2,94,84,15,1,94,79,18,3,92,"3,6",360,66,19,10/01/2024,09/30/2025
45C0001643,RENAL ASSOCIATES PA DBA AZURA SURGERY CENTER STAR,301 NORTH FRIO STREET SUITE 102,SAN ANTONIO,TX,78207,,(210) 487-7827,94,5,1,96,89,9,2,94,85,12,3,94,76,18,6,89,3,2136,223,11,10/01/2024,09/30/2025
45C0001644,ADVANCED SURGICAL CARE OF BOERNE LLC,138 OLD SAN ANTONIO RD,BOERNE,TX,78006,,(830) 428-3166,98,2,0,99,93,6,1,96,91,8,1,96,90,9,1,96,,2025,365,18,10/01/2024,09/30/2025
45C0001645,DALLAS NEPHROLOGY ASSOCIATES  DBA DALLAS NEPHROLOGY ASSOCIATES VASCULAR CENTER PLANO,4401 TRADITION TRAIL,PLANO,TX,75093,,(214) 366-6160,96,4,0,98,87,8,5,91,88,10,2,96,81,15,4,92,6,799,76,10,10/01/2024,09/30/2025
45C0001646,LONE STAR ENDOSCOPY CENTER SOUTHLAKE,515 SOUTH NOLEN DR,SOUTHLAKE,TX,76092,,(817) 912-1999,98,2,0,99,92,6,2,95,95,4,1,97,94,6,0,98,,1568,340,22,10/01/2024,09/30/2025
45C0001647,MEMORIAL HOUSTON SURGERY CENTER,9230 KATY FREEWAY SUITE 601,SPRING VALLEY VILLAGE,TX,77055,,(346) 352-1820,97,3,0,99,94,4,2,96,94,4,2,96,90,6,4,94,3,1070,251,23,10/01/2024,09/30/2025
45C0001648,CASTLE HILLS SURGICARE LLC,4221 MEDICAL PARKWAY SUITE 100,CARROLLTON,TX,75010,,(972) 939-2121,96,3,1,98,92,6,2,95,89,7,4,95,84,11,5,92,3,1085,237,22,10/01/2024,09/30/2025
45C0001650,TEXAS HEALTH SPINE SURGERY CENTER ALLEN LLC,1120 RAINTREE CIR SUITE 100,ALLEN,TX,75013,,(682) 651-1908,99,1,0,99,98,1,1,99,93,6,1,97,93,5,2,97,3,638,194,30,10/01/2024,09/30/2025
45C0001652,VIP SURG ASC LLC DBA VIP SURGICAL CENTER,1246 NORTH FM 3083 ROAD WEST SUITE A,CONROE,TX,77304,,(936) 441-2233,100,0,0,100,96,2,2,97,93,5,2,97,92,4,4,96,"3,6",343,75,22,10/01/2024,09/30/2025
45C0001653,TEXAS HEALTH SUREGERY CENTER ROCKWALL,3144 HORIZON RD SUITE 120,ROCKWALL,TX,75032,,(972) 845-1469,97,3,0,98,95,4,1,97,92,7,1,96,91,7,2,96,3,1008,241,24,10/01/2024,09/30/2025
45C0001654,LUBBOCK VASCULAR ACCESS CENTER,1126 SLIDE RD SUITE 1,LUBBOCK,TX,79416,,(806) 792-2222,,,,,,,,,,,,,,,,,1,,,,,
45C0001655,AUSTIN KIDNEY ASSOCIATES DBA AUSTIN ACCESS CARE,8620 BURNET RD SUITE 400,AUSTIN,TX,78753,,(512) 334-1810,97,3,0,99,87,6,7,90,87,13,0,96,87,13,0,96,"3,10",483,38,8,10/01/2024,09/30/2025
45C0001656,BAYLOR SURGICARE AT BAYLOR PLANO DBA BAYLOR SCOTT AND WHITE SURGICARE AT PLANO ALLIANCE,4825 ALLIANCE BOULEVARD SUITE 300,PLANO,TX,75093,,(469) 367-0700,96,4,0,98,91,6,3,94,89,10,1,96,89,9,2,95,,1314,237,18,10/01/2024,09/30/2025
45C0001657,BAYLOR SCOTT AND WHITE SPORTS SURGERY CENTER AT THE STAR,3800 GAYLORD PARKWAY SUITE 410,FRISCO,TX,75034,,(972) 668-5911,98,1,1,99,93,6,1,96,93,6,1,97,93,6,1,97,,1382,223,16,10/01/2024,09/30/2025
45C0001658,DALLAS NEPHROLOGY ASSOCIATES DBA DALLAS NEPHROLOGY ASSOCIATES VASCULAR CENTER DALLAS,"3604 LIVE OAK ST, SUITE 300",DALLAS,TX,75204,,(214) 366-6160,96,4,0,98,94,5,1,97,89,9,2,96,81,15,4,91,6,1021,76,7,10/01/2024,09/30/2025
45C0001661,DALLAS ASC DBA NORTH PARK HEART AND VASCULAR SURGERY CENTER,11970 NORTH CENTRAL EXPRESSWAY SUITE 610,DALLAS,TX,75243,,(469) 232-9393,96,3,1,98,88,8,4,92,89,7,4,94,82,13,5,91,3,657,143,22,10/01/2024,09/30/2025
45C0001663,ST. DAVID'S AUSTIN AREA ASC LLC DBA ST. DAVID'S AUSTIN SURGERY CENTER,"12200 RENFERT WAY, SUITE G-2",AUSTIN,TX,78758,,(615) 344-5748,94,4,2,97,92,6,2,95,92,5,3,95,89,8,3,95,3,1508,225,15,10/01/2024,09/30/2025
45C0001664,ABILENE CENTER FOR ORTHOPEDIC AND MULTISPECIALTY SURGERY LLC,6449 CENTRAL PARK BLVD,ABILENE,TX,79606,,(325) 232-8110,98,2,0,99,95,4,1,97,96,4,0,98,96,4,0,98,,680,274,40,10/01/2024,09/30/2025
45C0001667,TEXAS HEALTH ORTHOPEDIC SURGERY CENTER HERITAGE,9848 NORTH BEACH ST,FORT WORTH,TX,76244,,(682) 312-6464,99,1,0,99,96,3,1,98,95,4,1,98,94,5,1,98,3,633,198,31,10/01/2024,09/30/2025
45C0001669,SOUTH PLAINS SURGERY CENTER LLC,4412 6TH ST,LUBBOCK,TX,79416,,(806) 445-7833,98,2,0,99,93,6,1,96,95,3,2,96,92,5,3,95,"3,6",310,61,20,10/01/2024,09/30/2025
45C0001670,ADVANCED SURGICAL CENTER,1901 MEDI PARK DR SUITE 1,AMARILLO,TX,79106,,(512) 341-2273,97,2,1,98,93,5,2,96,88,6,6,95,86,12,2,95,"3,6",616,89,15,10/01/2024,09/30/2025
45C0001671,SURGERY CENTER 121,9955 GILLESPIE DR SUITE 200,PLANO,TX,75025,,(469) 606-0063,98,2,0,99,90,7,3,94,93,5,2,96,85,14,1,94,"3,6",578,82,14,10/01/2024,09/30/2025
45C0001672,PHYSICIANS WEST SURGICENTER LLC DBA WEST EL PASO SURGICAL CENTER,820 EAST REDD ROAD,EL PASO,TX,79912,,(000) 000-0000,96,3,1,98,92,6,2,95,91,6,3,95,87,9,4,94,3,1069,362,34,10/01/2024,09/30/2025
45C0001673,HUMBLE VASCULAR SURGICAL CENTER,8411 FM 1960 BYPASS ROAD WEST SUITE A,HUMBLE,TX,77338,,(281) 570-2575,98,2,0,99,93,6,1,96,88,11,1,95,86,8,6,92,3,1252,117,9,10/01/2024,09/30/2025
45C0001674,SPINETECH SURGERY CENTER,950 NORTH 11TH STREET,BEAUMONT,TX,77702,,(000) 000-0000,98,1,1,99,93,5,2,96,83,13,4,94,77,21,2,92,"3,6",621,98,16,10/01/2024,09/30/2025
45C0001675,TEXAS HEALTH SURGERY CENTER IRVING,2120 NORTH MACARTHUR BLVD SUITE 200,IRVING,TX,75061,,(972) 438-5232,99,1,0,99,96,3,1,97,93,6,1,97,89,9,2,95,3,512,105,21,10/01/2024,09/30/2025
45C0001677,GROUP SURGICAL PARTNERS INTEGRATED LLC DBA LEGENT OUTPATIENT SURGERY FRISCO,8350 DALLAS PARKWAY SUITE 100,FRISCO,TX,75034,,(469) 213-8310,98,2,0,99,95,4,1,97,94,5,1,97,91,7,2,96,3,463,166,36,10/01/2024,09/30/2025
45C0001678,HILL COUNTRY SURGERY CENTER LLC DBA SURGERY CENTER BOERNE,112 HERFF RD SUITE 200,BOERNE,TX,78006,,(830) 331-7700,98,2,0,99,94,5,1,96,95,4,1,98,93,6,1,97,,955,233,24,10/01/2024,09/30/2025
45C0001679,COMFORT SURGERY CENTER OF SAN ANTONIO LLC,1919 ROGERS ROAD SUITE 102,SAN ANTONIO,TX,78251,,(210) 541-0700,97,2,1,98,96,3,1,98,93,6,1,97,93,6,1,97,,975,195,20,10/01/2024,09/30/2025
45C0001680,VITAL HEART AND VEIN ASC DBA DEERBROOK ASC LLC,18450 HIGHWAY 59 SUITE 101-B,HUMBLE,TX,77338,,(000) 000-0000,99,1,0,99,94,5,1,97,98,2,0,98,97,1,2,98,"3,6",250,59,24,10/01/2024,09/30/2025
45C0001681,PROFFER SURGICAL CENTER,1611 WALLACE BLVD SUITE 100,AMARILLO,TX,79106,,(806) 513-6387,97,3,0,98,95,3,2,97,93,5,2,96,89,9,2,95,3,624,111,18,10/01/2024,09/30/2025
45C0001684,HEART AND VASCULAR SURGERY CENTER OF FORT WORTH,6949 BRYANT IRVIN ROAD SUITE 110,FORT WORTH,TX,76132,,(000) 000-0000,98,1,1,99,88,10,2,93,94,4,2,96,85,8,7,92,3,292,104,36,10/01/2024,09/30/2025
45C0001685,INOV8 SURGICAL,10496 KATY FREEWAY SUITE 105,HOUSTON,TX,77043,,(281) 800-1233,98,2,0,99,91,8,1,95,90,9,1,96,91,8,1,96,3,738,283,38,10/01/2024,09/30/2025
45C0001686,NUVISION SAME DAY PROCEDURE CENTER,9725 DATAPOINT DRIVE SUITE 136,SAN ANTONIO,TX,78229,,(000) 000-0000,96,4,0,98,92,5,3,95,87,8,5,93,82,12,6,90,3,992,134,14,10/01/2024,09/30/2025
45C0001687,SPICEWOOD SURGERY CENTER,13617 CALDWELL DR SUITE 200,AUSTIN,TX,78750,,(512) 637-5563,98,2,0,99,93,5,2,96,88,10,2,95,90,6,4,95,,1121,215,19,10/01/2024,09/30/2025
45C0001688,AUSTIN GI SURGICENTER LLC,3944 RANCH ROAD 620 BUILDING 8 SUITE 103,BEE CAVE,TX,78738,,(000) 000-0000,98,2,0,99,95,4,1,97,95,4,1,97,92,5,3,96,3,2162,570,26,10/01/2024,09/30/2025
45C0001691,HEDWIG ASC LLC DBA HOUSTON PREMIER SURGERY CENTER IN THE VILLAGES,8731 KATY FREEWAY SUITE 350,HOUSTON,TX,77024,,(281) 930-6500,95,3,2,97,95,5,0,97,94,4,2,97,86,10,4,94,3,707,150,21,10/01/2024,09/30/2025
45C0001692,BROWNSVILLE SURGICENTER LLC,5700 NORTH EXPRESSWAY SUITE 201,BROWNSVILLE,TX,78526,,(000) 000-0000,98,2,0,99,90,8,2,94,91,9,0,97,90,9,1,96,3,1465,319,22,10/01/2024,09/30/2025
45C0001693,WELLNESS AMBULATORY SURGERY CENTER,2719 VIRGINIA PARKWAY,MCKINNEY,TX,75071,,(000) 000-0000,95,4,1,97,90,8,2,94,86,10,4,93,83,11,6,91,3,789,163,21,10/01/2024,09/30/2025
45C0001694,PRECISION SURGERY CENTER LLC,1802 MOORES LANE SUITE 200,TEXARKANA,TX,75503,,(000) 000-0000,99,1,0,99,86,11,3,92,87,9,4,95,87,9,4,94,"3,10",199,36,18,10/01/2024,09/30/2025
45C0001695,SURGCENTER OF GREATER DALLAS,11411 EAST NORTHWEST HWY SUITE 220,DALLAS,TX,75218,,(469) 214-4344,97,3,0,98,89,9,2,94,85,14,1,94,73,24,3,89,,555,104,19,10/01/2024,09/30/2025
45C0001696,TEXAS HEALTH SPINE SURGERY CENTER ALLIANCE,10900 FOUNDERS WAY SUITE 100,FORT WORTH,TX,76244,,(628) 651-1902,98,1,1,99,93,6,1,96,94,3,3,96,94,4,2,96,3,1030,239,23,10/01/2024,09/30/2025
45C0001697,KINGWOOD  ENDOSCOPY,310 KINGWOOD EXECUTIVE DR SUITE A,KINGWOOD,TX,77339,,(832) 344-4008,98,2,0,99,95,4,1,97,96,2,2,97,92,6,2,96,3,982,210,21,10/01/2024,09/30/2025
45C0001699,PRECISION AMBULATORY SURGERY CENTER,9439 NORTH BEACH STREET,FORT WORTH,TX,76244,,(817) 853-3700,98,1,1,99,91,7,2,94,92,6,2,97,84,14,2,94,,1306,210,16,10/01/2024,09/30/2025
45C0001701,SOUTHSIDE SPECIALTY SURGICAL CENTER LLC,6005 HOLLY ROAD,CORPUS CHRISTI,TX,78412,,(361) 548-3334,99,1,0,99,96,3,1,98,94,5,1,98,95,4,1,98,3,441,123,28,10/01/2024,09/30/2025
45C0001704,METHODIST AMBULATORY SURGERY CENTER OF BOERNE LLC,110 MENGER SPRINGS,BOENGER,TX,78006,,(000) 000-0000,98,2,0,99,94,5,1,97,94,5,1,97,91,7,2,96,3,917,372,41,10/01/2024,09/30/2025
45C0001706,ASCENT SURGERY CENTER,6957 WEST PLANO PARKWAY SUITE 1000,PLANO,TX,75093,,(469) 986-3700,99,1,0,99,93,6,1,96,93,6,1,97,91,8,1,96,,928,228,25,10/01/2024,09/30/2025
45C0001707,PORT ARTHUR SURGICAL CENTER LLC DBA GULF COAST SURGERY CENTER,3919 TWIN CITY HIGHWAY,PORT ARTHUR,TX,77642,,(000) 000-0000,96,4,0,98,91,7,2,95,90,7,3,96,93,6,1,97,"3,6",437,91,21,10/01/2024,09/30/2025
45C0001708,GATEWAY SURGICAL CENTER,3215 GATEWAY BOULEVARD WEST SUITE 210,EL PASO,TX,79903,,(915) 263-4850,97,3,0,99,90,10,0,96,72,19,9,85,87,4,9,93,"3,10",242,38,16,10/01/2024,09/30/2025
45C0001709,BVA UNITED LLC DBA ALPHA SURGICAL CENTER,24727 TOMBALL PARKWAY SUITE 100,TOMBALL,TX,77375,,(346) 336-780,98,1,1,99,97,2,1,98,91,7,2,96,87,9,4,94,,754,261,35,10/01/2024,09/30/2025
45C0001710,METHODIST MANSFIELD AMBULATORY SURGERY CENTER LLC,252 MATLOCK ROAD SUITE 430,MANSFIELD,TX,76063,,(000) 000-0000,95,4,1,97,92,6,2,95,90,7,3,95,85,12,3,93,3,2401,433,18,10/01/2024,09/30/2025
45C0001711,UT HEALTH AUSTIN AMBULATORY SURGERY CENTER,1601 TRINITY STREET BUILDING A SUITE 1.106,AUSTIN,TX,78712,,(512) 495-5970,99,1,0,99,95,4,1,97,94,5,1,97,94,4,2,97,3,821,109,13,10/01/2024,09/30/2025
45C0001715,VISION PARK SURGERY CENTER,111 VISION PARK BOULEVARD SUITE 200,SHENANDOAH,TX,77384,,(000) 000-0000,,,,,,,,,,,,,,,,,1,,,,,
45C0001716,MEDICAL CITY SURGERY CENTER NORTH TEXAS LLC,330 STANDRIDGE BOULEVARD,ANNA,TX,75409,,(214) 831-1300,98,2,0,99,93,6,1,96,92,6,2,96,90,8,2,95,3,1631,530,33,10/01/2024,09/30/2025
45C0001717,PARK VENTURA ENDOSCOPY CENTER DBA DIGESTIVE HEALTH CENTER OF ALLEN,981 HIGHWAY STATE 121,ALLEN,TX,75013,,(972) 741-3347,98,2,0,99,93,6,1,96,92,6,2,96,89,9,2,95,,2251,439,20,10/01/2024,09/30/2025
45C0001718,UPNT SURGERY LLC DBA SURGICAL CENTERS OF NORTH TEXAS,2400 MATLOCK ROAD,ARLINGTON,TX,76015,,(817) 865-1771,99,1,0,99,93,7,0,96,92,7,1,96,91,6,3,95,3,892,277,31,10/01/2024,09/30/2025
45C0001719,RIDGEWOOD ORTHOPAEDIC SURGERY CENTER OF SAN ANTONIO,19138 NORTH US HIGHWAY 281 SUITE 300,SAN ANTONIO,TX,78258,,(210) 253-2660,98,2,0,99,96,3,1,97,94,5,1,97,94,4,2,97,,812,226,28,10/01/2024,09/30/2025
45C0001721,FALCONHEAD SURGERY CENTER LLC,14425 FALCONHEAD BOULEVARD BLDG F SUITE 111,AUSTIN,TX,78738,,(512) 900-1006,98,2,0,99,94,5,1,96,94,5,1,97,91,7,2,96,3,642,287,45,10/01/2024,09/30/2025
45C0001723,ORBIS SURGERY CENTER LLC,1050 GEMINI STREET SUITE 101,HOUSTON,TX,77058,,(281) 560-3200,99,0,1,99,91,8,1,95,90,8,2,96,81,15,4,92,3,1035,106,10,10/01/2024,09/30/2025
45C0001725,TEXAS HEALTH JOINT REPLACEMENT SURGERY CENTER,6317 HARRIS PARKWAY,FORT WORTH,TX,76132,,(000) 000-0000,99,1,0,99,96,3,1,98,98,1,1,99,95,4,1,98,3,603,225,37,10/01/2024,09/30/2025
45C0001726,FIRST CHOICE AMBULATORY SURGICAL CENTER DBA LEGENT ASC MED CENTER,7902 EWING HALSELL DRIVE,SAN ANTONIO,TX,78229,,(210) 619-9454,99,1,0,99,92,7,1,95,95,5,0,97,91,8,1,96,3,693,171,25,10/01/2024,09/30/2025
45C0001727,COASTAL CARDIOVASCULAR CENTER LLC,1025 MORGAN AVENUE,CORPUS CHRISTI,TX,78404,,(361) 884-3278,98,2,0,99,93,5,2,96,94,2,4,96,88,10,2,95,3,611,161,26,10/01/2024,09/30/2025
45C0001728,DALLAS PROCEDURE CENTER LLC,1854 LAKEPOINTE DRIVE,LEWISVILLE,TX,75057,,(214) 306-4116,96,4,0,98,88,9,3,93,82,13,5,92,87,13,0,96,"3,6",386,75,20,10/01/2024,09/30/2025
45C0001730,BAYLOR SCOTT AND WHITE SURGICARE WAXAHACHIE LLC,1434 WEST US HIGHWAY 287 BYPASS SUITE 100,WAXAHACHIE,TX,75165,,(469) 940-4030,96,3,1,98,94,5,1,96,92,6,2,95,90,9,1,96,,1704,330,19,10/01/2024,09/30/2025
45C0001732,MANSFIELD ENDOSCOPY CENTER LLC,647 NORTH MILLER ROAD,MANSFIELD,TX,76063,,(000) 000-0000,98,2,0,99,93,6,1,96,94,5,1,97,94,5,1,97,3,1101,311,28,10/01/2024,09/30/2025
45C0001734,METHODIST AMBULATORY SURGERY CENTER OF LANDMARK LLC DBA METHODIST SURGERY CENTER LANDMARK,5510-B PRESIDIO PARKWAY SUITE 100,SAN ANTONIO,TX,78249,,(210) 583-7500,97,2,1,98,96,3,1,97,94,4,2,97,91,6,3,95,3,891,243,27,10/01/2024,09/30/2025
45C0001736,IRVING SPECIALISTS SURGICAL CENTER LLC,6121 NORTH HIGHWAY 161 SUITE 100,IRVING,TX,75038,,(972) 777-0310,98,2,0,99,91,7,2,95,87,10,3,95,89,7,4,95,3,623,125,20,10/01/2024,09/30/2025
45C0001737,SOUTHWEST SURGICAL OPERATING COMPANY LLC DBA ADVANCED SURGICAL CENTER AUSTIN,6000 SOUTH MO PAC EXPRESSWAY SUITE 200,AUSTIN,TX,78749,,(000) 000-0000,96,4,0,98,96,3,1,98,90,9,1,96,84,13,3,92,"3,6",557,85,15,10/01/2024,09/30/2025
45C0001738,SUGAR LAND CARDIOVASCULAR ASC,1400CREEK WAY DRIVE SUITE 110A,SUGAR LAND,TX,77478,,(832) 492-2418,96,3,1,98,86,10,4,91,80,11,9,90,70,25,5,88,"3,6",381,60,16,10/01/2024,09/30/2025
45C0001739,CAPLAN BERKELEY LLP DBA GRAND OAKS SURGERY CENTER,3929 WOODSONS RESERVE PARKWAY SUITE 101,SPRING,TX,77386,,(346) 423-6443,98,2,0,99,88,9,3,92,92,7,1,97,89,11,0,96,3,1370,147,11,10/01/2024,09/30/2025
45C0001740,AXIS SURGERY CENTER LLC,1110 EAST STATE HIGHWAY 114 SUITE 150,SOUTHLAKE,TX,76092,,(817) 912-2137,97,2,1,98,95,4,1,97,95,3,2,97,93,5,2,97,"3,6",345,53,16,10/01/2024,09/30/2025
45C0001741,MEDICAL CITY SURGERY CENTER OF FRISCO LLC DBA MEDICAL CITY SURGERY CENTER FRISCO,5575 FRISCO SQUARE BOULEVARD SUITE 100,FRISCO,TX,75034,,(972) 324-0200,97,2,1,98,96,3,1,98,92,6,2,96,89,9,2,96,3,985,244,25,10/01/2024,09/30/2025
45C0001742,MEDICAL CITY SURGERY CENTER OF ALLIANCE LLC DBA MEDICAL CITY SURGERY CENTER ALLIANCE,8900 MEDICAL CITY WAY,FORT WORTH,TX,76177,,(817) 898-6610,99,1,0,100,94,5,1,97,91,8,1,96,87,11,2,94,3,1132,339,30,10/01/2024,09/30/2025
45C0451238,MEDICAL CENTER ENDOSCOPY,"6560 FANNIN, STE. 600",HOUSTON,TX,77030,,(713) 796-0500,97,3,0,98,93,5,2,96,89,8,3,95,86,10,4,93,3,2259,502,22,10/01/2024,09/30/2025
45C0451239,TEXAS HEALTH SURGERY CENTER CHISHOLM TRAIL LLC,5900 ALTAMESA BOU,FORT WORTH,TX,76132,,(682) 324-9255,99,1,0,100,92,7,1,95,92,6,2,96,92,6,2,96,3,723,162,22,10/01/2024,09/30/2025
45C0451240,SW HEALTH LP,1402 MEDICAL DRIVE,SULPHUR SPRINGS,TX,75482,,(903) 558-3333,99,1,0,100,93,6,1,96,98,2,0,99,96,4,0,99,,1404,134,10,10/01/2024,09/30/2025
45C0451241,SHERMAN ENDOSCOPY CENTER LLC,1615 NORTH HIGHWAY 75,SHERMAN,TX,75090,,(903) 437-6260,98,2,0,99,92,6,2,95,95,4,1,97,94,5,1,98,,979,210,21,10/01/2024,09/30/2025
45C0451244,HEATON LASER AND SURGERY CENTER LLC DBA LONGVIEW LASER AND SURGERY CENTER LLC,2394 HG MOSLEY PARKWAY,LONGVIEW,TX,75604,,(903) 234-0771,97,3,0,99,93,6,1,96,91,7,2,96,92,6,2,96,3,825,207,25,10/01/2024,09/30/2025
45C0451245,MEDICAL CITY SPECIALTY SURGICENTER OF DALLAS DBA MEDICAL CITY ORTHO AND SPINE SURG CTR DALLAS,12228 NORTH CENTRAL EXPRESSWAY SUITE 100,DALLAS,TX,75243,,(469) 761-5500,97,2,1,98,95,4,1,97,93,6,1,97,90,9,1,96,3,738,190,26,10/01/2024,09/30/2025
45C0451246,WICHITA FALLS SPECIALTY ASC LLC DBA MOMENTUM SPECIALTY SURGERY CENTER,4 BURNSIDE SUITE 100,WICHITA FALLS,TX,76310,,(940) 400-6400,99,1,0,99,94,5,1,97,95,4,1,97,95,4,1,98,3,732,244,33,10/01/2024,09/30/2025
45C0451247,ZEO SURGICAL CENTER LLC DBA LENZA SURGICAL CENTER,4511 HORIZON HILL BOULEVARD SUITE 175,SAN ANTONIO,TX,78229,,(210) 222-2154,94,4,2,96,91,7,2,94,84,12,4,94,87,8,5,94,"3,6",681,64,10,10/01/2024,09/30/2025
45C0451248,PLUM CREEK SURGERY CENTER LLC,4214 BENNER,KYLE,TX,78640,,(737) 787-1882,93,6,1,96,86,11,3,92,89,5,6,94,87,8,5,93,"3,6",589,94,16,10/01/2024,09/30/2025
45C0451249,NORTH CYPRESS SURGICENTER LLC,10425 HUFFMEISTER ROAD SUITE 100,HOUSTON,TX,77065,,(281) 640-7373,98,2,0,99,92,6,2,95,87,11,2,94,81,15,4,92,3,1771,293,17,10/01/2024,09/30/2025
45C0451253,WILLOW PARK ENDOSCOPY CENTER LLC,130 JIMMA DRIVE SUITE B,WILLOW PARK,TX,76087,,(817) 363-1410,99,1,0,100,96,4,0,98,98,2,0,98,93,5,2,96,3,1031,334,32,10/01/2024,09/30/2025
45C0451254,CROSSROADS SURGERY CENTER,6902 NORTH NAVARRO STREET,VICTORIA,TX,77904,,(361) 520-4500,98,2,0,99,90,7,3,93,90,8,2,95,91,8,1,96,"3,10",342,47,14,10/01/2024,09/30/2025
45C0451255,WILLIS SURGICENTER LLC DBA WILLIS SURGERY CENTER,9863 FM 1097 ROAD WEST,WILLIS,TX,77318,,(936) 228-8955,98,2,0,99,95,3,2,97,91,7,2,96,89,9,2,95,3,1224,374,31,10/01/2024,09/30/2025
45C0451257,AUSTIN GI SURGICENTER LLC DBA AUSTIN ENDOSCOPY CENTER,1361 HERO WAY SUITE 100,LEANDER,TX,78641,,(737) 777-6951,99,1,0,100,95,4,1,97,96,3,1,98,92,6,2,96,3,2309,735,32,10/01/2024,09/30/2025
45C0451258,DIALYSIS ACCESS CENTER CORPUS CHRISTI ASC LLC,5617 TIMBERGATE DRIVE SUITE 100,CORPUS CHRISTI,TX,78414,,(361) 880-8322,98,2,0,99,92,6,2,95,96,1,3,97,87,10,3,94,3,1450,155,11,10/01/2024,09/30/2025
45C0451260,TEXAS HEALTH SURGERY CTR WILLOW PARK DBA TEXAS HEALTH ORTHOPEDIC AND SPINE SURGERY CTR,120 JIMMA DRIVE,WILLOW PARK,TX,76087,,(940) 390-9629,99,1,0,99,95,4,1,97,94,5,1,97,94,5,1,97,3,848,240,28,10/01/2024,09/30/2025
45C0451261,FRESENIUS VASCULAR CARE EL PASO ASC LLC DBA AZURA SURGERY CENTER EL PASO,5407 NORTH MESA STREET SUITE 100,EL PASO,TX,79912,,(915) 533-1789,97,2,1,99,90,9,1,94,96,2,2,97,88,5,7,92,3,959,102,11,10/01/2024,09/30/2025
45C0451262,FW SPECIALTY SURGICARE LLC,2001 COOPER STREET,FORT WORTH,TX,76104,,(817) 339-6991,98,2,0,99,90,8,2,94,88,8,4,94,86,13,1,95,3,504,125,25,10/01/2024,09/30/2025
45C0451264,TEXAS CARDIOVASCULAR CENTER LLC,1650 POINT WEST PARKWAY,AMARILLO,TX,79124,,(806) 290-1297,99,1,0,99,92,6,2,95,95,5,0,98,93,6,1,97,,977,358,37,10/01/2024,09/30/2025
45C0451265,KS SC LLC DBA KELSEY SEYBOLD ASC MEMORIAL VILLAGES,9110 KATY FREEWAY,HOUSTON,TX,77055,,(713) 442-5669,98,2,0,99,91,7,2,94,93,6,1,97,90,9,1,96,3,2098,219,10,10/01/2024,09/30/2025
45C0451266,KILLEEN SURGICAL OPERATING COMPANY LLC DBA ADVANCED SURGICAL CENTER KILLEEN,3400 EAST CENTRAL TEXAS EXPRESSWAY SUITE 100,KILLEEN,TX,76543,,(254) 246-4761,95,5,0,98,94,5,1,96,91,8,1,96,89,10,1,96,3,724,150,21,10/01/2024,09/30/2025
45C0451267,MCALLEN SURGICENTER LLC DBA MCALLEN SURGERY CENTER,4211 NORTH JACKSON ROAD SUITE 100,MCALLEN,TX,78504,,(956) 688-8508,97,3,0,98,90,8,2,94,90,8,2,96,88,10,2,95,3,4163,736,18,10/01/2024,09/30/2025
45C0451269,PSA AMBULATORY SURGICAL CENTER OF SOUTH AUSTIN LLC,701 EAST FM 1626 SUITE 300,AUSTIN,TX,78748,,(512) 953-8134,98,2,0,99,94,5,1,96,94,4,2,96,89,9,2,95,3,832,194,24,10/01/2024,09/30/2025
45C0451273,LEGENT OUTPATIENT SURGERY SINGING HILLS,524 SINGING OAKS SUITE 101,SPRING BRANCH,TX,78070,,(830) 326-4099,99,1,0,100,95,4,1,97,96,3,1,98,94,5,1,97,3,470,204,43,10/01/2024,09/30/2025
45C0451275,SURGERY CENTER OF GEORGETOWN LLC DBA GEORGETOWN SURGERY CENTER,1101 WOLF LAKE DRIVE SUITE 150,GEORGETOWN,TX,78628,,(737) 340-4100,97,3,0,99,94,5,1,97,94,3,3,97,94,5,1,98,3,801,304,38,10/01/2024,09/30/2025
45C0451276,THE SURGEONS POINT SURGERY CENTER DBA THE SURGEONS POINT AT CEDAR PARK,801 EAST WHITESTONE BOULEVARD SUITE 100,CEDAR PARK,TX,78613,,(737) 530-8400,98,2,0,99,93,6,1,96,90,9,1,96,89,9,2,95,,613,146,24,10/01/2024,09/30/2025
45C0451277,HCVA ASC LLC DBA MUSEO ASC,5115 FANNIN STREET SUITE 103,HOUSTON,TX,77004,,(713) 793-8160,96,3,1,97,90,6,4,93,87,13,0,94,72,24,4,88,"3,10",80,26,33,10/01/2024,09/30/2025
45C0451278,GRAND PARKWAY SURGERY CENTER LP,6424 EAST RIVER PARK DRIVE SUITE 200,SUGARLAND,TX,77479,,(713) 580-2500,97,2,1,98,91,8,1,95,89,8,3,95,88,10,2,96,3,1177,172,15,10/01/2024,09/30/2025
45C0451279,SUMMIT SURGICAL CENTER PLLC,959 SUNLAND PARK DRIVE SUITE 200,EL PASO,TX,79922,,(915) 201-3033,98,2,0,99,89,9,2,93,92,7,1,96,92,7,1,97,3,1687,132,8,10/01/2024,09/30/2025
45C0451280,DOVE POINTE ASC LLC,5520 NORTH C STREET,MCALLEN,TX,78504,,(956) 990-8019,,,,,,,,,,,,,,,,,1,,,,,
45C0451281,TEXARKANA AMBULATORY SURGERY CENTER LLC,5950 SUMMERHILL ROAD SUITE B,TEXARKANA,TX,75503,,(844) 215-0371,97,2,1,99,93,6,1,96,76,23,1,94,81,17,2,94,"3,10",343,39,12,10/01/2024,09/30/2025
45C0451283,GULF COAST PROCEDURE CENTER LLC,13009 GULF COMMERCE DRIVE SUITE 201,HOUSTON,TX,77034,,(732) 589-0816,99,1,0,100,96,2,2,97,98,2,0,99,91,9,0,97,"3,10",310,48,16,10/01/2024,09/30/2025
45C0451284,KS SC DBA KELSEY SEYBOLD ASC SPRINGWOODS VILLAGE,22407 HOLZWARTH ROAD,SPRING,TX,77389,,(346) 674-4000,97,3,0,98,91,8,1,95,92,7,1,96,86,12,2,94,3,1723,255,15,10/01/2024,09/30/2025
45C0451285,SURGERY CENTER OF AMARILLO LLC DBA CARDIOVASCULAR INSTITUTE OF AMARILLO,1000 CRAIG DRIVE,AMARILLO,TX,79106,,(806) 553-9620,98,2,0,99,90,8,2,94,90,9,1,96,92,8,0,97,3,337,103,31,10/01/2024,09/30/2025
45C0451288,UNIVERSITY OF TEXAS HEALTH SCIENCE CENTER AT SAN ANTONIO DBA UT HEALTH KSP ASC,7946 NORTH LOOP 1604 WEST,SAN ANTONIO,TX,78249,,(210) 567-9100,99,1,0,99,91,8,1,95,90,8,2,96,87,11,2,94,"3,6",425,91,21,10/01/2024,09/30/2025
45C0451291,SAN SUN 2014 SERIES LLC DBA TEXOMA DAY SURGERY,1815 10TH STREET,WICHITA FALLS,TX,76301,,(940) 767-0818,97,3,0,99,86,11,3,92,91,2,7,94,81,19,0,94,"3,10",257,31,12,10/01/2024,09/30/2025
45C0451292,QOROS CLEAR LAKE SURGERY CENTER LLC,1240 CLEAR LAKE CITY BOULEVARD SUITE 100,HOUSTON,TX,77062,,(832) 232-0550,99,1,0,100,92,7,1,96,96,4,0,98,97,3,0,99,"3,10",285,40,14,10/01/2024,09/30/2025
45C0451294,MEMORIAL HERMANN SURGERY CENTER WOODFOREST LLC,750 FISH CREEK THOROUGHFARE SUITE 200,MONTGOMERY,TX,77316,,(832) 813-6980,98,2,0,99,94,5,1,96,89,8,3,96,87,11,2,95,3,964,205,21,10/01/2024,09/30/2025
45C0451298,TYLER TX ASC LLC DBA TYLER SURGERY CENTER,4801 TROUP HIGHWAY SUITE 800,TYLER,TX,75703,,(903) 363-1558,92,3,5,94,83,12,5,89,74,7,19,88,62,28,10,84,3,342,120,35,10/01/2024,09/30/2025
45C0451305,HOUSTON METHODIST SURGERY CENTERS DBA HOUSTON METHODIST SURGERY CENTER BELLAIRE,4460 BISSONNET STREET SUITE 300,BELLAIRE,TX,77401,,(346) 356-2001,,,,,,,,,,,,,,,,,1,,,,,
45C0451308,SCHERTZ SURGERY CENTER LLC DBA CIBOLO CREEK SURGERY CENTER,17766 VERDE PARKWAY SUITE 100,SCHERTZ,TX,78154,,(210) 245-3222,99,1,0,99,97,3,0,98,97,3,0,98,93,7,0,98,"3,10",167,49,29,10/01/2024,09/30/2025
46C0001003,AVENUES SURGICAL CENTER,359 EAST 8TH AVE,SALT LAKE CITY,UT,84103,,(801) 792-2815,98,2,0,99,93,6,1,96,90,7,3,95,86,11,3,94,3,791,247,31,10/01/2024,09/30/2025
46C0001004,MCKAY DEE SURGICAL CENTER LLC,"3903 HARRISON BLVD., STE. 100",OGDEN,UT,84403,,(801) 387-3600,98,2,0,99,93,6,1,96,92,7,1,96,87,11,2,95,3,1650,338,20,10/01/2024,09/30/2025
46C0001005,CATARACT AND LASIK CENTER OF UTAH DBA UTAH EYE CENTERS,175 NORTH 400 WEST,OREM,UT,84057,,(801) 224-6767,95,4,1,97,87,10,3,92,87,11,2,94,83,13,4,93,"3,6",244,59,24,10/01/2024,09/30/2025
46C0001006,THE SURGICARE CENTER OF UTAH,755 EAST 3900 SOUTH,SALT LAKE CITY,UT,84107,,(801) 263-5734,,,,,,,,,,,,,,,,,1,,,,,
46C0001012,ST MARKS AMBULATORY SURGERY ASSOCIATES LP,"1250 EAST 3900 SOUTH, SUITE 100",SALT LAKE CITY,UT,84124,,(801) 262-0358,98,1,1,99,94,5,1,96,86,11,3,94,84,11,5,92,3,1208,356,29,10/01/2024,09/30/2025
46C0001014,SOUTH MAIN SURGERY CENTER INC,"754 SOUTH MAIN ST, SUITE 3",ST GEORGE,UT,84770,,(435) 628-2671,97,3,0,98,92,7,1,96,94,4,2,95,88,10,2,95,"3,6",185,70,38,10/01/2024,09/30/2025
46C0001015,CENTRAL UTAH SURGICENTER LLC DBA CENTRAL UTAH SURGICAL CENTER,1067 NORTH 500 WEST,PROVO,UT,84604,,(801) 374-0354,97,3,0,98,90,9,1,95,86,11,3,94,84,14,2,94,3,2442,664,27,10/01/2024,09/30/2025
46C0001016,WASATCH ENDOSCOPY CENTER LTD,"1220 E. 3900 SOUTH, SUITE # 1B",SALT LAKE CITY,UT,84124,,(801) 281-3657,97,3,0,99,95,4,1,97,92,7,1,96,91,8,1,96,3,1148,384,33,10/01/2024,09/30/2025
46C0001017,MT OGDEN SURGICAL CENTER LLC,4364 WASHINGTON BLVD,OGDEN,UT,84403,,(801) 479-4470,95,4,1,97,89,9,2,94,86,10,4,94,83,14,3,93,3,1161,343,30,10/01/2024,09/30/2025
46C0001018,ZION EYE INSTITUTE INC,1791 E. 280 NORTH,ST GEORGE,UT,84790,,(435) 656-2020,98,2,0,99,91,8,1,95,90,9,1,95,83,13,4,92,3,526,210,40,10/01/2024,09/30/2025
46C0001020,BOUNTIFUL SURGERY CENTER LLC,"6360 SOUTH 3000 EAST, STE. 320",SALT LAKE CITY,UT,84121,,(801) 944-3166,99,1,0,99,95,4,1,97,94,5,1,97,92,6,2,96,3,806,291,36,10/01/2024,09/30/2025
46C0001021,UTAH SURGERY CENTER LP,"10111 CENTENNIAL PARKWAY, SUITE 100",DRAPER,UT,84020,,(801) 233-9300,97,2,1,98,91,7,2,95,87,11,2,95,86,12,2,94,3,1219,353,29,10/01/2024,09/30/2025
46C0001023,RIDGELINE ENDOSCOPY CENTER,6028 S. RIDGELINE DR,OGDEN,UT,84405,,(801) 475-4900,97,3,0,99,92,7,1,95,88,10,2,95,87,10,3,94,3,1953,534,27,10/01/2024,09/30/2025
46C0001024,EYE SURG OF UTAH LLC,"11820 SOUTH STATE ST, STE. 150",DRAPER,UT,84020,,(801) 568-0200,99,1,0,100,92,6,2,95,96,4,0,99,92,7,1,97,3,833,174,21,10/01/2024,09/30/2025
46C0001028,CEDAR SURGICAL ASSOCIATES LC,1811 W. ROYAL HUNTE DR. STE. 3,CEDAR CITY,UT,84720,,(432) 586-3402,98,2,0,99,93,6,1,96,94,4,2,97,90,9,1,96,3,446,124,28,10/01/2024,09/30/2025
46C0001033,WASATCH FRONT SURGERY CENTER LLC,3715 WEST 4100 SOUTH,WEST VALLEY CITY,UT,84120,,(801) 957-0200,99,1,0,99,93,6,1,96,91,8,1,96,90,9,1,96,3,1201,382,32,10/01/2024,09/30/2025
46C0001035,ST GEORGE ENDOSCOPY CENTER LLC,368 EAST RIVERSIDE DRIVE SUITE B,ST GEORGE,UT,84790,,(435) 674-3109,98,2,0,99,93,6,1,96,91,7,2,96,91,6,3,95,,2070,752,36,10/01/2024,09/30/2025
46C0001036,CORAL DESERT SURGERY CENTER LLC,1490 E. FOREMASTER DR. BLDG C,ST GEORGE,UT,84790,,(435) 627-5333,95,4,1,97,92,7,1,95,86,11,3,94,85,11,4,93,3,615,197,32,10/01/2024,09/30/2025
46C0001038,CEDAR ORTHOPAEDIC SURGERY CENTER,1335 N. NORTHFIELD RD. STE. 150,CEDAR CITY,UT,84721,,(435) 586-1003,99,1,0,100,96,3,1,98,97,3,0,99,96,3,1,98,,324,162,50,10/01/2024,09/30/2025
46C0001039,MOUNTAIN WEST SURGERY CENTER LLC,"1551 S. RENAISSANCE TOWNE DR, SUITE 200",BOUNTIFUL,UT,84010,,(803) 383-1111,96,3,1,98,90,8,2,94,87,10,3,94,82,16,2,93,3,1190,373,31,10/01/2024,09/30/2025
46C0001041,EAR NOSE AND THROAT SURGERY CENTER OF UTAH LLC,22 S 900 E STE 2,SALT LAKE CITY,UT,84102,,(801) 328-2522,97,3,0,99,93,6,1,96,88,10,2,95,87,11,2,95,3,3152,602,19,10/01/2024,09/30/2025
46C0001042,RIVERWOODS SURGERY CENTER LLC,"320 W. RIVERPARK DR., SUITE 125",PROVO,UT,84604,,(801) 437-4500,,,,,,,,,,,,,,,,,1,,,,,
46C0001044,PHYSICIANS SURGERY CENTER,1485 EAST 3900 SOUTH,SALT LAKE CITY,UT,84124,,(801) 277-2062,97,3,0,99,94,5,1,97,93,6,1,97,91,7,2,95,"3,6",232,68,29,10/01/2024,09/30/2025
46C0001045,BOUNTIFUL SURGERY CENTER LLC,"620 EAST MEDICAL DR, SUITE 200",BOUNTIFUL,UT,84010,,(801) 299-6760,99,1,0,100,96,4,0,98,95,5,0,97,90,9,1,96,3,790,282,36,10/01/2024,09/30/2025
46C0001046,TIMPVIEW ASC LLC,1175 EAST 50 SOUTH SUITE 101,AMERICAN FORK,UT,84003,,(719) 964-7813,99,1,0,100,89,10,1,94,96,4,0,98,93,7,0,98,"3,10",277,35,13,10/01/2024,09/30/2025
46C0001047,GRANITE PEAKS ENDOSCOPY LLC,10150 SOUTH PETUNIA WAY,SANDY,UT,84092,,(801) 619-9000,96,3,1,98,87,10,3,92,87,10,3,94,89,9,2,95,3,1514,309,20,10/01/2024,09/30/2025
46C0001058,NORTH POINTE SURGICAL CENTER,2326 NORTH 400 EAST BUILDING C SUITE 100,TOOELE,UT,84074,,(435) 843-0180,98,2,0,99,91,8,1,95,88,10,2,96,87,11,2,95,3,975,261,27,10/01/2024,09/30/2025
46C0001060,SOUTH POINTE SURGICAL CENTER,810 SOUTH 100 WEST SUITE 120,LOGAN,UT,84321,,(435) 527-2100,98,2,0,99,92,6,2,95,91,7,2,96,86,13,1,94,3,309,102,33,10/01/2024,09/30/2025
46C0001063,ADVANCED SURGERY CENTER OF NORTHERN UTAH LBN LOGAN SURGICAL SUITES LLC,55 EAST GOLF COURSE ROAD,LOGAN,UT,84321,,(435) 787-7190,99,1,0,100,94,5,1,96,94,6,0,97,93,6,1,97,3,694,289,42,10/01/2024,09/30/2025
46C0001064,SOUTHWEST SURGERY CENTER,161 WEST 200 NORTH SUITE 105,SAINT GEORGE,UT,84770,,(435) 652-4040,99,1,0,99,90,8,2,94,91,9,0,97,87,13,0,96,"3,6",520,85,17,10/01/2024,09/30/2025
46C0001065,SOUTHWEST SPINE AND PAIN-RICHFIELD SURGERY CENTER,860 NORTH MAIN ST SUITE A,RICHFIELD,UT,84701,,(435) 215-0228,99,1,0,100,92,8,0,96,91,8,1,96,91,7,2,95,3,437,115,26,10/01/2024,09/30/2025
46C0001067,WASATCH VASCULAR CENTER ASC LLC,3702 SOUTH STATE STREET SUITE 103,SALT LAKE CITY,UT,84115,,(000) 000-0000,96,2,2,97,91,7,2,94,89,5,6,94,80,11,9,88,"3,6",376,67,18,10/01/2024,09/30/2025
46C0001068,CACHE VALLEY SURGERY CENTER LLC,630 EAST 1400 NORTH SUITE 120,LOGAN,UT,84341,,(435) 787-7246,97,3,0,98,87,11,2,92,93,6,1,95,86,13,1,95,3,416,100,24,10/01/2024,09/30/2025
46C0001069,SURGERY CENTER AT GROVE CREEK LLC,2168 WEST GROVE PARKWAY SUITE 101,PLEASANT GROVE,UT,84062,,(801) 772-5050,99,1,0,99,92,7,1,96,95,4,1,97,94,5,1,98,3,321,125,39,10/01/2024,09/30/2025
46C0001070,SURGERY CENTER AT SOUTH OGDEN LLC,955 EAST CHAMBERS STREET SUITE 101,SOUTH OGDEN,UT,84403,,(801) 317-4896,98,2,0,99,92,7,1,96,92,6,2,95,84,13,3,93,3,775,243,31,10/01/2024,09/30/2025
46C0001071,SURGERY CENTER AT COTTONWOOD LLC,5450 SOUTH GREEN STREET SUITE B,MURRAY,UT,84123,,(801) 262-0098,99,1,0,99,94,5,1,97,76,20,4,92,85,15,0,95,"3,6",261,68,26,10/01/2024,09/30/2025
46C0001072,LOGAN SURGERY CENTER LLC DBA INTERMOUNTAIN SURGERY CENTER LOGAN,1350 NORTH 500 EAST,LOGAN,UT,84341,,(435) 716-2060,99,1,0,100,92,6,2,95,91,9,0,96,90,10,0,97,3,654,153,23,10/01/2024,09/30/2025
46C0001074,ST GEORGE SURGERY CENTER LLC DBA SURGERY CENTER ST GEORGE,652 SOUTH MEDICAL CENTER DRIVE SUITE 200,ST GEORGE,UT,84790,,(435) 251-3910,99,1,0,99,92,8,0,96,86,12,2,95,93,4,3,97,3,1040,321,31,10/01/2024,09/30/2025
46C0001075,VINEYARD SURGERY CENTER LLC,691 EAST 400 NORTH SUITE 100,VINEYARD,UT,84059,,(385) 327-0930,99,1,0,99,92,6,2,96,91,7,2,95,86,13,1,95,3,406,116,29,10/01/2024,09/30/2025
46C0001077,PARK CITY SURGERY CENTER LLC,800 ROUND VALLEY DRIVE,PARK CITY,UT,84060,,(435) 631-2072,98,1,1,99,93,6,1,96,96,3,1,98,92,7,1,97,3,1052,279,27,10/01/2024,09/30/2025
46C0001079,ST GEORGE SURGICAL CENTER LP,585 EAST RIVERSIDE DRIVE SUITE 101,ST GEORGE,UT,84790,,(435) 673-8080,99,1,0,100,94,6,0,97,94,5,1,96,88,11,1,96,3,401,107,27,10/01/2024,09/30/2025
46C0001080,PROVO SURGERY CENTER LLC,1157 NORTH 300 WEST,PROVO,UT,84604,,(801) 357-1400,97,3,0,99,93,6,1,96,87,11,2,94,86,12,2,94,3,1587,381,24,10/01/2024,09/30/2025
46C0001081,MURRAY SURGERY CENTER LLC,326 EAST 5770 SOUTH,MURRAY,UT,84107,,(385) 355-4200,98,2,0,99,94,5,1,96,93,5,2,96,91,7,2,96,3,966,284,29,10/01/2024,09/30/2025
46C0001082,AMBULATORY SURGERY CENTER OF UTAH LLC,5782 ADAMS AVENUE PARKWAY SUITE 100,WASHINGTON TERRACE,UT,84405,,(801) 917-8000,97,2,1,98,93,5,2,95,87,9,4,94,80,15,5,91,,835,196,23,10/01/2024,09/30/2025
46C0001084,SARATOGA SPRINGS SURGERY CENTER DBA INTERMOUNTAIN SURGERY CENTER SARATOGA SPRINGS,316 WEST MEDICAL DRIVE,SARATOGA SPRINGS,UT,84045,,(385) 484-8970,94,6,0,97,92,4,4,94,88,4,8,94,84,13,3,93,3,711,150,21,10/01/2024,09/30/2025
46C0001085,LEHI SURGICAL CENTER,310 NORTH 850 EAST SUITE B,LEHI,UT,84043,,(801) 331-8554,,,,,,,,,,,,,,,,,1,,,,,
46C0001086,LAYTON SURGERY CENTER LLC DBA INTERMOUNTAIN SURGERY CENTER LAYTON,265 EAST LAYTON PARKWAY,LAYTON,UT,84041,,(801) 682-1404,97,2,1,98,93,6,1,96,88,10,2,95,86,12,2,94,3,1850,467,25,10/01/2024,09/30/2025
46C0001087,RIVERTON SURGERY CENTER LLC DBA INTERMOUNTAIN SURGERY CENTER RIVERTON,3773 WEST 12600 SOUTH 2ND FLOOR,RIVERTON,UT,84065,,(385) 464-6900,98,2,0,99,95,4,1,97,88,11,1,95,89,9,2,95,3,907,213,23,10/01/2024,09/30/2025
46C0001090,UTAH COUNTY SURGICENTER LLC DBA UTAH ENDOSCOPY CENTER,3300 NORTH 1200 WEST  SUITE 100,LEHI,UT,84043,,(385) 338-2758,96,4,0,98,89,9,2,93,86,12,2,94,83,15,2,93,3,1316,332,25,10/01/2024,09/30/2025
47C0001000,VERMONT EYE SURGERY & LASER CENTER LLC,1100 HINESBURG RD SUITE 101,SOUTH BURLINGTON,VT,05403,,(802) 861-3554,97,3,0,98,93,6,1,96,90,9,1,95,93,7,0,98,3,644,158,25,10/01/2024,09/30/2025
47C0001002,ACTD LLC DBA GREEN MOUNTAIN SURGERY CENTER,593 HERCULES DR,COLCHESTER,VT,05446,,(802) 876-1621,99,1,0,99,94,5,1,97,94,5,1,97,95,4,1,98,,1136,365,32,10/01/2024,09/30/2025
49C0001001,FAIRFAX SURGICAL CENTER LP,10730 MAIN ST,FAIRFAX,VA,22030,,(703) 691-0670,98,2,0,99,95,5,0,97,90,8,2,95,88,9,3,94,3,1363,520,38,10/01/2024,09/30/2025
49C0001002,ROANOKE SURGERY CENTER LP,1802 BRAEBURN DR,SALEM,VA,24153,,(540) 772-3600,98,2,0,99,94,5,1,97,93,6,1,96,89,8,3,95,3,1400,583,42,10/01/2024,09/30/2025
49C0001006,FREDERICKSBURG AMBULATORY SURGERY CENTER LLC,1201 SAM PERRY BLVD SUITE 101,FREDERICKSBURG,VA,22401,,(540) 741-6726,98,2,0,99,95,4,1,97,91,8,1,96,88,11,1,95,3,1279,278,22,10/01/2024,09/30/2025
49C0001007,VIRGINIA EYE INSTITUTE INC,402 WEST HAMPTON STATION,RICHMOND,VA,23226,,(804) 287-4272,98,2,0,99,92,7,1,96,93,6,1,96,91,7,2,96,3,831,303,37,10/01/2024,09/30/2025
49C0001008,MED ATLANTIC INC,8228 MEADOWBRIDGE RD.,MECHANICSVILLE,VA,23116,,(804) 330-9105,99,1,0,99,92,7,1,96,91,8,1,96,91,6,3,95,3,648,193,30,10/01/2024,09/30/2025
49C0001009,CENTRAL VIRGINIA SURGI-CENTER LP DBA SURGI-CENTER OF CENTRAL VIRGINIA,1500 DIXON ST SUITE 101,FREDERICKSBURG,VA,22401,,(540) 371-5349,95,5,0,97,91,6,3,94,87,11,2,94,82,16,2,93,,994,291,29,10/01/2024,09/30/2025
49C0001010,CATARACT AND REFRACTIVE SURGERY CENTER,2010 BREMO RD SUITE 132,RICHMOND,VA,23226,,(804) 533-6770,95,5,0,97,90,7,3,93,83,13,4,93,82,15,3,93,3,638,146,23,10/01/2024,09/30/2025
49C0001011,PIEDMONT DAY SURGERY CENTER,1040 MAIN ST,DANVILLE,VA,24541,,(434) 792-1433,95,5,0,97,86,14,0,93,85,10,5,92,69,28,3,88,6,440,52,12,10/01/2024,09/30/2025
49C0001012,VIRGINIA BEACH AMBULATORY SURGERY CENTER,1700 WILL O WISP DR,VIRGINIA BEACH,VA,23454,,(757) 496-6400,99,1,0,99,94,5,1,97,94,6,0,97,92,7,1,96,,1396,367,26,10/01/2024,09/30/2025
49C0001015,BAYVIEW MEDICAL CENTER INC,2000 MEADE PARKWAY,SUFFOLK,VA,23434,,(757) 686-3508,99,1,0,99,95,4,1,97,91,7,2,95,91,8,1,97,3,881,201,23,10/01/2024,09/30/2025
49C0001017,KAISER FOUNDATION HEALTH PLAN OF MID ATLANTIC STATES DBA TYSONS CORNER MEDICAL CENTER ASC,8008 WESTPARK DRIVE 5TH FLOOR,MCLEAN,VA,22102,,(703) 287-6400,99,1,0,99,95,5,0,97,91,8,1,96,87,10,3,94,,2717,873,32,10/01/2024,09/30/2025
49C0001018,SURGERY CENTER OF CENTRAL VA LLC,1825 GRAVES MILL RD,FOREST,VA,24551,,(804) 533-6770,96,4,0,98,91,8,1,95,85,14,1,94,83,17,0,94,"3,6",286,54,19,10/01/2024,09/30/2025
49C0001021,ROANOKE VALLEY CENTER FOR SIGHT LLC,438 W. MAIN ST,SALEM,VA,24153,,(540) 378-5276,98,2,0,99,88,10,2,93,88,10,2,95,82,14,4,92,3,1437,165,12,10/01/2024,09/30/2025
49C0001022,FRANCONIA SPRINGFIELD SURGERY CENTER LLC DBA INOVA SURGERY CENTER AT FRANCONIA SPRINGFIELD,6355 WALKER LANE SUITE 200,ALEXANDRIA,VA,22310,,(703) 922-7631,99,1,0,99,94,5,1,97,90,9,1,96,92,7,1,97,,1580,373,24,10/01/2024,09/30/2025
49C0001023,SURGERY CENTER OF LYNCHBURG,2401 ATHERHOLT RD,LYNCHBURG,VA,24501,,(434) 947-7700,98,2,0,99,94,5,1,97,93,6,1,96,90,9,1,96,3,427,162,38,10/01/2024,09/30/2025
49C0001024,SURGERY CENTER OF CHESAPEAKE LLC,844 BATTLEFIELD BLVD NORTH,CHESAPEAKE,VA,23320,,(757) 312-3037,98,2,0,99,93,5,2,96,91,8,1,96,87,12,1,95,3,1353,328,25,10/01/2024,09/30/2025
49C0001025,STONY POINT SURGERY CENTER LLC,8700 STONY POINT PARKWAY SUITE 100,RICHMOND,VA,23235,,(804) 775-4520,98,2,0,99,93,6,1,96,92,6,2,96,87,10,3,94,3,494,143,29,10/01/2024,09/30/2025
49C0001029,MONTICELLO COMMUNITY SURGERY CENTER LLC,"2331 SEMINOLE LANE, STE. 201",CHARLOTTESVILLE,VA,22901,,(434) 971-3422,99,1,0,99,97,3,0,99,98,2,0,98,95,3,2,97,,627,233,37,10/01/2024,09/30/2025
49C0001030,ROANOKE AMBULATORY SURGERY CENTER LLC,1102 SOUTH JEFFERSON ST,ROANOKE,VA,24016,,(540) 342-0707,96,4,0,98,90,8,2,94,90,8,2,95,90,9,1,96,,1362,448,33,10/01/2024,09/30/2025
49C0001033,RESTON SURGERY CENTER LP,1860 TOWN CENTER DRIVE SUITE G100,RESTON,VA,20190,,(703) 639-3100,97,3,0,99,94,5,1,96,91,7,2,95,88,8,4,94,3,1755,632,36,10/01/2024,09/30/2025
49C0001034,MARY IMMACULATE AMBULATORY SURGERY CENTER LLC,12720 MCMANUS BLVD SUITE 103,NEWPORT NEWS,VA,23602,,(757) 369-7000,98,2,0,99,94,5,1,97,86,11,3,95,87,13,0,95,"3,6",314,90,29,10/01/2024,09/30/2025
49C0001035,CARILION SURGERY CENTER NEW RIVER VALLEY LLC,2901 LAMB CIR,CHRISTIANSBURG,VA,24073,,(540) 260-9500,98,2,0,99,95,4,1,97,93,6,1,97,93,6,1,97,,729,256,35,10/01/2024,09/30/2025
49C0001036,VIRGINIA CENTER FOR EYE SURGERY,"1200 FIRST COLONIAL RD, STE 104",VIRGINIA BEACH,VA,23454,,(757) 961-6337,94,5,1,96,88,9,3,93,76,23,1,92,83,16,1,94,"3,6",556,79,14,10/01/2024,09/30/2025
49C0001039,PRINCE WILLIAM AMBULATORY SURGERY CENTER,8644 SUDLEY RD,MANASSAS,VA,20110,,(703) 369-8525,98,2,0,99,93,6,1,96,89,8,3,94,85,14,1,94,,864,266,31,10/01/2024,09/30/2025
49C0001042,VIRGINIA SURGERY CENTER LLC,"241 CORPORATE BLVD, STE. 200",NORFOLK,VA,23502,,(757) 622-2200,98,2,0,99,89,9,2,94,95,4,1,97,88,10,2,95,3,1293,226,18,10/01/2024,09/30/2025
49C0001043,INOVA LOUDOUN AMBULATORY SURGERY CENTER LLC,44035 RIVERSIDE PARKWAY SUITE 200,LEESBURG,VA,20176,,(571) 209-6465,98,2,0,99,93,6,1,96,92,7,1,96,90,9,1,96,,1958,396,20,10/01/2024,09/30/2025
49C0001044,ST. MARY'S AMBULATORY SURGERY CENTER,1501 MAPLE AVE SUITE 300,RICHMOND,VA,23226,,(804) 287-7881,98,2,0,99,91,7,2,95,93,6,1,96,90,9,1,96,,881,216,25,10/01/2024,09/30/2025
49C0001045,PRINCESS ANNE AMBULATORY SURGERY MANAGEMENT LLC,1975 GLENN MITCHELL DR. STE 300,VIRGINIA BEACH,VA,23456,,(757) 507-0173,97,2,1,98,93,6,1,96,86,12,2,95,86,12,2,94,,976,241,25,10/01/2024,09/30/2025
49C0001046,WINCHESTER EYE SURGERY CENTER LLC,"525 AMHERST ST., STE. 102",WINCHESTER,VA,22601,,(540) 667-5535,96,4,0,98,89,8,3,93,83,13,4,94,85,13,2,94,3,548,116,22,10/01/2024,09/30/2025
49C0001047,BON SECOURS SURGERY CENTER AT VIRGINIA BEACH LLC,828 HEALTHY WAY SUITE 115,VIRGINIA BEACH,VA,23462,,(757) 495-8070,98,2,0,99,93,6,1,96,92,8,0,96,91,8,1,97,,716,227,32,10/01/2024,09/30/2025
49C0001049,BON SECOURS SURGERY CENTER AT HARBOUR VIEW LLC,5818 HARBOURVIEW BOULEVARD SUITE 102-D,SUFFOLK,VA,23435,,(757) 215-0499,98,2,0,99,93,6,1,96,86,13,1,95,86,11,3,94,,553,195,35,10/01/2024,09/30/2025
49C0001051,FAIRLAWN SURGERY CENTER LLC,2030 STEPHENSON AVE SOUTHWEST,ROANOKE,VA,24014,,(540) 493-4547,98,2,0,99,95,5,0,98,90,7,3,94,83,13,4,92,,611,126,21,10/01/2024,09/30/2025
49C0001052,NORTHERN VIRGINIA EYE SURGERY CENTER LLC,"2710 PROSPERITY AVE, SUITE 150",FAIRFAX,VA,22031,,(703) 289-1290,97,2,1,98,91,7,2,95,84,13,3,93,92,7,1,97,3,643,128,20,10/01/2024,09/30/2025
49C0001054,SKIN SURGERY CENTER OF VIRGINIA,2510 GASKINS RD,HENRICO,VA,23060,,(804) 282-4940,98,2,0,99,90,7,3,94,92,7,1,97,92,6,2,96,3,460,161,35,10/01/2024,09/30/2025
49C0001055,NORTHERN VIRGINIA SURGERY CENTER LLC,3620 JOSEPH SIEWICK DR. STE. 202,FAIRFAX,VA,22033,,(703) 766-6960,98,2,0,99,90,9,1,94,90,9,1,95,87,11,2,95,,3714,656,18,10/01/2024,09/30/2025
49C0001057,CAREPLEX ORTHOPAEDIC AMBULATORY SURGERY CENTER LLC,3000 COLISEUM DR,HAMPTON,VA,23666,,(757) 736-4100,98,2,0,99,97,2,1,98,92,7,1,96,89,8,3,95,3,552,172,31,10/01/2024,09/30/2025
49C0001058,CHIPPENHAM AMBULATORY SURGERY CENTER LLC,"1115 BOULDERS PARKWAY, SUITE 210",RICHMOND,VA,23225,,(804) 672-4040,98,2,0,99,97,2,1,98,93,5,2,97,92,6,2,96,3,846,386,46,10/01/2024,09/30/2025
49C0001059,LAKE RIDGE AMBULATORY SURGERY CENTER LLC,12825 MINNIEVILLE DR. #204,WOODBRIDGE,VA,22192,,(703) 357-9568,97,3,0,98,93,6,1,96,95,4,1,97,88,9,3,94,3,446,112,25,10/01/2024,09/30/2025
49C0001060,INOVA AMBULATORY SURGERY CENTER AT LORTON LLC,"9321 SANGER ST, SUITE 200",LORTON,VA,22079,,(703) 672-2631,99,1,0,99,93,5,2,96,92,7,1,97,90,9,1,96,,1000,191,19,10/01/2024,09/30/2025
49C0001061,SENTARA MARTHA JEFFERSON OUTPATIENT SURGERY CENTER,595 JEFFERSON PARKWAY DR SUITE 290,CHARLOTTESVILLE,VA,22911,,(434) 654-5000,97,3,0,99,94,5,1,96,95,3,2,97,92,7,1,97,,932,232,25,10/01/2024,09/30/2025
49C0001062,NOVANT HEALTH HAYMARKET AMBULATORY SURGICAL CENTER,15225 HEATHCOTE BLVD,HAYMARKET,VA,20169,,(336) 277-8770,99,1,0,99,93,6,1,96,92,7,1,96,93,6,1,97,,771,267,35,10/01/2024,09/30/2025
49C0001063,ADVANCED VISION SURGERY CENTER,5125 MONTICELLO AVE,WILLIAMSBURG,VA,23188,,(804) 533-6770,94,6,0,97,83,13,4,89,76,16,8,91,77,18,5,91,"3,6",447,93,21,10/01/2024,09/30/2025
49C0001065,MCLEAN AMBULATORY SURGERY LLC,7601 LEWINSVILLE RD STE 440,MCLEAN,VA,22102,,(703) 663-1440,97,2,1,98,90,8,2,94,86,11,3,94,84,14,2,93,,5894,1196,20,10/01/2024,09/30/2025
49C0001066,STONY POINT SURGERY CENTER LLC DBA WEST CREEK SURGERY CENTER,1630 WILKES RIDGE PARKWAY SUITE 101,RICHMOND,VA,23233,,(804) 775-4500,98,2,0,99,94,5,1,96,91,8,1,96,92,7,1,97,3,550,156,28,10/01/2024,09/30/2025
49C0001067,VALLEY HEALTH AMBULATORY SURGERY CENTER,174 BOTANICAL BLVD,WINCHESTER,VA,22603,,(540) 536-4749,99,1,0,99,94,5,1,97,91,7,2,96,90,9,1,96,,868,284,33,10/01/2024,09/30/2025
49C0001069,AMERICAN ACCESS CARE OF RICHMOND ASC DBA AZURA SURGERY CENTER RIVER CITY,2235 STAPLES MILL ROAD SUITE 104,RICHMOND,VA,23230,,(804) 355-9729,96,4,0,98,90,6,4,93,85,12,3,94,78,19,3,91,"3,6",912,98,11,10/01/2024,09/30/2025
49C0001070,NEW WOMENS HEALTH CHARLOTTESVILLE LLC DBA JEFFERSON SURGERY CENTER,2050 ABBEY ROAD SUITE D,CHARLOTTESVILLE,VA,22911,,(434) 218-5090,98,2,0,99,98,2,0,99,88,12,0,96,88,11,1,95,3,246,129,52,10/01/2024,09/30/2025
49C0001072,SURGICAL SUITE OF COASTAL VIRGINIA,400 SENTARA CIR SUITE 200,WILLIAMSBURG,VA,23188,,(757) 345-4227,99,1,0,99,93,5,2,96,92,7,1,96,92,6,2,96,,537,212,39,10/01/2024,09/30/2025
49C0001073,CENTER FOR VISUAL SURGICAL EXCELLENCE LLC,208 CARMICHAEL WAY,CHESAPEAKE,VA,23322,,(757) 908-2177,97,3,0,98,92,6,2,95,88,10,2,96,88,10,2,95,,1336,461,35,10/01/2024,09/30/2025
49C0001074,AZURA SURGERY CENTER ARLINGTON,1005 NORTH GLEBE ROAD SUITE 200,ARLINGTON,VA,22201,,(717) 818-0153,96,3,1,98,88,10,2,93,85,12,3,94,78,16,6,89,3,2102,203,10,10/01/2024,09/30/2025
49C0001075,FREDERICKSBURG ENDOSCOPY CENTER,1211 CENTRAL PARK BOULEVARD,FREDERICKSBURG,VA,22401,,(540) 408-0800,99,1,0,99,97,2,1,98,98,2,0,98,94,5,1,97,3,1737,614,35,10/01/2024,09/30/2025
49C0001076,LEIGH ORTHOPEDIC SURGERY CENTER LLC,6201 EAST VIRGINIA BEACH BOULEVARD,NORFOLK,VA,23502,,(000) 000-0000,98,2,0,99,94,5,1,96,96,3,1,97,92,7,1,97,,886,225,25,10/01/2024,09/30/2025
49C0001077,CHESAPEAKE REGIONAL SURGERY CENTER AT VIRGINIA BEACH,229 CLEARFIELD AVENUE,VIRGINIA BEACH,VA,23462,,(000) 000-0000,97,3,0,99,92,7,1,96,89,9,2,95,83,14,3,93,3,975,226,23,10/01/2024,09/30/2025
49C0001078,VCU HEALTH AMBULATORY SURGERY CENTER LLC,11958 WEST BROAD STREET 5TH FLOOR,HENRICO,VA,23233,,(804) 364-1007,99,1,0,99,94,5,1,97,94,5,1,97,92,6,2,97,,3875,657,17,10/01/2024,09/30/2025
49C0001080,ROCKINGHAM EYE SURGERY CENTER LLC,1690 B SPRING PORT DRIVE,ROCKINGHAM,VA,22801,,(540) 433-2485,98,2,0,99,92,7,1,96,94,5,1,97,93,5,2,97,3,700,352,50,10/01/2024,09/30/2025
49C0001081,STONE SPRINGS SURGICENTER LLC DBA STONE SPRINGS AMBULATORY SURGERY CENTER,24570 MEDICAL DRIVE,DULLES,VA,20166,,(571) 367-6700,99,1,0,99,97,2,1,98,95,5,0,97,92,6,2,96,3,825,273,33,10/01/2024,09/30/2025
49C0001101,PORT WARWICK SURGERY CENTER LLC,1031 LOFTIS BOULEVARD SUITE 200,NEWPORT NEWS,VA,23606,,(757) 735-9696,98,2,0,99,96,3,1,98,95,4,1,97,91,7,2,96,,959,340,35,10/01/2024,09/30/2025
49C0001102,MCLEAN TYSONS ORTHOPEDIC SURGERY CENTER LLC,1760 OLD MEADOW ROAD SUITE 100,MCLEAN,VA,22102,,(703) 810-5217,98,2,0,99,92,7,1,96,94,5,1,97,93,6,1,97,,2629,932,35,10/01/2024,09/30/2025
49C0001103,VIRGINIA CARDIOVASCULAR SPECIALISTS DBA VCS HEART AND VASCULAR CENTER,8007 DISCOVERY DRIVE SUITE B,HENRICO,VA,23229,,(804) 528-4444,97,3,0,98,88,9,3,93,90,8,2,96,86,10,4,93,3,1004,392,39,10/01/2024,09/30/2025
49C0001104,KAISER HEALTH PLAN OF MID-ATLANTIC DBA KAISER PERMANENTE CATON HILL ASC,13285 MINNIEVILLE ROAD,WOODBRIDGE,VA,22192,,(703) 986-2400,98,2,0,99,94,5,1,97,94,5,1,97,90,9,1,96,,2330,704,30,10/01/2024,09/30/2025
49C0001105,COLON AND RECTAL ENDOSCOPY AND SURGERY CENTER LLC,7504 RIGHT FLANK ROAD,MECHANICSVILLE,VA,23116,,(804) 596-0857,98,2,0,99,94,5,1,97,90,9,1,96,91,8,1,96,3,479,111,24,10/01/2024,09/30/2025
49C0001106,VIRGINIA ENT SURGERY CENTER INC,6600 WEST BROAD STREET SUITE 210,RICHMOND,VA,23230,,(804) 484-3700,99,1,0,100,95,5,0,97,91,8,1,96,93,6,1,97,"3,6",543,99,18,10/01/2024,09/30/2025
49C0001107,DANVILLE GASTROENTEROLOGY CENTER PC,600 CLEVELAND STREET,DANVILLE,VA,24541,,(434) 791-1152,93,6,1,96,90,8,2,95,74,22,4,92,72,23,5,89,3,569,143,25,10/01/2024,09/30/2025
49C0001108,VSA VASCULAR CENTER LLC,6031 STAPLES MILL ROAD,RICHMOND,VA,23228,,(804) 288-1953,,,,,,,,,,,,,,,,,1,,,,,
49C0001109,HANOVER CARDIAC ASC LLC DBA VIRGINIA CARDIAC SURGERY CENTER,8160 PLEASANT GROVE ROAD SUITE 100,MECHANICSVILLE,VA,23116,,(804) 665-0770,98,2,0,99,90,8,2,94,91,9,0,97,84,15,1,94,"3,6",263,78,30,10/01/2024,09/30/2025
49C0001111,WEST CREEK ENDOSCOPY LLC,1600 WILKES RIDGE DRIVE SUITE 100,HENRICO,VA,23233,,(703) 563-0042,95,3,2,97,92,7,1,96,86,11,3,93,83,14,3,93,3,420,101,24,10/01/2024,09/30/2025
50C0001011,PACIFIC CATARACT AND LASER INSTITUTE INC PC,2517 NE KRESKY AVE,CHEHALIS,WA,98532,,(360) 242-3000,97,3,0,98,92,5,3,95,89,9,2,96,92,6,2,97,3,575,167,30,10/01/2024,09/30/2025
50C0001013,NORTH KITSAP AMBULATORY SURGERY CENTER INC,20669 BOND NE STE. 200,POULSBO,WA,98370,,(360) 779-6527,98,2,0,99,94,5,1,97,92,6,2,96,88,9,3,95,3,700,280,40,10/01/2024,09/30/2025
50C0001014,EYE ASSOCIATES NORTHWEST SURGERY CENTER,"1455 NW LEARY WAY, STE. 300",SEATTLE,WA,98107,,(206) 342-6048,97,3,0,99,85,13,2,92,89,9,2,95,81,19,0,94,3,904,173,19,10/01/2024,09/30/2025
50C0001018,SIGHT PARTNERS PHYSICIANS PC DBA NORTHWEST EYE SURGEONS,332 NORTHEAST NORTHGATE WAY,SEATTLE,WA,98125,,(206) 528-6000,93,7,0,96,89,8,3,93,83,10,7,90,79,12,9,89,"3,6",176,51,29,10/01/2024,09/30/2025
50C0001019,PHYSICIANS EYE SURGERY CENTER INC,3930 HOYT AVE.,EVERETT,WA,98201,,(425) 259-2020,99,1,0,99,92,6,2,95,92,5,3,96,89,8,3,95,3,814,122,15,10/01/2024,09/30/2025
50C0001022,SPOKANE EYE CLINIC INC PS,"427 SOUTH BERNARD ST, SUITE 200",SPOKANE,WA,99204,,(509) 623-9764,98,1,1,99,94,5,1,97,89,9,2,95,90,9,1,96,,470,157,34,10/01/2024,09/30/2025
50C0001023,SPECIALITY EYECARE CENTRE ASC,1920 116TH AVE NE,BELLEVUE,WA,98004,,(425) 454-3937,99,1,0,100,93,5,2,96,90,7,3,95,85,15,0,95,"3,6",200,61,31,10/01/2024,09/30/2025
50C0001024,MULTICARE HEALTH SYSTEM DBA MULTICARE ROCKWOOD EYE SURGERY CENTER,842 SOUTH COWLEY STREET SUITE 3,SPOKANE,WA,99202,,(509) 342-3870,98,1,1,99,97,2,1,98,94,5,1,97,93,5,2,96,3,403,146,36,10/01/2024,09/30/2025
50C0001030,SEATTLE HAND SURGERY GROUP PC,"600 BROADWAY, SUITE 440",SEATTLE,WA,98122,,(206) 292-7988,99,1,0,99,96,3,1,98,96,3,1,97,94,4,2,96,,934,325,35,10/01/2024,09/30/2025
50C0001040,THE POLYCLINIC,1145 BROADWAY,SEATTLE,WA,98122,,(206) 329-1760,99,1,0,99,94,5,1,97,93,6,1,96,83,16,1,94,,1266,243,19,10/01/2024,09/30/2025
50C0001042,PACMED ASC,1101 MADISON ST SUITE 400,SEATTLE,WA,98104,,(206) 505-1493,98,2,0,99,93,6,1,96,88,9,3,95,84,12,4,93,3,4436,893,20,10/01/2024,09/30/2025
50C0001048,TACOMA AMBULATORY SURGERY CENTER,209 MARTIN LUTHER KING JR WAY,TACOMA,WA,98405,,(206) 596-3590,96,4,0,98,93,6,1,96,87,10,3,94,80,16,4,91,,3085,859,28,10/01/2024,09/30/2025
50C0001055,PACIFIC CATARACT AND LASER INSTITUTE INC PC,10500 NE 8TH ST STE 1650,BELLEVUE,WA,98004,,(360) 242-3000,96,4,0,98,89,9,2,93,86,13,1,94,80,18,2,92,3,577,110,20,10/01/2024,09/30/2025
50C0001057,CASCADE VALLEY ARLINGTON SURGERY CENTER,875 WESLEY STE. STE. 160,ARLINGTON,WA,98223,,(360) 618-7704,97,3,0,98,94,5,1,97,87,10,3,94,87,10,3,94,,1585,265,17,10/01/2024,09/30/2025
50C0001058,PEACEHEALTH GASTROENTEROLOGY & ENDOSCOPY CENTER,1615 DELAWARE ST,LONGVIEW,WA,98632,,(360) 200-2247,97,3,0,98,88,10,2,93,78,20,2,92,78,20,2,92,,884,194,22,10/01/2024,09/30/2025
50C0001063,THE HARMON EYE CENTER,903 MEDICAL CENTER DRIVE,ARLINGTON,WA,98223,,(425) 750-9683,99,1,0,100,89,8,3,93,81,14,5,93,81,11,8,90,"3,10",159,35,22,10/01/2024,09/30/2025
50C0001066,VIRGINIA MASON MEDICAL CENTER,100 NORTHEAST GILMAN BLVD,ISSAQUAH,WA,98027,,(206) 515-5223,,,,,,,,,,,,,,,,,1,,,,,
50C0001070,MINOR AND JAMES MEDICAL PLLC,"515 MMINOR AVE., 2ND FLOOR",SEATTLE,WA,98104,,(206) 838-9540,99,1,0,99,95,4,1,97,90,7,3,95,91,7,2,96,3,559,155,28,10/01/2024,09/30/2025
50C0001074,SPOKANE DIGESTIVE DISEASE CENTER PS,"105 W. 8TH AVE., STE. 6010",SPOKANE,WA,99204,,(509) 838-5950,97,3,0,98,89,8,3,93,81,15,4,93,81,16,3,93,3,1101,380,35,10/01/2024,09/30/2025
50C0001076,PACIFIC CATARACT AND LASER INSTITUTE INC PC,6695 W. RIO GRANDE AVE.,KENNEWICK,WA,99336,,(360) 242-3000,96,4,0,98,88,10,2,93,84,12,4,93,84,12,4,93,3,583,138,24,10/01/2024,09/30/2025
50C0001080,WASHINGTON ORTHOPAEDIC CENTER INC PS,1900 COOKS HILL RD,CENTRALIA,WA,98531,,(360) 330-1874,99,1,0,99,93,5,2,96,93,6,1,96,94,5,1,97,3,396,122,31,10/01/2024,09/30/2025
50C0001082,NORTHWEST ENDOSCOPY CENTER LLC,"2930 SQUALICUM PKWY, #202",BELLINGHAM,WA,98225,,(360) 734-1420,99,1,0,100,94,5,1,97,90,10,0,97,95,5,0,98,,773,154,20,10/01/2024,09/30/2025
50C0001093,EASTSIDE ENDOSCOPY CENTER PLLC,1135 116TH AVE NE STE. 570,BELLEVUE,WA,98004,,(425) 451-7335,97,3,0,99,89,9,2,94,91,8,1,95,84,14,2,94,,975,177,18,10/01/2024,09/30/2025
50C0001094,WESTERN WASHINGTON MEDICAL GROUP ENDOSCOPY CENTER DBA THE ENDOSCOPY CENTER,12800 BOTHELL EVERETT HWY SUITE 200,EVERETT,WA,98208,,(425) 248-4335,97,2,1,98,94,5,1,97,86,12,2,94,83,14,3,93,3,1679,352,21,10/01/2024,09/30/2025
50C0001095,PUGET SOUND GASTROETNEROLOGY AT KIRKLANDEVERGREEN ENDO CTR,11800 NE 128TH ST SUITE 100,KIRKLAND,WA,98034,,(425) 899-4500,99,0,1,99,95,4,1,97,92,7,1,96,89,8,3,95,3,465,110,24,10/01/2024,09/30/2025
50C0001126,WASHINGTON GASTROENTEROLOGY,3209 SOUTH 23RD ST SUITE 200,TACOMA,WA,98405,,(253) 503-2557,97,3,0,98,91,7,2,94,88,9,3,95,91,7,2,96,,881,196,22,10/01/2024,09/30/2025
50C0001128,OLYMPIA MULTI-SPECIALTY CLINIC AMBULATORY PROCEDURES CNTR PLLC,3920 CAPITOL MALL DR SOUTHWEST SUITE 300,OLYMPIA,WA,98502,,(360) 754-1735,97,3,0,99,95,4,1,97,90,9,1,95,89,9,2,95,,832,199,24,10/01/2024,09/30/2025
50C0001131,EVERGREEN EYE CENTER,34719 6TH AVE SOUTH,FEDERAL WAY,WA,98321,,(206) 212-2118,94,5,1,97,84,12,4,90,78,15,7,91,75,20,5,89,3,1017,150,15,10/01/2024,09/30/2025
50C0001132,CENTRAL WASHINGTON HEALTH SERVICES ASSOCIATION DBA CONFLUENCE HEALTH MOSES LAKE ASC,840 EAST HILL AVENUE,MOSES LAKE,WA,98837,,(509) 764-6400,97,3,0,98,93,6,1,96,83,13,4,93,82,17,1,93,3,1105,280,25,10/01/2024,09/30/2025
50C0001134,CASCADE EYE AND SKIN CENTERS PC,"1703 S. MERIDIAN, STE. 101",PUYALLUP,WA,98371,,(253) 848-3000,97,3,0,98,92,7,1,95,90,8,2,95,83,15,2,93,3,1970,615,31,10/01/2024,09/30/2025
50C0001140,MOUNTAIN WEST DERM - BLACKHART DBA ADVANCED DERMATOLOGY & SKIN SURGERY,1807 NORTH HUTCHINSON ROAD,SPOKANE VALLEY,WA,99212,,(509) 456-7414,98,1,1,99,83,16,1,91,86,10,4,93,87,10,3,94,3,596,128,22,10/01/2024,09/30/2025
50C0001141,CENTRAL WASHINGTON HEALTH SERVICES ASSOCIATION DBA CONFLUENCE HEALTH OMAK ASC,916 KOALA DRIVE,OMAK,WA,98841,,(509) 826-1800,99,1,0,99,90,7,3,94,85,13,2,94,86,12,2,95,3,752,232,31,10/01/2024,09/30/2025
50C0001144,PACIFIC CATARACT AND LASER INSTITUTE INC PC,534 E. SPOKANE FALLS BLVD,SPOKANE VALLEY,WA,99216,,(360) 242-3000,97,2,1,98,90,9,1,94,88,9,3,96,88,10,2,96,3,680,128,19,10/01/2024,09/30/2025
50C0001146,THE EVERETT CLINIC,3901 HOYT AVE,EVERETT,WA,98201,,(425) 259-0966,98,2,0,99,92,6,2,95,88,9,3,94,88,10,2,95,,1199,252,21,10/01/2024,09/30/2025
50C0001148,BELLINGHAM EAR NOSE THROAT AND FACIAL SURGERY INC,2940 SQUALICUM PKWY #203,BELLINGHAM,WA,98225,,(360) 733-0640,98,2,0,99,91,8,1,95,90,8,2,95,91,6,3,96,,696,148,21,10/01/2024,09/30/2025
50C0001149,TRI-CITY REGIONAL SURGERY CENTER LLC,1096 GOETHALS DR,RICHLAND,WA,99352,,(509) 438-7283,98,2,0,99,94,5,1,96,89,9,2,95,87,11,2,95,,3587,678,19,10/01/2024,09/30/2025
50C0001152,THE VANCOUVER CLINIC INC,700 NE 87TH AVE.,VANCOUVER,WA,98664,,(360) 397-3462,98,2,0,99,88,10,2,93,84,13,3,93,82,17,1,93,,1555,320,21,10/01/2024,09/30/2025
50C0001153,EYE CARE SPECIALISTS PS,500 PORT DR.,CLARKSTON,WA,99403,,(509) 758-8811,100,0,0,100,93,6,1,96,97,2,1,98,92,6,2,97,3,387,108,28,10/01/2024,09/30/2025
50C0001157,EDMONDS ENDOSCOPY CENTER,"21600 HWY 99, STE. 260",EDMONDS,WA,98026,,(425) 774-2650,97,3,0,98,96,3,1,97,87,10,3,93,80,16,4,92,3,509,123,24,10/01/2024,09/30/2025
50C0001159,NORTHWEST EYE SURGEONS PC,795 NORTH 5TH AVENUE,SEQUIM,WA,98382,,(206) 528-6000,98,2,0,99,91,9,0,96,85,13,2,94,88,8,4,95,"3,6",189,63,33,10/01/2024,09/30/2025
50C0001160,WASHINGTON GASTROENTEROLOGY,34503 9TH AVE SOUTH SUITE 240,FEDERAL WAY,WA,98391,,(253) 942-2701,99,1,0,99,90,7,3,94,85,11,4,94,85,12,3,94,,767,184,24,10/01/2024,09/30/2025
50C0001172,WALLA WALLA CLINIC INC,55 W. TIETAN,WALLA WALLA,WA,99362,,(509) 529-8123,98,2,0,99,91,8,1,95,91,8,1,95,90,9,1,96,3,781,215,28,10/01/2024,09/30/2025
50C0001174,PROLIANCE SURGEONS INC PS,"100 PACIFIC AVE., SUITE 100",EVERETT,WA,98201,,(425) 317-8535,98,2,0,99,97,3,0,98,95,5,0,97,93,6,1,97,3,597,235,39,10/01/2024,09/30/2025
50C0001176,COLUMBIA SURGERY CENTER LLC,217 WEST CATALDO AVENUE,SPOKANE,WA,99201,,(509) 747-6194,94,4,2,96,91,7,2,95,84,11,5,92,82,14,4,92,,1000,241,24,10/01/2024,09/30/2025
50C0001184,PUYALLUP ENDOSCOPY CENTER,1703 S. MERIDIAN SUITE 203,PUYALLUP,WA,98371,,(253) 592-5445,98,2,0,99,90,8,2,94,93,5,2,96,92,7,1,97,,788,201,26,10/01/2024,09/30/2025
50C0001185,OVERLAKE AMBULATORY SURGERY CENTER LLC,"1135- 116TH AVE NE, STE. 300",BELLEVUE,WA,98004,,(425) 709-7532,98,1,1,98,89,9,2,94,89,8,3,94,87,10,3,94,,773,165,21,10/01/2024,09/30/2025
50C0001186,PUGET SOUND GASTROENTEROLOGY PLLC DBA TRI-CITIES ENDOSCOPY CENTER,7114 WEST HOOD PLACE,KENNEWICK,WA,99336,,(509) 734-4885,96,4,0,98,88,9,3,92,85,12,3,93,81,13,6,92,"3,6",430,87,20,10/01/2024,09/30/2025
50C0001189,NORTHWEST AMBULATORY SURGERY SERVICES LLC DBA BELLINGHAM AMBULATORY SURGERY CENTER,2075 BARKLEY BLVD SUITE 101,BELLINGHAM,WA,98226,,(360) 671-6933,98,1,1,99,92,7,1,96,89,10,1,95,88,10,2,95,3,972,401,41,10/01/2024,09/30/2025
50C0001190,GASTROENTEROLOGY ASSOCIATES LLC,500 LILLY RD NORTHEAST SUITE 204,OLYMPIA,WA,98506,,(360) 413-8250,97,3,0,98,89,8,3,93,86,11,3,94,85,13,2,94,,2320,570,25,10/01/2024,09/30/2025
50C0001192,PACIFIC CATARACT AND LASER INSTITUTE INC PC,9951 MICKELBERRY RD NW STE 132,SILVERDALE,WA,98383,,(360) 242-3000,97,3,0,98,92,5,3,94,93,5,2,96,88,10,2,95,3,626,156,25,10/01/2024,09/30/2025
50C0001196,SOUTHWEST WASHINGTON REGIONAL SURGERY CENTER LLC,200 NORTHEAST MOTHER JOSEPH PL SUITE 200,VANCOUVER,WA,98664,,(360) 449-6349,96,3,1,97,86,9,5,91,87,9,4,94,82,16,2,93,3,513,138,27,10/01/2024,09/30/2025
50C0001198,PACIFIC CATARACT AND LASER INSTITUTE INC PC,2915 S. ALDER ST.,TACOMA,WA,98409,,(360) 242-3000,95,4,1,97,91,7,2,95,87,8,5,94,88,8,4,94,3,650,109,17,10/01/2024,09/30/2025
50C0001201,PACIFIC CATARACT AND LASER INSTITUTE INC PC,3900 KERN RD.,YAKIMA,WA,98902,,(360) 242-3000,98,2,0,99,93,6,1,96,88,10,2,96,88,11,1,96,3,652,133,21,10/01/2024,09/30/2025
50C0001206,THE AESTHETIC SURGERY CENTRE,2202 SOUTH CEDAR ST #100,TACOMA,WA,98405,,(253) 627-2900,98,2,0,99,88,9,3,93,89,10,1,95,85,10,5,92,3,309,126,41,10/01/2024,09/30/2025
50C0001207,VIRGINIA MASON MEDICAL CENTER,19116 33RD AVE WEST,LYNNWOOD,WA,98036,,(206) 515-5223,98,2,0,99,94,5,1,96,89,10,1,95,87,11,2,94,3,1813,451,25,10/01/2024,09/30/2025
50C0001209,OLYMPIA ORTHOPAEDIC ASSOCIATES PLLC DBA OLYMPIA SURGERY CENTER,3901 CAPITAL MALL DR SOUTHWEST,OLYMPIA,WA,98502,,(360) 528-8567,97,3,0,98,90,9,1,95,94,6,0,97,92,7,1,97,,678,199,29,10/01/2024,09/30/2025
50C0001210,COLUMBIA RIVER EYE CENTER,475 BRADLEY BLVD,RICHLAND,WA,99352,,(509) 943-2240,97,3,0,99,97,3,0,99,95,5,0,97,96,4,0,99,"3,10",154,30,20,10/01/2024,09/30/2025
50C0001213,NEOSPINE PUYALLUP SPINE CENTER LLC,1519 3RD ST. SE STE. 102,PUYALLUP,WA,98372,,(253) 604-1422,99,1,0,100,95,4,1,97,91,8,1,93,88,9,3,95,"3,6",252,51,20,10/01/2024,09/30/2025
50C0001218,PROLIANCE SURGEONS INC PS,"12911 120TH AVE. NE, SUITE H-110",KIRKLAND,WA,98034,,(206) 838-2560,97,3,0,99,96,4,0,98,92,6,2,95,93,5,2,97,3,501,159,32,10/01/2024,09/30/2025
50C0001220,PROLIANCE SURGEONS INC PS,7320 216TH ST SW STE. 140,EDMONDS,WA,98026,,(425) 673-3754,98,2,0,99,95,4,1,97,92,7,1,96,85,10,5,92,3,886,305,34,10/01/2024,09/30/2025
50C0001221,PUYALLUP AMBULATORY SURGERY CENTER LLC,1519 3RD STREET SOUTHEAST SUITE 240,PUYALLUP,WA,98372,,(253) 845-0757,94,6,0,97,87,10,3,92,86,12,2,93,84,14,2,94,"3,10",258,35,14,10/01/2024,09/30/2025
50C0001222,PROLIANCE SURGEONS INC PS,1401 S. LAVENTURE RD.,MOUNT VERNON,WA,98274,,(360) 424-2483,98,2,0,99,95,3,2,97,93,5,2,96,89,9,2,96,3,249,102,41,10/01/2024,09/30/2025
50C0001223,DIGESTIVE DISEASE AND ENDOSCOPY CENTER PLLC,"3261 NW MT. VINTAGE WAY, STE. 221",SILVERDALE,WA,98383,,(360) 479-1952,97,3,0,98,91,8,1,95,85,13,2,94,83,15,2,93,3,2750,804,29,10/01/2024,09/30/2025
50C0001226,PUGET SOUND GASTROENTEROLOGY PS,501 N. 34TH ST. STE. 101,SEATTLE,WA,98103,,(206) 838-1777,98,2,0,99,96,2,2,97,92,6,2,95,92,5,3,96,3,601,134,22,10/01/2024,09/30/2025
50C0001228,WASHINGTON GASTROENTEROLOGY,2727 HOLLYCROFT ST SUITE 480,GIG HARBOR,WA,98335,,(253) 503-2557,98,2,0,99,89,10,1,94,93,6,1,96,88,11,1,96,,757,174,23,10/01/2024,09/30/2025
50C0001229,PROLIANCE SURGEONS INC PS,3801 5TH ST SE STE. 210,PUYALLUP,WA,98374,,(253) 435-4770,98,1,1,99,92,7,1,95,93,6,1,96,88,10,2,94,3,608,216,36,10/01/2024,09/30/2025
50C0001231,PROLIANCE SURGEONS INC PS,275 SW 160TH ST. STE. 200,BURIEN,WA,98166,,(206) 988-0927,98,2,0,99,94,5,1,97,89,8,3,95,88,11,1,96,3,515,145,28,10/01/2024,09/30/2025
50C0001232,PINNACLE PAIN SERVICES INC,4029 NORTHWEST AVE. #301,BELLINGHAM,WA,98226,,(360) 752-0518,94,4,2,96,89,7,4,92,79,14,7,91,85,10,5,93,,716,136,19,10/01/2024,09/30/2025
50C0001233,NORTHWEST ORTHOPAEDIC SPECIALISTS PS,601 WEST 5TH AVENUE SUITE 500,SPOKANE,WA,99204,,(509) 344-2663,98,1,1,99,96,3,1,98,92,7,1,96,95,3,2,98,,950,293,31,10/01/2024,09/30/2025
50C0001235,PROLIANCE SURGEONS INC PS,7308 BRIDGEPORT WAY SW STE. 102,LAKEWOOD,WA,98499,,(253) 584-5252,98,2,0,99,93,6,1,96,91,7,2,96,86,9,5,93,3,604,233,39,10/01/2024,09/30/2025
50C0001238,EHLERS EYE SURGERY LLC,3403 POWERHOUSE RD,YAKIMA,WA,98902,,(509) 966-2253,97,3,0,98,94,5,1,96,89,9,2,96,91,7,2,96,3,504,218,43,10/01/2024,09/30/2025
50C0001243,SALMON SURGERY CENTER LLC,2200 NORTHWEST MYHRE ROAD,SILVERDALE,WA,98367,,(000) 000-0000,95,4,1,97,90,7,3,94,83,13,4,93,84,14,2,94,,739,230,31,10/01/2024,09/30/2025
50C0001244,PROLIANCE SURGEONS INC PS,2409 N. 45TH ST.,SEATTLE,WA,98103,,(206) 838-2560,98,2,0,99,91,7,2,95,86,12,2,94,85,11,4,93,3,615,180,29,10/01/2024,09/30/2025
50C0001247,EVERGREEN EYE CENTER PLLC DBA EVERGREEN EYE SURGERY CENTER,1229 MADISON STREET SUITE 1250,SEATTLE,WA,98104,,(206) 212-2124,95,4,1,97,85,11,4,91,81,15,4,93,77,16,7,90,3,811,100,13,10/01/2024,09/30/2025
50C0001254,PACIFIC CATARACT AND LASER INSTITUTE INC PC,2205 NE 129TH ST.,VANCOUVER,WA,98686,,(360) 242-3000,97,3,0,98,84,12,4,90,89,8,3,95,90,8,2,96,3,695,170,25,10/01/2024,09/30/2025
50C0001256,CLEARVIEW EYE AND LASER PLLC,"2515 SW TRENTON ST., STE 105",SEATTLE,WA,98126,,(206) 937-9600,99,1,0,100,97,3,0,98,91,8,1,95,88,12,0,96,"3,10",75,28,37,10/01/2024,09/30/2025
50C0001257,LASER AND SURGERY CENTRE LLC,345 COLLEGE ST SOUTHEAST SUITE A,LACEY,WA,98503,,(360) 456-7077,98,2,0,99,93,6,1,96,92,5,3,95,90,7,3,95,3,597,180,30,10/01/2024,09/30/2025
50C0001258,ANESIS BEL-RED ASC LLC,1260 116TH AVENUE NORTHEAST SUITE 110,BELLEVUE,WA,98004,,(425) 455-72,94,4,2,96,88,11,1,94,82,13,5,94,84,8,8,92,"3,10",181,31,17,10/01/2024,09/30/2025
50C0001262,LONGVIEW SURGICAL CENTER LLC,625 9TH AVE STE. 110,LONGVIEW,WA,98632,,(360) 442-7900,99,1,0,99,96,4,0,98,94,5,1,97,95,4,1,98,,1217,505,41,10/01/2024,09/30/2025
50C0001263,VANCOUVER EYE CARE PS,17720 SE MILL PLAIN BLVD SUITE 100,VANCOUVER,WA,98683,,(360) 823-2012,98,2,0,99,97,3,0,98,95,4,1,97,93,5,2,97,3,525,211,40,10/01/2024,09/30/2025
50C0001267,SIGHT PARTNERS PHYSICIANS PC DBA EMPIRE EYE PHYSICIANS,16010 EAST INDIANA AVENUE,SPOKANE VALLEY,WA,99216,,(509) 928-8040,98,2,0,99,96,3,1,98,90,10,0,96,87,8,5,93,"3,10",187,45,24,10/01/2024,09/30/2025
50C0001270,SURGERY CENTER OF SILVERDALE LLC,9800 LEVIN RD NE SUITE 102,SILVERDALE,WA,98383,,(360) 692-2728,99,1,0,99,96,3,1,98,93,5,2,96,94,4,2,97,3,466,157,34,10/01/2024,09/30/2025
50C0001271,VIRGINIA MASON MEDICAL CENTER,222 112TH AVE NORTHEAST SUITE 101,BELLEVUE,WA,98004,,(206) 515-5223,98,2,0,99,93,6,1,96,91,8,1,96,91,8,1,97,3,2709,648,24,10/01/2024,09/30/2025
50C0001272,WESTERN WASHINGTON MEDICAL GROUP INC PS DBA GATEWAY SURGERY CENTER,3726 BROADWAY SUITE 206,EVERETT,WA,98201,,(360) 436-4884,97,3,0,98,93,5,2,96,84,12,4,94,84,13,3,93,3,1061,239,23,10/01/2024,09/30/2025
50C0001279,EYE ASSOCIATES SURGERY CENTER INC,2100 LITTLE MOUNTAIN LN STE. B,MOUNT VERNON,WA,98274,,(360) 424-5338,98,2,0,99,93,6,1,96,92,6,2,96,90,8,2,96,3,504,201,40,10/01/2024,09/30/2025
50C0001280,BELLEVUE AMBULATORY SURGERY CENTER,11511 NE 10TH ST,BELLEVUE,WA,98004,,(509) 241-7026,98,2,0,99,93,6,1,96,87,11,2,95,85,13,2,94,,2835,812,29,10/01/2024,09/30/2025
50C0001281,HIGH DESERT SURGERY CENTER LLC,"521 N. YOUNG ST., STE. 100",KENNEWICK,WA,99336,,(509) 736-2771,98,2,0,99,96,4,0,98,89,8,3,95,89,9,2,96,,537,156,29,10/01/2024,09/30/2025
50C0001283,PROLIANCE HIGHLANDS SURGERY CENTER,510 8TH AVE NE STE. 100,ISSAQUAH,WA,98029,,(425) 507-0777,94,5,1,97,92,8,0,96,89,10,1,95,91,8,1,97,3,670,214,32,10/01/2024,09/30/2025
50C0001284,WASHINGTON GASTROENTEROLOGY,11216 SUNRISE BLVD E SUITE #3- 201,PUYALLUP,WA,98374,,(253) 592-5445,98,2,0,99,92,6,2,95,90,7,3,95,84,13,3,93,,833,178,21,10/01/2024,09/30/2025
50C0001285,NORTHWEST EYE SURGEONS PC,1412 SOUTHWEST 43RD STREET SUITE 310,RENTON,WA,98057,,(206) 528-6000,98,2,0,99,99,1,0,99,95,2,3,95,92,8,0,97,"3,10",179,42,23,10/01/2024,09/30/2025
50C0001286,NORTH PACIFIC DERMATOLOGY PS,1200 112TH AVE NORTHEAST SUITE C-187,BELLEVUE,WA,98004,,(425) 457-7900,97,3,0,98,88,10,2,93,90,6,4,94,85,11,4,93,3,591,177,30,10/01/2024,09/30/2025
50C0001289,SPOKANE VALLEY AMBULATORY SURGERY CENTER,1424 NORTH MCDONALD SUITE 102,SPOKANE VALLEY,WA,99216,,(509) 340-8334,97,2,1,99,92,6,2,95,93,5,2,96,95,3,2,97,"3,6",305,80,26,10/01/2024,09/30/2025
50C0001292,ADVANCED ENDOSCOPY CENTER PLLC,2415 NE 134TH ST,VANCOUVER,WA,98686,,(360) 576-9060,97,3,0,98,92,7,1,95,86,10,4,93,83,14,3,93,3,2036,658,32,10/01/2024,09/30/2025
50C0001294,NORTHWEST EYE SURGEONS PC,1306 ROOSEVELT AVENUE,MOUNT VERNON,WA,98273,,(206) 528-6000,95,4,1,97,92,6,2,95,85,11,4,92,82,15,3,92,"3,10",155,43,28,10/01/2024,09/30/2025
50C0001295,PACIFIC CATARACT AND LASER INSTITUTE INC PC,115 NEW VIEW CT NE,OLYMPIA,WA,98506,,(360) 242-3000,97,3,0,98,89,10,1,94,87,11,2,95,89,10,1,96,3,655,172,27,10/01/2024,09/30/2025
50C0001296,PACIFIC CATARACT AND LASER INSTITUTE INC PC,4330 MITCHELL WAY,BELLINGHAM,WA,98226,,(360) 242-3000,96,3,1,98,88,10,2,93,87,10,3,94,89,7,4,94,3,555,161,30,10/01/2024,09/30/2025
50C0001297,THE RETINA SURGERY CENTER LLC,"1750 112TH AVE  NE, SUITE D050",BELLEVUE,WA,98004,,(206) 215-3850,94,5,1,97,92,7,1,95,85,13,2,94,84,15,1,94,3,587,124,22,10/01/2024,09/30/2025
50C0001299,PACIFIC NORTHWEST EYE SURGERY CENTER,3602 SOUTH 19TH ST.,TACOMA,WA,98405,,(253) 759-5555,96,3,1,98,90,8,2,94,84,13,3,93,86,11,3,94,3,504,171,34,10/01/2024,09/30/2025
50C0001300,EASTSIDE ENDOSCOPY CENTER PLLC,"1301 4TH AVE NW, STE. 301",ISSAQUAH,WA,98027,,(425) 270-6363,98,2,0,99,90,8,2,94,92,7,1,96,95,4,1,98,,884,164,19,10/01/2024,09/30/2025
50C0001301,AESTHETIC AND GENERAL DERMATOLOGY OF SEATTLE,13610 1ST AVE.,BURIEN,WA,98168,,(206) 988-6836,98,2,0,99,90,8,2,94,86,12,2,94,84,14,2,94,3,659,173,26,10/01/2024,09/30/2025
50C0001302,NORTHWEST VISION INSTITUTE PLLC,"12301 NORTH EAST 10TH PL, SUITE 103",BELLEVUE,WA,98005,,(425) 450-2020,98,2,0,99,87,10,3,92,89,9,2,95,80,17,3,92,"3,6",544,91,17,10/01/2024,09/30/2025
50C0001304,NEOS SURGERY CENTER,626 SOURTH SHERIDAN ST,SPOKANE,WA,99202,,(509) 279-2176,99,1,0,99,98,2,0,99,96,4,0,97,95,4,1,98,3,728,353,48,10/01/2024,09/30/2025
50C0001306,EASTSIDE MEDICAL GROUP LLC,"1301 4TH AVE NW, SUITE 201",ISSAQUAH,WA,98027,,(425) 270-3713,99,1,0,100,92,8,0,96,98,2,0,98,94,6,0,98,3,1164,125,11,10/01/2024,09/30/2025
50C0001309,THE POLYCLINIC,"1229 MADISON ST., STE. 1660",SEATTLE,WA,98104,,(206) 320-6160,99,1,0,99,97,2,1,98,97,2,1,98,94,4,2,97,,1097,253,23,10/01/2024,09/30/2025
50C0001311,PROVIDENCE SURGERY AND PROCEDURE CENTER LLC,16528 EAST DESMET COURT SUITE A2100,SPOKANE VALLEY,WA,99216,,(509) 944-8960,97,2,1,98,92,7,1,96,93,6,1,96,92,7,1,97,,1071,234,22,10/01/2024,09/30/2025
50C0001315,FIRST HILL SURGERY CENTER LLC,1101 MADISON ST SUITE 200,SEATTLE,WA,98104,,(206) 320-6126,97,3,0,98,92,7,1,96,87,10,3,94,81,15,4,91,,629,199,32,10/01/2024,09/30/2025
50C0001317,FOURTH CORNER NEUROSURGICAL ASSOCIATES INC PS DBA CASCADE OUTPATIENT SPINE CENTER,710 BIRCHWOOD AVE SUITE 103,BELLINGHAM,WA,98225,,(360) 676-0922,98,2,0,99,94,5,1,97,89,8,3,95,89,8,3,95,3,685,161,24,10/01/2024,09/30/2025
50C0001320,PACIFIC NORTHWEST UROLOGY SURGERY CENTER,3232 SQUALICUM PARKWAY,BELLINGHAM,WA,98225,,(000) 000-0000,97,2,1,98,91,7,2,95,84,13,3,94,85,12,3,94,,797,180,23,10/01/2024,09/30/2025
50C0001322,PROLIANCE CENTER FOR OUTPATIENT SPINE AND JOINT REPLACEMENT SURGERY OF PUGET SOUND,6808 220TH STREET SW,MOUNTLAKE TERRACE,WA,98043,,(407) 709-7209,98,1,1,98,94,5,1,97,91,7,2,95,90,7,3,95,3,641,265,41,10/01/2024,09/30/2025
50C0001323,KADLEC REGIONAL MEDICAL CENTER,1351 FOWLER ST,RICHLAND,WA,99352,,(509) 438-7283,99,1,0,99,95,4,1,97,92,7,1,96,92,6,2,96,,2879,654,23,10/01/2024,09/30/2025
50C0001324,REDMOND AMBULATORY SURGERY CENTER LLC,18100 NORTHEAST UNION HILL ROAD SUITE 340,REDMOND,WA,98052,,(425) 507-0767,99,1,0,99,96,3,1,98,94,5,1,97,90,8,2,96,,1645,324,20,10/01/2024,09/30/2025
50C0001327,THE EVERETT CLINIC,21401 72ND AVE WEST,EDMONDS,WA,98026,,(425) 258-3900,99,1,0,99,93,6,1,96,91,7,2,96,88,11,1,95,,1627,357,22,10/01/2024,09/30/2025
50C0001328,EVERGREEN EYE CENTER,502 SOUTH M STREET,TACOMA,WA,98405,,(000) 000-0000,97,2,1,99,91,6,3,94,90,7,3,95,83,12,5,92,3,881,172,20,10/01/2024,09/30/2025
50C0001329,PAIN CARE PHYSICIANS PLLC,115 LILLY ROAD NORTHEAST SUITE B,OLYMPIA,WA,98056,,(206) 538-6300,94,5,1,96,90,8,2,94,80,11,9,90,78,12,10,87,"3,6",387,84,22,10/01/2024,09/30/2025
50C0001331,KADLEC REGIONAL MEDICAL CENTER DBA KADLEC AMBULATORY ENDOSCOPY CENTER LEE CAMPUS,1270 LEE BOULEVARD SUITE B,RICHLAND,WA,99352,,(731) 661-1211,98,2,0,99,95,4,1,97,91,7,2,96,90,7,3,95,,4327,953,22,10/01/2024,09/30/2025
50C0001332,PRO SURGERY CENTER LLC DBA PRO MEDICAL SURGERY CENTER,4455 148TH AVENUE NORTHEAST FLOOR B2,BELLEVUE,WA,98007,,(425) 376-3400,98,2,0,99,95,4,1,97,95,2,3,96,89,7,4,94,3,665,237,36,10/01/2024,09/30/2025
50C0001333,PROLIANCE SURGERY CENTER AT VALLEY,4009 TALBOT ROAD SOUTH SUITE 200,RENTON,WA,98055,,(425) 226-2041,98,1,1,99,96,4,0,98,92,6,2,96,87,10,3,94,3,560,203,36,10/01/2024,09/30/2025
50C0001336,SOUND VASCULAR PS DBA SOUND VASCULAR ASC,32014 32ND AVENUE S,FEDERAL WAY,WA,98001,,(253) 874-7107,97,3,0,99,89,8,3,93,90,8,2,95,86,12,2,94,3,622,108,17,10/01/2024,09/30/2025
50C0001337,APEX SPINE INSTITUTE,985 GOETHALS DRIVE,RICHLAND,WA,99352,,(509) 606-5040,99,1,0,99,97,3,0,98,93,6,1,96,90,8,2,95,3,521,176,34,10/01/2024,09/30/2025
50C0001340,THE VANCOUVER CLINIC INC PS DBA SALMON CREEK 2 AMBULATORY SURGERY CENTER,2529 NORTHEAST 139TH STREET,VANCOUVER,WA,98686,,(360) 882-2778,97,3,0,98,93,6,1,96,93,6,1,97,91,8,1,96,,910,239,26,10/01/2024,09/30/2025
50C0001342,SHARPEVISION PLLC,3025 112TH AVENUE NORTHEAST SUITE 200,BELLEVUE,WA,98004,,(425) 451-2020,97,2,1,98,90,8,2,94,86,11,3,94,83,13,4,92,,960,292,30,10/01/2024,09/30/2025
50C0001343,SPOKANE UROLOGY PLLC DBA UROLOGY SURGERY CENTER NORTHWEST,1401 EAST TRENT AVENUE SUITE 100,SPOKANE,WA,99202,,(505) 747-3147,97,2,1,98,89,9,2,93,82,12,6,92,80,16,4,91,3,2316,875,38,10/01/2024,09/30/2025
50C0001345,THE EVERETT CLINIC PLLC DBA HELEN HOLM PUMPHREY SURGERY CENTER,4011 172ND STREET NORTHEAST,ARLINGTON,WA,98223,,(360) 454-1900,98,2,0,99,94,5,1,96,90,9,1,96,87,11,2,94,,1582,340,22,10/01/2024,09/30/2025
50C0001346,PEACEHEALTH ASC BELLINGHAM LLC DBA PEACEHEALTH SQUALICUM SURGERY CENTER,3009 SQUALICUM PARKWAY,BELLINGHAM,WA,98225,,(360) 788-7740,98,2,0,99,92,7,1,96,87,11,2,94,82,17,1,93,,1519,371,24,10/01/2024,09/30/2025
50C0001347,SEATTLE SURGERY CENTER LLC,900 TERRY AVENUE 3RD FLOOR,SEATTLE,WA,98104,,(206) 382-1021,99,1,0,100,96,3,1,97,94,6,0,97,92,7,1,96,3,691,236,34,10/01/2024,09/30/2025
50C0001348,NORTHWEST ORTHOPAEDIC SPECIALISTS PS,12410 EAST SINTO AVENUE SUITE LL101,SPOKANE VALLEY,WA,99216,,(509) 789-2957,99,0,1,99,98,1,1,99,94,4,2,97,94,5,1,97,3,574,226,39,10/01/2024,09/30/2025
50C0001350,SOUND PAIN ALLIANCE DBA TUKWILA AMBULATORY SURGERY CENTER,7200 SOUTH 180TH STREET SUITE 104,TUKWILA,WA,98188,,(253) 983-9390,81,10,9,86,84,7,9,88,71,10,19,83,71,12,17,83,"3,10",224,36,17,10/01/2024,09/30/2025
51C0001011,SURGICAL EYE CENTER OF MORGANTOWN,1299 PINEVIEW DR 5TH FLOOR,MORGANTOWN,WV,26505,,(304) 598-5755,99,1,0,99,96,3,1,98,93,5,2,96,92,6,2,96,3,502,195,43,10/01/2024,09/30/2025
51C0001012,BECKLEY SURGERY CENTER INC,84 BROOKSHIRE LANE,BECKLEY,WV,25801,,(304) 255-2724,98,2,0,99,94,5,1,96,93,5,2,96,93,5,2,97,,1418,651,46,10/01/2024,09/30/2025
51C0001013,THE GREENBRIER CLINIC,40823 MIDLAND TRAIL EAST,WHITE SUPLHUR SPRINGS,WV,24986,,(304) 536-4870,100,0,0,100,93,7,0,97,95,4,1,97,97,2,1,98,"3,6",372,77,21,10/01/2024,09/30/2025
51C0001014,TRI-STATE SURGICAL CENTER,1006 TAVERN RD,MARTINSBURG,WV,25401,,(304) 267-0556,97,3,0,98,92,7,1,95,94,4,2,96,92,6,2,96,,743,270,36,10/01/2024,09/30/2025
51C0001016,MON HEALTH CENTER FOR OUTPATIENT SURGERY,2000 MON HEALTH MEDICAL PARK DR,MORGANTOWN,WV,26505,,(304) 413-2200,99,1,0,100,92,7,1,95,93,7,0,97,94,4,2,98,3,1294,210,16,10/01/2024,09/30/2025
52C0001005,DEAN HEALTH SYSTEMS INC DBA SSM HEALTH SURGERY CENTER,1025 REGENT ST,MADISON,WI,53715,,(608) 259-3570,97,3,0,98,95,5,0,97,84,13,3,93,84,14,2,94,11,1483,471,32,10/01/2024,09/30/2025
52C0001007,WAUWATOSA SURGERY CENTER LIMITED PARTNERSHIP DBA WAUWATOSA SURGERY CENTER,10900 WEST POTTER RD,WAUWATOSA,WI,53226,,(414) 774-9227,98,2,0,99,96,3,1,98,89,10,1,95,84,14,2,94,3,644,266,41,10/01/2024,09/30/2025
52C0001011,SSM HEALTH SURGERYDIGESTIVE HEALTH CTR ON PARK ST,700 SOUTH PARK ST,MADISON,WI,53715,,(608) 259-3510,97,3,0,99,94,5,1,96,90,8,2,95,84,13,3,93,11,3131,643,21,10/01/2024,09/30/2025
52C0001017,NORTHWEST SURGERY CENTER INC,2300 NORTH MAYFAIR RD #295,MILWAUKEE,WI,53226,,(414) 257-3322,99,1,0,99,89,11,0,95,91,9,0,97,87,12,1,95,3,272,143,53,10/01/2024,09/30/2025
52C0001021,WAUSAU SURGERY CENTER,2809 WESTHILL DR,WAUSAU,WI,54401,,(715) 842-4490,98,2,0,99,94,5,1,97,96,3,1,97,94,4,2,97,,709,292,41,10/01/2024,09/30/2025
52C0001023,MENOMONEE FALLS AMBULATORY SURGERY CENTER,W180 N8045 TOWN HALL RD,MENOMONEE FALLS,WI,53051,,(262) 250-0950,98,2,0,99,93,6,1,96,89,11,0,96,89,10,1,96,,716,197,28,10/01/2024,09/30/2025
52C0001025,CENTER FOR DIGESTIVE HEALTH LTD,2801 W. KK RIVER PKWY STE. 1025,MILWAUKEE,WI,53215,,(414) 908-6507,97,3,0,98,95,5,0,97,87,12,1,95,87,11,2,95,3,570,117,21,10/01/2024,09/30/2025
52C0001029,NIAGARA HEALTH CENTER INC,1601 ROOSEVELT RD.,NIAGARA,WI,54151,,(888) 724-6377,97,3,0,98,95,4,1,97,93,5,2,96,89,8,3,95,3,499,189,38,10/01/2024,09/30/2025
52C0001030,MADISON SURGERY CENTER INC,1 SOUTH PARK ST 3RD FLOOR,MADISON,WI,53715,,(608) 720-5064,98,2,0,99,96,4,0,98,90,8,2,95,87,10,3,94,,1237,448,36,10/01/2024,09/30/2025
52C0001034,AMBULATORY SURGICAL CENTER LLC,501 DOCTORS CT,OSHKOSH,WI,54901,,(920) 470-5180,96,3,1,98,87,10,3,92,91,5,4,96,83,15,2,93,"3,6",881,89,10,10/01/2024,09/30/2025
52C0001035,WEST BEND SURGERY CENTER LLC,1710 VOGT DR,WEST BEND,WI,53095,,(262) 306-6262,99,1,0,99,94,5,1,97,96,3,1,97,92,6,2,96,,988,381,39,10/01/2024,09/30/2025
52C0001039,WISCONSIN LASER AND SURGERY CENTER LLC,"10200 INNOVATION DR, STE. 700",MILWAUKEE,WI,53226,,(414) 773-4662,97,3,0,98,93,6,1,96,88,11,1,95,88,11,1,96,,1235,532,43,10/01/2024,09/30/2025
52C0001043,NOVAMED SURGERY CENTER OF MADISON LP,1200 JOHN Q HAMMONS DR SUITE 102,MADISON,WI,53717,,(608) 827-5504,99,1,0,99,99,1,0,100,98,1,1,98,95,5,0,98,3,311,159,51,10/01/2024,09/30/2025
52C0001048,WOODLAND SURGERY CENTER LLC,2325 N. CASALOMA DR,APPLETON,WI,54913,,(920) 225-8040,98,2,0,99,96,3,1,98,94,4,2,97,95,3,2,97,3,623,296,48,10/01/2024,09/30/2025
52C0001050,MCHS HOSPITALS INC DBA MARSHFIELD CLINIC WAUSAU ASC,2727 PLAZA DRIVE,WAUSAU,WI,54401,,(715) 387-5211,97,3,0,98,93,6,1,96,88,10,2,95,84,14,2,94,3,1025,332,32,10/01/2024,09/30/2025
52C0001053,MAYFAIR DIGESTIVE HEALTH CENTER LLC,"1033 NORTH MAYFAIR RD, SUITE 104",WAUWATOSA,WI,53226,,(414) 908-6601,98,2,0,99,95,5,0,98,90,8,2,95,89,9,2,95,3,512,152,30,10/01/2024,09/30/2025
52C0001054,WISCONSIN SURGERY CENTER LLC,3305 S 20TH,MILWAUKEE,WI,53215,,(414) 384-2100,98,2,0,99,93,5,2,96,91,7,2,95,85,11,4,93,"3,6",516,89,17,10/01/2024,09/30/2025
52C0001057,EAST MEQUON SURGERY CENTER LLC,12203 WEST CORPORATE PARKWAY,MEQUON,WI,53092,,(414) 649-3911,98,2,0,99,95,4,1,97,95,4,1,97,91,8,1,96,3,2165,498,23,10/01/2024,09/30/2025
52C0001058,PINNACLE CATARACT AND LASER INSTITUTE LLC,4648 W. SPENCER ST,APPLETON,WI,54914,,(920) 731-7557,96,4,0,98,88,10,2,93,84,13,3,93,83,14,3,93,3,1605,655,41,10/01/2024,09/30/2025
52C0001059,FROEDTERT SURGERY CENTER LLC,840 N 87TH ST,MILWAUKEE,WI,53226,,(414) 805-9500,99,1,0,99,96,3,1,98,94,5,1,96,91,6,3,95,,689,216,31,10/01/2024,09/30/2025
52C0001065,ORTHOPEDIC AND SPORTS SURGERY CENTER,2105 E. ENTERPRISE AVE.,APPLETON,WI,54913,,(920) 560-1100,97,2,1,98,94,5,1,97,93,5,2,96,91,7,2,96,,650,338,52,10/01/2024,09/30/2025
52C0001067,SURGERY CENTER OF WISCONSIN RAPIDS LLC,140 24TH ST. SOUTH,WISCONSIN RAPIDS,WI,54494,,(715) 424-1881,98,2,0,99,97,3,0,98,95,4,1,97,92,6,2,96,3,532,264,50,10/01/2024,09/30/2025
52C0001068,AMBULATORY SURGICAL CENTER OF STEVENS POINT,500 VINCENT ST,STEVENS POINT,WI,54481,,(715) 345-0500,98,2,0,99,99,1,0,99,98,1,1,98,96,4,0,98,3,436,220,50,10/01/2024,09/30/2025
52C0001073,METROPOLITAN MEDICAL CENTER LLC,4495 N OAKLAND AVE,SHOREWOOD,WI,53211,,(414) 967-3550,98,2,0,99,95,4,1,97,91,6,3,95,91,7,2,96,,740,212,29,10/01/2024,09/30/2025
52C0001074,THE ORTHOPAEDIC SURGERY CENTER LLC,W238 N1610 BUSSE RD.,PEWAUKEE,WI,53072,,(262) 522-8888,99,1,0,99,94,5,1,97,93,7,0,96,91,8,1,96,,575,212,37,10/01/2024,09/30/2025
52C0001077,GI SPECIALISTS LLC,1111 DELAFIELD ST. STE. 322,WAUKESHA,WI,53188,,(262) 650-7322,99,1,0,99,96,4,0,98,92,7,1,97,89,9,2,95,3,631,234,37,10/01/2024,09/30/2025
52C0001081,BJOSC LLC DBA BJOSC LLC AT RIB MOUNTIAN,225000 HUMMINGBIRD ROAD SUITE 300,WAUSAU,WI,54401,,(715) 359-7592,99,1,0,99,94,5,1,97,92,6,2,96,86,13,1,95,3,466,162,35,10/01/2024,09/30/2025
52C0001082,GASTROINTESTINAL ASSOCIATES ENDOSCOPY CENTER,411 WESTWOOD DR,WAUSAU,WI,54401,,(715) 847-2558,99,1,0,99,96,3,1,98,93,5,2,96,93,6,1,97,3,1714,419,24,10/01/2024,09/30/2025
52C0001083,LAKE COUNTRY ENDOSCOPY CENTER LLC,1185 CORPORATE DR. STE 125,OCONOMOWOC,WI,53066,,(414) 908-6507,98,2,0,99,96,4,0,98,93,7,0,97,93,6,1,97,3,473,128,27,10/01/2024,09/30/2025
52C0001085,SURGERY CENTER LLC,"3111 W. RAWSON AVE, STE. 100",FRANKLIN,WI,53132,,(414) 325-4407,97,3,0,99,94,5,1,97,92,7,1,96,89,10,1,96,,738,230,31,10/01/2024,09/30/2025
52C0001086,PROHEALTH ALIGNED LLC,1111 DELAFIELD ST. STE. 208,WAUKESHA,WI,53188,,(252) 928-4300,99,1,0,99,94,5,1,96,94,5,1,96,92,7,1,97,3,1581,533,34,10/01/2024,09/30/2025
52C0001089,BELLIN ORTHOPEDIC SURGERY CENTER LLC,2223 LIME KILN RD,GREEN BAY,WI,54311,,(920) 436-8601,99,1,0,99,96,4,0,98,96,4,0,98,96,3,1,98,3,775,378,49,10/01/2024,09/30/2025
52C0001092,PINE RIDGE SURGERY CENTER,2500 PINE RIDGE BLVD,WAUSAU,WI,54401,,(715) 843-1019,98,1,1,99,96,3,1,97,92,6,2,96,91,7,2,96,,1098,415,38,10/01/2024,09/30/2025
52C0001093,INDEPENDENT SURGERY CENTER,2751 COMMERCIAL BLVD SUITE 7,CHIPPEWA FALLS,WI,54729,,(715) 738-1800,97,2,1,98,93,5,2,96,83,12,5,93,86,10,4,94,3,679,145,22,10/01/2024,09/30/2025
52C0001096,TOWER CLOCK SURGERY CENTER LLC,1077 W. MASON ST.,GREEN BAY,WI,54303,,(920) 497-1810,97,3,0,98,94,6,0,97,87,10,3,95,88,9,3,95,,739,337,46,10/01/2024,09/30/2025
52C0001097,PAIN CENTERS OF WISCONSIN FORT ATKINSON LLC,1604 MADISON AVE.,FORT ATKINSON,WI,53538,,(414) 325-3749,99,1,0,99,93,5,2,96,93,5,2,97,90,8,2,96,6,289,98,34,10/01/2024,09/30/2025
52C0001101,EC LASER AND SURGERY INSTITUTE OF WI LLC,800 NORTH 1ST ST SUITE 100,WAUSAU,WI,54403,,(715) 261-8544,97,2,1,98,95,4,1,97,91,6,3,95,87,10,3,94,,783,367,47,10/01/2024,09/30/2025
52C0001107,WISCONSIN DIGESTIVE HEALTH CENTER,2424 90TH ST,WEST ALLIS,WI,53227,,(414) 908-6601,98,2,0,99,95,4,1,97,87,12,1,95,88,10,2,95,3,532,117,22,10/01/2024,09/30/2025
52C0001109,WISCONSIN SPECIALTY SURGERY CENTER LLC,"7401 104TH AVE, STE. 100",KENOSHA,WI,53158,,(262) 697-1006,97,3,0,98,92,6,2,95,91,7,2,96,88,10,2,95,,917,312,34,10/01/2024,09/30/2025
52C0001113,AURORA SURGERY CENTERS LLC,WEST 180 NORTH 11070 RIVER LANE RD,GERMANTOWN,WI,53222,,(262) 532-9777,99,1,0,99,95,4,1,97,93,6,1,96,91,7,2,96,3,1891,508,27,10/01/2024,09/30/2025
52C0001116,MILWAUKEE SURGICAL SUITES LLC,6495 SOUTH 27TH ST,FRANKLIN,WI,53132,,(414) 574-0253,98,2,0,99,92,6,2,95,90,8,2,96,85,12,3,93,,533,168,32,10/01/2024,09/30/2025
52C0001117,MIDWEST NEPHROLOGY ASSOCIATES MNA SURGERY CENTER,7797 WEST APPLETON AVE,MILWAUKEE,WI,53222,,(414) 393-2690,96,4,0,98,97,2,1,98,92,5,3,95,87,11,2,95,"3,6",448,74,17,10/01/2024,09/30/2025
52C0001118,DREXEL TOWN SQUARE SURGERY CENTER,7901 SOUTH 6TH ST,OAK CREEK,WI,53154,,(414) 346-8323,99,1,0,99,95,4,1,97,92,7,1,97,93,6,1,97,,1118,393,35,10/01/2024,09/30/2025
52C0001120,GENEVA SURGICAL SUITES DBA GENEVA SURGICAL SUITES LLC,119 ELIZABETH LANE,GENOA CITY,WI,53128,,(262) 295-1215,99,1,0,100,95,4,1,97,98,1,1,98,92,6,2,96,3,420,172,41,10/01/2024,09/30/2025
52C0001121,WISCONSIN INSTITUTE OF SURGICAL EXCELLENCE LLC,1265 WEST AMERICAN DR SUITE 200,NEENAH,WI,54956,,(920) 886-2213,99,1,0,99,93,7,0,96,89,9,2,95,84,15,1,95,,691,210,30,10/01/2024,09/30/2025
52C0001122,SOUTHERN LAKES ENDOSCOPY CENTER,240 MAPLE AVENUE SUITE 2220,MUKWONAGO,WI,53149,,(414) 908-6601,99,1,0,100,95,4,1,97,95,5,0,97,92,6,2,96,3,527,159,30,10/01/2024,09/30/2025
52C0001123,BJOSC LLC DBA BJOSC LLC AT PLOVER,1767 PARK AVENUE SUITE 300,PLOVER,WI,54401,,(715) 344-1260,99,1,0,100,94,6,0,97,94,4,2,96,91,7,2,96,3,478,152,32,10/01/2024,09/30/2025
52C0001124,ADVANCED SPINE CENTER OF WISCONSIN LLC,1380 TULLAR ROAD,NEENAH,WI,54956,,(920) 486-7161,99,1,0,100,96,3,1,98,95,4,1,97,94,5,1,98,,699,306,44,10/01/2024,09/30/2025
52C0001125,NORTH SHORE SURGICAL SUITES,8400 LAKEVIEW PARKWAY,PLEASANT PRAIRIE,WI,53158,,(262) 455-7548,99,1,0,99,92,6,2,95,87,12,1,95,85,13,2,94,6,451,97,22,10/01/2024,09/30/2025
52C0001126,AURORA SURGERY CENTERS,9000 WEST SURA LANE,GREENFIELD,WI,53228,,(000) 000-0000,98,2,0,99,94,5,1,97,91,8,1,96,87,11,2,95,3,2928,500,17,10/01/2024,09/30/2025
52C0001127,KENOSHA DIGESTIVE HEALTH CENTER LLC,8220 75TH STREET SUITE 120,KENOSHA,WI,53142,,(414) 908-6500,97,3,0,98,95,4,1,97,92,4,4,96,87,9,4,94,3,569,169,30,10/01/2024,09/30/2025
52C0001128,ORTHOPEDIC SURGERY CENTER OF THE FOX VALLEY LLC,1205 WEST AMERICAN DRIVE,NEENAH,WI,54596,,(920) 965-6382,98,2,0,99,95,4,1,97,93,6,1,96,93,6,1,97,3,1204,438,36,10/01/2024,09/30/2025
52C0001129,BAYCARE AURORA KAUKAUNA SURGERY CENTER,1500 ARBOR WAY,KAUKAUNA,WI,54130,,(920) 288-8000,99,1,0,99,94,4,2,96,92,7,1,97,92,4,4,96,3,966,236,24,10/01/2024,09/30/2025
52C0001130,AURORA PLEASANT PRAIRIE AMBULATORY SURGERY CENTER,12500 AURORA DRIVE,PLEASANT PRAIRIE,WI,53158,,(000) 000-0000,98,2,0,99,93,6,1,96,89,9,2,95,83,14,3,93,3,1402,298,22,10/01/2024,09/30/2025
52C0001131,RACINE DIGESTIVE HEALTH CENTER LLC,10340 WASHINGTON AVENUE SUITE 100,STURTEVANT,WI,53177,,(000) 000-0000,98,2,0,99,95,4,1,97,87,12,1,95,86,14,0,95,3,569,116,20,10/01/2024,09/30/2025
52C0001132,WAUKESHA SURGICENTER LLC,813 WEST MORELAND BOULEVARD,WAUKESHA,WI,53188,,(262) 297-7246,96,3,1,98,86,8,6,90,87,9,4,93,86,10,4,93,"3,6",714,91,13,10/01/2024,09/30/2025
52C0001133,MILWAUKEE SURGICENTER LLC,4202 WEST OAKWOOD PARK COURT,FRANKLIN,WI,53132,,(262) 297-7246,99,1,0,100,93,5,2,96,94,5,1,98,93,6,1,97,3,1105,144,13,10/01/2024,09/30/2025
52C0001134,EYE SURGERY CENTER OF WISCONSIN LLC,10148 SOUTH 27TH STREET,OAK CREEK,WI,53154,,(000) 000-0000,94,5,1,97,90,8,2,94,80,12,8,92,81,12,7,90,"3,6",550,78,14,10/01/2024,09/30/2025
52C0001135,SPINE SOLUTIONS OF GREEN BAY LLC,2595 DEVELOPMENT DRIVE SUITE 150,BELLEVUE,WI,54311,,(833) 821-7246,99,0,1,99,94,5,1,97,84,15,1,95,88,10,2,95,"3,6",500,72,14,10/01/2024,09/30/2025
52C0001137,SPINE SOLUTIONS OF WEST BEND LLC,1000 GATEWAY COURT SUITE 200,WEST BEND,WI,53095,,(833) 821-7246,99,1,0,100,89,7,4,93,93,5,2,96,86,11,3,93,3,641,106,17,10/01/2024,09/30/2025
52C0001139,SPINE SOLUTIONS OF SHEBOYGAN LLC,2124 KOHLER MEMORIAL DRIVE,SHEBOYGAN,WI,53081,,(833) 821-7246,98,2,0,99,91,7,2,94,91,8,1,97,91,8,1,97,3,823,145,18,10/01/2024,09/30/2025
52C0001140,PHAROS ENTERPRISES OF WISCONSIN DBA ENVISION SURGERY CENTER,2356 SOUTH 102ND STREET,WEST ALLIS,WI,53227,,(414) 260-2140,95,3,2,97,82,12,6,88,85,11,4,94,80,18,2,92,"3,6",652,77,12,10/01/2024,09/30/2025
52C0001141,BJOSC LLC DBA BJOSC LLC AT WESTWOOD,400 WESTWOOD DRIVE SUITE 200,WAUSAU,WI,54401,,(715) 359-6442,98,2,0,99,95,5,0,97,90,9,1,96,90,8,2,96,3,957,308,32,10/01/2024,09/30/2025
52C0001143,ST VINCENT HOSPITAL-HOSPITAL SISTERS-THIRD ORDER OF ST FRANCIS DBA PREVEA SURGERY CENTER,1830 SHAWANO AVENUE,GREEN BAY,WI,54303,,(920) 496-4700,98,2,0,99,94,5,1,97,91,8,1,96,85,13,2,94,,1447,404,28,10/01/2024,09/30/2025
52C0001144,GASTROINTESTINAL ASSOCIATES ENDOSCOPY CENTER LLC,3225 BUSINESS PARK DRIVE,STEVENS POINT,WI,54482,,(715) 847-2558,98,2,0,99,95,4,1,97,95,4,1,97,93,6,1,97,3,1708,436,26,10/01/2024,09/30/2025
52C0001145,MADISON SURGICENTER LLC,34 SCHROEDER COURT SUITE 100,MADISON,WI,53711,,(608) 291-4866,98,1,1,99,96,4,0,98,93,6,1,98,95,3,2,98,"3,10",273,39,15,10/01/2024,09/30/2025
52C0001146,FRESENIUS ACCESS CARE PHYSICIANS OF MADISON ASC LLC,5020 AMERICAN FAMILY DRIVE SUITE 100,MADISON,WI,53718,,(608) 621-2001,99,0,1,99,93,6,1,96,96,4,0,98,85,8,7,91,3,627,129,21,10/01/2024,09/30/2025
52C0001147,ADVANCED SURGICAL AND RESTORATIVE CARE LLC DBA DEFATTA ENT & PLASTICS SURGERY SC,1470 RIVERS EDGE TRAIL SUITE B,ALTOONA,WI,54720,,(715) 379-8718,99,1,0,99,94,5,1,97,91,8,1,96,84,14,2,93,3,502,178,35,10/01/2024,09/30/2025
52C0001148,VALLEY SURGERY CENTER LLC,2651 HILLCREST DRIVE SUITE 301,HUDSON,WI,54016,,(715) 952-1279,99,1,0,99,93,5,2,96,93,6,1,96,89,10,1,96,"3,6",582,97,17,10/01/2024,09/30/2025
52C0001149,ORTHOMIDWEST SURGERY CENTER BELOIT LLC,2102 FREEMAN PARKWAY,BELOIT,WI,53511,,(815) 398-9491,100,0,0,100,97,2,1,98,98,1,1,99,98,1,1,99,,759,391,52,10/01/2024,09/30/2025
52C0001150,CEDARCREST SURGERY CENTER LLC,2200 CEDARCREST DRIVE SUITE B,RICE LAKE,WI,54868,,(715) 537-4960,99,1,0,99,93,6,1,96,93,6,1,96,94,4,2,97,3,662,313,47,10/01/2024,09/30/2025
52C0001151,KENOSHA SURGICENTER LLC,10105 74TH STREET SUITE 102,KENOSHA,WI,53142,,(262) 297-7246,96,3,1,98,92,6,2,95,83,14,3,94,85,14,1,95,"3,6",452,69,16,10/01/2024,09/30/2025
52C0001152,FOX VALLEY SURGERY CENTER LLC DBA SURGERY CENTER OF APPLETON,1600 NORTH CASALOMA DRIVE,APPLETON,WI,54913,,(920) 268-1516,96,1,3,97,95,3,2,96,83,11,6,92,77,16,7,88,,1862,651,35,10/01/2024,09/30/2025
52C0001153,TOWER CLOCK SURGERY CENTER APPLETON LLC,3120 NORTH RICHMOND STREET,APPLETON,WI,54911,,(920) 497-1810,98,2,0,99,94,5,1,97,85,11,4,93,82,17,1,93,,421,204,48,10/01/2024,09/30/2025
52C0001161,EC LASER AND SURGERY INSTITUTE OF WI LLC,3301 STANLEY STREET,STEVENS POINT,WI,54481,,(715) 298-5500,98,2,0,99,96,4,0,98,94,5,1,96,91,8,1,97,"3,10",77,40,52,10/01/2024,09/30/2025
53C0001002,INTERNAL MEDICINE GROUP DBA WYOMING ENDOSCOPY CENTER,7212 COMMONS CIRCLE,CHEYENNE,WY,82001,,(307) 635-4141,98,2,0,99,95,4,1,97,91,7,2,96,90,6,4,95,3,687,188,27,10/01/2024,09/30/2025
53C0001003,HIGH PLAINS SURGERY CENTER,"2301 HOUSE AVE, #200",CHEYENNE,WY,82001,,(307) 635-7070,98,2,0,99,95,5,0,97,90,10,0,96,89,10,1,96,,693,208,30,10/01/2024,09/30/2025
53C0001005,CASPER WYOMING ENDOSCOPY  ASC LLC DBA STERLING SURGICAL CENTER,1441 WILKINS CIR,CASPER,WY,82601,,(307) 265-1792,95,4,1,97,92,7,1,95,82,15,3,93,83,14,3,93,,2408,784,33,10/01/2024,09/30/2025
53C0001006,GEM CITY BONE AND JOINT PC DBA PREMIER BONE AND JOINT ASC,1909 VISTA DRIVE,LARAMIE,WY,82070,,(307) 745-8851,97,3,0,98,95,4,1,97,93,6,1,97,90,9,1,96,,1064,276,26,10/01/2024,09/30/2025
53C0001007,LAGRECA EYE CLINIC PC,1150 MAIN ST.,LANDER,WY,82520,,(406) 294-6586,96,4,0,98,88,10,2,93,74,22,4,90,85,15,0,95,3,248,102,41,10/01/2024,09/30/2025
53C0001010,TETON OUTPATIENT SERVICES LLC,150 BUFFALO WAY,JACKSON,WY,83001,,(307) 733-8677,98,2,0,99,95,4,1,97,92,7,1,96,90,10,0,97,,798,232,29,10/01/2024,09/30/2025
53C0001011,CENTRAL WYOMING OUTPATIENT SURGERY CENTER LLC,1201 E. THIRD ST,CASPER,WY,82601,,(307) 577-2964,98,2,0,99,95,4,1,97,89,9,2,95,85,13,2,94,,805,184,23,10/01/2024,09/30/2025
53C0001012,NORTHERN WYOMING SURGICAL CENTER,732 LINDSAY LANE,CODY,WY,82414,,(307) 587-2139,95,4,1,97,92,7,1,96,88,10,2,95,88,10,2,95,,455,196,43,10/01/2024,09/30/2025
53C0001015,WYOMING SURGICAL CENTER LLC,4140 CENTENNIAL HILLS BLVD #C,CASPER,WY,82609,,(307) 472-8781,97,3,0,99,93,6,1,96,88,7,5,94,84,13,3,92,3,672,161,24,10/01/2024,09/30/2025
53C0001016,SWEETWATER SURGERY CENTER LLC,2761 COMMERICAL WAY,ROCK SPRINGS,WY,82901,,(307) 382-6873,99,1,0,99,94,5,1,97,87,10,3,95,89,11,0,96,"3,6",560,89,16,10/01/2024,09/30/2025
53C0001018,SHERIDAN SURGICAL CENTER LLC,1524 WEST 5TH ST,SHERIDAN,WY,82801,,(370) 672-7874,98,2,0,99,93,6,1,96,90,10,0,96,89,10,1,96,,426,175,41,10/01/2024,09/30/2025
53C0001019,CHEYENNE EYE SURGERY,1300 E. 20TH ST,CHEYENNE,WY,82001,,(307) 634-2020,98,2,0,99,88,10,2,93,93,7,0,96,86,7,7,91,"3,6",283,98,35,10/01/2024,09/30/2025
53C0001021,CENTER FOR SURGICAL EXCELLENCE INC,1503 CRESSETT ST.,GILLETTE,WY,82716,,(307) 682-1911,97,2,1,98,93,6,1,96,84,11,5,93,87,7,6,92,"3,6",600,82,14,10/01/2024,09/30/2025
53C0001022,PREMIER SURGICAL CENTER LLC,195 OVERTHRUST RD,EVANSTON,WY,82930,,(307) 444-3600,98,2,0,99,92,7,1,95,92,7,1,95,92,7,1,97,"3,6",466,80,18,10/01/2024,09/30/2025
53C0001023,POWDER RIVER SURGERY CENTER,906 WEST 6TH STREET SUITE C,GILLETTE,WY,82716,,(307) 688-8600,98,2,0,99,95,4,1,97,93,6,1,96,90,9,1,96,3,1018,293,29,10/01/2024,09/30/2025
53C0001024,ADVANCED SURGICAL CARE OF WYOMING LLC,51 TOWN CENTER DRIVE SUITE 140,GILLETTE,WY,82718,,(307) 660-3934,97,3,0,99,93,7,0,96,92,7,1,96,92,7,1,97,"3,6",654,97,15,10/01/2024,09/30/2025
55C0001001,PALO ALTO MEDICAL FOUNDATION CAMINO SURGERY DIVISION,701 E. EL CAMINO REAL I NW,MOUNTAIN VIEW,CA,94040,,(650) 404-8357,98,2,0,99,88,10,2,93,88,11,1,95,88,11,1,95,3,6502,1163,18,10/01/2024,09/30/2025
55C0001002,SPENCER EYE SURGERY AND LASER CENTER,"2486 PONDEROSA DR. N., STE. D110",CAMARILLO,CA,93010,,(805) 987-2943,98,2,0,99,97,2,1,98,95,4,1,97,95,2,3,97,3,267,132,49,10/01/2024,09/30/2025
55C0001003,LYNN EYE SURGICENTER,2230 LYNN RD. #106,THOUSAND OAKS,CA,91360,,(805) 583-3950,94,5,1,97,88,10,2,93,78,18,4,92,77,18,5,90,3,947,290,31,10/01/2024,09/30/2025
55C0001006,WESTLAKE OPHTHALMOLOGY ASC LP,2900 TOWNSGATE RD #201,WESTLAKE VILLAGE,CA,91361,,(805) 853-3950,94,5,1,96,87,11,2,92,81,14,5,91,76,17,7,89,3,1019,293,29,10/01/2024,09/30/2025
55C0001016,EYE SURGERY CENTER OF THE DESERT,"72-301 COUNTRY CLUB DR, STE 101",RANCHO MIRAGE,CA,92270,,(760) 776-8100,97,2,1,98,92,6,2,95,90,8,2,95,86,9,5,93,3,511,232,45,10/01/2024,09/30/2025
55C0001023,NORTH COAST SURGERY CENTER LTD,3903 WARING RD.,OCEANSIDE,CA,92056,,(760) 940-0997,98,2,0,99,94,5,1,97,93,4,3,96,92,7,1,97,3,875,287,33,10/01/2024,09/30/2025
55C0001027,WASHINGTON OUTPATIENT SURGERY CENTER LLC,2299 MOWRY AVE.,FREMONT,CA,94538,,(510) 406-9731,97,3,0,99,91,8,1,95,89,10,1,95,91,9,0,97,3,500,150,30,10/01/2024,09/30/2025
55C0001028,THE SURGERY CENTER OF ALTA BATES SUMMIT MEDICAL CENTER LLC,3875 TELEGRAPH AVE,OAKLAND,CA,94609,,(510) 547-2244,98,2,0,99,92,7,1,95,87,11,2,95,86,12,2,94,3,3847,981,26,10/01/2024,09/30/2025
55C0001040,THE EYE SURGERY CENTER OF NORTHERN CALIFORNIA,5959 GREENBACK # 310,CITRUS HEIGHTS,CA,95621,,(916) 723-7400,96,3,1,98,89,8,3,93,85,13,2,94,84,14,2,94,3,713,223,31,10/01/2024,09/30/2025
55C0001044,LAKEWOOD EYE PHYSICIANS AND SURGEONS,3300 EAST SOUTH ST SUITE 105,LONG BEACH,CA,90805,,(562) 232-1450,95,4,1,97,92,6,2,95,79,12,9,92,80,19,1,93,"3,6",583,87,15,10/01/2024,09/30/2025
55C0001050,VALLEY LASER AND SURGERY CENTER INC,"36 W. YOKUTS AVE, STE 3",STOCKTON,CA,95207,,(209) 952-1189,95,4,1,97,88,10,2,93,80,18,2,93,81,17,2,93,"3,6",520,72,14,10/01/2024,09/30/2025
55C0001053,FREMONT AMBULATORY SURGERY CENTER LP,39350 CIVIC CENTER DR # 280,FREMONT,CA,94538,,(510) 456-4669,92,6,2,95,87,9,4,92,80,12,8,90,69,19,12,84,3,704,135,19,10/01/2024,09/30/2025
55C0001055,SAN FERNANDO VALLEY SURGERY CENTER,11550 INDIAN HILLS RD SUITE 160,MISSION HILLS,CA,91345,,(818) 256-2100,97,3,0,98,91,7,2,94,89,10,1,95,86,12,2,94,,1209,280,23,10/01/2024,09/30/2025
55C0001057,SAN LUIS OBISPO SURGERY CENTER,1304 ELLA ST SUITE C,SAN LUIS OBISPO,CA,93401,,(805) 544-7874,98,2,0,99,94,5,1,96,90,8,2,96,89,9,2,96,3,1428,594,42,10/01/2024,09/30/2025
55C0001061,PACIFIC EYE INSTITUTE,555 NORTH THIRTEENTH AVE,UPLAND,CA,91786,,(909) 982-8846,,,,,,,,,,,,,,,,,1,,,,,
55C0001075,ALVARADO EYE SURGERY CENTER LLC,201 S. ALVARDO ST. #718,LOS ANGELES,CA,90057,,(213) 483-0150,94,6,0,97,85,11,4,91,70,24,6,89,70,25,5,88,,1252,200,16,10/01/2024,09/30/2025
55C0001077,SONORA EYE SURGERY CTR,"940 SYLVA LANE, SUITE G",SONORA,CA,95370,,(209) 532-2020,97,3,0,99,91,8,1,95,88,11,1,95,91,8,1,97,3,575,180,31,10/01/2024,09/30/2025
55C0001080,ENCINO OUTPATIENT SURGERY CENTER LLC,"16311 VENTURA BLVD, STE. 580",ENCINO,CA,91436,,(818) 986-1037,97,3,0,98,91,6,3,94,91,6,3,94,88,8,4,94,3,859,117,14,10/01/2024,09/30/2025
55C0001083,SACRAMENTO MIDTOWN ENDOSCOPY CENTER,3941 J ST SUITE 460,SACRAMENTO,CA,95819,,(916) 733-6940,93,7,0,97,90,8,2,94,77,18,5,91,77,17,6,90,,1181,233,20,10/01/2024,09/30/2025
55C0001100,PALM VALLEY SURGICAL CENTER INC,72650 FRED WARING DRIVE SUITE 103,PALM DESERT,CA,92260,,(760) 810-7587,93,5,2,96,83,11,6,88,78,15,7,90,78,18,4,90,"3,6",608,92,16,10/01/2024,09/30/2025
55C0001103,ELITE SURGERY CENTER OF SOUTH BAY LLC,20528 HAWTHORNE BOULEVARD SUITE 301,TORRANCE,CA,90503,,(424) 344-5890,,,,,,,,,,,,,,,,,1,,,,,
55C0001105,PENINSULA SURGERY CENTER LLC,350 MARINE PARKWAY SUITE 100,REDWOOD CITY,CA,94065,,(650) 865-6400,98,2,0,99,95,4,1,97,96,4,0,98,95,4,1,98,,323,176,54,10/01/2024,09/30/2025
55C0001106,CONCOURSE DIAGNOSTIC SURGERY CENTER DBA CONCOURSE DIAGNOSTIC AND SURGERY CENTER,707 SOUTH GARFIELD AVENUE SUITE 101,ALHAMBRA,CA,91801,,(626) 872-0347,79,18,3,88,78,13,9,85,55,25,20,82,49,40,11,79,"3,6",779,72,9,10/01/2024,09/30/2025
55C0001107,DOCTORS OUTPATIENT CENTER FOR SURGERY,7435 STOCK RANCH ROAD,CITRUS HEIGHTS,CA,95621,,(972) 763-3859,98,2,0,99,93,6,1,96,94,4,2,96,90,7,3,95,,1255,314,25,10/01/2024,09/30/2025
55C0001108,UPLAND VASCULAR CENTER LLC,1317 WEST FOOTHILL BOULEVARD SUITE 110,UPLAND,CA,91786,,(909) 982-4040,,,,,,,,,,,,,,,,,1,,,,,
55C0001111,NATIONAL AMBULATORY SURGERY CENTER LLC,4005 MISSION OAKS BOULEVARD UNIT B,CAMARILLO,CA,93012,,(805) 275-0200,97,3,0,98,90,9,1,94,88,9,3,95,80,18,2,93,"3,6",490,88,18,10/01/2024,09/30/2025
55C0001116,NORCAL ORTHOPEDIC SURGERY CENTER LLC,100 PARK PLACE SUITE 110,SAN RAMON,CA,94583,,(925) 413-0407,97,3,0,99,94,5,1,96,90,9,1,95,83,16,1,93,3,605,147,24,10/01/2024,09/30/2025
55C0001118,EYELLIANCE VISION PARTNERS ASC LLC DBA PRECISION SURGERY CENTER OF NAPA VALLEY,800 TRANCAS STREET SUITE B,NAPA,CA,94558,,(707) 681-0356,98,2,0,99,92,6,2,95,92,6,2,96,92,7,1,97,3,584,178,30,10/01/2024,09/30/2025
55C0001120,NAADI MANTECA ASC,145 TREVINO AVENUE,MANTECA,CA,95337,,(209) 788-8180,94,5,1,97,90,6,4,93,81,16,3,93,82,13,5,92,"3,6",522,96,20,10/01/2024,09/30/2025
55C0001121,HNC LLC DBA KAIZEN SURGERY CENTER,576 NORTH MAGNOLIA AVENUE,CLOVIS,CA,93611,,(559) 242-2820,94,6,0,97,88,10,2,93,80,17,3,93,83,13,4,93,"3,6",559,68,12,10/01/2024,09/30/2025
55C0001122,SANTA ROSA SURGICAL SERVICES LLC,1739 4TH STREET,SANTA ROSA,CA,95404,,(707) 931-5599,97,3,0,99,92,7,1,96,88,11,1,95,83,13,4,92,3,965,292,30,10/01/2024,09/30/2025
55C0001123,EL SEGUNDO ENDOSCOPY CENTER LLC,2110 EAST EL SEGUNDO BOULEVARD SUITE 120,EL SEGUNDO,CA,90245,,(310) 375-1246,,,,,,,,,,,,,,,,,1,,,,,
55C0001124,ORTHOPEDIC ASSOCIATES ADVANCED SURGICAL AND AFTER CARE CENTER LLC,141 RALEY BOULEVARD SUITE 130,CHICO,CA,95928,,(530) 399-7000,98,2,0,99,95,4,1,97,93,6,1,97,94,5,1,98,3,864,322,37,10/01/2024,09/30/2025
55C0001125,THE REGENTS OF THE UNIVERSITY OF CALIFORNIA DBA UCLA DEPT OF MEDICINE,4343 LANKERSHIM BOULEVARD SUITE 210,NORTH HOLLYWOOD,CA,91602,,(818) 980-8258,96,4,0,98,92,7,1,95,90,8,2,94,83,13,4,93,3,951,149,16,10/01/2024,09/30/2025
55C0001126,VALHALLA SURGERY CENTER LLC,4472 BROAD STREET SUITE 150,SAN LUIS OBISPO,CA,93401,,(805) 215-1160,95,4,1,97,78,18,4,87,83,12,5,93,79,19,2,92,3,593,184,31,10/01/2024,09/30/2025
55C0001127,SURGICARE OF LA VETA LTD DBA NEWPORT COAST SURGICAL INSTITUTE,20360 SOUTHWEST BIRCH STREET SUITE 110,NEWPORT BEACH,CA,92660,,(949) 991-1080,95,4,1,97,88,9,3,93,87,10,3,93,85,12,3,93,3,877,204,23,10/01/2024,09/30/2025
55C0001129,FVC LONG BEACH ASC LLC DBA AZURA SURGERY CENTER LONG BEACH,16506 LAKEWOOD BOULEVARD SUITE 200,BELLFLOWER,CA,90706,,(562) 888-8961,97,3,0,99,90,8,2,94,88,9,3,94,81,15,4,91,3,2079,163,8,10/01/2024,09/30/2025
55C0001130,THE SAN FRANCISCO VEIN AND VASCULAR INSTITUTE LLC,1 DANIEL BURNHAM COURT SUITE 205C,SAN FRANCISCO,CA,94109,,(415) 221-7056,95,4,1,97,88,10,2,93,90,6,4,94,91,5,4,95,"3,10",138,39,28,10/01/2024,09/30/2025
55C0001131,APOLLO SURGERY CENTER LLC,43944 15TH STREET WEST SUITE 101,LANCASTER,CA,93534,,(661) 579-4700,95,4,1,97,84,11,5,89,87,9,4,92,78,21,1,92,"3,6",426,56,14,10/01/2024,09/30/2025
55C0001133,PRIME HEALTHCARE ASC NORTHRIDGE DBA PRIME HEALTHCARE SURGICAL CENTER OF THE VALLEY,19331 BUSINESS CENTER DRIVE SUITE 102,NORTHRIDGE,CA,91324,,(818) 709-5555,,,,,,,,,,,,,,,,,1,,,,,
55C0001142,OCVAC ASC LLC,12827 HARBOR BOULEVARD SUITE G1,GARDEN GROVE,CA,92840,,(714) 534-1680,94,6,0,97,83,12,5,89,84,13,3,94,81,15,4,91,3,1184,123,10,10/01/2024,09/30/2025
55C0001143,NORTH VALLEY SURGERY CENTER LLC,1720 BRUCE ROAD,CHICO,CA,95928,,(530) 287-9700,95,4,1,97,92,8,0,96,83,14,3,94,86,11,3,95,"3,6",583,85,15,10/01/2024,09/30/2025
55C0001146,COASTAL ASC LLC,6221 METROPOLITAN STREET SUITE 102,CARLSBAD,CA,92009,,(760) 607-1750,95,4,1,97,91,7,2,95,88,5,7,94,89,8,3,95,"3,6",369,88,24,10/01/2024,09/30/2025
55C0001147,EMPIRE VEIN & VASCULAR SPECIALISTS ASC LLC,72120 MAGNESIA FALLS DRIVE BUILDING C6-14,RANCHO MIRAGE,CA,92270,,(760) 568-3461,96,3,1,98,91,7,2,95,92,8,0,97,84,16,0,95,"3,10",131,25,20,10/01/2024,09/30/2025
55C0001152,GOLDEN STATE HEART & VASCULAR ASSOCIATES,1174 CASTRO STREET SUITE 200,MOUNTAIN VIEW,CA,94040,,(650) 691-9435,98,2,0,99,97,2,1,98,99,1,0,99,94,6,0,98,"3,6",490,68,14,10/01/2024,09/30/2025
55C0001153,HOAG ORTHOPEDIC INSTITUTE SURGERY CENTER BEVERLY HILLS LLC,9090 WILSHIRE BOULEVARD SUITE 102,BEVERLY HILLS,CA,90211,,(424) 324-3274,96,4,0,98,94,5,1,96,92,6,2,96,90,6,4,95,,530,175,33,10/01/2024,09/30/2025
55C0001155,LOMA LINDA SURGICAL INSTITUTE LLC,25915 BARTON ROAD SUITE 101,LOMA LINDA,CA,92354,,(714) 394-6465,97,2,1,98,90,8,2,94,94,6,0,98,91,8,1,97,3,993,197,21,10/01/2024,09/30/2025
55C0001157,SUTTER BAY MEDICAL FOUNDATION DBA SUTTER SAMARITAN SURGERY CENTER,2506 SAMARITAN COURT,SAN JOSE,CA,95124,,(408) 524-5770,99,0,1,99,93,6,1,96,96,3,1,95,87,11,2,95,3,778,153,20,10/01/2024,09/30/2025
55C0001160,ORTHOPEDIC SURGERY CENTER OF OC LLC DBA HOAG ORTHOPEDIC INSTITUTE SURGERY CENTER,15 MAREBLU SUITE 100,ALISO VIEJO,CA,92656,,(949) 517-3355,99,1,0,100,93,6,1,96,96,4,0,98,94,5,1,97,,899,367,41,10/01/2024,09/30/2025
55C0001161,THE REGENTS OF THE UNIVERSITY OF CALIFORNIA DBA UCLA DEPT OF MEDICINE,27235 TOURNEY ROAD SUITE 1100,VALENCIA,CA,91355,,(661) 254-8032,97,3,0,98,93,6,1,96,90,9,1,96,89,10,1,96,3,2058,375,18,10/01/2024,09/30/2025
55C0001167,CLOVIS ENDOSCOPY ASC LLC DBA CLOVIS ENDOSCOPY CENTER,501 NORTH MEDICAL CENTER DRIVE EAST SUITE 101,CLOVIS,CA,93611,,(559) 797-9290,99,1,0,99,91,7,2,94,97,2,1,98,92,4,4,96,3,284,126,44,10/01/2024,09/30/2025
55C0001169,SYNERGY SURGERY CENTER OF SAN DIEGO LLC,9095 RIO SAN DIEGO DRIVE SUITE 100,SAN DIEGO,CA,92108,,(619) 819-4524,98,2,0,99,94,5,1,97,93,6,1,96,94,5,1,98,3,655,113,17,10/01/2024,09/30/2025
55C0001170,FOOTHILL SURGICAL INSTITUTE LLC,29300 PORTOLA PARKWAY SUITE A,LAKE FOREST,CA,92630,,(949) 367-1006,95,4,1,97,93,3,4,95,89,9,2,95,82,16,2,93,"3,10",193,34,18,10/01/2024,09/30/2025
55C0001171,INTERVENTIONAL SPINE CENTER LLC,947 SOUTH ANAHEIM BOULEVARD SUITE 215,ANAHEIM,CA,92805,,(949) 588-7246,98,2,0,99,97,3,0,99,93,6,1,96,91,6,3,95,"3,6",372,75,20,10/01/2024,09/30/2025
55C0001172,VALLEY SURGICAL SUITES LLC,3365 SOLANO AVENUE,NAPA,CA,94558,,(707) 266-6878,95,4,1,97,93,6,1,96,87,10,3,95,86,11,3,94,3,584,219,38,10/01/2024,09/30/2025
55C0001186,KAISER FOUNDATION HOSPITALS DBA KAISER FOUNDATION HOSPITAL ASC ANTELOPE VALLEY,44301 LORIMER AVENUE,LANCASTER,CA,93534,,(661) 940-1112,98,2,0,99,95,5,0,97,93,7,0,97,91,8,1,96,3,901,215,24,10/01/2024,09/30/2025
