facility_id,measure_id,value,footnote,start_date,end_date
010001,MSPB-1,0.985183,,01/01/2024,12/31/2024
010005,MSPB-1,1.003681,,01/01/2024,12/31/2024
010006,MSPB-1,1.009876,,01/01/2024,12/31/2024
010007,MSPB-1,1.044282,,01/01/2024,12/31/2024
010008,MSPB-1,1.140340,,01/01/2024,12/31/2024
010011,MSPB-1,0.960166,29,01/01/2024,12/31/2024
010012,MSPB-1,0.987621,,01/01/2024,12/31/2024
010016,MSPB-1,1.018382,,01/01/2024,12/31/2024
010018,MSPB-1,N/A,1,01/01/2024,12/31/2024
010019,MSPB-1,1.099919,,01/01/2024,12/31/2024
010021,MSPB-1,0.990577,,01/01/2024,12/31/2024
010022,MSPB-1,0.972158,,01/01/2024,12/31/2024
010023,MSPB-1,1.005623,,01/01/2024,12/31/2024
010024,MSPB-1,1.023253,,01/01/2024,12/31/2024
010029,MSPB-1,0.956650,,01/01/2024,12/31/2024
010033,MSPB-1,0.968626,,01/01/2024,12/31/2024
010034,MSPB-1,0.982949,,01/01/2024,12/31/2024
010035,MSPB-1,0.991784,,01/01/2024,12/31/2024
010036,MSPB-1,0.953700,,01/01/2024,12/31/2024
010039,MSPB-1,1.025626,,01/01/2024,12/31/2024
010040,MSPB-1,1.070020,,01/01/2024,12/31/2024
010044,MSPB-1,1.074413,,01/01/2024,12/31/2024
010045,MSPB-1,0.925704,,01/01/2024,12/31/2024
010046,MSPB-1,0.972671,,01/01/2024,12/31/2024
010049,MSPB-1,0.907144,,01/01/2024,12/31/2024
010051,MSPB-1,N/A,1,01/01/2024,12/31/2024
010052,MSPB-1,0.784735,,01/01/2024,12/31/2024
010055,MSPB-1,1.007914,,01/01/2024,12/31/2024
010056,MSPB-1,0.945657,29,01/01/2024,12/31/2024
010058,MSPB-1,1.057921,,01/01/2024,12/31/2024
010059,MSPB-1,0.995021,,01/01/2024,12/31/2024
010061,MSPB-1,0.939053,,01/01/2024,12/31/2024
010062,MSPB-1,0.962947,,01/01/2024,12/31/2024
010065,MSPB-1,0.953565,,01/01/2024,12/31/2024
010073,MSPB-1,1.040918,,01/01/2024,12/31/2024
010078,MSPB-1,1.028102,,01/01/2024,12/31/2024
010079,MSPB-1,1.064001,,01/01/2024,12/31/2024
010083,MSPB-1,0.978640,,01/01/2024,12/31/2024
010085,MSPB-1,1.011574,,01/01/2024,12/31/2024
010086,MSPB-1,1.004102,,01/01/2024,12/31/2024
010087,MSPB-1,0.981172,,01/01/2024,12/31/2024
010089,MSPB-1,0.949427,,01/01/2024,12/31/2024
010090,MSPB-1,0.952353,,01/01/2024,12/31/2024
010091,MSPB-1,N/A,1,01/01/2024,12/31/2024
010092,MSPB-1,0.963285,,01/01/2024,12/31/2024
010095,MSPB-1,0.897038,,01/01/2024,12/31/2024
010097,MSPB-1,0.837991,,01/01/2024,12/31/2024
010099,MSPB-1,0.926512,,01/01/2024,12/31/2024
010100,MSPB-1,0.928414,,01/01/2024,12/31/2024
010101,MSPB-1,1.017571,,01/01/2024,12/31/2024
010103,MSPB-1,1.020680,,01/01/2024,12/31/2024
010104,MSPB-1,1.005174,,01/01/2024,12/31/2024
010108,MSPB-1,0.928857,,01/01/2024,12/31/2024
010112,MSPB-1,0.845641,,01/01/2024,12/31/2024
010113,MSPB-1,0.995465,,01/01/2024,12/31/2024
010114,MSPB-1,1.009222,,01/01/2024,12/31/2024
010118,MSPB-1,0.962315,,01/01/2024,12/31/2024
010120,MSPB-1,1.012742,,01/01/2024,12/31/2024
010125,MSPB-1,1.035821,,01/01/2024,12/31/2024
010126,MSPB-1,1.007184,,01/01/2024,12/31/2024
010128,MSPB-1,0.879221,,01/01/2024,12/31/2024
010129,MSPB-1,0.907834,,01/01/2024,12/31/2024
010130,MSPB-1,0.919573,29,01/01/2024,12/31/2024
010131,MSPB-1,0.993608,,01/01/2024,12/31/2024
010138,MSPB-1,N/A,1,01/01/2024,12/31/2024
010139,MSPB-1,1.086470,,01/01/2024,12/31/2024
010144,MSPB-1,1.004145,,01/01/2024,12/31/2024
010148,MSPB-1,0.930719,,01/01/2024,12/31/2024
010149,MSPB-1,0.964847,,01/01/2024,12/31/2024
010150,MSPB-1,0.956665,,01/01/2024,12/31/2024
010157,MSPB-1,0.971866,,01/01/2024,12/31/2024
010158,MSPB-1,1.307062,,01/01/2024,12/31/2024
010164,MSPB-1,0.933788,,01/01/2024,12/31/2024
010168,MSPB-1,0.979768,,01/01/2024,12/31/2024
010169,MSPB-1,1.008282,,01/01/2024,12/31/2024
010173,MSPB-1,N/A,1,01/01/2024,12/31/2024
020001,MSPB-1,0.951569,,01/01/2024,12/31/2024
020006,MSPB-1,0.818449,,01/01/2024,12/31/2024
020008,MSPB-1,0.813288,,01/01/2024,12/31/2024
020012,MSPB-1,0.792447,,01/01/2024,12/31/2024
020017,MSPB-1,0.884541,,01/01/2024,12/31/2024
020018,MSPB-1,0.661308,,01/01/2024,12/31/2024
020024,MSPB-1,0.826903,,01/01/2024,12/31/2024
020026,MSPB-1,0.875608,,01/01/2024,12/31/2024
030002,MSPB-1,1.000665,,01/01/2024,12/31/2024
030006,MSPB-1,1.036532,,01/01/2024,12/31/2024
030007,MSPB-1,0.994263,,01/01/2024,12/31/2024
030010,MSPB-1,0.984228,,01/01/2024,12/31/2024
030011,MSPB-1,1.071936,,01/01/2024,12/31/2024
030012,MSPB-1,0.990668,,01/01/2024,12/31/2024
030013,MSPB-1,1.041206,,01/01/2024,12/31/2024
030014,MSPB-1,0.983531,,01/01/2024,12/31/2024
030016,MSPB-1,0.929088,,01/01/2024,12/31/2024
030022,MSPB-1,1.116329,,01/01/2024,12/31/2024
030023,MSPB-1,1.053774,,01/01/2024,12/31/2024
030024,MSPB-1,1.028286,,01/01/2024,12/31/2024
030030,MSPB-1,1.081509,,01/01/2024,12/31/2024
030036,MSPB-1,1.042060,,01/01/2024,12/31/2024
030037,MSPB-1,1.088413,,01/01/2024,12/31/2024
030038,MSPB-1,1.018609,,01/01/2024,12/31/2024
030043,MSPB-1,1.030154,,01/01/2024,12/31/2024
030055,MSPB-1,0.875542,,01/01/2024,12/31/2024
030061,MSPB-1,0.991219,,01/01/2024,12/31/2024
030062,MSPB-1,0.919460,,01/01/2024,12/31/2024
030064,MSPB-1,1.000267,,01/01/2024,12/31/2024
030065,MSPB-1,1.042658,,01/01/2024,12/31/2024
030069,MSPB-1,0.952761,,01/01/2024,12/31/2024
030071,MSPB-1,0.719499,,01/01/2024,12/31/2024
030073,MSPB-1,0.794793,,01/01/2024,12/31/2024
030074,MSPB-1,N/A,1,01/01/2024,12/31/2024
030078,MSPB-1,0.829569,,01/01/2024,12/31/2024
030083,MSPB-1,0.966749,,01/01/2024,12/31/2024
030084,MSPB-1,0.624033,,01/01/2024,12/31/2024
030085,MSPB-1,1.011904,,01/01/2024,12/31/2024
030087,MSPB-1,0.990084,,01/01/2024,12/31/2024
030088,MSPB-1,1.007676,,01/01/2024,12/31/2024
030089,MSPB-1,1.048839,,01/01/2024,12/31/2024
030092,MSPB-1,1.021009,,01/01/2024,12/31/2024
030093,MSPB-1,0.962239,,01/01/2024,12/31/2024
030094,MSPB-1,1.019812,,01/01/2024,12/31/2024
030101,MSPB-1,0.901289,,01/01/2024,12/31/2024
030103,MSPB-1,0.936661,,01/01/2024,12/31/2024
030105,MSPB-1,1.003892,,01/01/2024,12/31/2024
030107,MSPB-1,0.848901,,01/01/2024,12/31/2024
030108,MSPB-1,0.957479,,01/01/2024,12/31/2024
030110,MSPB-1,1.019896,,01/01/2024,12/31/2024
030111,MSPB-1,0.943240,,01/01/2024,12/31/2024
030112,MSPB-1,0.953431,,01/01/2024,12/31/2024
030113,MSPB-1,0.711699,,01/01/2024,12/31/2024
030114,MSPB-1,0.953548,,01/01/2024,12/31/2024
030115,MSPB-1,0.972725,,01/01/2024,12/31/2024
030117,MSPB-1,0.856544,,01/01/2024,12/31/2024
030119,MSPB-1,1.030456,,01/01/2024,12/31/2024
030121,MSPB-1,0.964770,,01/01/2024,12/31/2024
030122,MSPB-1,0.993500,,01/01/2024,12/31/2024
030123,MSPB-1,0.944333,,01/01/2024,12/31/2024
030130,MSPB-1,0.905759,,01/01/2024,12/31/2024
030134,MSPB-1,0.775641,,01/01/2024,12/31/2024
030136,MSPB-1,0.838069,,01/01/2024,12/31/2024
030138,MSPB-1,1.089637,,01/01/2024,12/31/2024
030139,MSPB-1,0.936676,,01/01/2024,12/31/2024
030146,MSPB-1,0.958216,,01/01/2024,12/31/2024
030147,MSPB-1,1.000416,,01/01/2024,12/31/2024
030148,MSPB-1,0.910263,,01/01/2024,12/31/2024
030152,MSPB-1,0.735891,,01/01/2024,12/31/2024
030153,MSPB-1,N/A,1,01/01/2024,12/31/2024
030154,MSPB-1,0.982504,,01/01/2024,12/31/2024
030155,MSPB-1,N/A,1,01/01/2024,12/31/2024
040001,MSPB-1,0.930834,,01/01/2024,12/31/2024
040002,MSPB-1,1.124833,,01/01/2024,12/31/2024
040004,MSPB-1,1.035397,,01/01/2024,12/31/2024
040007,MSPB-1,1.061998,,01/01/2024,12/31/2024
040010,MSPB-1,1.022445,,01/01/2024,12/31/2024
040011,MSPB-1,0.845600,,01/01/2024,12/31/2024
040014,MSPB-1,1.042834,,01/01/2024,12/31/2024
040016,MSPB-1,0.982018,,01/01/2024,12/31/2024
040017,MSPB-1,1.025115,,01/01/2024,12/31/2024
040018,MSPB-1,N/A,1,01/01/2024,12/31/2024
040019,MSPB-1,0.969501,,01/01/2024,12/31/2024
040020,MSPB-1,1.057786,,01/01/2024,12/31/2024
040022,MSPB-1,1.006779,,01/01/2024,12/31/2024
040026,MSPB-1,1.105188,,01/01/2024,12/31/2024
040027,MSPB-1,0.994297,,01/01/2024,12/31/2024
040029,MSPB-1,1.033192,,01/01/2024,12/31/2024
040036,MSPB-1,1.053887,,01/01/2024,12/31/2024
040039,MSPB-1,1.123530,,01/01/2024,12/31/2024
040041,MSPB-1,1.043180,,01/01/2024,12/31/2024
040050,MSPB-1,1.043269,,01/01/2024,12/31/2024
040051,MSPB-1,1.002629,,01/01/2024,12/31/2024
040055,MSPB-1,1.007464,,01/01/2024,12/31/2024
040062,MSPB-1,1.073257,,01/01/2024,12/31/2024
040067,MSPB-1,1.158048,,01/01/2024,12/31/2024
040069,MSPB-1,1.163764,,01/01/2024,12/31/2024
040071,MSPB-1,1.096407,,01/01/2024,12/31/2024
040072,MSPB-1,0.976296,,01/01/2024,12/31/2024
040076,MSPB-1,1.010097,,01/01/2024,12/31/2024
040078,MSPB-1,1.178174,,01/01/2024,12/31/2024
040084,MSPB-1,1.008176,,01/01/2024,12/31/2024
040088,MSPB-1,1.102475,,01/01/2024,12/31/2024
040114,MSPB-1,1.091877,,01/01/2024,12/31/2024
040118,MSPB-1,1.009848,,01/01/2024,12/31/2024
040119,MSPB-1,0.991929,,01/01/2024,12/31/2024
040134,MSPB-1,0.936721,,01/01/2024,12/31/2024
040137,MSPB-1,1.110306,,01/01/2024,12/31/2024
040147,MSPB-1,0.912927,,01/01/2024,12/31/2024
040153,MSPB-1,1.174955,,01/01/2024,12/31/2024
040154,MSPB-1,1.080483,,01/01/2024,12/31/2024
040156,MSPB-1,0.954977,,01/01/2024,12/31/2024
040161,MSPB-1,0.987188,,01/01/2024,12/31/2024
040164,MSPB-1,0.821937,,01/01/2024,12/31/2024
050002,MSPB-1,1.120877,,01/01/2024,12/31/2024
050006,MSPB-1,0.961822,,01/01/2024,12/31/2024
050007,MSPB-1,0.969980,,01/01/2024,12/31/2024
050008,MSPB-1,0.987620,,01/01/2024,12/31/2024
050009,MSPB-1,0.980383,,01/01/2024,12/31/2024
050013,MSPB-1,1.039660,,01/01/2024,12/31/2024
050014,MSPB-1,0.961164,,01/01/2024,12/31/2024
050017,MSPB-1,1.004043,,01/01/2024,12/31/2024
050022,MSPB-1,1.121934,,01/01/2024,12/31/2024
050024,MSPB-1,1.069728,,01/01/2024,12/31/2024
050025,MSPB-1,0.990076,,01/01/2024,12/31/2024
050026,MSPB-1,1.077011,,01/01/2024,12/31/2024
050028,MSPB-1,0.907021,,01/01/2024,12/31/2024
050030,MSPB-1,0.879148,,01/01/2024,12/31/2024
050036,MSPB-1,1.053897,,01/01/2024,12/31/2024
050038,MSPB-1,1.050383,,01/01/2024,12/31/2024
050039,MSPB-1,0.989453,,01/01/2024,12/31/2024
050040,MSPB-1,0.833633,,01/01/2024,12/31/2024
050042,MSPB-1,0.947800,,01/01/2024,12/31/2024
050043,MSPB-1,1.007919,,01/01/2024,12/31/2024
050045,MSPB-1,0.965063,,01/01/2024,12/31/2024
050047,MSPB-1,0.946303,,01/01/2024,12/31/2024
050054,MSPB-1,1.071002,,01/01/2024,12/31/2024
050055,MSPB-1,0.925962,,01/01/2024,12/31/2024
050056,MSPB-1,1.071380,,01/01/2024,12/31/2024
050057,MSPB-1,1.024806,,01/01/2024,12/31/2024
050058,MSPB-1,1.113103,,01/01/2024,12/31/2024
050060,MSPB-1,1.006035,,01/01/2024,12/31/2024
050063,MSPB-1,1.176655,,01/01/2024,12/31/2024
050067,MSPB-1,0.827078,,01/01/2024,12/31/2024
050069,MSPB-1,1.000694,,01/01/2024,12/31/2024
050070,MSPB-1,0.851097,,01/01/2024,12/31/2024
050071,MSPB-1,1.008519,,01/01/2024,12/31/2024
050072,MSPB-1,0.879840,,01/01/2024,12/31/2024
050073,MSPB-1,0.868594,,01/01/2024,12/31/2024
050075,MSPB-1,0.943071,,01/01/2024,12/31/2024
050076,MSPB-1,0.856735,,01/01/2024,12/31/2024
050077,MSPB-1,1.042754,,01/01/2024,12/31/2024
050078,MSPB-1,0.977394,,01/01/2024,12/31/2024
050082,MSPB-1,1.016506,,01/01/2024,12/31/2024
050084,MSPB-1,0.994819,,01/01/2024,12/31/2024
050089,MSPB-1,1.155777,,01/01/2024,12/31/2024
050090,MSPB-1,1.011496,,01/01/2024,12/31/2024
050091,MSPB-1,1.078970,,01/01/2024,12/31/2024
050093,MSPB-1,0.992630,,01/01/2024,12/31/2024
050099,MSPB-1,1.062539,,01/01/2024,12/31/2024
050100,MSPB-1,0.995689,,01/01/2024,12/31/2024
050101,MSPB-1,1.032134,,01/01/2024,12/31/2024
050102,MSPB-1,1.428968,,01/01/2024,12/31/2024
050103,MSPB-1,1.095927,,01/01/2024,12/31/2024
050104,MSPB-1,1.106696,,01/01/2024,12/31/2024
050107,MSPB-1,0.942417,,01/01/2024,12/31/2024
050108,MSPB-1,1.002448,,01/01/2024,12/31/2024
050110,MSPB-1,0.999705,,01/01/2024,12/31/2024
050112,MSPB-1,1.012479,,01/01/2024,12/31/2024
050113,MSPB-1,0.913797,,01/01/2024,12/31/2024
050115,MSPB-1,1.115051,,01/01/2024,12/31/2024
050116,MSPB-1,1.091210,,01/01/2024,12/31/2024
050118,MSPB-1,1.060251,,01/01/2024,12/31/2024
050121,MSPB-1,0.989881,,01/01/2024,12/31/2024
050122,MSPB-1,1.052173,,01/01/2024,12/31/2024
050124,MSPB-1,0.994593,,01/01/2024,12/31/2024
050125,MSPB-1,0.992614,,01/01/2024,12/31/2024
050126,MSPB-1,1.157501,,01/01/2024,12/31/2024
050127,MSPB-1,0.889460,,01/01/2024,12/31/2024
050128,MSPB-1,1.039329,,01/01/2024,12/31/2024
050129,MSPB-1,1.047291,,01/01/2024,12/31/2024
050131,MSPB-1,0.926197,,01/01/2024,12/31/2024
050132,MSPB-1,1.214377,,01/01/2024,12/31/2024
050133,MSPB-1,0.977126,,01/01/2024,12/31/2024
050135,MSPB-1,1.351409,,01/01/2024,12/31/2024
050136,MSPB-1,0.973917,,01/01/2024,12/31/2024
050137,MSPB-1,0.911591,,01/01/2024,12/31/2024
050138,MSPB-1,0.896746,,01/01/2024,12/31/2024
050139,MSPB-1,0.882986,,01/01/2024,12/31/2024
050140,MSPB-1,0.931158,,01/01/2024,12/31/2024
050145,MSPB-1,0.943868,,01/01/2024,12/31/2024
050149,MSPB-1,1.047498,,01/01/2024,12/31/2024
050150,MSPB-1,0.966669,,01/01/2024,12/31/2024
050152,MSPB-1,1.094027,,01/01/2024,12/31/2024
050158,MSPB-1,1.256122,,01/01/2024,12/31/2024
050159,MSPB-1,0.999124,,01/01/2024,12/31/2024
050167,MSPB-1,1.013217,,01/01/2024,12/31/2024
050168,MSPB-1,1.055959,,01/01/2024,12/31/2024
050169,MSPB-1,0.959463,,01/01/2024,12/31/2024
050174,MSPB-1,1.037410,,01/01/2024,12/31/2024
050179,MSPB-1,0.952353,,01/01/2024,12/31/2024
050180,MSPB-1,1.022702,,01/01/2024,12/31/2024
050191,MSPB-1,1.101675,,01/01/2024,12/31/2024
050192,MSPB-1,1.062203,,01/01/2024,12/31/2024
050194,MSPB-1,0.962934,,01/01/2024,12/31/2024
050195,MSPB-1,0.989174,,01/01/2024,12/31/2024
050197,MSPB-1,0.942689,,01/01/2024,12/31/2024
050204,MSPB-1,1.057395,,01/01/2024,12/31/2024
050211,MSPB-1,0.961860,,01/01/2024,12/31/2024
050222,MSPB-1,0.940501,,01/01/2024,12/31/2024
050224,MSPB-1,1.020183,,01/01/2024,12/31/2024
050226,MSPB-1,1.076393,,01/01/2024,12/31/2024
050228,MSPB-1,0.907771,,01/01/2024,12/31/2024
050230,MSPB-1,1.173812,,01/01/2024,12/31/2024
050231,MSPB-1,0.991958,,01/01/2024,12/31/2024
050232,MSPB-1,0.925470,,01/01/2024,12/31/2024
050234,MSPB-1,0.850089,,01/01/2024,12/31/2024
050235,MSPB-1,1.014203,,01/01/2024,12/31/2024
050236,MSPB-1,1.002352,,01/01/2024,12/31/2024
050238,MSPB-1,1.130393,,01/01/2024,12/31/2024
050239,MSPB-1,1.086025,,01/01/2024,12/31/2024
050242,MSPB-1,0.997551,,01/01/2024,12/31/2024
050243,MSPB-1,1.041916,,01/01/2024,12/31/2024
050245,MSPB-1,1.017185,,01/01/2024,12/31/2024
050248,MSPB-1,1.040691,,01/01/2024,12/31/2024
050254,MSPB-1,0.947312,,01/01/2024,12/31/2024
050257,MSPB-1,1.420489,,01/01/2024,12/31/2024
050261,MSPB-1,1.017732,,01/01/2024,12/31/2024
050262,MSPB-1,0.994904,,01/01/2024,12/31/2024
050272,MSPB-1,1.048143,,01/01/2024,12/31/2024
050276,MSPB-1,0.960871,,01/01/2024,12/31/2024
050278,MSPB-1,1.013140,,01/01/2024,12/31/2024
050279,MSPB-1,0.917095,,01/01/2024,12/31/2024
050280,MSPB-1,1.027178,,01/01/2024,12/31/2024
050281,MSPB-1,1.182941,,01/01/2024,12/31/2024
050283,MSPB-1,1.010857,,01/01/2024,12/31/2024
050289,MSPB-1,1.008814,,01/01/2024,12/31/2024
050290,MSPB-1,1.022275,,01/01/2024,12/31/2024
050291,MSPB-1,0.957568,,01/01/2024,12/31/2024
050292,MSPB-1,1.049696,,01/01/2024,12/31/2024
050295,MSPB-1,1.040802,,01/01/2024,12/31/2024
050298,MSPB-1,1.044393,,01/01/2024,12/31/2024
050300,MSPB-1,0.985331,,01/01/2024,12/31/2024
050301,MSPB-1,0.946847,,01/01/2024,12/31/2024
050305,MSPB-1,0.973333,,01/01/2024,12/31/2024
050308,MSPB-1,1.006080,,01/01/2024,12/31/2024
050309,MSPB-1,0.948595,,01/01/2024,12/31/2024
050313,MSPB-1,0.975446,,01/01/2024,12/31/2024
050315,MSPB-1,0.979245,,01/01/2024,12/31/2024
050320,MSPB-1,1.004548,,01/01/2024,12/31/2024
050324,MSPB-1,0.966142,,01/01/2024,12/31/2024
050327,MSPB-1,0.993294,,01/01/2024,12/31/2024
050329,MSPB-1,1.040333,,01/01/2024,12/31/2024
050334,MSPB-1,0.981525,,01/01/2024,12/31/2024
050335,MSPB-1,0.907713,,01/01/2024,12/31/2024
050336,MSPB-1,1.002080,,01/01/2024,12/31/2024
050342,MSPB-1,0.871798,,01/01/2024,12/31/2024
050348,MSPB-1,1.018453,,01/01/2024,12/31/2024
050351,MSPB-1,0.935292,,01/01/2024,12/31/2024
050352,MSPB-1,0.869311,,01/01/2024,12/31/2024
050353,MSPB-1,0.972986,,01/01/2024,12/31/2024
050357,MSPB-1,1.005431,,01/01/2024,12/31/2024
050360,MSPB-1,0.979058,,01/01/2024,12/31/2024
050367,MSPB-1,0.943835,,01/01/2024,12/31/2024
050373,MSPB-1,0.881936,,01/01/2024,12/31/2024
050376,MSPB-1,0.892931,,01/01/2024,12/31/2024
050378,MSPB-1,1.308470,,01/01/2024,12/31/2024
050380,MSPB-1,1.021802,,01/01/2024,12/31/2024
050382,MSPB-1,1.178576,,01/01/2024,12/31/2024
050390,MSPB-1,1.087776,,01/01/2024,12/31/2024
050393,MSPB-1,0.985106,,01/01/2024,12/31/2024
050394,MSPB-1,1.012195,,01/01/2024,12/31/2024
050396,MSPB-1,1.008127,,01/01/2024,12/31/2024
050407,MSPB-1,0.904581,,01/01/2024,12/31/2024
050411,MSPB-1,0.987764,,01/01/2024,12/31/2024
050414,MSPB-1,0.937560,,01/01/2024,12/31/2024
050417,MSPB-1,0.919995,,01/01/2024,12/31/2024
050424,MSPB-1,0.918249,,01/01/2024,12/31/2024
050425,MSPB-1,0.975987,,01/01/2024,12/31/2024
050426,MSPB-1,1.234058,,01/01/2024,12/31/2024
050438,MSPB-1,1.029770,,01/01/2024,12/31/2024
050441,MSPB-1,0.984461,,01/01/2024,12/31/2024
050444,MSPB-1,0.946451,,01/01/2024,12/31/2024
050454,MSPB-1,0.961999,,01/01/2024,12/31/2024
050455,MSPB-1,1.088488,,01/01/2024,12/31/2024
050457,MSPB-1,0.992929,,01/01/2024,12/31/2024
050464,MSPB-1,1.030687,,01/01/2024,12/31/2024
050468,MSPB-1,1.097088,,01/01/2024,12/31/2024
050471,MSPB-1,1.178625,,01/01/2024,12/31/2024
050481,MSPB-1,1.088221,,01/01/2024,12/31/2024
050485,MSPB-1,1.111783,,01/01/2024,12/31/2024
050488,MSPB-1,1.071654,,01/01/2024,12/31/2024
050492,MSPB-1,1.045039,,01/01/2024,12/31/2024
050496,MSPB-1,0.974018,,01/01/2024,12/31/2024
050498,MSPB-1,0.917002,,01/01/2024,12/31/2024
050503,MSPB-1,0.939340,,01/01/2024,12/31/2024
050506,MSPB-1,0.981807,,01/01/2024,12/31/2024
050510,MSPB-1,0.900310,,01/01/2024,12/31/2024
050512,MSPB-1,0.860123,,01/01/2024,12/31/2024
050515,MSPB-1,0.865892,,01/01/2024,12/31/2024
050516,MSPB-1,0.988069,,01/01/2024,12/31/2024
050517,MSPB-1,1.202366,,01/01/2024,12/31/2024
050523,MSPB-1,0.983756,,01/01/2024,12/31/2024
050526,MSPB-1,1.246405,,01/01/2024,12/31/2024
050528,MSPB-1,0.997097,,01/01/2024,12/31/2024
050534,MSPB-1,0.968616,,01/01/2024,12/31/2024
050537,MSPB-1,0.895519,,01/01/2024,12/31/2024
050541,MSPB-1,0.911258,,01/01/2024,12/31/2024
050543,MSPB-1,1.126391,,01/01/2024,12/31/2024
050546,MSPB-1,N/A,1,01/01/2024,12/31/2024
050549,MSPB-1,1.017307,,01/01/2024,12/31/2024
050551,MSPB-1,1.027236,,01/01/2024,12/31/2024
050557,MSPB-1,0.959113,,01/01/2024,12/31/2024
050561,MSPB-1,1.019986,,01/01/2024,12/31/2024
050567,MSPB-1,1.000811,,01/01/2024,12/31/2024
050570,MSPB-1,1.111787,,01/01/2024,12/31/2024
050573,MSPB-1,0.998756,,01/01/2024,12/31/2024
050580,MSPB-1,1.180198,,01/01/2024,12/31/2024
050581,MSPB-1,1.163832,,01/01/2024,12/31/2024
050586,MSPB-1,1.027494,,01/01/2024,12/31/2024
050588,MSPB-1,1.140566,,01/01/2024,12/31/2024
050589,MSPB-1,1.100734,,01/01/2024,12/31/2024
050590,MSPB-1,0.944160,,01/01/2024,12/31/2024
050597,MSPB-1,1.156162,,01/01/2024,12/31/2024
050599,MSPB-1,0.999499,,01/01/2024,12/31/2024
050603,MSPB-1,1.057858,,01/01/2024,12/31/2024
050604,MSPB-1,0.912388,,01/01/2024,12/31/2024
050608,MSPB-1,0.959359,,01/01/2024,12/31/2024
050609,MSPB-1,0.842965,,01/01/2024,12/31/2024
050624,MSPB-1,1.019337,,01/01/2024,12/31/2024
050625,MSPB-1,1.043478,,01/01/2024,12/31/2024
050633,MSPB-1,0.961128,,01/01/2024,12/31/2024
050636,MSPB-1,1.061574,,01/01/2024,12/31/2024
050641,MSPB-1,1.192227,,01/01/2024,12/31/2024
050663,MSPB-1,1.378816,,01/01/2024,12/31/2024
050668,MSPB-1,0.574733,,01/01/2024,12/31/2024
050674,MSPB-1,0.969082,,01/01/2024,12/31/2024
050677,MSPB-1,0.986048,,01/01/2024,12/31/2024
050678,MSPB-1,1.047826,,01/01/2024,12/31/2024
050684,MSPB-1,1.129194,,01/01/2024,12/31/2024
050686,MSPB-1,0.971164,,01/01/2024,12/31/2024
050689,MSPB-1,0.965784,,01/01/2024,12/31/2024
050690,MSPB-1,0.880344,,01/01/2024,12/31/2024
050696,MSPB-1,0.970383,,01/01/2024,12/31/2024
050697,MSPB-1,N/A,1,01/01/2024,12/31/2024
050701,MSPB-1,1.017830,,01/01/2024,12/31/2024
050704,MSPB-1,1.309335,,01/01/2024,12/31/2024
050708,MSPB-1,0.983906,,01/01/2024,12/31/2024
050709,MSPB-1,0.926733,,01/01/2024,12/31/2024
050710,MSPB-1,0.842127,,01/01/2024,12/31/2024
050714,MSPB-1,0.855216,,01/01/2024,12/31/2024
050717,MSPB-1,1.033174,,01/01/2024,12/31/2024
050723,MSPB-1,0.997970,,01/01/2024,12/31/2024
050726,MSPB-1,N/A,1,01/01/2024,12/31/2024
050735,MSPB-1,1.335399,,01/01/2024,12/31/2024
050736,MSPB-1,1.045780,,01/01/2024,12/31/2024
050737,MSPB-1,1.160636,,01/01/2024,12/31/2024
050738,MSPB-1,1.429597,,01/01/2024,12/31/2024
050739,MSPB-1,1.088664,,01/01/2024,12/31/2024
050740,MSPB-1,1.043382,,01/01/2024,12/31/2024
050744,MSPB-1,1.235897,,01/01/2024,12/31/2024
050745,MSPB-1,1.422432,,01/01/2024,12/31/2024
050746,MSPB-1,1.045298,,01/01/2024,12/31/2024
050747,MSPB-1,1.404241,,01/01/2024,12/31/2024
050748,MSPB-1,1.042466,,01/01/2024,12/31/2024
050755,MSPB-1,1.186165,,01/01/2024,12/31/2024
050758,MSPB-1,1.225004,,01/01/2024,12/31/2024
050760,MSPB-1,0.966778,,01/01/2024,12/31/2024
050761,MSPB-1,1.041812,,01/01/2024,12/31/2024
050763,MSPB-1,1.288944,,01/01/2024,12/31/2024
050764,MSPB-1,0.949143,,01/01/2024,12/31/2024
050765,MSPB-1,N/A,1,01/01/2024,12/31/2024
050766,MSPB-1,0.998828,,01/01/2024,12/31/2024
050767,MSPB-1,0.858541,,01/01/2024,12/31/2024
050769,MSPB-1,0.875428,,01/01/2024,12/31/2024
050770,MSPB-1,1.065751,,01/01/2024,12/31/2024
050771,MSPB-1,1.346500,,01/01/2024,12/31/2024
050772,MSPB-1,0.844670,,01/01/2024,12/31/2024
050775,MSPB-1,1.042839,,01/01/2024,12/31/2024
050776,MSPB-1,1.355330,,01/01/2024,12/31/2024
050777,MSPB-1,1.015155,,01/01/2024,12/31/2024
050778,MSPB-1,N/A,1,01/01/2024,12/31/2024
050779,MSPB-1,0.947906,,01/01/2024,12/31/2024
050780,MSPB-1,1.417005,,01/01/2024,12/31/2024
050782,MSPB-1,1.114883,,01/01/2024,12/31/2024
050783,MSPB-1,0.990993,,01/01/2024,12/31/2024
050784,MSPB-1,1.021132,,01/01/2024,12/31/2024
050785,MSPB-1,0.811789,,01/01/2024,12/31/2024
050854,MSPB-1,1.029643,,01/01/2024,12/31/2024
050855,MSPB-1,0.888939,,01/01/2024,12/31/2024
060001,MSPB-1,1.076866,,01/01/2024,12/31/2024
060003,MSPB-1,0.998036,,01/01/2024,12/31/2024
060004,MSPB-1,1.076103,,01/01/2024,12/31/2024
060006,MSPB-1,0.955352,,01/01/2024,12/31/2024
060008,MSPB-1,1.109803,,01/01/2024,12/31/2024
060009,MSPB-1,0.989134,,01/01/2024,12/31/2024
060010,MSPB-1,0.980151,,01/01/2024,12/31/2024
060011,MSPB-1,0.888149,,01/01/2024,12/31/2024
060012,MSPB-1,0.912562,,01/01/2024,12/31/2024
060013,MSPB-1,0.896473,,01/01/2024,12/31/2024
060014,MSPB-1,1.013989,,01/01/2024,12/31/2024
060015,MSPB-1,1.040144,,01/01/2024,12/31/2024
060020,MSPB-1,1.002614,,01/01/2024,12/31/2024
060022,MSPB-1,0.998676,,01/01/2024,12/31/2024
060023,MSPB-1,1.037654,,01/01/2024,12/31/2024
060024,MSPB-1,0.958170,,01/01/2024,12/31/2024
060027,MSPB-1,0.919459,,01/01/2024,12/31/2024
060028,MSPB-1,0.964156,,01/01/2024,12/31/2024
060030,MSPB-1,0.985982,,01/01/2024,12/31/2024
060031,MSPB-1,1.003061,,01/01/2024,12/31/2024
060032,MSPB-1,1.021318,,01/01/2024,12/31/2024
060034,MSPB-1,1.079134,,01/01/2024,12/31/2024
060044,MSPB-1,0.960682,,01/01/2024,12/31/2024
060049,MSPB-1,0.824832,,01/01/2024,12/31/2024
060054,MSPB-1,0.966628,,01/01/2024,12/31/2024
060064,MSPB-1,0.933719,,01/01/2024,12/31/2024
060065,MSPB-1,1.012587,,01/01/2024,12/31/2024
060071,MSPB-1,0.956297,,01/01/2024,12/31/2024
060075,MSPB-1,0.995631,,01/01/2024,12/31/2024
060076,MSPB-1,0.905015,,01/01/2024,12/31/2024
060096,MSPB-1,0.902614,,01/01/2024,12/31/2024
060100,MSPB-1,1.005161,,01/01/2024,12/31/2024
060103,MSPB-1,0.955390,,01/01/2024,12/31/2024
060104,MSPB-1,0.983823,,01/01/2024,12/31/2024
060107,MSPB-1,N/A,1,01/01/2024,12/31/2024
060112,MSPB-1,1.035340,,01/01/2024,12/31/2024
060113,MSPB-1,0.995366,,01/01/2024,12/31/2024
060114,MSPB-1,0.913032,,01/01/2024,12/31/2024
060116,MSPB-1,0.995804,,01/01/2024,12/31/2024
060117,MSPB-1,0.761431,,01/01/2024,12/31/2024
060118,MSPB-1,0.848000,,01/01/2024,12/31/2024
060119,MSPB-1,1.013617,,01/01/2024,12/31/2024
060124,MSPB-1,0.917024,,01/01/2024,12/31/2024
060125,MSPB-1,0.923338,,01/01/2024,12/31/2024
060126,MSPB-1,0.845783,,01/01/2024,12/31/2024
060128,MSPB-1,0.981607,,01/01/2024,12/31/2024
060129,MSPB-1,0.908112,,01/01/2024,12/31/2024
060130,MSPB-1,0.861857,,01/01/2024,12/31/2024
060131,MSPB-1,1.045205,,01/01/2024,12/31/2024
060132,MSPB-1,0.970864,,01/01/2024,12/31/2024
060133,MSPB-1,0.882517,,01/01/2024,12/31/2024
070002,MSPB-1,1.049713,,01/01/2024,12/31/2024
070003,MSPB-1,1.071993,,01/01/2024,12/31/2024
070004,MSPB-1,0.918992,,01/01/2024,12/31/2024
070005,MSPB-1,1.034848,,01/01/2024,12/31/2024
070006,MSPB-1,0.996315,,01/01/2024,12/31/2024
070007,MSPB-1,0.969216,,01/01/2024,12/31/2024
070008,MSPB-1,0.977461,,01/01/2024,12/31/2024
070010,MSPB-1,0.994638,,01/01/2024,12/31/2024
070011,MSPB-1,0.960482,,01/01/2024,12/31/2024
070016,MSPB-1,1.021217,,01/01/2024,12/31/2024
070017,MSPB-1,1.015846,,01/01/2024,12/31/2024
070018,MSPB-1,0.943338,,01/01/2024,12/31/2024
070020,MSPB-1,0.953139,,01/01/2024,12/31/2024
070021,MSPB-1,0.935120,,01/01/2024,12/31/2024
070022,MSPB-1,0.993788,,01/01/2024,12/31/2024
070024,MSPB-1,0.967211,,01/01/2024,12/31/2024
070025,MSPB-1,1.024708,,01/01/2024,12/31/2024
070027,MSPB-1,0.980905,,01/01/2024,12/31/2024
070028,MSPB-1,1.028056,,01/01/2024,12/31/2024
070029,MSPB-1,1.056140,,01/01/2024,12/31/2024
070031,MSPB-1,0.944680,,01/01/2024,12/31/2024
070033,MSPB-1,1.015774,,01/01/2024,12/31/2024
070034,MSPB-1,0.996978,,01/01/2024,12/31/2024
070035,MSPB-1,1.032474,,01/01/2024,12/31/2024
070036,MSPB-1,0.993569,,01/01/2024,12/31/2024
080001,MSPB-1,1.035208,,01/01/2024,12/31/2024
080003,MSPB-1,0.977134,,01/01/2024,12/31/2024
080004,MSPB-1,1.042823,,01/01/2024,12/31/2024
080006,MSPB-1,1.023367,,01/01/2024,12/31/2024
080007,MSPB-1,0.999491,,01/01/2024,12/31/2024
080009,MSPB-1,1.007611,,01/01/2024,12/31/2024
090001,MSPB-1,0.977784,,01/01/2024,12/31/2024
090003,MSPB-1,0.977559,,01/01/2024,12/31/2024
090004,MSPB-1,1.002065,,01/01/2024,12/31/2024
090005,MSPB-1,0.962449,,01/01/2024,12/31/2024
090008,MSPB-1,1.038016,,01/01/2024,12/31/2024
090011,MSPB-1,1.020347,,01/01/2024,12/31/2024
100001,MSPB-1,0.947702,,01/01/2024,12/31/2024
100002,MSPB-1,1.022923,,01/01/2024,12/31/2024
100006,MSPB-1,0.999572,,01/01/2024,12/31/2024
100007,MSPB-1,0.994859,,01/01/2024,12/31/2024
100008,MSPB-1,1.017849,,01/01/2024,12/31/2024
100012,MSPB-1,0.945930,,01/01/2024,12/31/2024
100014,MSPB-1,0.972380,,01/01/2024,12/31/2024
100017,MSPB-1,1.026982,,01/01/2024,12/31/2024
100018,MSPB-1,1.024455,,01/01/2024,12/31/2024
100019,MSPB-1,1.075123,,01/01/2024,12/31/2024
100022,MSPB-1,1.112331,,01/01/2024,12/31/2024
100023,MSPB-1,0.997378,,01/01/2024,12/31/2024
100025,MSPB-1,1.000309,29,01/01/2024,12/31/2024
100026,MSPB-1,1.075277,29,01/01/2024,12/31/2024
100028,MSPB-1,1.051652,,01/01/2024,12/31/2024
100029,MSPB-1,1.140821,,01/01/2024,12/31/2024
100030,MSPB-1,0.977110,,01/01/2024,12/31/2024
100032,MSPB-1,1.105649,,01/01/2024,12/31/2024
100034,MSPB-1,1.015576,,01/01/2024,12/31/2024
100035,MSPB-1,1.030693,,01/01/2024,12/31/2024
100038,MSPB-1,1.035761,,01/01/2024,12/31/2024
100039,MSPB-1,1.059992,,01/01/2024,12/31/2024
100040,MSPB-1,1.010780,29,01/01/2024,12/31/2024
100043,MSPB-1,1.001503,,01/01/2024,12/31/2024
100044,MSPB-1,1.024378,,01/01/2024,12/31/2024
100045,MSPB-1,1.002091,,01/01/2024,12/31/2024
100046,MSPB-1,0.977593,,01/01/2024,12/31/2024
100047,MSPB-1,1.057790,,01/01/2024,12/31/2024
100049,MSPB-1,1.009261,,01/01/2024,12/31/2024
100050,MSPB-1,1.259854,,01/01/2024,12/31/2024
100051,MSPB-1,0.980005,,01/01/2024,12/31/2024
100052,MSPB-1,1.000401,,01/01/2024,12/31/2024
100053,MSPB-1,1.173020,,01/01/2024,12/31/2024
100054,MSPB-1,0.976187,,01/01/2024,12/31/2024
100055,MSPB-1,1.023214,,01/01/2024,12/31/2024
100057,MSPB-1,1.007601,,01/01/2024,12/31/2024
100062,MSPB-1,1.005142,,01/01/2024,12/31/2024
100063,MSPB-1,0.980988,,01/01/2024,12/31/2024
100067,MSPB-1,1.031554,,01/01/2024,12/31/2024
100068,MSPB-1,0.968344,,01/01/2024,12/31/2024
100069,MSPB-1,1.016487,,01/01/2024,12/31/2024
100071,MSPB-1,1.039669,,01/01/2024,12/31/2024
100072,MSPB-1,0.950004,,01/01/2024,12/31/2024
100073,MSPB-1,1.055731,,01/01/2024,12/31/2024
100075,MSPB-1,1.012931,,01/01/2024,12/31/2024
100077,MSPB-1,1.011935,,01/01/2024,12/31/2024
100080,MSPB-1,0.997941,,01/01/2024,12/31/2024
100084,MSPB-1,1.043583,,01/01/2024,12/31/2024
100086,MSPB-1,1.113240,,01/01/2024,12/31/2024
100087,MSPB-1,1.054301,,01/01/2024,12/31/2024
100088,MSPB-1,0.976289,,01/01/2024,12/31/2024
100090,MSPB-1,1.080340,,01/01/2024,12/31/2024
100092,MSPB-1,0.978818,,01/01/2024,12/31/2024
100093,MSPB-1,1.054332,,01/01/2024,12/31/2024
100099,MSPB-1,0.981707,,01/01/2024,12/31/2024
100105,MSPB-1,1.014551,,01/01/2024,12/31/2024
100107,MSPB-1,0.954093,,01/01/2024,12/31/2024
100109,MSPB-1,1.023520,,01/01/2024,12/31/2024
100110,MSPB-1,1.061802,,01/01/2024,12/31/2024
100113,MSPB-1,0.980178,,01/01/2024,12/31/2024
100117,MSPB-1,0.999302,,01/01/2024,12/31/2024
100118,MSPB-1,0.930763,,01/01/2024,12/31/2024
100121,MSPB-1,0.980866,,01/01/2024,12/31/2024
100122,MSPB-1,1.031265,,01/01/2024,12/31/2024
100124,MSPB-1,0.958730,,01/01/2024,12/31/2024
100125,MSPB-1,0.977284,,01/01/2024,12/31/2024
100126,MSPB-1,1.030018,,01/01/2024,12/31/2024
100127,MSPB-1,1.028589,,01/01/2024,12/31/2024
100128,MSPB-1,1.001838,,01/01/2024,12/31/2024
100130,MSPB-1,1.069989,,01/01/2024,12/31/2024
100131,MSPB-1,1.056016,,01/01/2024,12/31/2024
100132,MSPB-1,1.029219,,01/01/2024,12/31/2024
100134,MSPB-1,0.895701,,01/01/2024,12/31/2024
100135,MSPB-1,1.035620,,01/01/2024,12/31/2024
100137,MSPB-1,0.981608,,01/01/2024,12/31/2024
100140,MSPB-1,0.882493,,01/01/2024,12/31/2024
100142,MSPB-1,1.053753,,01/01/2024,12/31/2024
100150,MSPB-1,0.897162,,01/01/2024,12/31/2024
100151,MSPB-1,1.019043,,01/01/2024,12/31/2024
100154,MSPB-1,1.081525,,01/01/2024,12/31/2024
100156,MSPB-1,1.005589,,01/01/2024,12/31/2024
100157,MSPB-1,0.998763,,01/01/2024,12/31/2024
100161,MSPB-1,1.060016,,01/01/2024,12/31/2024
100166,MSPB-1,1.029473,,01/01/2024,12/31/2024
100167,MSPB-1,1.096979,,01/01/2024,12/31/2024
100168,MSPB-1,1.045829,,01/01/2024,12/31/2024
100173,MSPB-1,1.044377,,01/01/2024,12/31/2024
100175,MSPB-1,1.090647,,01/01/2024,12/31/2024
100176,MSPB-1,0.989821,,01/01/2024,12/31/2024
100177,MSPB-1,1.038835,,01/01/2024,12/31/2024
100179,MSPB-1,1.080938,,01/01/2024,12/31/2024
100180,MSPB-1,1.059352,,01/01/2024,12/31/2024
100181,MSPB-1,1.130023,,01/01/2024,12/31/2024
100183,MSPB-1,1.172107,,01/01/2024,12/31/2024
100187,MSPB-1,1.084081,,01/01/2024,12/31/2024
100189,MSPB-1,1.005805,,01/01/2024,12/31/2024
100191,MSPB-1,1.007147,,01/01/2024,12/31/2024
100200,MSPB-1,1.086615,,01/01/2024,12/31/2024
100204,MSPB-1,1.002854,,01/01/2024,12/31/2024
100206,MSPB-1,1.038452,,01/01/2024,12/31/2024
100209,MSPB-1,1.058383,,01/01/2024,12/31/2024
100211,MSPB-1,1.017820,,01/01/2024,12/31/2024
100212,MSPB-1,1.032518,,01/01/2024,12/31/2024
100213,MSPB-1,1.061066,,01/01/2024,12/31/2024
100217,MSPB-1,1.012195,,01/01/2024,12/31/2024
100220,MSPB-1,0.977272,,01/01/2024,12/31/2024
100223,MSPB-1,1.060907,,01/01/2024,12/31/2024
100224,MSPB-1,1.161780,,01/01/2024,12/31/2024
100226,MSPB-1,1.045458,,01/01/2024,12/31/2024
100228,MSPB-1,1.059625,,01/01/2024,12/31/2024
100230,MSPB-1,0.930801,,01/01/2024,12/31/2024
100231,MSPB-1,1.024540,,01/01/2024,12/31/2024
100232,MSPB-1,0.999214,,01/01/2024,12/31/2024
100236,MSPB-1,0.994380,,01/01/2024,12/31/2024
100238,MSPB-1,1.052918,,01/01/2024,12/31/2024
100242,MSPB-1,1.081497,,01/01/2024,12/31/2024
100243,MSPB-1,0.988733,,01/01/2024,12/31/2024
100244,MSPB-1,0.980805,,01/01/2024,12/31/2024
100246,MSPB-1,1.088836,,01/01/2024,12/31/2024
100248,MSPB-1,1.065237,,01/01/2024,12/31/2024
100249,MSPB-1,0.985690,,01/01/2024,12/31/2024
100252,MSPB-1,0.996193,,01/01/2024,12/31/2024
100253,MSPB-1,1.012413,,01/01/2024,12/31/2024
100254,MSPB-1,1.011359,,01/01/2024,12/31/2024
100256,MSPB-1,1.054602,,01/01/2024,12/31/2024
100258,MSPB-1,1.024755,,01/01/2024,12/31/2024
100259,MSPB-1,0.984913,,01/01/2024,12/31/2024
100260,MSPB-1,1.002070,,01/01/2024,12/31/2024
100264,MSPB-1,1.032166,,01/01/2024,12/31/2024
100265,MSPB-1,1.008558,,01/01/2024,12/31/2024
100266,MSPB-1,1.045142,,01/01/2024,12/31/2024
100267,MSPB-1,1.005827,,01/01/2024,12/31/2024
100268,MSPB-1,1.002304,,01/01/2024,12/31/2024
100269,MSPB-1,0.957013,,01/01/2024,12/31/2024
100275,MSPB-1,0.997036,,01/01/2024,12/31/2024
100276,MSPB-1,1.052940,,01/01/2024,12/31/2024
100277,MSPB-1,N/A,1,01/01/2024,12/31/2024
100281,MSPB-1,0.973801,,01/01/2024,12/31/2024
100284,MSPB-1,1.387296,,01/01/2024,12/31/2024
100285,MSPB-1,1.002063,,01/01/2024,12/31/2024
100286,MSPB-1,0.995686,,01/01/2024,12/31/2024
100287,MSPB-1,0.998330,,01/01/2024,12/31/2024
100288,MSPB-1,1.040659,,01/01/2024,12/31/2024
100289,MSPB-1,0.929675,,01/01/2024,12/31/2024
100290,MSPB-1,1.036164,,01/01/2024,12/31/2024
100291,MSPB-1,1.037998,,01/01/2024,12/31/2024
100292,MSPB-1,0.936747,29,01/01/2024,12/31/2024
100296,MSPB-1,0.972022,,01/01/2024,12/31/2024
100299,MSPB-1,1.092121,,01/01/2024,12/31/2024
100302,MSPB-1,0.982470,,01/01/2024,12/31/2024
100307,MSPB-1,1.106422,29,01/01/2024,12/31/2024
100313,MSPB-1,N/A,1,01/01/2024,12/31/2024
100314,MSPB-1,0.918199,,01/01/2024,12/31/2024
100315,MSPB-1,1.018892,,01/01/2024,12/31/2024
100316,MSPB-1,1.036354,,01/01/2024,12/31/2024
100319,MSPB-1,0.954850,,01/01/2024,12/31/2024
100320,MSPB-1,0.911249,,01/01/2024,12/31/2024
100321,MSPB-1,0.890010,29,01/01/2024,12/31/2024
100329,MSPB-1,0.992281,,01/01/2024,12/31/2024
100330,MSPB-1,0.962985,,01/01/2024,12/31/2024
100350,MSPB-1,0.903049,,01/01/2024,12/31/2024
100359,MSPB-1,1.024609,,01/01/2024,12/31/2024
100360,MSPB-1,0.989958,,01/01/2024,12/31/2024
100361,MSPB-1,0.968881,29,01/01/2024,12/31/2024
100362,MSPB-1,0.997507,,01/01/2024,12/31/2024
100363,MSPB-1,0.884250,,01/01/2024,12/31/2024
110001,MSPB-1,0.940613,,01/01/2024,12/31/2024
110002,MSPB-1,1.019762,,01/01/2024,12/31/2024
110003,MSPB-1,0.994613,,01/01/2024,12/31/2024
110005,MSPB-1,0.964224,,01/01/2024,12/31/2024
110006,MSPB-1,0.993982,,01/01/2024,12/31/2024
110007,MSPB-1,0.929390,,01/01/2024,12/31/2024
110008,MSPB-1,0.938051,,01/01/2024,12/31/2024
110010,MSPB-1,0.939018,,01/01/2024,12/31/2024
110011,MSPB-1,1.050244,,01/01/2024,12/31/2024
110015,MSPB-1,1.005833,,01/01/2024,12/31/2024
110016,MSPB-1,0.933431,,01/01/2024,12/31/2024
110018,MSPB-1,0.976296,,01/01/2024,12/31/2024
110023,MSPB-1,0.870544,,01/01/2024,12/31/2024
110024,MSPB-1,1.009344,,01/01/2024,12/31/2024
110025,MSPB-1,0.964857,,01/01/2024,12/31/2024
110027,MSPB-1,0.951746,,01/01/2024,12/31/2024
110028,MSPB-1,1.018678,,01/01/2024,12/31/2024
110029,MSPB-1,0.962603,,01/01/2024,12/31/2024
110030,MSPB-1,0.941296,,01/01/2024,12/31/2024
110031,MSPB-1,1.000757,,01/01/2024,12/31/2024
110032,MSPB-1,0.886829,,01/01/2024,12/31/2024
110034,MSPB-1,1.039374,,01/01/2024,12/31/2024
110035,MSPB-1,0.952729,,01/01/2024,12/31/2024
110036,MSPB-1,1.045831,,01/01/2024,12/31/2024
110038,MSPB-1,1.001664,,01/01/2024,12/31/2024
110041,MSPB-1,0.836315,,01/01/2024,12/31/2024
110042,MSPB-1,0.882205,,01/01/2024,12/31/2024
110043,MSPB-1,1.049987,,01/01/2024,12/31/2024
110044,MSPB-1,0.882754,,01/01/2024,12/31/2024
110045,MSPB-1,0.853056,,01/01/2024,12/31/2024
110046,MSPB-1,0.947361,,01/01/2024,12/31/2024
110050,MSPB-1,0.779846,,01/01/2024,12/31/2024
110051,MSPB-1,1.057889,,01/01/2024,12/31/2024
110054,MSPB-1,0.990634,,01/01/2024,12/31/2024
110064,MSPB-1,1.083302,,01/01/2024,12/31/2024
110069,MSPB-1,0.937270,,01/01/2024,12/31/2024
110071,MSPB-1,0.898760,,01/01/2024,12/31/2024
110073,MSPB-1,0.882376,,01/01/2024,12/31/2024
110074,MSPB-1,0.953703,,01/01/2024,12/31/2024
110075,MSPB-1,1.038881,,01/01/2024,12/31/2024
110076,MSPB-1,0.969904,,01/01/2024,12/31/2024
110078,MSPB-1,0.949139,,01/01/2024,12/31/2024
110079,MSPB-1,0.983985,,01/01/2024,12/31/2024
110082,MSPB-1,0.932971,,01/01/2024,12/31/2024
110083,MSPB-1,0.937387,,01/01/2024,12/31/2024
110086,MSPB-1,1.028387,,01/01/2024,12/31/2024
110087,MSPB-1,1.027690,,01/01/2024,12/31/2024
110089,MSPB-1,0.990139,,01/01/2024,12/31/2024
110091,MSPB-1,0.960453,,01/01/2024,12/31/2024
110092,MSPB-1,1.165951,,01/01/2024,12/31/2024
110095,MSPB-1,0.929781,,01/01/2024,12/31/2024
110100,MSPB-1,N/A,1,01/01/2024,12/31/2024
110101,MSPB-1,0.919761,,01/01/2024,12/31/2024
110104,MSPB-1,0.869043,,01/01/2024,12/31/2024
110105,MSPB-1,0.914448,,01/01/2024,12/31/2024
110107,MSPB-1,1.010346,,01/01/2024,12/31/2024
110109,MSPB-1,0.909400,,01/01/2024,12/31/2024
110111,MSPB-1,0.893272,,01/01/2024,12/31/2024
110113,MSPB-1,1.010652,,01/01/2024,12/31/2024
110121,MSPB-1,0.965522,,01/01/2024,12/31/2024
110122,MSPB-1,0.952110,,01/01/2024,12/31/2024
110124,MSPB-1,1.098830,,01/01/2024,12/31/2024
110125,MSPB-1,0.955381,,01/01/2024,12/31/2024
110128,MSPB-1,0.892629,,01/01/2024,12/31/2024
110129,MSPB-1,1.004196,,01/01/2024,12/31/2024
110132,MSPB-1,0.880305,,01/01/2024,12/31/2024
110142,MSPB-1,1.043544,,01/01/2024,12/31/2024
110143,MSPB-1,0.949112,,01/01/2024,12/31/2024
110146,MSPB-1,0.933709,,01/01/2024,12/31/2024
110150,MSPB-1,0.863863,,01/01/2024,12/31/2024
110161,MSPB-1,0.930971,,01/01/2024,12/31/2024
110164,MSPB-1,1.011150,,01/01/2024,12/31/2024
110165,MSPB-1,1.049513,,01/01/2024,12/31/2024
110168,MSPB-1,0.965179,,01/01/2024,12/31/2024
110177,MSPB-1,0.966315,,01/01/2024,12/31/2024
110184,MSPB-1,0.906116,,01/01/2024,12/31/2024
110191,MSPB-1,0.986351,,01/01/2024,12/31/2024
110192,MSPB-1,1.014345,,01/01/2024,12/31/2024
110194,MSPB-1,0.816383,,01/01/2024,12/31/2024
110198,MSPB-1,0.949480,,01/01/2024,12/31/2024
110200,MSPB-1,1.069733,,01/01/2024,12/31/2024
110201,MSPB-1,1.004500,,01/01/2024,12/31/2024
110209,MSPB-1,1.292798,,01/01/2024,12/31/2024
110215,MSPB-1,0.926673,,01/01/2024,12/31/2024
110225,MSPB-1,0.909407,,01/01/2024,12/31/2024
110226,MSPB-1,0.897169,,01/01/2024,12/31/2024
110229,MSPB-1,0.919905,,01/01/2024,12/31/2024
110230,MSPB-1,0.899632,,01/01/2024,12/31/2024
110233,MSPB-1,1.082536,,01/01/2024,12/31/2024
110234,MSPB-1,N/A,1,01/01/2024,12/31/2024
110236,MSPB-1,1.075644,,01/01/2024,12/31/2024
110237,MSPB-1,0.827789,,01/01/2024,12/31/2024
110252,MSPB-1,0.958673,,01/01/2024,12/31/2024
120001,MSPB-1,0.932265,,01/01/2024,12/31/2024
120002,MSPB-1,0.858838,,01/01/2024,12/31/2024
120005,MSPB-1,0.891252,,01/01/2024,12/31/2024
120006,MSPB-1,0.912553,,01/01/2024,12/31/2024
120007,MSPB-1,0.942466,,01/01/2024,12/31/2024
120011,MSPB-1,0.823874,,01/01/2024,12/31/2024
120014,MSPB-1,0.819042,,01/01/2024,12/31/2024
120019,MSPB-1,0.854997,,01/01/2024,12/31/2024
120022,MSPB-1,0.953999,,01/01/2024,12/31/2024
120026,MSPB-1,0.916684,,01/01/2024,12/31/2024
120028,MSPB-1,0.854895,,01/01/2024,12/31/2024
130002,MSPB-1,0.939164,,01/01/2024,12/31/2024
130003,MSPB-1,1.073295,,01/01/2024,12/31/2024
130006,MSPB-1,0.956921,,01/01/2024,12/31/2024
130007,MSPB-1,1.018260,,01/01/2024,12/31/2024
130013,MSPB-1,0.983191,,01/01/2024,12/31/2024
130014,MSPB-1,0.908711,,01/01/2024,12/31/2024
130018,MSPB-1,0.999545,,01/01/2024,12/31/2024
130025,MSPB-1,1.006089,,01/01/2024,12/31/2024
130028,MSPB-1,0.998356,,01/01/2024,12/31/2024
130049,MSPB-1,1.001177,,01/01/2024,12/31/2024
130063,MSPB-1,0.899942,,01/01/2024,12/31/2024
130065,MSPB-1,0.969045,,01/01/2024,12/31/2024
130066,MSPB-1,0.970464,,01/01/2024,12/31/2024
130071,MSPB-1,0.916856,,01/01/2024,12/31/2024
130074,MSPB-1,1.012769,,01/01/2024,12/31/2024
140001,MSPB-1,0.930271,,01/01/2024,12/31/2024
140002,MSPB-1,0.934336,,01/01/2024,12/31/2024
140007,MSPB-1,1.074982,29,01/01/2024,12/31/2024
140008,MSPB-1,1.014343,,01/01/2024,12/31/2024
140010,MSPB-1,0.969968,,01/01/2024,12/31/2024
140011,MSPB-1,1.012441,,01/01/2024,12/31/2024
140012,MSPB-1,0.959002,,01/01/2024,12/31/2024
140013,MSPB-1,0.987476,,01/01/2024,12/31/2024
140015,MSPB-1,0.998405,,01/01/2024,12/31/2024
140018,MSPB-1,0.990321,,01/01/2024,12/31/2024
140029,MSPB-1,0.959801,,01/01/2024,12/31/2024
140030,MSPB-1,0.993110,,01/01/2024,12/31/2024
140032,MSPB-1,0.941343,,01/01/2024,12/31/2024
140034,MSPB-1,0.917793,,01/01/2024,12/31/2024
140043,MSPB-1,0.964454,,01/01/2024,12/31/2024
140046,MSPB-1,0.982468,,01/01/2024,12/31/2024
140048,MSPB-1,0.938653,,01/01/2024,12/31/2024
140049,MSPB-1,0.953813,,01/01/2024,12/31/2024
140052,MSPB-1,1.002292,,01/01/2024,12/31/2024
140053,MSPB-1,1.051025,,01/01/2024,12/31/2024
140054,MSPB-1,0.975291,,01/01/2024,12/31/2024
140059,MSPB-1,1.004254,,01/01/2024,12/31/2024
140062,MSPB-1,0.986046,,01/01/2024,12/31/2024
140063,MSPB-1,0.904300,,01/01/2024,12/31/2024
140064,MSPB-1,0.958640,,01/01/2024,12/31/2024
140065,MSPB-1,1.066430,,01/01/2024,12/31/2024
140067,MSPB-1,0.966688,,01/01/2024,12/31/2024
140068,MSPB-1,1.127550,,01/01/2024,12/31/2024
140077,MSPB-1,0.883379,,01/01/2024,12/31/2024
140080,MSPB-1,1.076558,29,01/01/2024,12/31/2024
140082,MSPB-1,1.115434,,01/01/2024,12/31/2024
140083,MSPB-1,1.175647,,01/01/2024,12/31/2024
140084,MSPB-1,1.001200,,01/01/2024,12/31/2024
140088,MSPB-1,0.989228,,01/01/2024,12/31/2024
140089,MSPB-1,0.933451,,01/01/2024,12/31/2024
140091,MSPB-1,0.955651,,01/01/2024,12/31/2024
140093,MSPB-1,0.929257,,01/01/2024,12/31/2024
140095,MSPB-1,1.015553,,01/01/2024,12/31/2024
140100,MSPB-1,1.040492,,01/01/2024,12/31/2024
140101,MSPB-1,1.038370,,01/01/2024,12/31/2024
140103,MSPB-1,1.029066,,01/01/2024,12/31/2024
140110,MSPB-1,1.020907,,01/01/2024,12/31/2024
140113,MSPB-1,0.983042,,01/01/2024,12/31/2024
140114,MSPB-1,1.078526,,01/01/2024,12/31/2024
140115,MSPB-1,1.009087,,01/01/2024,12/31/2024
140116,MSPB-1,1.000618,,01/01/2024,12/31/2024
140117,MSPB-1,1.124370,29,01/01/2024,12/31/2024
140119,MSPB-1,0.940119,,01/01/2024,12/31/2024
140120,MSPB-1,0.905860,,01/01/2024,12/31/2024
140122,MSPB-1,1.022864,,01/01/2024,12/31/2024
140124,MSPB-1,0.977023,,01/01/2024,12/31/2024
140125,MSPB-1,0.998201,,01/01/2024,12/31/2024
140127,MSPB-1,0.960208,,01/01/2024,12/31/2024
140130,MSPB-1,0.952048,,01/01/2024,12/31/2024
140133,MSPB-1,0.993691,,01/01/2024,12/31/2024
140135,MSPB-1,1.030914,,01/01/2024,12/31/2024
140137,MSPB-1,0.924824,,01/01/2024,12/31/2024
140145,MSPB-1,0.967986,,01/01/2024,12/31/2024
140148,MSPB-1,1.030110,,01/01/2024,12/31/2024
140150,MSPB-1,1.037908,,01/01/2024,12/31/2024
140155,MSPB-1,0.968283,29,01/01/2024,12/31/2024
140158,MSPB-1,1.071303,,01/01/2024,12/31/2024
140160,MSPB-1,1.049463,,01/01/2024,12/31/2024
140161,MSPB-1,0.922916,,01/01/2024,12/31/2024
140162,MSPB-1,0.963882,,01/01/2024,12/31/2024
140164,MSPB-1,1.074073,,01/01/2024,12/31/2024
140166,MSPB-1,0.997743,,01/01/2024,12/31/2024
140172,MSPB-1,1.027870,,01/01/2024,12/31/2024
140174,MSPB-1,0.931321,29,01/01/2024,12/31/2024
140177,MSPB-1,1.048758,,01/01/2024,12/31/2024
140179,MSPB-1,0.948310,,01/01/2024,12/31/2024
140180,MSPB-1,1.028862,29,01/01/2024,12/31/2024
140181,MSPB-1,1.020717,,01/01/2024,12/31/2024
140182,MSPB-1,1.010667,,01/01/2024,12/31/2024
140184,MSPB-1,1.088915,,01/01/2024,12/31/2024
140185,MSPB-1,0.962679,,01/01/2024,12/31/2024
140186,MSPB-1,1.094978,,01/01/2024,12/31/2024
140187,MSPB-1,1.004345,,01/01/2024,12/31/2024
140189,MSPB-1,0.925813,,01/01/2024,12/31/2024
140191,MSPB-1,1.032818,,01/01/2024,12/31/2024
140197,MSPB-1,1.063085,,01/01/2024,12/31/2024
140200,MSPB-1,0.983855,,01/01/2024,12/31/2024
140202,MSPB-1,0.996358,,01/01/2024,12/31/2024
140206,MSPB-1,1.049670,,01/01/2024,12/31/2024
140208,MSPB-1,0.969985,,01/01/2024,12/31/2024
140209,MSPB-1,0.974802,,01/01/2024,12/31/2024
140210,MSPB-1,0.792017,,01/01/2024,12/31/2024
140211,MSPB-1,0.977366,,01/01/2024,12/31/2024
140213,MSPB-1,0.965354,,01/01/2024,12/31/2024
140217,MSPB-1,N/A,1,01/01/2024,12/31/2024
140223,MSPB-1,1.002316,,01/01/2024,12/31/2024
140224,MSPB-1,N/A,1,01/01/2024,12/31/2024
140228,MSPB-1,0.987034,,01/01/2024,12/31/2024
140231,MSPB-1,0.962707,,01/01/2024,12/31/2024
140233,MSPB-1,1.050304,,01/01/2024,12/31/2024
140239,MSPB-1,1.018758,,01/01/2024,12/31/2024
140242,MSPB-1,0.996855,,01/01/2024,12/31/2024
140251,MSPB-1,1.178441,,01/01/2024,12/31/2024
140252,MSPB-1,1.000450,,01/01/2024,12/31/2024
140258,MSPB-1,1.086602,29,01/01/2024,12/31/2024
140275,MSPB-1,1.114831,,01/01/2024,12/31/2024
140276,MSPB-1,0.982923,,01/01/2024,12/31/2024
140280,MSPB-1,1.025638,,01/01/2024,12/31/2024
140281,MSPB-1,0.939217,,01/01/2024,12/31/2024
140286,MSPB-1,1.000941,,01/01/2024,12/31/2024
140288,MSPB-1,0.982332,,01/01/2024,12/31/2024
140289,MSPB-1,1.032510,,01/01/2024,12/31/2024
140290,MSPB-1,1.053478,29,01/01/2024,12/31/2024
140291,MSPB-1,0.910254,,01/01/2024,12/31/2024
140292,MSPB-1,1.080110,,01/01/2024,12/31/2024
140294,MSPB-1,1.105507,,01/01/2024,12/31/2024
140300,MSPB-1,0.745267,,01/01/2024,12/31/2024
140304,MSPB-1,1.048982,,01/01/2024,12/31/2024
140308,MSPB-1,1.010873,,01/01/2024,12/31/2024
150001,MSPB-1,0.957953,,01/01/2024,12/31/2024
150002,MSPB-1,1.068517,,01/01/2024,12/31/2024
150005,MSPB-1,0.943164,,01/01/2024,12/31/2024
150006,MSPB-1,1.032410,,01/01/2024,12/31/2024
150007,MSPB-1,0.986364,,01/01/2024,12/31/2024
150008,MSPB-1,1.095571,,01/01/2024,12/31/2024
150009,MSPB-1,1.091030,,01/01/2024,12/31/2024
150010,MSPB-1,0.961401,29,01/01/2024,12/31/2024
150011,MSPB-1,0.984683,,01/01/2024,12/31/2024
150012,MSPB-1,0.960305,,01/01/2024,12/31/2024
150015,MSPB-1,0.990924,,01/01/2024,12/31/2024
150017,MSPB-1,1.067440,,01/01/2024,12/31/2024
150018,MSPB-1,0.980787,,01/01/2024,12/31/2024
150021,MSPB-1,0.996456,,01/01/2024,12/31/2024
150022,MSPB-1,1.033914,,01/01/2024,12/31/2024
150023,MSPB-1,1.012329,,01/01/2024,12/31/2024
150024,MSPB-1,0.982157,,01/01/2024,12/31/2024
150026,MSPB-1,1.004923,,01/01/2024,12/31/2024
150030,MSPB-1,1.062366,,01/01/2024,12/31/2024
150034,MSPB-1,1.039136,,01/01/2024,12/31/2024
150035,MSPB-1,1.048265,,01/01/2024,12/31/2024
150037,MSPB-1,1.030615,,01/01/2024,12/31/2024
150042,MSPB-1,1.161943,,01/01/2024,12/31/2024
150044,MSPB-1,1.126540,,01/01/2024,12/31/2024
150045,MSPB-1,0.918473,,01/01/2024,12/31/2024
150046,MSPB-1,1.024266,,01/01/2024,12/31/2024
150047,MSPB-1,1.162167,,01/01/2024,12/31/2024
150048,MSPB-1,0.991366,,01/01/2024,12/31/2024
150051,MSPB-1,1.063272,,01/01/2024,12/31/2024
150056,MSPB-1,1.047433,,01/01/2024,12/31/2024
150057,MSPB-1,0.929744,,01/01/2024,12/31/2024
150058,MSPB-1,0.971175,,01/01/2024,12/31/2024
150059,MSPB-1,1.031586,,01/01/2024,12/31/2024
150061,MSPB-1,1.068005,,01/01/2024,12/31/2024
150065,MSPB-1,1.023333,,01/01/2024,12/31/2024
150069,MSPB-1,1.008055,,01/01/2024,12/31/2024
150072,MSPB-1,1.154181,,01/01/2024,12/31/2024
150074,MSPB-1,1.040787,,01/01/2024,12/31/2024
150075,MSPB-1,0.947878,,01/01/2024,12/31/2024
150076,MSPB-1,0.951976,,01/01/2024,12/31/2024
150082,MSPB-1,1.052481,,01/01/2024,12/31/2024
150084,MSPB-1,1.035420,29,01/01/2024,12/31/2024
150086,MSPB-1,1.041204,,01/01/2024,12/31/2024
150088,MSPB-1,0.951674,29,01/01/2024,12/31/2024
150089,MSPB-1,1.009218,,01/01/2024,12/31/2024
150090,MSPB-1,1.073695,,01/01/2024,12/31/2024
150091,MSPB-1,0.897203,,01/01/2024,12/31/2024
150097,MSPB-1,1.011235,,01/01/2024,12/31/2024
150100,MSPB-1,0.986561,29,01/01/2024,12/31/2024
150101,MSPB-1,0.891258,,01/01/2024,12/31/2024
150102,MSPB-1,1.079863,,01/01/2024,12/31/2024
150104,MSPB-1,0.960027,,01/01/2024,12/31/2024
150109,MSPB-1,1.034811,,01/01/2024,12/31/2024
150112,MSPB-1,0.970005,,01/01/2024,12/31/2024
150113,MSPB-1,1.010071,,01/01/2024,12/31/2024
150115,MSPB-1,0.988817,,01/01/2024,12/31/2024
150125,MSPB-1,1.102492,,01/01/2024,12/31/2024
150126,MSPB-1,1.011486,,01/01/2024,12/31/2024
150128,MSPB-1,1.091020,,01/01/2024,12/31/2024
150133,MSPB-1,0.966113,,01/01/2024,12/31/2024
150146,MSPB-1,0.898988,,01/01/2024,12/31/2024
150149,MSPB-1,N/A,1,01/01/2024,12/31/2024
150150,MSPB-1,1.038492,,01/01/2024,12/31/2024
150153,MSPB-1,0.969818,29,01/01/2024,12/31/2024
150157,MSPB-1,0.967197,29,01/01/2024,12/31/2024
150158,MSPB-1,0.974426,,01/01/2024,12/31/2024
150160,MSPB-1,0.940387,,01/01/2024,12/31/2024
150161,MSPB-1,1.027183,,01/01/2024,12/31/2024
150162,MSPB-1,0.989625,,01/01/2024,12/31/2024
150165,MSPB-1,0.994252,,01/01/2024,12/31/2024
150166,MSPB-1,1.056032,,01/01/2024,12/31/2024
150167,MSPB-1,0.904909,,01/01/2024,12/31/2024
150168,MSPB-1,0.979390,,01/01/2024,12/31/2024
150169,MSPB-1,1.055580,,01/01/2024,12/31/2024
150172,MSPB-1,0.968045,,01/01/2024,12/31/2024
150173,MSPB-1,0.994156,,01/01/2024,12/31/2024
150177,MSPB-1,0.902486,,01/01/2024,12/31/2024
150179,MSPB-1,0.989968,,01/01/2024,12/31/2024
150181,MSPB-1,0.996421,29,01/01/2024,12/31/2024
150183,MSPB-1,0.912321,,01/01/2024,12/31/2024
150193,MSPB-1,1.028535,,01/01/2024,12/31/2024
150195,MSPB-1,N/A,1,01/01/2024,12/31/2024
160001,MSPB-1,0.842660,,01/01/2024,12/31/2024
160013,MSPB-1,0.931569,,01/01/2024,12/31/2024
160016,MSPB-1,0.928737,,01/01/2024,12/31/2024
160028,MSPB-1,0.974490,,01/01/2024,12/31/2024
160029,MSPB-1,0.992354,,01/01/2024,12/31/2024
160030,MSPB-1,0.951573,,01/01/2024,12/31/2024
160032,MSPB-1,0.989120,,01/01/2024,12/31/2024
160033,MSPB-1,0.960323,,01/01/2024,12/31/2024
160040,MSPB-1,0.919827,,01/01/2024,12/31/2024
160045,MSPB-1,0.948527,,01/01/2024,12/31/2024
160047,MSPB-1,0.952059,,01/01/2024,12/31/2024
160057,MSPB-1,0.932672,,01/01/2024,12/31/2024
160058,MSPB-1,1.046133,,01/01/2024,12/31/2024
160064,MSPB-1,0.956101,,01/01/2024,12/31/2024
160067,MSPB-1,0.885410,,01/01/2024,12/31/2024
160069,MSPB-1,0.930890,,01/01/2024,12/31/2024
160079,MSPB-1,0.952823,,01/01/2024,12/31/2024
160080,MSPB-1,0.859651,,01/01/2024,12/31/2024
160082,MSPB-1,0.966236,,01/01/2024,12/31/2024
160083,MSPB-1,1.014155,,01/01/2024,12/31/2024
160089,MSPB-1,0.999212,,01/01/2024,12/31/2024
160101,MSPB-1,0.977170,,01/01/2024,12/31/2024
160104,MSPB-1,0.950290,,01/01/2024,12/31/2024
160110,MSPB-1,0.926845,,01/01/2024,12/31/2024
160112,MSPB-1,0.900630,,01/01/2024,12/31/2024
160117,MSPB-1,0.895758,,01/01/2024,12/31/2024
160124,MSPB-1,0.880896,,01/01/2024,12/31/2024
160146,MSPB-1,0.952430,,01/01/2024,12/31/2024
160147,MSPB-1,0.890943,,01/01/2024,12/31/2024
160153,MSPB-1,0.980783,,01/01/2024,12/31/2024
170006,MSPB-1,N/A,1,01/01/2024,12/31/2024
170009,MSPB-1,0.875432,,01/01/2024,12/31/2024
170012,MSPB-1,1.046847,,01/01/2024,12/31/2024
170013,MSPB-1,1.047169,,01/01/2024,12/31/2024
170014,MSPB-1,0.943492,,01/01/2024,12/31/2024
170016,MSPB-1,0.981631,,01/01/2024,12/31/2024
170017,MSPB-1,0.844101,,01/01/2024,12/31/2024
170020,MSPB-1,0.953334,,01/01/2024,12/31/2024
170023,MSPB-1,1.029577,,01/01/2024,12/31/2024
170027,MSPB-1,0.946055,,01/01/2024,12/31/2024
170040,MSPB-1,0.989543,,01/01/2024,12/31/2024
170049,MSPB-1,1.004910,,01/01/2024,12/31/2024
170068,MSPB-1,0.922332,,01/01/2024,12/31/2024
170074,MSPB-1,0.820573,,01/01/2024,12/31/2024
170086,MSPB-1,1.058749,,01/01/2024,12/31/2024
170103,MSPB-1,1.007354,,01/01/2024,12/31/2024
170104,MSPB-1,0.991558,,01/01/2024,12/31/2024
170105,MSPB-1,0.922998,,01/01/2024,12/31/2024
170109,MSPB-1,0.859801,,01/01/2024,12/31/2024
170120,MSPB-1,0.899819,,01/01/2024,12/31/2024
170122,MSPB-1,0.957215,29,01/01/2024,12/31/2024
170123,MSPB-1,1.015080,,01/01/2024,12/31/2024
170137,MSPB-1,0.916096,,01/01/2024,12/31/2024
170142,MSPB-1,0.944903,29,01/01/2024,12/31/2024
170146,MSPB-1,0.972506,,01/01/2024,12/31/2024
170175,MSPB-1,0.951983,,01/01/2024,12/31/2024
170176,MSPB-1,1.034558,,01/01/2024,12/31/2024
170182,MSPB-1,1.017879,,01/01/2024,12/31/2024
170183,MSPB-1,0.984250,,01/01/2024,12/31/2024
170185,MSPB-1,1.059695,,01/01/2024,12/31/2024
170186,MSPB-1,1.017918,,01/01/2024,12/31/2024
170187,MSPB-1,0.851187,,01/01/2024,12/31/2024
170188,MSPB-1,0.795674,,01/01/2024,12/31/2024
170190,MSPB-1,0.957856,,01/01/2024,12/31/2024
170191,MSPB-1,0.971477,,01/01/2024,12/31/2024
170194,MSPB-1,0.971081,,01/01/2024,12/31/2024
170196,MSPB-1,0.968191,,01/01/2024,12/31/2024
170197,MSPB-1,1.029478,,01/01/2024,12/31/2024
170198,MSPB-1,0.914447,,01/01/2024,12/31/2024
170199,MSPB-1,N/A,1,01/01/2024,12/31/2024
170200,MSPB-1,0.987142,29,01/01/2024,12/31/2024
170203,MSPB-1,0.995138,,01/01/2024,12/31/2024
170204,MSPB-1,0.981952,,01/01/2024,12/31/2024
170208,MSPB-1,0.989080,,01/01/2024,12/31/2024
180001,MSPB-1,1.087093,,01/01/2024,12/31/2024
180002,MSPB-1,0.913781,,01/01/2024,12/31/2024
180004,MSPB-1,0.920115,,01/01/2024,12/31/2024
180005,MSPB-1,1.051051,,01/01/2024,12/31/2024
180009,MSPB-1,0.997560,,01/01/2024,12/31/2024
180010,MSPB-1,1.003900,,01/01/2024,12/31/2024
180011,MSPB-1,0.931238,,01/01/2024,12/31/2024
180012,MSPB-1,1.031807,,01/01/2024,12/31/2024
180013,MSPB-1,1.063542,,01/01/2024,12/31/2024
180016,MSPB-1,0.919553,,01/01/2024,12/31/2024
180017,MSPB-1,1.064118,,01/01/2024,12/31/2024
180018,MSPB-1,0.916925,,01/01/2024,12/31/2024
180019,MSPB-1,1.101810,,01/01/2024,12/31/2024
180020,MSPB-1,1.085355,,01/01/2024,12/31/2024
180024,MSPB-1,0.832557,,01/01/2024,12/31/2024
180025,MSPB-1,0.868753,,01/01/2024,12/31/2024
180027,MSPB-1,1.016260,,01/01/2024,12/31/2024
180029,MSPB-1,1.062005,,01/01/2024,12/31/2024
180035,MSPB-1,1.044612,,01/01/2024,12/31/2024
180038,MSPB-1,0.974733,,01/01/2024,12/31/2024
180040,MSPB-1,1.013563,,01/01/2024,12/31/2024
180043,MSPB-1,0.967746,,01/01/2024,12/31/2024
180044,MSPB-1,0.947487,,01/01/2024,12/31/2024
180045,MSPB-1,1.026634,,01/01/2024,12/31/2024
180046,MSPB-1,1.217228,,01/01/2024,12/31/2024
180048,MSPB-1,1.065384,,01/01/2024,12/31/2024
180049,MSPB-1,1.019479,,01/01/2024,12/31/2024
180050,MSPB-1,0.953841,,01/01/2024,12/31/2024
180051,MSPB-1,1.049135,,01/01/2024,12/31/2024
180056,MSPB-1,1.034031,,01/01/2024,12/31/2024
180064,MSPB-1,1.022850,,01/01/2024,12/31/2024
180066,MSPB-1,0.921779,,01/01/2024,12/31/2024
180067,MSPB-1,1.022210,,01/01/2024,12/31/2024
180069,MSPB-1,0.810371,,01/01/2024,12/31/2024
180070,MSPB-1,1.047189,,01/01/2024,12/31/2024
180078,MSPB-1,0.960086,,01/01/2024,12/31/2024
180079,MSPB-1,0.947558,,01/01/2024,12/31/2024
180080,MSPB-1,0.996585,,01/01/2024,12/31/2024
180087,MSPB-1,1.090370,,01/01/2024,12/31/2024
180088,MSPB-1,1.000000,,01/01/2024,12/31/2024
180092,MSPB-1,1.009675,,01/01/2024,12/31/2024
180093,MSPB-1,1.040692,,01/01/2024,12/31/2024
180101,MSPB-1,0.957718,,01/01/2024,12/31/2024
180102,MSPB-1,1.033691,,01/01/2024,12/31/2024
180103,MSPB-1,1.086671,,01/01/2024,12/31/2024
180104,MSPB-1,1.023696,,01/01/2024,12/31/2024
180105,MSPB-1,0.921150,,01/01/2024,12/31/2024
180115,MSPB-1,0.997795,,01/01/2024,12/31/2024
180116,MSPB-1,1.064108,,01/01/2024,12/31/2024
180124,MSPB-1,1.080362,,01/01/2024,12/31/2024
180127,MSPB-1,0.942298,,01/01/2024,12/31/2024
180128,MSPB-1,0.878389,,01/01/2024,12/31/2024
180130,MSPB-1,1.021216,,01/01/2024,12/31/2024
180132,MSPB-1,1.032694,,01/01/2024,12/31/2024
180138,MSPB-1,1.012127,,01/01/2024,12/31/2024
180141,MSPB-1,1.130187,,01/01/2024,12/31/2024
180143,MSPB-1,0.942987,,01/01/2024,12/31/2024
180149,MSPB-1,0.941620,,01/01/2024,12/31/2024
180154,MSPB-1,1.330161,,01/01/2024,12/31/2024
190002,MSPB-1,1.018286,,01/01/2024,12/31/2024
190004,MSPB-1,1.041451,,01/01/2024,12/31/2024
190005,MSPB-1,1.023748,,01/01/2024,12/31/2024
190006,MSPB-1,1.027233,,01/01/2024,12/31/2024
190007,MSPB-1,1.112128,,01/01/2024,12/31/2024
190008,MSPB-1,1.040940,,01/01/2024,12/31/2024
190011,MSPB-1,1.120959,,01/01/2024,12/31/2024
190013,MSPB-1,1.031806,,01/01/2024,12/31/2024
190014,MSPB-1,1.157492,,01/01/2024,12/31/2024
190015,MSPB-1,1.151274,,01/01/2024,12/31/2024
190017,MSPB-1,1.027405,,01/01/2024,12/31/2024
190019,MSPB-1,1.062823,,01/01/2024,12/31/2024
190020,MSPB-1,1.101391,,01/01/2024,12/31/2024
190025,MSPB-1,1.249370,,01/01/2024,12/31/2024
190026,MSPB-1,1.073397,,01/01/2024,12/31/2024
190027,MSPB-1,1.051027,,01/01/2024,12/31/2024
190034,MSPB-1,1.016363,,01/01/2024,12/31/2024
190036,MSPB-1,0.993528,,01/01/2024,12/31/2024
190039,MSPB-1,1.102440,,01/01/2024,12/31/2024
190040,MSPB-1,0.981299,,01/01/2024,12/31/2024
190041,MSPB-1,1.064323,,01/01/2024,12/31/2024
190044,MSPB-1,1.089327,,01/01/2024,12/31/2024
190045,MSPB-1,1.011224,,01/01/2024,12/31/2024
190046,MSPB-1,0.964579,,01/01/2024,12/31/2024
190050,MSPB-1,1.230267,,01/01/2024,12/31/2024
190053,MSPB-1,1.094351,,01/01/2024,12/31/2024
190054,MSPB-1,0.988577,,01/01/2024,12/31/2024
190060,MSPB-1,1.021355,,01/01/2024,12/31/2024
190064,MSPB-1,1.024320,,01/01/2024,12/31/2024
190065,MSPB-1,0.981454,,01/01/2024,12/31/2024
190079,MSPB-1,0.822689,,01/01/2024,12/31/2024
190086,MSPB-1,1.318171,,01/01/2024,12/31/2024
190088,MSPB-1,0.982254,,01/01/2024,12/31/2024
190090,MSPB-1,1.229774,,01/01/2024,12/31/2024
190098,MSPB-1,1.161658,,01/01/2024,12/31/2024
190099,MSPB-1,1.217623,,01/01/2024,12/31/2024
190102,MSPB-1,1.036215,,01/01/2024,12/31/2024
190106,MSPB-1,1.039446,,01/01/2024,12/31/2024
190111,MSPB-1,1.174327,,01/01/2024,12/31/2024
190114,MSPB-1,1.015290,,01/01/2024,12/31/2024
190116,MSPB-1,1.164582,,01/01/2024,12/31/2024
190118,MSPB-1,1.015512,,01/01/2024,12/31/2024
190125,MSPB-1,1.076966,,01/01/2024,12/31/2024
190128,MSPB-1,1.062380,,01/01/2024,12/31/2024
190133,MSPB-1,1.034500,,01/01/2024,12/31/2024
190140,MSPB-1,1.182746,,01/01/2024,12/31/2024
190144,MSPB-1,1.137362,,01/01/2024,12/31/2024
190145,MSPB-1,1.103113,,01/01/2024,12/31/2024
190151,MSPB-1,1.110487,,01/01/2024,12/31/2024
190160,MSPB-1,1.075396,,01/01/2024,12/31/2024
190164,MSPB-1,1.256113,,01/01/2024,12/31/2024
190167,MSPB-1,1.178896,,01/01/2024,12/31/2024
190176,MSPB-1,1.055763,,01/01/2024,12/31/2024
190183,MSPB-1,0.910819,,01/01/2024,12/31/2024
190184,MSPB-1,0.963678,,01/01/2024,12/31/2024
190190,MSPB-1,1.104205,,01/01/2024,12/31/2024
190201,MSPB-1,0.958134,,01/01/2024,12/31/2024
190202,MSPB-1,0.989483,,01/01/2024,12/31/2024
190208,MSPB-1,0.927150,,01/01/2024,12/31/2024
190218,MSPB-1,1.085986,,01/01/2024,12/31/2024
190241,MSPB-1,N/A,1,01/01/2024,12/31/2024
190245,MSPB-1,1.180472,,01/01/2024,12/31/2024
190251,MSPB-1,0.875421,,01/01/2024,12/31/2024
190255,MSPB-1,0.876485,,01/01/2024,12/31/2024
190256,MSPB-1,0.901466,,01/01/2024,12/31/2024
190259,MSPB-1,1.018753,,01/01/2024,12/31/2024
190266,MSPB-1,0.991258,,01/01/2024,12/31/2024
190267,MSPB-1,0.956326,,01/01/2024,12/31/2024
190270,MSPB-1,0.899815,,01/01/2024,12/31/2024
190274,MSPB-1,0.942584,,01/01/2024,12/31/2024
190278,MSPB-1,1.024057,,01/01/2024,12/31/2024
190298,MSPB-1,1.134198,,01/01/2024,12/31/2024
190300,MSPB-1,1.018291,,01/01/2024,12/31/2024
190302,MSPB-1,N/A,1,01/01/2024,12/31/2024
190303,MSPB-1,0.962172,,01/01/2024,12/31/2024
190308,MSPB-1,0.806961,,01/01/2024,12/31/2024
190312,MSPB-1,1.221631,,01/01/2024,12/31/2024
190313,MSPB-1,1.052783,,01/01/2024,12/31/2024
190316,MSPB-1,1.013875,,01/01/2024,12/31/2024
190317,MSPB-1,N/A,1,01/01/2024,12/31/2024
190318,MSPB-1,1.164394,,01/01/2024,12/31/2024
190319,MSPB-1,N/A,1,01/01/2024,12/31/2024
200001,MSPB-1,0.921563,,01/01/2024,12/31/2024
200008,MSPB-1,1.003353,,01/01/2024,12/31/2024
200009,MSPB-1,1.019242,,01/01/2024,12/31/2024
200018,MSPB-1,0.862094,,01/01/2024,12/31/2024
200020,MSPB-1,0.950310,,01/01/2024,12/31/2024
200021,MSPB-1,0.901400,,01/01/2024,12/31/2024
200024,MSPB-1,1.022442,,01/01/2024,12/31/2024
200031,MSPB-1,0.843229,,01/01/2024,12/31/2024
200033,MSPB-1,0.987099,,01/01/2024,12/31/2024
200034,MSPB-1,0.967486,,01/01/2024,12/31/2024
200039,MSPB-1,0.919675,,01/01/2024,12/31/2024
200050,MSPB-1,0.872498,,01/01/2024,12/31/2024
200063,MSPB-1,0.923469,,01/01/2024,12/31/2024
220001,MSPB-1,1.037517,,01/01/2024,12/31/2024
220002,MSPB-1,0.978421,,01/01/2024,12/31/2024
220008,MSPB-1,0.965767,,01/01/2024,12/31/2024
220010,MSPB-1,1.070401,,01/01/2024,12/31/2024
220011,MSPB-1,0.993154,,01/01/2024,12/31/2024
220012,MSPB-1,0.971515,,01/01/2024,12/31/2024
220015,MSPB-1,0.924830,,01/01/2024,12/31/2024
220016,MSPB-1,0.922159,,01/01/2024,12/31/2024
220017,MSPB-1,0.896547,,01/01/2024,12/31/2024
220019,MSPB-1,0.966244,,01/01/2024,12/31/2024
220020,MSPB-1,0.979880,,01/01/2024,12/31/2024
220024,MSPB-1,0.973308,,01/01/2024,12/31/2024
220029,MSPB-1,0.971586,,01/01/2024,12/31/2024
220030,MSPB-1,0.990238,,01/01/2024,12/31/2024
220031,MSPB-1,0.997617,,01/01/2024,12/31/2024
220033,MSPB-1,0.979137,,01/01/2024,12/31/2024
220035,MSPB-1,0.909275,,01/01/2024,12/31/2024
220036,MSPB-1,1.055685,,01/01/2024,12/31/2024
220046,MSPB-1,1.018302,,01/01/2024,12/31/2024
220049,MSPB-1,0.967926,,01/01/2024,12/31/2024
220052,MSPB-1,1.012801,,01/01/2024,12/31/2024
220060,MSPB-1,0.955884,,01/01/2024,12/31/2024
220062,MSPB-1,0.930205,,01/01/2024,12/31/2024
220063,MSPB-1,0.984423,,01/01/2024,12/31/2024
220065,MSPB-1,0.961482,,01/01/2024,12/31/2024
220066,MSPB-1,1.011414,,01/01/2024,12/31/2024
220070,MSPB-1,0.995211,,01/01/2024,12/31/2024
220071,MSPB-1,0.984602,,01/01/2024,12/31/2024
220073,MSPB-1,1.013563,,01/01/2024,12/31/2024
220074,MSPB-1,1.018252,,01/01/2024,12/31/2024
220075,MSPB-1,0.962175,,01/01/2024,12/31/2024
220077,MSPB-1,1.029238,,01/01/2024,12/31/2024
220080,MSPB-1,1.070456,,01/01/2024,12/31/2024
220083,MSPB-1,0.888250,,01/01/2024,12/31/2024
220084,MSPB-1,1.013418,,01/01/2024,12/31/2024
220086,MSPB-1,0.976327,,01/01/2024,12/31/2024
220088,MSPB-1,0.912203,,01/01/2024,12/31/2024
220090,MSPB-1,0.967299,,01/01/2024,12/31/2024
220095,MSPB-1,1.082830,,01/01/2024,12/31/2024
220098,MSPB-1,0.919760,,01/01/2024,12/31/2024
220100,MSPB-1,0.990870,,01/01/2024,12/31/2024
220101,MSPB-1,0.881828,,01/01/2024,12/31/2024
220105,MSPB-1,0.926927,,01/01/2024,12/31/2024
220108,MSPB-1,0.924347,,01/01/2024,12/31/2024
220110,MSPB-1,1.004007,,01/01/2024,12/31/2024
220111,MSPB-1,0.995024,,01/01/2024,12/31/2024
220116,MSPB-1,1.028367,,01/01/2024,12/31/2024
220119,MSPB-1,0.896377,,01/01/2024,12/31/2024
220135,MSPB-1,0.987682,,01/01/2024,12/31/2024
220163,MSPB-1,1.024444,,01/01/2024,12/31/2024
220171,MSPB-1,0.974223,,01/01/2024,12/31/2024
220175,MSPB-1,1.040741,,01/01/2024,12/31/2024
220176,MSPB-1,1.001418,,01/01/2024,12/31/2024
220177,MSPB-1,0.761877,,01/01/2024,12/31/2024
230002,MSPB-1,0.959380,,01/01/2024,12/31/2024
230003,MSPB-1,0.860883,,01/01/2024,12/31/2024
230005,MSPB-1,0.908797,,01/01/2024,12/31/2024
230015,MSPB-1,0.991267,,01/01/2024,12/31/2024
230017,MSPB-1,0.950262,,01/01/2024,12/31/2024
230019,MSPB-1,0.951633,29,01/01/2024,12/31/2024
230020,MSPB-1,1.046278,,01/01/2024,12/31/2024
230021,MSPB-1,0.932376,,01/01/2024,12/31/2024
230022,MSPB-1,0.911250,,01/01/2024,12/31/2024
230024,MSPB-1,1.027406,,01/01/2024,12/31/2024
230029,MSPB-1,0.987931,,01/01/2024,12/31/2024
230030,MSPB-1,0.926580,,01/01/2024,12/31/2024
230031,MSPB-1,0.880638,,01/01/2024,12/31/2024
230035,MSPB-1,0.883209,,01/01/2024,12/31/2024
230036,MSPB-1,0.968986,,01/01/2024,12/31/2024
230037,MSPB-1,0.870747,,01/01/2024,12/31/2024
230038,MSPB-1,0.958267,,01/01/2024,12/31/2024
230041,MSPB-1,1.013482,,01/01/2024,12/31/2024
230046,MSPB-1,0.912038,,01/01/2024,12/31/2024
230047,MSPB-1,0.971366,,01/01/2024,12/31/2024
230053,MSPB-1,0.958484,,01/01/2024,12/31/2024
230054,MSPB-1,1.010851,,01/01/2024,12/31/2024
230055,MSPB-1,0.961637,,01/01/2024,12/31/2024
230058,MSPB-1,0.860551,,01/01/2024,12/31/2024
230059,MSPB-1,0.915109,,01/01/2024,12/31/2024
230066,MSPB-1,0.923335,,01/01/2024,12/31/2024
230069,MSPB-1,0.884180,,01/01/2024,12/31/2024
230070,MSPB-1,1.041889,,01/01/2024,12/31/2024
230071,MSPB-1,1.007332,,01/01/2024,12/31/2024
230072,MSPB-1,0.867623,,01/01/2024,12/31/2024
230075,MSPB-1,0.939858,,01/01/2024,12/31/2024
230077,MSPB-1,1.013617,29,01/01/2024,12/31/2024
230078,MSPB-1,N/A,1,01/01/2024,12/31/2024
230080,MSPB-1,0.846730,,01/01/2024,12/31/2024
230081,MSPB-1,0.822984,,01/01/2024,12/31/2024
230085,MSPB-1,0.844322,,01/01/2024,12/31/2024
230089,MSPB-1,0.921881,,01/01/2024,12/31/2024
230092,MSPB-1,0.925970,,01/01/2024,12/31/2024
230093,MSPB-1,0.858450,,01/01/2024,12/31/2024
230095,MSPB-1,0.941942,,01/01/2024,12/31/2024
230097,MSPB-1,0.911547,,01/01/2024,12/31/2024
230099,MSPB-1,1.018294,,01/01/2024,12/31/2024
230100,MSPB-1,0.911598,29,01/01/2024,12/31/2024
230104,MSPB-1,0.945493,,01/01/2024,12/31/2024
230105,MSPB-1,0.926117,,01/01/2024,12/31/2024
230108,MSPB-1,0.770239,,01/01/2024,12/31/2024
230110,MSPB-1,0.833156,,01/01/2024,12/31/2024
230117,MSPB-1,0.977520,29,01/01/2024,12/31/2024
230121,MSPB-1,0.896397,,01/01/2024,12/31/2024
230130,MSPB-1,0.999033,,01/01/2024,12/31/2024
230132,MSPB-1,0.962788,,01/01/2024,12/31/2024
230133,MSPB-1,0.897188,,01/01/2024,12/31/2024
230141,MSPB-1,1.001262,,01/01/2024,12/31/2024
230142,MSPB-1,1.025017,,01/01/2024,12/31/2024
230144,MSPB-1,N/A,1,01/01/2024,12/31/2024
230146,MSPB-1,1.040553,,01/01/2024,12/31/2024
230151,MSPB-1,1.012761,,01/01/2024,12/31/2024
230156,MSPB-1,0.923509,,01/01/2024,12/31/2024
230165,MSPB-1,0.959056,29,01/01/2024,12/31/2024
230167,MSPB-1,0.917051,,01/01/2024,12/31/2024
230174,MSPB-1,0.835606,,01/01/2024,12/31/2024
230176,MSPB-1,1.008367,,01/01/2024,12/31/2024
230180,MSPB-1,0.870224,,01/01/2024,12/31/2024
230193,MSPB-1,0.941886,,01/01/2024,12/31/2024
230195,MSPB-1,0.987828,29,01/01/2024,12/31/2024
230197,MSPB-1,0.943758,29,01/01/2024,12/31/2024
230207,MSPB-1,1.038696,,01/01/2024,12/31/2024
230208,MSPB-1,0.927207,,01/01/2024,12/31/2024
230216,MSPB-1,0.944688,,01/01/2024,12/31/2024
230217,MSPB-1,0.869573,,01/01/2024,12/31/2024
230222,MSPB-1,0.958994,,01/01/2024,12/31/2024
230227,MSPB-1,1.016001,,01/01/2024,12/31/2024
230230,MSPB-1,0.976233,,01/01/2024,12/31/2024
230236,MSPB-1,0.945805,,01/01/2024,12/31/2024
230239,MSPB-1,0.856906,,01/01/2024,12/31/2024
230241,MSPB-1,N/A,1,01/01/2024,12/31/2024
230244,MSPB-1,1.035386,,01/01/2024,12/31/2024
230254,MSPB-1,0.999164,29,01/01/2024,12/31/2024
230259,MSPB-1,0.844915,,01/01/2024,12/31/2024
230264,MSPB-1,N/A,1,01/01/2024,12/31/2024
230269,MSPB-1,0.988369,,01/01/2024,12/31/2024
230270,MSPB-1,1.053557,,01/01/2024,12/31/2024
230273,MSPB-1,0.951657,,01/01/2024,12/31/2024
230275,MSPB-1,N/A,1,01/01/2024,12/31/2024
230277,MSPB-1,0.936991,,01/01/2024,12/31/2024
230279,MSPB-1,0.810272,,01/01/2024,12/31/2024
230297,MSPB-1,1.070027,,01/01/2024,12/31/2024
230301,MSPB-1,1.057152,,01/01/2024,12/31/2024
230302,MSPB-1,0.897685,,01/01/2024,12/31/2024
230303,MSPB-1,0.769008,,01/01/2024,12/31/2024
240001,MSPB-1,0.934266,,01/01/2024,12/31/2024
240002,MSPB-1,1.024982,,01/01/2024,12/31/2024
240004,MSPB-1,0.987076,,01/01/2024,12/31/2024
240006,MSPB-1,0.873871,,01/01/2024,12/31/2024
240010,MSPB-1,0.945679,,01/01/2024,12/31/2024
240014,MSPB-1,0.837900,,01/01/2024,12/31/2024
240018,MSPB-1,0.829367,,01/01/2024,12/31/2024
240019,MSPB-1,0.957617,,01/01/2024,12/31/2024
240020,MSPB-1,0.811950,,01/01/2024,12/31/2024
240022,MSPB-1,0.953133,,01/01/2024,12/31/2024
240030,MSPB-1,0.900998,,01/01/2024,12/31/2024
240036,MSPB-1,0.942930,,01/01/2024,12/31/2024
240038,MSPB-1,0.939477,,01/01/2024,12/31/2024
240040,MSPB-1,0.914826,,01/01/2024,12/31/2024
240043,MSPB-1,0.896791,,01/01/2024,12/31/2024
240044,MSPB-1,0.858229,,01/01/2024,12/31/2024
240047,MSPB-1,0.990525,,01/01/2024,12/31/2024
240050,MSPB-1,0.904978,,01/01/2024,12/31/2024
240052,MSPB-1,0.911255,,01/01/2024,12/31/2024
240053,MSPB-1,0.911318,,01/01/2024,12/31/2024
240056,MSPB-1,0.935343,,01/01/2024,12/31/2024
240057,MSPB-1,0.949118,,01/01/2024,12/31/2024
240064,MSPB-1,0.847658,,01/01/2024,12/31/2024
240066,MSPB-1,0.909310,,01/01/2024,12/31/2024
240069,MSPB-1,0.899045,,01/01/2024,12/31/2024
240071,MSPB-1,0.940978,,01/01/2024,12/31/2024
240075,MSPB-1,0.829155,,01/01/2024,12/31/2024
240076,MSPB-1,0.880041,,01/01/2024,12/31/2024
240078,MSPB-1,0.922766,,01/01/2024,12/31/2024
240080,MSPB-1,0.980472,,01/01/2024,12/31/2024
240084,MSPB-1,0.927818,,01/01/2024,12/31/2024
240088,MSPB-1,0.848117,,01/01/2024,12/31/2024
240093,MSPB-1,0.934926,,01/01/2024,12/31/2024
240100,MSPB-1,0.912646,,01/01/2024,12/31/2024
240101,MSPB-1,0.859359,,01/01/2024,12/31/2024
240104,MSPB-1,0.869159,,01/01/2024,12/31/2024
240106,MSPB-1,0.946741,,01/01/2024,12/31/2024
240115,MSPB-1,0.900153,,01/01/2024,12/31/2024
240141,MSPB-1,0.854693,,01/01/2024,12/31/2024
240166,MSPB-1,0.809574,,01/01/2024,12/31/2024
240187,MSPB-1,0.899839,,01/01/2024,12/31/2024
240206,MSPB-1,N/A,1,01/01/2024,12/31/2024
240207,MSPB-1,0.864840,,01/01/2024,12/31/2024
240210,MSPB-1,0.916087,,01/01/2024,12/31/2024
240213,MSPB-1,0.898792,,01/01/2024,12/31/2024
240214,MSPB-1,0.839833,,01/01/2024,12/31/2024
250001,MSPB-1,1.006301,,01/01/2024,12/31/2024
250002,MSPB-1,1.022960,,01/01/2024,12/31/2024
250004,MSPB-1,1.040498,,01/01/2024,12/31/2024
250006,MSPB-1,0.981186,,01/01/2024,12/31/2024
250007,MSPB-1,1.016709,,01/01/2024,12/31/2024
250009,MSPB-1,0.942533,,01/01/2024,12/31/2024
250018,MSPB-1,N/A,1,01/01/2024,12/31/2024
250019,MSPB-1,1.161178,,01/01/2024,12/31/2024
250020,MSPB-1,0.912908,,01/01/2024,12/31/2024
250025,MSPB-1,0.994873,,01/01/2024,12/31/2024
250027,MSPB-1,0.994348,,01/01/2024,12/31/2024
250031,MSPB-1,1.071793,,01/01/2024,12/31/2024
250034,MSPB-1,0.974216,,01/01/2024,12/31/2024
250036,MSPB-1,0.945809,,01/01/2024,12/31/2024
250038,MSPB-1,0.945638,,01/01/2024,12/31/2024
250040,MSPB-1,1.013431,,01/01/2024,12/31/2024
250042,MSPB-1,0.943780,,01/01/2024,12/31/2024
250043,MSPB-1,1.017230,,01/01/2024,12/31/2024
250044,MSPB-1,0.932651,,01/01/2024,12/31/2024
250048,MSPB-1,1.023006,,01/01/2024,12/31/2024
250049,MSPB-1,1.150888,,01/01/2024,12/31/2024
250050,MSPB-1,1.058499,,01/01/2024,12/31/2024
250057,MSPB-1,1.007578,,01/01/2024,12/31/2024
250058,MSPB-1,0.996174,,01/01/2024,12/31/2024
250061,MSPB-1,0.933193,,01/01/2024,12/31/2024
250067,MSPB-1,0.899200,,01/01/2024,12/31/2024
250069,MSPB-1,1.131148,,01/01/2024,12/31/2024
250072,MSPB-1,0.908725,,01/01/2024,12/31/2024
250077,MSPB-1,0.860334,,01/01/2024,12/31/2024
250078,MSPB-1,0.996113,,01/01/2024,12/31/2024
250082,MSPB-1,1.136336,,01/01/2024,12/31/2024
250084,MSPB-1,1.170694,,01/01/2024,12/31/2024
250085,MSPB-1,1.040310,,01/01/2024,12/31/2024
250093,MSPB-1,0.975721,,01/01/2024,12/31/2024
250094,MSPB-1,0.989020,,01/01/2024,12/31/2024
250095,MSPB-1,0.952800,,01/01/2024,12/31/2024
250096,MSPB-1,0.965024,,01/01/2024,12/31/2024
250097,MSPB-1,1.019233,,01/01/2024,12/31/2024
250099,MSPB-1,1.014919,,01/01/2024,12/31/2024
250100,MSPB-1,0.968938,,01/01/2024,12/31/2024
250102,MSPB-1,1.026204,,01/01/2024,12/31/2024
250104,MSPB-1,1.050871,,01/01/2024,12/31/2024
250117,MSPB-1,1.111006,,01/01/2024,12/31/2024
250123,MSPB-1,1.008789,,01/01/2024,12/31/2024
250124,MSPB-1,1.101451,,01/01/2024,12/31/2024
250127,MSPB-1,N/A,1,01/01/2024,12/31/2024
250134,MSPB-1,0.540966,,01/01/2024,12/31/2024
250136,MSPB-1,N/A,1,01/01/2024,12/31/2024
250138,MSPB-1,1.069096,,01/01/2024,12/31/2024
250141,MSPB-1,1.002404,,01/01/2024,12/31/2024
250151,MSPB-1,0.927639,,01/01/2024,12/31/2024
250162,MSPB-1,0.865784,,01/01/2024,12/31/2024
250167,MSPB-1,0.819007,,01/01/2024,12/31/2024
250168,MSPB-1,1.231095,,01/01/2024,12/31/2024
250172,MSPB-1,0.824835,,01/01/2024,12/31/2024
260001,MSPB-1,0.978602,,01/01/2024,12/31/2024
260005,MSPB-1,0.997075,,01/01/2024,12/31/2024
260006,MSPB-1,1.049764,,01/01/2024,12/31/2024
260009,MSPB-1,0.897155,,01/01/2024,12/31/2024
260011,MSPB-1,0.943003,,01/01/2024,12/31/2024
260017,MSPB-1,0.980459,,01/01/2024,12/31/2024
260020,MSPB-1,1.008111,,01/01/2024,12/31/2024
260022,MSPB-1,0.984883,,01/01/2024,12/31/2024
260023,MSPB-1,0.958069,,01/01/2024,12/31/2024
260024,MSPB-1,0.954646,,01/01/2024,12/31/2024
260025,MSPB-1,0.979183,,01/01/2024,12/31/2024
260027,MSPB-1,1.088492,,01/01/2024,12/31/2024
260032,MSPB-1,1.022046,,01/01/2024,12/31/2024
260034,MSPB-1,0.877131,,01/01/2024,12/31/2024
260040,MSPB-1,0.966294,,01/01/2024,12/31/2024
260048,MSPB-1,0.968840,,01/01/2024,12/31/2024
260052,MSPB-1,0.988290,,01/01/2024,12/31/2024
260057,MSPB-1,0.983928,,01/01/2024,12/31/2024
260059,MSPB-1,0.837400,,01/01/2024,12/31/2024
260061,MSPB-1,0.971263,,01/01/2024,12/31/2024
260062,MSPB-1,0.995320,,01/01/2024,12/31/2024
260065,MSPB-1,1.007341,,01/01/2024,12/31/2024
260068,MSPB-1,0.995753,,01/01/2024,12/31/2024
260070,MSPB-1,0.994786,,01/01/2024,12/31/2024
260074,MSPB-1,0.941638,,01/01/2024,12/31/2024
260077,MSPB-1,1.022113,,01/01/2024,12/31/2024
260078,MSPB-1,0.940825,,01/01/2024,12/31/2024
260081,MSPB-1,0.993102,,01/01/2024,12/31/2024
260085,MSPB-1,0.968019,,01/01/2024,12/31/2024
260091,MSPB-1,1.055244,,01/01/2024,12/31/2024
260094,MSPB-1,0.909917,,01/01/2024,12/31/2024
260095,MSPB-1,1.051594,,01/01/2024,12/31/2024
260096,MSPB-1,1.032346,,01/01/2024,12/31/2024
260097,MSPB-1,0.971560,,01/01/2024,12/31/2024
260102,MSPB-1,0.882190,,01/01/2024,12/31/2024
260104,MSPB-1,1.080665,,01/01/2024,12/31/2024
260105,MSPB-1,1.061071,,01/01/2024,12/31/2024
260108,MSPB-1,0.967159,,01/01/2024,12/31/2024
260110,MSPB-1,1.007971,,01/01/2024,12/31/2024
260113,MSPB-1,0.995124,,01/01/2024,12/31/2024
260119,MSPB-1,0.997423,,01/01/2024,12/31/2024
260137,MSPB-1,0.981229,,01/01/2024,12/31/2024
260138,MSPB-1,1.053929,,01/01/2024,12/31/2024
260141,MSPB-1,1.010149,,01/01/2024,12/31/2024
260142,MSPB-1,0.831286,,01/01/2024,12/31/2024
260160,MSPB-1,0.935710,,01/01/2024,12/31/2024
260162,MSPB-1,0.955551,,01/01/2024,12/31/2024
260163,MSPB-1,0.958154,,01/01/2024,12/31/2024
260175,MSPB-1,0.898872,,01/01/2024,12/31/2024
260176,MSPB-1,0.898674,,01/01/2024,12/31/2024
260177,MSPB-1,1.046663,,01/01/2024,12/31/2024
260179,MSPB-1,1.010808,,01/01/2024,12/31/2024
260180,MSPB-1,0.980654,,01/01/2024,12/31/2024
260183,MSPB-1,1.011587,,01/01/2024,12/31/2024
260186,MSPB-1,0.975201,,01/01/2024,12/31/2024
260190,MSPB-1,0.958154,,01/01/2024,12/31/2024
260191,MSPB-1,1.017125,,01/01/2024,12/31/2024
260193,MSPB-1,0.962808,,01/01/2024,12/31/2024
260195,MSPB-1,0.906074,,01/01/2024,12/31/2024
260200,MSPB-1,1.016208,,01/01/2024,12/31/2024
260214,MSPB-1,0.993381,,01/01/2024,12/31/2024
260216,MSPB-1,1.030550,,01/01/2024,12/31/2024
260219,MSPB-1,0.947098,,01/01/2024,12/31/2024
270003,MSPB-1,0.893481,,01/01/2024,12/31/2024
270004,MSPB-1,1.027829,,01/01/2024,12/31/2024
270012,MSPB-1,0.940907,,01/01/2024,12/31/2024
270014,MSPB-1,0.920339,,01/01/2024,12/31/2024
270017,MSPB-1,0.904384,,01/01/2024,12/31/2024
270023,MSPB-1,0.969434,,01/01/2024,12/31/2024
270049,MSPB-1,1.012887,,01/01/2024,12/31/2024
270051,MSPB-1,0.946048,,01/01/2024,12/31/2024
270057,MSPB-1,0.902985,,01/01/2024,12/31/2024
270074,MSPB-1,0.639093,,01/01/2024,12/31/2024
270086,MSPB-1,0.882883,,01/01/2024,12/31/2024
280003,MSPB-1,1.005283,,01/01/2024,12/31/2024
280009,MSPB-1,1.034476,,01/01/2024,12/31/2024
280013,MSPB-1,1.007588,,01/01/2024,12/31/2024
280020,MSPB-1,1.030441,,01/01/2024,12/31/2024
280023,MSPB-1,1.029352,,01/01/2024,12/31/2024
280032,MSPB-1,0.906982,,01/01/2024,12/31/2024
280040,MSPB-1,0.977524,,01/01/2024,12/31/2024
280059,MSPB-1,N/A,1,01/01/2024,12/31/2024
280060,MSPB-1,1.024960,,01/01/2024,12/31/2024
280061,MSPB-1,1.032800,,01/01/2024,12/31/2024
280065,MSPB-1,0.966230,,01/01/2024,12/31/2024
280077,MSPB-1,0.950612,,01/01/2024,12/31/2024
280081,MSPB-1,1.031817,,01/01/2024,12/31/2024
280105,MSPB-1,0.834003,,01/01/2024,12/31/2024
280111,MSPB-1,0.998670,,01/01/2024,12/31/2024
280125,MSPB-1,0.975027,,01/01/2024,12/31/2024
280127,MSPB-1,1.017225,,01/01/2024,12/31/2024
280128,MSPB-1,1.002937,,01/01/2024,12/31/2024
280129,MSPB-1,0.925480,,01/01/2024,12/31/2024
280130,MSPB-1,0.964860,,01/01/2024,12/31/2024
280131,MSPB-1,0.857178,,01/01/2024,12/31/2024
280132,MSPB-1,0.921611,,01/01/2024,12/31/2024
280133,MSPB-1,0.897756,,01/01/2024,12/31/2024
280134,MSPB-1,1.031233,,01/01/2024,12/31/2024
280139,MSPB-1,0.928851,,01/01/2024,12/31/2024
290001,MSPB-1,1.025131,,01/01/2024,12/31/2024
290003,MSPB-1,1.181239,,01/01/2024,12/31/2024
290005,MSPB-1,1.136140,,01/01/2024,12/31/2024
290007,MSPB-1,1.075837,,01/01/2024,12/31/2024
290008,MSPB-1,0.871945,,01/01/2024,12/31/2024
290009,MSPB-1,0.888241,,01/01/2024,12/31/2024
290012,MSPB-1,1.334046,,01/01/2024,12/31/2024
290019,MSPB-1,0.947286,,01/01/2024,12/31/2024
290021,MSPB-1,1.130982,,01/01/2024,12/31/2024
290032,MSPB-1,0.932151,,01/01/2024,12/31/2024
290039,MSPB-1,1.079396,,01/01/2024,12/31/2024
290041,MSPB-1,1.100796,,01/01/2024,12/31/2024
290045,MSPB-1,1.168319,,01/01/2024,12/31/2024
290046,MSPB-1,1.069867,,01/01/2024,12/31/2024
290047,MSPB-1,1.092606,,01/01/2024,12/31/2024
290049,MSPB-1,0.950350,,01/01/2024,12/31/2024
290053,MSPB-1,1.124167,,01/01/2024,12/31/2024
290054,MSPB-1,1.079515,,01/01/2024,12/31/2024
290057,MSPB-1,1.047829,,01/01/2024,12/31/2024
290058,MSPB-1,0.842058,,01/01/2024,12/31/2024
300001,MSPB-1,0.997165,,01/01/2024,12/31/2024
300003,MSPB-1,1.019483,,01/01/2024,12/31/2024
300005,MSPB-1,0.968077,,01/01/2024,12/31/2024
300011,MSPB-1,1.024252,,01/01/2024,12/31/2024
300012,MSPB-1,1.013840,,01/01/2024,12/31/2024
300014,MSPB-1,0.861752,,01/01/2024,12/31/2024
300017,MSPB-1,0.940852,,01/01/2024,12/31/2024
300018,MSPB-1,0.937254,,01/01/2024,12/31/2024
300019,MSPB-1,0.973740,,01/01/2024,12/31/2024
300020,MSPB-1,0.979522,,01/01/2024,12/31/2024
300023,MSPB-1,0.966908,,01/01/2024,12/31/2024
300029,MSPB-1,1.024557,,01/01/2024,12/31/2024
300034,MSPB-1,0.965177,,01/01/2024,12/31/2024
310001,MSPB-1,1.089198,,01/01/2024,12/31/2024
310002,MSPB-1,1.106672,,01/01/2024,12/31/2024
310003,MSPB-1,1.031318,,01/01/2024,12/31/2024
310005,MSPB-1,0.978915,,01/01/2024,12/31/2024
310006,MSPB-1,1.049144,,01/01/2024,12/31/2024
310008,MSPB-1,1.060944,,01/01/2024,12/31/2024
310009,MSPB-1,1.143920,,01/01/2024,12/31/2024
310010,MSPB-1,0.997311,,01/01/2024,12/31/2024
310011,MSPB-1,1.033993,,01/01/2024,12/31/2024
310012,MSPB-1,1.026783,,01/01/2024,12/31/2024
310014,MSPB-1,1.027591,,01/01/2024,12/31/2024
310015,MSPB-1,1.044010,,01/01/2024,12/31/2024
310016,MSPB-1,1.203462,,01/01/2024,12/31/2024
310017,MSPB-1,1.142793,,01/01/2024,12/31/2024
310019,MSPB-1,1.103068,,01/01/2024,12/31/2024
310022,MSPB-1,1.030647,,01/01/2024,12/31/2024
310024,MSPB-1,1.070143,,01/01/2024,12/31/2024
310025,MSPB-1,1.179383,,01/01/2024,12/31/2024
310027,MSPB-1,1.111487,,01/01/2024,12/31/2024
310028,MSPB-1,1.037109,,01/01/2024,12/31/2024
310029,MSPB-1,1.086642,,01/01/2024,12/31/2024
310031,MSPB-1,1.025926,,01/01/2024,12/31/2024
310032,MSPB-1,1.052245,,01/01/2024,12/31/2024
310034,MSPB-1,1.074884,,01/01/2024,12/31/2024
310038,MSPB-1,1.067766,,01/01/2024,12/31/2024
310039,MSPB-1,1.106260,,01/01/2024,12/31/2024
310040,MSPB-1,1.169477,,01/01/2024,12/31/2024
310041,MSPB-1,1.131482,,01/01/2024,12/31/2024
310044,MSPB-1,1.073203,,01/01/2024,12/31/2024
310045,MSPB-1,1.050191,,01/01/2024,12/31/2024
310047,MSPB-1,0.987670,,01/01/2024,12/31/2024
310048,MSPB-1,1.019453,,01/01/2024,12/31/2024
310050,MSPB-1,1.026774,,01/01/2024,12/31/2024
310051,MSPB-1,1.038002,,01/01/2024,12/31/2024
310052,MSPB-1,1.106538,,01/01/2024,12/31/2024
310054,MSPB-1,1.077689,,01/01/2024,12/31/2024
310057,MSPB-1,1.100878,,01/01/2024,12/31/2024
310058,MSPB-1,1.192687,,01/01/2024,12/31/2024
310060,MSPB-1,0.965341,,01/01/2024,12/31/2024
310061,MSPB-1,1.074968,,01/01/2024,12/31/2024
310064,MSPB-1,1.063175,,01/01/2024,12/31/2024
310069,MSPB-1,1.020141,,01/01/2024,12/31/2024
310070,MSPB-1,1.088809,,01/01/2024,12/31/2024
310073,MSPB-1,1.070183,,01/01/2024,12/31/2024
310074,MSPB-1,1.055783,,01/01/2024,12/31/2024
310075,MSPB-1,1.077662,,01/01/2024,12/31/2024
310076,MSPB-1,1.046534,,01/01/2024,12/31/2024
310083,MSPB-1,1.289862,,01/01/2024,12/31/2024
310084,MSPB-1,1.153952,,01/01/2024,12/31/2024
310086,MSPB-1,1.032676,,01/01/2024,12/31/2024
310092,MSPB-1,1.195317,,01/01/2024,12/31/2024
310096,MSPB-1,0.961352,,01/01/2024,12/31/2024
310108,MSPB-1,1.080865,,01/01/2024,12/31/2024
310110,MSPB-1,1.063313,,01/01/2024,12/31/2024
310111,MSPB-1,1.070390,,01/01/2024,12/31/2024
310112,MSPB-1,1.065125,,01/01/2024,12/31/2024
310113,MSPB-1,1.052605,,01/01/2024,12/31/2024
310115,MSPB-1,1.094366,,01/01/2024,12/31/2024
310118,MSPB-1,1.109883,,01/01/2024,12/31/2024
310119,MSPB-1,1.108345,,01/01/2024,12/31/2024
310130,MSPB-1,1.044957,,01/01/2024,12/31/2024
320001,MSPB-1,0.998916,,01/01/2024,12/31/2024
320002,MSPB-1,0.925503,,01/01/2024,12/31/2024
320004,MSPB-1,0.951734,,01/01/2024,12/31/2024
320005,MSPB-1,0.979149,,01/01/2024,12/31/2024
320006,MSPB-1,0.937390,,01/01/2024,12/31/2024
320009,MSPB-1,1.004935,,01/01/2024,12/31/2024
320011,MSPB-1,0.768602,,01/01/2024,12/31/2024
320017,MSPB-1,0.986570,,01/01/2024,12/31/2024
320018,MSPB-1,1.027969,,01/01/2024,12/31/2024
320021,MSPB-1,0.952421,,01/01/2024,12/31/2024
320022,MSPB-1,0.880602,,01/01/2024,12/31/2024
320030,MSPB-1,0.830006,,01/01/2024,12/31/2024
320033,MSPB-1,0.825170,,01/01/2024,12/31/2024
320059,MSPB-1,0.938756,,01/01/2024,12/31/2024
320060,MSPB-1,0.692892,,01/01/2024,12/31/2024
320061,MSPB-1,0.803680,,01/01/2024,12/31/2024
320062,MSPB-1,N/A,1,01/01/2024,12/31/2024
320063,MSPB-1,1.080277,,01/01/2024,12/31/2024
320065,MSPB-1,1.134760,,01/01/2024,12/31/2024
320074,MSPB-1,1.004448,,01/01/2024,12/31/2024
320084,MSPB-1,0.977124,,01/01/2024,12/31/2024
320085,MSPB-1,1.038841,,01/01/2024,12/31/2024
320086,MSPB-1,0.902758,,01/01/2024,12/31/2024
320090,MSPB-1,0.810565,,01/01/2024,12/31/2024
320091,MSPB-1,0.966832,,01/01/2024,12/31/2024
330005,MSPB-1,0.942103,,01/01/2024,12/31/2024
330006,MSPB-1,1.262035,,01/01/2024,12/31/2024
330009,MSPB-1,0.963875,,01/01/2024,12/31/2024
330011,MSPB-1,0.924637,,01/01/2024,12/31/2024
330013,MSPB-1,0.997021,,01/01/2024,12/31/2024
330014,MSPB-1,1.045964,,01/01/2024,12/31/2024
330019,MSPB-1,1.152800,,01/01/2024,12/31/2024
330023,MSPB-1,0.962368,,01/01/2024,12/31/2024
330024,MSPB-1,0.982486,,01/01/2024,12/31/2024
330027,MSPB-1,1.092385,,01/01/2024,12/31/2024
330028,MSPB-1,1.012952,,01/01/2024,12/31/2024
330030,MSPB-1,0.862392,,01/01/2024,12/31/2024
330033,MSPB-1,0.927583,,01/01/2024,12/31/2024
330043,MSPB-1,1.104367,,01/01/2024,12/31/2024
330044,MSPB-1,1.075127,,01/01/2024,12/31/2024
330045,MSPB-1,0.978265,,01/01/2024,12/31/2024
330046,MSPB-1,1.005381,,01/01/2024,12/31/2024
330047,MSPB-1,1.072666,,01/01/2024,12/31/2024
330049,MSPB-1,0.965963,,01/01/2024,12/31/2024
330055,MSPB-1,1.084177,,01/01/2024,12/31/2024
330056,MSPB-1,1.106676,,01/01/2024,12/31/2024
330057,MSPB-1,0.951917,,01/01/2024,12/31/2024
330058,MSPB-1,0.842394,,01/01/2024,12/31/2024
330059,MSPB-1,1.040026,,01/01/2024,12/31/2024
330065,MSPB-1,0.952109,,01/01/2024,12/31/2024
330073,MSPB-1,0.935373,,01/01/2024,12/31/2024
330074,MSPB-1,0.895195,,01/01/2024,12/31/2024
330078,MSPB-1,0.962229,,01/01/2024,12/31/2024
330079,MSPB-1,0.866205,,01/01/2024,12/31/2024
330080,MSPB-1,1.014161,,01/01/2024,12/31/2024
330085,MSPB-1,1.008600,,01/01/2024,12/31/2024
330086,MSPB-1,1.212575,,01/01/2024,12/31/2024
330090,MSPB-1,0.935478,,01/01/2024,12/31/2024
330094,MSPB-1,0.982348,,01/01/2024,12/31/2024
330096,MSPB-1,0.933431,,01/01/2024,12/31/2024
330100,MSPB-1,N/A,1,01/01/2024,12/31/2024
330101,MSPB-1,0.987522,,01/01/2024,12/31/2024
330102,MSPB-1,1.015024,,01/01/2024,12/31/2024
330103,MSPB-1,0.944874,,01/01/2024,12/31/2024
330104,MSPB-1,1.084333,,01/01/2024,12/31/2024
330106,MSPB-1,1.033514,,01/01/2024,12/31/2024
330107,MSPB-1,1.004873,,01/01/2024,12/31/2024
330111,MSPB-1,0.824898,,01/01/2024,12/31/2024
330115,MSPB-1,0.954101,,01/01/2024,12/31/2024
330119,MSPB-1,1.029073,,01/01/2024,12/31/2024
330125,MSPB-1,0.916371,,01/01/2024,12/31/2024
330126,MSPB-1,1.028290,,01/01/2024,12/31/2024
330127,MSPB-1,1.044300,,01/01/2024,12/31/2024
330128,MSPB-1,1.069995,,01/01/2024,12/31/2024
330135,MSPB-1,0.893546,,01/01/2024,12/31/2024
330136,MSPB-1,0.986673,,01/01/2024,12/31/2024
330140,MSPB-1,0.936584,,01/01/2024,12/31/2024
330141,MSPB-1,1.091932,,01/01/2024,12/31/2024
330151,MSPB-1,0.954254,,01/01/2024,12/31/2024
330153,MSPB-1,0.925929,,01/01/2024,12/31/2024
330157,MSPB-1,0.894023,,01/01/2024,12/31/2024
330158,MSPB-1,1.091978,,01/01/2024,12/31/2024
330160,MSPB-1,1.013905,,01/01/2024,12/31/2024
330162,MSPB-1,0.942468,,01/01/2024,12/31/2024
330164,MSPB-1,0.905297,,01/01/2024,12/31/2024
330166,MSPB-1,0.859856,,01/01/2024,12/31/2024
330169,MSPB-1,1.027148,,01/01/2024,12/31/2024
330175,MSPB-1,0.952391,,01/01/2024,12/31/2024
330180,MSPB-1,0.928322,,01/01/2024,12/31/2024
330181,MSPB-1,1.138019,,01/01/2024,12/31/2024
330182,MSPB-1,0.985164,,01/01/2024,12/31/2024
330184,MSPB-1,1.111328,,01/01/2024,12/31/2024
330185,MSPB-1,1.019007,,01/01/2024,12/31/2024
330188,MSPB-1,0.967100,,01/01/2024,12/31/2024
330191,MSPB-1,0.928852,,01/01/2024,12/31/2024
330193,MSPB-1,1.253430,,01/01/2024,12/31/2024
330194,MSPB-1,1.067802,,01/01/2024,12/31/2024
330195,MSPB-1,1.058433,,01/01/2024,12/31/2024
330196,MSPB-1,1.071170,,01/01/2024,12/31/2024
330197,MSPB-1,0.964088,,01/01/2024,12/31/2024
330198,MSPB-1,1.029748,,01/01/2024,12/31/2024
330199,MSPB-1,1.095127,,01/01/2024,12/31/2024
330202,MSPB-1,1.017340,,01/01/2024,12/31/2024
330203,MSPB-1,0.968923,,01/01/2024,12/31/2024
330204,MSPB-1,0.905223,,01/01/2024,12/31/2024
330205,MSPB-1,0.941376,,01/01/2024,12/31/2024
330208,MSPB-1,1.135755,,01/01/2024,12/31/2024
330214,MSPB-1,0.987650,,01/01/2024,12/31/2024
330215,MSPB-1,0.942286,,01/01/2024,12/31/2024
330218,MSPB-1,0.999233,,01/01/2024,12/31/2024
330219,MSPB-1,0.982354,,01/01/2024,12/31/2024
330221,MSPB-1,1.015358,,01/01/2024,12/31/2024
330222,MSPB-1,0.893539,,01/01/2024,12/31/2024
330224,MSPB-1,1.073632,,01/01/2024,12/31/2024
330226,MSPB-1,0.939447,,01/01/2024,12/31/2024
330229,MSPB-1,0.977375,,01/01/2024,12/31/2024
330231,MSPB-1,0.955064,,01/01/2024,12/31/2024
330233,MSPB-1,1.045615,,01/01/2024,12/31/2024
330234,MSPB-1,1.097444,,01/01/2024,12/31/2024
330235,MSPB-1,0.948292,,01/01/2024,12/31/2024
330238,MSPB-1,0.829750,,01/01/2024,12/31/2024
330239,MSPB-1,0.956545,,01/01/2024,12/31/2024
330240,MSPB-1,0.958673,,01/01/2024,12/31/2024
330241,MSPB-1,0.988194,,01/01/2024,12/31/2024
330246,MSPB-1,1.070884,,01/01/2024,12/31/2024
330250,MSPB-1,0.984586,,01/01/2024,12/31/2024
330259,MSPB-1,1.142653,,01/01/2024,12/31/2024
330261,MSPB-1,1.030749,,01/01/2024,12/31/2024
330264,MSPB-1,1.001677,,01/01/2024,12/31/2024
330265,MSPB-1,0.839766,,01/01/2024,12/31/2024
330267,MSPB-1,1.055070,,01/01/2024,12/31/2024
330270,MSPB-1,0.923001,,01/01/2024,12/31/2024
330273,MSPB-1,1.000548,,01/01/2024,12/31/2024
330276,MSPB-1,0.847843,,01/01/2024,12/31/2024
330277,MSPB-1,0.900184,,01/01/2024,12/31/2024
330279,MSPB-1,0.946066,,01/01/2024,12/31/2024
330285,MSPB-1,0.917140,,01/01/2024,12/31/2024
330286,MSPB-1,1.081986,,01/01/2024,12/31/2024
330304,MSPB-1,1.057670,,01/01/2024,12/31/2024
330307,MSPB-1,1.038489,,01/01/2024,12/31/2024
330331,MSPB-1,1.087567,,01/01/2024,12/31/2024
330332,MSPB-1,1.123365,,01/01/2024,12/31/2024
330350,MSPB-1,1.017616,,01/01/2024,12/31/2024
330386,MSPB-1,0.976626,,01/01/2024,12/31/2024
330393,MSPB-1,1.027406,,01/01/2024,12/31/2024
330394,MSPB-1,0.947219,,01/01/2024,12/31/2024
330395,MSPB-1,1.158453,,01/01/2024,12/31/2024
330396,MSPB-1,0.978101,,01/01/2024,12/31/2024
330399,MSPB-1,0.981854,,01/01/2024,12/31/2024
330401,MSPB-1,1.010971,,01/01/2024,12/31/2024
330406,MSPB-1,0.863979,,01/01/2024,12/31/2024
340001,MSPB-1,0.900192,,01/01/2024,12/31/2024
340002,MSPB-1,0.991216,,01/01/2024,12/31/2024
340003,MSPB-1,0.941461,,01/01/2024,12/31/2024
340004,MSPB-1,0.948976,,01/01/2024,12/31/2024
340008,MSPB-1,0.934008,,01/01/2024,12/31/2024
340010,MSPB-1,0.955223,,01/01/2024,12/31/2024
340013,MSPB-1,0.942434,,01/01/2024,12/31/2024
340014,MSPB-1,0.954214,,01/01/2024,12/31/2024
340015,MSPB-1,0.973850,,01/01/2024,12/31/2024
340016,MSPB-1,1.061452,,01/01/2024,12/31/2024
340017,MSPB-1,0.994012,,01/01/2024,12/31/2024
340020,MSPB-1,0.955740,,01/01/2024,12/31/2024
340021,MSPB-1,0.941882,,01/01/2024,12/31/2024
340023,MSPB-1,0.925104,,01/01/2024,12/31/2024
340024,MSPB-1,0.958656,,01/01/2024,12/31/2024
340027,MSPB-1,0.936176,,01/01/2024,12/31/2024
340028,MSPB-1,0.981548,,01/01/2024,12/31/2024
340030,MSPB-1,0.951632,,01/01/2024,12/31/2024
340032,MSPB-1,0.946211,,01/01/2024,12/31/2024
340039,MSPB-1,0.934834,,01/01/2024,12/31/2024
340040,MSPB-1,0.989523,,01/01/2024,12/31/2024
340041,MSPB-1,1.033113,,01/01/2024,12/31/2024
340042,MSPB-1,1.003124,,01/01/2024,12/31/2024
340047,MSPB-1,0.961964,,01/01/2024,12/31/2024
340049,MSPB-1,0.908323,,01/01/2024,12/31/2024
340050,MSPB-1,0.885303,,01/01/2024,12/31/2024
340051,MSPB-1,0.948854,,01/01/2024,12/31/2024
340053,MSPB-1,0.960906,,01/01/2024,12/31/2024
340060,MSPB-1,0.915545,,01/01/2024,12/31/2024
340061,MSPB-1,0.950274,,01/01/2024,12/31/2024
340064,MSPB-1,1.019240,,01/01/2024,12/31/2024
340068,MSPB-1,1.009793,,01/01/2024,12/31/2024
340069,MSPB-1,0.972564,,01/01/2024,12/31/2024
340070,MSPB-1,0.929548,,01/01/2024,12/31/2024
340071,MSPB-1,0.927742,,01/01/2024,12/31/2024
340075,MSPB-1,0.995371,,01/01/2024,12/31/2024
340084,MSPB-1,0.944484,,01/01/2024,12/31/2024
340085,MSPB-1,0.935612,,01/01/2024,12/31/2024
340087,MSPB-1,0.958690,,01/01/2024,12/31/2024
340090,MSPB-1,0.951750,,01/01/2024,12/31/2024
340091,MSPB-1,0.936905,,01/01/2024,12/31/2024
340096,MSPB-1,0.880952,,01/01/2024,12/31/2024
340097,MSPB-1,1.035476,,01/01/2024,12/31/2024
340098,MSPB-1,0.943428,,01/01/2024,12/31/2024
340099,MSPB-1,0.949329,,01/01/2024,12/31/2024
340107,MSPB-1,0.985317,,01/01/2024,12/31/2024
340109,MSPB-1,0.967107,,01/01/2024,12/31/2024
340113,MSPB-1,0.981508,,01/01/2024,12/31/2024
340114,MSPB-1,0.926357,,01/01/2024,12/31/2024
340115,MSPB-1,0.918437,,01/01/2024,12/31/2024
340116,MSPB-1,1.037138,,01/01/2024,12/31/2024
340119,MSPB-1,0.928051,,01/01/2024,12/31/2024
340120,MSPB-1,0.969434,,01/01/2024,12/31/2024
340123,MSPB-1,0.900025,,01/01/2024,12/31/2024
340126,MSPB-1,0.954026,,01/01/2024,12/31/2024
340127,MSPB-1,0.890396,,01/01/2024,12/31/2024
340129,MSPB-1,0.943734,,01/01/2024,12/31/2024
340130,MSPB-1,0.911840,,01/01/2024,12/31/2024
340131,MSPB-1,0.887656,,01/01/2024,12/31/2024
340132,MSPB-1,1.014737,,01/01/2024,12/31/2024
340141,MSPB-1,0.941974,,01/01/2024,12/31/2024
340142,MSPB-1,0.923264,,01/01/2024,12/31/2024
340143,MSPB-1,0.956925,,01/01/2024,12/31/2024
340145,MSPB-1,0.951567,,01/01/2024,12/31/2024
340147,MSPB-1,0.952129,,01/01/2024,12/31/2024
340148,MSPB-1,0.916932,,01/01/2024,12/31/2024
340151,MSPB-1,0.989884,,01/01/2024,12/31/2024
340155,MSPB-1,0.894206,,01/01/2024,12/31/2024
340156,MSPB-1,0.979080,,01/01/2024,12/31/2024
340158,MSPB-1,0.916271,,01/01/2024,12/31/2024
340159,MSPB-1,0.921107,,01/01/2024,12/31/2024
340166,MSPB-1,0.926282,,01/01/2024,12/31/2024
340168,MSPB-1,1.128878,,01/01/2024,12/31/2024
340171,MSPB-1,0.913504,,01/01/2024,12/31/2024
340173,MSPB-1,0.984611,,01/01/2024,12/31/2024
340183,MSPB-1,0.942270,,01/01/2024,12/31/2024
340184,MSPB-1,0.977957,,01/01/2024,12/31/2024
340188,MSPB-1,0.720700,,01/01/2024,12/31/2024
340190,MSPB-1,0.861645,,01/01/2024,12/31/2024
340195,MSPB-1,0.924353,,01/01/2024,12/31/2024
350002,MSPB-1,0.944528,,01/01/2024,12/31/2024
350006,MSPB-1,0.934945,,01/01/2024,12/31/2024
350011,MSPB-1,1.044430,,01/01/2024,12/31/2024
350015,MSPB-1,0.882652,,01/01/2024,12/31/2024
350019,MSPB-1,1.021542,,01/01/2024,12/31/2024
350063,MSPB-1,0.732177,,01/01/2024,12/31/2024
350070,MSPB-1,1.018526,,01/01/2024,12/31/2024
360001,MSPB-1,0.980755,,01/01/2024,12/31/2024
360002,MSPB-1,0.957311,,01/01/2024,12/31/2024
360003,MSPB-1,1.069647,,01/01/2024,12/31/2024
360006,MSPB-1,0.974827,,01/01/2024,12/31/2024
360008,MSPB-1,0.992360,,01/01/2024,12/31/2024
360009,MSPB-1,0.980636,,01/01/2024,12/31/2024
360010,MSPB-1,1.011673,,01/01/2024,12/31/2024
360011,MSPB-1,0.998130,,01/01/2024,12/31/2024
360012,MSPB-1,1.010080,,01/01/2024,12/31/2024
360013,MSPB-1,1.006736,,01/01/2024,12/31/2024
360014,MSPB-1,0.904417,,01/01/2024,12/31/2024
360016,MSPB-1,1.027111,,01/01/2024,12/31/2024
360017,MSPB-1,0.968624,,01/01/2024,12/31/2024
360020,MSPB-1,1.019285,,01/01/2024,12/31/2024
360025,MSPB-1,1.034633,,01/01/2024,12/31/2024
360026,MSPB-1,0.974220,,01/01/2024,12/31/2024
360027,MSPB-1,1.011267,,01/01/2024,12/31/2024
360029,MSPB-1,0.968600,,01/01/2024,12/31/2024
360032,MSPB-1,1.026227,,01/01/2024,12/31/2024
360035,MSPB-1,0.981233,,01/01/2024,12/31/2024
360036,MSPB-1,0.971111,,01/01/2024,12/31/2024
360039,MSPB-1,0.899284,,01/01/2024,12/31/2024
360040,MSPB-1,0.969136,,01/01/2024,12/31/2024
360041,MSPB-1,1.010734,,01/01/2024,12/31/2024
360046,MSPB-1,0.927090,,01/01/2024,12/31/2024
360048,MSPB-1,1.024241,,01/01/2024,12/31/2024
360051,MSPB-1,1.024913,,01/01/2024,12/31/2024
360054,MSPB-1,1.147278,,01/01/2024,12/31/2024
360055,MSPB-1,1.043506,,01/01/2024,12/31/2024
360056,MSPB-1,0.988475,,01/01/2024,12/31/2024
360058,MSPB-1,0.932708,,01/01/2024,12/31/2024
360059,MSPB-1,0.964599,,01/01/2024,12/31/2024
360064,MSPB-1,1.026443,,01/01/2024,12/31/2024
360065,MSPB-1,0.952847,,01/01/2024,12/31/2024
360066,MSPB-1,0.987974,,01/01/2024,12/31/2024
360068,MSPB-1,1.031757,,01/01/2024,12/31/2024
360070,MSPB-1,0.998698,,01/01/2024,12/31/2024
360071,MSPB-1,0.922458,,01/01/2024,12/31/2024
360072,MSPB-1,0.952740,,01/01/2024,12/31/2024
360075,MSPB-1,0.983834,,01/01/2024,12/31/2024
360076,MSPB-1,1.007518,,01/01/2024,12/31/2024
360077,MSPB-1,0.982282,,01/01/2024,12/31/2024
360078,MSPB-1,0.954522,,01/01/2024,12/31/2024
360079,MSPB-1,1.049461,,01/01/2024,12/31/2024
360080,MSPB-1,0.942933,,01/01/2024,12/31/2024
360082,MSPB-1,1.019982,,01/01/2024,12/31/2024
360084,MSPB-1,0.995080,,01/01/2024,12/31/2024
360085,MSPB-1,0.982876,,01/01/2024,12/31/2024
360086,MSPB-1,1.039929,,01/01/2024,12/31/2024
360087,MSPB-1,0.965144,,01/01/2024,12/31/2024
360089,MSPB-1,0.910584,,01/01/2024,12/31/2024
360091,MSPB-1,1.051162,,01/01/2024,12/31/2024
360092,MSPB-1,0.843319,,01/01/2024,12/31/2024
360095,MSPB-1,1.022645,,01/01/2024,12/31/2024
360096,MSPB-1,0.947280,,01/01/2024,12/31/2024
360098,MSPB-1,1.013054,,01/01/2024,12/31/2024
360107,MSPB-1,0.958895,,01/01/2024,12/31/2024
360109,MSPB-1,0.944081,,01/01/2024,12/31/2024
360112,MSPB-1,1.037668,,01/01/2024,12/31/2024
360118,MSPB-1,0.976224,,01/01/2024,12/31/2024
360121,MSPB-1,1.030247,,01/01/2024,12/31/2024
360123,MSPB-1,1.057872,,01/01/2024,12/31/2024
360125,MSPB-1,1.054049,,01/01/2024,12/31/2024
360131,MSPB-1,1.067996,,01/01/2024,12/31/2024
360132,MSPB-1,1.009955,,01/01/2024,12/31/2024
360133,MSPB-1,0.993855,,01/01/2024,12/31/2024
360134,MSPB-1,0.957897,,01/01/2024,12/31/2024
360137,MSPB-1,1.046656,,01/01/2024,12/31/2024
360143,MSPB-1,1.003933,,01/01/2024,12/31/2024
360144,MSPB-1,0.955979,,01/01/2024,12/31/2024
360145,MSPB-1,1.038206,,01/01/2024,12/31/2024
360147,MSPB-1,0.971007,,01/01/2024,12/31/2024
360148,MSPB-1,0.835972,,01/01/2024,12/31/2024
360150,MSPB-1,0.972180,,01/01/2024,12/31/2024
360152,MSPB-1,0.961722,,01/01/2024,12/31/2024
360155,MSPB-1,0.971911,,01/01/2024,12/31/2024
360156,MSPB-1,0.951643,,01/01/2024,12/31/2024
360159,MSPB-1,1.005683,,01/01/2024,12/31/2024
360161,MSPB-1,1.020621,,01/01/2024,12/31/2024
360163,MSPB-1,0.961786,,01/01/2024,12/31/2024
360170,MSPB-1,0.879236,,01/01/2024,12/31/2024
360172,MSPB-1,1.155604,,01/01/2024,12/31/2024
360174,MSPB-1,0.948276,,01/01/2024,12/31/2024
360175,MSPB-1,1.056496,,01/01/2024,12/31/2024
360179,MSPB-1,0.997146,,01/01/2024,12/31/2024
360180,MSPB-1,0.950129,,01/01/2024,12/31/2024
360185,MSPB-1,1.021427,,01/01/2024,12/31/2024
360189,MSPB-1,0.827432,,01/01/2024,12/31/2024
360197,MSPB-1,0.976022,,01/01/2024,12/31/2024
360203,MSPB-1,0.920608,,01/01/2024,12/31/2024
360210,MSPB-1,0.915969,,01/01/2024,12/31/2024
360211,MSPB-1,1.028662,,01/01/2024,12/31/2024
360218,MSPB-1,1.001064,,01/01/2024,12/31/2024
360230,MSPB-1,0.986049,,01/01/2024,12/31/2024
360234,MSPB-1,0.950447,,01/01/2024,12/31/2024
360236,MSPB-1,0.957751,,01/01/2024,12/31/2024
360239,MSPB-1,1.038259,,01/01/2024,12/31/2024
360245,MSPB-1,0.775838,,01/01/2024,12/31/2024
360259,MSPB-1,0.973834,,01/01/2024,12/31/2024
360263,MSPB-1,0.910110,,01/01/2024,12/31/2024
360266,MSPB-1,0.928050,,01/01/2024,12/31/2024
360270,MSPB-1,0.910254,,01/01/2024,12/31/2024
360276,MSPB-1,1.008676,,01/01/2024,12/31/2024
360348,MSPB-1,0.922564,,01/01/2024,12/31/2024
360351,MSPB-1,0.847083,,01/01/2024,12/31/2024
360352,MSPB-1,0.954794,,01/01/2024,12/31/2024
360354,MSPB-1,0.995579,,01/01/2024,12/31/2024
360355,MSPB-1,0.951858,,01/01/2024,12/31/2024
360358,MSPB-1,N/A,1,01/01/2024,12/31/2024
360359,MSPB-1,1.008193,,01/01/2024,12/31/2024
360360,MSPB-1,0.993845,,01/01/2024,12/31/2024
360361,MSPB-1,N/A,1,01/01/2024,12/31/2024
360364,MSPB-1,0.936505,,01/01/2024,12/31/2024
360365,MSPB-1,1.076187,,01/01/2024,12/31/2024
360367,MSPB-1,1.068881,,01/01/2024,12/31/2024
360368,MSPB-1,0.923093,,01/01/2024,12/31/2024
360374,MSPB-1,0.947378,,01/01/2024,12/31/2024
370001,MSPB-1,1.044923,,01/01/2024,12/31/2024
370002,MSPB-1,1.082129,,01/01/2024,12/31/2024
370004,MSPB-1,0.948908,,01/01/2024,12/31/2024
370006,MSPB-1,0.998211,,01/01/2024,12/31/2024
370008,MSPB-1,0.951856,,01/01/2024,12/31/2024
370013,MSPB-1,1.172250,,01/01/2024,12/31/2024
370014,MSPB-1,0.978353,,01/01/2024,12/31/2024
370015,MSPB-1,0.896058,,01/01/2024,12/31/2024
370016,MSPB-1,1.105580,,01/01/2024,12/31/2024
370018,MSPB-1,0.984963,29,01/01/2024,12/31/2024
370019,MSPB-1,1.084308,,01/01/2024,12/31/2024
370020,MSPB-1,0.997651,,01/01/2024,12/31/2024
370022,MSPB-1,1.021855,,01/01/2024,12/31/2024
370023,MSPB-1,1.003272,,01/01/2024,12/31/2024
370025,MSPB-1,0.994985,,01/01/2024,12/31/2024
370026,MSPB-1,1.039427,,01/01/2024,12/31/2024
370028,MSPB-1,1.067897,,01/01/2024,12/31/2024
370034,MSPB-1,0.979353,,01/01/2024,12/31/2024
370037,MSPB-1,1.003137,,01/01/2024,12/31/2024
370039,MSPB-1,0.909051,,01/01/2024,12/31/2024
370047,MSPB-1,1.031759,,01/01/2024,12/31/2024
370049,MSPB-1,1.027740,,01/01/2024,12/31/2024
370054,MSPB-1,1.022880,,01/01/2024,12/31/2024
370056,MSPB-1,0.966159,,01/01/2024,12/31/2024
370057,MSPB-1,0.978107,,01/01/2024,12/31/2024
370078,MSPB-1,1.032101,,01/01/2024,12/31/2024
370083,MSPB-1,1.088400,,01/01/2024,12/31/2024
370089,MSPB-1,0.973498,,01/01/2024,12/31/2024
370091,MSPB-1,1.028832,,01/01/2024,12/31/2024
370093,MSPB-1,1.075872,,01/01/2024,12/31/2024
370094,MSPB-1,N/A,1,01/01/2024,12/31/2024
370097,MSPB-1,1.016630,,01/01/2024,12/31/2024
370099,MSPB-1,0.959682,,01/01/2024,12/31/2024
370100,MSPB-1,1.249664,,01/01/2024,12/31/2024
370106,MSPB-1,1.160873,,01/01/2024,12/31/2024
370112,MSPB-1,1.048482,,01/01/2024,12/31/2024
370113,MSPB-1,1.047260,,01/01/2024,12/31/2024
370114,MSPB-1,1.063618,29,01/01/2024,12/31/2024
370149,MSPB-1,0.924091,,01/01/2024,12/31/2024
370158,MSPB-1,1.021689,,01/01/2024,12/31/2024
370166,MSPB-1,0.892707,,01/01/2024,12/31/2024
370170,MSPB-1,0.885391,,01/01/2024,12/31/2024
370171,MSPB-1,0.889113,,01/01/2024,12/31/2024
370172,MSPB-1,0.892632,,01/01/2024,12/31/2024
370173,MSPB-1,0.750830,,01/01/2024,12/31/2024
370178,MSPB-1,0.809057,,01/01/2024,12/31/2024
370180,MSPB-1,0.729269,,01/01/2024,12/31/2024
370183,MSPB-1,0.786911,,01/01/2024,12/31/2024
370192,MSPB-1,0.983581,,01/01/2024,12/31/2024
370199,MSPB-1,N/A,1,01/01/2024,12/31/2024
370201,MSPB-1,0.891287,,01/01/2024,12/31/2024
370202,MSPB-1,0.993038,,01/01/2024,12/31/2024
370203,MSPB-1,1.041142,,01/01/2024,12/31/2024
370206,MSPB-1,1.007144,,01/01/2024,12/31/2024
370210,MSPB-1,1.010358,,01/01/2024,12/31/2024
370211,MSPB-1,1.033947,,01/01/2024,12/31/2024
370212,MSPB-1,0.934441,,01/01/2024,12/31/2024
370215,MSPB-1,1.012208,,01/01/2024,12/31/2024
370216,MSPB-1,0.943837,,01/01/2024,12/31/2024
370218,MSPB-1,0.931421,,01/01/2024,12/31/2024
370220,MSPB-1,0.945857,,01/01/2024,12/31/2024
370222,MSPB-1,0.964827,,01/01/2024,12/31/2024
370225,MSPB-1,1.104803,,01/01/2024,12/31/2024
370227,MSPB-1,0.795778,29,01/01/2024,12/31/2024
370228,MSPB-1,0.891404,,01/01/2024,12/31/2024
370234,MSPB-1,0.982201,,01/01/2024,12/31/2024
370235,MSPB-1,0.975431,29,01/01/2024,12/31/2024
370236,MSPB-1,1.016983,,01/01/2024,12/31/2024
370237,MSPB-1,0.833282,,01/01/2024,12/31/2024
370240,MSPB-1,0.912113,,01/01/2024,12/31/2024
370243,MSPB-1,N/A,1,01/01/2024,12/31/2024
370244,MSPB-1,1.064528,,01/01/2024,12/31/2024
370245,MSPB-1,1.036463,,01/01/2024,12/31/2024
370246,MSPB-1,N/A,1,01/01/2024,12/31/2024
380001,MSPB-1,0.805538,,01/01/2024,12/31/2024
380002,MSPB-1,0.865451,,01/01/2024,12/31/2024
380004,MSPB-1,0.886168,,01/01/2024,12/31/2024
380005,MSPB-1,0.818841,,01/01/2024,12/31/2024
380007,MSPB-1,0.969707,,01/01/2024,12/31/2024
380009,MSPB-1,0.965023,,01/01/2024,12/31/2024
380014,MSPB-1,0.864588,,01/01/2024,12/31/2024
380017,MSPB-1,0.955221,,01/01/2024,12/31/2024
380018,MSPB-1,0.929735,,01/01/2024,12/31/2024
380020,MSPB-1,0.854591,,01/01/2024,12/31/2024
380021,MSPB-1,0.959131,,01/01/2024,12/31/2024
380022,MSPB-1,0.896913,,01/01/2024,12/31/2024
380025,MSPB-1,0.872460,,01/01/2024,12/31/2024
380027,MSPB-1,0.859313,,01/01/2024,12/31/2024
380029,MSPB-1,0.817899,,01/01/2024,12/31/2024
380037,MSPB-1,0.832902,,01/01/2024,12/31/2024
380038,MSPB-1,0.868572,,01/01/2024,12/31/2024
380047,MSPB-1,0.901339,,01/01/2024,12/31/2024
380050,MSPB-1,0.772930,,01/01/2024,12/31/2024
380051,MSPB-1,0.899094,,01/01/2024,12/31/2024
380052,MSPB-1,0.909302,,01/01/2024,12/31/2024
380056,MSPB-1,0.907539,,01/01/2024,12/31/2024
380060,MSPB-1,0.943341,,01/01/2024,12/31/2024
380061,MSPB-1,0.938498,,01/01/2024,12/31/2024
380071,MSPB-1,0.842295,,01/01/2024,12/31/2024
380075,MSPB-1,0.913056,,01/01/2024,12/31/2024
380082,MSPB-1,0.910105,,01/01/2024,12/31/2024
380089,MSPB-1,0.870989,,01/01/2024,12/31/2024
380090,MSPB-1,0.867885,,01/01/2024,12/31/2024
380091,MSPB-1,0.890352,,01/01/2024,12/31/2024
380102,MSPB-1,0.893484,,01/01/2024,12/31/2024
380103,MSPB-1,0.848699,,01/01/2024,12/31/2024
390001,MSPB-1,0.992524,,01/01/2024,12/31/2024
390002,MSPB-1,1.024519,,01/01/2024,12/31/2024
390003,MSPB-1,0.939922,,01/01/2024,12/31/2024
390004,MSPB-1,1.106411,,01/01/2024,12/31/2024
390006,MSPB-1,0.989844,,01/01/2024,12/31/2024
390009,MSPB-1,0.992120,,01/01/2024,12/31/2024
390012,MSPB-1,0.967785,,01/01/2024,12/31/2024
390013,MSPB-1,0.910083,,01/01/2024,12/31/2024
390016,MSPB-1,1.034832,,01/01/2024,12/31/2024
390026,MSPB-1,0.993815,,01/01/2024,12/31/2024
390027,MSPB-1,1.016303,,01/01/2024,12/31/2024
390028,MSPB-1,1.080035,,01/01/2024,12/31/2024
390030,MSPB-1,1.072004,,01/01/2024,12/31/2024
390032,MSPB-1,1.002979,,01/01/2024,12/31/2024
390035,MSPB-1,0.918033,,01/01/2024,12/31/2024
390036,MSPB-1,1.138653,,01/01/2024,12/31/2024
390037,MSPB-1,1.117155,,01/01/2024,12/31/2024
390039,MSPB-1,0.954747,,01/01/2024,12/31/2024
390041,MSPB-1,0.932700,,01/01/2024,12/31/2024
390042,MSPB-1,0.993488,,01/01/2024,12/31/2024
390044,MSPB-1,1.015379,,01/01/2024,12/31/2024
390045,MSPB-1,1.017571,,01/01/2024,12/31/2024
390046,MSPB-1,1.009760,,01/01/2024,12/31/2024
390048,MSPB-1,0.936386,,01/01/2024,12/31/2024
390049,MSPB-1,0.966693,,01/01/2024,12/31/2024
390050,MSPB-1,1.047270,,01/01/2024,12/31/2024
390056,MSPB-1,0.930455,,01/01/2024,12/31/2024
390057,MSPB-1,0.966900,,01/01/2024,12/31/2024
390058,MSPB-1,1.007957,,01/01/2024,12/31/2024
390062,MSPB-1,0.932770,,01/01/2024,12/31/2024
390063,MSPB-1,1.057263,,01/01/2024,12/31/2024
390065,MSPB-1,0.966036,,01/01/2024,12/31/2024
390066,MSPB-1,0.964118,,01/01/2024,12/31/2024
390067,MSPB-1,1.050414,,01/01/2024,12/31/2024
390068,MSPB-1,0.980645,,01/01/2024,12/31/2024
390070,MSPB-1,0.939899,,01/01/2024,12/31/2024
390073,MSPB-1,1.116006,,01/01/2024,12/31/2024
390079,MSPB-1,0.977051,,01/01/2024,12/31/2024
390086,MSPB-1,0.987958,,01/01/2024,12/31/2024
390090,MSPB-1,1.070465,,01/01/2024,12/31/2024
390091,MSPB-1,0.962037,,01/01/2024,12/31/2024
390093,MSPB-1,0.954649,,01/01/2024,12/31/2024
390096,MSPB-1,1.053079,,01/01/2024,12/31/2024
390097,MSPB-1,0.929427,,01/01/2024,12/31/2024
390100,MSPB-1,0.970412,,01/01/2024,12/31/2024
390101,MSPB-1,1.095894,,01/01/2024,12/31/2024
390102,MSPB-1,1.012051,,01/01/2024,12/31/2024
390107,MSPB-1,0.979429,,01/01/2024,12/31/2024
390110,MSPB-1,1.032959,,01/01/2024,12/31/2024
390111,MSPB-1,1.033552,,01/01/2024,12/31/2024
390112,MSPB-1,1.021653,,01/01/2024,12/31/2024
390113,MSPB-1,0.938538,,01/01/2024,12/31/2024
390114,MSPB-1,1.015233,,01/01/2024,12/31/2024
390115,MSPB-1,1.046460,,01/01/2024,12/31/2024
390116,MSPB-1,0.902573,,01/01/2024,12/31/2024
390117,MSPB-1,1.040661,,01/01/2024,12/31/2024
390123,MSPB-1,0.998432,,01/01/2024,12/31/2024
390125,MSPB-1,1.016789,,01/01/2024,12/31/2024
390127,MSPB-1,0.976448,,01/01/2024,12/31/2024
390133,MSPB-1,0.960460,,01/01/2024,12/31/2024
390137,MSPB-1,1.184195,,01/01/2024,12/31/2024
390138,MSPB-1,0.890741,,01/01/2024,12/31/2024
390139,MSPB-1,0.996031,,01/01/2024,12/31/2024
390142,MSPB-1,1.046331,,01/01/2024,12/31/2024
390145,MSPB-1,0.938050,,01/01/2024,12/31/2024
390146,MSPB-1,0.909155,,01/01/2024,12/31/2024
390147,MSPB-1,0.970648,,01/01/2024,12/31/2024
390150,MSPB-1,1.022054,,01/01/2024,12/31/2024
390151,MSPB-1,0.941634,,01/01/2024,12/31/2024
390153,MSPB-1,1.002924,,01/01/2024,12/31/2024
390156,MSPB-1,1.039939,,01/01/2024,12/31/2024
390160,MSPB-1,1.035735,,01/01/2024,12/31/2024
390162,MSPB-1,0.945553,,01/01/2024,12/31/2024
390163,MSPB-1,0.915101,,01/01/2024,12/31/2024
390164,MSPB-1,1.005594,,01/01/2024,12/31/2024
390168,MSPB-1,0.938158,,01/01/2024,12/31/2024
390173,MSPB-1,0.979309,,01/01/2024,12/31/2024
390174,MSPB-1,0.995812,,01/01/2024,12/31/2024
390178,MSPB-1,0.953572,,01/01/2024,12/31/2024
390179,MSPB-1,0.969225,,01/01/2024,12/31/2024
390180,MSPB-1,1.085946,,01/01/2024,12/31/2024
390183,MSPB-1,0.890283,,01/01/2024,12/31/2024
390184,MSPB-1,0.833393,,01/01/2024,12/31/2024
390185,MSPB-1,1.004173,,01/01/2024,12/31/2024
390195,MSPB-1,1.000269,,01/01/2024,12/31/2024
390198,MSPB-1,1.150120,,01/01/2024,12/31/2024
390199,MSPB-1,0.946190,,01/01/2024,12/31/2024
390201,MSPB-1,0.989772,,01/01/2024,12/31/2024
390203,MSPB-1,0.947352,,01/01/2024,12/31/2024
390204,MSPB-1,1.056789,,01/01/2024,12/31/2024
390211,MSPB-1,0.955529,,01/01/2024,12/31/2024
390217,MSPB-1,0.925771,,01/01/2024,12/31/2024
390219,MSPB-1,0.931304,,01/01/2024,12/31/2024
390222,MSPB-1,0.986958,,01/01/2024,12/31/2024
390223,MSPB-1,0.992669,,01/01/2024,12/31/2024
390225,MSPB-1,0.927541,,01/01/2024,12/31/2024
390226,MSPB-1,1.011570,,01/01/2024,12/31/2024
390228,MSPB-1,0.941461,,01/01/2024,12/31/2024
390231,MSPB-1,0.969314,,01/01/2024,12/31/2024
390233,MSPB-1,1.010822,,01/01/2024,12/31/2024
390237,MSPB-1,1.080173,,01/01/2024,12/31/2024
390256,MSPB-1,1.049586,,01/01/2024,12/31/2024
390258,MSPB-1,1.071525,,01/01/2024,12/31/2024
390265,MSPB-1,0.971049,,01/01/2024,12/31/2024
390266,MSPB-1,0.812755,,01/01/2024,12/31/2024
390267,MSPB-1,1.034265,,01/01/2024,12/31/2024
390268,MSPB-1,1.030259,,01/01/2024,12/31/2024
390270,MSPB-1,0.996543,,01/01/2024,12/31/2024
390272,MSPB-1,0.879520,,01/01/2024,12/31/2024
390278,MSPB-1,N/A,1,01/01/2024,12/31/2024
390304,MSPB-1,0.980999,,01/01/2024,12/31/2024
390307,MSPB-1,N/A,1,01/01/2024,12/31/2024
390316,MSPB-1,0.925825,,01/01/2024,12/31/2024
390322,MSPB-1,0.773297,,01/01/2024,12/31/2024
390323,MSPB-1,0.838933,,01/01/2024,12/31/2024
390324,MSPB-1,0.862347,,01/01/2024,12/31/2024
390325,MSPB-1,0.752061,,01/01/2024,12/31/2024
390326,MSPB-1,0.920624,,01/01/2024,12/31/2024
390327,MSPB-1,1.088370,,01/01/2024,12/31/2024
390328,MSPB-1,1.000019,,01/01/2024,12/31/2024
390329,MSPB-1,1.036039,,01/01/2024,12/31/2024
390330,MSPB-1,0.924036,,01/01/2024,12/31/2024
390331,MSPB-1,N/A,1,01/01/2024,12/31/2024
390332,MSPB-1,0.943380,,01/01/2024,12/31/2024
390333,MSPB-1,0.624661,,01/01/2024,12/31/2024
390334,MSPB-1,0.962975,,01/01/2024,12/31/2024
390335,MSPB-1,0.929708,,01/01/2024,12/31/2024
390336,MSPB-1,1.104543,,01/01/2024,12/31/2024
390337,MSPB-1,0.870704,,01/01/2024,12/31/2024
390338,MSPB-1,1.008780,,01/01/2024,12/31/2024
390339,MSPB-1,0.989837,,01/01/2024,12/31/2024
390430,MSPB-1,N/A,1,01/01/2024,12/31/2024
410004,MSPB-1,1.019550,,01/01/2024,12/31/2024
410005,MSPB-1,1.022452,,01/01/2024,12/31/2024
410006,MSPB-1,0.987729,,01/01/2024,12/31/2024
410007,MSPB-1,1.017918,,01/01/2024,12/31/2024
410008,MSPB-1,0.948639,,01/01/2024,12/31/2024
410009,MSPB-1,1.030749,,01/01/2024,12/31/2024
410010,MSPB-1,1.036099,,01/01/2024,12/31/2024
410011,MSPB-1,0.967209,,01/01/2024,12/31/2024
410012,MSPB-1,0.955379,,01/01/2024,12/31/2024
410013,MSPB-1,0.936457,,01/01/2024,12/31/2024
420002,MSPB-1,1.027068,,01/01/2024,12/31/2024
420004,MSPB-1,0.982910,,01/01/2024,12/31/2024
420005,MSPB-1,0.870904,,01/01/2024,12/31/2024
420007,MSPB-1,1.029364,,01/01/2024,12/31/2024
420009,MSPB-1,0.995305,,01/01/2024,12/31/2024
420010,MSPB-1,1.008462,,01/01/2024,12/31/2024
420011,MSPB-1,1.056778,,01/01/2024,12/31/2024
420015,MSPB-1,0.961326,,01/01/2024,12/31/2024
420018,MSPB-1,1.045273,,01/01/2024,12/31/2024
420019,MSPB-1,1.026933,,01/01/2024,12/31/2024
420020,MSPB-1,0.944841,,01/01/2024,12/31/2024
420023,MSPB-1,1.007756,,01/01/2024,12/31/2024
420026,MSPB-1,1.022569,,01/01/2024,12/31/2024
420027,MSPB-1,1.114335,,01/01/2024,12/31/2024
420030,MSPB-1,0.950293,,01/01/2024,12/31/2024
420033,MSPB-1,0.953888,,01/01/2024,12/31/2024
420036,MSPB-1,1.070386,,01/01/2024,12/31/2024
420037,MSPB-1,0.977560,,01/01/2024,12/31/2024
420038,MSPB-1,0.932569,,01/01/2024,12/31/2024
420043,MSPB-1,0.948866,,01/01/2024,12/31/2024
420048,MSPB-1,1.098018,,01/01/2024,12/31/2024
420049,MSPB-1,1.025144,,01/01/2024,12/31/2024
420051,MSPB-1,1.002476,,01/01/2024,12/31/2024
420053,MSPB-1,1.005328,,01/01/2024,12/31/2024
420055,MSPB-1,0.952958,,01/01/2024,12/31/2024
420065,MSPB-1,1.008902,,01/01/2024,12/31/2024
420067,MSPB-1,0.958584,,01/01/2024,12/31/2024
420070,MSPB-1,0.950349,,01/01/2024,12/31/2024
420071,MSPB-1,1.069579,,01/01/2024,12/31/2024
420072,MSPB-1,0.959123,,01/01/2024,12/31/2024
420073,MSPB-1,1.002082,,01/01/2024,12/31/2024
420078,MSPB-1,1.030418,,01/01/2024,12/31/2024
420079,MSPB-1,1.008513,,01/01/2024,12/31/2024
420080,MSPB-1,1.024734,,01/01/2024,12/31/2024
420082,MSPB-1,0.949969,,01/01/2024,12/31/2024
420085,MSPB-1,0.957557,,01/01/2024,12/31/2024
420086,MSPB-1,1.041947,,01/01/2024,12/31/2024
420087,MSPB-1,1.023985,,01/01/2024,12/31/2024
420089,MSPB-1,0.988274,,01/01/2024,12/31/2024
420091,MSPB-1,0.975699,,01/01/2024,12/31/2024
420098,MSPB-1,0.993795,,01/01/2024,12/31/2024
420101,MSPB-1,1.026240,,01/01/2024,12/31/2024
420102,MSPB-1,0.899958,,01/01/2024,12/31/2024
420103,MSPB-1,1.031431,,01/01/2024,12/31/2024
420104,MSPB-1,0.972192,,01/01/2024,12/31/2024
420105,MSPB-1,0.999935,,01/01/2024,12/31/2024
420106,MSPB-1,0.975479,,01/01/2024,12/31/2024
420107,MSPB-1,1.040703,,01/01/2024,12/31/2024
420108,MSPB-1,0.844759,,01/01/2024,12/31/2024
420109,MSPB-1,0.936683,,01/01/2024,12/31/2024
420110,MSPB-1,0.964584,,01/01/2024,12/31/2024
420117,MSPB-1,0.959732,,01/01/2024,12/31/2024
430005,MSPB-1,0.975147,,01/01/2024,12/31/2024
430008,MSPB-1,0.911332,,01/01/2024,12/31/2024
430012,MSPB-1,0.942344,,01/01/2024,12/31/2024
430014,MSPB-1,1.023369,,01/01/2024,12/31/2024
430015,MSPB-1,0.934744,,01/01/2024,12/31/2024
430016,MSPB-1,1.024235,,01/01/2024,12/31/2024
430027,MSPB-1,1.067684,,01/01/2024,12/31/2024
430048,MSPB-1,0.919769,,01/01/2024,12/31/2024
430077,MSPB-1,1.003989,,01/01/2024,12/31/2024
430084,MSPB-1,0.887107,,01/01/2024,12/31/2024
430089,MSPB-1,0.952058,,01/01/2024,12/31/2024
430090,MSPB-1,0.935412,,01/01/2024,12/31/2024
430091,MSPB-1,0.870342,,01/01/2024,12/31/2024
430093,MSPB-1,N/A,1,01/01/2024,12/31/2024
430095,MSPB-1,1.017244,,01/01/2024,12/31/2024
430097,MSPB-1,0.911787,,01/01/2024,12/31/2024
430098,MSPB-1,0.732936,,01/01/2024,12/31/2024
440002,MSPB-1,1.097609,,01/01/2024,12/31/2024
440003,MSPB-1,1.009550,,01/01/2024,12/31/2024
440006,MSPB-1,1.074490,,01/01/2024,12/31/2024
440007,MSPB-1,1.150489,,01/01/2024,12/31/2024
440008,MSPB-1,1.204273,,01/01/2024,12/31/2024
440009,MSPB-1,0.954301,,01/01/2024,12/31/2024
440011,MSPB-1,0.970022,,01/01/2024,12/31/2024
440012,MSPB-1,1.038962,,01/01/2024,12/31/2024
440015,MSPB-1,0.986382,,01/01/2024,12/31/2024
440016,MSPB-1,1.015356,,01/01/2024,12/31/2024
440017,MSPB-1,1.101469,,01/01/2024,12/31/2024
440018,MSPB-1,1.102961,,01/01/2024,12/31/2024
440020,MSPB-1,0.941691,,01/01/2024,12/31/2024
440029,MSPB-1,1.022555,,01/01/2024,12/31/2024
440030,MSPB-1,0.956249,,01/01/2024,12/31/2024
440031,MSPB-1,0.874968,,01/01/2024,12/31/2024
440032,MSPB-1,0.959396,,01/01/2024,12/31/2024
440033,MSPB-1,1.105155,,01/01/2024,12/31/2024
440034,MSPB-1,0.953976,,01/01/2024,12/31/2024
440035,MSPB-1,1.006371,,01/01/2024,12/31/2024
440039,MSPB-1,0.995905,,01/01/2024,12/31/2024
440046,MSPB-1,1.025345,,01/01/2024,12/31/2024
440048,MSPB-1,0.994125,,01/01/2024,12/31/2024
440049,MSPB-1,1.028197,,01/01/2024,12/31/2024
440050,MSPB-1,0.990896,,01/01/2024,12/31/2024
440053,MSPB-1,1.042611,29,01/01/2024,12/31/2024
440056,MSPB-1,0.986863,,01/01/2024,12/31/2024
440057,MSPB-1,1.022153,,01/01/2024,12/31/2024
440058,MSPB-1,1.014777,,01/01/2024,12/31/2024
440059,MSPB-1,0.979381,,01/01/2024,12/31/2024
440060,MSPB-1,1.029166,,01/01/2024,12/31/2024
440061,MSPB-1,1.197757,,01/01/2024,12/31/2024
440063,MSPB-1,1.056015,,01/01/2024,12/31/2024
440065,MSPB-1,0.949279,,01/01/2024,12/31/2024
440068,MSPB-1,0.935229,,01/01/2024,12/31/2024
440072,MSPB-1,1.130519,,01/01/2024,12/31/2024
440073,MSPB-1,1.058393,,01/01/2024,12/31/2024
440081,MSPB-1,0.935186,,01/01/2024,12/31/2024
440082,MSPB-1,1.015166,29,01/01/2024,12/31/2024
440084,MSPB-1,1.003982,,01/01/2024,12/31/2024
440091,MSPB-1,1.027760,,01/01/2024,12/31/2024
440102,MSPB-1,1.227068,,01/01/2024,12/31/2024
440104,MSPB-1,1.063315,,01/01/2024,12/31/2024
440109,MSPB-1,0.998943,,01/01/2024,12/31/2024
440110,MSPB-1,1.032032,,01/01/2024,12/31/2024
440111,MSPB-1,1.049862,,01/01/2024,12/31/2024
440120,MSPB-1,1.044723,,01/01/2024,12/31/2024
440125,MSPB-1,0.997369,,01/01/2024,12/31/2024
440130,MSPB-1,1.164852,,01/01/2024,12/31/2024
440131,MSPB-1,0.952411,,01/01/2024,12/31/2024
440132,MSPB-1,1.012620,,01/01/2024,12/31/2024
440137,MSPB-1,0.909696,,01/01/2024,12/31/2024
440144,MSPB-1,0.989737,,01/01/2024,12/31/2024
440148,MSPB-1,N/A,1,01/01/2024,12/31/2024
440150,MSPB-1,0.979738,,01/01/2024,12/31/2024
440151,MSPB-1,1.069410,29,01/01/2024,12/31/2024
440152,MSPB-1,1.139014,,01/01/2024,12/31/2024
440153,MSPB-1,0.853530,,01/01/2024,12/31/2024
440156,MSPB-1,0.980969,,01/01/2024,12/31/2024
440161,MSPB-1,1.004081,,01/01/2024,12/31/2024
440173,MSPB-1,0.966421,,01/01/2024,12/31/2024
440175,MSPB-1,1.072783,,01/01/2024,12/31/2024
440176,MSPB-1,0.985526,,01/01/2024,12/31/2024
440183,MSPB-1,1.042280,,01/01/2024,12/31/2024
440184,MSPB-1,0.952742,,01/01/2024,12/31/2024
440185,MSPB-1,0.998960,,01/01/2024,12/31/2024
440187,MSPB-1,1.092096,,01/01/2024,12/31/2024
440192,MSPB-1,N/A,1,01/01/2024,12/31/2024
440193,MSPB-1,0.956381,,01/01/2024,12/31/2024
440194,MSPB-1,0.946632,,01/01/2024,12/31/2024
440197,MSPB-1,1.084390,,01/01/2024,12/31/2024
440200,MSPB-1,N/A,1,01/01/2024,12/31/2024
440218,MSPB-1,N/A,5,01/01/2024,12/31/2024
440227,MSPB-1,0.981960,,01/01/2024,12/31/2024
440228,MSPB-1,0.960153,,01/01/2024,12/31/2024
440238,MSPB-1,1.055614,,01/01/2024,12/31/2024
450002,MSPB-1,1.040572,,01/01/2024,12/31/2024
450007,MSPB-1,0.970567,,01/01/2024,12/31/2024
450010,MSPB-1,1.184444,,01/01/2024,12/31/2024
450011,MSPB-1,1.074707,,01/01/2024,12/31/2024
450015,MSPB-1,0.862449,,01/01/2024,12/31/2024
450018,MSPB-1,1.058299,,01/01/2024,12/31/2024
450021,MSPB-1,1.020003,,01/01/2024,12/31/2024
450023,MSPB-1,1.224139,,01/01/2024,12/31/2024
450024,MSPB-1,1.117284,,01/01/2024,12/31/2024
450028,MSPB-1,1.047996,,01/01/2024,12/31/2024
450029,MSPB-1,0.983643,,01/01/2024,12/31/2024
450032,MSPB-1,1.013922,,01/01/2024,12/31/2024
450033,MSPB-1,1.043459,,01/01/2024,12/31/2024
450034,MSPB-1,1.087018,,01/01/2024,12/31/2024
450035,MSPB-1,1.015381,,01/01/2024,12/31/2024
450039,MSPB-1,1.025885,,01/01/2024,12/31/2024
450040,MSPB-1,1.130403,,01/01/2024,12/31/2024
450042,MSPB-1,0.975074,29,01/01/2024,12/31/2024
450044,MSPB-1,0.977853,,01/01/2024,12/31/2024
450046,MSPB-1,1.092978,,01/01/2024,12/31/2024
450051,MSPB-1,1.011281,,01/01/2024,12/31/2024
450054,MSPB-1,0.984167,,01/01/2024,12/31/2024
450055,MSPB-1,1.081313,,01/01/2024,12/31/2024
450056,MSPB-1,1.014635,29,01/01/2024,12/31/2024
450058,MSPB-1,1.061901,,01/01/2024,12/31/2024
450064,MSPB-1,1.046829,,01/01/2024,12/31/2024
450068,MSPB-1,1.025802,,01/01/2024,12/31/2024
450072,MSPB-1,1.043218,,01/01/2024,12/31/2024
450079,MSPB-1,0.997312,,01/01/2024,12/31/2024
450080,MSPB-1,0.976016,,01/01/2024,12/31/2024
450082,MSPB-1,1.163365,,01/01/2024,12/31/2024
450083,MSPB-1,1.070632,,01/01/2024,12/31/2024
450087,MSPB-1,1.021664,,01/01/2024,12/31/2024
450090,MSPB-1,1.043860,,01/01/2024,12/31/2024
450092,MSPB-1,1.198331,,01/01/2024,12/31/2024
450097,MSPB-1,1.112679,,01/01/2024,12/31/2024
450101,MSPB-1,1.040317,,01/01/2024,12/31/2024
450102,MSPB-1,1.100444,,01/01/2024,12/31/2024
450104,MSPB-1,1.128811,,01/01/2024,12/31/2024
450107,MSPB-1,1.067591,,01/01/2024,12/31/2024
450108,MSPB-1,1.114150,,01/01/2024,12/31/2024
450119,MSPB-1,1.047246,,01/01/2024,12/31/2024
450124,MSPB-1,1.092183,29,01/01/2024,12/31/2024
450128,MSPB-1,0.987717,,01/01/2024,12/31/2024
450132,MSPB-1,1.105690,,01/01/2024,12/31/2024
450133,MSPB-1,1.148963,,01/01/2024,12/31/2024
450135,MSPB-1,1.040081,,01/01/2024,12/31/2024
450137,MSPB-1,1.023131,,01/01/2024,12/31/2024
450143,MSPB-1,N/A,1,01/01/2024,12/31/2024
450144,MSPB-1,0.975340,,01/01/2024,12/31/2024
450147,MSPB-1,1.156532,,01/01/2024,12/31/2024
450148,MSPB-1,1.000356,,01/01/2024,12/31/2024
450152,MSPB-1,1.002124,,01/01/2024,12/31/2024
450154,MSPB-1,0.986720,,01/01/2024,12/31/2024
450155,MSPB-1,0.984689,,01/01/2024,12/31/2024
450162,MSPB-1,0.917154,,01/01/2024,12/31/2024
450163,MSPB-1,1.013506,,01/01/2024,12/31/2024
450165,MSPB-1,0.963051,,01/01/2024,12/31/2024
450176,MSPB-1,0.950715,,01/01/2024,12/31/2024
450184,MSPB-1,1.001637,,01/01/2024,12/31/2024
450193,MSPB-1,1.041847,,01/01/2024,12/31/2024
450194,MSPB-1,0.956711,,01/01/2024,12/31/2024
450196,MSPB-1,1.062193,,01/01/2024,12/31/2024
450200,MSPB-1,1.181807,,01/01/2024,12/31/2024
450203,MSPB-1,1.080681,,01/01/2024,12/31/2024
450209,MSPB-1,1.129428,,01/01/2024,12/31/2024
450210,MSPB-1,0.859585,,01/01/2024,12/31/2024
450211,MSPB-1,1.037030,,01/01/2024,12/31/2024
450213,MSPB-1,1.028258,,01/01/2024,12/31/2024
450222,MSPB-1,1.146480,,01/01/2024,12/31/2024
450229,MSPB-1,1.103291,,01/01/2024,12/31/2024
450231,MSPB-1,1.063392,,01/01/2024,12/31/2024
450235,MSPB-1,1.169974,,01/01/2024,12/31/2024
450236,MSPB-1,1.043673,,01/01/2024,12/31/2024
450237,MSPB-1,1.099879,,01/01/2024,12/31/2024
450241,MSPB-1,1.244466,,01/01/2024,12/31/2024
450253,MSPB-1,1.129500,,01/01/2024,12/31/2024
450271,MSPB-1,1.253685,,01/01/2024,12/31/2024
450272,MSPB-1,1.151084,,01/01/2024,12/31/2024
450289,MSPB-1,0.978658,,01/01/2024,12/31/2024
450292,MSPB-1,0.979403,,01/01/2024,12/31/2024
450324,MSPB-1,1.019684,,01/01/2024,12/31/2024
450330,MSPB-1,1.121064,,01/01/2024,12/31/2024
450346,MSPB-1,1.027341,,01/01/2024,12/31/2024
450347,MSPB-1,1.134089,,01/01/2024,12/31/2024
450351,MSPB-1,0.888116,,01/01/2024,12/31/2024
450352,MSPB-1,1.054025,,01/01/2024,12/31/2024
450358,MSPB-1,0.977314,,01/01/2024,12/31/2024
450369,MSPB-1,1.047322,,01/01/2024,12/31/2024
450370,MSPB-1,1.415403,,01/01/2024,12/31/2024
450372,MSPB-1,1.093383,,01/01/2024,12/31/2024
450379,MSPB-1,1.043790,,01/01/2024,12/31/2024
450388,MSPB-1,1.037377,,01/01/2024,12/31/2024
450389,MSPB-1,1.075923,,01/01/2024,12/31/2024
450395,MSPB-1,0.966422,,01/01/2024,12/31/2024
450399,MSPB-1,1.059765,,01/01/2024,12/31/2024
450400,MSPB-1,0.938402,,01/01/2024,12/31/2024
450403,MSPB-1,1.082407,,01/01/2024,12/31/2024
450411,MSPB-1,1.164962,,01/01/2024,12/31/2024
450419,MSPB-1,1.023007,,01/01/2024,12/31/2024
450422,MSPB-1,1.067576,,01/01/2024,12/31/2024
450424,MSPB-1,1.019647,,01/01/2024,12/31/2024
450431,MSPB-1,1.058355,,01/01/2024,12/31/2024
450447,MSPB-1,1.021011,,01/01/2024,12/31/2024
450451,MSPB-1,1.016922,,01/01/2024,12/31/2024
450460,MSPB-1,0.796771,,01/01/2024,12/31/2024
450462,MSPB-1,1.037845,,01/01/2024,12/31/2024
450465,MSPB-1,1.028325,,01/01/2024,12/31/2024
450469,MSPB-1,1.152009,,01/01/2024,12/31/2024
450475,MSPB-1,1.029832,,01/01/2024,12/31/2024
450484,MSPB-1,0.999141,,01/01/2024,12/31/2024
450489,MSPB-1,0.908716,,01/01/2024,12/31/2024
450508,MSPB-1,1.081115,,01/01/2024,12/31/2024
450518,MSPB-1,1.107189,,01/01/2024,12/31/2024
450537,MSPB-1,1.185700,,01/01/2024,12/31/2024
450539,MSPB-1,0.989719,,01/01/2024,12/31/2024
450563,MSPB-1,1.042429,,01/01/2024,12/31/2024
450565,MSPB-1,0.962512,,01/01/2024,12/31/2024
450571,MSPB-1,1.040090,,01/01/2024,12/31/2024
450573,MSPB-1,1.068986,,01/01/2024,12/31/2024
450584,MSPB-1,1.029379,,01/01/2024,12/31/2024
450587,MSPB-1,1.097444,,01/01/2024,12/31/2024
450596,MSPB-1,0.988878,,01/01/2024,12/31/2024
450597,MSPB-1,1.227918,,01/01/2024,12/31/2024
450604,MSPB-1,1.010413,,01/01/2024,12/31/2024
450610,MSPB-1,0.999425,,01/01/2024,12/31/2024
450617,MSPB-1,1.064776,,01/01/2024,12/31/2024
450634,MSPB-1,1.041010,,01/01/2024,12/31/2024
450638,MSPB-1,1.072595,,01/01/2024,12/31/2024
450639,MSPB-1,1.102860,,01/01/2024,12/31/2024
450641,MSPB-1,1.216779,,01/01/2024,12/31/2024
450643,MSPB-1,0.888434,,01/01/2024,12/31/2024
450644,MSPB-1,0.996820,,01/01/2024,12/31/2024
450647,MSPB-1,1.036769,,01/01/2024,12/31/2024
450651,MSPB-1,1.114548,,01/01/2024,12/31/2024
450653,MSPB-1,1.207154,,01/01/2024,12/31/2024
450654,MSPB-1,1.010337,,01/01/2024,12/31/2024
450656,MSPB-1,0.988007,,01/01/2024,12/31/2024
450658,MSPB-1,0.869989,,01/01/2024,12/31/2024
450659,MSPB-1,1.020564,,01/01/2024,12/31/2024
450661,MSPB-1,0.990999,,01/01/2024,12/31/2024
450662,MSPB-1,0.965834,,01/01/2024,12/31/2024
450668,MSPB-1,1.062384,,01/01/2024,12/31/2024
450669,MSPB-1,1.102325,,01/01/2024,12/31/2024
450670,MSPB-1,1.119900,,01/01/2024,12/31/2024
450672,MSPB-1,1.087371,,01/01/2024,12/31/2024
450674,MSPB-1,1.126628,,01/01/2024,12/31/2024
450675,MSPB-1,1.037847,,01/01/2024,12/31/2024
450677,MSPB-1,1.050853,,01/01/2024,12/31/2024
450678,MSPB-1,1.035477,,01/01/2024,12/31/2024
450684,MSPB-1,0.987464,,01/01/2024,12/31/2024
450686,MSPB-1,1.156081,,01/01/2024,12/31/2024
450688,MSPB-1,1.055591,,01/01/2024,12/31/2024
450690,MSPB-1,1.049543,,01/01/2024,12/31/2024
450694,MSPB-1,1.134179,,01/01/2024,12/31/2024
450698,MSPB-1,0.837504,,01/01/2024,12/31/2024
450702,MSPB-1,1.044159,,01/01/2024,12/31/2024
450709,MSPB-1,1.075401,,01/01/2024,12/31/2024
450711,MSPB-1,1.011668,,01/01/2024,12/31/2024
450713,MSPB-1,1.060504,,01/01/2024,12/31/2024
450718,MSPB-1,1.054206,,01/01/2024,12/31/2024
450723,MSPB-1,1.096771,,01/01/2024,12/31/2024
450730,MSPB-1,1.121075,,01/01/2024,12/31/2024
450742,MSPB-1,1.019284,,01/01/2024,12/31/2024
450743,MSPB-1,1.051343,,01/01/2024,12/31/2024
450747,MSPB-1,1.102176,,01/01/2024,12/31/2024
450755,MSPB-1,0.906029,,01/01/2024,12/31/2024
450771,MSPB-1,1.074070,,01/01/2024,12/31/2024
450774,MSPB-1,0.978363,,01/01/2024,12/31/2024
450775,MSPB-1,1.101973,,01/01/2024,12/31/2024
450779,MSPB-1,0.997135,,01/01/2024,12/31/2024
450788,MSPB-1,1.038930,,01/01/2024,12/31/2024
450801,MSPB-1,1.072139,,01/01/2024,12/31/2024
450804,MSPB-1,0.973748,,01/01/2024,12/31/2024
450808,MSPB-1,1.036136,,01/01/2024,12/31/2024
450809,MSPB-1,1.010376,,01/01/2024,12/31/2024
450820,MSPB-1,0.987252,,01/01/2024,12/31/2024
450822,MSPB-1,0.984558,,01/01/2024,12/31/2024
450825,MSPB-1,N/A,1,01/01/2024,12/31/2024
450827,MSPB-1,1.057986,,01/01/2024,12/31/2024
450828,MSPB-1,1.096210,,01/01/2024,12/31/2024
450831,MSPB-1,N/A,1,01/01/2024,12/31/2024
450833,MSPB-1,0.980738,,01/01/2024,12/31/2024
450834,MSPB-1,0.918278,,01/01/2024,12/31/2024
450840,MSPB-1,1.072859,,01/01/2024,12/31/2024
450844,MSPB-1,1.099741,,01/01/2024,12/31/2024
450847,MSPB-1,0.990459,,01/01/2024,12/31/2024
450848,MSPB-1,0.932918,,01/01/2024,12/31/2024
450851,MSPB-1,0.972324,,01/01/2024,12/31/2024
450853,MSPB-1,1.082731,,01/01/2024,12/31/2024
450855,MSPB-1,0.974901,,01/01/2024,12/31/2024
450856,MSPB-1,0.905446,,01/01/2024,12/31/2024
450860,MSPB-1,N/A,1,01/01/2024,12/31/2024
450862,MSPB-1,1.058916,,01/01/2024,12/31/2024
450864,MSPB-1,0.848864,,01/01/2024,12/31/2024
450865,MSPB-1,N/A,1,01/01/2024,12/31/2024
450867,MSPB-1,1.077045,29,01/01/2024,12/31/2024
450869,MSPB-1,1.085291,,01/01/2024,12/31/2024
450872,MSPB-1,1.012463,,01/01/2024,12/31/2024
450874,MSPB-1,0.907249,,01/01/2024,12/31/2024
450875,MSPB-1,1.071829,,01/01/2024,12/31/2024
450876,MSPB-1,1.091710,,01/01/2024,12/31/2024
450880,MSPB-1,0.931774,,01/01/2024,12/31/2024
450883,MSPB-1,1.029426,,01/01/2024,12/31/2024
450885,MSPB-1,1.097620,,01/01/2024,12/31/2024
450888,MSPB-1,0.904080,,01/01/2024,12/31/2024
450889,MSPB-1,0.947336,,01/01/2024,12/31/2024
450890,MSPB-1,1.061356,,01/01/2024,12/31/2024
450891,MSPB-1,0.921494,,01/01/2024,12/31/2024
450893,MSPB-1,1.055554,,01/01/2024,12/31/2024
460001,MSPB-1,0.976988,,01/01/2024,12/31/2024
460003,MSPB-1,1.080918,,01/01/2024,12/31/2024
460004,MSPB-1,0.962109,,01/01/2024,12/31/2024
460005,MSPB-1,1.034999,,01/01/2024,12/31/2024
460006,MSPB-1,0.997920,,01/01/2024,12/31/2024
460007,MSPB-1,0.967742,,01/01/2024,12/31/2024
460009,MSPB-1,1.002062,,01/01/2024,12/31/2024
460010,MSPB-1,0.967198,,01/01/2024,12/31/2024
460011,MSPB-1,1.006007,,01/01/2024,12/31/2024
460013,MSPB-1,1.022709,,01/01/2024,12/31/2024
460014,MSPB-1,0.897893,,01/01/2024,12/31/2024
460015,MSPB-1,0.870726,,01/01/2024,12/31/2024
460017,MSPB-1,0.967810,,01/01/2024,12/31/2024
460019,MSPB-1,0.860821,,01/01/2024,12/31/2024
460021,MSPB-1,0.937528,,01/01/2024,12/31/2024
460023,MSPB-1,0.881129,,01/01/2024,12/31/2024
460026,MSPB-1,0.912650,,01/01/2024,12/31/2024
460030,MSPB-1,0.807732,,01/01/2024,12/31/2024
460039,MSPB-1,0.894927,,01/01/2024,12/31/2024
460041,MSPB-1,0.998419,,01/01/2024,12/31/2024
460042,MSPB-1,0.996107,,01/01/2024,12/31/2024
460044,MSPB-1,0.965717,,01/01/2024,12/31/2024
460047,MSPB-1,1.035424,,01/01/2024,12/31/2024
460051,MSPB-1,0.988230,,01/01/2024,12/31/2024
460052,MSPB-1,1.084416,,01/01/2024,12/31/2024
460054,MSPB-1,1.019127,,01/01/2024,12/31/2024
460057,MSPB-1,0.913498,,01/01/2024,12/31/2024
460058,MSPB-1,0.939106,,01/01/2024,12/31/2024
460060,MSPB-1,0.942238,,01/01/2024,12/31/2024
460061,MSPB-1,0.898622,,01/01/2024,12/31/2024
460062,MSPB-1,0.959655,,01/01/2024,12/31/2024
470001,MSPB-1,0.854244,,01/01/2024,12/31/2024
470003,MSPB-1,0.971560,,01/01/2024,12/31/2024
470005,MSPB-1,0.945215,,01/01/2024,12/31/2024
470011,MSPB-1,0.967352,,01/01/2024,12/31/2024
470012,MSPB-1,0.955367,,01/01/2024,12/31/2024
470024,MSPB-1,0.878105,,01/01/2024,12/31/2024
490002,MSPB-1,0.910618,,01/01/2024,12/31/2024
490004,MSPB-1,0.937263,,01/01/2024,12/31/2024
490005,MSPB-1,0.959746,,01/01/2024,12/31/2024
490007,MSPB-1,0.974489,,01/01/2024,12/31/2024
490009,MSPB-1,1.007147,,01/01/2024,12/31/2024
490013,MSPB-1,0.843586,,01/01/2024,12/31/2024
490017,MSPB-1,1.006725,,01/01/2024,12/31/2024
490018,MSPB-1,0.957064,,01/01/2024,12/31/2024
490019,MSPB-1,1.016227,,01/01/2024,12/31/2024
490020,MSPB-1,1.046959,,01/01/2024,12/31/2024
490021,MSPB-1,0.980498,,01/01/2024,12/31/2024
490022,MSPB-1,0.962340,,01/01/2024,12/31/2024
490023,MSPB-1,1.044054,,01/01/2024,12/31/2024
490024,MSPB-1,1.013979,,01/01/2024,12/31/2024
490032,MSPB-1,1.016758,,01/01/2024,12/31/2024
490033,MSPB-1,0.866400,,01/01/2024,12/31/2024
490037,MSPB-1,0.921427,,01/01/2024,12/31/2024
490038,MSPB-1,0.974117,,01/01/2024,12/31/2024
490040,MSPB-1,0.943163,,01/01/2024,12/31/2024
490041,MSPB-1,0.997699,,01/01/2024,12/31/2024
490042,MSPB-1,0.982243,,01/01/2024,12/31/2024
490043,MSPB-1,0.986762,,01/01/2024,12/31/2024
490044,MSPB-1,0.890485,,01/01/2024,12/31/2024
490045,MSPB-1,1.039209,,01/01/2024,12/31/2024
490046,MSPB-1,0.935804,,01/01/2024,12/31/2024
490048,MSPB-1,1.050654,,01/01/2024,12/31/2024
490050,MSPB-1,0.986217,,01/01/2024,12/31/2024
490052,MSPB-1,1.019691,,01/01/2024,12/31/2024
490053,MSPB-1,0.999732,,01/01/2024,12/31/2024
490057,MSPB-1,0.943134,,01/01/2024,12/31/2024
490059,MSPB-1,1.007483,,01/01/2024,12/31/2024
490060,MSPB-1,0.939715,,01/01/2024,12/31/2024
490063,MSPB-1,0.980155,,01/01/2024,12/31/2024
490066,MSPB-1,0.930328,,01/01/2024,12/31/2024
490067,MSPB-1,1.110838,,01/01/2024,12/31/2024
490069,MSPB-1,1.009473,,01/01/2024,12/31/2024
490075,MSPB-1,1.006691,,01/01/2024,12/31/2024
490077,MSPB-1,0.921013,,01/01/2024,12/31/2024
490084,MSPB-1,0.957806,,01/01/2024,12/31/2024
490088,MSPB-1,0.938533,,01/01/2024,12/31/2024
490089,MSPB-1,0.906552,,01/01/2024,12/31/2024
490090,MSPB-1,1.051294,,01/01/2024,12/31/2024
490092,MSPB-1,0.842585,,01/01/2024,12/31/2024
490093,MSPB-1,0.946156,,01/01/2024,12/31/2024
490094,MSPB-1,0.913239,,01/01/2024,12/31/2024
490097,MSPB-1,0.967021,,01/01/2024,12/31/2024
490098,MSPB-1,0.955293,,01/01/2024,12/31/2024
490101,MSPB-1,0.926146,,01/01/2024,12/31/2024
490104,MSPB-1,N/A,1,01/01/2024,12/31/2024
490107,MSPB-1,1.025015,,01/01/2024,12/31/2024
490110,MSPB-1,0.929676,,01/01/2024,12/31/2024
490111,MSPB-1,0.922585,,01/01/2024,12/31/2024
490112,MSPB-1,1.009772,,01/01/2024,12/31/2024
490113,MSPB-1,0.946665,,01/01/2024,12/31/2024
490114,MSPB-1,0.997912,,01/01/2024,12/31/2024
490115,MSPB-1,0.958083,,01/01/2024,12/31/2024
490116,MSPB-1,1.003144,,01/01/2024,12/31/2024
490117,MSPB-1,0.896025,,01/01/2024,12/31/2024
490118,MSPB-1,1.057289,,01/01/2024,12/31/2024
490119,MSPB-1,0.910400,,01/01/2024,12/31/2024
490120,MSPB-1,0.943193,,01/01/2024,12/31/2024
490122,MSPB-1,0.972345,,01/01/2024,12/31/2024
490126,MSPB-1,1.003744,,01/01/2024,12/31/2024
490127,MSPB-1,0.875296,,01/01/2024,12/31/2024
490130,MSPB-1,0.913968,,01/01/2024,12/31/2024
490136,MSPB-1,0.988615,,01/01/2024,12/31/2024
490140,MSPB-1,0.873832,,01/01/2024,12/31/2024
490141,MSPB-1,0.980864,,01/01/2024,12/31/2024
490143,MSPB-1,0.945787,,01/01/2024,12/31/2024
490144,MSPB-1,0.958157,,01/01/2024,12/31/2024
490145,MSPB-1,0.967581,,01/01/2024,12/31/2024
500002,MSPB-1,0.959847,,01/01/2024,12/31/2024
500003,MSPB-1,0.920362,,01/01/2024,12/31/2024
500005,MSPB-1,0.965463,,01/01/2024,12/31/2024
500007,MSPB-1,0.890764,,01/01/2024,12/31/2024
500008,MSPB-1,0.969346,,01/01/2024,12/31/2024
500011,MSPB-1,0.942028,,01/01/2024,12/31/2024
500014,MSPB-1,0.928001,,01/01/2024,12/31/2024
500015,MSPB-1,0.961614,,01/01/2024,12/31/2024
500016,MSPB-1,0.939237,,01/01/2024,12/31/2024
500019,MSPB-1,0.911656,,01/01/2024,12/31/2024
500021,MSPB-1,0.937464,,01/01/2024,12/31/2024
500024,MSPB-1,0.924595,,01/01/2024,12/31/2024
500025,MSPB-1,0.993284,,01/01/2024,12/31/2024
500026,MSPB-1,0.936464,,01/01/2024,12/31/2024
500027,MSPB-1,0.945300,,01/01/2024,12/31/2024
500030,MSPB-1,0.958971,,01/01/2024,12/31/2024
500031,MSPB-1,0.966882,,01/01/2024,12/31/2024
500033,MSPB-1,0.925591,,01/01/2024,12/31/2024
500036,MSPB-1,0.935069,,01/01/2024,12/31/2024
500037,MSPB-1,0.987320,,01/01/2024,12/31/2024
500039,MSPB-1,0.950286,,01/01/2024,12/31/2024
500041,MSPB-1,0.865504,,01/01/2024,12/31/2024
500044,MSPB-1,0.967092,,01/01/2024,12/31/2024
500050,MSPB-1,0.895832,,01/01/2024,12/31/2024
500051,MSPB-1,0.915426,,01/01/2024,12/31/2024
500052,MSPB-1,N/A,1,01/01/2024,12/31/2024
500053,MSPB-1,0.978631,,01/01/2024,12/31/2024
500054,MSPB-1,1.006949,,01/01/2024,12/31/2024
500058,MSPB-1,0.945172,,01/01/2024,12/31/2024
500060,MSPB-1,0.871571,,01/01/2024,12/31/2024
500064,MSPB-1,1.013481,,01/01/2024,12/31/2024
500072,MSPB-1,0.916736,,01/01/2024,12/31/2024
500077,MSPB-1,0.939094,,01/01/2024,12/31/2024
500079,MSPB-1,0.908452,,01/01/2024,12/31/2024
500084,MSPB-1,0.830915,,01/01/2024,12/31/2024
500088,MSPB-1,0.939641,,01/01/2024,12/31/2024
500108,MSPB-1,0.968666,,01/01/2024,12/31/2024
500119,MSPB-1,0.920631,,01/01/2024,12/31/2024
500124,MSPB-1,0.962479,,01/01/2024,12/31/2024
500129,MSPB-1,0.918293,,01/01/2024,12/31/2024
500139,MSPB-1,0.897135,,01/01/2024,12/31/2024
500141,MSPB-1,0.945266,,01/01/2024,12/31/2024
500150,MSPB-1,0.857261,,01/01/2024,12/31/2024
500151,MSPB-1,0.932016,,01/01/2024,12/31/2024
500152,MSPB-1,0.952572,,01/01/2024,12/31/2024
500154,MSPB-1,0.869548,,01/01/2024,12/31/2024
510001,MSPB-1,1.026595,,01/01/2024,12/31/2024
510002,MSPB-1,0.925210,,01/01/2024,12/31/2024
510006,MSPB-1,0.974582,,01/01/2024,12/31/2024
510007,MSPB-1,0.988767,,01/01/2024,12/31/2024
510008,MSPB-1,0.916190,,01/01/2024,12/31/2024
510012,MSPB-1,0.999833,,01/01/2024,12/31/2024
510013,MSPB-1,0.970321,,01/01/2024,12/31/2024
510022,MSPB-1,1.007443,,01/01/2024,12/31/2024
510023,MSPB-1,0.998273,,01/01/2024,12/31/2024
510024,MSPB-1,1.077378,,01/01/2024,12/31/2024
510029,MSPB-1,0.965826,,01/01/2024,12/31/2024
510030,MSPB-1,0.946353,,01/01/2024,12/31/2024
510038,MSPB-1,1.045788,,01/01/2024,12/31/2024
510046,MSPB-1,1.060390,,01/01/2024,12/31/2024
510048,MSPB-1,0.917788,,01/01/2024,12/31/2024
510050,MSPB-1,0.994234,,01/01/2024,12/31/2024
510055,MSPB-1,1.077364,,01/01/2024,12/31/2024
510058,MSPB-1,0.994338,,01/01/2024,12/31/2024
510062,MSPB-1,1.031238,,01/01/2024,12/31/2024
510070,MSPB-1,1.028134,,01/01/2024,12/31/2024
510072,MSPB-1,0.990559,,01/01/2024,12/31/2024
510086,MSPB-1,0.944263,,01/01/2024,12/31/2024
510091,MSPB-1,N/A,1,01/01/2024,12/31/2024
510093,MSPB-1,1.134643,,01/01/2024,12/31/2024
520002,MSPB-1,0.907224,,01/01/2024,12/31/2024
520004,MSPB-1,0.900878,,01/01/2024,12/31/2024
520008,MSPB-1,1.047769,,01/01/2024,12/31/2024
520009,MSPB-1,0.852840,29,01/01/2024,12/31/2024
520011,MSPB-1,0.856752,,01/01/2024,12/31/2024
520019,MSPB-1,0.890700,,01/01/2024,12/31/2024
520021,MSPB-1,0.983528,,01/01/2024,12/31/2024
520028,MSPB-1,0.904171,,01/01/2024,12/31/2024
520030,MSPB-1,0.945032,,01/01/2024,12/31/2024
520033,MSPB-1,0.925503,,01/01/2024,12/31/2024
520034,MSPB-1,0.853578,,01/01/2024,12/31/2024
520035,MSPB-1,0.829817,,01/01/2024,12/31/2024
520037,MSPB-1,0.989046,,01/01/2024,12/31/2024
520038,MSPB-1,0.842080,,01/01/2024,12/31/2024
520041,MSPB-1,0.808799,,01/01/2024,12/31/2024
520044,MSPB-1,0.871574,,01/01/2024,12/31/2024
520045,MSPB-1,0.951798,,01/01/2024,12/31/2024
520049,MSPB-1,0.942874,,01/01/2024,12/31/2024
520051,MSPB-1,0.981565,29,01/01/2024,12/31/2024
520057,MSPB-1,0.840857,,01/01/2024,12/31/2024
520059,MSPB-1,0.867235,,01/01/2024,12/31/2024
520062,MSPB-1,1.045419,,01/01/2024,12/31/2024
520063,MSPB-1,0.919001,,01/01/2024,12/31/2024
520066,MSPB-1,0.918208,,01/01/2024,12/31/2024
520070,MSPB-1,0.951494,,01/01/2024,12/31/2024
520071,MSPB-1,0.915226,,01/01/2024,12/31/2024
520075,MSPB-1,0.994933,,01/01/2024,12/31/2024
520076,MSPB-1,0.858924,,01/01/2024,12/31/2024
520078,MSPB-1,N/A,1,01/01/2024,12/31/2024
520083,MSPB-1,0.926148,,01/01/2024,12/31/2024
520087,MSPB-1,1.069925,,01/01/2024,12/31/2024
520088,MSPB-1,0.884035,,01/01/2024,12/31/2024
520089,MSPB-1,0.928602,,01/01/2024,12/31/2024
520091,MSPB-1,0.937480,,01/01/2024,12/31/2024
520095,MSPB-1,0.862400,,01/01/2024,12/31/2024
520096,MSPB-1,N/A,1,01/01/2024,12/31/2024
520097,MSPB-1,1.035351,,01/01/2024,12/31/2024
520098,MSPB-1,0.933509,,01/01/2024,12/31/2024
520100,MSPB-1,0.961711,,01/01/2024,12/31/2024
520102,MSPB-1,0.841796,,01/01/2024,12/31/2024
520103,MSPB-1,0.907656,,01/01/2024,12/31/2024
520107,MSPB-1,0.876355,,01/01/2024,12/31/2024
520109,MSPB-1,0.782578,,01/01/2024,12/31/2024
520113,MSPB-1,0.841767,,01/01/2024,12/31/2024
520116,MSPB-1,0.968919,,01/01/2024,12/31/2024
520136,MSPB-1,N/A,1,01/01/2024,12/31/2024
520138,MSPB-1,0.960000,,01/01/2024,12/31/2024
520139,MSPB-1,0.893697,,01/01/2024,12/31/2024
520160,MSPB-1,0.915800,,01/01/2024,12/31/2024
520177,MSPB-1,0.962765,,01/01/2024,12/31/2024
520189,MSPB-1,0.944843,,01/01/2024,12/31/2024
520193,MSPB-1,0.922609,,01/01/2024,12/31/2024
520194,MSPB-1,0.734578,,01/01/2024,12/31/2024
520196,MSPB-1,1.076787,,01/01/2024,12/31/2024
520198,MSPB-1,0.808596,,01/01/2024,12/31/2024
520202,MSPB-1,0.926275,,01/01/2024,12/31/2024
520206,MSPB-1,0.902679,,01/01/2024,12/31/2024
520207,MSPB-1,0.852203,,01/01/2024,12/31/2024
520208,MSPB-1,0.904668,,01/01/2024,12/31/2024
520210,MSPB-1,0.912825,,01/01/2024,12/31/2024
520212,MSPB-1,0.919947,,01/01/2024,12/31/2024
520213,MSPB-1,0.712748,,01/01/2024,12/31/2024
520214,MSPB-1,N/A,1,01/01/2024,12/31/2024
520215,MSPB-1,N/A,1,01/01/2024,12/31/2024
530002,MSPB-1,0.932790,,01/01/2024,12/31/2024
530006,MSPB-1,0.922946,,01/01/2024,12/31/2024
530008,MSPB-1,0.952831,,01/01/2024,12/31/2024
530012,MSPB-1,1.039839,,01/01/2024,12/31/2024
530014,MSPB-1,0.988459,,01/01/2024,12/31/2024
530015,MSPB-1,0.808021,,01/01/2024,12/31/2024
530025,MSPB-1,0.968938,,01/01/2024,12/31/2024
530034,MSPB-1,1.126015,,01/01/2024,12/31/2024
670005,MSPB-1,0.999140,,01/01/2024,12/31/2024
670006,MSPB-1,1.007365,,01/01/2024,12/31/2024
670008,MSPB-1,0.897588,,01/01/2024,12/31/2024
670023,MSPB-1,1.131756,,01/01/2024,12/31/2024
670025,MSPB-1,0.986568,,01/01/2024,12/31/2024
670031,MSPB-1,1.025434,,01/01/2024,12/31/2024
670034,MSPB-1,0.994574,,01/01/2024,12/31/2024
670041,MSPB-1,1.148475,29,01/01/2024,12/31/2024
670043,MSPB-1,0.964229,,01/01/2024,12/31/2024
670044,MSPB-1,0.960307,,01/01/2024,12/31/2024
670047,MSPB-1,1.016254,,01/01/2024,12/31/2024
670049,MSPB-1,0.877498,,01/01/2024,12/31/2024
670053,MSPB-1,1.155552,,01/01/2024,12/31/2024
670054,MSPB-1,0.928393,,01/01/2024,12/31/2024
670055,MSPB-1,1.043071,,01/01/2024,12/31/2024
670056,MSPB-1,1.063409,29,01/01/2024,12/31/2024
670059,MSPB-1,1.175093,,01/01/2024,12/31/2024
670060,MSPB-1,1.020691,,01/01/2024,12/31/2024
670062,MSPB-1,0.757856,,01/01/2024,12/31/2024
670067,MSPB-1,0.942564,,01/01/2024,12/31/2024
670068,MSPB-1,1.067108,,01/01/2024,12/31/2024
670069,MSPB-1,1.092937,,01/01/2024,12/31/2024
670071,MSPB-1,0.978428,,01/01/2024,12/31/2024
670073,MSPB-1,1.029443,,01/01/2024,12/31/2024
670075,MSPB-1,1.086982,,01/01/2024,12/31/2024
670076,MSPB-1,0.955639,,01/01/2024,12/31/2024
670077,MSPB-1,1.008345,,01/01/2024,12/31/2024
670078,MSPB-1,0.817421,,01/01/2024,12/31/2024
670080,MSPB-1,1.008520,,01/01/2024,12/31/2024
670082,MSPB-1,1.055036,,01/01/2024,12/31/2024
670085,MSPB-1,1.061900,,01/01/2024,12/31/2024
670088,MSPB-1,0.991452,,01/01/2024,12/31/2024
670090,MSPB-1,1.110993,,01/01/2024,12/31/2024
670098,MSPB-1,1.106292,,01/01/2024,12/31/2024
670102,MSPB-1,1.199514,,01/01/2024,12/31/2024
670103,MSPB-1,0.969429,,01/01/2024,12/31/2024
670106,MSPB-1,0.991980,,01/01/2024,12/31/2024
670107,MSPB-1,N/A,1,01/01/2024,12/31/2024
670108,MSPB-1,1.012944,,01/01/2024,12/31/2024
670109,MSPB-1,N/A,1,01/01/2024,12/31/2024
670112,MSPB-1,0.982800,,01/01/2024,12/31/2024
670115,MSPB-1,N/A,1,01/01/2024,12/31/2024
670120,MSPB-1,0.973208,,01/01/2024,12/31/2024
670122,MSPB-1,1.006142,,01/01/2024,12/31/2024
670124,MSPB-1,0.667389,,01/01/2024,12/31/2024
670128,MSPB-1,1.052265,,01/01/2024,12/31/2024
670131,MSPB-1,0.851523,,01/01/2024,12/31/2024
670132,MSPB-1,1.044176,,01/01/2024,12/31/2024
670134,MSPB-1,0.592615,,01/01/2024,12/31/2024
670135,MSPB-1,N/A,1,01/01/2024,12/31/2024
670136,MSPB-1,0.926515,,01/01/2024,12/31/2024
670260,MSPB-1,1.088705,,01/01/2024,12/31/2024
670265,MSPB-1,1.050754,,01/01/2024,12/31/2024
670266,MSPB-1,1.103991,,01/01/2024,12/31/2024
670267,MSPB-1,N/A,1,01/01/2024,12/31/2024
670285,MSPB-1,N/A,1,01/01/2024,12/31/2024
670300,MSPB-1,1.119109,,01/01/2024,12/31/2024
670309,MSPB-1,1.143823,,01/01/2024,12/31/2024
670314,MSPB-1,N/A,1,01/01/2024,12/31/2024
670320,MSPB-1,N/A,1,01/01/2024,12/31/2024
670321,MSPB-1,N/A,1,01/01/2024,12/31/2024
670322,MSPB-1,N/A,1,01/01/2024,12/31/2024
670326,MSPB-1,N/A,1,01/01/2024,12/31/2024
670331,MSPB-1,N/A,1,01/01/2024,12/31/2024
670333,MSPB-1,0.988634,,01/01/2024,12/31/2024
