facility_id,facility_name,address,city_town,state,zip_code,county_parish,telephone_number,condition,measure_id,measure_name,score,sample,footnote,start_date,end_date
01014F,BIRMINGHAM VA MEDICAL CENTER,700 SOUTH 19TH STREET,BIRMINGHAM,AL,35233,JEFFERSON,(205) 933-4515,Inpatient Psychiatric Facility Measures,HBIPS-2,Hours of physical-restraint use,Not Available,Not Available,5,01/01/2024,12/31/2024
01014F,BIRMINGHAM VA MEDICAL CENTER,700 SOUTH 19TH STREET,BIRMINGHAM,AL,35233,JEFFERSON,(205) 933-4515,Inpatient Psychiatric Facility Measures,HBIPS-3,Hours of seclusion,Not Available,Not Available,5,01/01/2024,12/31/2024
01014F,BIRMINGHAM VA MEDICAL CENTER,700 SOUTH 19TH STREET,BIRMINGHAM,AL,35233,JEFFERSON,(205) 933-4515,Inpatient Psychiatric Facility Measures,SUB_2,Alcohol use brief intervention provided or offered,95,59,"2, 20",01/01/2024,12/31/2024
01014F,BIRMINGHAM VA MEDICAL CENTER,700 SOUTH 19TH STREET,BIRMINGHAM,AL,35233,JEFFERSON,(205) 933-4515,Inpatient Psychiatric Facility Measures,SUB_3,Alcohol and other drug use disorder treatment provided or offered at discharge,96,55,"2, 20",01/01/2024,12/31/2024
01014F,BIRMINGHAM VA MEDICAL CENTER,700 SOUTH 19TH STREET,BIRMINGHAM,AL,35233,JEFFERSON,(205) 933-4515,Inpatient Psychiatric Facility Measures,TOB_3,Tobacco Use Treatment Provided or Offered at Discharge,94,99,"2, 20",01/01/2024,12/31/2024
01019F,VA CENTRAL ALABAMA HEALTHCARE SYSTEM - MONTGOMERY,215 PERRY HILL ROAD,MONTGOMERY,AL,36109,MONTGOMERY,(334) 260-4100,Inpatient Psychiatric Facility Measures,HBIPS-2,Hours of physical-restraint use,0.13,6699,20,01/01/2024,12/31/2024
01019F,VA CENTRAL ALABAMA HEALTHCARE SYSTEM - MONTGOMERY,215 PERRY HILL ROAD,MONTGOMERY,AL,36109,MONTGOMERY,(334) 260-4100,Inpatient Psychiatric Facility Measures,HBIPS-3,Hours of seclusion,0,6699,20,01/01/2024,12/31/2024
01019F,VA CENTRAL ALABAMA HEALTHCARE SYSTEM - MONTGOMERY,215 PERRY HILL ROAD,MONTGOMERY,AL,36109,MONTGOMERY,(334) 260-4100,Inpatient Psychiatric Facility Measures,SUB_2,Alcohol use brief intervention provided or offered,77,168,"2, 20",01/01/2024,12/31/2024
01019F,VA CENTRAL ALABAMA HEALTHCARE SYSTEM - MONTGOMERY,215 PERRY HILL ROAD,MONTGOMERY,AL,36109,MONTGOMERY,(334) 260-4100,Inpatient Psychiatric Facility Measures,SUB_3,Alcohol and other drug use disorder treatment provided or offered at discharge,76,269,"2, 20",01/01/2024,12/31/2024
01019F,VA CENTRAL ALABAMA HEALTHCARE SYSTEM - MONTGOMERY,215 PERRY HILL ROAD,MONTGOMERY,AL,36109,MONTGOMERY,(334) 260-4100,Inpatient Psychiatric Facility Measures,TOB_3,Tobacco Use Treatment Provided or Offered at Discharge,76,218,"2, 20",01/01/2024,12/31/2024
01021F,TUSCALOOSA VA MEDICAL CENTER,3701 LOOP ROAD EAST,TUSCALOOSA,AL,35404,TUSCALOOSA,(205) 554-2000,Inpatient Psychiatric Facility Measures,HBIPS-2,Hours of physical-restraint use,0.05,6525,20,01/01/2024,12/31/2024
01021F,TUSCALOOSA VA MEDICAL CENTER,3701 LOOP ROAD EAST,TUSCALOOSA,AL,35404,TUSCALOOSA,(205) 554-2000,Inpatient Psychiatric Facility Measures,HBIPS-3,Hours of seclusion,0.05,6525,20,01/01/2024,12/31/2024
01021F,TUSCALOOSA VA MEDICAL CENTER,3701 LOOP ROAD EAST,TUSCALOOSA,AL,35404,TUSCALOOSA,(205) 554-2000,Inpatient Psychiatric Facility Measures,SUB_2,Alcohol use brief intervention provided or offered,84,92,"2, 20",01/01/2024,12/31/2024
01021F,TUSCALOOSA VA MEDICAL CENTER,3701 LOOP ROAD EAST,TUSCALOOSA,AL,35404,TUSCALOOSA,(205) 554-2000,Inpatient Psychiatric Facility Measures,SUB_3,Alcohol and other drug use disorder treatment provided or offered at discharge,77,247,"2, 20",01/01/2024,12/31/2024
01021F,TUSCALOOSA VA MEDICAL CENTER,3701 LOOP ROAD EAST,TUSCALOOSA,AL,35404,TUSCALOOSA,(205) 554-2000,Inpatient Psychiatric Facility Measures,TOB_3,Tobacco Use Treatment Provided or Offered at Discharge,40,218,"2, 20",01/01/2024,12/31/2024
03012F,PHOENIX VA MEDICAL CENTER,650 E. INDIAN SCHOOL ROAD,PHOENIX,AZ,85012,MARICOPA,(602) 222-6444,Inpatient Psychiatric Facility Measures,HBIPS-2,Hours of physical-restraint use,0.03,7991,20,01/01/2024,12/31/2024
03012F,PHOENIX VA MEDICAL CENTER,650 E. INDIAN SCHOOL ROAD,PHOENIX,AZ,85012,MARICOPA,(602) 222-6444,Inpatient Psychiatric Facility Measures,HBIPS-3,Hours of seclusion,0,7991,20,01/01/2024,12/31/2024
03012F,PHOENIX VA MEDICAL CENTER,650 E. INDIAN SCHOOL ROAD,PHOENIX,AZ,85012,MARICOPA,(602) 222-6444,Inpatient Psychiatric Facility Measures,SUB_2,Alcohol use brief intervention provided or offered,49,238,"2, 20",01/01/2024,12/31/2024
03012F,PHOENIX VA MEDICAL CENTER,650 E. INDIAN SCHOOL ROAD,PHOENIX,AZ,85012,MARICOPA,(602) 222-6444,Inpatient Psychiatric Facility Measures,SUB_3,Alcohol and other drug use disorder treatment provided or offered at discharge,82,201,"2, 20",01/01/2024,12/31/2024
03012F,PHOENIX VA MEDICAL CENTER,650 E. INDIAN SCHOOL ROAD,PHOENIX,AZ,85012,MARICOPA,(602) 222-6444,Inpatient Psychiatric Facility Measures,TOB_3,Tobacco Use Treatment Provided or Offered at Discharge,41,179,"2, 20",01/01/2024,12/31/2024
03013F,VA S. ARIZONA HEALTHCARE SYSTEM,3601 SOUTH SIXTH AVENUE,TUCSON,AZ,85723,PIMA,(520) 629-1821,Inpatient Psychiatric Facility Measures,HBIPS-2,Hours of physical-restraint use,0.02,6090,20,01/01/2024,12/31/2024
03013F,VA S. ARIZONA HEALTHCARE SYSTEM,3601 SOUTH SIXTH AVENUE,TUCSON,AZ,85723,PIMA,(520) 629-1821,Inpatient Psychiatric Facility Measures,HBIPS-3,Hours of seclusion,0.04,6090,20,01/01/2024,12/31/2024
03013F,VA S. ARIZONA HEALTHCARE SYSTEM,3601 SOUTH SIXTH AVENUE,TUCSON,AZ,85723,PIMA,(520) 629-1821,Inpatient Psychiatric Facility Measures,SUB_2,Alcohol use brief intervention provided or offered,72,174,"2, 20",01/01/2024,12/31/2024
03013F,VA S. ARIZONA HEALTHCARE SYSTEM,3601 SOUTH SIXTH AVENUE,TUCSON,AZ,85723,PIMA,(520) 629-1821,Inpatient Psychiatric Facility Measures,SUB_3,Alcohol and other drug use disorder treatment provided or offered at discharge,87,178,"2, 20",01/01/2024,12/31/2024
03013F,VA S. ARIZONA HEALTHCARE SYSTEM,3601 SOUTH SIXTH AVENUE,TUCSON,AZ,85723,PIMA,(520) 629-1821,Inpatient Psychiatric Facility Measures,TOB_3,Tobacco Use Treatment Provided or Offered at Discharge,72,176,"2, 20",01/01/2024,12/31/2024
03033F,VA NORTHERN ARIZONA HEALTHCARE SYSTEM,500 HIGHWAY 89 NORTH,PRESCOTT,AZ,86313,YAVAPAI,(928) 445-4860,Inpatient Psychiatric Facility Measures,HBIPS-2,Hours of physical-restraint use,Not Available,Not Available,5,01/01/2024,12/31/2024
03033F,VA NORTHERN ARIZONA HEALTHCARE SYSTEM,500 HIGHWAY 89 NORTH,PRESCOTT,AZ,86313,YAVAPAI,(928) 445-4860,Inpatient Psychiatric Facility Measures,HBIPS-3,Hours of seclusion,Not Available,Not Available,5,01/01/2024,12/31/2024
03033F,VA NORTHERN ARIZONA HEALTHCARE SYSTEM,500 HIGHWAY 89 NORTH,PRESCOTT,AZ,86313,YAVAPAI,(928) 445-4860,Inpatient Psychiatric Facility Measures,SUB_2,Alcohol use brief intervention provided or offered,95,87,"2, 20",01/01/2024,12/31/2024
03033F,VA NORTHERN ARIZONA HEALTHCARE SYSTEM,500 HIGHWAY 89 NORTH,PRESCOTT,AZ,86313,YAVAPAI,(928) 445-4860,Inpatient Psychiatric Facility Measures,SUB_3,Alcohol and other drug use disorder treatment provided or offered at discharge,93,74,"2, 20",01/01/2024,12/31/2024
03033F,VA NORTHERN ARIZONA HEALTHCARE SYSTEM,500 HIGHWAY 89 NORTH,PRESCOTT,AZ,86313,YAVAPAI,(928) 445-4860,Inpatient Psychiatric Facility Measures,TOB_3,Tobacco Use Treatment Provided or Offered at Discharge,92,78,"2, 20",01/01/2024,12/31/2024
04009F,FAYETTEVILLE AR VA MEDICAL CENTER,1100 N. COLLEGE AVENUE,FAYETTEVILLE,AR,72703,WASHINGTON,(479) 444-5058,Inpatient Psychiatric Facility Measures,HBIPS-2,Hours of physical-restraint use,0.06,1821,20,01/01/2024,12/31/2024
04009F,FAYETTEVILLE AR VA MEDICAL CENTER,1100 N. COLLEGE AVENUE,FAYETTEVILLE,AR,72703,WASHINGTON,(479) 444-5058,Inpatient Psychiatric Facility Measures,HBIPS-3,Hours of seclusion,0.02,1821,20,01/01/2024,12/31/2024
04009F,FAYETTEVILLE AR VA MEDICAL CENTER,1100 N. COLLEGE AVENUE,FAYETTEVILLE,AR,72703,WASHINGTON,(479) 444-5058,Inpatient Psychiatric Facility Measures,SUB_2,Alcohol use brief intervention provided or offered,88,135,"2, 20",01/01/2024,12/31/2024
04009F,FAYETTEVILLE AR VA MEDICAL CENTER,1100 N. COLLEGE AVENUE,FAYETTEVILLE,AR,72703,WASHINGTON,(479) 444-5058,Inpatient Psychiatric Facility Measures,SUB_3,Alcohol and other drug use disorder treatment provided or offered at discharge,78,153,"2, 20",01/01/2024,12/31/2024
04009F,FAYETTEVILLE AR VA MEDICAL CENTER,1100 N. COLLEGE AVENUE,FAYETTEVILLE,AR,72703,WASHINGTON,(479) 444-5058,Inpatient Psychiatric Facility Measures,TOB_3,Tobacco Use Treatment Provided or Offered at Discharge,82,170,"2, 20",01/01/2024,12/31/2024
04010F,VA CENTRAL AR. VETERANS HEALTHCARE SYSTEM LR,4300 WEST SEVENTH STREET,LITTLE ROCK,AR,72205,PULASKI,(501) 257-1000,Inpatient Psychiatric Facility Measures,HBIPS-2,Hours of physical-restraint use,0.2,9396,20,01/01/2024,12/31/2024
04010F,VA CENTRAL AR. VETERANS HEALTHCARE SYSTEM LR,4300 WEST SEVENTH STREET,LITTLE ROCK,AR,72205,PULASKI,(501) 257-1000,Inpatient Psychiatric Facility Measures,HBIPS-3,Hours of seclusion,0,9396,20,01/01/2024,12/31/2024
04010F,VA CENTRAL AR. VETERANS HEALTHCARE SYSTEM LR,4300 WEST SEVENTH STREET,LITTLE ROCK,AR,72205,PULASKI,(501) 257-1000,Inpatient Psychiatric Facility Measures,SUB_2,Alcohol use brief intervention provided or offered,81,159,"2, 20",01/01/2024,12/31/2024
04010F,VA CENTRAL AR. VETERANS HEALTHCARE SYSTEM LR,4300 WEST SEVENTH STREET,LITTLE ROCK,AR,72205,PULASKI,(501) 257-1000,Inpatient Psychiatric Facility Measures,SUB_3,Alcohol and other drug use disorder treatment provided or offered at discharge,81,166,"2, 20",01/01/2024,12/31/2024
04010F,VA CENTRAL AR. VETERANS HEALTHCARE SYSTEM LR,4300 WEST SEVENTH STREET,LITTLE ROCK,AR,72205,PULASKI,(501) 257-1000,Inpatient Psychiatric Facility Measures,TOB_3,Tobacco Use Treatment Provided or Offered at Discharge,59,210,"2, 20",01/01/2024,12/31/2024
05025F,FRESNO VA MEDICAL CENTER (VA CENTRAL CALIFORNIA HEALTHCARE SYSTEM),2615 E. CLINTON AVENUE,FRESNO,CA,93703,FRESNO,(559) 228-5338,Inpatient Psychiatric Facility Measures,HBIPS-2,Hours of physical-restraint use,0,1527,20,01/01/2024,12/31/2024
05025F,FRESNO VA MEDICAL CENTER (VA CENTRAL CALIFORNIA HEALTHCARE SYSTEM),2615 E. CLINTON AVENUE,FRESNO,CA,93703,FRESNO,(559) 228-5338,Inpatient Psychiatric Facility Measures,HBIPS-3,Hours of seclusion,0.36,1527,20,01/01/2024,12/31/2024
05025F,FRESNO VA MEDICAL CENTER (VA CENTRAL CALIFORNIA HEALTHCARE SYSTEM),2615 E. CLINTON AVENUE,FRESNO,CA,93703,FRESNO,(559) 228-5338,Inpatient Psychiatric Facility Measures,SUB_2,Alcohol use brief intervention provided or offered,81,70,"2, 20",01/01/2024,12/31/2024
05025F,FRESNO VA MEDICAL CENTER (VA CENTRAL CALIFORNIA HEALTHCARE SYSTEM),2615 E. CLINTON AVENUE,FRESNO,CA,93703,FRESNO,(559) 228-5338,Inpatient Psychiatric Facility Measures,SUB_3,Alcohol and other drug use disorder treatment provided or offered at discharge,87,85,"2, 20",01/01/2024,12/31/2024
05025F,FRESNO VA MEDICAL CENTER (VA CENTRAL CALIFORNIA HEALTHCARE SYSTEM),2615 E. CLINTON AVENUE,FRESNO,CA,93703,FRESNO,(559) 228-5338,Inpatient Psychiatric Facility Measures,TOB_3,Tobacco Use Treatment Provided or Offered at Discharge,97,70,"2, 20",01/01/2024,12/31/2024
05027F,VA LONG BEACH HEALTHCARE SYSTEM,5901 E. SEVENTH STREET,LONG BEACH,CA,90822,LOS ANGELES,(562) 826-8000,Inpatient Psychiatric Facility Measures,HBIPS-2,Hours of physical-restraint use,0.21,7881,20,01/01/2024,12/31/2024
05027F,VA LONG BEACH HEALTHCARE SYSTEM,5901 E. SEVENTH STREET,LONG BEACH,CA,90822,LOS ANGELES,(562) 826-8000,Inpatient Psychiatric Facility Measures,HBIPS-3,Hours of seclusion,0,7881,20,01/01/2024,12/31/2024
05027F,VA LONG BEACH HEALTHCARE SYSTEM,5901 E. SEVENTH STREET,LONG BEACH,CA,90822,LOS ANGELES,(562) 826-8000,Inpatient Psychiatric Facility Measures,SUB_2,Alcohol use brief intervention provided or offered,71,84,"2, 20",01/01/2024,12/31/2024
05027F,VA LONG BEACH HEALTHCARE SYSTEM,5901 E. SEVENTH STREET,LONG BEACH,CA,90822,LOS ANGELES,(562) 826-8000,Inpatient Psychiatric Facility Measures,SUB_3,Alcohol and other drug use disorder treatment provided or offered at discharge,81,126,"2, 20",01/01/2024,12/31/2024
05027F,VA LONG BEACH HEALTHCARE SYSTEM,5901 E. SEVENTH STREET,LONG BEACH,CA,90822,LOS ANGELES,(562) 826-8000,Inpatient Psychiatric Facility Measures,TOB_3,Tobacco Use Treatment Provided or Offered at Discharge,88,84,"2, 20",01/01/2024,12/31/2024
05030F,VA N CALIFORNIA HEALTHCARE SYSTEM,10535 HOSPITAL WAY,MATHER,CA,95655,SACRAMENTO,(800) 382-8387,Inpatient Psychiatric Facility Measures,HBIPS-2,Hours of physical-restraint use,0.02,3309,20,01/01/2024,12/31/2024
05030F,VA N CALIFORNIA HEALTHCARE SYSTEM,10535 HOSPITAL WAY,MATHER,CA,95655,SACRAMENTO,(800) 382-8387,Inpatient Psychiatric Facility Measures,HBIPS-3,Hours of seclusion,0.03,3309,20,01/01/2024,12/31/2024
05030F,VA N CALIFORNIA HEALTHCARE SYSTEM,10535 HOSPITAL WAY,MATHER,CA,95655,SACRAMENTO,(800) 382-8387,Inpatient Psychiatric Facility Measures,SUB_2,Alcohol use brief intervention provided or offered,63,72,"2, 20",01/01/2024,12/31/2024
05030F,VA N CALIFORNIA HEALTHCARE SYSTEM,10535 HOSPITAL WAY,MATHER,CA,95655,SACRAMENTO,(800) 382-8387,Inpatient Psychiatric Facility Measures,SUB_3,Alcohol and other drug use disorder treatment provided or offered at discharge,72,64,"2, 20",01/01/2024,12/31/2024
05030F,VA N CALIFORNIA HEALTHCARE SYSTEM,10535 HOSPITAL WAY,MATHER,CA,95655,SACRAMENTO,(800) 382-8387,Inpatient Psychiatric Facility Measures,TOB_3,Tobacco Use Treatment Provided or Offered at Discharge,37,75,"2, 20",01/01/2024,12/31/2024
05031F,PALO ALTO VA MEDICAL CENTER,3801 MIRANDA AVENUE,PALO ALTO,CA,94304,SANTA CLARA,(650) 858-3939,Inpatient Psychiatric Facility Measures,HBIPS-2,Hours of physical-restraint use,0.05,8085,20,01/01/2024,12/31/2024
05031F,PALO ALTO VA MEDICAL CENTER,3801 MIRANDA AVENUE,PALO ALTO,CA,94304,SANTA CLARA,(650) 858-3939,Inpatient Psychiatric Facility Measures,HBIPS-3,Hours of seclusion,0,8085,20,01/01/2024,12/31/2024
05031F,PALO ALTO VA MEDICAL CENTER,3801 MIRANDA AVENUE,PALO ALTO,CA,94304,SANTA CLARA,(650) 858-3939,Inpatient Psychiatric Facility Measures,SUB_2,Alcohol use brief intervention provided or offered,84,82,"2, 20",01/01/2024,12/31/2024
05031F,PALO ALTO VA MEDICAL CENTER,3801 MIRANDA AVENUE,PALO ALTO,CA,94304,SANTA CLARA,(650) 858-3939,Inpatient Psychiatric Facility Measures,SUB_3,Alcohol and other drug use disorder treatment provided or offered at discharge,80,92,"2, 20",01/01/2024,12/31/2024
05031F,PALO ALTO VA MEDICAL CENTER,3801 MIRANDA AVENUE,PALO ALTO,CA,94304,SANTA CLARA,(650) 858-3939,Inpatient Psychiatric Facility Measures,TOB_3,Tobacco Use Treatment Provided or Offered at Discharge,86,102,"2, 20",01/01/2024,12/31/2024
05114F,VA SAN DIEGO HEALTHCARE SYSTEM,3350 LA JOLLA VILLAGE DRIVE,SAN DIEGO,CA,92161,SAN DIEGO,(858) 552-8585,Inpatient Psychiatric Facility Measures,HBIPS-2,Hours of physical-restraint use,0.07,9142,20,01/01/2024,12/31/2024
05114F,VA SAN DIEGO HEALTHCARE SYSTEM,3350 LA JOLLA VILLAGE DRIVE,SAN DIEGO,CA,92161,SAN DIEGO,(858) 552-8585,Inpatient Psychiatric Facility Measures,HBIPS-3,Hours of seclusion,0.03,9142,20,01/01/2024,12/31/2024
05114F,VA SAN DIEGO HEALTHCARE SYSTEM,3350 LA JOLLA VILLAGE DRIVE,SAN DIEGO,CA,92161,SAN DIEGO,(858) 552-8585,Inpatient Psychiatric Facility Measures,SUB_2,Alcohol use brief intervention provided or offered,72,109,"2, 20",01/01/2024,12/31/2024
05114F,VA SAN DIEGO HEALTHCARE SYSTEM,3350 LA JOLLA VILLAGE DRIVE,SAN DIEGO,CA,92161,SAN DIEGO,(858) 552-8585,Inpatient Psychiatric Facility Measures,SUB_3,Alcohol and other drug use disorder treatment provided or offered at discharge,91,78,"2, 20",01/01/2024,12/31/2024
05114F,VA SAN DIEGO HEALTHCARE SYSTEM,3350 LA JOLLA VILLAGE DRIVE,SAN DIEGO,CA,92161,SAN DIEGO,(858) 552-8585,Inpatient Psychiatric Facility Measures,TOB_3,Tobacco Use Treatment Provided or Offered at Discharge,96,116,"2, 20",01/01/2024,12/31/2024
05127F,LOMA LINDA VA MEDICAL CENTER,11201 BENTON STREET,LOMA LINDA,CA,92357,SAN BERNARDINO,(909) 825-7084,Inpatient Psychiatric Facility Measures,HBIPS-2,Hours of physical-restraint use,0.29,4908,20,01/01/2024,12/31/2024
05127F,LOMA LINDA VA MEDICAL CENTER,11201 BENTON STREET,LOMA LINDA,CA,92357,SAN BERNARDINO,(909) 825-7084,Inpatient Psychiatric Facility Measures,HBIPS-3,Hours of seclusion,0.69,4908,20,01/01/2024,12/31/2024
05127F,LOMA LINDA VA MEDICAL CENTER,11201 BENTON STREET,LOMA LINDA,CA,92357,SAN BERNARDINO,(909) 825-7084,Inpatient Psychiatric Facility Measures,SUB_2,Alcohol use brief intervention provided or offered,79,95,"2, 20",01/01/2024,12/31/2024
05127F,LOMA LINDA VA MEDICAL CENTER,11201 BENTON STREET,LOMA LINDA,CA,92357,SAN BERNARDINO,(909) 825-7084,Inpatient Psychiatric Facility Measures,SUB_3,Alcohol and other drug use disorder treatment provided or offered at discharge,96,136,"2, 20",01/01/2024,12/31/2024
05127F,LOMA LINDA VA MEDICAL CENTER,11201 BENTON STREET,LOMA LINDA,CA,92357,SAN BERNARDINO,(909) 825-7084,Inpatient Psychiatric Facility Measures,TOB_3,Tobacco Use Treatment Provided or Offered at Discharge,80,108,"2, 20",01/01/2024,12/31/2024
05128F,VA GREATER LOS ANGELES HEALTHCARE SYSTEM,11301 WILSHIRE BLVD.,LOS ANGELES,CA,90073,LOS ANGELES,(310) 478-3711,Inpatient Psychiatric Facility Measures,HBIPS-2,Hours of physical-restraint use,0.73,18332,20,01/01/2024,12/31/2024
05128F,VA GREATER LOS ANGELES HEALTHCARE SYSTEM,11301 WILSHIRE BLVD.,LOS ANGELES,CA,90073,LOS ANGELES,(310) 478-3711,Inpatient Psychiatric Facility Measures,HBIPS-3,Hours of seclusion,0.48,18332,20,01/01/2024,12/31/2024
05128F,VA GREATER LOS ANGELES HEALTHCARE SYSTEM,11301 WILSHIRE BLVD.,LOS ANGELES,CA,90073,LOS ANGELES,(310) 478-3711,Inpatient Psychiatric Facility Measures,SUB_2,Alcohol use brief intervention provided or offered,42,165,"2, 20",01/01/2024,12/31/2024
05128F,VA GREATER LOS ANGELES HEALTHCARE SYSTEM,11301 WILSHIRE BLVD.,LOS ANGELES,CA,90073,LOS ANGELES,(310) 478-3711,Inpatient Psychiatric Facility Measures,SUB_3,Alcohol and other drug use disorder treatment provided or offered at discharge,78,126,"2, 20",01/01/2024,12/31/2024
05128F,VA GREATER LOS ANGELES HEALTHCARE SYSTEM,11301 WILSHIRE BLVD.,LOS ANGELES,CA,90073,LOS ANGELES,(310) 478-3711,Inpatient Psychiatric Facility Measures,TOB_3,Tobacco Use Treatment Provided or Offered at Discharge,55,78,"2, 20",01/01/2024,12/31/2024
05130F,SAN FRANCISCO VA MEDICAL CENTER,4150 CLEMENT STREET,SAN FRANCISCO,CA,94121,SAN FRANCISCO,(415) 221-4810,Inpatient Psychiatric Facility Measures,HBIPS-2,Hours of physical-restraint use,Not Available,Not Available,5,01/01/2024,12/31/2024
05130F,SAN FRANCISCO VA MEDICAL CENTER,4150 CLEMENT STREET,SAN FRANCISCO,CA,94121,SAN FRANCISCO,(415) 221-4810,Inpatient Psychiatric Facility Measures,HBIPS-3,Hours of seclusion,Not Available,Not Available,5,01/01/2024,12/31/2024
05130F,SAN FRANCISCO VA MEDICAL CENTER,4150 CLEMENT STREET,SAN FRANCISCO,CA,94121,SAN FRANCISCO,(415) 221-4810,Inpatient Psychiatric Facility Measures,SUB_2,Alcohol use brief intervention provided or offered,77,47,"2, 20",01/01/2024,12/31/2024
05130F,SAN FRANCISCO VA MEDICAL CENTER,4150 CLEMENT STREET,SAN FRANCISCO,CA,94121,SAN FRANCISCO,(415) 221-4810,Inpatient Psychiatric Facility Measures,SUB_3,Alcohol and other drug use disorder treatment provided or offered at discharge,38,39,"2, 20",01/01/2024,12/31/2024
05130F,SAN FRANCISCO VA MEDICAL CENTER,4150 CLEMENT STREET,SAN FRANCISCO,CA,94121,SAN FRANCISCO,(415) 221-4810,Inpatient Psychiatric Facility Measures,TOB_3,Tobacco Use Treatment Provided or Offered at Discharge,74,46,"2, 20",01/01/2024,12/31/2024
06005F,VA EASTERN COLORADO HEALTHCARE SYSTEM,1700 NORTH WHEELING STREET,AURORA,CO,80045,ADAMS,(303) 399-8020,Inpatient Psychiatric Facility Measures,HBIPS-2,Hours of physical-restraint use,0.44,5451,20,01/01/2024,12/31/2024
06005F,VA EASTERN COLORADO HEALTHCARE SYSTEM,1700 NORTH WHEELING STREET,AURORA,CO,80045,ADAMS,(303) 399-8020,Inpatient Psychiatric Facility Measures,HBIPS-3,Hours of seclusion,0.97,5451,20,01/01/2024,12/31/2024
06005F,VA EASTERN COLORADO HEALTHCARE SYSTEM,1700 NORTH WHEELING STREET,AURORA,CO,80045,ADAMS,(303) 399-8020,Inpatient Psychiatric Facility Measures,SUB_2,Alcohol use brief intervention provided or offered,25,169,"2, 20",01/01/2024,12/31/2024
06005F,VA EASTERN COLORADO HEALTHCARE SYSTEM,1700 NORTH WHEELING STREET,AURORA,CO,80045,ADAMS,(303) 399-8020,Inpatient Psychiatric Facility Measures,SUB_3,Alcohol and other drug use disorder treatment provided or offered at discharge,33,94,"2, 20",01/01/2024,12/31/2024
06005F,VA EASTERN COLORADO HEALTHCARE SYSTEM,1700 NORTH WHEELING STREET,AURORA,CO,80045,ADAMS,(303) 399-8020,Inpatient Psychiatric Facility Measures,TOB_3,Tobacco Use Treatment Provided or Offered at Discharge,11,100,"2, 20",01/01/2024,12/31/2024
06007F,GRAND JUNCTION VA MEDICAL CENTER,2121 N. AVENUE,GRAND JUNCTION,CO,81501,MESA,(970) 244-1329,Inpatient Psychiatric Facility Measures,HBIPS-2,Hours of physical-restraint use,0,914,20,01/01/2024,12/31/2024
06007F,GRAND JUNCTION VA MEDICAL CENTER,2121 N. AVENUE,GRAND JUNCTION,CO,81501,MESA,(970) 244-1329,Inpatient Psychiatric Facility Measures,HBIPS-3,Hours of seclusion,0,914,20,01/01/2024,12/31/2024
06007F,GRAND JUNCTION VA MEDICAL CENTER,2121 N. AVENUE,GRAND JUNCTION,CO,81501,MESA,(970) 244-1329,Inpatient Psychiatric Facility Measures,SUB_2,Alcohol use brief intervention provided or offered,85,86,"2, 20",01/01/2024,12/31/2024
06007F,GRAND JUNCTION VA MEDICAL CENTER,2121 N. AVENUE,GRAND JUNCTION,CO,81501,MESA,(970) 244-1329,Inpatient Psychiatric Facility Measures,SUB_3,Alcohol and other drug use disorder treatment provided or offered at discharge,84,82,"2, 20",01/01/2024,12/31/2024
06007F,GRAND JUNCTION VA MEDICAL CENTER,2121 N. AVENUE,GRAND JUNCTION,CO,81501,MESA,(970) 244-1329,Inpatient Psychiatric Facility Measures,TOB_3,Tobacco Use Treatment Provided or Offered at Discharge,75,101,"2, 20",01/01/2024,12/31/2024
07003F,WEST HAVEN VA MEDICAL CENTER,950 CAMPBELL AVENUE,WEST HAVEN,CT,06516,NEW HAVEN,(203) 932-5711,Inpatient Psychiatric Facility Measures,HBIPS-2,Hours of physical-restraint use,0.29,4314,20,01/01/2024,12/31/2024
07003F,WEST HAVEN VA MEDICAL CENTER,950 CAMPBELL AVENUE,WEST HAVEN,CT,06516,NEW HAVEN,(203) 932-5711,Inpatient Psychiatric Facility Measures,HBIPS-3,Hours of seclusion,0,4314,20,01/01/2024,12/31/2024
07003F,WEST HAVEN VA MEDICAL CENTER,950 CAMPBELL AVENUE,WEST HAVEN,CT,06516,NEW HAVEN,(203) 932-5711,Inpatient Psychiatric Facility Measures,SUB_2,Alcohol use brief intervention provided or offered,61,83,"2, 20",01/01/2024,12/31/2024
07003F,WEST HAVEN VA MEDICAL CENTER,950 CAMPBELL AVENUE,WEST HAVEN,CT,06516,NEW HAVEN,(203) 932-5711,Inpatient Psychiatric Facility Measures,SUB_3,Alcohol and other drug use disorder treatment provided or offered at discharge,66,67,"2, 20",01/01/2024,12/31/2024
07003F,WEST HAVEN VA MEDICAL CENTER,950 CAMPBELL AVENUE,WEST HAVEN,CT,06516,NEW HAVEN,(203) 932-5711,Inpatient Psychiatric Facility Measures,TOB_3,Tobacco Use Treatment Provided or Offered at Discharge,89,75,"2, 20",01/01/2024,12/31/2024
08002F,WILMINGTON VA MEDICAL CENTER,1601 KIRKWOOD HIGHWAY,WILMINGTON,DE,19805,NEW CASTLE,(302) 994-2511,Inpatient Psychiatric Facility Measures,HBIPS-2,Hours of physical-restraint use,Not Available,Not Available,5,01/01/2024,12/31/2024
08002F,WILMINGTON VA MEDICAL CENTER,1601 KIRKWOOD HIGHWAY,WILMINGTON,DE,19805,NEW CASTLE,(302) 994-2511,Inpatient Psychiatric Facility Measures,HBIPS-3,Hours of seclusion,Not Available,Not Available,5,01/01/2024,12/31/2024
08002F,WILMINGTON VA MEDICAL CENTER,1601 KIRKWOOD HIGHWAY,WILMINGTON,DE,19805,NEW CASTLE,(302) 994-2511,Inpatient Psychiatric Facility Measures,SUB_2,Alcohol use brief intervention provided or offered,65,79,"2, 20",01/01/2024,12/31/2024
08002F,WILMINGTON VA MEDICAL CENTER,1601 KIRKWOOD HIGHWAY,WILMINGTON,DE,19805,NEW CASTLE,(302) 994-2511,Inpatient Psychiatric Facility Measures,SUB_3,Alcohol and other drug use disorder treatment provided or offered at discharge,69,70,"2, 20",01/01/2024,12/31/2024
08002F,WILMINGTON VA MEDICAL CENTER,1601 KIRKWOOD HIGHWAY,WILMINGTON,DE,19805,NEW CASTLE,(302) 994-2511,Inpatient Psychiatric Facility Measures,TOB_3,Tobacco Use Treatment Provided or Offered at Discharge,75,91,"2, 20",01/01/2024,12/31/2024
09002F,WASHINGTON DC VA MEDICAL CENTER,50 IRVING STREET N.W.,WASHINGTON,DC,20422,THE DISTRICT,(202) 745-8000,Inpatient Psychiatric Facility Measures,HBIPS-2,Hours of physical-restraint use,0.03,6684,20,01/01/2024,12/31/2024
09002F,WASHINGTON DC VA MEDICAL CENTER,50 IRVING STREET N.W.,WASHINGTON,DC,20422,THE DISTRICT,(202) 745-8000,Inpatient Psychiatric Facility Measures,HBIPS-3,Hours of seclusion,0.01,6684,20,01/01/2024,12/31/2024
09002F,WASHINGTON DC VA MEDICAL CENTER,50 IRVING STREET N.W.,WASHINGTON,DC,20422,THE DISTRICT,(202) 745-8000,Inpatient Psychiatric Facility Measures,SUB_2,Alcohol use brief intervention provided or offered,94,85,"2, 20",01/01/2024,12/31/2024
09002F,WASHINGTON DC VA MEDICAL CENTER,50 IRVING STREET N.W.,WASHINGTON,DC,20422,THE DISTRICT,(202) 745-8000,Inpatient Psychiatric Facility Measures,SUB_3,Alcohol and other drug use disorder treatment provided or offered at discharge,90,154,"2, 20",01/01/2024,12/31/2024
09002F,WASHINGTON DC VA MEDICAL CENTER,50 IRVING STREET N.W.,WASHINGTON,DC,20422,THE DISTRICT,(202) 745-8000,Inpatient Psychiatric Facility Measures,TOB_3,Tobacco Use Treatment Provided or Offered at Discharge,98,163,"2, 20",01/01/2024,12/31/2024
10009F,BAY PINES VA MEDICAL CENTER,10000 BAY PINES BLVD.,BAY PINES,FL,33744,PINELLAS,(727) 398-6661,Inpatient Psychiatric Facility Measures,HBIPS-2,Hours of physical-restraint use,0.05,5388,20,01/01/2024,12/31/2024
10009F,BAY PINES VA MEDICAL CENTER,10000 BAY PINES BLVD.,BAY PINES,FL,33744,PINELLAS,(727) 398-6661,Inpatient Psychiatric Facility Measures,HBIPS-3,Hours of seclusion,0.13,5388,20,01/01/2024,12/31/2024
10009F,BAY PINES VA MEDICAL CENTER,10000 BAY PINES BLVD.,BAY PINES,FL,33744,PINELLAS,(727) 398-6661,Inpatient Psychiatric Facility Measures,SUB_2,Alcohol use brief intervention provided or offered,79,110,"2, 20",01/01/2024,12/31/2024
10009F,BAY PINES VA MEDICAL CENTER,10000 BAY PINES BLVD.,BAY PINES,FL,33744,PINELLAS,(727) 398-6661,Inpatient Psychiatric Facility Measures,SUB_3,Alcohol and other drug use disorder treatment provided or offered at discharge,82,137,"2, 20",01/01/2024,12/31/2024
10009F,BAY PINES VA MEDICAL CENTER,10000 BAY PINES BLVD.,BAY PINES,FL,33744,PINELLAS,(727) 398-6661,Inpatient Psychiatric Facility Measures,TOB_3,Tobacco Use Treatment Provided or Offered at Discharge,75,126,"2, 20",01/01/2024,12/31/2024
10015F,VA NORTH FLORIDA/SOUTH GEORGIA HEALTHCARE SYSTEM - LAKE CITY,619 SOUTH MARION AVENUE,LAKE CITY,FL,32025,COLUMBIA,(386) 755-3016,Inpatient Psychiatric Facility Measures,HBIPS-2,Hours of physical-restraint use,Not Available,Not Available,"5, 24",01/01/2024,12/31/2024
10015F,VA NORTH FLORIDA/SOUTH GEORGIA HEALTHCARE SYSTEM - LAKE CITY,619 SOUTH MARION AVENUE,LAKE CITY,FL,32025,COLUMBIA,(386) 755-3016,Inpatient Psychiatric Facility Measures,HBIPS-3,Hours of seclusion,Not Available,Not Available,"5, 24",01/01/2024,12/31/2024
10015F,VA NORTH FLORIDA/SOUTH GEORGIA HEALTHCARE SYSTEM - LAKE CITY,619 SOUTH MARION AVENUE,LAKE CITY,FL,32025,COLUMBIA,(386) 755-3016,Inpatient Psychiatric Facility Measures,SUB_2,Alcohol use brief intervention provided or offered,Not Available,Not Available,"5, 24",01/01/2024,12/31/2024
10015F,VA NORTH FLORIDA/SOUTH GEORGIA HEALTHCARE SYSTEM - LAKE CITY,619 SOUTH MARION AVENUE,LAKE CITY,FL,32025,COLUMBIA,(386) 755-3016,Inpatient Psychiatric Facility Measures,SUB_3,Alcohol and other drug use disorder treatment provided or offered at discharge,Not Available,Not Available,"5, 24",01/01/2024,12/31/2024
10015F,VA NORTH FLORIDA/SOUTH GEORGIA HEALTHCARE SYSTEM - LAKE CITY,619 SOUTH MARION AVENUE,LAKE CITY,FL,32025,COLUMBIA,(386) 755-3016,Inpatient Psychiatric Facility Measures,TOB_3,Tobacco Use Treatment Provided or Offered at Discharge,Not Available,Not Available,"5, 24",01/01/2024,12/31/2024
10057F,VA NORTH FLORIDA/SOUTH GEORGIA HEALTHCARE SYSTEM - GAINESVILLE,1601 S W ARCHER ROAD,GAINESVILLE,FL,32608,ALACHUA,(352) 376-1611,Inpatient Psychiatric Facility Measures,HBIPS-2,Hours of physical-restraint use,0,15592,20,01/01/2024,12/31/2024
10057F,VA NORTH FLORIDA/SOUTH GEORGIA HEALTHCARE SYSTEM - GAINESVILLE,1601 S W ARCHER ROAD,GAINESVILLE,FL,32608,ALACHUA,(352) 376-1611,Inpatient Psychiatric Facility Measures,HBIPS-3,Hours of seclusion,0.02,15592,20,01/01/2024,12/31/2024
10057F,VA NORTH FLORIDA/SOUTH GEORGIA HEALTHCARE SYSTEM - GAINESVILLE,1601 S W ARCHER ROAD,GAINESVILLE,FL,32608,ALACHUA,(352) 376-1611,Inpatient Psychiatric Facility Measures,SUB_2,Alcohol use brief intervention provided or offered,62,170,"2, 20",01/01/2024,12/31/2024
10057F,VA NORTH FLORIDA/SOUTH GEORGIA HEALTHCARE SYSTEM - GAINESVILLE,1601 S W ARCHER ROAD,GAINESVILLE,FL,32608,ALACHUA,(352) 376-1611,Inpatient Psychiatric Facility Measures,SUB_3,Alcohol and other drug use disorder treatment provided or offered at discharge,64,141,"2, 20",01/01/2024,12/31/2024
10057F,VA NORTH FLORIDA/SOUTH GEORGIA HEALTHCARE SYSTEM - GAINESVILLE,1601 S W ARCHER ROAD,GAINESVILLE,FL,32608,ALACHUA,(352) 376-1611,Inpatient Psychiatric Facility Measures,TOB_3,Tobacco Use Treatment Provided or Offered at Discharge,69,179,"2, 20",01/01/2024,12/31/2024
10063F,TAMPA VA MEDICAL CENTER,13000 BRUCE B DOWNS BLVD.,TAMPA,FL,33612,HILLSBOROUGH,(813) 972-2000,Inpatient Psychiatric Facility Measures,HBIPS-2,Hours of physical-restraint use,0.05,7506,20,01/01/2024,12/31/2024
10063F,TAMPA VA MEDICAL CENTER,13000 BRUCE B DOWNS BLVD.,TAMPA,FL,33612,HILLSBOROUGH,(813) 972-2000,Inpatient Psychiatric Facility Measures,HBIPS-3,Hours of seclusion,0,7506,20,01/01/2024,12/31/2024
10063F,TAMPA VA MEDICAL CENTER,13000 BRUCE B DOWNS BLVD.,TAMPA,FL,33612,HILLSBOROUGH,(813) 972-2000,Inpatient Psychiatric Facility Measures,SUB_2,Alcohol use brief intervention provided or offered,85,142,"2, 20",01/01/2024,12/31/2024
10063F,TAMPA VA MEDICAL CENTER,13000 BRUCE B DOWNS BLVD.,TAMPA,FL,33612,HILLSBOROUGH,(813) 972-2000,Inpatient Psychiatric Facility Measures,SUB_3,Alcohol and other drug use disorder treatment provided or offered at discharge,88,169,"2, 20",01/01/2024,12/31/2024
10063F,TAMPA VA MEDICAL CENTER,13000 BRUCE B DOWNS BLVD.,TAMPA,FL,33612,HILLSBOROUGH,(813) 972-2000,Inpatient Psychiatric Facility Measures,TOB_3,Tobacco Use Treatment Provided or Offered at Discharge,93,175,"2, 20",01/01/2024,12/31/2024
10064F,MIAMI VA MEDICAL CENTER,1201 N W 16TH STREET,MIAMI,FL,33125,MIAMI-DADE,(305) 324-4455,Inpatient Psychiatric Facility Measures,HBIPS-2,Hours of physical-restraint use,0.12,4095,20,01/01/2024,12/31/2024
10064F,MIAMI VA MEDICAL CENTER,1201 N W 16TH STREET,MIAMI,FL,33125,MIAMI-DADE,(305) 324-4455,Inpatient Psychiatric Facility Measures,HBIPS-3,Hours of seclusion,0,4095,20,01/01/2024,12/31/2024
10064F,MIAMI VA MEDICAL CENTER,1201 N W 16TH STREET,MIAMI,FL,33125,MIAMI-DADE,(305) 324-4455,Inpatient Psychiatric Facility Measures,SUB_2,Alcohol use brief intervention provided or offered,63,113,"2, 20",01/01/2024,12/31/2024
10064F,MIAMI VA MEDICAL CENTER,1201 N W 16TH STREET,MIAMI,FL,33125,MIAMI-DADE,(305) 324-4455,Inpatient Psychiatric Facility Measures,SUB_3,Alcohol and other drug use disorder treatment provided or offered at discharge,85,165,"2, 20",01/01/2024,12/31/2024
10064F,MIAMI VA MEDICAL CENTER,1201 N W 16TH STREET,MIAMI,FL,33125,MIAMI-DADE,(305) 324-4455,Inpatient Psychiatric Facility Measures,TOB_3,Tobacco Use Treatment Provided or Offered at Discharge,65,80,"2, 20",01/01/2024,12/31/2024
10065F,W PALM BEACH VA MEDICAL CENTER,7305 N. MILITARY TRAIL,WEST PALM BEACH,FL,33410,PALM BEACH,(561) 422-8600,Inpatient Psychiatric Facility Measures,HBIPS-2,Hours of physical-restraint use,0.1,5731,20,01/01/2024,12/31/2024
10065F,W PALM BEACH VA MEDICAL CENTER,7305 N. MILITARY TRAIL,WEST PALM BEACH,FL,33410,PALM BEACH,(561) 422-8600,Inpatient Psychiatric Facility Measures,HBIPS-3,Hours of seclusion,0,5731,20,01/01/2024,12/31/2024
10065F,W PALM BEACH VA MEDICAL CENTER,7305 N. MILITARY TRAIL,WEST PALM BEACH,FL,33410,PALM BEACH,(561) 422-8600,Inpatient Psychiatric Facility Measures,SUB_2,Alcohol use brief intervention provided or offered,74,112,"2, 20",01/01/2024,12/31/2024
10065F,W PALM BEACH VA MEDICAL CENTER,7305 N. MILITARY TRAIL,WEST PALM BEACH,FL,33410,PALM BEACH,(561) 422-8600,Inpatient Psychiatric Facility Measures,SUB_3,Alcohol and other drug use disorder treatment provided or offered at discharge,63,166,"2, 20",01/01/2024,12/31/2024
10065F,W PALM BEACH VA MEDICAL CENTER,7305 N. MILITARY TRAIL,WEST PALM BEACH,FL,33410,PALM BEACH,(561) 422-8600,Inpatient Psychiatric Facility Measures,TOB_3,Tobacco Use Treatment Provided or Offered at Discharge,82,130,"2, 20",01/01/2024,12/31/2024
10099F,ORLANDO VA MEDICAL CENTER,13800 VETERANS WAY,ORLANDO,FL,32827,ORANGE,(407) 631-1000,Inpatient Psychiatric Facility Measures,HBIPS-2,Hours of physical-restraint use,0.05,10309,20,01/01/2024,12/31/2024
10099F,ORLANDO VA MEDICAL CENTER,13800 VETERANS WAY,ORLANDO,FL,32827,ORANGE,(407) 631-1000,Inpatient Psychiatric Facility Measures,HBIPS-3,Hours of seclusion,0.03,10309,20,01/01/2024,12/31/2024
10099F,ORLANDO VA MEDICAL CENTER,13800 VETERANS WAY,ORLANDO,FL,32827,ORANGE,(407) 631-1000,Inpatient Psychiatric Facility Measures,SUB_2,Alcohol use brief intervention provided or offered,79,162,"2, 20",01/01/2024,12/31/2024
10099F,ORLANDO VA MEDICAL CENTER,13800 VETERANS WAY,ORLANDO,FL,32827,ORANGE,(407) 631-1000,Inpatient Psychiatric Facility Measures,SUB_3,Alcohol and other drug use disorder treatment provided or offered at discharge,89,177,"2, 20",01/01/2024,12/31/2024
10099F,ORLANDO VA MEDICAL CENTER,13800 VETERANS WAY,ORLANDO,FL,32827,ORANGE,(407) 631-1000,Inpatient Psychiatric Facility Measures,TOB_3,Tobacco Use Treatment Provided or Offered at Discharge,81,161,"2, 20",01/01/2024,12/31/2024
11029F,DECATUR (ATLANTA) VA MEDICAL CENTER,1670 CLAIRMONT ROAD,DECATUR,GA,30033,DE KALB,(404) 321-6111,Inpatient Psychiatric Facility Measures,HBIPS-2,Hours of physical-restraint use,0.33,9394,20,01/01/2024,12/31/2024
11029F,DECATUR (ATLANTA) VA MEDICAL CENTER,1670 CLAIRMONT ROAD,DECATUR,GA,30033,DE KALB,(404) 321-6111,Inpatient Psychiatric Facility Measures,HBIPS-3,Hours of seclusion,1.19,9394,20,01/01/2024,12/31/2024
11029F,DECATUR (ATLANTA) VA MEDICAL CENTER,1670 CLAIRMONT ROAD,DECATUR,GA,30033,DE KALB,(404) 321-6111,Inpatient Psychiatric Facility Measures,SUB_2,Alcohol use brief intervention provided or offered,87,143,"2, 20",01/01/2024,12/31/2024
11029F,DECATUR (ATLANTA) VA MEDICAL CENTER,1670 CLAIRMONT ROAD,DECATUR,GA,30033,DE KALB,(404) 321-6111,Inpatient Psychiatric Facility Measures,SUB_3,Alcohol and other drug use disorder treatment provided or offered at discharge,72,209,"2, 20",01/01/2024,12/31/2024
11029F,DECATUR (ATLANTA) VA MEDICAL CENTER,1670 CLAIRMONT ROAD,DECATUR,GA,30033,DE KALB,(404) 321-6111,Inpatient Psychiatric Facility Measures,TOB_3,Tobacco Use Treatment Provided or Offered at Discharge,69,160,"2, 20",01/01/2024,12/31/2024
11030F,AUGUSTA VA MEDICAL CENTER,1 FREEDOM WAY,AUGUSTA,GA,30904,RICHMOND,(706) 823-2201,Inpatient Psychiatric Facility Measures,HBIPS-2,Hours of physical-restraint use,0,2056,20,01/01/2024,12/31/2024
11030F,AUGUSTA VA MEDICAL CENTER,1 FREEDOM WAY,AUGUSTA,GA,30904,RICHMOND,(706) 823-2201,Inpatient Psychiatric Facility Measures,HBIPS-3,Hours of seclusion,0,2056,20,01/01/2024,12/31/2024
11030F,AUGUSTA VA MEDICAL CENTER,1 FREEDOM WAY,AUGUSTA,GA,30904,RICHMOND,(706) 823-2201,Inpatient Psychiatric Facility Measures,SUB_2,Alcohol use brief intervention provided or offered,77,88,"2, 20",01/01/2024,12/31/2024
11030F,AUGUSTA VA MEDICAL CENTER,1 FREEDOM WAY,AUGUSTA,GA,30904,RICHMOND,(706) 823-2201,Inpatient Psychiatric Facility Measures,SUB_3,Alcohol and other drug use disorder treatment provided or offered at discharge,96,85,"2, 20",01/01/2024,12/31/2024
11030F,AUGUSTA VA MEDICAL CENTER,1 FREEDOM WAY,AUGUSTA,GA,30904,RICHMOND,(706) 823-2201,Inpatient Psychiatric Facility Measures,TOB_3,Tobacco Use Treatment Provided or Offered at Discharge,95,111,"2, 20",01/01/2024,12/31/2024
11031F,DUBLIN VA MEDICAL CENTER,1826 VETERANS BOULEVARD,DUBLIN,GA,31021,LAURENS,(478) 277-2701,Inpatient Psychiatric Facility Measures,HBIPS-2,Hours of physical-restraint use,Not Available,Not Available,5,01/01/2024,12/31/2024
11031F,DUBLIN VA MEDICAL CENTER,1826 VETERANS BOULEVARD,DUBLIN,GA,31021,LAURENS,(478) 277-2701,Inpatient Psychiatric Facility Measures,HBIPS-3,Hours of seclusion,Not Available,Not Available,5,01/01/2024,12/31/2024
11031F,DUBLIN VA MEDICAL CENTER,1826 VETERANS BOULEVARD,DUBLIN,GA,31021,LAURENS,(478) 277-2701,Inpatient Psychiatric Facility Measures,SUB_2,Alcohol use brief intervention provided or offered,Not Available,Not Available,"1, 2, 20",01/01/2024,12/31/2024
11031F,DUBLIN VA MEDICAL CENTER,1826 VETERANS BOULEVARD,DUBLIN,GA,31021,LAURENS,(478) 277-2701,Inpatient Psychiatric Facility Measures,SUB_3,Alcohol and other drug use disorder treatment provided or offered at discharge,Not Available,Not Available,"1, 2, 20",01/01/2024,12/31/2024
11031F,DUBLIN VA MEDICAL CENTER,1826 VETERANS BOULEVARD,DUBLIN,GA,31021,LAURENS,(478) 277-2701,Inpatient Psychiatric Facility Measures,TOB_3,Tobacco Use Treatment Provided or Offered at Discharge,Not Available,Not Available,"1, 2, 20",01/01/2024,12/31/2024
13003F,BOISE VA MEDICAL CENTER,500 W. FORT STREET,BOISE,ID,83702,ADA,(208) 422-1000,Inpatient Psychiatric Facility Measures,HBIPS-2,Hours of physical-restraint use,0,2356,20,01/01/2024,12/31/2024
13003F,BOISE VA MEDICAL CENTER,500 W. FORT STREET,BOISE,ID,83702,ADA,(208) 422-1000,Inpatient Psychiatric Facility Measures,HBIPS-3,Hours of seclusion,0,2356,20,01/01/2024,12/31/2024
13003F,BOISE VA MEDICAL CENTER,500 W. FORT STREET,BOISE,ID,83702,ADA,(208) 422-1000,Inpatient Psychiatric Facility Measures,SUB_2,Alcohol use brief intervention provided or offered,74,96,"2, 20",01/01/2024,12/31/2024
13003F,BOISE VA MEDICAL CENTER,500 W. FORT STREET,BOISE,ID,83702,ADA,(208) 422-1000,Inpatient Psychiatric Facility Measures,SUB_3,Alcohol and other drug use disorder treatment provided or offered at discharge,79,68,"2, 20",01/01/2024,12/31/2024
13003F,BOISE VA MEDICAL CENTER,500 W. FORT STREET,BOISE,ID,83702,ADA,(208) 422-1000,Inpatient Psychiatric Facility Measures,TOB_3,Tobacco Use Treatment Provided or Offered at Discharge,71,104,"2, 20",01/01/2024,12/31/2024
14003F,JESSE BROWN VA MEDICAL CENTER - VA CHICAGO HEALTHCARE SYSTEM,820 S DAMEN STREET,CHICAGO,IL,60612,COOK,(312) 569-8387,Inpatient Psychiatric Facility Measures,HBIPS-2,Hours of physical-restraint use,0.07,6634,20,01/01/2024,12/31/2024
14003F,JESSE BROWN VA MEDICAL CENTER - VA CHICAGO HEALTHCARE SYSTEM,820 S DAMEN STREET,CHICAGO,IL,60612,COOK,(312) 569-8387,Inpatient Psychiatric Facility Measures,HBIPS-3,Hours of seclusion,0,6634,20,01/01/2024,12/31/2024
14003F,JESSE BROWN VA MEDICAL CENTER - VA CHICAGO HEALTHCARE SYSTEM,820 S DAMEN STREET,CHICAGO,IL,60612,COOK,(312) 569-8387,Inpatient Psychiatric Facility Measures,SUB_2,Alcohol use brief intervention provided or offered,56,123,"2, 20",01/01/2024,12/31/2024
14003F,JESSE BROWN VA MEDICAL CENTER - VA CHICAGO HEALTHCARE SYSTEM,820 S DAMEN STREET,CHICAGO,IL,60612,COOK,(312) 569-8387,Inpatient Psychiatric Facility Measures,SUB_3,Alcohol and other drug use disorder treatment provided or offered at discharge,71,203,"2, 20",01/01/2024,12/31/2024
14003F,JESSE BROWN VA MEDICAL CENTER - VA CHICAGO HEALTHCARE SYSTEM,820 S DAMEN STREET,CHICAGO,IL,60612,COOK,(312) 569-8387,Inpatient Psychiatric Facility Measures,TOB_3,Tobacco Use Treatment Provided or Offered at Discharge,74,186,"2, 20",01/01/2024,12/31/2024
14004F,VA ILLIANA HEALTHCARE SYSTEM - DANVILLE,1900 E. MAIN,DANVILLE,IL,61832,VERMILION,(217) 554-3000,Inpatient Psychiatric Facility Measures,HBIPS-2,Hours of physical-restraint use,0.01,1777,20,01/01/2024,12/31/2024
14004F,VA ILLIANA HEALTHCARE SYSTEM - DANVILLE,1900 E. MAIN,DANVILLE,IL,61832,VERMILION,(217) 554-3000,Inpatient Psychiatric Facility Measures,HBIPS-3,Hours of seclusion,0,1777,20,01/01/2024,12/31/2024
14004F,VA ILLIANA HEALTHCARE SYSTEM - DANVILLE,1900 E. MAIN,DANVILLE,IL,61832,VERMILION,(217) 554-3000,Inpatient Psychiatric Facility Measures,SUB_2,Alcohol use brief intervention provided or offered,90,87,"2, 20",01/01/2024,12/31/2024
14004F,VA ILLIANA HEALTHCARE SYSTEM - DANVILLE,1900 E. MAIN,DANVILLE,IL,61832,VERMILION,(217) 554-3000,Inpatient Psychiatric Facility Measures,SUB_3,Alcohol and other drug use disorder treatment provided or offered at discharge,96,125,"2, 20",01/01/2024,12/31/2024
14004F,VA ILLIANA HEALTHCARE SYSTEM - DANVILLE,1900 E. MAIN,DANVILLE,IL,61832,VERMILION,(217) 554-3000,Inpatient Psychiatric Facility Measures,TOB_3,Tobacco Use Treatment Provided or Offered at Discharge,35,95,"2, 20",01/01/2024,12/31/2024
14007F,HINES VA MEDICAL CENTER,5000 SOUTH 5TH AVENUE,HINES,IL,60141,COOK,(708) 202-8387,Inpatient Psychiatric Facility Measures,HBIPS-2,Hours of physical-restraint use,0.22,3863,20,01/01/2024,12/31/2024
14007F,HINES VA MEDICAL CENTER,5000 SOUTH 5TH AVENUE,HINES,IL,60141,COOK,(708) 202-8387,Inpatient Psychiatric Facility Measures,HBIPS-3,Hours of seclusion,0,3863,20,01/01/2024,12/31/2024
14007F,HINES VA MEDICAL CENTER,5000 SOUTH 5TH AVENUE,HINES,IL,60141,COOK,(708) 202-8387,Inpatient Psychiatric Facility Measures,SUB_2,Alcohol use brief intervention provided or offered,74,141,"2, 20",01/01/2024,12/31/2024
14007F,HINES VA MEDICAL CENTER,5000 SOUTH 5TH AVENUE,HINES,IL,60141,COOK,(708) 202-8387,Inpatient Psychiatric Facility Measures,SUB_3,Alcohol and other drug use disorder treatment provided or offered at discharge,85,137,"2, 20",01/01/2024,12/31/2024
14007F,HINES VA MEDICAL CENTER,5000 SOUTH 5TH AVENUE,HINES,IL,60141,COOK,(708) 202-8387,Inpatient Psychiatric Facility Measures,TOB_3,Tobacco Use Treatment Provided or Offered at Discharge,81,149,"2, 20",01/01/2024,12/31/2024
14008F,MARION IL VA MEDICAL CENTER,2401 WEST MAIN,MARION,IL,62959,WILLIAMSON,(618) 997-5311,Inpatient Psychiatric Facility Measures,HBIPS-2,Hours of physical-restraint use,Not Available,Not Available,5,01/01/2024,12/31/2024
14008F,MARION IL VA MEDICAL CENTER,2401 WEST MAIN,MARION,IL,62959,WILLIAMSON,(618) 997-5311,Inpatient Psychiatric Facility Measures,HBIPS-3,Hours of seclusion,Not Available,Not Available,5,01/01/2024,12/31/2024
14008F,MARION IL VA MEDICAL CENTER,2401 WEST MAIN,MARION,IL,62959,WILLIAMSON,(618) 997-5311,Inpatient Psychiatric Facility Measures,SUB_2,Alcohol use brief intervention provided or offered,58,59,"2, 20",01/01/2024,12/31/2024
14008F,MARION IL VA MEDICAL CENTER,2401 WEST MAIN,MARION,IL,62959,WILLIAMSON,(618) 997-5311,Inpatient Psychiatric Facility Measures,SUB_3,Alcohol and other drug use disorder treatment provided or offered at discharge,47,32,"2, 20",01/01/2024,12/31/2024
14008F,MARION IL VA MEDICAL CENTER,2401 WEST MAIN,MARION,IL,62959,WILLIAMSON,(618) 997-5311,Inpatient Psychiatric Facility Measures,TOB_3,Tobacco Use Treatment Provided or Offered at Discharge,35,71,"2, 20",01/01/2024,12/31/2024
14034F,NORTH CHICAGO VA MEDICAL CENTER,3001 GREENBAY ROAD,NORTH CHICAGO,IL,60064,LAKE,(847) 688-1900,Inpatient Psychiatric Facility Measures,HBIPS-2,Hours of physical-restraint use,0.13,9720,20,01/01/2024,12/31/2024
14034F,NORTH CHICAGO VA MEDICAL CENTER,3001 GREENBAY ROAD,NORTH CHICAGO,IL,60064,LAKE,(847) 688-1900,Inpatient Psychiatric Facility Measures,HBIPS-3,Hours of seclusion,0,9720,20,01/01/2024,12/31/2024
14034F,NORTH CHICAGO VA MEDICAL CENTER,3001 GREENBAY ROAD,NORTH CHICAGO,IL,60064,LAKE,(847) 688-1900,Inpatient Psychiatric Facility Measures,SUB_2,Alcohol use brief intervention provided or offered,96,115,"2, 20",01/01/2024,12/31/2024
14034F,NORTH CHICAGO VA MEDICAL CENTER,3001 GREENBAY ROAD,NORTH CHICAGO,IL,60064,LAKE,(847) 688-1900,Inpatient Psychiatric Facility Measures,SUB_3,Alcohol and other drug use disorder treatment provided or offered at discharge,66,111,"2, 20",01/01/2024,12/31/2024
14034F,NORTH CHICAGO VA MEDICAL CENTER,3001 GREENBAY ROAD,NORTH CHICAGO,IL,60064,LAKE,(847) 688-1900,Inpatient Psychiatric Facility Measures,TOB_3,Tobacco Use Treatment Provided or Offered at Discharge,80,107,"2, 20",01/01/2024,12/31/2024
15003F,INDIANAPOLIS VA MEDICAL CENTER,1481 W. TENTH STREET,INDIANAPOLIS,IN,46202,MARION,(317) 554-0000,Inpatient Psychiatric Facility Measures,HBIPS-2,Hours of physical-restraint use,0.12,4053,20,01/01/2024,12/31/2024
15003F,INDIANAPOLIS VA MEDICAL CENTER,1481 W. TENTH STREET,INDIANAPOLIS,IN,46202,MARION,(317) 554-0000,Inpatient Psychiatric Facility Measures,HBIPS-3,Hours of seclusion,1.23,4053,20,01/01/2024,12/31/2024
15003F,INDIANAPOLIS VA MEDICAL CENTER,1481 W. TENTH STREET,INDIANAPOLIS,IN,46202,MARION,(317) 554-0000,Inpatient Psychiatric Facility Measures,SUB_2,Alcohol use brief intervention provided or offered,35,172,"2, 20",01/01/2024,12/31/2024
15003F,INDIANAPOLIS VA MEDICAL CENTER,1481 W. TENTH STREET,INDIANAPOLIS,IN,46202,MARION,(317) 554-0000,Inpatient Psychiatric Facility Measures,SUB_3,Alcohol and other drug use disorder treatment provided or offered at discharge,81,104,"2, 20",01/01/2024,12/31/2024
15003F,INDIANAPOLIS VA MEDICAL CENTER,1481 W. TENTH STREET,INDIANAPOLIS,IN,46202,MARION,(317) 554-0000,Inpatient Psychiatric Facility Measures,TOB_3,Tobacco Use Treatment Provided or Offered at Discharge,58,158,"2, 20",01/01/2024,12/31/2024
15004F,VA N. INDIANA HEALTHCARE SYSTEM,1700 E. 38TH STREET,MARION,IN,46953,GRANT,(765) 674-3321,Inpatient Psychiatric Facility Measures,HBIPS-2,Hours of physical-restraint use,0.25,2139,20,01/01/2024,12/31/2024
15004F,VA N. INDIANA HEALTHCARE SYSTEM,1700 E. 38TH STREET,MARION,IN,46953,GRANT,(765) 674-3321,Inpatient Psychiatric Facility Measures,HBIPS-3,Hours of seclusion,0,2139,20,01/01/2024,12/31/2024
15004F,VA N. INDIANA HEALTHCARE SYSTEM,1700 E. 38TH STREET,MARION,IN,46953,GRANT,(765) 674-3321,Inpatient Psychiatric Facility Measures,SUB_2,Alcohol use brief intervention provided or offered,91,149,"2, 20",01/01/2024,12/31/2024
15004F,VA N. INDIANA HEALTHCARE SYSTEM,1700 E. 38TH STREET,MARION,IN,46953,GRANT,(765) 674-3321,Inpatient Psychiatric Facility Measures,SUB_3,Alcohol and other drug use disorder treatment provided or offered at discharge,94,193,"2, 20",01/01/2024,12/31/2024
15004F,VA N. INDIANA HEALTHCARE SYSTEM,1700 E. 38TH STREET,MARION,IN,46953,GRANT,(765) 674-3321,Inpatient Psychiatric Facility Measures,TOB_3,Tobacco Use Treatment Provided or Offered at Discharge,96,193,"2, 20",01/01/2024,12/31/2024
16003F,VA CENTRAL IOWA HEALTHCARE SYSTEM,3600 30TH STREET,DES MOINES,IA,50310,POLK,(515) 699-5999,Inpatient Psychiatric Facility Measures,HBIPS-2,Hours of physical-restraint use,0.04,2546,20,01/01/2024,12/31/2024
16003F,VA CENTRAL IOWA HEALTHCARE SYSTEM,3600 30TH STREET,DES MOINES,IA,50310,POLK,(515) 699-5999,Inpatient Psychiatric Facility Measures,HBIPS-3,Hours of seclusion,0.03,2546,20,01/01/2024,12/31/2024
16003F,VA CENTRAL IOWA HEALTHCARE SYSTEM,3600 30TH STREET,DES MOINES,IA,50310,POLK,(515) 699-5999,Inpatient Psychiatric Facility Measures,SUB_2,Alcohol use brief intervention provided or offered,74,123,"2, 20",01/01/2024,12/31/2024
16003F,VA CENTRAL IOWA HEALTHCARE SYSTEM,3600 30TH STREET,DES MOINES,IA,50310,POLK,(515) 699-5999,Inpatient Psychiatric Facility Measures,SUB_3,Alcohol and other drug use disorder treatment provided or offered at discharge,91,89,"2, 20",01/01/2024,12/31/2024
16003F,VA CENTRAL IOWA HEALTHCARE SYSTEM,3600 30TH STREET,DES MOINES,IA,50310,POLK,(515) 699-5999,Inpatient Psychiatric Facility Measures,TOB_3,Tobacco Use Treatment Provided or Offered at Discharge,54,112,"2, 20",01/01/2024,12/31/2024
16004F,IOWA CITY VA MEDICAL CENTER,601 HIGHWAY 6 WEST,IOWA CITY,IA,52246,JOHNSON,(319) 338-0581,Inpatient Psychiatric Facility Measures,HBIPS-2,Hours of physical-restraint use,0.06,4670,20,01/01/2024,12/31/2024
16004F,IOWA CITY VA MEDICAL CENTER,601 HIGHWAY 6 WEST,IOWA CITY,IA,52246,JOHNSON,(319) 338-0581,Inpatient Psychiatric Facility Measures,HBIPS-3,Hours of seclusion,0,4670,20,01/01/2024,12/31/2024
16004F,IOWA CITY VA MEDICAL CENTER,601 HIGHWAY 6 WEST,IOWA CITY,IA,52246,JOHNSON,(319) 338-0581,Inpatient Psychiatric Facility Measures,SUB_2,Alcohol use brief intervention provided or offered,49,122,"2, 20",01/01/2024,12/31/2024
16004F,IOWA CITY VA MEDICAL CENTER,601 HIGHWAY 6 WEST,IOWA CITY,IA,52246,JOHNSON,(319) 338-0581,Inpatient Psychiatric Facility Measures,SUB_3,Alcohol and other drug use disorder treatment provided or offered at discharge,66,82,"2, 20",01/01/2024,12/31/2024
16004F,IOWA CITY VA MEDICAL CENTER,601 HIGHWAY 6 WEST,IOWA CITY,IA,52246,JOHNSON,(319) 338-0581,Inpatient Psychiatric Facility Measures,TOB_3,Tobacco Use Treatment Provided or Offered at Discharge,76,112,"2, 20",01/01/2024,12/31/2024
17005F,VA EASTERN KANSAS HEALTHCARE SYSTEM,2200 SW GAGE BOULEVARD,TOPEKA,KS,66622,SHAWNEE,(913) 682-2000,Inpatient Psychiatric Facility Measures,HBIPS-2,Hours of physical-restraint use,0.1,3140,20,01/01/2024,12/31/2024
17005F,VA EASTERN KANSAS HEALTHCARE SYSTEM,2200 SW GAGE BOULEVARD,TOPEKA,KS,66622,SHAWNEE,(913) 682-2000,Inpatient Psychiatric Facility Measures,HBIPS-3,Hours of seclusion,0.17,3140,20,01/01/2024,12/31/2024
17005F,VA EASTERN KANSAS HEALTHCARE SYSTEM,2200 SW GAGE BOULEVARD,TOPEKA,KS,66622,SHAWNEE,(913) 682-2000,Inpatient Psychiatric Facility Measures,SUB_2,Alcohol use brief intervention provided or offered,86,120,"2, 20",01/01/2024,12/31/2024
17005F,VA EASTERN KANSAS HEALTHCARE SYSTEM,2200 SW GAGE BOULEVARD,TOPEKA,KS,66622,SHAWNEE,(913) 682-2000,Inpatient Psychiatric Facility Measures,SUB_3,Alcohol and other drug use disorder treatment provided or offered at discharge,69,135,"2, 20",01/01/2024,12/31/2024
17005F,VA EASTERN KANSAS HEALTHCARE SYSTEM,2200 SW GAGE BOULEVARD,TOPEKA,KS,66622,SHAWNEE,(913) 682-2000,Inpatient Psychiatric Facility Measures,TOB_3,Tobacco Use Treatment Provided or Offered at Discharge,64,111,"2, 20",01/01/2024,12/31/2024
17008F,WICHITA VA MEDICAL CENTER,5500 E. KELLOG,WICHITA,KS,67218,SEDGWICK,(316) 685-2221,Inpatient Psychiatric Facility Measures,HBIPS-2,Hours of physical-restraint use,Not Available,Not Available,5,01/01/2024,12/31/2024
17008F,WICHITA VA MEDICAL CENTER,5500 E. KELLOG,WICHITA,KS,67218,SEDGWICK,(316) 685-2221,Inpatient Psychiatric Facility Measures,HBIPS-3,Hours of seclusion,Not Available,Not Available,5,01/01/2024,12/31/2024
17008F,WICHITA VA MEDICAL CENTER,5500 E. KELLOG,WICHITA,KS,67218,SEDGWICK,(316) 685-2221,Inpatient Psychiatric Facility Measures,SUB_2,Alcohol use brief intervention provided or offered,95,63,"2, 20",01/01/2024,12/31/2024
17008F,WICHITA VA MEDICAL CENTER,5500 E. KELLOG,WICHITA,KS,67218,SEDGWICK,(316) 685-2221,Inpatient Psychiatric Facility Measures,SUB_3,Alcohol and other drug use disorder treatment provided or offered at discharge,91,58,"2, 20",01/01/2024,12/31/2024
17008F,WICHITA VA MEDICAL CENTER,5500 E. KELLOG,WICHITA,KS,67218,SEDGWICK,(316) 685-2221,Inpatient Psychiatric Facility Measures,TOB_3,Tobacco Use Treatment Provided or Offered at Discharge,93,111,"2, 20",01/01/2024,12/31/2024
18006F,LOUISVILLE VA MEDICAL CENTER,800 ZORN AVENUE,LOUISVILLE,KY,40206,JEFFERSON,(502) 287-4000,Inpatient Psychiatric Facility Measures,HBIPS-2,Hours of physical-restraint use,0.04,3123,20,01/01/2024,12/31/2024
18006F,LOUISVILLE VA MEDICAL CENTER,800 ZORN AVENUE,LOUISVILLE,KY,40206,JEFFERSON,(502) 287-4000,Inpatient Psychiatric Facility Measures,HBIPS-3,Hours of seclusion,0.19,3123,20,01/01/2024,12/31/2024
18006F,LOUISVILLE VA MEDICAL CENTER,800 ZORN AVENUE,LOUISVILLE,KY,40206,JEFFERSON,(502) 287-4000,Inpatient Psychiatric Facility Measures,SUB_2,Alcohol use brief intervention provided or offered,78,103,"2, 20",01/01/2024,12/31/2024
18006F,LOUISVILLE VA MEDICAL CENTER,800 ZORN AVENUE,LOUISVILLE,KY,40206,JEFFERSON,(502) 287-4000,Inpatient Psychiatric Facility Measures,SUB_3,Alcohol and other drug use disorder treatment provided or offered at discharge,77,126,"2, 20",01/01/2024,12/31/2024
18006F,LOUISVILLE VA MEDICAL CENTER,800 ZORN AVENUE,LOUISVILLE,KY,40206,JEFFERSON,(502) 287-4000,Inpatient Psychiatric Facility Measures,TOB_3,Tobacco Use Treatment Provided or Offered at Discharge,77,124,"2, 20",01/01/2024,12/31/2024
18007F,LEXINGTON VA MEDICAL CENTER,1101 VETERANS DRIVE,LEXINGTON,KY,40502,FAYETTE,(859) 233-4511,Inpatient Psychiatric Facility Measures,HBIPS-2,Hours of physical-restraint use,0,1299,20,01/01/2024,12/31/2024
18007F,LEXINGTON VA MEDICAL CENTER,1101 VETERANS DRIVE,LEXINGTON,KY,40502,FAYETTE,(859) 233-4511,Inpatient Psychiatric Facility Measures,HBIPS-3,Hours of seclusion,0,1299,20,01/01/2024,12/31/2024
18007F,LEXINGTON VA MEDICAL CENTER,1101 VETERANS DRIVE,LEXINGTON,KY,40502,FAYETTE,(859) 233-4511,Inpatient Psychiatric Facility Measures,SUB_2,Alcohol use brief intervention provided or offered,78,83,"2, 20",01/01/2024,12/31/2024
18007F,LEXINGTON VA MEDICAL CENTER,1101 VETERANS DRIVE,LEXINGTON,KY,40502,FAYETTE,(859) 233-4511,Inpatient Psychiatric Facility Measures,SUB_3,Alcohol and other drug use disorder treatment provided or offered at discharge,69,97,"2, 20",01/01/2024,12/31/2024
18007F,LEXINGTON VA MEDICAL CENTER,1101 VETERANS DRIVE,LEXINGTON,KY,40502,FAYETTE,(859) 233-4511,Inpatient Psychiatric Facility Measures,TOB_3,Tobacco Use Treatment Provided or Offered at Discharge,90,126,"2, 20",01/01/2024,12/31/2024
19043F,ALEXANDRIA VA MEDICAL CENTER,2495 SHREVEPORT HIGHWAY 71 N,PINEVILLE,LA,71360,RAPIDES,(318) 473-0010,Inpatient Psychiatric Facility Measures,HBIPS-2,Hours of physical-restraint use,0.27,3672,20,01/01/2024,12/31/2024
19043F,ALEXANDRIA VA MEDICAL CENTER,2495 SHREVEPORT HIGHWAY 71 N,PINEVILLE,LA,71360,RAPIDES,(318) 473-0010,Inpatient Psychiatric Facility Measures,HBIPS-3,Hours of seclusion,0.05,3672,20,01/01/2024,12/31/2024
19043F,ALEXANDRIA VA MEDICAL CENTER,2495 SHREVEPORT HIGHWAY 71 N,PINEVILLE,LA,71360,RAPIDES,(318) 473-0010,Inpatient Psychiatric Facility Measures,SUB_2,Alcohol use brief intervention provided or offered,76,130,"2, 20",01/01/2024,12/31/2024
19043F,ALEXANDRIA VA MEDICAL CENTER,2495 SHREVEPORT HIGHWAY 71 N,PINEVILLE,LA,71360,RAPIDES,(318) 473-0010,Inpatient Psychiatric Facility Measures,SUB_3,Alcohol and other drug use disorder treatment provided or offered at discharge,94,199,"2, 20",01/01/2024,12/31/2024
19043F,ALEXANDRIA VA MEDICAL CENTER,2495 SHREVEPORT HIGHWAY 71 N,PINEVILLE,LA,71360,RAPIDES,(318) 473-0010,Inpatient Psychiatric Facility Measures,TOB_3,Tobacco Use Treatment Provided or Offered at Discharge,93,163,"2, 20",01/01/2024,12/31/2024
19047F,SOUTHEAST LOUISIANA VETERANS HEALTH CARE SYSTEM,2400 CANAL STREET,NEW ORLEANS,LA,70119,ORLEANS,(800) 935-8387,Inpatient Psychiatric Facility Measures,HBIPS-2,Hours of physical-restraint use,0,4892,20,01/01/2024,12/31/2024
19047F,SOUTHEAST LOUISIANA VETERANS HEALTH CARE SYSTEM,2400 CANAL STREET,NEW ORLEANS,LA,70119,ORLEANS,(800) 935-8387,Inpatient Psychiatric Facility Measures,HBIPS-3,Hours of seclusion,0,4892,20,01/01/2024,12/31/2024
19047F,SOUTHEAST LOUISIANA VETERANS HEALTH CARE SYSTEM,2400 CANAL STREET,NEW ORLEANS,LA,70119,ORLEANS,(800) 935-8387,Inpatient Psychiatric Facility Measures,SUB_2,Alcohol use brief intervention provided or offered,43,147,"2, 20",01/01/2024,12/31/2024
19047F,SOUTHEAST LOUISIANA VETERANS HEALTH CARE SYSTEM,2400 CANAL STREET,NEW ORLEANS,LA,70119,ORLEANS,(800) 935-8387,Inpatient Psychiatric Facility Measures,SUB_3,Alcohol and other drug use disorder treatment provided or offered at discharge,43,86,"2, 20",01/01/2024,12/31/2024
19047F,SOUTHEAST LOUISIANA VETERANS HEALTH CARE SYSTEM,2400 CANAL STREET,NEW ORLEANS,LA,70119,ORLEANS,(800) 935-8387,Inpatient Psychiatric Facility Measures,TOB_3,Tobacco Use Treatment Provided or Offered at Discharge,1,111,"2, 20",01/01/2024,12/31/2024
19048F,OVERTON BROOKS VA MEDICAL CENTER (SHREVEPORT),510 EAST STONER AVENUE,SHREVEPORT,LA,71101,CADDO,(318) 424-6037,Inpatient Psychiatric Facility Measures,HBIPS-2,Hours of physical-restraint use,0,2647,20,01/01/2024,12/31/2024
19048F,OVERTON BROOKS VA MEDICAL CENTER (SHREVEPORT),510 EAST STONER AVENUE,SHREVEPORT,LA,71101,CADDO,(318) 424-6037,Inpatient Psychiatric Facility Measures,HBIPS-3,Hours of seclusion,0.01,2647,20,01/01/2024,12/31/2024
19048F,OVERTON BROOKS VA MEDICAL CENTER (SHREVEPORT),510 EAST STONER AVENUE,SHREVEPORT,LA,71101,CADDO,(318) 424-6037,Inpatient Psychiatric Facility Measures,SUB_2,Alcohol use brief intervention provided or offered,68,94,"2, 20",01/01/2024,12/31/2024
19048F,OVERTON BROOKS VA MEDICAL CENTER (SHREVEPORT),510 EAST STONER AVENUE,SHREVEPORT,LA,71101,CADDO,(318) 424-6037,Inpatient Psychiatric Facility Measures,SUB_3,Alcohol and other drug use disorder treatment provided or offered at discharge,85,110,"2, 20",01/01/2024,12/31/2024
19048F,OVERTON BROOKS VA MEDICAL CENTER (SHREVEPORT),510 EAST STONER AVENUE,SHREVEPORT,LA,71101,CADDO,(318) 424-6037,Inpatient Psychiatric Facility Measures,TOB_3,Tobacco Use Treatment Provided or Offered at Discharge,73,120,"2, 20",01/01/2024,12/31/2024
20003F,TOGUS VA MEDICAL CENTER,1 VA CENTER,AUGUSTA,ME,04330,KENNEBEC,(207) 623-8411,Inpatient Psychiatric Facility Measures,HBIPS-2,Hours of physical-restraint use,0,2633,20,01/01/2024,12/31/2024
20003F,TOGUS VA MEDICAL CENTER,1 VA CENTER,AUGUSTA,ME,04330,KENNEBEC,(207) 623-8411,Inpatient Psychiatric Facility Measures,HBIPS-3,Hours of seclusion,0.12,2633,20,01/01/2024,12/31/2024
20003F,TOGUS VA MEDICAL CENTER,1 VA CENTER,AUGUSTA,ME,04330,KENNEBEC,(207) 623-8411,Inpatient Psychiatric Facility Measures,SUB_2,Alcohol use brief intervention provided or offered,70,145,"2, 20",01/01/2024,12/31/2024
20003F,TOGUS VA MEDICAL CENTER,1 VA CENTER,AUGUSTA,ME,04330,KENNEBEC,(207) 623-8411,Inpatient Psychiatric Facility Measures,SUB_3,Alcohol and other drug use disorder treatment provided or offered at discharge,83,120,"2, 20",01/01/2024,12/31/2024
20003F,TOGUS VA MEDICAL CENTER,1 VA CENTER,AUGUSTA,ME,04330,KENNEBEC,(207) 623-8411,Inpatient Psychiatric Facility Measures,TOB_3,Tobacco Use Treatment Provided or Offered at Discharge,81,121,"2, 20",01/01/2024,12/31/2024
21010F,VA MARYLAND HEALTHCARE SYSTEM - PERRY POINT,VA MEDICAL CENTER,PERRY POINT,MD,21902,CECIL,(410) 642-2411,Inpatient Psychiatric Facility Measures,HBIPS-2,Hours of physical-restraint use,Not Available,Not Available,"5, 24",01/01/2024,12/31/2024
21010F,VA MARYLAND HEALTHCARE SYSTEM - PERRY POINT,VA MEDICAL CENTER,PERRY POINT,MD,21902,CECIL,(410) 642-2411,Inpatient Psychiatric Facility Measures,HBIPS-3,Hours of seclusion,Not Available,Not Available,"5, 24",01/01/2024,12/31/2024
21010F,VA MARYLAND HEALTHCARE SYSTEM - PERRY POINT,VA MEDICAL CENTER,PERRY POINT,MD,21902,CECIL,(410) 642-2411,Inpatient Psychiatric Facility Measures,SUB_2,Alcohol use brief intervention provided or offered,Not Available,Not Available,"5, 24",01/01/2024,12/31/2024
21010F,VA MARYLAND HEALTHCARE SYSTEM - PERRY POINT,VA MEDICAL CENTER,PERRY POINT,MD,21902,CECIL,(410) 642-2411,Inpatient Psychiatric Facility Measures,SUB_3,Alcohol and other drug use disorder treatment provided or offered at discharge,Not Available,Not Available,"5, 24",01/01/2024,12/31/2024
21010F,VA MARYLAND HEALTHCARE SYSTEM - PERRY POINT,VA MEDICAL CENTER,PERRY POINT,MD,21902,CECIL,(410) 642-2411,Inpatient Psychiatric Facility Measures,TOB_3,Tobacco Use Treatment Provided or Offered at Discharge,Not Available,Not Available,"5, 24",01/01/2024,12/31/2024
21020F,VA MARYLAND HEALTHCARE SYSTEM - BALTIMORE,10 NORTH GREENE STREET,BALTIMORE,MD,21201,BALTIMORE CITY,(410) 605-7016,Inpatient Psychiatric Facility Measures,HBIPS-2,Hours of physical-restraint use,0.51,1549,20,01/01/2024,12/31/2024
21020F,VA MARYLAND HEALTHCARE SYSTEM - BALTIMORE,10 NORTH GREENE STREET,BALTIMORE,MD,21201,BALTIMORE CITY,(410) 605-7016,Inpatient Psychiatric Facility Measures,HBIPS-3,Hours of seclusion,0.59,1549,20,01/01/2024,12/31/2024
21020F,VA MARYLAND HEALTHCARE SYSTEM - BALTIMORE,10 NORTH GREENE STREET,BALTIMORE,MD,21201,BALTIMORE CITY,(410) 605-7016,Inpatient Psychiatric Facility Measures,SUB_2,Alcohol use brief intervention provided or offered,76,115,"2, 20",01/01/2024,12/31/2024
21020F,VA MARYLAND HEALTHCARE SYSTEM - BALTIMORE,10 NORTH GREENE STREET,BALTIMORE,MD,21201,BALTIMORE CITY,(410) 605-7016,Inpatient Psychiatric Facility Measures,SUB_3,Alcohol and other drug use disorder treatment provided or offered at discharge,82,110,"2, 20",01/01/2024,12/31/2024
21020F,VA MARYLAND HEALTHCARE SYSTEM - BALTIMORE,10 NORTH GREENE STREET,BALTIMORE,MD,21201,BALTIMORE CITY,(410) 605-7016,Inpatient Psychiatric Facility Measures,TOB_3,Tobacco Use Treatment Provided or Offered at Discharge,11,118,"2, 20",01/01/2024,12/31/2024
22001F,BEDFORD VA MEDICAL CENTER,200 SPRINGS ROAD,BEDFORD,MA,01730,MIDDLESEX,(781) 275-7500,Inpatient Psychiatric Facility Measures,HBIPS-2,Hours of physical-restraint use,0.01,6830,20,01/01/2024,12/31/2024
22001F,BEDFORD VA MEDICAL CENTER,200 SPRINGS ROAD,BEDFORD,MA,01730,MIDDLESEX,(781) 275-7500,Inpatient Psychiatric Facility Measures,HBIPS-3,Hours of seclusion,0.01,6830,20,01/01/2024,12/31/2024
22001F,BEDFORD VA MEDICAL CENTER,200 SPRINGS ROAD,BEDFORD,MA,01730,MIDDLESEX,(781) 275-7500,Inpatient Psychiatric Facility Measures,SUB_2,Alcohol use brief intervention provided or offered,84,171,"2, 20",01/01/2024,12/31/2024
22001F,BEDFORD VA MEDICAL CENTER,200 SPRINGS ROAD,BEDFORD,MA,01730,MIDDLESEX,(781) 275-7500,Inpatient Psychiatric Facility Measures,SUB_3,Alcohol and other drug use disorder treatment provided or offered at discharge,92,262,"2, 20",01/01/2024,12/31/2024
22001F,BEDFORD VA MEDICAL CENTER,200 SPRINGS ROAD,BEDFORD,MA,01730,MIDDLESEX,(781) 275-7500,Inpatient Psychiatric Facility Measures,TOB_3,Tobacco Use Treatment Provided or Offered at Discharge,89,185,"2, 20",01/01/2024,12/31/2024
22009F,NORTHAMPTON VA MEDICAL CENTER,421 N MAIN ST,LEEDS,MA,01053,HAMPSHIRE,(413) 584-4040,Inpatient Psychiatric Facility Measures,HBIPS-2,Hours of physical-restraint use,0.01,4986,20,01/01/2024,12/31/2024
22009F,NORTHAMPTON VA MEDICAL CENTER,421 N MAIN ST,LEEDS,MA,01053,HAMPSHIRE,(413) 584-4040,Inpatient Psychiatric Facility Measures,HBIPS-3,Hours of seclusion,0,4986,20,01/01/2024,12/31/2024
22009F,NORTHAMPTON VA MEDICAL CENTER,421 N MAIN ST,LEEDS,MA,01053,HAMPSHIRE,(413) 584-4040,Inpatient Psychiatric Facility Measures,SUB_2,Alcohol use brief intervention provided or offered,91,200,"2, 20",01/01/2024,12/31/2024
22009F,NORTHAMPTON VA MEDICAL CENTER,421 N MAIN ST,LEEDS,MA,01053,HAMPSHIRE,(413) 584-4040,Inpatient Psychiatric Facility Measures,SUB_3,Alcohol and other drug use disorder treatment provided or offered at discharge,94,185,"2, 20",01/01/2024,12/31/2024
22009F,NORTHAMPTON VA MEDICAL CENTER,421 N MAIN ST,LEEDS,MA,01053,HAMPSHIRE,(413) 584-4040,Inpatient Psychiatric Facility Measures,TOB_3,Tobacco Use Treatment Provided or Offered at Discharge,85,158,"2, 20",01/01/2024,12/31/2024
22010F,VA BOSTON HEALTHCARE SYSTEM - JAMAICA PLAIN,150 S. HUNTINGTON AVENUE,JAMAICA PLAIN,MA,02130,SUFFOLK,(617) 232-9500,Inpatient Psychiatric Facility Measures,HBIPS-2,Hours of physical-restraint use,0.13,28457,20,01/01/2024,12/31/2024
22010F,VA BOSTON HEALTHCARE SYSTEM - JAMAICA PLAIN,150 S. HUNTINGTON AVENUE,JAMAICA PLAIN,MA,02130,SUFFOLK,(617) 232-9500,Inpatient Psychiatric Facility Measures,HBIPS-3,Hours of seclusion,0.14,28457,20,01/01/2024,12/31/2024
22010F,VA BOSTON HEALTHCARE SYSTEM - JAMAICA PLAIN,150 S. HUNTINGTON AVENUE,JAMAICA PLAIN,MA,02130,SUFFOLK,(617) 232-9500,Inpatient Psychiatric Facility Measures,SUB_2,Alcohol use brief intervention provided or offered,38,296,"2, 20",01/01/2024,12/31/2024
22010F,VA BOSTON HEALTHCARE SYSTEM - JAMAICA PLAIN,150 S. HUNTINGTON AVENUE,JAMAICA PLAIN,MA,02130,SUFFOLK,(617) 232-9500,Inpatient Psychiatric Facility Measures,SUB_3,Alcohol and other drug use disorder treatment provided or offered at discharge,90,187,"2, 20",01/01/2024,12/31/2024
22010F,VA BOSTON HEALTHCARE SYSTEM - JAMAICA PLAIN,150 S. HUNTINGTON AVENUE,JAMAICA PLAIN,MA,02130,SUFFOLK,(617) 232-9500,Inpatient Psychiatric Facility Measures,TOB_3,Tobacco Use Treatment Provided or Offered at Discharge,58,203,"2, 20",01/01/2024,12/31/2024
23005F,IRON MOUNTAIN MI VA MEDICAL CENTER,325 EAST H STREET,IRON MOUNTAIN,MI,49801,DICKINSON,(906) 774-3300,Inpatient Psychiatric Facility Measures,HBIPS-2,Hours of physical-restraint use,Not Available,Not Available,5,01/01/2024,12/31/2024
23005F,IRON MOUNTAIN MI VA MEDICAL CENTER,325 EAST H STREET,IRON MOUNTAIN,MI,49801,DICKINSON,(906) 774-3300,Inpatient Psychiatric Facility Measures,HBIPS-3,Hours of seclusion,Not Available,Not Available,5,01/01/2024,12/31/2024
23005F,IRON MOUNTAIN MI VA MEDICAL CENTER,325 EAST H STREET,IRON MOUNTAIN,MI,49801,DICKINSON,(906) 774-3300,Inpatient Psychiatric Facility Measures,SUB_2,Alcohol use brief intervention provided or offered,79,28,"2, 20",01/01/2024,12/31/2024
23005F,IRON MOUNTAIN MI VA MEDICAL CENTER,325 EAST H STREET,IRON MOUNTAIN,MI,49801,DICKINSON,(906) 774-3300,Inpatient Psychiatric Facility Measures,SUB_3,Alcohol and other drug use disorder treatment provided or offered at discharge,95,22,"2, 20",01/01/2024,12/31/2024
23005F,IRON MOUNTAIN MI VA MEDICAL CENTER,325 EAST H STREET,IRON MOUNTAIN,MI,49801,DICKINSON,(906) 774-3300,Inpatient Psychiatric Facility Measures,TOB_3,Tobacco Use Treatment Provided or Offered at Discharge,79,19,"2, 20",01/01/2024,12/31/2024
23011F,VA ANN ARBOR HEALTHCARE SYSTEM,2215 FULLER ROAD,ANN ARBOR,MI,48105,WASHTENAW,(734) 769-7100,Inpatient Psychiatric Facility Measures,HBIPS-2,Hours of physical-restraint use,0.17,4106,20,01/01/2024,12/31/2024
23011F,VA ANN ARBOR HEALTHCARE SYSTEM,2215 FULLER ROAD,ANN ARBOR,MI,48105,WASHTENAW,(734) 769-7100,Inpatient Psychiatric Facility Measures,HBIPS-3,Hours of seclusion,0,4106,20,01/01/2024,12/31/2024
23011F,VA ANN ARBOR HEALTHCARE SYSTEM,2215 FULLER ROAD,ANN ARBOR,MI,48105,WASHTENAW,(734) 769-7100,Inpatient Psychiatric Facility Measures,SUB_2,Alcohol use brief intervention provided or offered,56,98,"2, 20",01/01/2024,12/31/2024
23011F,VA ANN ARBOR HEALTHCARE SYSTEM,2215 FULLER ROAD,ANN ARBOR,MI,48105,WASHTENAW,(734) 769-7100,Inpatient Psychiatric Facility Measures,SUB_3,Alcohol and other drug use disorder treatment provided or offered at discharge,69,64,"2, 20",01/01/2024,12/31/2024
23011F,VA ANN ARBOR HEALTHCARE SYSTEM,2215 FULLER ROAD,ANN ARBOR,MI,48105,WASHTENAW,(734) 769-7100,Inpatient Psychiatric Facility Measures,TOB_3,Tobacco Use Treatment Provided or Offered at Discharge,56,96,"2, 20",01/01/2024,12/31/2024
23012F,BATTLE CREEK VA MEDICAL CENTER,5500 ARMSTRONG RD.,BATTLE CREEK,MI,49037,CALHOUN,(269) 966-5600,Inpatient Psychiatric Facility Measures,HBIPS-2,Hours of physical-restraint use,0.09,12040,20,01/01/2024,12/31/2024
23012F,BATTLE CREEK VA MEDICAL CENTER,5500 ARMSTRONG RD.,BATTLE CREEK,MI,49037,CALHOUN,(269) 966-5600,Inpatient Psychiatric Facility Measures,HBIPS-3,Hours of seclusion,0,12040,20,01/01/2024,12/31/2024
23012F,BATTLE CREEK VA MEDICAL CENTER,5500 ARMSTRONG RD.,BATTLE CREEK,MI,49037,CALHOUN,(269) 966-5600,Inpatient Psychiatric Facility Measures,SUB_2,Alcohol use brief intervention provided or offered,89,158,"2, 20",01/01/2024,12/31/2024
23012F,BATTLE CREEK VA MEDICAL CENTER,5500 ARMSTRONG RD.,BATTLE CREEK,MI,49037,CALHOUN,(269) 966-5600,Inpatient Psychiatric Facility Measures,SUB_3,Alcohol and other drug use disorder treatment provided or offered at discharge,99,266,"2, 20",01/01/2024,12/31/2024
23012F,BATTLE CREEK VA MEDICAL CENTER,5500 ARMSTRONG RD.,BATTLE CREEK,MI,49037,CALHOUN,(269) 966-5600,Inpatient Psychiatric Facility Measures,TOB_3,Tobacco Use Treatment Provided or Offered at Discharge,97,208,"2, 20",01/01/2024,12/31/2024
23037F,DETROIT (JOHN D. DINGELL) VA MEDICAL CENTER,4646 JOHN R.,DETROIT,MI,48201,WAYNE,(313) 576-1000,Inpatient Psychiatric Facility Measures,HBIPS-2,Hours of physical-restraint use,0.26,5464,20,01/01/2024,12/31/2024
23037F,DETROIT (JOHN D. DINGELL) VA MEDICAL CENTER,4646 JOHN R.,DETROIT,MI,48201,WAYNE,(313) 576-1000,Inpatient Psychiatric Facility Measures,HBIPS-3,Hours of seclusion,1.38,5464,20,01/01/2024,12/31/2024
23037F,DETROIT (JOHN D. DINGELL) VA MEDICAL CENTER,4646 JOHN R.,DETROIT,MI,48201,WAYNE,(313) 576-1000,Inpatient Psychiatric Facility Measures,SUB_2,Alcohol use brief intervention provided or offered,89,82,"2, 20",01/01/2024,12/31/2024
23037F,DETROIT (JOHN D. DINGELL) VA MEDICAL CENTER,4646 JOHN R.,DETROIT,MI,48201,WAYNE,(313) 576-1000,Inpatient Psychiatric Facility Measures,SUB_3,Alcohol and other drug use disorder treatment provided or offered at discharge,88,116,"2, 20",01/01/2024,12/31/2024
23037F,DETROIT (JOHN D. DINGELL) VA MEDICAL CENTER,4646 JOHN R.,DETROIT,MI,48201,WAYNE,(313) 576-1000,Inpatient Psychiatric Facility Measures,TOB_3,Tobacco Use Treatment Provided or Offered at Discharge,65,110,"2, 20",01/01/2024,12/31/2024
24002F,ST CLOUD VA MEDICAL CENTER,4801 VETERANS DRIVE,ST. CLOUD,MN,56303,STEARNS,(320) 252-1670,Inpatient Psychiatric Facility Measures,HBIPS-2,Hours of physical-restraint use,0.03,2945,20,01/01/2024,12/31/2024
24002F,ST CLOUD VA MEDICAL CENTER,4801 VETERANS DRIVE,ST. CLOUD,MN,56303,STEARNS,(320) 252-1670,Inpatient Psychiatric Facility Measures,HBIPS-3,Hours of seclusion,0.22,2945,20,01/01/2024,12/31/2024
24002F,ST CLOUD VA MEDICAL CENTER,4801 VETERANS DRIVE,ST. CLOUD,MN,56303,STEARNS,(320) 252-1670,Inpatient Psychiatric Facility Measures,SUB_2,Alcohol use brief intervention provided or offered,95,199,"2, 20",01/01/2024,12/31/2024
24002F,ST CLOUD VA MEDICAL CENTER,4801 VETERANS DRIVE,ST. CLOUD,MN,56303,STEARNS,(320) 252-1670,Inpatient Psychiatric Facility Measures,SUB_3,Alcohol and other drug use disorder treatment provided or offered at discharge,92,145,"2, 20",01/01/2024,12/31/2024
24002F,ST CLOUD VA MEDICAL CENTER,4801 VETERANS DRIVE,ST. CLOUD,MN,56303,STEARNS,(320) 252-1670,Inpatient Psychiatric Facility Measures,TOB_3,Tobacco Use Treatment Provided or Offered at Discharge,95,121,"2, 20",01/01/2024,12/31/2024
24003F,MINNEAPOLIS VA MEDICAL CENTER,ONE VETERANS DRIVE,MINNEAPOLIS,MN,55417,HENNEPIN,(612) 725-2000,Inpatient Psychiatric Facility Measures,HBIPS-2,Hours of physical-restraint use,0.51,2862,20,01/01/2024,12/31/2024
24003F,MINNEAPOLIS VA MEDICAL CENTER,ONE VETERANS DRIVE,MINNEAPOLIS,MN,55417,HENNEPIN,(612) 725-2000,Inpatient Psychiatric Facility Measures,HBIPS-3,Hours of seclusion,0.48,2862,20,01/01/2024,12/31/2024
24003F,MINNEAPOLIS VA MEDICAL CENTER,ONE VETERANS DRIVE,MINNEAPOLIS,MN,55417,HENNEPIN,(612) 725-2000,Inpatient Psychiatric Facility Measures,SUB_2,Alcohol use brief intervention provided or offered,47,116,"2, 20",01/01/2024,12/31/2024
24003F,MINNEAPOLIS VA MEDICAL CENTER,ONE VETERANS DRIVE,MINNEAPOLIS,MN,55417,HENNEPIN,(612) 725-2000,Inpatient Psychiatric Facility Measures,SUB_3,Alcohol and other drug use disorder treatment provided or offered at discharge,79,76,"2, 20",01/01/2024,12/31/2024
24003F,MINNEAPOLIS VA MEDICAL CENTER,ONE VETERANS DRIVE,MINNEAPOLIS,MN,55417,HENNEPIN,(612) 725-2000,Inpatient Psychiatric Facility Measures,TOB_3,Tobacco Use Treatment Provided or Offered at Discharge,90,120,"2, 20",01/01/2024,12/31/2024
25042F,VA GULF COAST HEALTHCARE SYSTEM,400 VETERANS AVENUE,BILOXI,MS,39531,HARRISON,(228) 523-5000,Inpatient Psychiatric Facility Measures,HBIPS-2,Hours of physical-restraint use,0.06,5665,20,01/01/2024,12/31/2024
25042F,VA GULF COAST HEALTHCARE SYSTEM,400 VETERANS AVENUE,BILOXI,MS,39531,HARRISON,(228) 523-5000,Inpatient Psychiatric Facility Measures,HBIPS-3,Hours of seclusion,0.57,5665,20,01/01/2024,12/31/2024
25042F,VA GULF COAST HEALTHCARE SYSTEM,400 VETERANS AVENUE,BILOXI,MS,39531,HARRISON,(228) 523-5000,Inpatient Psychiatric Facility Measures,SUB_2,Alcohol use brief intervention provided or offered,61,176,"2, 20",01/01/2024,12/31/2024
25042F,VA GULF COAST HEALTHCARE SYSTEM,400 VETERANS AVENUE,BILOXI,MS,39531,HARRISON,(228) 523-5000,Inpatient Psychiatric Facility Measures,SUB_3,Alcohol and other drug use disorder treatment provided or offered at discharge,88,229,"2, 20",01/01/2024,12/31/2024
25042F,VA GULF COAST HEALTHCARE SYSTEM,400 VETERANS AVENUE,BILOXI,MS,39531,HARRISON,(228) 523-5000,Inpatient Psychiatric Facility Measures,TOB_3,Tobacco Use Treatment Provided or Offered at Discharge,72,201,"2, 20",01/01/2024,12/31/2024
25043F,G. V. (SONNY) MONTGOMERY VA MEDICAL CENTER (JACKSON),1500 E. WOODROW WILSON DRIVE,JACKSON,MS,39216,HINDS,(601) 362-4471,Inpatient Psychiatric Facility Measures,HBIPS-2,Hours of physical-restraint use,0,3076,20,01/01/2024,12/31/2024
25043F,G. V. (SONNY) MONTGOMERY VA MEDICAL CENTER (JACKSON),1500 E. WOODROW WILSON DRIVE,JACKSON,MS,39216,HINDS,(601) 362-4471,Inpatient Psychiatric Facility Measures,HBIPS-3,Hours of seclusion,0,3076,20,01/01/2024,12/31/2024
25043F,G. V. (SONNY) MONTGOMERY VA MEDICAL CENTER (JACKSON),1500 E. WOODROW WILSON DRIVE,JACKSON,MS,39216,HINDS,(601) 362-4471,Inpatient Psychiatric Facility Measures,SUB_2,Alcohol use brief intervention provided or offered,90,104,"2, 20",01/01/2024,12/31/2024
25043F,G. V. (SONNY) MONTGOMERY VA MEDICAL CENTER (JACKSON),1500 E. WOODROW WILSON DRIVE,JACKSON,MS,39216,HINDS,(601) 362-4471,Inpatient Psychiatric Facility Measures,SUB_3,Alcohol and other drug use disorder treatment provided or offered at discharge,75,118,"2, 20",01/01/2024,12/31/2024
25043F,G. V. (SONNY) MONTGOMERY VA MEDICAL CENTER (JACKSON),1500 E. WOODROW WILSON DRIVE,JACKSON,MS,39216,HINDS,(601) 362-4471,Inpatient Psychiatric Facility Measures,TOB_3,Tobacco Use Treatment Provided or Offered at Discharge,63,143,"2, 20",01/01/2024,12/31/2024
26004F,KANSAS CITY VA MEDICAL CENTER,4801 LINWOOD BLVD.,KANSAS CITY,MO,64128,JACKSON,(816) 861-4700,Inpatient Psychiatric Facility Measures,HBIPS-2,Hours of physical-restraint use,0.7,3572,20,01/01/2024,12/31/2024
26004F,KANSAS CITY VA MEDICAL CENTER,4801 LINWOOD BLVD.,KANSAS CITY,MO,64128,JACKSON,(816) 861-4700,Inpatient Psychiatric Facility Measures,HBIPS-3,Hours of seclusion,0,3572,20,01/01/2024,12/31/2024
26004F,KANSAS CITY VA MEDICAL CENTER,4801 LINWOOD BLVD.,KANSAS CITY,MO,64128,JACKSON,(816) 861-4700,Inpatient Psychiatric Facility Measures,SUB_2,Alcohol use brief intervention provided or offered,54,139,"2, 20",01/01/2024,12/31/2024
26004F,KANSAS CITY VA MEDICAL CENTER,4801 LINWOOD BLVD.,KANSAS CITY,MO,64128,JACKSON,(816) 861-4700,Inpatient Psychiatric Facility Measures,SUB_3,Alcohol and other drug use disorder treatment provided or offered at discharge,56,122,"2, 20",01/01/2024,12/31/2024
26004F,KANSAS CITY VA MEDICAL CENTER,4801 LINWOOD BLVD.,KANSAS CITY,MO,64128,JACKSON,(816) 861-4700,Inpatient Psychiatric Facility Measures,TOB_3,Tobacco Use Treatment Provided or Offered at Discharge,64,137,"2, 20",01/01/2024,12/31/2024
26007F,POPLAR BLUFF VA MEDICAL CENTER,1500 N. WESTWOOD BLVD.,POPLAR BLUFF,MO,63901,BUTLER,(573) 686-4151,Inpatient Psychiatric Facility Measures,HBIPS-2,Hours of physical-restraint use,Not Available,Not Available,5,01/01/2024,12/31/2024
26007F,POPLAR BLUFF VA MEDICAL CENTER,1500 N. WESTWOOD BLVD.,POPLAR BLUFF,MO,63901,BUTLER,(573) 686-4151,Inpatient Psychiatric Facility Measures,HBIPS-3,Hours of seclusion,Not Available,Not Available,5,01/01/2024,12/31/2024
26007F,POPLAR BLUFF VA MEDICAL CENTER,1500 N. WESTWOOD BLVD.,POPLAR BLUFF,MO,63901,BUTLER,(573) 686-4151,Inpatient Psychiatric Facility Measures,SUB_2,Alcohol use brief intervention provided or offered,95,20,"2, 20",01/01/2024,12/31/2024
26007F,POPLAR BLUFF VA MEDICAL CENTER,1500 N. WESTWOOD BLVD.,POPLAR BLUFF,MO,63901,BUTLER,(573) 686-4151,Inpatient Psychiatric Facility Measures,SUB_3,Alcohol and other drug use disorder treatment provided or offered at discharge,Not Available,Not Available,"1, 2, 20",01/01/2024,12/31/2024
26007F,POPLAR BLUFF VA MEDICAL CENTER,1500 N. WESTWOOD BLVD.,POPLAR BLUFF,MO,63901,BUTLER,(573) 686-4151,Inpatient Psychiatric Facility Measures,TOB_3,Tobacco Use Treatment Provided or Offered at Discharge,93,29,"2, 20",01/01/2024,12/31/2024
26009F,ST LOUIS-JOHN COCHRAN VA MEDICAL CENTER,915 NORTH GRAND,ST. LOUIS,MO,63106,ST. LOUIS,(314) 652-4100,Inpatient Psychiatric Facility Measures,HBIPS-2,Hours of physical-restraint use,0.12,8200,20,01/01/2024,12/31/2024
26009F,ST LOUIS-JOHN COCHRAN VA MEDICAL CENTER,915 NORTH GRAND,ST. LOUIS,MO,63106,ST. LOUIS,(314) 652-4100,Inpatient Psychiatric Facility Measures,HBIPS-3,Hours of seclusion,0,8200,20,01/01/2024,12/31/2024
26009F,ST LOUIS-JOHN COCHRAN VA MEDICAL CENTER,915 NORTH GRAND,ST. LOUIS,MO,63106,ST. LOUIS,(314) 652-4100,Inpatient Psychiatric Facility Measures,SUB_2,Alcohol use brief intervention provided or offered,85,148,"2, 20",01/01/2024,12/31/2024
26009F,ST LOUIS-JOHN COCHRAN VA MEDICAL CENTER,915 NORTH GRAND,ST. LOUIS,MO,63106,ST. LOUIS,(314) 652-4100,Inpatient Psychiatric Facility Measures,SUB_3,Alcohol and other drug use disorder treatment provided or offered at discharge,81,192,"2, 20",01/01/2024,12/31/2024
26009F,ST LOUIS-JOHN COCHRAN VA MEDICAL CENTER,915 NORTH GRAND,ST. LOUIS,MO,63106,ST. LOUIS,(314) 652-4100,Inpatient Psychiatric Facility Measures,TOB_3,Tobacco Use Treatment Provided or Offered at Discharge,53,204,"2, 20",01/01/2024,12/31/2024
26023F,COLUMBIA MO VA MEDICAL CENTER,800 HOSPITAL DR,COLUMBIA,MO,65201,BOONE,(573) 814-6000,Inpatient Psychiatric Facility Measures,HBIPS-2,Hours of physical-restraint use,0.25,2596,20,01/01/2024,12/31/2024
26023F,COLUMBIA MO VA MEDICAL CENTER,800 HOSPITAL DR,COLUMBIA,MO,65201,BOONE,(573) 814-6000,Inpatient Psychiatric Facility Measures,HBIPS-3,Hours of seclusion,2.74,2596,20,01/01/2024,12/31/2024
26023F,COLUMBIA MO VA MEDICAL CENTER,800 HOSPITAL DR,COLUMBIA,MO,65201,BOONE,(573) 814-6000,Inpatient Psychiatric Facility Measures,SUB_2,Alcohol use brief intervention provided or offered,70,108,"2, 20",01/01/2024,12/31/2024
26023F,COLUMBIA MO VA MEDICAL CENTER,800 HOSPITAL DR,COLUMBIA,MO,65201,BOONE,(573) 814-6000,Inpatient Psychiatric Facility Measures,SUB_3,Alcohol and other drug use disorder treatment provided or offered at discharge,78,67,"2, 20",01/01/2024,12/31/2024
26023F,COLUMBIA MO VA MEDICAL CENTER,800 HOSPITAL DR,COLUMBIA,MO,65201,BOONE,(573) 814-6000,Inpatient Psychiatric Facility Measures,TOB_3,Tobacco Use Treatment Provided or Offered at Discharge,82,131,"2, 20",01/01/2024,12/31/2024
27003F,VA MONTANA HEALTHCARE SYSTEM,3687 VETERANS DRIVE,FORT HARRISON,MT,59636,LEWIS AND CLARK,(406) 447-7900,Inpatient Psychiatric Facility Measures,HBIPS-2,Hours of physical-restraint use,Not Available,Not Available,5,01/01/2024,12/31/2024
27003F,VA MONTANA HEALTHCARE SYSTEM,3687 VETERANS DRIVE,FORT HARRISON,MT,59636,LEWIS AND CLARK,(406) 447-7900,Inpatient Psychiatric Facility Measures,HBIPS-3,Hours of seclusion,Not Available,Not Available,5,01/01/2024,12/31/2024
27003F,VA MONTANA HEALTHCARE SYSTEM,3687 VETERANS DRIVE,FORT HARRISON,MT,59636,LEWIS AND CLARK,(406) 447-7900,Inpatient Psychiatric Facility Measures,SUB_2,Alcohol use brief intervention provided or offered,67,104,"2, 20",01/01/2024,12/31/2024
27003F,VA MONTANA HEALTHCARE SYSTEM,3687 VETERANS DRIVE,FORT HARRISON,MT,59636,LEWIS AND CLARK,(406) 447-7900,Inpatient Psychiatric Facility Measures,SUB_3,Alcohol and other drug use disorder treatment provided or offered at discharge,78,51,"2, 20",01/01/2024,12/31/2024
27003F,VA MONTANA HEALTHCARE SYSTEM,3687 VETERANS DRIVE,FORT HARRISON,MT,59636,LEWIS AND CLARK,(406) 447-7900,Inpatient Psychiatric Facility Measures,TOB_3,Tobacco Use Treatment Provided or Offered at Discharge,73,59,"2, 20",01/01/2024,12/31/2024
28006F,OMAHA VA MEDICAL CENTER (VA NEBRASKA WESTERN IOWA HEALTHCARE SYSTEM),4101 WOOLWORTH AVENUE,OMAHA,NE,68105,DOUGLAS,(402) 346-8800,Inpatient Psychiatric Facility Measures,HBIPS-2,Hours of physical-restraint use,0.04,2451,20,01/01/2024,12/31/2024
28006F,OMAHA VA MEDICAL CENTER (VA NEBRASKA WESTERN IOWA HEALTHCARE SYSTEM),4101 WOOLWORTH AVENUE,OMAHA,NE,68105,DOUGLAS,(402) 346-8800,Inpatient Psychiatric Facility Measures,HBIPS-3,Hours of seclusion,0,2451,20,01/01/2024,12/31/2024
28006F,OMAHA VA MEDICAL CENTER (VA NEBRASKA WESTERN IOWA HEALTHCARE SYSTEM),4101 WOOLWORTH AVENUE,OMAHA,NE,68105,DOUGLAS,(402) 346-8800,Inpatient Psychiatric Facility Measures,SUB_2,Alcohol use brief intervention provided or offered,70,101,"2, 20",01/01/2024,12/31/2024
28006F,OMAHA VA MEDICAL CENTER (VA NEBRASKA WESTERN IOWA HEALTHCARE SYSTEM),4101 WOOLWORTH AVENUE,OMAHA,NE,68105,DOUGLAS,(402) 346-8800,Inpatient Psychiatric Facility Measures,SUB_3,Alcohol and other drug use disorder treatment provided or offered at discharge,70,91,"2, 20",01/01/2024,12/31/2024
28006F,OMAHA VA MEDICAL CENTER (VA NEBRASKA WESTERN IOWA HEALTHCARE SYSTEM),4101 WOOLWORTH AVENUE,OMAHA,NE,68105,DOUGLAS,(402) 346-8800,Inpatient Psychiatric Facility Measures,TOB_3,Tobacco Use Treatment Provided or Offered at Discharge,89,120,"2, 20",01/01/2024,12/31/2024
29002F,VA SIERRA NEVADA HEALTHCARE SYSTEM,975 KIRMAN AVENUE,RENO,NV,89502,WASHOE,(775) 328-1263,Inpatient Psychiatric Facility Measures,HBIPS-2,Hours of physical-restraint use,0,2931,20,01/01/2024,12/31/2024
29002F,VA SIERRA NEVADA HEALTHCARE SYSTEM,975 KIRMAN AVENUE,RENO,NV,89502,WASHOE,(775) 328-1263,Inpatient Psychiatric Facility Measures,HBIPS-3,Hours of seclusion,0,2931,20,01/01/2024,12/31/2024
29002F,VA SIERRA NEVADA HEALTHCARE SYSTEM,975 KIRMAN AVENUE,RENO,NV,89502,WASHOE,(775) 328-1263,Inpatient Psychiatric Facility Measures,SUB_2,Alcohol use brief intervention provided or offered,57,87,"2, 20",01/01/2024,12/31/2024
29002F,VA SIERRA NEVADA HEALTHCARE SYSTEM,975 KIRMAN AVENUE,RENO,NV,89502,WASHOE,(775) 328-1263,Inpatient Psychiatric Facility Measures,SUB_3,Alcohol and other drug use disorder treatment provided or offered at discharge,73,85,"2, 20",01/01/2024,12/31/2024
29002F,VA SIERRA NEVADA HEALTHCARE SYSTEM,975 KIRMAN AVENUE,RENO,NV,89502,WASHOE,(775) 328-1263,Inpatient Psychiatric Facility Measures,TOB_3,Tobacco Use Treatment Provided or Offered at Discharge,32,91,"2, 20",01/01/2024,12/31/2024
29004F,VA SOUTHERN NEVADA HEALTHCARE SYSTEM,6900 NORTH PECOS ROAD,N. LAS VEGAS,NV,89086,CLARK,(702) 791-9024,Inpatient Psychiatric Facility Measures,HBIPS-2,Hours of physical-restraint use,0.16,4605,20,01/01/2024,12/31/2024
29004F,VA SOUTHERN NEVADA HEALTHCARE SYSTEM,6900 NORTH PECOS ROAD,N. LAS VEGAS,NV,89086,CLARK,(702) 791-9024,Inpatient Psychiatric Facility Measures,HBIPS-3,Hours of seclusion,0.01,4605,20,01/01/2024,12/31/2024
29004F,VA SOUTHERN NEVADA HEALTHCARE SYSTEM,6900 NORTH PECOS ROAD,N. LAS VEGAS,NV,89086,CLARK,(702) 791-9024,Inpatient Psychiatric Facility Measures,SUB_2,Alcohol use brief intervention provided or offered,99,111,"2, 20",01/01/2024,12/31/2024
29004F,VA SOUTHERN NEVADA HEALTHCARE SYSTEM,6900 NORTH PECOS ROAD,N. LAS VEGAS,NV,89086,CLARK,(702) 791-9024,Inpatient Psychiatric Facility Measures,SUB_3,Alcohol and other drug use disorder treatment provided or offered at discharge,94,214,"2, 20",01/01/2024,12/31/2024
29004F,VA SOUTHERN NEVADA HEALTHCARE SYSTEM,6900 NORTH PECOS ROAD,N. LAS VEGAS,NV,89086,CLARK,(702) 791-9024,Inpatient Psychiatric Facility Measures,TOB_3,Tobacco Use Treatment Provided or Offered at Discharge,97,181,"2, 20",01/01/2024,12/31/2024
31001F,VA NEW JERSEY HEALTH CARE SYSTEM,385 TREMONT AVENUE,EAST ORANGE,NJ,07018,ESSEX,(973) 676-1000,Inpatient Psychiatric Facility Measures,HBIPS-2,Hours of physical-restraint use,0.15,5572,20,01/01/2024,12/31/2024
31001F,VA NEW JERSEY HEALTH CARE SYSTEM,385 TREMONT AVENUE,EAST ORANGE,NJ,07018,ESSEX,(973) 676-1000,Inpatient Psychiatric Facility Measures,HBIPS-3,Hours of seclusion,0,5572,20,01/01/2024,12/31/2024
31001F,VA NEW JERSEY HEALTH CARE SYSTEM,385 TREMONT AVENUE,EAST ORANGE,NJ,07018,ESSEX,(973) 676-1000,Inpatient Psychiatric Facility Measures,SUB_2,Alcohol use brief intervention provided or offered,71,138,"2, 20",01/01/2024,12/31/2024
31001F,VA NEW JERSEY HEALTH CARE SYSTEM,385 TREMONT AVENUE,EAST ORANGE,NJ,07018,ESSEX,(973) 676-1000,Inpatient Psychiatric Facility Measures,SUB_3,Alcohol and other drug use disorder treatment provided or offered at discharge,83,99,"2, 20",01/01/2024,12/31/2024
31001F,VA NEW JERSEY HEALTH CARE SYSTEM,385 TREMONT AVENUE,EAST ORANGE,NJ,07018,ESSEX,(973) 676-1000,Inpatient Psychiatric Facility Measures,TOB_3,Tobacco Use Treatment Provided or Offered at Discharge,60,62,"2, 20",01/01/2024,12/31/2024
32005F,VA NEW MEXICO HEALTHCARE SYSTEM,1501 SAN PEDRO DRIVE SE,ALBUQUERQUE,NM,87108,BERNALILLO,(505) 256-2889,Inpatient Psychiatric Facility Measures,HBIPS-2,Hours of physical-restraint use,0.01,5067,20,01/01/2024,12/31/2024
32005F,VA NEW MEXICO HEALTHCARE SYSTEM,1501 SAN PEDRO DRIVE SE,ALBUQUERQUE,NM,87108,BERNALILLO,(505) 256-2889,Inpatient Psychiatric Facility Measures,HBIPS-3,Hours of seclusion,0.37,5067,20,01/01/2024,12/31/2024
32005F,VA NEW MEXICO HEALTHCARE SYSTEM,1501 SAN PEDRO DRIVE SE,ALBUQUERQUE,NM,87108,BERNALILLO,(505) 256-2889,Inpatient Psychiatric Facility Measures,SUB_2,Alcohol use brief intervention provided or offered,44,130,"2, 20",01/01/2024,12/31/2024
32005F,VA NEW MEXICO HEALTHCARE SYSTEM,1501 SAN PEDRO DRIVE SE,ALBUQUERQUE,NM,87108,BERNALILLO,(505) 256-2889,Inpatient Psychiatric Facility Measures,SUB_3,Alcohol and other drug use disorder treatment provided or offered at discharge,48,97,"2, 20",01/01/2024,12/31/2024
32005F,VA NEW MEXICO HEALTHCARE SYSTEM,1501 SAN PEDRO DRIVE SE,ALBUQUERQUE,NM,87108,BERNALILLO,(505) 256-2889,Inpatient Psychiatric Facility Measures,TOB_3,Tobacco Use Treatment Provided or Offered at Discharge,2,83,"2, 20",01/01/2024,12/31/2024
33009F,ALBANY VA MEDICAL CENTER,113 HOLLAND AVENUE,ALBANY,NY,12208,ALBANY,(518) 626-5000,Inpatient Psychiatric Facility Measures,HBIPS-2,Hours of physical-restraint use,0.05,2203,20,01/01/2024,12/31/2024
33009F,ALBANY VA MEDICAL CENTER,113 HOLLAND AVENUE,ALBANY,NY,12208,ALBANY,(518) 626-5000,Inpatient Psychiatric Facility Measures,HBIPS-3,Hours of seclusion,0,2203,20,01/01/2024,12/31/2024
33009F,ALBANY VA MEDICAL CENTER,113 HOLLAND AVENUE,ALBANY,NY,12208,ALBANY,(518) 626-5000,Inpatient Psychiatric Facility Measures,SUB_2,Alcohol use brief intervention provided or offered,57,94,"2, 20",01/01/2024,12/31/2024
33009F,ALBANY VA MEDICAL CENTER,113 HOLLAND AVENUE,ALBANY,NY,12208,ALBANY,(518) 626-5000,Inpatient Psychiatric Facility Measures,SUB_3,Alcohol and other drug use disorder treatment provided or offered at discharge,82,84,"2, 20",01/01/2024,12/31/2024
33009F,ALBANY VA MEDICAL CENTER,113 HOLLAND AVENUE,ALBANY,NY,12208,ALBANY,(518) 626-5000,Inpatient Psychiatric Facility Measures,TOB_3,Tobacco Use Treatment Provided or Offered at Discharge,48,83,"2, 20",01/01/2024,12/31/2024
33011F,BATH VA MEDICAL CENTER,76 VETERANS AVE.,BATH,NY,14810,STEUBEN,(607) 664-4000,Inpatient Psychiatric Facility Measures,HBIPS-2,Hours of physical-restraint use,Not Available,Not Available,5,01/01/2024,12/31/2024
33011F,BATH VA MEDICAL CENTER,76 VETERANS AVE.,BATH,NY,14810,STEUBEN,(607) 664-4000,Inpatient Psychiatric Facility Measures,HBIPS-3,Hours of seclusion,Not Available,Not Available,5,01/01/2024,12/31/2024
33011F,BATH VA MEDICAL CENTER,76 VETERANS AVE.,BATH,NY,14810,STEUBEN,(607) 664-4000,Inpatient Psychiatric Facility Measures,SUB_2,Alcohol use brief intervention provided or offered,76,17,"2, 20",01/01/2024,12/31/2024
33011F,BATH VA MEDICAL CENTER,76 VETERANS AVE.,BATH,NY,14810,STEUBEN,(607) 664-4000,Inpatient Psychiatric Facility Measures,SUB_3,Alcohol and other drug use disorder treatment provided or offered at discharge,94,16,"2, 20",01/01/2024,12/31/2024
33011F,BATH VA MEDICAL CENTER,76 VETERANS AVE.,BATH,NY,14810,STEUBEN,(607) 664-4000,Inpatient Psychiatric Facility Measures,TOB_3,Tobacco Use Treatment Provided or Offered at Discharge,Not Available,Not Available,"1, 2, 20",01/01/2024,12/31/2024
33012F,UPSTATE NEW YORK VA HEALTHCARE SYSTEM (WESTERN NY VA HEALTHCARE SYSTEM),3495 BAILEY AVENUE,BUFFALO,NY,14215,ERIE,(716) 862-3611,Inpatient Psychiatric Facility Measures,HBIPS-2,Hours of physical-restraint use,0.1,2463,20,01/01/2024,12/31/2024
33012F,UPSTATE NEW YORK VA HEALTHCARE SYSTEM (WESTERN NY VA HEALTHCARE SYSTEM),3495 BAILEY AVENUE,BUFFALO,NY,14215,ERIE,(716) 862-3611,Inpatient Psychiatric Facility Measures,HBIPS-3,Hours of seclusion,1.48,2463,20,01/01/2024,12/31/2024
33012F,UPSTATE NEW YORK VA HEALTHCARE SYSTEM (WESTERN NY VA HEALTHCARE SYSTEM),3495 BAILEY AVENUE,BUFFALO,NY,14215,ERIE,(716) 862-3611,Inpatient Psychiatric Facility Measures,SUB_2,Alcohol use brief intervention provided or offered,76,93,"2, 20",01/01/2024,12/31/2024
33012F,UPSTATE NEW YORK VA HEALTHCARE SYSTEM (WESTERN NY VA HEALTHCARE SYSTEM),3495 BAILEY AVENUE,BUFFALO,NY,14215,ERIE,(716) 862-3611,Inpatient Psychiatric Facility Measures,SUB_3,Alcohol and other drug use disorder treatment provided or offered at discharge,81,84,"2, 20",01/01/2024,12/31/2024
33012F,UPSTATE NEW YORK VA HEALTHCARE SYSTEM (WESTERN NY VA HEALTHCARE SYSTEM),3495 BAILEY AVENUE,BUFFALO,NY,14215,ERIE,(716) 862-3611,Inpatient Psychiatric Facility Measures,TOB_3,Tobacco Use Treatment Provided or Offered at Discharge,75,109,"2, 20",01/01/2024,12/31/2024
33015F,VA HUDSON VALLEY HEALTHCARE SYSTEM,2094 ALBANY POST ROAD,MONTROSE,NY,10548,WESTCHESTER,(914) 737-4400,Inpatient Psychiatric Facility Measures,HBIPS-2,Hours of physical-restraint use,0,2935,20,01/01/2024,12/31/2024
33015F,VA HUDSON VALLEY HEALTHCARE SYSTEM,2094 ALBANY POST ROAD,MONTROSE,NY,10548,WESTCHESTER,(914) 737-4400,Inpatient Psychiatric Facility Measures,HBIPS-3,Hours of seclusion,0.54,2935,20,01/01/2024,12/31/2024
33015F,VA HUDSON VALLEY HEALTHCARE SYSTEM,2094 ALBANY POST ROAD,MONTROSE,NY,10548,WESTCHESTER,(914) 737-4400,Inpatient Psychiatric Facility Measures,SUB_2,Alcohol use brief intervention provided or offered,70,123,"2, 20",01/01/2024,12/31/2024
33015F,VA HUDSON VALLEY HEALTHCARE SYSTEM,2094 ALBANY POST ROAD,MONTROSE,NY,10548,WESTCHESTER,(914) 737-4400,Inpatient Psychiatric Facility Measures,SUB_3,Alcohol and other drug use disorder treatment provided or offered at discharge,91,139,"2, 20",01/01/2024,12/31/2024
33015F,VA HUDSON VALLEY HEALTHCARE SYSTEM,2094 ALBANY POST ROAD,MONTROSE,NY,10548,WESTCHESTER,(914) 737-4400,Inpatient Psychiatric Facility Measures,TOB_3,Tobacco Use Treatment Provided or Offered at Discharge,84,98,"2, 20",01/01/2024,12/31/2024
33016F,BRONX VA MEDICAL CENTER,130 WEST KINGSBRIDGE ROAD,BRONX,NY,10468,BRONX,(718) 584-9000,Inpatient Psychiatric Facility Measures,HBIPS-2,Hours of physical-restraint use,0.11,3591,20,01/01/2024,12/31/2024
33016F,BRONX VA MEDICAL CENTER,130 WEST KINGSBRIDGE ROAD,BRONX,NY,10468,BRONX,(718) 584-9000,Inpatient Psychiatric Facility Measures,HBIPS-3,Hours of seclusion,0.27,3591,20,01/01/2024,12/31/2024
33016F,BRONX VA MEDICAL CENTER,130 WEST KINGSBRIDGE ROAD,BRONX,NY,10468,BRONX,(718) 584-9000,Inpatient Psychiatric Facility Measures,SUB_2,Alcohol use brief intervention provided or offered,89,64,"2, 20",01/01/2024,12/31/2024
33016F,BRONX VA MEDICAL CENTER,130 WEST KINGSBRIDGE ROAD,BRONX,NY,10468,BRONX,(718) 584-9000,Inpatient Psychiatric Facility Measures,SUB_3,Alcohol and other drug use disorder treatment provided or offered at discharge,96,96,"2, 20",01/01/2024,12/31/2024
33016F,BRONX VA MEDICAL CENTER,130 WEST KINGSBRIDGE ROAD,BRONX,NY,10468,BRONX,(718) 584-9000,Inpatient Psychiatric Facility Measures,TOB_3,Tobacco Use Treatment Provided or Offered at Discharge,95,80,"2, 20",01/01/2024,12/31/2024
33017F,VA NEW YORK HARBOR HEALTHCARE SYSTEM - NY DIV.,423 EAST 23RD STREET,NEW YORK,NY,10010,NEW YORK,(212) 686-7500,Inpatient Psychiatric Facility Measures,HBIPS-2,Hours of physical-restraint use,0.59,4431,20,01/01/2024,12/31/2024
33017F,VA NEW YORK HARBOR HEALTHCARE SYSTEM - NY DIV.,423 EAST 23RD STREET,NEW YORK,NY,10010,NEW YORK,(212) 686-7500,Inpatient Psychiatric Facility Measures,HBIPS-3,Hours of seclusion,0,4431,20,01/01/2024,12/31/2024
33017F,VA NEW YORK HARBOR HEALTHCARE SYSTEM - NY DIV.,423 EAST 23RD STREET,NEW YORK,NY,10010,NEW YORK,(212) 686-7500,Inpatient Psychiatric Facility Measures,SUB_2,Alcohol use brief intervention provided or offered,84,80,"2, 20",01/01/2024,12/31/2024
33017F,VA NEW YORK HARBOR HEALTHCARE SYSTEM - NY DIV.,423 EAST 23RD STREET,NEW YORK,NY,10010,NEW YORK,(212) 686-7500,Inpatient Psychiatric Facility Measures,SUB_3,Alcohol and other drug use disorder treatment provided or offered at discharge,75,124,"2, 20",01/01/2024,12/31/2024
33017F,VA NEW YORK HARBOR HEALTHCARE SYSTEM - NY DIV.,423 EAST 23RD STREET,NEW YORK,NY,10010,NEW YORK,(212) 686-7500,Inpatient Psychiatric Facility Measures,TOB_3,Tobacco Use Treatment Provided or Offered at Discharge,81,112,"2, 20",01/01/2024,12/31/2024
33019F,NORTHPORT VA MEDICAL CENTER,79 MIDDLEVILLE ROAD,NORTHPORT,NY,11768,SUFFOLK,(516) 261-4400,Inpatient Psychiatric Facility Measures,HBIPS-2,Hours of physical-restraint use,0.06,6427,20,01/01/2024,12/31/2024
33019F,NORTHPORT VA MEDICAL CENTER,79 MIDDLEVILLE ROAD,NORTHPORT,NY,11768,SUFFOLK,(516) 261-4400,Inpatient Psychiatric Facility Measures,HBIPS-3,Hours of seclusion,0,6427,20,01/01/2024,12/31/2024
33019F,NORTHPORT VA MEDICAL CENTER,79 MIDDLEVILLE ROAD,NORTHPORT,NY,11768,SUFFOLK,(516) 261-4400,Inpatient Psychiatric Facility Measures,SUB_2,Alcohol use brief intervention provided or offered,64,98,"2, 20",01/01/2024,12/31/2024
33019F,NORTHPORT VA MEDICAL CENTER,79 MIDDLEVILLE ROAD,NORTHPORT,NY,11768,SUFFOLK,(516) 261-4400,Inpatient Psychiatric Facility Measures,SUB_3,Alcohol and other drug use disorder treatment provided or offered at discharge,88,110,"2, 20",01/01/2024,12/31/2024
33019F,NORTHPORT VA MEDICAL CENTER,79 MIDDLEVILLE ROAD,NORTHPORT,NY,11768,SUFFOLK,(516) 261-4400,Inpatient Psychiatric Facility Measures,TOB_3,Tobacco Use Treatment Provided or Offered at Discharge,80,87,"2, 20",01/01/2024,12/31/2024
33020F,VA NEW YORK HARBOR HEALTHCARE SYSTEM - BROOKLYN,800 POLY PLACE,BROOKLYN,NY,11209,KINGS,(718) 836-6600,Inpatient Psychiatric Facility Measures,HBIPS-2,Hours of physical-restraint use,Not Available,Not Available,"5, 24",01/01/2024,12/31/2024
33020F,VA NEW YORK HARBOR HEALTHCARE SYSTEM - BROOKLYN,800 POLY PLACE,BROOKLYN,NY,11209,KINGS,(718) 836-6600,Inpatient Psychiatric Facility Measures,HBIPS-3,Hours of seclusion,Not Available,Not Available,"5, 24",01/01/2024,12/31/2024
33020F,VA NEW YORK HARBOR HEALTHCARE SYSTEM - BROOKLYN,800 POLY PLACE,BROOKLYN,NY,11209,KINGS,(718) 836-6600,Inpatient Psychiatric Facility Measures,SUB_2,Alcohol use brief intervention provided or offered,Not Available,Not Available,"5, 24",01/01/2024,12/31/2024
33020F,VA NEW YORK HARBOR HEALTHCARE SYSTEM - BROOKLYN,800 POLY PLACE,BROOKLYN,NY,11209,KINGS,(718) 836-6600,Inpatient Psychiatric Facility Measures,SUB_3,Alcohol and other drug use disorder treatment provided or offered at discharge,Not Available,Not Available,"5, 24",01/01/2024,12/31/2024
33020F,VA NEW YORK HARBOR HEALTHCARE SYSTEM - BROOKLYN,800 POLY PLACE,BROOKLYN,NY,11209,KINGS,(718) 836-6600,Inpatient Psychiatric Facility Measures,TOB_3,Tobacco Use Treatment Provided or Offered at Discharge,Not Available,Not Available,"5, 24",01/01/2024,12/31/2024
33024F,SYRACUSE VA MEDICAL CENTER,800 IRVING AVE.,SYRACUSE,NY,13210,ONONDAGA,(315) 425-4400,Inpatient Psychiatric Facility Measures,HBIPS-2,Hours of physical-restraint use,0,2925,20,01/01/2024,12/31/2024
33024F,SYRACUSE VA MEDICAL CENTER,800 IRVING AVE.,SYRACUSE,NY,13210,ONONDAGA,(315) 425-4400,Inpatient Psychiatric Facility Measures,HBIPS-3,Hours of seclusion,0.04,2925,20,01/01/2024,12/31/2024
33024F,SYRACUSE VA MEDICAL CENTER,800 IRVING AVE.,SYRACUSE,NY,13210,ONONDAGA,(315) 425-4400,Inpatient Psychiatric Facility Measures,SUB_2,Alcohol use brief intervention provided or offered,67,76,"2, 20",01/01/2024,12/31/2024
33024F,SYRACUSE VA MEDICAL CENTER,800 IRVING AVE.,SYRACUSE,NY,13210,ONONDAGA,(315) 425-4400,Inpatient Psychiatric Facility Measures,SUB_3,Alcohol and other drug use disorder treatment provided or offered at discharge,80,90,"2, 20",01/01/2024,12/31/2024
33024F,SYRACUSE VA MEDICAL CENTER,800 IRVING AVE.,SYRACUSE,NY,13210,ONONDAGA,(315) 425-4400,Inpatient Psychiatric Facility Measures,TOB_3,Tobacco Use Treatment Provided or Offered at Discharge,83,82,"2, 20",01/01/2024,12/31/2024
34012F,DURHAM VA MEDICAL CENTER,508 FULTON STREET,DURHAM,NC,27705,DURHAM,(919) 286-0411,Inpatient Psychiatric Facility Measures,HBIPS-2,Hours of physical-restraint use,0,8382,20,01/01/2024,12/31/2024
34012F,DURHAM VA MEDICAL CENTER,508 FULTON STREET,DURHAM,NC,27705,DURHAM,(919) 286-0411,Inpatient Psychiatric Facility Measures,HBIPS-3,Hours of seclusion,0.01,8382,20,01/01/2024,12/31/2024
34012F,DURHAM VA MEDICAL CENTER,508 FULTON STREET,DURHAM,NC,27705,DURHAM,(919) 286-0411,Inpatient Psychiatric Facility Measures,SUB_2,Alcohol use brief intervention provided or offered,55,117,"2, 20",01/01/2024,12/31/2024
34012F,DURHAM VA MEDICAL CENTER,508 FULTON STREET,DURHAM,NC,27705,DURHAM,(919) 286-0411,Inpatient Psychiatric Facility Measures,SUB_3,Alcohol and other drug use disorder treatment provided or offered at discharge,97,120,"2, 20",01/01/2024,12/31/2024
34012F,DURHAM VA MEDICAL CENTER,508 FULTON STREET,DURHAM,NC,27705,DURHAM,(919) 286-0411,Inpatient Psychiatric Facility Measures,TOB_3,Tobacco Use Treatment Provided or Offered at Discharge,86,173,"2, 20",01/01/2024,12/31/2024
34013F,FAYETTEVILLE NC VA MEDICAL CENTER,2300 RAMSEY STREET,FAYETTEVILLE,NC,28301,CUMBERLAND,(910) 488-2120,Inpatient Psychiatric Facility Measures,HBIPS-2,Hours of physical-restraint use,0.1,5867,20,01/01/2024,12/31/2024
34013F,FAYETTEVILLE NC VA MEDICAL CENTER,2300 RAMSEY STREET,FAYETTEVILLE,NC,28301,CUMBERLAND,(910) 488-2120,Inpatient Psychiatric Facility Measures,HBIPS-3,Hours of seclusion,0,5867,20,01/01/2024,12/31/2024
34013F,FAYETTEVILLE NC VA MEDICAL CENTER,2300 RAMSEY STREET,FAYETTEVILLE,NC,28301,CUMBERLAND,(910) 488-2120,Inpatient Psychiatric Facility Measures,SUB_2,Alcohol use brief intervention provided or offered,92,100,"2, 20",01/01/2024,12/31/2024
34013F,FAYETTEVILLE NC VA MEDICAL CENTER,2300 RAMSEY STREET,FAYETTEVILLE,NC,28301,CUMBERLAND,(910) 488-2120,Inpatient Psychiatric Facility Measures,SUB_3,Alcohol and other drug use disorder treatment provided or offered at discharge,89,176,"2, 20",01/01/2024,12/31/2024
34013F,FAYETTEVILLE NC VA MEDICAL CENTER,2300 RAMSEY STREET,FAYETTEVILLE,NC,28301,CUMBERLAND,(910) 488-2120,Inpatient Psychiatric Facility Measures,TOB_3,Tobacco Use Treatment Provided or Offered at Discharge,78,157,"2, 20",01/01/2024,12/31/2024
34017F,W.G. (BILL) HEFNER SALISBURY VA MEDICAL CENTER (SALSBURY),1601 BRENNER AVENUE,SALISBURY,NC,28144,ROWAN,(704) 638-9000,Inpatient Psychiatric Facility Measures,HBIPS-2,Hours of physical-restraint use,0.01,9917,20,01/01/2024,12/31/2024
34017F,W.G. (BILL) HEFNER SALISBURY VA MEDICAL CENTER (SALSBURY),1601 BRENNER AVENUE,SALISBURY,NC,28144,ROWAN,(704) 638-9000,Inpatient Psychiatric Facility Measures,HBIPS-3,Hours of seclusion,0,9917,20,01/01/2024,12/31/2024
34017F,W.G. (BILL) HEFNER SALISBURY VA MEDICAL CENTER (SALSBURY),1601 BRENNER AVENUE,SALISBURY,NC,28144,ROWAN,(704) 638-9000,Inpatient Psychiatric Facility Measures,SUB_2,Alcohol use brief intervention provided or offered,65,150,"2, 20",01/01/2024,12/31/2024
34017F,W.G. (BILL) HEFNER SALISBURY VA MEDICAL CENTER (SALSBURY),1601 BRENNER AVENUE,SALISBURY,NC,28144,ROWAN,(704) 638-9000,Inpatient Psychiatric Facility Measures,SUB_3,Alcohol and other drug use disorder treatment provided or offered at discharge,82,174,"2, 20",01/01/2024,12/31/2024
34017F,W.G. (BILL) HEFNER SALISBURY VA MEDICAL CENTER (SALSBURY),1601 BRENNER AVENUE,SALISBURY,NC,28144,ROWAN,(704) 638-9000,Inpatient Psychiatric Facility Measures,TOB_3,Tobacco Use Treatment Provided or Offered at Discharge,69,139,"2, 20",01/01/2024,12/31/2024
34036F,ASHEVILLE-OTEEN VA MEDICAL CENTER,1100 TUNNEL ROAD,ASHEVILLE,NC,28805,BUNCOMBE,(828) 298-7911,Inpatient Psychiatric Facility Measures,HBIPS-2,Hours of physical-restraint use,0.04,5002,20,01/01/2024,12/31/2024
34036F,ASHEVILLE-OTEEN VA MEDICAL CENTER,1100 TUNNEL ROAD,ASHEVILLE,NC,28805,BUNCOMBE,(828) 298-7911,Inpatient Psychiatric Facility Measures,HBIPS-3,Hours of seclusion,0,5002,20,01/01/2024,12/31/2024
34036F,ASHEVILLE-OTEEN VA MEDICAL CENTER,1100 TUNNEL ROAD,ASHEVILLE,NC,28805,BUNCOMBE,(828) 298-7911,Inpatient Psychiatric Facility Measures,SUB_2,Alcohol use brief intervention provided or offered,79,108,"2, 20",01/01/2024,12/31/2024
34036F,ASHEVILLE-OTEEN VA MEDICAL CENTER,1100 TUNNEL ROAD,ASHEVILLE,NC,28805,BUNCOMBE,(828) 298-7911,Inpatient Psychiatric Facility Measures,SUB_3,Alcohol and other drug use disorder treatment provided or offered at discharge,86,136,"2, 20",01/01/2024,12/31/2024
34036F,ASHEVILLE-OTEEN VA MEDICAL CENTER,1100 TUNNEL ROAD,ASHEVILLE,NC,28805,BUNCOMBE,(828) 298-7911,Inpatient Psychiatric Facility Measures,TOB_3,Tobacco Use Treatment Provided or Offered at Discharge,81,124,"2, 20",01/01/2024,12/31/2024
35002F,FARGO VA MEDICAL CENTER,2101 ELM STREET,FARGO,ND,58102,CASS,(701) 232-3241,Inpatient Psychiatric Facility Measures,HBIPS-2,Hours of physical-restraint use,0.07,1311,20,01/01/2024,12/31/2024
35002F,FARGO VA MEDICAL CENTER,2101 ELM STREET,FARGO,ND,58102,CASS,(701) 232-3241,Inpatient Psychiatric Facility Measures,HBIPS-3,Hours of seclusion,0,1311,20,01/01/2024,12/31/2024
35002F,FARGO VA MEDICAL CENTER,2101 ELM STREET,FARGO,ND,58102,CASS,(701) 232-3241,Inpatient Psychiatric Facility Measures,SUB_2,Alcohol use brief intervention provided or offered,87,85,"2, 20",01/01/2024,12/31/2024
35002F,FARGO VA MEDICAL CENTER,2101 ELM STREET,FARGO,ND,58102,CASS,(701) 232-3241,Inpatient Psychiatric Facility Measures,SUB_3,Alcohol and other drug use disorder treatment provided or offered at discharge,86,83,"2, 20",01/01/2024,12/31/2024
35002F,FARGO VA MEDICAL CENTER,2101 ELM STREET,FARGO,ND,58102,CASS,(701) 232-3241,Inpatient Psychiatric Facility Measures,TOB_3,Tobacco Use Treatment Provided or Offered at Discharge,87,92,"2, 20",01/01/2024,12/31/2024
36001F,LOUIS STOKES CLEVELAND VA MEDICAL CENTER,10701 EAST BLVD,CLEVELAND,OH,44106,CUYAHOGA,(216) 791-3800,Inpatient Psychiatric Facility Measures,HBIPS-2,Hours of physical-restraint use,0.03,6716,20,01/01/2024,12/31/2024
36001F,LOUIS STOKES CLEVELAND VA MEDICAL CENTER,10701 EAST BLVD,CLEVELAND,OH,44106,CUYAHOGA,(216) 791-3800,Inpatient Psychiatric Facility Measures,HBIPS-3,Hours of seclusion,0.1,6716,20,01/01/2024,12/31/2024
36001F,LOUIS STOKES CLEVELAND VA MEDICAL CENTER,10701 EAST BLVD,CLEVELAND,OH,44106,CUYAHOGA,(216) 791-3800,Inpatient Psychiatric Facility Measures,SUB_2,Alcohol use brief intervention provided or offered,80,120,"2, 20",01/01/2024,12/31/2024
36001F,LOUIS STOKES CLEVELAND VA MEDICAL CENTER,10701 EAST BLVD,CLEVELAND,OH,44106,CUYAHOGA,(216) 791-3800,Inpatient Psychiatric Facility Measures,SUB_3,Alcohol and other drug use disorder treatment provided or offered at discharge,61,140,"2, 20",01/01/2024,12/31/2024
36001F,LOUIS STOKES CLEVELAND VA MEDICAL CENTER,10701 EAST BLVD,CLEVELAND,OH,44106,CUYAHOGA,(216) 791-3800,Inpatient Psychiatric Facility Measures,TOB_3,Tobacco Use Treatment Provided or Offered at Discharge,91,214,"2, 20",01/01/2024,12/31/2024
36003F,CINCINNATI VA MEDICAL CENTER,3200 VINE STREET,CINCINNATI,OH,45220,HAMILTON,(513) 861-3100,Inpatient Psychiatric Facility Measures,HBIPS-2,Hours of physical-restraint use,0.13,3818,20,01/01/2024,12/31/2024
36003F,CINCINNATI VA MEDICAL CENTER,3200 VINE STREET,CINCINNATI,OH,45220,HAMILTON,(513) 861-3100,Inpatient Psychiatric Facility Measures,HBIPS-3,Hours of seclusion,0.1,3818,20,01/01/2024,12/31/2024
36003F,CINCINNATI VA MEDICAL CENTER,3200 VINE STREET,CINCINNATI,OH,45220,HAMILTON,(513) 861-3100,Inpatient Psychiatric Facility Measures,SUB_2,Alcohol use brief intervention provided or offered,65,81,"2, 20",01/01/2024,12/31/2024
36003F,CINCINNATI VA MEDICAL CENTER,3200 VINE STREET,CINCINNATI,OH,45220,HAMILTON,(513) 861-3100,Inpatient Psychiatric Facility Measures,SUB_3,Alcohol and other drug use disorder treatment provided or offered at discharge,67,78,"2, 20",01/01/2024,12/31/2024
36003F,CINCINNATI VA MEDICAL CENTER,3200 VINE STREET,CINCINNATI,OH,45220,HAMILTON,(513) 861-3100,Inpatient Psychiatric Facility Measures,TOB_3,Tobacco Use Treatment Provided or Offered at Discharge,88,120,"2, 20",01/01/2024,12/31/2024
36007F,DAYTON VA MEDICAL CENTER,4100 WEST THIRD STREET,DAYTON,OH,45428,MONTGOMERY,(937) 268-6511,Inpatient Psychiatric Facility Measures,HBIPS-2,Hours of physical-restraint use,0.13,2548,20,01/01/2024,12/31/2024
36007F,DAYTON VA MEDICAL CENTER,4100 WEST THIRD STREET,DAYTON,OH,45428,MONTGOMERY,(937) 268-6511,Inpatient Psychiatric Facility Measures,HBIPS-3,Hours of seclusion,0,2548,20,01/01/2024,12/31/2024
36007F,DAYTON VA MEDICAL CENTER,4100 WEST THIRD STREET,DAYTON,OH,45428,MONTGOMERY,(937) 268-6511,Inpatient Psychiatric Facility Measures,SUB_2,Alcohol use brief intervention provided or offered,86,125,"2, 20",01/01/2024,12/31/2024
36007F,DAYTON VA MEDICAL CENTER,4100 WEST THIRD STREET,DAYTON,OH,45428,MONTGOMERY,(937) 268-6511,Inpatient Psychiatric Facility Measures,SUB_3,Alcohol and other drug use disorder treatment provided or offered at discharge,92,146,"2, 20",01/01/2024,12/31/2024
36007F,DAYTON VA MEDICAL CENTER,4100 WEST THIRD STREET,DAYTON,OH,45428,MONTGOMERY,(937) 268-6511,Inpatient Psychiatric Facility Measures,TOB_3,Tobacco Use Treatment Provided or Offered at Discharge,80,134,"2, 20",01/01/2024,12/31/2024
36008F,CHILLICOTHE VA MEDICAL CENTER,17273 STATE ROUTE 104,CHILLICOTHE,OH,45601,ROSS,(740) 773-1141,Inpatient Psychiatric Facility Measures,HBIPS-2,Hours of physical-restraint use,0.16,3255,20,01/01/2024,12/31/2024
36008F,CHILLICOTHE VA MEDICAL CENTER,17273 STATE ROUTE 104,CHILLICOTHE,OH,45601,ROSS,(740) 773-1141,Inpatient Psychiatric Facility Measures,HBIPS-3,Hours of seclusion,0,3255,20,01/01/2024,12/31/2024
36008F,CHILLICOTHE VA MEDICAL CENTER,17273 STATE ROUTE 104,CHILLICOTHE,OH,45601,ROSS,(740) 773-1141,Inpatient Psychiatric Facility Measures,SUB_2,Alcohol use brief intervention provided or offered,78,111,"2, 20",01/01/2024,12/31/2024
36008F,CHILLICOTHE VA MEDICAL CENTER,17273 STATE ROUTE 104,CHILLICOTHE,OH,45601,ROSS,(740) 773-1141,Inpatient Psychiatric Facility Measures,SUB_3,Alcohol and other drug use disorder treatment provided or offered at discharge,98,219,"2, 20",01/01/2024,12/31/2024
36008F,CHILLICOTHE VA MEDICAL CENTER,17273 STATE ROUTE 104,CHILLICOTHE,OH,45601,ROSS,(740) 773-1141,Inpatient Psychiatric Facility Measures,TOB_3,Tobacco Use Treatment Provided or Offered at Discharge,92,193,"2, 20",01/01/2024,12/31/2024
37012F,MUSKOGEE VA MEDICAL CENTER,1011 HONOR HEIGHTS DRIVE,MUSKOGEE,OK,74401,MUSKOGEE,(918) 577-3000,Inpatient Psychiatric Facility Measures,HBIPS-2,Hours of physical-restraint use,0,2007,20,01/01/2024,12/31/2024
37012F,MUSKOGEE VA MEDICAL CENTER,1011 HONOR HEIGHTS DRIVE,MUSKOGEE,OK,74401,MUSKOGEE,(918) 577-3000,Inpatient Psychiatric Facility Measures,HBIPS-3,Hours of seclusion,0.37,2007,20,01/01/2024,12/31/2024
37012F,MUSKOGEE VA MEDICAL CENTER,1011 HONOR HEIGHTS DRIVE,MUSKOGEE,OK,74401,MUSKOGEE,(918) 577-3000,Inpatient Psychiatric Facility Measures,SUB_2,Alcohol use brief intervention provided or offered,75,91,"2, 20",01/01/2024,12/31/2024
37012F,MUSKOGEE VA MEDICAL CENTER,1011 HONOR HEIGHTS DRIVE,MUSKOGEE,OK,74401,MUSKOGEE,(918) 577-3000,Inpatient Psychiatric Facility Measures,SUB_3,Alcohol and other drug use disorder treatment provided or offered at discharge,80,109,"2, 20",01/01/2024,12/31/2024
37012F,MUSKOGEE VA MEDICAL CENTER,1011 HONOR HEIGHTS DRIVE,MUSKOGEE,OK,74401,MUSKOGEE,(918) 577-3000,Inpatient Psychiatric Facility Measures,TOB_3,Tobacco Use Treatment Provided or Offered at Discharge,83,142,"2, 20",01/01/2024,12/31/2024
37014F,OKLAHOMA CITY VA MEDICAL CENTER,921 NE 13TH STREET,OKLAHOMA CITY,OK,73104,OKLAHOMA,(405) 270-0501,Inpatient Psychiatric Facility Measures,HBIPS-2,Hours of physical-restraint use,0.07,9992,20,01/01/2024,12/31/2024
37014F,OKLAHOMA CITY VA MEDICAL CENTER,921 NE 13TH STREET,OKLAHOMA CITY,OK,73104,OKLAHOMA,(405) 270-0501,Inpatient Psychiatric Facility Measures,HBIPS-3,Hours of seclusion,0,9992,20,01/01/2024,12/31/2024
37014F,OKLAHOMA CITY VA MEDICAL CENTER,921 NE 13TH STREET,OKLAHOMA CITY,OK,73104,OKLAHOMA,(405) 270-0501,Inpatient Psychiatric Facility Measures,SUB_2,Alcohol use brief intervention provided or offered,81,132,"2, 20",01/01/2024,12/31/2024
37014F,OKLAHOMA CITY VA MEDICAL CENTER,921 NE 13TH STREET,OKLAHOMA CITY,OK,73104,OKLAHOMA,(405) 270-0501,Inpatient Psychiatric Facility Measures,SUB_3,Alcohol and other drug use disorder treatment provided or offered at discharge,90,170,"2, 20",01/01/2024,12/31/2024
37014F,OKLAHOMA CITY VA MEDICAL CENTER,921 NE 13TH STREET,OKLAHOMA CITY,OK,73104,OKLAHOMA,(405) 270-0501,Inpatient Psychiatric Facility Measures,TOB_3,Tobacco Use Treatment Provided or Offered at Discharge,79,160,"2, 20",01/01/2024,12/31/2024
38003F,PORTLAND VA MEDICAL CENTER,3710 SW US VETERANS HOSPITAL,PORTLAND,OR,97239,MULTNOMAH,(503) 220-8262,Inpatient Psychiatric Facility Measures,HBIPS-2,Hours of physical-restraint use,0.28,4879,20,01/01/2024,12/31/2024
38003F,PORTLAND VA MEDICAL CENTER,3710 SW US VETERANS HOSPITAL,PORTLAND,OR,97239,MULTNOMAH,(503) 220-8262,Inpatient Psychiatric Facility Measures,HBIPS-3,Hours of seclusion,1.18,4879,20,01/01/2024,12/31/2024
38003F,PORTLAND VA MEDICAL CENTER,3710 SW US VETERANS HOSPITAL,PORTLAND,OR,97239,MULTNOMAH,(503) 220-8262,Inpatient Psychiatric Facility Measures,SUB_2,Alcohol use brief intervention provided or offered,47,129,"2, 20",01/01/2024,12/31/2024
38003F,PORTLAND VA MEDICAL CENTER,3710 SW US VETERANS HOSPITAL,PORTLAND,OR,97239,MULTNOMAH,(503) 220-8262,Inpatient Psychiatric Facility Measures,SUB_3,Alcohol and other drug use disorder treatment provided or offered at discharge,76,101,"2, 20",01/01/2024,12/31/2024
38003F,PORTLAND VA MEDICAL CENTER,3710 SW US VETERANS HOSPITAL,PORTLAND,OR,97239,MULTNOMAH,(503) 220-8262,Inpatient Psychiatric Facility Measures,TOB_3,Tobacco Use Treatment Provided or Offered at Discharge,62,132,"2, 20",01/01/2024,12/31/2024
38004F,VA ROSEBURG HEALTHCARE SYSTEM,913 NW GARDEN VALLEY BLVD.,ROSEBURG,OR,97471,DOUGLAS,(541) 440-1000,Inpatient Psychiatric Facility Measures,HBIPS-2,Hours of physical-restraint use,0,2126,20,01/01/2024,12/31/2024
38004F,VA ROSEBURG HEALTHCARE SYSTEM,913 NW GARDEN VALLEY BLVD.,ROSEBURG,OR,97471,DOUGLAS,(541) 440-1000,Inpatient Psychiatric Facility Measures,HBIPS-3,Hours of seclusion,1.5,2126,20,01/01/2024,12/31/2024
38004F,VA ROSEBURG HEALTHCARE SYSTEM,913 NW GARDEN VALLEY BLVD.,ROSEBURG,OR,97471,DOUGLAS,(541) 440-1000,Inpatient Psychiatric Facility Measures,SUB_2,Alcohol use brief intervention provided or offered,100,23,"2, 20",01/01/2024,12/31/2024
38004F,VA ROSEBURG HEALTHCARE SYSTEM,913 NW GARDEN VALLEY BLVD.,ROSEBURG,OR,97471,DOUGLAS,(541) 440-1000,Inpatient Psychiatric Facility Measures,SUB_3,Alcohol and other drug use disorder treatment provided or offered at discharge,98,55,"2, 20",01/01/2024,12/31/2024
38004F,VA ROSEBURG HEALTHCARE SYSTEM,913 NW GARDEN VALLEY BLVD.,ROSEBURG,OR,97471,DOUGLAS,(541) 440-1000,Inpatient Psychiatric Facility Measures,TOB_3,Tobacco Use Treatment Provided or Offered at Discharge,95,62,"2, 20",01/01/2024,12/31/2024
39001F,JAMES E. VAN ZANDT VA MEDICAL CENTER (ALTOONA),2907 PLEASANT VALLEY BOULEVARD,ALTOONA,PA,16602,BLAIR,(814) 943-8164,Inpatient Psychiatric Facility Measures,HBIPS-2,Hours of physical-restraint use,Not Available,Not Available,5,01/01/2024,12/31/2024
39001F,JAMES E. VAN ZANDT VA MEDICAL CENTER (ALTOONA),2907 PLEASANT VALLEY BOULEVARD,ALTOONA,PA,16602,BLAIR,(814) 943-8164,Inpatient Psychiatric Facility Measures,HBIPS-3,Hours of seclusion,Not Available,Not Available,5,01/01/2024,12/31/2024
39001F,JAMES E. VAN ZANDT VA MEDICAL CENTER (ALTOONA),2907 PLEASANT VALLEY BOULEVARD,ALTOONA,PA,16602,BLAIR,(814) 943-8164,Inpatient Psychiatric Facility Measures,SUB_2,Alcohol use brief intervention provided or offered,92,39,"2, 20",01/01/2024,12/31/2024
39001F,JAMES E. VAN ZANDT VA MEDICAL CENTER (ALTOONA),2907 PLEASANT VALLEY BOULEVARD,ALTOONA,PA,16602,BLAIR,(814) 943-8164,Inpatient Psychiatric Facility Measures,SUB_3,Alcohol and other drug use disorder treatment provided or offered at discharge,94,16,"2, 20",01/01/2024,12/31/2024
39001F,JAMES E. VAN ZANDT VA MEDICAL CENTER (ALTOONA),2907 PLEASANT VALLEY BOULEVARD,ALTOONA,PA,16602,BLAIR,(814) 943-8164,Inpatient Psychiatric Facility Measures,TOB_3,Tobacco Use Treatment Provided or Offered at Discharge,78,36,"2, 20",01/01/2024,12/31/2024
39004F,COATESVILLE VA MEDICAL CENTER,1400 BLACK HORSE HILL ROAD,COATESVILLE,PA,19320,CHESTER,(610) 384-7711,Inpatient Psychiatric Facility Measures,HBIPS-2,Hours of physical-restraint use,0,4690,20,01/01/2024,12/31/2024
39004F,COATESVILLE VA MEDICAL CENTER,1400 BLACK HORSE HILL ROAD,COATESVILLE,PA,19320,CHESTER,(610) 384-7711,Inpatient Psychiatric Facility Measures,HBIPS-3,Hours of seclusion,0.02,4690,20,01/01/2024,12/31/2024
39004F,COATESVILLE VA MEDICAL CENTER,1400 BLACK HORSE HILL ROAD,COATESVILLE,PA,19320,CHESTER,(610) 384-7711,Inpatient Psychiatric Facility Measures,SUB_2,Alcohol use brief intervention provided or offered,81,151,"2, 20",01/01/2024,12/31/2024
39004F,COATESVILLE VA MEDICAL CENTER,1400 BLACK HORSE HILL ROAD,COATESVILLE,PA,19320,CHESTER,(610) 384-7711,Inpatient Psychiatric Facility Measures,SUB_3,Alcohol and other drug use disorder treatment provided or offered at discharge,93,349,"2, 20",01/01/2024,12/31/2024
39004F,COATESVILLE VA MEDICAL CENTER,1400 BLACK HORSE HILL ROAD,COATESVILLE,PA,19320,CHESTER,(610) 384-7711,Inpatient Psychiatric Facility Measures,TOB_3,Tobacco Use Treatment Provided or Offered at Discharge,88,290,"2, 20",01/01/2024,12/31/2024
39005F,ERIE VA MEDICAL CENTER,135 EAST 38TH STREET,ERIE,PA,16504,ERIE,(814) 860-2576,Inpatient Psychiatric Facility Measures,HBIPS-2,Hours of physical-restraint use,Not Available,Not Available,5,01/01/2024,12/31/2024
39005F,ERIE VA MEDICAL CENTER,135 EAST 38TH STREET,ERIE,PA,16504,ERIE,(814) 860-2576,Inpatient Psychiatric Facility Measures,HBIPS-3,Hours of seclusion,Not Available,Not Available,5,01/01/2024,12/31/2024
39005F,ERIE VA MEDICAL CENTER,135 EAST 38TH STREET,ERIE,PA,16504,ERIE,(814) 860-2576,Inpatient Psychiatric Facility Measures,SUB_2,Alcohol use brief intervention provided or offered,86,21,"2, 20",01/01/2024,12/31/2024
39005F,ERIE VA MEDICAL CENTER,135 EAST 38TH STREET,ERIE,PA,16504,ERIE,(814) 860-2576,Inpatient Psychiatric Facility Measures,SUB_3,Alcohol and other drug use disorder treatment provided or offered at discharge,100,16,"2, 20",01/01/2024,12/31/2024
39005F,ERIE VA MEDICAL CENTER,135 EAST 38TH STREET,ERIE,PA,16504,ERIE,(814) 860-2576,Inpatient Psychiatric Facility Measures,TOB_3,Tobacco Use Treatment Provided or Offered at Discharge,100,12,"2, 20",01/01/2024,12/31/2024
39006F,LEBANON VA MEDICAL CENTER,1700 SOUTH LINCOLN AVENUE,LEBANON,PA,17042,LEBANON,(717) 228-5901,Inpatient Psychiatric Facility Measures,HBIPS-2,Hours of physical-restraint use,0.08,4237,20,01/01/2024,12/31/2024
39006F,LEBANON VA MEDICAL CENTER,1700 SOUTH LINCOLN AVENUE,LEBANON,PA,17042,LEBANON,(717) 228-5901,Inpatient Psychiatric Facility Measures,HBIPS-3,Hours of seclusion,0.38,4237,20,01/01/2024,12/31/2024
39006F,LEBANON VA MEDICAL CENTER,1700 SOUTH LINCOLN AVENUE,LEBANON,PA,17042,LEBANON,(717) 228-5901,Inpatient Psychiatric Facility Measures,SUB_2,Alcohol use brief intervention provided or offered,57,136,"2, 20",01/01/2024,12/31/2024
39006F,LEBANON VA MEDICAL CENTER,1700 SOUTH LINCOLN AVENUE,LEBANON,PA,17042,LEBANON,(717) 228-5901,Inpatient Psychiatric Facility Measures,SUB_3,Alcohol and other drug use disorder treatment provided or offered at discharge,89,125,"2, 20",01/01/2024,12/31/2024
39006F,LEBANON VA MEDICAL CENTER,1700 SOUTH LINCOLN AVENUE,LEBANON,PA,17042,LEBANON,(717) 228-5901,Inpatient Psychiatric Facility Measures,TOB_3,Tobacco Use Treatment Provided or Offered at Discharge,63,129,"2, 20",01/01/2024,12/31/2024
39009F,PHILADELPHIA VA MEDICAL CENTER,3900 WOODLAND AVENUE,PHILADELPHIA,PA,19104,PHILADELPHIA,(215) 823-5857,Inpatient Psychiatric Facility Measures,HBIPS-2,Hours of physical-restraint use,Not Available,Not Available,5,01/01/2024,12/31/2024
39009F,PHILADELPHIA VA MEDICAL CENTER,3900 WOODLAND AVENUE,PHILADELPHIA,PA,19104,PHILADELPHIA,(215) 823-5857,Inpatient Psychiatric Facility Measures,HBIPS-3,Hours of seclusion,Not Available,Not Available,5,01/01/2024,12/31/2024
39009F,PHILADELPHIA VA MEDICAL CENTER,3900 WOODLAND AVENUE,PHILADELPHIA,PA,19104,PHILADELPHIA,(215) 823-5857,Inpatient Psychiatric Facility Measures,SUB_2,Alcohol use brief intervention provided or offered,63,95,"2, 20",01/01/2024,12/31/2024
39009F,PHILADELPHIA VA MEDICAL CENTER,3900 WOODLAND AVENUE,PHILADELPHIA,PA,19104,PHILADELPHIA,(215) 823-5857,Inpatient Psychiatric Facility Measures,SUB_3,Alcohol and other drug use disorder treatment provided or offered at discharge,85,80,"2, 20",01/01/2024,12/31/2024
39009F,PHILADELPHIA VA MEDICAL CENTER,3900 WOODLAND AVENUE,PHILADELPHIA,PA,19104,PHILADELPHIA,(215) 823-5857,Inpatient Psychiatric Facility Measures,TOB_3,Tobacco Use Treatment Provided or Offered at Discharge,51,108,"2, 20",01/01/2024,12/31/2024
39012F,VA PITTSBURGH HEALTHCARE SYSTEM - UNIV DR,UNIVERSITY DRIVE,PITTSBURGH,PA,15240,ALLEGHENY,(412) 688-6100,Inpatient Psychiatric Facility Measures,HBIPS-2,Hours of physical-restraint use,0.03,13549,20,01/01/2024,12/31/2024
39012F,VA PITTSBURGH HEALTHCARE SYSTEM - UNIV DR,UNIVERSITY DRIVE,PITTSBURGH,PA,15240,ALLEGHENY,(412) 688-6100,Inpatient Psychiatric Facility Measures,HBIPS-3,Hours of seclusion,0.2,13549,20,01/01/2024,12/31/2024
39012F,VA PITTSBURGH HEALTHCARE SYSTEM - UNIV DR,UNIVERSITY DRIVE,PITTSBURGH,PA,15240,ALLEGHENY,(412) 688-6100,Inpatient Psychiatric Facility Measures,SUB_2,Alcohol use brief intervention provided or offered,73,118,"2, 20",01/01/2024,12/31/2024
39012F,VA PITTSBURGH HEALTHCARE SYSTEM - UNIV DR,UNIVERSITY DRIVE,PITTSBURGH,PA,15240,ALLEGHENY,(412) 688-6100,Inpatient Psychiatric Facility Measures,SUB_3,Alcohol and other drug use disorder treatment provided or offered at discharge,77,71,"2, 20",01/01/2024,12/31/2024
39012F,VA PITTSBURGH HEALTHCARE SYSTEM - UNIV DR,UNIVERSITY DRIVE,PITTSBURGH,PA,15240,ALLEGHENY,(412) 688-6100,Inpatient Psychiatric Facility Measures,TOB_3,Tobacco Use Treatment Provided or Offered at Discharge,62,143,"2, 20",01/01/2024,12/31/2024
39013F,WILKES BARRE VA MEDICAL CENTER,1111 EAST END BOULEVARD,WILKES-BARRE,PA,18711,LUZERNE,(570) 824-3521,Inpatient Psychiatric Facility Measures,HBIPS-2,Hours of physical-restraint use,3.98,2677,20,01/01/2024,12/31/2024
39013F,WILKES BARRE VA MEDICAL CENTER,1111 EAST END BOULEVARD,WILKES-BARRE,PA,18711,LUZERNE,(570) 824-3521,Inpatient Psychiatric Facility Measures,HBIPS-3,Hours of seclusion,0,2677,20,01/01/2024,12/31/2024
39013F,WILKES BARRE VA MEDICAL CENTER,1111 EAST END BOULEVARD,WILKES-BARRE,PA,18711,LUZERNE,(570) 824-3521,Inpatient Psychiatric Facility Measures,SUB_2,Alcohol use brief intervention provided or offered,93,80,"2, 20",01/01/2024,12/31/2024
39013F,WILKES BARRE VA MEDICAL CENTER,1111 EAST END BOULEVARD,WILKES-BARRE,PA,18711,LUZERNE,(570) 824-3521,Inpatient Psychiatric Facility Measures,SUB_3,Alcohol and other drug use disorder treatment provided or offered at discharge,82,107,"2, 20",01/01/2024,12/31/2024
39013F,WILKES BARRE VA MEDICAL CENTER,1111 EAST END BOULEVARD,WILKES-BARRE,PA,18711,LUZERNE,(570) 824-3521,Inpatient Psychiatric Facility Measures,TOB_3,Tobacco Use Treatment Provided or Offered at Discharge,91,128,"2, 20",01/01/2024,12/31/2024
40003F,SAN JUAN VA MEDICAL CENTER,10 CALLE CASIA,SAN JUAN,PR,00921,SAN JUAN,(800) 449-8729,Inpatient Psychiatric Facility Measures,HBIPS-2,Hours of physical-restraint use,0.34,10079,20,01/01/2024,12/31/2024
40003F,SAN JUAN VA MEDICAL CENTER,10 CALLE CASIA,SAN JUAN,PR,00921,SAN JUAN,(800) 449-8729,Inpatient Psychiatric Facility Measures,HBIPS-3,Hours of seclusion,0,10079,20,01/01/2024,12/31/2024
40003F,SAN JUAN VA MEDICAL CENTER,10 CALLE CASIA,SAN JUAN,PR,00921,SAN JUAN,(800) 449-8729,Inpatient Psychiatric Facility Measures,SUB_2,Alcohol use brief intervention provided or offered,81,95,"2, 20",01/01/2024,12/31/2024
40003F,SAN JUAN VA MEDICAL CENTER,10 CALLE CASIA,SAN JUAN,PR,00921,SAN JUAN,(800) 449-8729,Inpatient Psychiatric Facility Measures,SUB_3,Alcohol and other drug use disorder treatment provided or offered at discharge,83,93,"2, 20",01/01/2024,12/31/2024
40003F,SAN JUAN VA MEDICAL CENTER,10 CALLE CASIA,SAN JUAN,PR,00921,SAN JUAN,(800) 449-8729,Inpatient Psychiatric Facility Measures,TOB_3,Tobacco Use Treatment Provided or Offered at Discharge,88,97,"2, 20",01/01/2024,12/31/2024
41005F,PROVIDENCE VA MEDICAL CENTER,830 CHALKSTONE AVENUE,PROVIDENCE,RI,02908,PROVIDENCE,(401) 457-3042,Inpatient Psychiatric Facility Measures,HBIPS-2,Hours of physical-restraint use,0,4683,20,01/01/2024,12/31/2024
41005F,PROVIDENCE VA MEDICAL CENTER,830 CHALKSTONE AVENUE,PROVIDENCE,RI,02908,PROVIDENCE,(401) 457-3042,Inpatient Psychiatric Facility Measures,HBIPS-3,Hours of seclusion,0.27,4683,20,01/01/2024,12/31/2024
41005F,PROVIDENCE VA MEDICAL CENTER,830 CHALKSTONE AVENUE,PROVIDENCE,RI,02908,PROVIDENCE,(401) 457-3042,Inpatient Psychiatric Facility Measures,SUB_2,Alcohol use brief intervention provided or offered,51,136,"2, 20",01/01/2024,12/31/2024
41005F,PROVIDENCE VA MEDICAL CENTER,830 CHALKSTONE AVENUE,PROVIDENCE,RI,02908,PROVIDENCE,(401) 457-3042,Inpatient Psychiatric Facility Measures,SUB_3,Alcohol and other drug use disorder treatment provided or offered at discharge,75,127,"2, 20",01/01/2024,12/31/2024
41005F,PROVIDENCE VA MEDICAL CENTER,830 CHALKSTONE AVENUE,PROVIDENCE,RI,02908,PROVIDENCE,(401) 457-3042,Inpatient Psychiatric Facility Measures,TOB_3,Tobacco Use Treatment Provided or Offered at Discharge,56,120,"2, 20",01/01/2024,12/31/2024
42011F,COLUMBIA SC VA MEDICAL CENTER,6439 GARNERS FERRY ROAD,COLUMBIA,SC,29209,RICHLAND,(803) 695-7980,Inpatient Psychiatric Facility Measures,HBIPS-2,Hours of physical-restraint use,0.02,5720,20,01/01/2024,12/31/2024
42011F,COLUMBIA SC VA MEDICAL CENTER,6439 GARNERS FERRY ROAD,COLUMBIA,SC,29209,RICHLAND,(803) 695-7980,Inpatient Psychiatric Facility Measures,HBIPS-3,Hours of seclusion,0.16,5720,20,01/01/2024,12/31/2024
42011F,COLUMBIA SC VA MEDICAL CENTER,6439 GARNERS FERRY ROAD,COLUMBIA,SC,29209,RICHLAND,(803) 695-7980,Inpatient Psychiatric Facility Measures,SUB_2,Alcohol use brief intervention provided or offered,72,92,"2, 20",01/01/2024,12/31/2024
42011F,COLUMBIA SC VA MEDICAL CENTER,6439 GARNERS FERRY ROAD,COLUMBIA,SC,29209,RICHLAND,(803) 695-7980,Inpatient Psychiatric Facility Measures,SUB_3,Alcohol and other drug use disorder treatment provided or offered at discharge,77,142,"2, 20",01/01/2024,12/31/2024
42011F,COLUMBIA SC VA MEDICAL CENTER,6439 GARNERS FERRY ROAD,COLUMBIA,SC,29209,RICHLAND,(803) 695-7980,Inpatient Psychiatric Facility Measures,TOB_3,Tobacco Use Treatment Provided or Offered at Discharge,87,142,"2, 20",01/01/2024,12/31/2024
42029F,CHARLESTON VA MEDICAL CENTER,109 BEE STREET,CHARLESTON,SC,29401,CHARLESTON,(843) 577-5011,Inpatient Psychiatric Facility Measures,HBIPS-2,Hours of physical-restraint use,0.07,5974,20,01/01/2024,12/31/2024
42029F,CHARLESTON VA MEDICAL CENTER,109 BEE STREET,CHARLESTON,SC,29401,CHARLESTON,(843) 577-5011,Inpatient Psychiatric Facility Measures,HBIPS-3,Hours of seclusion,1.15,5974,20,01/01/2024,12/31/2024
42029F,CHARLESTON VA MEDICAL CENTER,109 BEE STREET,CHARLESTON,SC,29401,CHARLESTON,(843) 577-5011,Inpatient Psychiatric Facility Measures,SUB_2,Alcohol use brief intervention provided or offered,58,113,"2, 20",01/01/2024,12/31/2024
42029F,CHARLESTON VA MEDICAL CENTER,109 BEE STREET,CHARLESTON,SC,29401,CHARLESTON,(843) 577-5011,Inpatient Psychiatric Facility Measures,SUB_3,Alcohol and other drug use disorder treatment provided or offered at discharge,96,96,"2, 20",01/01/2024,12/31/2024
42029F,CHARLESTON VA MEDICAL CENTER,109 BEE STREET,CHARLESTON,SC,29401,CHARLESTON,(843) 577-5011,Inpatient Psychiatric Facility Measures,TOB_3,Tobacco Use Treatment Provided or Offered at Discharge,97,112,"2, 20",01/01/2024,12/31/2024
43002F,VA BLACK HILLS HEALTHCARE SYSTEM,113 COMANCHE ROAD,FORT MEADE,SD,57741,MEADE,(605) 347-2511,Inpatient Psychiatric Facility Measures,HBIPS-2,Hours of physical-restraint use,Not Available,Not Available,5,01/01/2024,12/31/2024
43002F,VA BLACK HILLS HEALTHCARE SYSTEM,113 COMANCHE ROAD,FORT MEADE,SD,57741,MEADE,(605) 347-2511,Inpatient Psychiatric Facility Measures,HBIPS-3,Hours of seclusion,Not Available,Not Available,5,01/01/2024,12/31/2024
43002F,VA BLACK HILLS HEALTHCARE SYSTEM,113 COMANCHE ROAD,FORT MEADE,SD,57741,MEADE,(605) 347-2511,Inpatient Psychiatric Facility Measures,SUB_2,Alcohol use brief intervention provided or offered,59,63,"2, 20",01/01/2024,12/31/2024
43002F,VA BLACK HILLS HEALTHCARE SYSTEM,113 COMANCHE ROAD,FORT MEADE,SD,57741,MEADE,(605) 347-2511,Inpatient Psychiatric Facility Measures,SUB_3,Alcohol and other drug use disorder treatment provided or offered at discharge,75,40,"2, 20",01/01/2024,12/31/2024
43002F,VA BLACK HILLS HEALTHCARE SYSTEM,113 COMANCHE ROAD,FORT MEADE,SD,57741,MEADE,(605) 347-2511,Inpatient Psychiatric Facility Measures,TOB_3,Tobacco Use Treatment Provided or Offered at Discharge,72,61,"2, 20",01/01/2024,12/31/2024
43005F,SIOUX FALLS VA MEDICAL CENTER,2501 WEST 22ND STREET,SIOUX FALLS,SD,57117,MINNEHAHA,(605) 336-3230,Inpatient Psychiatric Facility Measures,HBIPS-2,Hours of physical-restraint use,0.08,1011,20,01/01/2024,12/31/2024
43005F,SIOUX FALLS VA MEDICAL CENTER,2501 WEST 22ND STREET,SIOUX FALLS,SD,57117,MINNEHAHA,(605) 336-3230,Inpatient Psychiatric Facility Measures,HBIPS-3,Hours of seclusion,0,1011,20,01/01/2024,12/31/2024
43005F,SIOUX FALLS VA MEDICAL CENTER,2501 WEST 22ND STREET,SIOUX FALLS,SD,57117,MINNEHAHA,(605) 336-3230,Inpatient Psychiatric Facility Measures,SUB_2,Alcohol use brief intervention provided or offered,91,94,"2, 20",01/01/2024,12/31/2024
43005F,SIOUX FALLS VA MEDICAL CENTER,2501 WEST 22ND STREET,SIOUX FALLS,SD,57117,MINNEHAHA,(605) 336-3230,Inpatient Psychiatric Facility Measures,SUB_3,Alcohol and other drug use disorder treatment provided or offered at discharge,89,96,"2, 20",01/01/2024,12/31/2024
43005F,SIOUX FALLS VA MEDICAL CENTER,2501 WEST 22ND STREET,SIOUX FALLS,SD,57117,MINNEHAHA,(605) 336-3230,Inpatient Psychiatric Facility Measures,TOB_3,Tobacco Use Treatment Provided or Offered at Discharge,91,101,"2, 20",01/01/2024,12/31/2024
44013F,MEMPHIS VA MEDICAL CENTER,116 N PAULINE ST,MEMPHIS,TN,38105,SHELBY,(901) 523-8990,Inpatient Psychiatric Facility Measures,HBIPS-2,Hours of physical-restraint use,0.04,4993,20,01/01/2024,12/31/2024
44013F,MEMPHIS VA MEDICAL CENTER,116 N PAULINE ST,MEMPHIS,TN,38105,SHELBY,(901) 523-8990,Inpatient Psychiatric Facility Measures,HBIPS-3,Hours of seclusion,0.15,4993,20,01/01/2024,12/31/2024
44013F,MEMPHIS VA MEDICAL CENTER,116 N PAULINE ST,MEMPHIS,TN,38105,SHELBY,(901) 523-8990,Inpatient Psychiatric Facility Measures,SUB_2,Alcohol use brief intervention provided or offered,81,85,"2, 20",01/01/2024,12/31/2024
44013F,MEMPHIS VA MEDICAL CENTER,116 N PAULINE ST,MEMPHIS,TN,38105,SHELBY,(901) 523-8990,Inpatient Psychiatric Facility Measures,SUB_3,Alcohol and other drug use disorder treatment provided or offered at discharge,76,129,"2, 20",01/01/2024,12/31/2024
44013F,MEMPHIS VA MEDICAL CENTER,116 N PAULINE ST,MEMPHIS,TN,38105,SHELBY,(901) 523-8990,Inpatient Psychiatric Facility Measures,TOB_3,Tobacco Use Treatment Provided or Offered at Discharge,62,141,"2, 20",01/01/2024,12/31/2024
44016F,MOUNTAIN HOME VA MEDICAL CENTER,CORNER OF LAMONT STREET AND VETERANS WAY,MOUNTAIN HOME,TN,37684,WASHINGTON,(423) 926-1171,Inpatient Psychiatric Facility Measures,HBIPS-2,Hours of physical-restraint use,0.76,5979,20,01/01/2024,12/31/2024
44016F,MOUNTAIN HOME VA MEDICAL CENTER,CORNER OF LAMONT STREET AND VETERANS WAY,MOUNTAIN HOME,TN,37684,WASHINGTON,(423) 926-1171,Inpatient Psychiatric Facility Measures,HBIPS-3,Hours of seclusion,1.09,5979,20,01/01/2024,12/31/2024
44016F,MOUNTAIN HOME VA MEDICAL CENTER,CORNER OF LAMONT STREET AND VETERANS WAY,MOUNTAIN HOME,TN,37684,WASHINGTON,(423) 926-1171,Inpatient Psychiatric Facility Measures,SUB_2,Alcohol use brief intervention provided or offered,94,134,"2, 20",01/01/2024,12/31/2024
44016F,MOUNTAIN HOME VA MEDICAL CENTER,CORNER OF LAMONT STREET AND VETERANS WAY,MOUNTAIN HOME,TN,37684,WASHINGTON,(423) 926-1171,Inpatient Psychiatric Facility Measures,SUB_3,Alcohol and other drug use disorder treatment provided or offered at discharge,92,154,"2, 20",01/01/2024,12/31/2024
44016F,MOUNTAIN HOME VA MEDICAL CENTER,CORNER OF LAMONT STREET AND VETERANS WAY,MOUNTAIN HOME,TN,37684,WASHINGTON,(423) 926-1171,Inpatient Psychiatric Facility Measures,TOB_3,Tobacco Use Treatment Provided or Offered at Discharge,85,167,"2, 20",01/01/2024,12/31/2024
44017F,VA MIDDLE TENNESSEE HEALTHCARE SYSTEM - MURFREESBORO,3400 LEBANON PIKE,MURFREESBORO,TN,37129,RUTHERFORD,(615) 867-6000,Inpatient Psychiatric Facility Measures,HBIPS-2,Hours of physical-restraint use,Not Available,Not Available,"5, 24",01/01/2024,12/31/2024
44017F,VA MIDDLE TENNESSEE HEALTHCARE SYSTEM - MURFREESBORO,3400 LEBANON PIKE,MURFREESBORO,TN,37129,RUTHERFORD,(615) 867-6000,Inpatient Psychiatric Facility Measures,HBIPS-3,Hours of seclusion,Not Available,Not Available,"5, 24",01/01/2024,12/31/2024
44017F,VA MIDDLE TENNESSEE HEALTHCARE SYSTEM - MURFREESBORO,3400 LEBANON PIKE,MURFREESBORO,TN,37129,RUTHERFORD,(615) 867-6000,Inpatient Psychiatric Facility Measures,SUB_2,Alcohol use brief intervention provided or offered,Not Available,Not Available,"5, 24",01/01/2024,12/31/2024
44017F,VA MIDDLE TENNESSEE HEALTHCARE SYSTEM - MURFREESBORO,3400 LEBANON PIKE,MURFREESBORO,TN,37129,RUTHERFORD,(615) 867-6000,Inpatient Psychiatric Facility Measures,SUB_3,Alcohol and other drug use disorder treatment provided or offered at discharge,Not Available,Not Available,"5, 24",01/01/2024,12/31/2024
44017F,VA MIDDLE TENNESSEE HEALTHCARE SYSTEM - MURFREESBORO,3400 LEBANON PIKE,MURFREESBORO,TN,37129,RUTHERFORD,(615) 867-6000,Inpatient Psychiatric Facility Measures,TOB_3,Tobacco Use Treatment Provided or Offered at Discharge,Not Available,Not Available,"5, 24",01/01/2024,12/31/2024
44018F,VA MIDDLE TENNESSEE HEALTHCARE SYSTEM,1310 24TH AVENUE SOUTH,NASHVILLE,TN,37212,DAVIDSON,(615) 327-5332,Inpatient Psychiatric Facility Measures,HBIPS-2,Hours of physical-restraint use,0.35,11909,20,01/01/2024,12/31/2024
44018F,VA MIDDLE TENNESSEE HEALTHCARE SYSTEM,1310 24TH AVENUE SOUTH,NASHVILLE,TN,37212,DAVIDSON,(615) 327-5332,Inpatient Psychiatric Facility Measures,HBIPS-3,Hours of seclusion,0.59,11909,20,01/01/2024,12/31/2024
44018F,VA MIDDLE TENNESSEE HEALTHCARE SYSTEM,1310 24TH AVENUE SOUTH,NASHVILLE,TN,37212,DAVIDSON,(615) 327-5332,Inpatient Psychiatric Facility Measures,SUB_2,Alcohol use brief intervention provided or offered,67,204,"2, 20",01/01/2024,12/31/2024
44018F,VA MIDDLE TENNESSEE HEALTHCARE SYSTEM,1310 24TH AVENUE SOUTH,NASHVILLE,TN,37212,DAVIDSON,(615) 327-5332,Inpatient Psychiatric Facility Measures,SUB_3,Alcohol and other drug use disorder treatment provided or offered at discharge,90,179,"2, 20",01/01/2024,12/31/2024
44018F,VA MIDDLE TENNESSEE HEALTHCARE SYSTEM,1310 24TH AVENUE SOUTH,NASHVILLE,TN,37212,DAVIDSON,(615) 327-5332,Inpatient Psychiatric Facility Measures,TOB_3,Tobacco Use Treatment Provided or Offered at Discharge,76,227,"2, 20",01/01/2024,12/31/2024
45060F,VA AMARILLO HEALTHCARE SYSTEM,6010 AMARILLO BLVD. WEST,AMARILLO,TX,79106,POTTER,(806) 355-9703,Inpatient Psychiatric Facility Measures,HBIPS-2,Hours of physical-restraint use,Not Available,Not Available,5,01/01/2024,12/31/2024
45060F,VA AMARILLO HEALTHCARE SYSTEM,6010 AMARILLO BLVD. WEST,AMARILLO,TX,79106,POTTER,(806) 355-9703,Inpatient Psychiatric Facility Measures,HBIPS-3,Hours of seclusion,Not Available,Not Available,5,01/01/2024,12/31/2024
45060F,VA AMARILLO HEALTHCARE SYSTEM,6010 AMARILLO BLVD. WEST,AMARILLO,TX,79106,POTTER,(806) 355-9703,Inpatient Psychiatric Facility Measures,SUB_2,Alcohol use brief intervention provided or offered,95,55,"2, 20",01/01/2024,12/31/2024
45060F,VA AMARILLO HEALTHCARE SYSTEM,6010 AMARILLO BLVD. WEST,AMARILLO,TX,79106,POTTER,(806) 355-9703,Inpatient Psychiatric Facility Measures,SUB_3,Alcohol and other drug use disorder treatment provided or offered at discharge,75,53,"2, 20",01/01/2024,12/31/2024
45060F,VA AMARILLO HEALTHCARE SYSTEM,6010 AMARILLO BLVD. WEST,AMARILLO,TX,79106,POTTER,(806) 355-9703,Inpatient Psychiatric Facility Measures,TOB_3,Tobacco Use Treatment Provided or Offered at Discharge,76,86,"2, 20",01/01/2024,12/31/2024
45066F,DALLAS VA MEDICAL CENTER (VA NORTH TEXAS HEALTHCARE SYSTEM),4500 S. LANCASTER ROAD,DALLAS,TX,75216,DALLAS,(214) 742-8387,Inpatient Psychiatric Facility Measures,HBIPS-2,Hours of physical-restraint use,0.01,6798,20,01/01/2024,12/31/2024
45066F,DALLAS VA MEDICAL CENTER (VA NORTH TEXAS HEALTHCARE SYSTEM),4500 S. LANCASTER ROAD,DALLAS,TX,75216,DALLAS,(214) 742-8387,Inpatient Psychiatric Facility Measures,HBIPS-3,Hours of seclusion,0.04,6798,20,01/01/2024,12/31/2024
45066F,DALLAS VA MEDICAL CENTER (VA NORTH TEXAS HEALTHCARE SYSTEM),4500 S. LANCASTER ROAD,DALLAS,TX,75216,DALLAS,(214) 742-8387,Inpatient Psychiatric Facility Measures,SUB_2,Alcohol use brief intervention provided or offered,95,75,"2, 20",01/01/2024,12/31/2024
45066F,DALLAS VA MEDICAL CENTER (VA NORTH TEXAS HEALTHCARE SYSTEM),4500 S. LANCASTER ROAD,DALLAS,TX,75216,DALLAS,(214) 742-8387,Inpatient Psychiatric Facility Measures,SUB_3,Alcohol and other drug use disorder treatment provided or offered at discharge,88,153,"2, 20",01/01/2024,12/31/2024
45066F,DALLAS VA MEDICAL CENTER (VA NORTH TEXAS HEALTHCARE SYSTEM),4500 S. LANCASTER ROAD,DALLAS,TX,75216,DALLAS,(214) 742-8387,Inpatient Psychiatric Facility Measures,TOB_3,Tobacco Use Treatment Provided or Offered at Discharge,95,212,"2, 20",01/01/2024,12/31/2024
45074F,HOUSTON VA MEDICAL CENTER,2002 HOLCOMBE BLVD.,HOUSTON,TX,77030,HARRIS,(713) 794-7100,Inpatient Psychiatric Facility Measures,HBIPS-2,Hours of physical-restraint use,0,12669,20,01/01/2024,12/31/2024
45074F,HOUSTON VA MEDICAL CENTER,2002 HOLCOMBE BLVD.,HOUSTON,TX,77030,HARRIS,(713) 794-7100,Inpatient Psychiatric Facility Measures,HBIPS-3,Hours of seclusion,0.38,12669,20,01/01/2024,12/31/2024
45074F,HOUSTON VA MEDICAL CENTER,2002 HOLCOMBE BLVD.,HOUSTON,TX,77030,HARRIS,(713) 794-7100,Inpatient Psychiatric Facility Measures,SUB_2,Alcohol use brief intervention provided or offered,74,146,"2, 20",01/01/2024,12/31/2024
45074F,HOUSTON VA MEDICAL CENTER,2002 HOLCOMBE BLVD.,HOUSTON,TX,77030,HARRIS,(713) 794-7100,Inpatient Psychiatric Facility Measures,SUB_3,Alcohol and other drug use disorder treatment provided or offered at discharge,78,158,"2, 20",01/01/2024,12/31/2024
45074F,HOUSTON VA MEDICAL CENTER,2002 HOLCOMBE BLVD.,HOUSTON,TX,77030,HARRIS,(713) 794-7100,Inpatient Psychiatric Facility Measures,TOB_3,Tobacco Use Treatment Provided or Offered at Discharge,67,204,"2, 20",01/01/2024,12/31/2024
45086F,TEMPLE VA MEDICAL CENTER (VA CENTRAL TEXAS HEALTHCARE SYSTEM),1901 VETERANS MEMORIAL DRIVE,TEMPLE,TX,76504,BELL,(254) 778-4811,Inpatient Psychiatric Facility Measures,HBIPS-2,Hours of physical-restraint use,0.16,9198,20,01/01/2024,12/31/2024
45086F,TEMPLE VA MEDICAL CENTER (VA CENTRAL TEXAS HEALTHCARE SYSTEM),1901 VETERANS MEMORIAL DRIVE,TEMPLE,TX,76504,BELL,(254) 778-4811,Inpatient Psychiatric Facility Measures,HBIPS-3,Hours of seclusion,0.09,9198,20,01/01/2024,12/31/2024
45086F,TEMPLE VA MEDICAL CENTER (VA CENTRAL TEXAS HEALTHCARE SYSTEM),1901 VETERANS MEMORIAL DRIVE,TEMPLE,TX,76504,BELL,(254) 778-4811,Inpatient Psychiatric Facility Measures,SUB_2,Alcohol use brief intervention provided or offered,84,148,"2, 20",01/01/2024,12/31/2024
45086F,TEMPLE VA MEDICAL CENTER (VA CENTRAL TEXAS HEALTHCARE SYSTEM),1901 VETERANS MEMORIAL DRIVE,TEMPLE,TX,76504,BELL,(254) 778-4811,Inpatient Psychiatric Facility Measures,SUB_3,Alcohol and other drug use disorder treatment provided or offered at discharge,87,175,"2, 20",01/01/2024,12/31/2024
45086F,TEMPLE VA MEDICAL CENTER (VA CENTRAL TEXAS HEALTHCARE SYSTEM),1901 VETERANS MEMORIAL DRIVE,TEMPLE,TX,76504,BELL,(254) 778-4811,Inpatient Psychiatric Facility Measures,TOB_3,Tobacco Use Treatment Provided or Offered at Discharge,92,165,"2, 20",01/01/2024,12/31/2024
45090F,SAN ANTONIO VA MEDICAL CENTER (VA SOUTH TEXAS HEALTHCARE SYSTEM),7400 MERTON MINTER BLVD.,SAN ANTONIO,TX,78229,BEXAR,(210) 617-5300,Inpatient Psychiatric Facility Measures,HBIPS-2,Hours of physical-restraint use,0.01,4148,20,01/01/2024,12/31/2024
45090F,SAN ANTONIO VA MEDICAL CENTER (VA SOUTH TEXAS HEALTHCARE SYSTEM),7400 MERTON MINTER BLVD.,SAN ANTONIO,TX,78229,BEXAR,(210) 617-5300,Inpatient Psychiatric Facility Measures,HBIPS-3,Hours of seclusion,0.03,4148,20,01/01/2024,12/31/2024
45090F,SAN ANTONIO VA MEDICAL CENTER (VA SOUTH TEXAS HEALTHCARE SYSTEM),7400 MERTON MINTER BLVD.,SAN ANTONIO,TX,78229,BEXAR,(210) 617-5300,Inpatient Psychiatric Facility Measures,SUB_2,Alcohol use brief intervention provided or offered,93,162,"2, 20",01/01/2024,12/31/2024
45090F,SAN ANTONIO VA MEDICAL CENTER (VA SOUTH TEXAS HEALTHCARE SYSTEM),7400 MERTON MINTER BLVD.,SAN ANTONIO,TX,78229,BEXAR,(210) 617-5300,Inpatient Psychiatric Facility Measures,SUB_3,Alcohol and other drug use disorder treatment provided or offered at discharge,80,175,"2, 20",01/01/2024,12/31/2024
45090F,SAN ANTONIO VA MEDICAL CENTER (VA SOUTH TEXAS HEALTHCARE SYSTEM),7400 MERTON MINTER BLVD.,SAN ANTONIO,TX,78229,BEXAR,(210) 617-5300,Inpatient Psychiatric Facility Measures,TOB_3,Tobacco Use Treatment Provided or Offered at Discharge,77,151,"2, 20",01/01/2024,12/31/2024
46002F,VA SALT LAKE CITY HEALTHCARE - GEORGE E. WAHLEN VA MEDICAL CENTER,500 FOOTHILL BLVD.,SALT LAKE CITY,UT,84148,SALT LAKE,(801) 584-1211,Inpatient Psychiatric Facility Measures,HBIPS-2,Hours of physical-restraint use,1.07,5772,20,01/01/2024,12/31/2024
46002F,VA SALT LAKE CITY HEALTHCARE - GEORGE E. WAHLEN VA MEDICAL CENTER,500 FOOTHILL BLVD.,SALT LAKE CITY,UT,84148,SALT LAKE,(801) 584-1211,Inpatient Psychiatric Facility Measures,HBIPS-3,Hours of seclusion,0.78,5772,20,01/01/2024,12/31/2024
46002F,VA SALT LAKE CITY HEALTHCARE - GEORGE E. WAHLEN VA MEDICAL CENTER,500 FOOTHILL BLVD.,SALT LAKE CITY,UT,84148,SALT LAKE,(801) 584-1211,Inpatient Psychiatric Facility Measures,SUB_2,Alcohol use brief intervention provided or offered,59,143,"2, 20",01/01/2024,12/31/2024
46002F,VA SALT LAKE CITY HEALTHCARE - GEORGE E. WAHLEN VA MEDICAL CENTER,500 FOOTHILL BLVD.,SALT LAKE CITY,UT,84148,SALT LAKE,(801) 584-1211,Inpatient Psychiatric Facility Measures,SUB_3,Alcohol and other drug use disorder treatment provided or offered at discharge,95,102,"2, 20",01/01/2024,12/31/2024
46002F,VA SALT LAKE CITY HEALTHCARE - GEORGE E. WAHLEN VA MEDICAL CENTER,500 FOOTHILL BLVD.,SALT LAKE CITY,UT,84148,SALT LAKE,(801) 584-1211,Inpatient Psychiatric Facility Measures,TOB_3,Tobacco Use Treatment Provided or Offered at Discharge,84,116,"2, 20",01/01/2024,12/31/2024
47001F,WHITE RIVER JCT VA MEDICAL CENTER,163 VETERANS DRIVE,WHITE RIVER JUNCTION,VT,05009,WINDSOR,(802) 295-9363,Inpatient Psychiatric Facility Measures,HBIPS-2,Hours of physical-restraint use,0,2515,20,01/01/2024,12/31/2024
47001F,WHITE RIVER JCT VA MEDICAL CENTER,163 VETERANS DRIVE,WHITE RIVER JUNCTION,VT,05009,WINDSOR,(802) 295-9363,Inpatient Psychiatric Facility Measures,HBIPS-3,Hours of seclusion,0,2515,20,01/01/2024,12/31/2024
47001F,WHITE RIVER JCT VA MEDICAL CENTER,163 VETERANS DRIVE,WHITE RIVER JUNCTION,VT,05009,WINDSOR,(802) 295-9363,Inpatient Psychiatric Facility Measures,SUB_2,Alcohol use brief intervention provided or offered,83,143,"2, 20",01/01/2024,12/31/2024
47001F,WHITE RIVER JCT VA MEDICAL CENTER,163 VETERANS DRIVE,WHITE RIVER JUNCTION,VT,05009,WINDSOR,(802) 295-9363,Inpatient Psychiatric Facility Measures,SUB_3,Alcohol and other drug use disorder treatment provided or offered at discharge,77,125,"2, 20",01/01/2024,12/31/2024
47001F,WHITE RIVER JCT VA MEDICAL CENTER,163 VETERANS DRIVE,WHITE RIVER JUNCTION,VT,05009,WINDSOR,(802) 295-9363,Inpatient Psychiatric Facility Measures,TOB_3,Tobacco Use Treatment Provided or Offered at Discharge,70,90,"2, 20",01/01/2024,12/31/2024
49006F,HAMPTON VA MEDICAL CENTER,100 EMANCIPATION DRIVE,HAMPTON,VA,23667,HAMPTON CITY,(757) 722-9961,Inpatient Psychiatric Facility Measures,HBIPS-2,Hours of physical-restraint use,0.04,6041,20,01/01/2024,12/31/2024
49006F,HAMPTON VA MEDICAL CENTER,100 EMANCIPATION DRIVE,HAMPTON,VA,23667,HAMPTON CITY,(757) 722-9961,Inpatient Psychiatric Facility Measures,HBIPS-3,Hours of seclusion,0.07,6041,20,01/01/2024,12/31/2024
49006F,HAMPTON VA MEDICAL CENTER,100 EMANCIPATION DRIVE,HAMPTON,VA,23667,HAMPTON CITY,(757) 722-9961,Inpatient Psychiatric Facility Measures,SUB_2,Alcohol use brief intervention provided or offered,75,155,"2, 20",01/01/2024,12/31/2024
49006F,HAMPTON VA MEDICAL CENTER,100 EMANCIPATION DRIVE,HAMPTON,VA,23667,HAMPTON CITY,(757) 722-9961,Inpatient Psychiatric Facility Measures,SUB_3,Alcohol and other drug use disorder treatment provided or offered at discharge,76,249,"2, 20",01/01/2024,12/31/2024
49006F,HAMPTON VA MEDICAL CENTER,100 EMANCIPATION DRIVE,HAMPTON,VA,23667,HAMPTON CITY,(757) 722-9961,Inpatient Psychiatric Facility Measures,TOB_3,Tobacco Use Treatment Provided or Offered at Discharge,54,183,"2, 20",01/01/2024,12/31/2024
49010F,RICHMOND VA MEDICAL CENTER,1201 BROAD ROCK BOULEVARD,RICHMOND,VA,23249,RICHMOND CITY,(804) 675-5000,Inpatient Psychiatric Facility Measures,HBIPS-2,Hours of physical-restraint use,0.23,4419,20,01/01/2024,12/31/2024
49010F,RICHMOND VA MEDICAL CENTER,1201 BROAD ROCK BOULEVARD,RICHMOND,VA,23249,RICHMOND CITY,(804) 675-5000,Inpatient Psychiatric Facility Measures,HBIPS-3,Hours of seclusion,0.25,4419,20,01/01/2024,12/31/2024
49010F,RICHMOND VA MEDICAL CENTER,1201 BROAD ROCK BOULEVARD,RICHMOND,VA,23249,RICHMOND CITY,(804) 675-5000,Inpatient Psychiatric Facility Measures,SUB_2,Alcohol use brief intervention provided or offered,67,73,"2, 20",01/01/2024,12/31/2024
49010F,RICHMOND VA MEDICAL CENTER,1201 BROAD ROCK BOULEVARD,RICHMOND,VA,23249,RICHMOND CITY,(804) 675-5000,Inpatient Psychiatric Facility Measures,SUB_3,Alcohol and other drug use disorder treatment provided or offered at discharge,77,88,"2, 20",01/01/2024,12/31/2024
49010F,RICHMOND VA MEDICAL CENTER,1201 BROAD ROCK BOULEVARD,RICHMOND,VA,23249,RICHMOND CITY,(804) 675-5000,Inpatient Psychiatric Facility Measures,TOB_3,Tobacco Use Treatment Provided or Offered at Discharge,94,112,"2, 20",01/01/2024,12/31/2024
49011F,SALEM VA MEDICAL CENTER,1970 ROANOKE BOULEVARD,SALEM,VA,24153,SALEM CITY,(540) 982-2463,Inpatient Psychiatric Facility Measures,HBIPS-2,Hours of physical-restraint use,0.19,5526,20,01/01/2024,12/31/2024
49011F,SALEM VA MEDICAL CENTER,1970 ROANOKE BOULEVARD,SALEM,VA,24153,SALEM CITY,(540) 982-2463,Inpatient Psychiatric Facility Measures,HBIPS-3,Hours of seclusion,0.06,5526,20,01/01/2024,12/31/2024
49011F,SALEM VA MEDICAL CENTER,1970 ROANOKE BOULEVARD,SALEM,VA,24153,SALEM CITY,(540) 982-2463,Inpatient Psychiatric Facility Measures,SUB_2,Alcohol use brief intervention provided or offered,82,114,"2, 20",01/01/2024,12/31/2024
49011F,SALEM VA MEDICAL CENTER,1970 ROANOKE BOULEVARD,SALEM,VA,24153,SALEM CITY,(540) 982-2463,Inpatient Psychiatric Facility Measures,SUB_3,Alcohol and other drug use disorder treatment provided or offered at discharge,97,90,"2, 20",01/01/2024,12/31/2024
49011F,SALEM VA MEDICAL CENTER,1970 ROANOKE BOULEVARD,SALEM,VA,24153,SALEM CITY,(540) 982-2463,Inpatient Psychiatric Facility Measures,TOB_3,Tobacco Use Treatment Provided or Offered at Discharge,75,97,"2, 20",01/01/2024,12/31/2024
50011F,SPOKANE VA MEDICAL CENTER,4815 N. ASSEMBLY STREET,SPOKANE,WA,99205,SPOKANE,(509) 434-7000,Inpatient Psychiatric Facility Measures,HBIPS-2,Hours of physical-restraint use,0,2196,20,01/01/2024,12/31/2024
50011F,SPOKANE VA MEDICAL CENTER,4815 N. ASSEMBLY STREET,SPOKANE,WA,99205,SPOKANE,(509) 434-7000,Inpatient Psychiatric Facility Measures,HBIPS-3,Hours of seclusion,0,2196,20,01/01/2024,12/31/2024
50011F,SPOKANE VA MEDICAL CENTER,4815 N. ASSEMBLY STREET,SPOKANE,WA,99205,SPOKANE,(509) 434-7000,Inpatient Psychiatric Facility Measures,SUB_2,Alcohol use brief intervention provided or offered,96,109,"2, 20",01/01/2024,12/31/2024
50011F,SPOKANE VA MEDICAL CENTER,4815 N. ASSEMBLY STREET,SPOKANE,WA,99205,SPOKANE,(509) 434-7000,Inpatient Psychiatric Facility Measures,SUB_3,Alcohol and other drug use disorder treatment provided or offered at discharge,87,85,"2, 20",01/01/2024,12/31/2024
50011F,SPOKANE VA MEDICAL CENTER,4815 N. ASSEMBLY STREET,SPOKANE,WA,99205,SPOKANE,(509) 434-7000,Inpatient Psychiatric Facility Measures,TOB_3,Tobacco Use Treatment Provided or Offered at Discharge,77,127,"2, 20",01/01/2024,12/31/2024
50030F,SEATTLE VA MEDICAL CENTER (VA PUGET SOUND HEALTHCARE SYSTEM),1660 S. COLUMBIAN WAY,SEATTLE,WA,98108,KING,(206) 764-2299,Inpatient Psychiatric Facility Measures,HBIPS-2,Hours of physical-restraint use,0.5,4579,20,01/01/2024,12/31/2024
50030F,SEATTLE VA MEDICAL CENTER (VA PUGET SOUND HEALTHCARE SYSTEM),1660 S. COLUMBIAN WAY,SEATTLE,WA,98108,KING,(206) 764-2299,Inpatient Psychiatric Facility Measures,HBIPS-3,Hours of seclusion,5.2,4579,20,01/01/2024,12/31/2024
50030F,SEATTLE VA MEDICAL CENTER (VA PUGET SOUND HEALTHCARE SYSTEM),1660 S. COLUMBIAN WAY,SEATTLE,WA,98108,KING,(206) 764-2299,Inpatient Psychiatric Facility Measures,SUB_2,Alcohol use brief intervention provided or offered,55,119,"2, 20",01/01/2024,12/31/2024
50030F,SEATTLE VA MEDICAL CENTER (VA PUGET SOUND HEALTHCARE SYSTEM),1660 S. COLUMBIAN WAY,SEATTLE,WA,98108,KING,(206) 764-2299,Inpatient Psychiatric Facility Measures,SUB_3,Alcohol and other drug use disorder treatment provided or offered at discharge,66,110,"2, 20",01/01/2024,12/31/2024
50030F,SEATTLE VA MEDICAL CENTER (VA PUGET SOUND HEALTHCARE SYSTEM),1660 S. COLUMBIAN WAY,SEATTLE,WA,98108,KING,(206) 764-2299,Inpatient Psychiatric Facility Measures,TOB_3,Tobacco Use Treatment Provided or Offered at Discharge,66,97,"2, 20",01/01/2024,12/31/2024
51002F,BECKLEY VA MEDICAL CENTER,200 VETERANS AVENUE,BECKLEY,WV,25801,RALEIGH,(304) 255-2121,Inpatient Psychiatric Facility Measures,HBIPS-2,Hours of physical-restraint use,Not Available,Not Available,5,01/01/2024,12/31/2024
51002F,BECKLEY VA MEDICAL CENTER,200 VETERANS AVENUE,BECKLEY,WV,25801,RALEIGH,(304) 255-2121,Inpatient Psychiatric Facility Measures,HBIPS-3,Hours of seclusion,Not Available,Not Available,5,01/01/2024,12/31/2024
51002F,BECKLEY VA MEDICAL CENTER,200 VETERANS AVENUE,BECKLEY,WV,25801,RALEIGH,(304) 255-2121,Inpatient Psychiatric Facility Measures,SUB_2,Alcohol use brief intervention provided or offered,95,38,"2, 20",01/01/2024,12/31/2024
51002F,BECKLEY VA MEDICAL CENTER,200 VETERANS AVENUE,BECKLEY,WV,25801,RALEIGH,(304) 255-2121,Inpatient Psychiatric Facility Measures,SUB_3,Alcohol and other drug use disorder treatment provided or offered at discharge,71,48,"2, 20",01/01/2024,12/31/2024
51002F,BECKLEY VA MEDICAL CENTER,200 VETERANS AVENUE,BECKLEY,WV,25801,RALEIGH,(304) 255-2121,Inpatient Psychiatric Facility Measures,TOB_3,Tobacco Use Treatment Provided or Offered at Discharge,77,91,"2, 20",01/01/2024,12/31/2024
51003F,CLARKSBURG VA MEDICAL CENTER,1 MEDICAL CENTER DRIVE,CLARKSBURG,WV,26301,HARRISON,(304) 623-3461,Inpatient Psychiatric Facility Measures,HBIPS-2,Hours of physical-restraint use,0.07,1268,20,01/01/2024,12/31/2024
51003F,CLARKSBURG VA MEDICAL CENTER,1 MEDICAL CENTER DRIVE,CLARKSBURG,WV,26301,HARRISON,(304) 623-3461,Inpatient Psychiatric Facility Measures,HBIPS-3,Hours of seclusion,0,1268,20,01/01/2024,12/31/2024
51003F,CLARKSBURG VA MEDICAL CENTER,1 MEDICAL CENTER DRIVE,CLARKSBURG,WV,26301,HARRISON,(304) 623-3461,Inpatient Psychiatric Facility Measures,SUB_2,Alcohol use brief intervention provided or offered,37,103,"2, 20",01/01/2024,12/31/2024
51003F,CLARKSBURG VA MEDICAL CENTER,1 MEDICAL CENTER DRIVE,CLARKSBURG,WV,26301,HARRISON,(304) 623-3461,Inpatient Psychiatric Facility Measures,SUB_3,Alcohol and other drug use disorder treatment provided or offered at discharge,72,83,"2, 20",01/01/2024,12/31/2024
51003F,CLARKSBURG VA MEDICAL CENTER,1 MEDICAL CENTER DRIVE,CLARKSBURG,WV,26301,HARRISON,(304) 623-3461,Inpatient Psychiatric Facility Measures,TOB_3,Tobacco Use Treatment Provided or Offered at Discharge,41,103,"2, 20",01/01/2024,12/31/2024
51004F,HUNTINGTON VA MEDICAL CENTER,1540 SPRING VALLEY ROAD,HUNTINGTON,WV,25704,WAYNE,(304) 429-0241,Inpatient Psychiatric Facility Measures,HBIPS-2,Hours of physical-restraint use,Not Available,Not Available,5,01/01/2024,12/31/2024
51004F,HUNTINGTON VA MEDICAL CENTER,1540 SPRING VALLEY ROAD,HUNTINGTON,WV,25704,WAYNE,(304) 429-0241,Inpatient Psychiatric Facility Measures,HBIPS-3,Hours of seclusion,Not Available,Not Available,5,01/01/2024,12/31/2024
51004F,HUNTINGTON VA MEDICAL CENTER,1540 SPRING VALLEY ROAD,HUNTINGTON,WV,25704,WAYNE,(304) 429-0241,Inpatient Psychiatric Facility Measures,SUB_2,Alcohol use brief intervention provided or offered,86,58,"2, 20",01/01/2024,12/31/2024
51004F,HUNTINGTON VA MEDICAL CENTER,1540 SPRING VALLEY ROAD,HUNTINGTON,WV,25704,WAYNE,(304) 429-0241,Inpatient Psychiatric Facility Measures,SUB_3,Alcohol and other drug use disorder treatment provided or offered at discharge,85,41,"2, 20",01/01/2024,12/31/2024
51004F,HUNTINGTON VA MEDICAL CENTER,1540 SPRING VALLEY ROAD,HUNTINGTON,WV,25704,WAYNE,(304) 429-0241,Inpatient Psychiatric Facility Measures,TOB_3,Tobacco Use Treatment Provided or Offered at Discharge,86,101,"2, 20",01/01/2024,12/31/2024
51005F,MARTINSBURG VA MEDICAL CENTER,510 BUTLER AVE.,MARTINSBURG,WV,25405,BERKELEY,(304) 263-0811,Inpatient Psychiatric Facility Measures,HBIPS-2,Hours of physical-restraint use,0,3487,20,01/01/2024,12/31/2024
51005F,MARTINSBURG VA MEDICAL CENTER,510 BUTLER AVE.,MARTINSBURG,WV,25405,BERKELEY,(304) 263-0811,Inpatient Psychiatric Facility Measures,HBIPS-3,Hours of seclusion,0.1,3487,20,01/01/2024,12/31/2024
51005F,MARTINSBURG VA MEDICAL CENTER,510 BUTLER AVE.,MARTINSBURG,WV,25405,BERKELEY,(304) 263-0811,Inpatient Psychiatric Facility Measures,SUB_2,Alcohol use brief intervention provided or offered,93,121,"2, 20",01/01/2024,12/31/2024
51005F,MARTINSBURG VA MEDICAL CENTER,510 BUTLER AVE.,MARTINSBURG,WV,25405,BERKELEY,(304) 263-0811,Inpatient Psychiatric Facility Measures,SUB_3,Alcohol and other drug use disorder treatment provided or offered at discharge,85,150,"2, 20",01/01/2024,12/31/2024
51005F,MARTINSBURG VA MEDICAL CENTER,510 BUTLER AVE.,MARTINSBURG,WV,25405,BERKELEY,(304) 263-0811,Inpatient Psychiatric Facility Measures,TOB_3,Tobacco Use Treatment Provided or Offered at Discharge,71,150,"2, 20",01/01/2024,12/31/2024
52002F,TOMAH VA MEDICAL CENTER,500 EAST VETERANS STREET,TOMAH,WI,54660,MONROE,(608) 372-3971,Inpatient Psychiatric Facility Measures,HBIPS-2,Hours of physical-restraint use,0,659,20,01/01/2024,12/31/2024
52002F,TOMAH VA MEDICAL CENTER,500 EAST VETERANS STREET,TOMAH,WI,54660,MONROE,(608) 372-3971,Inpatient Psychiatric Facility Measures,HBIPS-3,Hours of seclusion,0,659,20,01/01/2024,12/31/2024
52002F,TOMAH VA MEDICAL CENTER,500 EAST VETERANS STREET,TOMAH,WI,54660,MONROE,(608) 372-3971,Inpatient Psychiatric Facility Measures,SUB_2,Alcohol use brief intervention provided or offered,88,66,"2, 20",01/01/2024,12/31/2024
52002F,TOMAH VA MEDICAL CENTER,500 EAST VETERANS STREET,TOMAH,WI,54660,MONROE,(608) 372-3971,Inpatient Psychiatric Facility Measures,SUB_3,Alcohol and other drug use disorder treatment provided or offered at discharge,87,86,"2, 20",01/01/2024,12/31/2024
52002F,TOMAH VA MEDICAL CENTER,500 EAST VETERANS STREET,TOMAH,WI,54660,MONROE,(608) 372-3971,Inpatient Psychiatric Facility Measures,TOB_3,Tobacco Use Treatment Provided or Offered at Discharge,85,75,"2, 20",01/01/2024,12/31/2024
52003F,MILWAUKEE VA MEDICAL CENTER,5000 W. NATIONAL AVENUE,MILWAUKEE,WI,53295,MILWAUKEE,(414) 384-2000,Inpatient Psychiatric Facility Measures,HBIPS-2,Hours of physical-restraint use,0.04,6418,20,01/01/2024,12/31/2024
52003F,MILWAUKEE VA MEDICAL CENTER,5000 W. NATIONAL AVENUE,MILWAUKEE,WI,53295,MILWAUKEE,(414) 384-2000,Inpatient Psychiatric Facility Measures,HBIPS-3,Hours of seclusion,0.02,6418,20,01/01/2024,12/31/2024
52003F,MILWAUKEE VA MEDICAL CENTER,5000 W. NATIONAL AVENUE,MILWAUKEE,WI,53295,MILWAUKEE,(414) 384-2000,Inpatient Psychiatric Facility Measures,SUB_2,Alcohol use brief intervention provided or offered,70,186,"2, 20",01/01/2024,12/31/2024
52003F,MILWAUKEE VA MEDICAL CENTER,5000 W. NATIONAL AVENUE,MILWAUKEE,WI,53295,MILWAUKEE,(414) 384-2000,Inpatient Psychiatric Facility Measures,SUB_3,Alcohol and other drug use disorder treatment provided or offered at discharge,75,187,"2, 20",01/01/2024,12/31/2024
52003F,MILWAUKEE VA MEDICAL CENTER,5000 W. NATIONAL AVENUE,MILWAUKEE,WI,53295,MILWAUKEE,(414) 384-2000,Inpatient Psychiatric Facility Measures,TOB_3,Tobacco Use Treatment Provided or Offered at Discharge,51,173,"2, 20",01/01/2024,12/31/2024
52004F,MADISON VA MEDICAL CENTER,2500 OVERLOOK TERRACE,MADISON,WI,53705,DANE,(608) 256-1901,Inpatient Psychiatric Facility Measures,HBIPS-2,Hours of physical-restraint use,0,2678,20,01/01/2024,12/31/2024
52004F,MADISON VA MEDICAL CENTER,2500 OVERLOOK TERRACE,MADISON,WI,53705,DANE,(608) 256-1901,Inpatient Psychiatric Facility Measures,HBIPS-3,Hours of seclusion,0,2678,20,01/01/2024,12/31/2024
52004F,MADISON VA MEDICAL CENTER,2500 OVERLOOK TERRACE,MADISON,WI,53705,DANE,(608) 256-1901,Inpatient Psychiatric Facility Measures,SUB_2,Alcohol use brief intervention provided or offered,73,114,"2, 20",01/01/2024,12/31/2024
52004F,MADISON VA MEDICAL CENTER,2500 OVERLOOK TERRACE,MADISON,WI,53705,DANE,(608) 256-1901,Inpatient Psychiatric Facility Measures,SUB_3,Alcohol and other drug use disorder treatment provided or offered at discharge,86,81,"2, 20",01/01/2024,12/31/2024
52004F,MADISON VA MEDICAL CENTER,2500 OVERLOOK TERRACE,MADISON,WI,53705,DANE,(608) 256-1901,Inpatient Psychiatric Facility Measures,TOB_3,Tobacco Use Treatment Provided or Offered at Discharge,57,115,"2, 20",01/01/2024,12/31/2024
53004F,CHEYENNE VA MEDICAL CENTER,2360 E. PERSHING BLVD.,CHEYENNE,WY,82001,LARAMIE,(307) 778-7300,Inpatient Psychiatric Facility Measures,HBIPS-2,Hours of physical-restraint use,Not Available,Not Available,5,01/01/2024,12/31/2024
53004F,CHEYENNE VA MEDICAL CENTER,2360 E. PERSHING BLVD.,CHEYENNE,WY,82001,LARAMIE,(307) 778-7300,Inpatient Psychiatric Facility Measures,HBIPS-3,Hours of seclusion,Not Available,Not Available,5,01/01/2024,12/31/2024
53004F,CHEYENNE VA MEDICAL CENTER,2360 E. PERSHING BLVD.,CHEYENNE,WY,82001,LARAMIE,(307) 778-7300,Inpatient Psychiatric Facility Measures,SUB_2,Alcohol use brief intervention provided or offered,82,94,"2, 20",01/01/2024,12/31/2024
53004F,CHEYENNE VA MEDICAL CENTER,2360 E. PERSHING BLVD.,CHEYENNE,WY,82001,LARAMIE,(307) 778-7300,Inpatient Psychiatric Facility Measures,SUB_3,Alcohol and other drug use disorder treatment provided or offered at discharge,79,75,"2, 20",01/01/2024,12/31/2024
53004F,CHEYENNE VA MEDICAL CENTER,2360 E. PERSHING BLVD.,CHEYENNE,WY,82001,LARAMIE,(307) 778-7300,Inpatient Psychiatric Facility Measures,TOB_3,Tobacco Use Treatment Provided or Offered at Discharge,83,88,"2, 20",01/01/2024,12/31/2024
53005F,SHERIDAN VA MEDICAL CENTER,1898 FORT ROAD,SHERIDAN,WY,82801,SHERIDAN,(307) 672-1675,Inpatient Psychiatric Facility Measures,HBIPS-2,Hours of physical-restraint use,0.18,2250,20,01/01/2024,12/31/2024
53005F,SHERIDAN VA MEDICAL CENTER,1898 FORT ROAD,SHERIDAN,WY,82801,SHERIDAN,(307) 672-1675,Inpatient Psychiatric Facility Measures,HBIPS-3,Hours of seclusion,2.89,2250,20,01/01/2024,12/31/2024
53005F,SHERIDAN VA MEDICAL CENTER,1898 FORT ROAD,SHERIDAN,WY,82801,SHERIDAN,(307) 672-1675,Inpatient Psychiatric Facility Measures,SUB_2,Alcohol use brief intervention provided or offered,71,203,"2, 20",01/01/2024,12/31/2024
53005F,SHERIDAN VA MEDICAL CENTER,1898 FORT ROAD,SHERIDAN,WY,82801,SHERIDAN,(307) 672-1675,Inpatient Psychiatric Facility Measures,SUB_3,Alcohol and other drug use disorder treatment provided or offered at discharge,80,221,"2, 20",01/01/2024,12/31/2024
53005F,SHERIDAN VA MEDICAL CENTER,1898 FORT ROAD,SHERIDAN,WY,82801,SHERIDAN,(307) 672-1675,Inpatient Psychiatric Facility Measures,TOB_3,Tobacco Use Treatment Provided or Offered at Discharge,70,161,"2, 20",01/01/2024,12/31/2024
