state,measure_id,measure_name,number_of_hospitals_worse,number_of_hospitals_same,number_of_hospitals_better,number_of_hospitals_too_few,footnote,start_date,end_date
AK,COMP_HIP_KNEE,Rate of complications for hip/knee replacement patients,Not Available,Not Available,Not Available,Not Available,,04/01/2023,03/31/2025
AK,Hybrid_HWM,Hybrid Hospital-Wide All-Cause Risk Standardized Mortality Rate,Not Available,Not Available,Not Available,Not Available,,07/01/2024,06/30/2025
AK,MORT_30_AMI,Death rate for heart attack patients,Not Available,Not Available,Not Available,Not Available,,07/01/2022,06/30/2025
AK,MORT_30_CABG,Death rate for CABG surgery patients,Not Available,Not Available,Not Available,Not Available,,07/01/2022,06/30/2025
AK,MORT_30_COPD,Death rate for COPD patients,Not Available,Not Available,Not Available,Not Available,,07/01/2022,06/30/2025
AK,MORT_30_HF,Death rate for heart failure patients,Not Available,Not Available,Not Available,Not Available,,07/01/2022,06/30/2025
AK,MORT_30_PN,Death rate for pneumonia patients,Not Available,Not Available,Not Available,Not Available,,07/01/2022,06/30/2025
AK,MORT_30_STK,Death rate for stroke patients,Not Available,Not Available,Not Available,Not Available,,07/01/2023,06/30/2025
AK,PSI_03,Pressure ulcer rate,2,6,0,0,,07/01/2022,06/30/2024
AK,PSI_04,Death rate among surgical inpatients with serious treatable complications,1,4,0,2,,07/01/2022,06/30/2024
AK,PSI_06,Iatrogenic pneumothorax rate,1,7,0,0,,07/01/2022,06/30/2024
AK,PSI_08,In-hospital fall-associated fracture rate,0,8,0,0,,07/01/2022,06/30/2024
AK,PSI_09,Postoperative hemorrhage or hematoma rate,0,7,0,0,,07/01/2022,06/30/2024
AK,PSI_10,Postoperative acute kidney injury requiring dialysis rate,0,6,0,0,,07/01/2022,06/30/2024
AK,PSI_11,Postoperative respiratory failure rate,0,6,0,0,,07/01/2022,06/30/2024
AK,PSI_12,Perioperative pulmonary embolism or deep vein thrombosis rate,0,7,0,0,,07/01/2022,06/30/2024
AK,PSI_13,Postoperative sepsis rate,0,6,0,0,,07/01/2022,06/30/2024
AK,PSI_14,Postoperative wound dehiscence rate,0,7,0,0,,07/01/2022,06/30/2024
AK,PSI_15,Abdominopelvic accidental puncture or laceration rate,1,6,0,0,,07/01/2022,06/30/2024
AK,PSI_90,CMS Medicare PSI 90: Patient safety and adverse events composite,2,5,0,Not Available,,07/01/2022,06/30/2024
AL,COMP_HIP_KNEE,Rate of complications for hip/knee replacement patients,Not Available,Not Available,Not Available,Not Available,,04/01/2023,03/31/2025
AL,Hybrid_HWM,Hybrid Hospital-Wide All-Cause Risk Standardized Mortality Rate,Not Available,Not Available,Not Available,Not Available,,07/01/2024,06/30/2025
AL,MORT_30_AMI,Death rate for heart attack patients,Not Available,Not Available,Not Available,Not Available,,07/01/2022,06/30/2025
AL,MORT_30_CABG,Death rate for CABG surgery patients,Not Available,Not Available,Not Available,Not Available,,07/01/2022,06/30/2025
AL,MORT_30_COPD,Death rate for COPD patients,Not Available,Not Available,Not Available,Not Available,,07/01/2022,06/30/2025
AL,MORT_30_HF,Death rate for heart failure patients,Not Available,Not Available,Not Available,Not Available,,07/01/2022,06/30/2025
AL,MORT_30_PN,Death rate for pneumonia patients,Not Available,Not Available,Not Available,Not Available,,07/01/2022,06/30/2025
AL,MORT_30_STK,Death rate for stroke patients,Not Available,Not Available,Not Available,Not Available,,07/01/2023,06/30/2025
AL,PSI_03,Pressure ulcer rate,3,77,0,3,,07/01/2022,06/30/2024
AL,PSI_04,Death rate among surgical inpatients with serious treatable complications,3,24,1,18,,07/01/2022,06/30/2024
AL,PSI_06,Iatrogenic pneumothorax rate,0,82,0,1,,07/01/2022,06/30/2024
AL,PSI_08,In-hospital fall-associated fracture rate,0,82,0,1,,07/01/2022,06/30/2024
AL,PSI_09,Postoperative hemorrhage or hematoma rate,0,54,0,13,,07/01/2022,06/30/2024
AL,PSI_10,Postoperative acute kidney injury requiring dialysis rate,1,36,0,16,,07/01/2022,06/30/2024
AL,PSI_11,Postoperative respiratory failure rate,3,35,0,14,,07/01/2022,06/30/2024
AL,PSI_12,Perioperative pulmonary embolism or deep vein thrombosis rate,5,50,0,14,,07/01/2022,06/30/2024
AL,PSI_13,Postoperative sepsis rate,3,33,0,14,,07/01/2022,06/30/2024
AL,PSI_14,Postoperative wound dehiscence rate,0,41,0,18,,07/01/2022,06/30/2024
AL,PSI_15,Abdominopelvic accidental puncture or laceration rate,1,53,0,12,,07/01/2022,06/30/2024
AL,PSI_90,CMS Medicare PSI 90: Patient safety and adverse events composite,4,57,1,Not Available,,07/01/2022,06/30/2024
AR,COMP_HIP_KNEE,Rate of complications for hip/knee replacement patients,Not Available,Not Available,Not Available,Not Available,,04/01/2023,03/31/2025
AR,Hybrid_HWM,Hybrid Hospital-Wide All-Cause Risk Standardized Mortality Rate,Not Available,Not Available,Not Available,Not Available,,07/01/2024,06/30/2025
AR,MORT_30_AMI,Death rate for heart attack patients,Not Available,Not Available,Not Available,Not Available,,07/01/2022,06/30/2025
AR,MORT_30_CABG,Death rate for CABG surgery patients,Not Available,Not Available,Not Available,Not Available,,07/01/2022,06/30/2025
AR,MORT_30_COPD,Death rate for COPD patients,Not Available,Not Available,Not Available,Not Available,,07/01/2022,06/30/2025
AR,MORT_30_HF,Death rate for heart failure patients,Not Available,Not Available,Not Available,Not Available,,07/01/2022,06/30/2025
AR,MORT_30_PN,Death rate for pneumonia patients,Not Available,Not Available,Not Available,Not Available,,07/01/2022,06/30/2025
AR,MORT_30_STK,Death rate for stroke patients,Not Available,Not Available,Not Available,Not Available,,07/01/2023,06/30/2025
AR,PSI_03,Pressure ulcer rate,3,41,1,3,,07/01/2022,06/30/2024
AR,PSI_04,Death rate among surgical inpatients with serious treatable complications,1,20,0,9,,07/01/2022,06/30/2024
AR,PSI_06,Iatrogenic pneumothorax rate,0,47,0,1,,07/01/2022,06/30/2024
AR,PSI_08,In-hospital fall-associated fracture rate,0,47,0,1,,07/01/2022,06/30/2024
AR,PSI_09,Postoperative hemorrhage or hematoma rate,1,34,0,6,,07/01/2022,06/30/2024
AR,PSI_10,Postoperative acute kidney injury requiring dialysis rate,0,31,0,7,,07/01/2022,06/30/2024
AR,PSI_11,Postoperative respiratory failure rate,3,28,0,7,,07/01/2022,06/30/2024
AR,PSI_12,Perioperative pulmonary embolism or deep vein thrombosis rate,0,35,0,6,,07/01/2022,06/30/2024
AR,PSI_13,Postoperative sepsis rate,0,30,0,5,,07/01/2022,06/30/2024
AR,PSI_14,Postoperative wound dehiscence rate,0,31,0,7,,07/01/2022,06/30/2024
AR,PSI_15,Abdominopelvic accidental puncture or laceration rate,1,35,0,5,,07/01/2022,06/30/2024
AR,PSI_90,CMS Medicare PSI 90: Patient safety and adverse events composite,2,37,1,Not Available,,07/01/2022,06/30/2024
AS,COMP_HIP_KNEE,Rate of complications for hip/knee replacement patients,Not Available,Not Available,Not Available,Not Available,5,04/01/2023,03/31/2025
AS,Hybrid_HWM,Hybrid Hospital-Wide All-Cause Risk Standardized Mortality Rate,Not Available,Not Available,Not Available,Not Available,5,07/01/2024,06/30/2025
AS,MORT_30_AMI,Death rate for heart attack patients,Not Available,Not Available,Not Available,Not Available,5,07/01/2022,06/30/2025
AS,MORT_30_CABG,Death rate for CABG surgery patients,Not Available,Not Available,Not Available,Not Available,5,07/01/2022,06/30/2025
AS,MORT_30_COPD,Death rate for COPD patients,Not Available,Not Available,Not Available,Not Available,5,07/01/2022,06/30/2025
AS,MORT_30_HF,Death rate for heart failure patients,Not Available,Not Available,Not Available,Not Available,5,07/01/2022,06/30/2025
AS,MORT_30_PN,Death rate for pneumonia patients,Not Available,Not Available,Not Available,Not Available,5,07/01/2022,06/30/2025
AS,MORT_30_STK,Death rate for stroke patients,Not Available,Not Available,Not Available,Not Available,5,07/01/2023,06/30/2025
AS,PSI_03,Pressure ulcer rate,Not Available,Not Available,Not Available,Not Available,5,07/01/2022,06/30/2024
AS,PSI_04,Death rate among surgical inpatients with serious treatable complications,Not Available,Not Available,Not Available,Not Available,5,07/01/2022,06/30/2024
AS,PSI_06,Iatrogenic pneumothorax rate,Not Available,Not Available,Not Available,Not Available,5,07/01/2022,06/30/2024
AS,PSI_08,In-hospital fall-associated fracture rate,Not Available,Not Available,Not Available,Not Available,5,07/01/2022,06/30/2024
AS,PSI_09,Postoperative hemorrhage or hematoma rate,Not Available,Not Available,Not Available,Not Available,5,07/01/2022,06/30/2024
AS,PSI_10,Postoperative acute kidney injury requiring dialysis rate,Not Available,Not Available,Not Available,Not Available,5,07/01/2022,06/30/2024
AS,PSI_11,Postoperative respiratory failure rate,Not Available,Not Available,Not Available,Not Available,5,07/01/2022,06/30/2024
AS,PSI_12,Perioperative pulmonary embolism or deep vein thrombosis rate,Not Available,Not Available,Not Available,Not Available,5,07/01/2022,06/30/2024
AS,PSI_13,Postoperative sepsis rate,Not Available,Not Available,Not Available,Not Available,5,07/01/2022,06/30/2024
AS,PSI_14,Postoperative wound dehiscence rate,Not Available,Not Available,Not Available,Not Available,5,07/01/2022,06/30/2024
AS,PSI_15,Abdominopelvic accidental puncture or laceration rate,Not Available,Not Available,Not Available,Not Available,5,07/01/2022,06/30/2024
AS,PSI_90,CMS Medicare PSI 90: Patient safety and adverse events composite,Not Available,Not Available,Not Available,Not Available,5,07/01/2022,06/30/2024
AZ,COMP_HIP_KNEE,Rate of complications for hip/knee replacement patients,Not Available,Not Available,Not Available,Not Available,,04/01/2023,03/31/2025
AZ,Hybrid_HWM,Hybrid Hospital-Wide All-Cause Risk Standardized Mortality Rate,Not Available,Not Available,Not Available,Not Available,,07/01/2024,06/30/2025
AZ,MORT_30_AMI,Death rate for heart attack patients,Not Available,Not Available,Not Available,Not Available,,07/01/2022,06/30/2025
AZ,MORT_30_CABG,Death rate for CABG surgery patients,Not Available,Not Available,Not Available,Not Available,,07/01/2022,06/30/2025
AZ,MORT_30_COPD,Death rate for COPD patients,Not Available,Not Available,Not Available,Not Available,,07/01/2022,06/30/2025
AZ,MORT_30_HF,Death rate for heart failure patients,Not Available,Not Available,Not Available,Not Available,,07/01/2022,06/30/2025
AZ,MORT_30_PN,Death rate for pneumonia patients,Not Available,Not Available,Not Available,Not Available,,07/01/2022,06/30/2025
AZ,MORT_30_STK,Death rate for stroke patients,Not Available,Not Available,Not Available,Not Available,,07/01/2023,06/30/2025
AZ,PSI_03,Pressure ulcer rate,4,60,1,4,,07/01/2022,06/30/2024
AZ,PSI_04,Death rate among surgical inpatients with serious treatable complications,1,33,1,18,,07/01/2022,06/30/2024
AZ,PSI_06,Iatrogenic pneumothorax rate,1,67,0,1,,07/01/2022,06/30/2024
AZ,PSI_08,In-hospital fall-associated fracture rate,0,68,0,1,,07/01/2022,06/30/2024
AZ,PSI_09,Postoperative hemorrhage or hematoma rate,1,57,0,3,,07/01/2022,06/30/2024
AZ,PSI_10,Postoperative acute kidney injury requiring dialysis rate,3,48,0,5,,07/01/2022,06/30/2024
AZ,PSI_11,Postoperative respiratory failure rate,5,45,0,6,,07/01/2022,06/30/2024
AZ,PSI_12,Perioperative pulmonary embolism or deep vein thrombosis rate,3,55,0,3,,07/01/2022,06/30/2024
AZ,PSI_13,Postoperative sepsis rate,1,49,0,6,,07/01/2022,06/30/2024
AZ,PSI_14,Postoperative wound dehiscence rate,1,53,0,5,,07/01/2022,06/30/2024
AZ,PSI_15,Abdominopelvic accidental puncture or laceration rate,0,59,1,2,,07/01/2022,06/30/2024
AZ,PSI_90,CMS Medicare PSI 90: Patient safety and adverse events composite,6,53,0,Not Available,,07/01/2022,06/30/2024
CA,COMP_HIP_KNEE,Rate of complications for hip/knee replacement patients,Not Available,Not Available,Not Available,Not Available,,04/01/2023,03/31/2025
CA,Hybrid_HWM,Hybrid Hospital-Wide All-Cause Risk Standardized Mortality Rate,Not Available,Not Available,Not Available,Not Available,,07/01/2024,06/30/2025
CA,MORT_30_AMI,Death rate for heart attack patients,Not Available,Not Available,Not Available,Not Available,,07/01/2022,06/30/2025
CA,MORT_30_CABG,Death rate for CABG surgery patients,Not Available,Not Available,Not Available,Not Available,,07/01/2022,06/30/2025
CA,MORT_30_COPD,Death rate for COPD patients,Not Available,Not Available,Not Available,Not Available,,07/01/2022,06/30/2025
CA,MORT_30_HF,Death rate for heart failure patients,Not Available,Not Available,Not Available,Not Available,,07/01/2022,06/30/2025
CA,MORT_30_PN,Death rate for pneumonia patients,Not Available,Not Available,Not Available,Not Available,,07/01/2022,06/30/2025
CA,MORT_30_STK,Death rate for stroke patients,Not Available,Not Available,Not Available,Not Available,,07/01/2023,06/30/2025
CA,PSI_03,Pressure ulcer rate,8,273,7,0,,07/01/2022,06/30/2024
CA,PSI_04,Death rate among surgical inpatients with serious treatable complications,3,137,9,111,,07/01/2022,06/30/2024
CA,PSI_06,Iatrogenic pneumothorax rate,1,287,0,1,,07/01/2022,06/30/2024
CA,PSI_08,In-hospital fall-associated fracture rate,0,288,0,1,,07/01/2022,06/30/2024
CA,PSI_09,Postoperative hemorrhage or hematoma rate,0,277,0,5,,07/01/2022,06/30/2024
CA,PSI_10,Postoperative acute kidney injury requiring dialysis rate,2,230,0,36,,07/01/2022,06/30/2024
CA,PSI_11,Postoperative respiratory failure rate,6,227,4,32,,07/01/2022,06/30/2024
CA,PSI_12,Perioperative pulmonary embolism or deep vein thrombosis rate,8,269,0,5,,07/01/2022,06/30/2024
CA,PSI_13,Postoperative sepsis rate,4,222,1,38,,07/01/2022,06/30/2024
CA,PSI_14,Postoperative wound dehiscence rate,2,241,0,37,,07/01/2022,06/30/2024
CA,PSI_15,Abdominopelvic accidental puncture or laceration rate,2,274,0,6,,07/01/2022,06/30/2024
CA,PSI_90,CMS Medicare PSI 90: Patient safety and adverse events composite,8,267,7,Not Available,,07/01/2022,06/30/2024
CO,COMP_HIP_KNEE,Rate of complications for hip/knee replacement patients,Not Available,Not Available,Not Available,Not Available,,04/01/2023,03/31/2025
CO,Hybrid_HWM,Hybrid Hospital-Wide All-Cause Risk Standardized Mortality Rate,Not Available,Not Available,Not Available,Not Available,,07/01/2024,06/30/2025
CO,MORT_30_AMI,Death rate for heart attack patients,Not Available,Not Available,Not Available,Not Available,,07/01/2022,06/30/2025
CO,MORT_30_CABG,Death rate for CABG surgery patients,Not Available,Not Available,Not Available,Not Available,,07/01/2022,06/30/2025
CO,MORT_30_COPD,Death rate for COPD patients,Not Available,Not Available,Not Available,Not Available,,07/01/2022,06/30/2025
CO,MORT_30_HF,Death rate for heart failure patients,Not Available,Not Available,Not Available,Not Available,,07/01/2022,06/30/2025
CO,MORT_30_PN,Death rate for pneumonia patients,Not Available,Not Available,Not Available,Not Available,,07/01/2022,06/30/2025
CO,MORT_30_STK,Death rate for stroke patients,Not Available,Not Available,Not Available,Not Available,,07/01/2023,06/30/2025
CO,PSI_03,Pressure ulcer rate,3,49,0,1,,07/01/2022,06/30/2024
CO,PSI_04,Death rate among surgical inpatients with serious treatable complications,0,23,0,20,,07/01/2022,06/30/2024
CO,PSI_06,Iatrogenic pneumothorax rate,0,53,0,0,,07/01/2022,06/30/2024
CO,PSI_08,In-hospital fall-associated fracture rate,0,53,0,0,,07/01/2022,06/30/2024
CO,PSI_09,Postoperative hemorrhage or hematoma rate,0,52,0,0,,07/01/2022,06/30/2024
CO,PSI_10,Postoperative acute kidney injury requiring dialysis rate,1,49,0,2,,07/01/2022,06/30/2024
CO,PSI_11,Postoperative respiratory failure rate,1,48,0,3,,07/01/2022,06/30/2024
CO,PSI_12,Perioperative pulmonary embolism or deep vein thrombosis rate,0,51,1,0,,07/01/2022,06/30/2024
CO,PSI_13,Postoperative sepsis rate,0,48,0,4,,07/01/2022,06/30/2024
CO,PSI_14,Postoperative wound dehiscence rate,0,43,0,6,,07/01/2022,06/30/2024
CO,PSI_15,Abdominopelvic accidental puncture or laceration rate,0,49,0,0,,07/01/2022,06/30/2024
CO,PSI_90,CMS Medicare PSI 90: Patient safety and adverse events composite,2,49,1,Not Available,,07/01/2022,06/30/2024
CT,COMP_HIP_KNEE,Rate of complications for hip/knee replacement patients,Not Available,Not Available,Not Available,Not Available,,04/01/2023,03/31/2025
CT,Hybrid_HWM,Hybrid Hospital-Wide All-Cause Risk Standardized Mortality Rate,Not Available,Not Available,Not Available,Not Available,,07/01/2024,06/30/2025
CT,MORT_30_AMI,Death rate for heart attack patients,Not Available,Not Available,Not Available,Not Available,,07/01/2022,06/30/2025
CT,MORT_30_CABG,Death rate for CABG surgery patients,Not Available,Not Available,Not Available,Not Available,,07/01/2022,06/30/2025
CT,MORT_30_COPD,Death rate for COPD patients,Not Available,Not Available,Not Available,Not Available,,07/01/2022,06/30/2025
CT,MORT_30_HF,Death rate for heart failure patients,Not Available,Not Available,Not Available,Not Available,,07/01/2022,06/30/2025
CT,MORT_30_PN,Death rate for pneumonia patients,Not Available,Not Available,Not Available,Not Available,,07/01/2022,06/30/2025
CT,MORT_30_STK,Death rate for stroke patients,Not Available,Not Available,Not Available,Not Available,,07/01/2023,06/30/2025
CT,PSI_03,Pressure ulcer rate,0,27,0,0,,07/01/2022,06/30/2024
CT,PSI_04,Death rate among surgical inpatients with serious treatable complications,1,16,1,6,,07/01/2022,06/30/2024
CT,PSI_06,Iatrogenic pneumothorax rate,0,27,0,0,,07/01/2022,06/30/2024
CT,PSI_08,In-hospital fall-associated fracture rate,0,27,0,1,,07/01/2022,06/30/2024
CT,PSI_09,Postoperative hemorrhage or hematoma rate,0,25,1,0,,07/01/2022,06/30/2024
CT,PSI_10,Postoperative acute kidney injury requiring dialysis rate,0,24,0,1,,07/01/2022,06/30/2024
CT,PSI_11,Postoperative respiratory failure rate,1,20,2,2,,07/01/2022,06/30/2024
CT,PSI_12,Perioperative pulmonary embolism or deep vein thrombosis rate,1,25,0,0,,07/01/2022,06/30/2024
CT,PSI_13,Postoperative sepsis rate,0,20,2,3,,07/01/2022,06/30/2024
CT,PSI_14,Postoperative wound dehiscence rate,0,23,0,3,,07/01/2022,06/30/2024
CT,PSI_15,Abdominopelvic accidental puncture or laceration rate,0,25,0,1,,07/01/2022,06/30/2024
CT,PSI_90,CMS Medicare PSI 90: Patient safety and adverse events composite,1,23,2,Not Available,,07/01/2022,06/30/2024
DC,COMP_HIP_KNEE,Rate of complications for hip/knee replacement patients,Not Available,Not Available,Not Available,Not Available,,04/01/2023,03/31/2025
DC,Hybrid_HWM,Hybrid Hospital-Wide All-Cause Risk Standardized Mortality Rate,Not Available,Not Available,Not Available,Not Available,,07/01/2024,06/30/2025
DC,MORT_30_AMI,Death rate for heart attack patients,Not Available,Not Available,Not Available,Not Available,,07/01/2022,06/30/2025
DC,MORT_30_CABG,Death rate for CABG surgery patients,Not Available,Not Available,Not Available,Not Available,,07/01/2022,06/30/2025
DC,MORT_30_COPD,Death rate for COPD patients,Not Available,Not Available,Not Available,Not Available,,07/01/2022,06/30/2025
DC,MORT_30_HF,Death rate for heart failure patients,Not Available,Not Available,Not Available,Not Available,,07/01/2022,06/30/2025
DC,MORT_30_PN,Death rate for pneumonia patients,Not Available,Not Available,Not Available,Not Available,,07/01/2022,06/30/2025
DC,MORT_30_STK,Death rate for stroke patients,Not Available,Not Available,Not Available,Not Available,,07/01/2023,06/30/2025
DC,PSI_03,Pressure ulcer rate,3,4,0,0,,07/01/2022,06/30/2024
DC,PSI_04,Death rate among surgical inpatients with serious treatable complications,0,6,0,1,,07/01/2022,06/30/2024
DC,PSI_06,Iatrogenic pneumothorax rate,0,7,0,0,,07/01/2022,06/30/2024
DC,PSI_08,In-hospital fall-associated fracture rate,0,7,0,0,,07/01/2022,06/30/2024
DC,PSI_09,Postoperative hemorrhage or hematoma rate,0,7,0,0,,07/01/2022,06/30/2024
DC,PSI_10,Postoperative acute kidney injury requiring dialysis rate,0,5,1,1,,07/01/2022,06/30/2024
DC,PSI_11,Postoperative respiratory failure rate,1,4,1,1,,07/01/2022,06/30/2024
DC,PSI_12,Perioperative pulmonary embolism or deep vein thrombosis rate,1,6,0,0,,07/01/2022,06/30/2024
DC,PSI_13,Postoperative sepsis rate,1,4,1,0,,07/01/2022,06/30/2024
DC,PSI_14,Postoperative wound dehiscence rate,0,6,0,1,,07/01/2022,06/30/2024
DC,PSI_15,Abdominopelvic accidental puncture or laceration rate,0,7,0,0,,07/01/2022,06/30/2024
DC,PSI_90,CMS Medicare PSI 90: Patient safety and adverse events composite,2,3,2,Not Available,,07/01/2022,06/30/2024
DE,COMP_HIP_KNEE,Rate of complications for hip/knee replacement patients,Not Available,Not Available,Not Available,Not Available,,04/01/2023,03/31/2025
DE,Hybrid_HWM,Hybrid Hospital-Wide All-Cause Risk Standardized Mortality Rate,Not Available,Not Available,Not Available,Not Available,,07/01/2024,06/30/2025
DE,MORT_30_AMI,Death rate for heart attack patients,Not Available,Not Available,Not Available,Not Available,,07/01/2022,06/30/2025
DE,MORT_30_CABG,Death rate for CABG surgery patients,Not Available,Not Available,Not Available,Not Available,,07/01/2022,06/30/2025
DE,MORT_30_COPD,Death rate for COPD patients,Not Available,Not Available,Not Available,Not Available,,07/01/2022,06/30/2025
DE,MORT_30_HF,Death rate for heart failure patients,Not Available,Not Available,Not Available,Not Available,,07/01/2022,06/30/2025
DE,MORT_30_PN,Death rate for pneumonia patients,Not Available,Not Available,Not Available,Not Available,,07/01/2022,06/30/2025
DE,MORT_30_STK,Death rate for stroke patients,Not Available,Not Available,Not Available,Not Available,,07/01/2023,06/30/2025
DE,PSI_03,Pressure ulcer rate,1,6,0,0,,07/01/2022,06/30/2024
DE,PSI_04,Death rate among surgical inpatients with serious treatable complications,0,4,0,3,,07/01/2022,06/30/2024
DE,PSI_06,Iatrogenic pneumothorax rate,1,6,0,0,,07/01/2022,06/30/2024
DE,PSI_08,In-hospital fall-associated fracture rate,0,7,0,0,,07/01/2022,06/30/2024
DE,PSI_09,Postoperative hemorrhage or hematoma rate,0,7,0,0,,07/01/2022,06/30/2024
DE,PSI_10,Postoperative acute kidney injury requiring dialysis rate,0,6,0,1,,07/01/2022,06/30/2024
DE,PSI_11,Postoperative respiratory failure rate,0,6,0,1,,07/01/2022,06/30/2024
DE,PSI_12,Perioperative pulmonary embolism or deep vein thrombosis rate,0,6,1,0,,07/01/2022,06/30/2024
DE,PSI_13,Postoperative sepsis rate,0,6,0,1,,07/01/2022,06/30/2024
DE,PSI_14,Postoperative wound dehiscence rate,0,6,0,1,,07/01/2022,06/30/2024
DE,PSI_15,Abdominopelvic accidental puncture or laceration rate,0,7,0,0,,07/01/2022,06/30/2024
DE,PSI_90,CMS Medicare PSI 90: Patient safety and adverse events composite,1,5,1,Not Available,,07/01/2022,06/30/2024
FL,COMP_HIP_KNEE,Rate of complications for hip/knee replacement patients,Not Available,Not Available,Not Available,Not Available,,04/01/2023,03/31/2025
FL,Hybrid_HWM,Hybrid Hospital-Wide All-Cause Risk Standardized Mortality Rate,Not Available,Not Available,Not Available,Not Available,,07/01/2024,06/30/2025
FL,MORT_30_AMI,Death rate for heart attack patients,Not Available,Not Available,Not Available,Not Available,,07/01/2022,06/30/2025
FL,MORT_30_CABG,Death rate for CABG surgery patients,Not Available,Not Available,Not Available,Not Available,,07/01/2022,06/30/2025
FL,MORT_30_COPD,Death rate for COPD patients,Not Available,Not Available,Not Available,Not Available,,07/01/2022,06/30/2025
FL,MORT_30_HF,Death rate for heart failure patients,Not Available,Not Available,Not Available,Not Available,,07/01/2022,06/30/2025
FL,MORT_30_PN,Death rate for pneumonia patients,Not Available,Not Available,Not Available,Not Available,,07/01/2022,06/30/2025
FL,MORT_30_STK,Death rate for stroke patients,Not Available,Not Available,Not Available,Not Available,,07/01/2023,06/30/2025
FL,PSI_03,Pressure ulcer rate,6,168,2,0,,07/01/2022,06/30/2024
FL,PSI_04,Death rate among surgical inpatients with serious treatable complications,2,105,10,50,,07/01/2022,06/30/2024
FL,PSI_06,Iatrogenic pneumothorax rate,1,175,0,0,,07/01/2022,06/30/2024
FL,PSI_08,In-hospital fall-associated fracture rate,1,175,0,0,,07/01/2022,06/30/2024
FL,PSI_09,Postoperative hemorrhage or hematoma rate,0,170,0,2,,07/01/2022,06/30/2024
FL,PSI_10,Postoperative acute kidney injury requiring dialysis rate,3,153,0,13,,07/01/2022,06/30/2024
FL,PSI_11,Postoperative respiratory failure rate,9,146,2,11,,07/01/2022,06/30/2024
FL,PSI_12,Perioperative pulmonary embolism or deep vein thrombosis rate,3,165,2,2,,07/01/2022,06/30/2024
FL,PSI_13,Postoperative sepsis rate,4,148,1,14,,07/01/2022,06/30/2024
FL,PSI_14,Postoperative wound dehiscence rate,0,160,0,10,,07/01/2022,06/30/2024
FL,PSI_15,Abdominopelvic accidental puncture or laceration rate,2,168,0,4,,07/01/2022,06/30/2024
FL,PSI_90,CMS Medicare PSI 90: Patient safety and adverse events composite,6,163,2,Not Available,,07/01/2022,06/30/2024
GA,COMP_HIP_KNEE,Rate of complications for hip/knee replacement patients,Not Available,Not Available,Not Available,Not Available,,04/01/2023,03/31/2025
GA,Hybrid_HWM,Hybrid Hospital-Wide All-Cause Risk Standardized Mortality Rate,Not Available,Not Available,Not Available,Not Available,,07/01/2024,06/30/2025
GA,MORT_30_AMI,Death rate for heart attack patients,Not Available,Not Available,Not Available,Not Available,,07/01/2022,06/30/2025
GA,MORT_30_CABG,Death rate for CABG surgery patients,Not Available,Not Available,Not Available,Not Available,,07/01/2022,06/30/2025
GA,MORT_30_COPD,Death rate for COPD patients,Not Available,Not Available,Not Available,Not Available,,07/01/2022,06/30/2025
GA,MORT_30_HF,Death rate for heart failure patients,Not Available,Not Available,Not Available,Not Available,,07/01/2022,06/30/2025
GA,MORT_30_PN,Death rate for pneumonia patients,Not Available,Not Available,Not Available,Not Available,,07/01/2022,06/30/2025
GA,MORT_30_STK,Death rate for stroke patients,Not Available,Not Available,Not Available,Not Available,,07/01/2023,06/30/2025
GA,PSI_03,Pressure ulcer rate,6,93,1,1,,07/01/2022,06/30/2024
GA,PSI_04,Death rate among surgical inpatients with serious treatable complications,3,47,0,26,,07/01/2022,06/30/2024
GA,PSI_06,Iatrogenic pneumothorax rate,0,100,0,1,,07/01/2022,06/30/2024
GA,PSI_08,In-hospital fall-associated fracture rate,0,100,0,1,,07/01/2022,06/30/2024
GA,PSI_09,Postoperative hemorrhage or hematoma rate,1,83,0,8,,07/01/2022,06/30/2024
GA,PSI_10,Postoperative acute kidney injury requiring dialysis rate,1,66,0,17,,07/01/2022,06/30/2024
GA,PSI_11,Postoperative respiratory failure rate,4,65,0,15,,07/01/2022,06/30/2024
GA,PSI_12,Perioperative pulmonary embolism or deep vein thrombosis rate,1,84,0,6,,07/01/2022,06/30/2024
GA,PSI_13,Postoperative sepsis rate,2,64,0,17,,07/01/2022,06/30/2024
GA,PSI_14,Postoperative wound dehiscence rate,0,71,0,15,,07/01/2022,06/30/2024
GA,PSI_15,Abdominopelvic accidental puncture or laceration rate,2,77,0,14,,07/01/2022,06/30/2024
GA,PSI_90,CMS Medicare PSI 90: Patient safety and adverse events composite,9,80,0,Not Available,,07/01/2022,06/30/2024
GU,COMP_HIP_KNEE,Rate of complications for hip/knee replacement patients,Not Available,Not Available,Not Available,Not Available,5,04/01/2023,03/31/2025
GU,Hybrid_HWM,Hybrid Hospital-Wide All-Cause Risk Standardized Mortality Rate,Not Available,Not Available,Not Available,Not Available,5,07/01/2024,06/30/2025
GU,MORT_30_AMI,Death rate for heart attack patients,Not Available,Not Available,Not Available,Not Available,5,07/01/2022,06/30/2025
GU,MORT_30_CABG,Death rate for CABG surgery patients,Not Available,Not Available,Not Available,Not Available,5,07/01/2022,06/30/2025
GU,MORT_30_COPD,Death rate for COPD patients,Not Available,Not Available,Not Available,Not Available,5,07/01/2022,06/30/2025
GU,MORT_30_HF,Death rate for heart failure patients,Not Available,Not Available,Not Available,Not Available,5,07/01/2022,06/30/2025
GU,MORT_30_PN,Death rate for pneumonia patients,Not Available,Not Available,Not Available,Not Available,5,07/01/2022,06/30/2025
GU,MORT_30_STK,Death rate for stroke patients,Not Available,Not Available,Not Available,Not Available,5,07/01/2023,06/30/2025
GU,PSI_03,Pressure ulcer rate,Not Available,Not Available,Not Available,Not Available,5,07/01/2022,06/30/2024
GU,PSI_04,Death rate among surgical inpatients with serious treatable complications,Not Available,Not Available,Not Available,Not Available,5,07/01/2022,06/30/2024
GU,PSI_06,Iatrogenic pneumothorax rate,Not Available,Not Available,Not Available,Not Available,5,07/01/2022,06/30/2024
GU,PSI_08,In-hospital fall-associated fracture rate,Not Available,Not Available,Not Available,Not Available,5,07/01/2022,06/30/2024
GU,PSI_09,Postoperative hemorrhage or hematoma rate,Not Available,Not Available,Not Available,Not Available,5,07/01/2022,06/30/2024
GU,PSI_10,Postoperative acute kidney injury requiring dialysis rate,Not Available,Not Available,Not Available,Not Available,5,07/01/2022,06/30/2024
GU,PSI_11,Postoperative respiratory failure rate,Not Available,Not Available,Not Available,Not Available,5,07/01/2022,06/30/2024
GU,PSI_12,Perioperative pulmonary embolism or deep vein thrombosis rate,Not Available,Not Available,Not Available,Not Available,5,07/01/2022,06/30/2024
GU,PSI_13,Postoperative sepsis rate,Not Available,Not Available,Not Available,Not Available,5,07/01/2022,06/30/2024
GU,PSI_14,Postoperative wound dehiscence rate,Not Available,Not Available,Not Available,Not Available,5,07/01/2022,06/30/2024
GU,PSI_15,Abdominopelvic accidental puncture or laceration rate,Not Available,Not Available,Not Available,Not Available,5,07/01/2022,06/30/2024
GU,PSI_90,CMS Medicare PSI 90: Patient safety and adverse events composite,Not Available,Not Available,Not Available,Not Available,5,07/01/2022,06/30/2024
HI,COMP_HIP_KNEE,Rate of complications for hip/knee replacement patients,Not Available,Not Available,Not Available,Not Available,,04/01/2023,03/31/2025
HI,Hybrid_HWM,Hybrid Hospital-Wide All-Cause Risk Standardized Mortality Rate,Not Available,Not Available,Not Available,Not Available,,07/01/2024,06/30/2025
HI,MORT_30_AMI,Death rate for heart attack patients,Not Available,Not Available,Not Available,Not Available,,07/01/2022,06/30/2025
HI,MORT_30_CABG,Death rate for CABG surgery patients,Not Available,Not Available,Not Available,Not Available,,07/01/2022,06/30/2025
HI,MORT_30_COPD,Death rate for COPD patients,Not Available,Not Available,Not Available,Not Available,,07/01/2022,06/30/2025
HI,MORT_30_HF,Death rate for heart failure patients,Not Available,Not Available,Not Available,Not Available,,07/01/2022,06/30/2025
HI,MORT_30_PN,Death rate for pneumonia patients,Not Available,Not Available,Not Available,Not Available,,07/01/2022,06/30/2025
HI,MORT_30_STK,Death rate for stroke patients,Not Available,Not Available,Not Available,Not Available,,07/01/2023,06/30/2025
HI,PSI_03,Pressure ulcer rate,2,10,0,0,,07/01/2022,06/30/2024
HI,PSI_04,Death rate among surgical inpatients with serious treatable complications,0,6,0,5,,07/01/2022,06/30/2024
HI,PSI_06,Iatrogenic pneumothorax rate,1,11,0,0,,07/01/2022,06/30/2024
HI,PSI_08,In-hospital fall-associated fracture rate,0,12,0,0,,07/01/2022,06/30/2024
HI,PSI_09,Postoperative hemorrhage or hematoma rate,0,11,0,0,,07/01/2022,06/30/2024
HI,PSI_10,Postoperative acute kidney injury requiring dialysis rate,0,11,0,0,,07/01/2022,06/30/2024
HI,PSI_11,Postoperative respiratory failure rate,1,10,0,0,,07/01/2022,06/30/2024
HI,PSI_12,Perioperative pulmonary embolism or deep vein thrombosis rate,1,10,0,0,,07/01/2022,06/30/2024
HI,PSI_13,Postoperative sepsis rate,0,11,0,0,,07/01/2022,06/30/2024
HI,PSI_14,Postoperative wound dehiscence rate,0,11,0,0,,07/01/2022,06/30/2024
HI,PSI_15,Abdominopelvic accidental puncture or laceration rate,0,11,0,0,,07/01/2022,06/30/2024
HI,PSI_90,CMS Medicare PSI 90: Patient safety and adverse events composite,1,10,0,Not Available,,07/01/2022,06/30/2024
IA,COMP_HIP_KNEE,Rate of complications for hip/knee replacement patients,Not Available,Not Available,Not Available,Not Available,,04/01/2023,03/31/2025
IA,Hybrid_HWM,Hybrid Hospital-Wide All-Cause Risk Standardized Mortality Rate,Not Available,Not Available,Not Available,Not Available,,07/01/2024,06/30/2025
IA,MORT_30_AMI,Death rate for heart attack patients,Not Available,Not Available,Not Available,Not Available,,07/01/2022,06/30/2025
IA,MORT_30_CABG,Death rate for CABG surgery patients,Not Available,Not Available,Not Available,Not Available,,07/01/2022,06/30/2025
IA,MORT_30_COPD,Death rate for COPD patients,Not Available,Not Available,Not Available,Not Available,,07/01/2022,06/30/2025
IA,MORT_30_HF,Death rate for heart failure patients,Not Available,Not Available,Not Available,Not Available,,07/01/2022,06/30/2025
IA,MORT_30_PN,Death rate for pneumonia patients,Not Available,Not Available,Not Available,Not Available,,07/01/2022,06/30/2025
IA,MORT_30_STK,Death rate for stroke patients,Not Available,Not Available,Not Available,Not Available,,07/01/2023,06/30/2025
IA,PSI_03,Pressure ulcer rate,5,27,0,1,,07/01/2022,06/30/2024
IA,PSI_04,Death rate among surgical inpatients with serious treatable complications,2,14,0,11,,07/01/2022,06/30/2024
IA,PSI_06,Iatrogenic pneumothorax rate,0,32,0,1,,07/01/2022,06/30/2024
IA,PSI_08,In-hospital fall-associated fracture rate,0,32,0,1,,07/01/2022,06/30/2024
IA,PSI_09,Postoperative hemorrhage or hematoma rate,0,31,0,1,,07/01/2022,06/30/2024
IA,PSI_10,Postoperative acute kidney injury requiring dialysis rate,0,29,0,2,,07/01/2022,06/30/2024
IA,PSI_11,Postoperative respiratory failure rate,1,29,0,1,,07/01/2022,06/30/2024
IA,PSI_12,Perioperative pulmonary embolism or deep vein thrombosis rate,0,31,0,1,,07/01/2022,06/30/2024
IA,PSI_13,Postoperative sepsis rate,0,30,0,1,,07/01/2022,06/30/2024
IA,PSI_14,Postoperative wound dehiscence rate,0,27,0,3,,07/01/2022,06/30/2024
IA,PSI_15,Abdominopelvic accidental puncture or laceration rate,0,30,0,2,,07/01/2022,06/30/2024
IA,PSI_90,CMS Medicare PSI 90: Patient safety and adverse events composite,5,26,0,Not Available,,07/01/2022,06/30/2024
ID,COMP_HIP_KNEE,Rate of complications for hip/knee replacement patients,Not Available,Not Available,Not Available,Not Available,,04/01/2023,03/31/2025
ID,Hybrid_HWM,Hybrid Hospital-Wide All-Cause Risk Standardized Mortality Rate,Not Available,Not Available,Not Available,Not Available,,07/01/2024,06/30/2025
ID,MORT_30_AMI,Death rate for heart attack patients,Not Available,Not Available,Not Available,Not Available,,07/01/2022,06/30/2025
ID,MORT_30_CABG,Death rate for CABG surgery patients,Not Available,Not Available,Not Available,Not Available,,07/01/2022,06/30/2025
ID,MORT_30_COPD,Death rate for COPD patients,Not Available,Not Available,Not Available,Not Available,,07/01/2022,06/30/2025
ID,MORT_30_HF,Death rate for heart failure patients,Not Available,Not Available,Not Available,Not Available,,07/01/2022,06/30/2025
ID,MORT_30_PN,Death rate for pneumonia patients,Not Available,Not Available,Not Available,Not Available,,07/01/2022,06/30/2025
ID,MORT_30_STK,Death rate for stroke patients,Not Available,Not Available,Not Available,Not Available,,07/01/2023,06/30/2025
ID,PSI_03,Pressure ulcer rate,1,14,0,1,,07/01/2022,06/30/2024
ID,PSI_04,Death rate among surgical inpatients with serious treatable complications,0,10,0,5,,07/01/2022,06/30/2024
ID,PSI_06,Iatrogenic pneumothorax rate,0,16,0,0,,07/01/2022,06/30/2024
ID,PSI_08,In-hospital fall-associated fracture rate,0,16,0,0,,07/01/2022,06/30/2024
ID,PSI_09,Postoperative hemorrhage or hematoma rate,0,16,0,0,,07/01/2022,06/30/2024
ID,PSI_10,Postoperative acute kidney injury requiring dialysis rate,0,16,0,0,,07/01/2022,06/30/2024
ID,PSI_11,Postoperative respiratory failure rate,0,16,0,0,,07/01/2022,06/30/2024
ID,PSI_12,Perioperative pulmonary embolism or deep vein thrombosis rate,0,16,0,0,,07/01/2022,06/30/2024
ID,PSI_13,Postoperative sepsis rate,0,16,0,0,,07/01/2022,06/30/2024
ID,PSI_14,Postoperative wound dehiscence rate,0,16,0,0,,07/01/2022,06/30/2024
ID,PSI_15,Abdominopelvic accidental puncture or laceration rate,0,16,0,0,,07/01/2022,06/30/2024
ID,PSI_90,CMS Medicare PSI 90: Patient safety and adverse events composite,0,16,0,Not Available,,07/01/2022,06/30/2024
IL,COMP_HIP_KNEE,Rate of complications for hip/knee replacement patients,Not Available,Not Available,Not Available,Not Available,,04/01/2023,03/31/2025
IL,Hybrid_HWM,Hybrid Hospital-Wide All-Cause Risk Standardized Mortality Rate,Not Available,Not Available,Not Available,Not Available,,07/01/2024,06/30/2025
IL,MORT_30_AMI,Death rate for heart attack patients,Not Available,Not Available,Not Available,Not Available,,07/01/2022,06/30/2025
IL,MORT_30_CABG,Death rate for CABG surgery patients,Not Available,Not Available,Not Available,Not Available,,07/01/2022,06/30/2025
IL,MORT_30_COPD,Death rate for COPD patients,Not Available,Not Available,Not Available,Not Available,,07/01/2022,06/30/2025
IL,MORT_30_HF,Death rate for heart failure patients,Not Available,Not Available,Not Available,Not Available,,07/01/2022,06/30/2025
IL,MORT_30_PN,Death rate for pneumonia patients,Not Available,Not Available,Not Available,Not Available,,07/01/2022,06/30/2025
IL,MORT_30_STK,Death rate for stroke patients,Not Available,Not Available,Not Available,Not Available,,07/01/2023,06/30/2025
IL,PSI_03,Pressure ulcer rate,7,113,3,1,,07/01/2022,06/30/2024
IL,PSI_04,Death rate among surgical inpatients with serious treatable complications,2,61,1,37,,07/01/2022,06/30/2024
IL,PSI_06,Iatrogenic pneumothorax rate,0,123,0,1,,07/01/2022,06/30/2024
IL,PSI_08,In-hospital fall-associated fracture rate,0,123,0,1,,07/01/2022,06/30/2024
IL,PSI_09,Postoperative hemorrhage or hematoma rate,0,108,0,12,,07/01/2022,06/30/2024
IL,PSI_10,Postoperative acute kidney injury requiring dialysis rate,0,94,0,17,,07/01/2022,06/30/2024
IL,PSI_11,Postoperative respiratory failure rate,6,84,5,18,,07/01/2022,06/30/2024
IL,PSI_12,Perioperative pulmonary embolism or deep vein thrombosis rate,4,104,0,12,,07/01/2022,06/30/2024
IL,PSI_13,Postoperative sepsis rate,2,90,3,14,,07/01/2022,06/30/2024
IL,PSI_14,Postoperative wound dehiscence rate,0,98,0,17,,07/01/2022,06/30/2024
IL,PSI_15,Abdominopelvic accidental puncture or laceration rate,0,112,0,7,,07/01/2022,06/30/2024
IL,PSI_90,CMS Medicare PSI 90: Patient safety and adverse events composite,8,105,5,Not Available,,07/01/2022,06/30/2024
IN,COMP_HIP_KNEE,Rate of complications for hip/knee replacement patients,Not Available,Not Available,Not Available,Not Available,,04/01/2023,03/31/2025
IN,Hybrid_HWM,Hybrid Hospital-Wide All-Cause Risk Standardized Mortality Rate,Not Available,Not Available,Not Available,Not Available,,07/01/2024,06/30/2025
IN,MORT_30_AMI,Death rate for heart attack patients,Not Available,Not Available,Not Available,Not Available,,07/01/2022,06/30/2025
IN,MORT_30_CABG,Death rate for CABG surgery patients,Not Available,Not Available,Not Available,Not Available,,07/01/2022,06/30/2025
IN,MORT_30_COPD,Death rate for COPD patients,Not Available,Not Available,Not Available,Not Available,,07/01/2022,06/30/2025
IN,MORT_30_HF,Death rate for heart failure patients,Not Available,Not Available,Not Available,Not Available,,07/01/2022,06/30/2025
IN,MORT_30_PN,Death rate for pneumonia patients,Not Available,Not Available,Not Available,Not Available,,07/01/2022,06/30/2025
IN,MORT_30_STK,Death rate for stroke patients,Not Available,Not Available,Not Available,Not Available,,07/01/2023,06/30/2025
IN,PSI_03,Pressure ulcer rate,0,82,0,1,,07/01/2022,06/30/2024
IN,PSI_04,Death rate among surgical inpatients with serious treatable complications,0,38,0,28,,07/01/2022,06/30/2024
IN,PSI_06,Iatrogenic pneumothorax rate,1,82,0,1,,07/01/2022,06/30/2024
IN,PSI_08,In-hospital fall-associated fracture rate,0,83,0,1,,07/01/2022,06/30/2024
IN,PSI_09,Postoperative hemorrhage or hematoma rate,0,78,0,2,,07/01/2022,06/30/2024
IN,PSI_10,Postoperative acute kidney injury requiring dialysis rate,0,70,0,7,,07/01/2022,06/30/2024
IN,PSI_11,Postoperative respiratory failure rate,2,68,0,7,,07/01/2022,06/30/2024
IN,PSI_12,Perioperative pulmonary embolism or deep vein thrombosis rate,0,78,0,2,,07/01/2022,06/30/2024
IN,PSI_13,Postoperative sepsis rate,0,70,0,7,,07/01/2022,06/30/2024
IN,PSI_14,Postoperative wound dehiscence rate,0,67,0,12,,07/01/2022,06/30/2024
IN,PSI_15,Abdominopelvic accidental puncture or laceration rate,1,76,0,3,,07/01/2022,06/30/2024
IN,PSI_90,CMS Medicare PSI 90: Patient safety and adverse events composite,1,79,0,Not Available,,07/01/2022,06/30/2024
KS,COMP_HIP_KNEE,Rate of complications for hip/knee replacement patients,Not Available,Not Available,Not Available,Not Available,,04/01/2023,03/31/2025
KS,Hybrid_HWM,Hybrid Hospital-Wide All-Cause Risk Standardized Mortality Rate,Not Available,Not Available,Not Available,Not Available,,07/01/2024,06/30/2025
KS,MORT_30_AMI,Death rate for heart attack patients,Not Available,Not Available,Not Available,Not Available,,07/01/2022,06/30/2025
KS,MORT_30_CABG,Death rate for CABG surgery patients,Not Available,Not Available,Not Available,Not Available,,07/01/2022,06/30/2025
KS,MORT_30_COPD,Death rate for COPD patients,Not Available,Not Available,Not Available,Not Available,,07/01/2022,06/30/2025
KS,MORT_30_HF,Death rate for heart failure patients,Not Available,Not Available,Not Available,Not Available,,07/01/2022,06/30/2025
KS,MORT_30_PN,Death rate for pneumonia patients,Not Available,Not Available,Not Available,Not Available,,07/01/2022,06/30/2025
KS,MORT_30_STK,Death rate for stroke patients,Not Available,Not Available,Not Available,Not Available,,07/01/2023,06/30/2025
KS,PSI_03,Pressure ulcer rate,1,47,0,0,,07/01/2022,06/30/2024
KS,PSI_04,Death rate among surgical inpatients with serious treatable complications,0,14,0,16,,07/01/2022,06/30/2024
KS,PSI_06,Iatrogenic pneumothorax rate,0,48,0,0,,07/01/2022,06/30/2024
KS,PSI_08,In-hospital fall-associated fracture rate,0,48,0,0,,07/01/2022,06/30/2024
KS,PSI_09,Postoperative hemorrhage or hematoma rate,0,45,0,1,,07/01/2022,06/30/2024
KS,PSI_10,Postoperative acute kidney injury requiring dialysis rate,0,41,0,5,,07/01/2022,06/30/2024
KS,PSI_11,Postoperative respiratory failure rate,4,39,0,3,,07/01/2022,06/30/2024
KS,PSI_12,Perioperative pulmonary embolism or deep vein thrombosis rate,0,44,1,1,,07/01/2022,06/30/2024
KS,PSI_13,Postoperative sepsis rate,0,41,0,4,,07/01/2022,06/30/2024
KS,PSI_14,Postoperative wound dehiscence rate,0,31,0,12,,07/01/2022,06/30/2024
KS,PSI_15,Abdominopelvic accidental puncture or laceration rate,0,41,0,5,,07/01/2022,06/30/2024
KS,PSI_90,CMS Medicare PSI 90: Patient safety and adverse events composite,0,45,1,Not Available,,07/01/2022,06/30/2024
KY,COMP_HIP_KNEE,Rate of complications for hip/knee replacement patients,Not Available,Not Available,Not Available,Not Available,,04/01/2023,03/31/2025
KY,Hybrid_HWM,Hybrid Hospital-Wide All-Cause Risk Standardized Mortality Rate,Not Available,Not Available,Not Available,Not Available,,07/01/2024,06/30/2025
KY,MORT_30_AMI,Death rate for heart attack patients,Not Available,Not Available,Not Available,Not Available,,07/01/2022,06/30/2025
KY,MORT_30_CABG,Death rate for CABG surgery patients,Not Available,Not Available,Not Available,Not Available,,07/01/2022,06/30/2025
KY,MORT_30_COPD,Death rate for COPD patients,Not Available,Not Available,Not Available,Not Available,,07/01/2022,06/30/2025
KY,MORT_30_HF,Death rate for heart failure patients,Not Available,Not Available,Not Available,Not Available,,07/01/2022,06/30/2025
KY,MORT_30_PN,Death rate for pneumonia patients,Not Available,Not Available,Not Available,Not Available,,07/01/2022,06/30/2025
KY,MORT_30_STK,Death rate for stroke patients,Not Available,Not Available,Not Available,Not Available,,07/01/2023,06/30/2025
KY,PSI_03,Pressure ulcer rate,2,61,0,2,,07/01/2022,06/30/2024
KY,PSI_04,Death rate among surgical inpatients with serious treatable complications,3,19,1,27,,07/01/2022,06/30/2024
KY,PSI_06,Iatrogenic pneumothorax rate,0,63,0,2,,07/01/2022,06/30/2024
KY,PSI_08,In-hospital fall-associated fracture rate,1,62,0,2,,07/01/2022,06/30/2024
KY,PSI_09,Postoperative hemorrhage or hematoma rate,1,50,0,8,,07/01/2022,06/30/2024
KY,PSI_10,Postoperative acute kidney injury requiring dialysis rate,1,35,0,14,,07/01/2022,06/30/2024
KY,PSI_11,Postoperative respiratory failure rate,4,32,0,14,,07/01/2022,06/30/2024
KY,PSI_12,Perioperative pulmonary embolism or deep vein thrombosis rate,1,52,0,6,,07/01/2022,06/30/2024
KY,PSI_13,Postoperative sepsis rate,1,35,0,11,,07/01/2022,06/30/2024
KY,PSI_14,Postoperative wound dehiscence rate,0,40,0,15,,07/01/2022,06/30/2024
KY,PSI_15,Abdominopelvic accidental puncture or laceration rate,0,53,0,8,,07/01/2022,06/30/2024
KY,PSI_90,CMS Medicare PSI 90: Patient safety and adverse events composite,4,54,0,Not Available,,07/01/2022,06/30/2024
LA,COMP_HIP_KNEE,Rate of complications for hip/knee replacement patients,Not Available,Not Available,Not Available,Not Available,,04/01/2023,03/31/2025
LA,Hybrid_HWM,Hybrid Hospital-Wide All-Cause Risk Standardized Mortality Rate,Not Available,Not Available,Not Available,Not Available,,07/01/2024,06/30/2025
LA,MORT_30_AMI,Death rate for heart attack patients,Not Available,Not Available,Not Available,Not Available,,07/01/2022,06/30/2025
LA,MORT_30_CABG,Death rate for CABG surgery patients,Not Available,Not Available,Not Available,Not Available,,07/01/2022,06/30/2025
LA,MORT_30_COPD,Death rate for COPD patients,Not Available,Not Available,Not Available,Not Available,,07/01/2022,06/30/2025
LA,MORT_30_HF,Death rate for heart failure patients,Not Available,Not Available,Not Available,Not Available,,07/01/2022,06/30/2025
LA,MORT_30_PN,Death rate for pneumonia patients,Not Available,Not Available,Not Available,Not Available,,07/01/2022,06/30/2025
LA,MORT_30_STK,Death rate for stroke patients,Not Available,Not Available,Not Available,Not Available,,07/01/2023,06/30/2025
LA,PSI_03,Pressure ulcer rate,5,78,0,3,,07/01/2022,06/30/2024
LA,PSI_04,Death rate among surgical inpatients with serious treatable complications,0,22,0,27,,07/01/2022,06/30/2024
LA,PSI_06,Iatrogenic pneumothorax rate,0,86,0,1,,07/01/2022,06/30/2024
LA,PSI_08,In-hospital fall-associated fracture rate,0,86,0,1,,07/01/2022,06/30/2024
LA,PSI_09,Postoperative hemorrhage or hematoma rate,0,68,0,9,,07/01/2022,06/30/2024
LA,PSI_10,Postoperative acute kidney injury requiring dialysis rate,0,57,0,11,,07/01/2022,06/30/2024
LA,PSI_11,Postoperative respiratory failure rate,1,57,0,12,,07/01/2022,06/30/2024
LA,PSI_12,Perioperative pulmonary embolism or deep vein thrombosis rate,1,67,0,9,,07/01/2022,06/30/2024
LA,PSI_13,Postoperative sepsis rate,0,54,0,11,,07/01/2022,06/30/2024
LA,PSI_14,Postoperative wound dehiscence rate,0,53,0,16,,07/01/2022,06/30/2024
LA,PSI_15,Abdominopelvic accidental puncture or laceration rate,0,65,0,16,,07/01/2022,06/30/2024
LA,PSI_90,CMS Medicare PSI 90: Patient safety and adverse events composite,4,70,0,Not Available,,07/01/2022,06/30/2024
MA,COMP_HIP_KNEE,Rate of complications for hip/knee replacement patients,Not Available,Not Available,Not Available,Not Available,,04/01/2023,03/31/2025
MA,Hybrid_HWM,Hybrid Hospital-Wide All-Cause Risk Standardized Mortality Rate,Not Available,Not Available,Not Available,Not Available,,07/01/2024,06/30/2025
MA,MORT_30_AMI,Death rate for heart attack patients,Not Available,Not Available,Not Available,Not Available,,07/01/2022,06/30/2025
MA,MORT_30_CABG,Death rate for CABG surgery patients,Not Available,Not Available,Not Available,Not Available,,07/01/2022,06/30/2025
MA,MORT_30_COPD,Death rate for COPD patients,Not Available,Not Available,Not Available,Not Available,,07/01/2022,06/30/2025
MA,MORT_30_HF,Death rate for heart failure patients,Not Available,Not Available,Not Available,Not Available,,07/01/2022,06/30/2025
MA,MORT_30_PN,Death rate for pneumonia patients,Not Available,Not Available,Not Available,Not Available,,07/01/2022,06/30/2025
MA,MORT_30_STK,Death rate for stroke patients,Not Available,Not Available,Not Available,Not Available,,07/01/2023,06/30/2025
MA,PSI_03,Pressure ulcer rate,5,49,0,0,,07/01/2022,06/30/2024
MA,PSI_04,Death rate among surgical inpatients with serious treatable complications,2,30,0,16,,07/01/2022,06/30/2024
MA,PSI_06,Iatrogenic pneumothorax rate,0,54,0,0,,07/01/2022,06/30/2024
MA,PSI_08,In-hospital fall-associated fracture rate,2,52,0,0,,07/01/2022,06/30/2024
MA,PSI_09,Postoperative hemorrhage or hematoma rate,3,48,1,1,,07/01/2022,06/30/2024
MA,PSI_10,Postoperative acute kidney injury requiring dialysis rate,0,47,0,5,,07/01/2022,06/30/2024
MA,PSI_11,Postoperative respiratory failure rate,0,45,1,6,,07/01/2022,06/30/2024
MA,PSI_12,Perioperative pulmonary embolism or deep vein thrombosis rate,3,49,0,1,,07/01/2022,06/30/2024
MA,PSI_13,Postoperative sepsis rate,1,46,0,5,,07/01/2022,06/30/2024
MA,PSI_14,Postoperative wound dehiscence rate,1,45,0,6,,07/01/2022,06/30/2024
MA,PSI_15,Abdominopelvic accidental puncture or laceration rate,1,51,0,1,,07/01/2022,06/30/2024
MA,PSI_90,CMS Medicare PSI 90: Patient safety and adverse events composite,3,48,1,Not Available,,07/01/2022,06/30/2024
MD,COMP_HIP_KNEE,Rate of complications for hip/knee replacement patients,Not Available,Not Available,Not Available,Not Available,,04/01/2023,03/31/2025
MD,Hybrid_HWM,Hybrid Hospital-Wide All-Cause Risk Standardized Mortality Rate,Not Available,Not Available,Not Available,Not Available,,07/01/2024,06/30/2025
MD,MORT_30_AMI,Death rate for heart attack patients,Not Available,Not Available,Not Available,Not Available,,07/01/2022,06/30/2025
MD,MORT_30_CABG,Death rate for CABG surgery patients,Not Available,Not Available,Not Available,Not Available,,07/01/2022,06/30/2025
MD,MORT_30_COPD,Death rate for COPD patients,Not Available,Not Available,Not Available,Not Available,,07/01/2022,06/30/2025
MD,MORT_30_HF,Death rate for heart failure patients,Not Available,Not Available,Not Available,Not Available,,07/01/2022,06/30/2025
MD,MORT_30_PN,Death rate for pneumonia patients,Not Available,Not Available,Not Available,Not Available,,07/01/2022,06/30/2025
MD,MORT_30_STK,Death rate for stroke patients,Not Available,Not Available,Not Available,Not Available,,07/01/2023,06/30/2025
MD,PSI_03,Pressure ulcer rate,8,37,0,0,,07/01/2022,06/30/2024
MD,PSI_04,Death rate among surgical inpatients with serious treatable complications,0,33,0,9,,07/01/2022,06/30/2024
MD,PSI_06,Iatrogenic pneumothorax rate,2,43,0,0,,07/01/2022,06/30/2024
MD,PSI_08,In-hospital fall-associated fracture rate,0,45,0,0,,07/01/2022,06/30/2024
MD,PSI_09,Postoperative hemorrhage or hematoma rate,1,42,0,0,,07/01/2022,06/30/2024
MD,PSI_10,Postoperative acute kidney injury requiring dialysis rate,0,42,0,1,,07/01/2022,06/30/2024
MD,PSI_11,Postoperative respiratory failure rate,2,40,0,1,,07/01/2022,06/30/2024
MD,PSI_12,Perioperative pulmonary embolism or deep vein thrombosis rate,1,42,0,0,,07/01/2022,06/30/2024
MD,PSI_13,Postoperative sepsis rate,0,42,0,1,,07/01/2022,06/30/2024
MD,PSI_14,Postoperative wound dehiscence rate,1,40,0,1,,07/01/2022,06/30/2024
MD,PSI_15,Abdominopelvic accidental puncture or laceration rate,1,41,0,1,,07/01/2022,06/30/2024
MD,PSI_90,CMS Medicare PSI 90: Patient safety and adverse events composite,6,36,1,Not Available,,07/01/2022,06/30/2024
ME,COMP_HIP_KNEE,Rate of complications for hip/knee replacement patients,Not Available,Not Available,Not Available,Not Available,,04/01/2023,03/31/2025
ME,Hybrid_HWM,Hybrid Hospital-Wide All-Cause Risk Standardized Mortality Rate,Not Available,Not Available,Not Available,Not Available,,07/01/2024,06/30/2025
ME,MORT_30_AMI,Death rate for heart attack patients,Not Available,Not Available,Not Available,Not Available,,07/01/2022,06/30/2025
ME,MORT_30_CABG,Death rate for CABG surgery patients,Not Available,Not Available,Not Available,Not Available,,07/01/2022,06/30/2025
ME,MORT_30_COPD,Death rate for COPD patients,Not Available,Not Available,Not Available,Not Available,,07/01/2022,06/30/2025
ME,MORT_30_HF,Death rate for heart failure patients,Not Available,Not Available,Not Available,Not Available,,07/01/2022,06/30/2025
ME,MORT_30_PN,Death rate for pneumonia patients,Not Available,Not Available,Not Available,Not Available,,07/01/2022,06/30/2025
ME,MORT_30_STK,Death rate for stroke patients,Not Available,Not Available,Not Available,Not Available,,07/01/2023,06/30/2025
ME,PSI_03,Pressure ulcer rate,0,17,0,0,,07/01/2022,06/30/2024
ME,PSI_04,Death rate among surgical inpatients with serious treatable complications,0,3,0,12,,07/01/2022,06/30/2024
ME,PSI_06,Iatrogenic pneumothorax rate,0,17,0,0,,07/01/2022,06/30/2024
ME,PSI_08,In-hospital fall-associated fracture rate,0,17,0,0,,07/01/2022,06/30/2024
ME,PSI_09,Postoperative hemorrhage or hematoma rate,1,16,0,0,,07/01/2022,06/30/2024
ME,PSI_10,Postoperative acute kidney injury requiring dialysis rate,0,13,0,4,,07/01/2022,06/30/2024
ME,PSI_11,Postoperative respiratory failure rate,0,13,0,4,,07/01/2022,06/30/2024
ME,PSI_12,Perioperative pulmonary embolism or deep vein thrombosis rate,0,17,0,0,,07/01/2022,06/30/2024
ME,PSI_13,Postoperative sepsis rate,0,13,0,4,,07/01/2022,06/30/2024
ME,PSI_14,Postoperative wound dehiscence rate,0,15,0,2,,07/01/2022,06/30/2024
ME,PSI_15,Abdominopelvic accidental puncture or laceration rate,0,17,0,0,,07/01/2022,06/30/2024
ME,PSI_90,CMS Medicare PSI 90: Patient safety and adverse events composite,0,17,0,Not Available,,07/01/2022,06/30/2024
MI,COMP_HIP_KNEE,Rate of complications for hip/knee replacement patients,Not Available,Not Available,Not Available,Not Available,,04/01/2023,03/31/2025
MI,Hybrid_HWM,Hybrid Hospital-Wide All-Cause Risk Standardized Mortality Rate,Not Available,Not Available,Not Available,Not Available,,07/01/2024,06/30/2025
MI,MORT_30_AMI,Death rate for heart attack patients,Not Available,Not Available,Not Available,Not Available,,07/01/2022,06/30/2025
MI,MORT_30_CABG,Death rate for CABG surgery patients,Not Available,Not Available,Not Available,Not Available,,07/01/2022,06/30/2025
MI,MORT_30_COPD,Death rate for COPD patients,Not Available,Not Available,Not Available,Not Available,,07/01/2022,06/30/2025
MI,MORT_30_HF,Death rate for heart failure patients,Not Available,Not Available,Not Available,Not Available,,07/01/2022,06/30/2025
MI,MORT_30_PN,Death rate for pneumonia patients,Not Available,Not Available,Not Available,Not Available,,07/01/2022,06/30/2025
MI,MORT_30_STK,Death rate for stroke patients,Not Available,Not Available,Not Available,Not Available,,07/01/2023,06/30/2025
MI,PSI_03,Pressure ulcer rate,2,89,0,2,,07/01/2022,06/30/2024
MI,PSI_04,Death rate among surgical inpatients with serious treatable complications,2,44,1,27,,07/01/2022,06/30/2024
MI,PSI_06,Iatrogenic pneumothorax rate,0,93,0,2,,07/01/2022,06/30/2024
MI,PSI_08,In-hospital fall-associated fracture rate,0,93,0,2,,07/01/2022,06/30/2024
MI,PSI_09,Postoperative hemorrhage or hematoma rate,2,82,0,4,,07/01/2022,06/30/2024
MI,PSI_10,Postoperative acute kidney injury requiring dialysis rate,0,74,0,11,,07/01/2022,06/30/2024
MI,PSI_11,Postoperative respiratory failure rate,1,72,1,11,,07/01/2022,06/30/2024
MI,PSI_12,Perioperative pulmonary embolism or deep vein thrombosis rate,1,83,0,4,,07/01/2022,06/30/2024
MI,PSI_13,Postoperative sepsis rate,2,71,1,10,,07/01/2022,06/30/2024
MI,PSI_14,Postoperative wound dehiscence rate,0,73,0,12,,07/01/2022,06/30/2024
MI,PSI_15,Abdominopelvic accidental puncture or laceration rate,1,81,0,6,,07/01/2022,06/30/2024
MI,PSI_90,CMS Medicare PSI 90: Patient safety and adverse events composite,3,81,1,Not Available,,07/01/2022,06/30/2024
MN,COMP_HIP_KNEE,Rate of complications for hip/knee replacement patients,Not Available,Not Available,Not Available,Not Available,,04/01/2023,03/31/2025
MN,Hybrid_HWM,Hybrid Hospital-Wide All-Cause Risk Standardized Mortality Rate,Not Available,Not Available,Not Available,Not Available,,07/01/2024,06/30/2025
MN,MORT_30_AMI,Death rate for heart attack patients,Not Available,Not Available,Not Available,Not Available,,07/01/2022,06/30/2025
MN,MORT_30_CABG,Death rate for CABG surgery patients,Not Available,Not Available,Not Available,Not Available,,07/01/2022,06/30/2025
MN,MORT_30_COPD,Death rate for COPD patients,Not Available,Not Available,Not Available,Not Available,,07/01/2022,06/30/2025
MN,MORT_30_HF,Death rate for heart failure patients,Not Available,Not Available,Not Available,Not Available,,07/01/2022,06/30/2025
MN,MORT_30_PN,Death rate for pneumonia patients,Not Available,Not Available,Not Available,Not Available,,07/01/2022,06/30/2025
MN,MORT_30_STK,Death rate for stroke patients,Not Available,Not Available,Not Available,Not Available,,07/01/2023,06/30/2025
MN,PSI_03,Pressure ulcer rate,2,42,2,2,,07/01/2022,06/30/2024
MN,PSI_04,Death rate among surgical inpatients with serious treatable complications,0,17,1,16,,07/01/2022,06/30/2024
MN,PSI_06,Iatrogenic pneumothorax rate,0,47,0,1,,07/01/2022,06/30/2024
MN,PSI_08,In-hospital fall-associated fracture rate,1,46,0,1,,07/01/2022,06/30/2024
MN,PSI_09,Postoperative hemorrhage or hematoma rate,1,43,0,2,,07/01/2022,06/30/2024
MN,PSI_10,Postoperative acute kidney injury requiring dialysis rate,0,40,0,6,,07/01/2022,06/30/2024
MN,PSI_11,Postoperative respiratory failure rate,0,38,1,7,,07/01/2022,06/30/2024
MN,PSI_12,Perioperative pulmonary embolism or deep vein thrombosis rate,0,46,0,1,,07/01/2022,06/30/2024
MN,PSI_13,Postoperative sepsis rate,0,36,1,9,,07/01/2022,06/30/2024
MN,PSI_14,Postoperative wound dehiscence rate,1,31,0,14,,07/01/2022,06/30/2024
MN,PSI_15,Abdominopelvic accidental puncture or laceration rate,0,43,0,3,,07/01/2022,06/30/2024
MN,PSI_90,CMS Medicare PSI 90: Patient safety and adverse events composite,0,45,1,Not Available,,07/01/2022,06/30/2024
MO,COMP_HIP_KNEE,Rate of complications for hip/knee replacement patients,Not Available,Not Available,Not Available,Not Available,,04/01/2023,03/31/2025
MO,Hybrid_HWM,Hybrid Hospital-Wide All-Cause Risk Standardized Mortality Rate,Not Available,Not Available,Not Available,Not Available,,07/01/2024,06/30/2025
MO,MORT_30_AMI,Death rate for heart attack patients,Not Available,Not Available,Not Available,Not Available,,07/01/2022,06/30/2025
MO,MORT_30_CABG,Death rate for CABG surgery patients,Not Available,Not Available,Not Available,Not Available,,07/01/2022,06/30/2025
MO,MORT_30_COPD,Death rate for COPD patients,Not Available,Not Available,Not Available,Not Available,,07/01/2022,06/30/2025
MO,MORT_30_HF,Death rate for heart failure patients,Not Available,Not Available,Not Available,Not Available,,07/01/2022,06/30/2025
MO,MORT_30_PN,Death rate for pneumonia patients,Not Available,Not Available,Not Available,Not Available,,07/01/2022,06/30/2025
MO,MORT_30_STK,Death rate for stroke patients,Not Available,Not Available,Not Available,Not Available,,07/01/2023,06/30/2025
MO,PSI_03,Pressure ulcer rate,3,66,1,0,,07/01/2022,06/30/2024
MO,PSI_04,Death rate among surgical inpatients with serious treatable complications,1,38,0,22,,07/01/2022,06/30/2024
MO,PSI_06,Iatrogenic pneumothorax rate,0,70,0,0,,07/01/2022,06/30/2024
MO,PSI_08,In-hospital fall-associated fracture rate,0,70,0,0,,07/01/2022,06/30/2024
MO,PSI_09,Postoperative hemorrhage or hematoma rate,0,63,0,5,,07/01/2022,06/30/2024
MO,PSI_10,Postoperative acute kidney injury requiring dialysis rate,0,58,0,8,,07/01/2022,06/30/2024
MO,PSI_11,Postoperative respiratory failure rate,2,57,0,7,,07/01/2022,06/30/2024
MO,PSI_12,Perioperative pulmonary embolism or deep vein thrombosis rate,2,62,0,4,,07/01/2022,06/30/2024
MO,PSI_13,Postoperative sepsis rate,1,56,0,8,,07/01/2022,06/30/2024
MO,PSI_14,Postoperative wound dehiscence rate,0,57,0,11,,07/01/2022,06/30/2024
MO,PSI_15,Abdominopelvic accidental puncture or laceration rate,0,63,0,6,,07/01/2022,06/30/2024
MO,PSI_90,CMS Medicare PSI 90: Patient safety and adverse events composite,1,66,1,Not Available,,07/01/2022,06/30/2024
MP,COMP_HIP_KNEE,Rate of complications for hip/knee replacement patients,Not Available,Not Available,Not Available,Not Available,5,04/01/2023,03/31/2025
MP,Hybrid_HWM,Hybrid Hospital-Wide All-Cause Risk Standardized Mortality Rate,Not Available,Not Available,Not Available,Not Available,5,07/01/2024,06/30/2025
MP,MORT_30_AMI,Death rate for heart attack patients,Not Available,Not Available,Not Available,Not Available,5,07/01/2022,06/30/2025
MP,MORT_30_CABG,Death rate for CABG surgery patients,Not Available,Not Available,Not Available,Not Available,5,07/01/2022,06/30/2025
MP,MORT_30_COPD,Death rate for COPD patients,Not Available,Not Available,Not Available,Not Available,5,07/01/2022,06/30/2025
MP,MORT_30_HF,Death rate for heart failure patients,Not Available,Not Available,Not Available,Not Available,5,07/01/2022,06/30/2025
MP,MORT_30_PN,Death rate for pneumonia patients,Not Available,Not Available,Not Available,Not Available,5,07/01/2022,06/30/2025
MP,MORT_30_STK,Death rate for stroke patients,Not Available,Not Available,Not Available,Not Available,5,07/01/2023,06/30/2025
MP,PSI_03,Pressure ulcer rate,Not Available,Not Available,Not Available,Not Available,5,07/01/2022,06/30/2024
MP,PSI_04,Death rate among surgical inpatients with serious treatable complications,Not Available,Not Available,Not Available,Not Available,5,07/01/2022,06/30/2024
MP,PSI_06,Iatrogenic pneumothorax rate,Not Available,Not Available,Not Available,Not Available,5,07/01/2022,06/30/2024
MP,PSI_08,In-hospital fall-associated fracture rate,Not Available,Not Available,Not Available,Not Available,5,07/01/2022,06/30/2024
MP,PSI_09,Postoperative hemorrhage or hematoma rate,Not Available,Not Available,Not Available,Not Available,5,07/01/2022,06/30/2024
MP,PSI_10,Postoperative acute kidney injury requiring dialysis rate,Not Available,Not Available,Not Available,Not Available,5,07/01/2022,06/30/2024
MP,PSI_11,Postoperative respiratory failure rate,Not Available,Not Available,Not Available,Not Available,5,07/01/2022,06/30/2024
MP,PSI_12,Perioperative pulmonary embolism or deep vein thrombosis rate,Not Available,Not Available,Not Available,Not Available,5,07/01/2022,06/30/2024
MP,PSI_13,Postoperative sepsis rate,Not Available,Not Available,Not Available,Not Available,5,07/01/2022,06/30/2024
MP,PSI_14,Postoperative wound dehiscence rate,Not Available,Not Available,Not Available,Not Available,5,07/01/2022,06/30/2024
MP,PSI_15,Abdominopelvic accidental puncture or laceration rate,Not Available,Not Available,Not Available,Not Available,5,07/01/2022,06/30/2024
MP,PSI_90,CMS Medicare PSI 90: Patient safety and adverse events composite,Not Available,Not Available,Not Available,Not Available,5,07/01/2022,06/30/2024
MS,COMP_HIP_KNEE,Rate of complications for hip/knee replacement patients,Not Available,Not Available,Not Available,Not Available,,04/01/2023,03/31/2025
MS,Hybrid_HWM,Hybrid Hospital-Wide All-Cause Risk Standardized Mortality Rate,Not Available,Not Available,Not Available,Not Available,,07/01/2024,06/30/2025
MS,MORT_30_AMI,Death rate for heart attack patients,Not Available,Not Available,Not Available,Not Available,,07/01/2022,06/30/2025
MS,MORT_30_CABG,Death rate for CABG surgery patients,Not Available,Not Available,Not Available,Not Available,,07/01/2022,06/30/2025
MS,MORT_30_COPD,Death rate for COPD patients,Not Available,Not Available,Not Available,Not Available,,07/01/2022,06/30/2025
MS,MORT_30_HF,Death rate for heart failure patients,Not Available,Not Available,Not Available,Not Available,,07/01/2022,06/30/2025
MS,MORT_30_PN,Death rate for pneumonia patients,Not Available,Not Available,Not Available,Not Available,,07/01/2022,06/30/2025
MS,MORT_30_STK,Death rate for stroke patients,Not Available,Not Available,Not Available,Not Available,,07/01/2023,06/30/2025
MS,PSI_03,Pressure ulcer rate,3,55,0,4,,07/01/2022,06/30/2024
MS,PSI_04,Death rate among surgical inpatients with serious treatable complications,1,17,0,16,,07/01/2022,06/30/2024
MS,PSI_06,Iatrogenic pneumothorax rate,1,58,0,3,,07/01/2022,06/30/2024
MS,PSI_08,In-hospital fall-associated fracture rate,0,59,0,3,,07/01/2022,06/30/2024
MS,PSI_09,Postoperative hemorrhage or hematoma rate,1,41,0,3,,07/01/2022,06/30/2024
MS,PSI_10,Postoperative acute kidney injury requiring dialysis rate,0,33,0,10,,07/01/2022,06/30/2024
MS,PSI_11,Postoperative respiratory failure rate,0,33,0,10,,07/01/2022,06/30/2024
MS,PSI_12,Perioperative pulmonary embolism or deep vein thrombosis rate,4,38,0,3,,07/01/2022,06/30/2024
MS,PSI_13,Postoperative sepsis rate,1,30,0,11,,07/01/2022,06/30/2024
MS,PSI_14,Postoperative wound dehiscence rate,0,34,0,8,,07/01/2022,06/30/2024
MS,PSI_15,Abdominopelvic accidental puncture or laceration rate,0,40,0,3,,07/01/2022,06/30/2024
MS,PSI_90,CMS Medicare PSI 90: Patient safety and adverse events composite,4,39,0,Not Available,,07/01/2022,06/30/2024
MT,COMP_HIP_KNEE,Rate of complications for hip/knee replacement patients,Not Available,Not Available,Not Available,Not Available,,04/01/2023,03/31/2025
MT,Hybrid_HWM,Hybrid Hospital-Wide All-Cause Risk Standardized Mortality Rate,Not Available,Not Available,Not Available,Not Available,,07/01/2024,06/30/2025
MT,MORT_30_AMI,Death rate for heart attack patients,Not Available,Not Available,Not Available,Not Available,,07/01/2022,06/30/2025
MT,MORT_30_CABG,Death rate for CABG surgery patients,Not Available,Not Available,Not Available,Not Available,,07/01/2022,06/30/2025
MT,MORT_30_COPD,Death rate for COPD patients,Not Available,Not Available,Not Available,Not Available,,07/01/2022,06/30/2025
MT,MORT_30_HF,Death rate for heart failure patients,Not Available,Not Available,Not Available,Not Available,,07/01/2022,06/30/2025
MT,MORT_30_PN,Death rate for pneumonia patients,Not Available,Not Available,Not Available,Not Available,,07/01/2022,06/30/2025
MT,MORT_30_STK,Death rate for stroke patients,Not Available,Not Available,Not Available,Not Available,,07/01/2023,06/30/2025
MT,PSI_03,Pressure ulcer rate,1,11,0,0,,07/01/2022,06/30/2024
MT,PSI_04,Death rate among surgical inpatients with serious treatable complications,0,8,0,2,,07/01/2022,06/30/2024
MT,PSI_06,Iatrogenic pneumothorax rate,0,12,0,0,,07/01/2022,06/30/2024
MT,PSI_08,In-hospital fall-associated fracture rate,0,12,0,0,,07/01/2022,06/30/2024
MT,PSI_09,Postoperative hemorrhage or hematoma rate,0,11,0,0,,07/01/2022,06/30/2024
MT,PSI_10,Postoperative acute kidney injury requiring dialysis rate,0,11,0,0,,07/01/2022,06/30/2024
MT,PSI_11,Postoperative respiratory failure rate,1,9,1,0,,07/01/2022,06/30/2024
MT,PSI_12,Perioperative pulmonary embolism or deep vein thrombosis rate,0,11,0,0,,07/01/2022,06/30/2024
MT,PSI_13,Postoperative sepsis rate,0,10,0,1,,07/01/2022,06/30/2024
MT,PSI_14,Postoperative wound dehiscence rate,0,10,0,0,,07/01/2022,06/30/2024
MT,PSI_15,Abdominopelvic accidental puncture or laceration rate,1,10,0,0,,07/01/2022,06/30/2024
MT,PSI_90,CMS Medicare PSI 90: Patient safety and adverse events composite,3,7,1,Not Available,,07/01/2022,06/30/2024
NC,COMP_HIP_KNEE,Rate of complications for hip/knee replacement patients,Not Available,Not Available,Not Available,Not Available,,04/01/2023,03/31/2025
NC,Hybrid_HWM,Hybrid Hospital-Wide All-Cause Risk Standardized Mortality Rate,Not Available,Not Available,Not Available,Not Available,,07/01/2024,06/30/2025
NC,MORT_30_AMI,Death rate for heart attack patients,Not Available,Not Available,Not Available,Not Available,,07/01/2022,06/30/2025
NC,MORT_30_CABG,Death rate for CABG surgery patients,Not Available,Not Available,Not Available,Not Available,,07/01/2022,06/30/2025
NC,MORT_30_COPD,Death rate for COPD patients,Not Available,Not Available,Not Available,Not Available,,07/01/2022,06/30/2025
NC,MORT_30_HF,Death rate for heart failure patients,Not Available,Not Available,Not Available,Not Available,,07/01/2022,06/30/2025
NC,MORT_30_PN,Death rate for pneumonia patients,Not Available,Not Available,Not Available,Not Available,,07/01/2022,06/30/2025
NC,MORT_30_STK,Death rate for stroke patients,Not Available,Not Available,Not Available,Not Available,,07/01/2023,06/30/2025
NC,PSI_03,Pressure ulcer rate,6,80,2,0,,07/01/2022,06/30/2024
NC,PSI_04,Death rate among surgical inpatients with serious treatable complications,4,35,0,33,,07/01/2022,06/30/2024
NC,PSI_06,Iatrogenic pneumothorax rate,0,88,0,0,,07/01/2022,06/30/2024
NC,PSI_08,In-hospital fall-associated fracture rate,0,88,0,0,,07/01/2022,06/30/2024
NC,PSI_09,Postoperative hemorrhage or hematoma rate,0,82,0,2,,07/01/2022,06/30/2024
NC,PSI_10,Postoperative acute kidney injury requiring dialysis rate,1,63,0,18,,07/01/2022,06/30/2024
NC,PSI_11,Postoperative respiratory failure rate,2,63,1,16,,07/01/2022,06/30/2024
NC,PSI_12,Perioperative pulmonary embolism or deep vein thrombosis rate,1,80,1,2,,07/01/2022,06/30/2024
NC,PSI_13,Postoperative sepsis rate,0,60,2,17,,07/01/2022,06/30/2024
NC,PSI_14,Postoperative wound dehiscence rate,0,72,0,9,,07/01/2022,06/30/2024
NC,PSI_15,Abdominopelvic accidental puncture or laceration rate,0,79,0,4,,07/01/2022,06/30/2024
NC,PSI_90,CMS Medicare PSI 90: Patient safety and adverse events composite,1,81,2,Not Available,,07/01/2022,06/30/2024
ND,COMP_HIP_KNEE,Rate of complications for hip/knee replacement patients,Not Available,Not Available,Not Available,Not Available,,04/01/2023,03/31/2025
ND,Hybrid_HWM,Hybrid Hospital-Wide All-Cause Risk Standardized Mortality Rate,Not Available,Not Available,Not Available,Not Available,,07/01/2024,06/30/2025
ND,MORT_30_AMI,Death rate for heart attack patients,Not Available,Not Available,Not Available,Not Available,,07/01/2022,06/30/2025
ND,MORT_30_CABG,Death rate for CABG surgery patients,Not Available,Not Available,Not Available,Not Available,,07/01/2022,06/30/2025
ND,MORT_30_COPD,Death rate for COPD patients,Not Available,Not Available,Not Available,Not Available,,07/01/2022,06/30/2025
ND,MORT_30_HF,Death rate for heart failure patients,Not Available,Not Available,Not Available,Not Available,,07/01/2022,06/30/2025
ND,MORT_30_PN,Death rate for pneumonia patients,Not Available,Not Available,Not Available,Not Available,,07/01/2022,06/30/2025
ND,MORT_30_STK,Death rate for stroke patients,Not Available,Not Available,Not Available,Not Available,,07/01/2023,06/30/2025
ND,PSI_03,Pressure ulcer rate,0,8,0,0,,07/01/2022,06/30/2024
ND,PSI_04,Death rate among surgical inpatients with serious treatable complications,0,6,0,1,,07/01/2022,06/30/2024
ND,PSI_06,Iatrogenic pneumothorax rate,0,8,0,0,,07/01/2022,06/30/2024
ND,PSI_08,In-hospital fall-associated fracture rate,0,8,0,0,,07/01/2022,06/30/2024
ND,PSI_09,Postoperative hemorrhage or hematoma rate,0,7,0,0,,07/01/2022,06/30/2024
ND,PSI_10,Postoperative acute kidney injury requiring dialysis rate,0,7,0,0,,07/01/2022,06/30/2024
ND,PSI_11,Postoperative respiratory failure rate,0,7,0,0,,07/01/2022,06/30/2024
ND,PSI_12,Perioperative pulmonary embolism or deep vein thrombosis rate,0,7,0,0,,07/01/2022,06/30/2024
ND,PSI_13,Postoperative sepsis rate,0,7,0,0,,07/01/2022,06/30/2024
ND,PSI_14,Postoperative wound dehiscence rate,0,7,0,0,,07/01/2022,06/30/2024
ND,PSI_15,Abdominopelvic accidental puncture or laceration rate,1,6,0,0,,07/01/2022,06/30/2024
ND,PSI_90,CMS Medicare PSI 90: Patient safety and adverse events composite,0,7,0,Not Available,,07/01/2022,06/30/2024
NE,COMP_HIP_KNEE,Rate of complications for hip/knee replacement patients,Not Available,Not Available,Not Available,Not Available,,04/01/2023,03/31/2025
NE,Hybrid_HWM,Hybrid Hospital-Wide All-Cause Risk Standardized Mortality Rate,Not Available,Not Available,Not Available,Not Available,,07/01/2024,06/30/2025
NE,MORT_30_AMI,Death rate for heart attack patients,Not Available,Not Available,Not Available,Not Available,,07/01/2022,06/30/2025
NE,MORT_30_CABG,Death rate for CABG surgery patients,Not Available,Not Available,Not Available,Not Available,,07/01/2022,06/30/2025
NE,MORT_30_COPD,Death rate for COPD patients,Not Available,Not Available,Not Available,Not Available,,07/01/2022,06/30/2025
NE,MORT_30_HF,Death rate for heart failure patients,Not Available,Not Available,Not Available,Not Available,,07/01/2022,06/30/2025
NE,MORT_30_PN,Death rate for pneumonia patients,Not Available,Not Available,Not Available,Not Available,,07/01/2022,06/30/2025
NE,MORT_30_STK,Death rate for stroke patients,Not Available,Not Available,Not Available,Not Available,,07/01/2023,06/30/2025
NE,PSI_03,Pressure ulcer rate,1,23,1,0,,07/01/2022,06/30/2024
NE,PSI_04,Death rate among surgical inpatients with serious treatable complications,1,11,0,9,,07/01/2022,06/30/2024
NE,PSI_06,Iatrogenic pneumothorax rate,1,24,0,0,,07/01/2022,06/30/2024
NE,PSI_08,In-hospital fall-associated fracture rate,0,25,0,0,,07/01/2022,06/30/2024
NE,PSI_09,Postoperative hemorrhage or hematoma rate,1,24,0,0,,07/01/2022,06/30/2024
NE,PSI_10,Postoperative acute kidney injury requiring dialysis rate,0,24,0,1,,07/01/2022,06/30/2024
NE,PSI_11,Postoperative respiratory failure rate,0,23,1,1,,07/01/2022,06/30/2024
NE,PSI_12,Perioperative pulmonary embolism or deep vein thrombosis rate,0,25,0,0,,07/01/2022,06/30/2024
NE,PSI_13,Postoperative sepsis rate,0,23,1,1,,07/01/2022,06/30/2024
NE,PSI_14,Postoperative wound dehiscence rate,0,22,0,2,,07/01/2022,06/30/2024
NE,PSI_15,Abdominopelvic accidental puncture or laceration rate,0,24,0,1,,07/01/2022,06/30/2024
NE,PSI_90,CMS Medicare PSI 90: Patient safety and adverse events composite,0,24,1,Not Available,,07/01/2022,06/30/2024
NH,COMP_HIP_KNEE,Rate of complications for hip/knee replacement patients,Not Available,Not Available,Not Available,Not Available,,04/01/2023,03/31/2025
NH,Hybrid_HWM,Hybrid Hospital-Wide All-Cause Risk Standardized Mortality Rate,Not Available,Not Available,Not Available,Not Available,,07/01/2024,06/30/2025
NH,MORT_30_AMI,Death rate for heart attack patients,Not Available,Not Available,Not Available,Not Available,,07/01/2022,06/30/2025
NH,MORT_30_CABG,Death rate for CABG surgery patients,Not Available,Not Available,Not Available,Not Available,,07/01/2022,06/30/2025
NH,MORT_30_COPD,Death rate for COPD patients,Not Available,Not Available,Not Available,Not Available,,07/01/2022,06/30/2025
NH,MORT_30_HF,Death rate for heart failure patients,Not Available,Not Available,Not Available,Not Available,,07/01/2022,06/30/2025
NH,MORT_30_PN,Death rate for pneumonia patients,Not Available,Not Available,Not Available,Not Available,,07/01/2022,06/30/2025
NH,MORT_30_STK,Death rate for stroke patients,Not Available,Not Available,Not Available,Not Available,,07/01/2023,06/30/2025
NH,PSI_03,Pressure ulcer rate,1,12,0,0,,07/01/2022,06/30/2024
NH,PSI_04,Death rate among surgical inpatients with serious treatable complications,1,7,0,5,,07/01/2022,06/30/2024
NH,PSI_06,Iatrogenic pneumothorax rate,0,13,0,0,,07/01/2022,06/30/2024
NH,PSI_08,In-hospital fall-associated fracture rate,0,13,0,0,,07/01/2022,06/30/2024
NH,PSI_09,Postoperative hemorrhage or hematoma rate,1,12,0,0,,07/01/2022,06/30/2024
NH,PSI_10,Postoperative acute kidney injury requiring dialysis rate,0,12,0,1,,07/01/2022,06/30/2024
NH,PSI_11,Postoperative respiratory failure rate,1,11,0,1,,07/01/2022,06/30/2024
NH,PSI_12,Perioperative pulmonary embolism or deep vein thrombosis rate,0,13,0,0,,07/01/2022,06/30/2024
NH,PSI_13,Postoperative sepsis rate,0,12,0,1,,07/01/2022,06/30/2024
NH,PSI_14,Postoperative wound dehiscence rate,0,12,0,1,,07/01/2022,06/30/2024
NH,PSI_15,Abdominopelvic accidental puncture or laceration rate,0,13,0,0,,07/01/2022,06/30/2024
NH,PSI_90,CMS Medicare PSI 90: Patient safety and adverse events composite,1,12,0,Not Available,,07/01/2022,06/30/2024
NJ,COMP_HIP_KNEE,Rate of complications for hip/knee replacement patients,Not Available,Not Available,Not Available,Not Available,,04/01/2023,03/31/2025
NJ,Hybrid_HWM,Hybrid Hospital-Wide All-Cause Risk Standardized Mortality Rate,Not Available,Not Available,Not Available,Not Available,,07/01/2024,06/30/2025
NJ,MORT_30_AMI,Death rate for heart attack patients,Not Available,Not Available,Not Available,Not Available,,07/01/2022,06/30/2025
NJ,MORT_30_CABG,Death rate for CABG surgery patients,Not Available,Not Available,Not Available,Not Available,,07/01/2022,06/30/2025
NJ,MORT_30_COPD,Death rate for COPD patients,Not Available,Not Available,Not Available,Not Available,,07/01/2022,06/30/2025
NJ,MORT_30_HF,Death rate for heart failure patients,Not Available,Not Available,Not Available,Not Available,,07/01/2022,06/30/2025
NJ,MORT_30_PN,Death rate for pneumonia patients,Not Available,Not Available,Not Available,Not Available,,07/01/2022,06/30/2025
NJ,MORT_30_STK,Death rate for stroke patients,Not Available,Not Available,Not Available,Not Available,,07/01/2023,06/30/2025
NJ,PSI_03,Pressure ulcer rate,4,61,0,0,,07/01/2022,06/30/2024
NJ,PSI_04,Death rate among surgical inpatients with serious treatable complications,1,45,1,15,,07/01/2022,06/30/2024
NJ,PSI_06,Iatrogenic pneumothorax rate,0,65,0,0,,07/01/2022,06/30/2024
NJ,PSI_08,In-hospital fall-associated fracture rate,0,65,0,0,,07/01/2022,06/30/2024
NJ,PSI_09,Postoperative hemorrhage or hematoma rate,0,64,0,1,,07/01/2022,06/30/2024
NJ,PSI_10,Postoperative acute kidney injury requiring dialysis rate,1,54,0,9,,07/01/2022,06/30/2024
NJ,PSI_11,Postoperative respiratory failure rate,2,51,2,9,,07/01/2022,06/30/2024
NJ,PSI_12,Perioperative pulmonary embolism or deep vein thrombosis rate,3,61,0,1,,07/01/2022,06/30/2024
NJ,PSI_13,Postoperative sepsis rate,1,52,1,10,,07/01/2022,06/30/2024
NJ,PSI_14,Postoperative wound dehiscence rate,0,59,0,5,,07/01/2022,06/30/2024
NJ,PSI_15,Abdominopelvic accidental puncture or laceration rate,0,63,0,2,,07/01/2022,06/30/2024
NJ,PSI_90,CMS Medicare PSI 90: Patient safety and adverse events composite,3,57,4,Not Available,,07/01/2022,06/30/2024
NM,COMP_HIP_KNEE,Rate of complications for hip/knee replacement patients,Not Available,Not Available,Not Available,Not Available,,04/01/2023,03/31/2025
NM,Hybrid_HWM,Hybrid Hospital-Wide All-Cause Risk Standardized Mortality Rate,Not Available,Not Available,Not Available,Not Available,,07/01/2024,06/30/2025
NM,MORT_30_AMI,Death rate for heart attack patients,Not Available,Not Available,Not Available,Not Available,,07/01/2022,06/30/2025
NM,MORT_30_CABG,Death rate for CABG surgery patients,Not Available,Not Available,Not Available,Not Available,,07/01/2022,06/30/2025
NM,MORT_30_COPD,Death rate for COPD patients,Not Available,Not Available,Not Available,Not Available,,07/01/2022,06/30/2025
NM,MORT_30_HF,Death rate for heart failure patients,Not Available,Not Available,Not Available,Not Available,,07/01/2022,06/30/2025
NM,MORT_30_PN,Death rate for pneumonia patients,Not Available,Not Available,Not Available,Not Available,,07/01/2022,06/30/2025
NM,MORT_30_STK,Death rate for stroke patients,Not Available,Not Available,Not Available,Not Available,,07/01/2023,06/30/2025
NM,PSI_03,Pressure ulcer rate,5,25,0,0,,07/01/2022,06/30/2024
NM,PSI_04,Death rate among surgical inpatients with serious treatable complications,1,7,0,14,,07/01/2022,06/30/2024
NM,PSI_06,Iatrogenic pneumothorax rate,0,30,0,0,,07/01/2022,06/30/2024
NM,PSI_08,In-hospital fall-associated fracture rate,0,30,0,0,,07/01/2022,06/30/2024
NM,PSI_09,Postoperative hemorrhage or hematoma rate,0,23,0,4,,07/01/2022,06/30/2024
NM,PSI_10,Postoperative acute kidney injury requiring dialysis rate,0,17,0,4,,07/01/2022,06/30/2024
NM,PSI_11,Postoperative respiratory failure rate,1,16,0,5,,07/01/2022,06/30/2024
NM,PSI_12,Perioperative pulmonary embolism or deep vein thrombosis rate,1,22,0,4,,07/01/2022,06/30/2024
NM,PSI_13,Postoperative sepsis rate,0,16,0,5,,07/01/2022,06/30/2024
NM,PSI_14,Postoperative wound dehiscence rate,0,19,0,7,,07/01/2022,06/30/2024
NM,PSI_15,Abdominopelvic accidental puncture or laceration rate,0,24,0,4,,07/01/2022,06/30/2024
NM,PSI_90,CMS Medicare PSI 90: Patient safety and adverse events composite,5,22,0,Not Available,,07/01/2022,06/30/2024
NV,COMP_HIP_KNEE,Rate of complications for hip/knee replacement patients,Not Available,Not Available,Not Available,Not Available,,04/01/2023,03/31/2025
NV,Hybrid_HWM,Hybrid Hospital-Wide All-Cause Risk Standardized Mortality Rate,Not Available,Not Available,Not Available,Not Available,,07/01/2024,06/30/2025
NV,MORT_30_AMI,Death rate for heart attack patients,Not Available,Not Available,Not Available,Not Available,,07/01/2022,06/30/2025
NV,MORT_30_CABG,Death rate for CABG surgery patients,Not Available,Not Available,Not Available,Not Available,,07/01/2022,06/30/2025
NV,MORT_30_COPD,Death rate for COPD patients,Not Available,Not Available,Not Available,Not Available,,07/01/2022,06/30/2025
NV,MORT_30_HF,Death rate for heart failure patients,Not Available,Not Available,Not Available,Not Available,,07/01/2022,06/30/2025
NV,MORT_30_PN,Death rate for pneumonia patients,Not Available,Not Available,Not Available,Not Available,,07/01/2022,06/30/2025
NV,MORT_30_STK,Death rate for stroke patients,Not Available,Not Available,Not Available,Not Available,,07/01/2023,06/30/2025
NV,PSI_03,Pressure ulcer rate,0,22,2,0,,07/01/2022,06/30/2024
NV,PSI_04,Death rate among surgical inpatients with serious treatable complications,1,15,1,5,,07/01/2022,06/30/2024
NV,PSI_06,Iatrogenic pneumothorax rate,0,24,0,0,,07/01/2022,06/30/2024
NV,PSI_08,In-hospital fall-associated fracture rate,0,24,0,0,,07/01/2022,06/30/2024
NV,PSI_09,Postoperative hemorrhage or hematoma rate,1,21,0,0,,07/01/2022,06/30/2024
NV,PSI_10,Postoperative acute kidney injury requiring dialysis rate,0,21,0,1,,07/01/2022,06/30/2024
NV,PSI_11,Postoperative respiratory failure rate,1,21,0,0,,07/01/2022,06/30/2024
NV,PSI_12,Perioperative pulmonary embolism or deep vein thrombosis rate,0,22,0,0,,07/01/2022,06/30/2024
NV,PSI_13,Postoperative sepsis rate,1,20,0,1,,07/01/2022,06/30/2024
NV,PSI_14,Postoperative wound dehiscence rate,0,21,0,1,,07/01/2022,06/30/2024
NV,PSI_15,Abdominopelvic accidental puncture or laceration rate,0,22,0,0,,07/01/2022,06/30/2024
NV,PSI_90,CMS Medicare PSI 90: Patient safety and adverse events composite,0,22,0,Not Available,,07/01/2022,06/30/2024
NY,COMP_HIP_KNEE,Rate of complications for hip/knee replacement patients,Not Available,Not Available,Not Available,Not Available,,04/01/2023,03/31/2025
NY,Hybrid_HWM,Hybrid Hospital-Wide All-Cause Risk Standardized Mortality Rate,Not Available,Not Available,Not Available,Not Available,,07/01/2024,06/30/2025
NY,MORT_30_AMI,Death rate for heart attack patients,Not Available,Not Available,Not Available,Not Available,,07/01/2022,06/30/2025
NY,MORT_30_CABG,Death rate for CABG surgery patients,Not Available,Not Available,Not Available,Not Available,,07/01/2022,06/30/2025
NY,MORT_30_COPD,Death rate for COPD patients,Not Available,Not Available,Not Available,Not Available,,07/01/2022,06/30/2025
NY,MORT_30_HF,Death rate for heart failure patients,Not Available,Not Available,Not Available,Not Available,,07/01/2022,06/30/2025
NY,MORT_30_PN,Death rate for pneumonia patients,Not Available,Not Available,Not Available,Not Available,,07/01/2022,06/30/2025
NY,MORT_30_STK,Death rate for stroke patients,Not Available,Not Available,Not Available,Not Available,,07/01/2023,06/30/2025
NY,PSI_03,Pressure ulcer rate,23,112,4,0,,07/01/2022,06/30/2024
NY,PSI_04,Death rate among surgical inpatients with serious treatable complications,4,69,2,51,,07/01/2022,06/30/2024
NY,PSI_06,Iatrogenic pneumothorax rate,0,139,0,1,,07/01/2022,06/30/2024
NY,PSI_08,In-hospital fall-associated fracture rate,1,137,1,1,,07/01/2022,06/30/2024
NY,PSI_09,Postoperative hemorrhage or hematoma rate,3,128,1,3,,07/01/2022,06/30/2024
NY,PSI_10,Postoperative acute kidney injury requiring dialysis rate,0,110,1,22,,07/01/2022,06/30/2024
NY,PSI_11,Postoperative respiratory failure rate,4,104,3,22,,07/01/2022,06/30/2024
NY,PSI_12,Perioperative pulmonary embolism or deep vein thrombosis rate,4,126,2,3,,07/01/2022,06/30/2024
NY,PSI_13,Postoperative sepsis rate,2,107,2,21,,07/01/2022,06/30/2024
NY,PSI_14,Postoperative wound dehiscence rate,0,116,0,17,,07/01/2022,06/30/2024
NY,PSI_15,Abdominopelvic accidental puncture or laceration rate,1,129,1,3,,07/01/2022,06/30/2024
NY,PSI_90,CMS Medicare PSI 90: Patient safety and adverse events composite,20,110,4,Not Available,,07/01/2022,06/30/2024
OH,COMP_HIP_KNEE,Rate of complications for hip/knee replacement patients,Not Available,Not Available,Not Available,Not Available,,04/01/2023,03/31/2025
OH,Hybrid_HWM,Hybrid Hospital-Wide All-Cause Risk Standardized Mortality Rate,Not Available,Not Available,Not Available,Not Available,,07/01/2024,06/30/2025
OH,MORT_30_AMI,Death rate for heart attack patients,Not Available,Not Available,Not Available,Not Available,,07/01/2022,06/30/2025
OH,MORT_30_CABG,Death rate for CABG surgery patients,Not Available,Not Available,Not Available,Not Available,,07/01/2022,06/30/2025
OH,MORT_30_COPD,Death rate for COPD patients,Not Available,Not Available,Not Available,Not Available,,07/01/2022,06/30/2025
OH,MORT_30_HF,Death rate for heart failure patients,Not Available,Not Available,Not Available,Not Available,,07/01/2022,06/30/2025
OH,MORT_30_PN,Death rate for pneumonia patients,Not Available,Not Available,Not Available,Not Available,,07/01/2022,06/30/2025
OH,MORT_30_STK,Death rate for stroke patients,Not Available,Not Available,Not Available,Not Available,,07/01/2023,06/30/2025
OH,PSI_03,Pressure ulcer rate,7,114,2,0,,07/01/2022,06/30/2024
OH,PSI_04,Death rate among surgical inpatients with serious treatable complications,0,56,2,46,,07/01/2022,06/30/2024
OH,PSI_06,Iatrogenic pneumothorax rate,0,123,0,0,,07/01/2022,06/30/2024
OH,PSI_08,In-hospital fall-associated fracture rate,0,123,0,0,,07/01/2022,06/30/2024
OH,PSI_09,Postoperative hemorrhage or hematoma rate,0,118,0,1,,07/01/2022,06/30/2024
OH,PSI_10,Postoperative acute kidney injury requiring dialysis rate,0,107,0,10,,07/01/2022,06/30/2024
OH,PSI_11,Postoperative respiratory failure rate,3,103,2,10,,07/01/2022,06/30/2024
OH,PSI_12,Perioperative pulmonary embolism or deep vein thrombosis rate,1,117,0,1,,07/01/2022,06/30/2024
OH,PSI_13,Postoperative sepsis rate,1,101,2,14,,07/01/2022,06/30/2024
OH,PSI_14,Postoperative wound dehiscence rate,0,101,0,16,,07/01/2022,06/30/2024
OH,PSI_15,Abdominopelvic accidental puncture or laceration rate,1,114,0,4,,07/01/2022,06/30/2024
OH,PSI_90,CMS Medicare PSI 90: Patient safety and adverse events composite,9,105,4,Not Available,,07/01/2022,06/30/2024
OK,COMP_HIP_KNEE,Rate of complications for hip/knee replacement patients,Not Available,Not Available,Not Available,Not Available,,04/01/2023,03/31/2025
OK,Hybrid_HWM,Hybrid Hospital-Wide All-Cause Risk Standardized Mortality Rate,Not Available,Not Available,Not Available,Not Available,,07/01/2024,06/30/2025
OK,MORT_30_AMI,Death rate for heart attack patients,Not Available,Not Available,Not Available,Not Available,,07/01/2022,06/30/2025
OK,MORT_30_CABG,Death rate for CABG surgery patients,Not Available,Not Available,Not Available,Not Available,,07/01/2022,06/30/2025
OK,MORT_30_COPD,Death rate for COPD patients,Not Available,Not Available,Not Available,Not Available,,07/01/2022,06/30/2025
OK,MORT_30_HF,Death rate for heart failure patients,Not Available,Not Available,Not Available,Not Available,,07/01/2022,06/30/2025
OK,MORT_30_PN,Death rate for pneumonia patients,Not Available,Not Available,Not Available,Not Available,,07/01/2022,06/30/2025
OK,MORT_30_STK,Death rate for stroke patients,Not Available,Not Available,Not Available,Not Available,,07/01/2023,06/30/2025
OK,PSI_03,Pressure ulcer rate,2,75,1,2,,07/01/2022,06/30/2024
OK,PSI_04,Death rate among surgical inpatients with serious treatable complications,0,24,0,19,,07/01/2022,06/30/2024
OK,PSI_06,Iatrogenic pneumothorax rate,1,78,0,2,,07/01/2022,06/30/2024
OK,PSI_08,In-hospital fall-associated fracture rate,1,78,0,2,,07/01/2022,06/30/2024
OK,PSI_09,Postoperative hemorrhage or hematoma rate,1,57,0,10,,07/01/2022,06/30/2024
OK,PSI_10,Postoperative acute kidney injury requiring dialysis rate,0,50,0,12,,07/01/2022,06/30/2024
OK,PSI_11,Postoperative respiratory failure rate,3,47,0,13,,07/01/2022,06/30/2024
OK,PSI_12,Perioperative pulmonary embolism or deep vein thrombosis rate,2,56,0,10,,07/01/2022,06/30/2024
OK,PSI_13,Postoperative sepsis rate,1,49,0,12,,07/01/2022,06/30/2024
OK,PSI_14,Postoperative wound dehiscence rate,0,48,0,12,,07/01/2022,06/30/2024
OK,PSI_15,Abdominopelvic accidental puncture or laceration rate,0,55,0,9,,07/01/2022,06/30/2024
OK,PSI_90,CMS Medicare PSI 90: Patient safety and adverse events composite,3,60,0,Not Available,,07/01/2022,06/30/2024
OR,COMP_HIP_KNEE,Rate of complications for hip/knee replacement patients,Not Available,Not Available,Not Available,Not Available,,04/01/2023,03/31/2025
OR,Hybrid_HWM,Hybrid Hospital-Wide All-Cause Risk Standardized Mortality Rate,Not Available,Not Available,Not Available,Not Available,,07/01/2024,06/30/2025
OR,MORT_30_AMI,Death rate for heart attack patients,Not Available,Not Available,Not Available,Not Available,,07/01/2022,06/30/2025
OR,MORT_30_CABG,Death rate for CABG surgery patients,Not Available,Not Available,Not Available,Not Available,,07/01/2022,06/30/2025
OR,MORT_30_COPD,Death rate for COPD patients,Not Available,Not Available,Not Available,Not Available,,07/01/2022,06/30/2025
OR,MORT_30_HF,Death rate for heart failure patients,Not Available,Not Available,Not Available,Not Available,,07/01/2022,06/30/2025
OR,MORT_30_PN,Death rate for pneumonia patients,Not Available,Not Available,Not Available,Not Available,,07/01/2022,06/30/2025
OR,MORT_30_STK,Death rate for stroke patients,Not Available,Not Available,Not Available,Not Available,,07/01/2023,06/30/2025
OR,PSI_03,Pressure ulcer rate,3,31,0,0,,07/01/2022,06/30/2024
OR,PSI_04,Death rate among surgical inpatients with serious treatable complications,1,15,0,15,,07/01/2022,06/30/2024
OR,PSI_06,Iatrogenic pneumothorax rate,0,34,0,0,,07/01/2022,06/30/2024
OR,PSI_08,In-hospital fall-associated fracture rate,0,34,0,0,,07/01/2022,06/30/2024
OR,PSI_09,Postoperative hemorrhage or hematoma rate,0,33,0,0,,07/01/2022,06/30/2024
OR,PSI_10,Postoperative acute kidney injury requiring dialysis rate,0,31,0,2,,07/01/2022,06/30/2024
OR,PSI_11,Postoperative respiratory failure rate,1,29,0,3,,07/01/2022,06/30/2024
OR,PSI_12,Perioperative pulmonary embolism or deep vein thrombosis rate,1,32,0,0,,07/01/2022,06/30/2024
OR,PSI_13,Postoperative sepsis rate,0,30,0,3,,07/01/2022,06/30/2024
OR,PSI_14,Postoperative wound dehiscence rate,0,30,0,3,,07/01/2022,06/30/2024
OR,PSI_15,Abdominopelvic accidental puncture or laceration rate,0,33,0,0,,07/01/2022,06/30/2024
OR,PSI_90,CMS Medicare PSI 90: Patient safety and adverse events composite,3,28,2,Not Available,,07/01/2022,06/30/2024
PA,COMP_HIP_KNEE,Rate of complications for hip/knee replacement patients,Not Available,Not Available,Not Available,Not Available,,04/01/2023,03/31/2025
PA,Hybrid_HWM,Hybrid Hospital-Wide All-Cause Risk Standardized Mortality Rate,Not Available,Not Available,Not Available,Not Available,,07/01/2024,06/30/2025
PA,MORT_30_AMI,Death rate for heart attack patients,Not Available,Not Available,Not Available,Not Available,,07/01/2022,06/30/2025
PA,MORT_30_CABG,Death rate for CABG surgery patients,Not Available,Not Available,Not Available,Not Available,,07/01/2022,06/30/2025
PA,MORT_30_COPD,Death rate for COPD patients,Not Available,Not Available,Not Available,Not Available,,07/01/2022,06/30/2025
PA,MORT_30_HF,Death rate for heart failure patients,Not Available,Not Available,Not Available,Not Available,,07/01/2022,06/30/2025
PA,MORT_30_PN,Death rate for pneumonia patients,Not Available,Not Available,Not Available,Not Available,,07/01/2022,06/30/2025
PA,MORT_30_STK,Death rate for stroke patients,Not Available,Not Available,Not Available,Not Available,,07/01/2023,06/30/2025
PA,PSI_03,Pressure ulcer rate,8,128,3,5,,07/01/2022,06/30/2024
PA,PSI_04,Death rate among surgical inpatients with serious treatable complications,4,57,2,47,,07/01/2022,06/30/2024
PA,PSI_06,Iatrogenic pneumothorax rate,0,142,0,2,,07/01/2022,06/30/2024
PA,PSI_08,In-hospital fall-associated fracture rate,0,141,0,3,,07/01/2022,06/30/2024
PA,PSI_09,Postoperative hemorrhage or hematoma rate,0,128,0,9,,07/01/2022,06/30/2024
PA,PSI_10,Postoperative acute kidney injury requiring dialysis rate,0,109,1,19,,07/01/2022,06/30/2024
PA,PSI_11,Postoperative respiratory failure rate,2,104,3,22,,07/01/2022,06/30/2024
PA,PSI_12,Perioperative pulmonary embolism or deep vein thrombosis rate,1,126,1,9,,07/01/2022,06/30/2024
PA,PSI_13,Postoperative sepsis rate,2,107,0,19,,07/01/2022,06/30/2024
PA,PSI_14,Postoperative wound dehiscence rate,0,106,0,21,,07/01/2022,06/30/2024
PA,PSI_15,Abdominopelvic accidental puncture or laceration rate,0,127,0,5,,07/01/2022,06/30/2024
PA,PSI_90,CMS Medicare PSI 90: Patient safety and adverse events composite,6,122,3,Not Available,,07/01/2022,06/30/2024
PR,COMP_HIP_KNEE,Rate of complications for hip/knee replacement patients,Not Available,Not Available,Not Available,Not Available,,04/01/2023,03/31/2025
PR,Hybrid_HWM,Hybrid Hospital-Wide All-Cause Risk Standardized Mortality Rate,Not Available,Not Available,Not Available,Not Available,,07/01/2024,06/30/2025
PR,MORT_30_AMI,Death rate for heart attack patients,Not Available,Not Available,Not Available,Not Available,,07/01/2022,06/30/2025
PR,MORT_30_CABG,Death rate for CABG surgery patients,Not Available,Not Available,Not Available,Not Available,,07/01/2022,06/30/2025
PR,MORT_30_COPD,Death rate for COPD patients,Not Available,Not Available,Not Available,Not Available,,07/01/2022,06/30/2025
PR,MORT_30_HF,Death rate for heart failure patients,Not Available,Not Available,Not Available,Not Available,,07/01/2022,06/30/2025
PR,MORT_30_PN,Death rate for pneumonia patients,Not Available,Not Available,Not Available,Not Available,,07/01/2022,06/30/2025
PR,MORT_30_STK,Death rate for stroke patients,Not Available,Not Available,Not Available,Not Available,,07/01/2023,06/30/2025
PR,PSI_03,Pressure ulcer rate,1,0,0,0,,07/01/2022,06/30/2024
PR,PSI_04,Death rate among surgical inpatients with serious treatable complications,0,1,0,0,,07/01/2022,06/30/2024
PR,PSI_06,Iatrogenic pneumothorax rate,0,1,0,0,,07/01/2022,06/30/2024
PR,PSI_08,In-hospital fall-associated fracture rate,0,1,0,0,,07/01/2022,06/30/2024
PR,PSI_09,Postoperative hemorrhage or hematoma rate,0,1,0,0,,07/01/2022,06/30/2024
PR,PSI_10,Postoperative acute kidney injury requiring dialysis rate,0,1,0,0,,07/01/2022,06/30/2024
PR,PSI_11,Postoperative respiratory failure rate,1,0,0,0,,07/01/2022,06/30/2024
PR,PSI_12,Perioperative pulmonary embolism or deep vein thrombosis rate,0,1,0,0,,07/01/2022,06/30/2024
PR,PSI_13,Postoperative sepsis rate,1,0,0,0,,07/01/2022,06/30/2024
PR,PSI_14,Postoperative wound dehiscence rate,0,1,0,0,,07/01/2022,06/30/2024
PR,PSI_15,Abdominopelvic accidental puncture or laceration rate,0,1,0,0,,07/01/2022,06/30/2024
PR,PSI_90,CMS Medicare PSI 90: Patient safety and adverse events composite,1,0,0,Not Available,,07/01/2022,06/30/2024
RI,COMP_HIP_KNEE,Rate of complications for hip/knee replacement patients,Not Available,Not Available,Not Available,Not Available,,04/01/2023,03/31/2025
RI,Hybrid_HWM,Hybrid Hospital-Wide All-Cause Risk Standardized Mortality Rate,Not Available,Not Available,Not Available,Not Available,,07/01/2024,06/30/2025
RI,MORT_30_AMI,Death rate for heart attack patients,Not Available,Not Available,Not Available,Not Available,,07/01/2022,06/30/2025
RI,MORT_30_CABG,Death rate for CABG surgery patients,Not Available,Not Available,Not Available,Not Available,,07/01/2022,06/30/2025
RI,MORT_30_COPD,Death rate for COPD patients,Not Available,Not Available,Not Available,Not Available,,07/01/2022,06/30/2025
RI,MORT_30_HF,Death rate for heart failure patients,Not Available,Not Available,Not Available,Not Available,,07/01/2022,06/30/2025
RI,MORT_30_PN,Death rate for pneumonia patients,Not Available,Not Available,Not Available,Not Available,,07/01/2022,06/30/2025
RI,MORT_30_STK,Death rate for stroke patients,Not Available,Not Available,Not Available,Not Available,,07/01/2023,06/30/2025
RI,PSI_03,Pressure ulcer rate,0,11,0,0,,07/01/2022,06/30/2024
RI,PSI_04,Death rate among surgical inpatients with serious treatable complications,0,2,0,8,,07/01/2022,06/30/2024
RI,PSI_06,Iatrogenic pneumothorax rate,0,11,0,0,,07/01/2022,06/30/2024
RI,PSI_08,In-hospital fall-associated fracture rate,0,11,0,0,,07/01/2022,06/30/2024
RI,PSI_09,Postoperative hemorrhage or hematoma rate,0,11,0,0,,07/01/2022,06/30/2024
RI,PSI_10,Postoperative acute kidney injury requiring dialysis rate,0,10,0,1,,07/01/2022,06/30/2024
RI,PSI_11,Postoperative respiratory failure rate,0,10,0,1,,07/01/2022,06/30/2024
RI,PSI_12,Perioperative pulmonary embolism or deep vein thrombosis rate,0,11,0,0,,07/01/2022,06/30/2024
RI,PSI_13,Postoperative sepsis rate,0,10,0,1,,07/01/2022,06/30/2024
RI,PSI_14,Postoperative wound dehiscence rate,0,11,0,0,,07/01/2022,06/30/2024
RI,PSI_15,Abdominopelvic accidental puncture or laceration rate,0,11,0,0,,07/01/2022,06/30/2024
RI,PSI_90,CMS Medicare PSI 90: Patient safety and adverse events composite,0,11,0,Not Available,,07/01/2022,06/30/2024
SC,COMP_HIP_KNEE,Rate of complications for hip/knee replacement patients,Not Available,Not Available,Not Available,Not Available,,04/01/2023,03/31/2025
SC,Hybrid_HWM,Hybrid Hospital-Wide All-Cause Risk Standardized Mortality Rate,Not Available,Not Available,Not Available,Not Available,,07/01/2024,06/30/2025
SC,MORT_30_AMI,Death rate for heart attack patients,Not Available,Not Available,Not Available,Not Available,,07/01/2022,06/30/2025
SC,MORT_30_CABG,Death rate for CABG surgery patients,Not Available,Not Available,Not Available,Not Available,,07/01/2022,06/30/2025
SC,MORT_30_COPD,Death rate for COPD patients,Not Available,Not Available,Not Available,Not Available,,07/01/2022,06/30/2025
SC,MORT_30_HF,Death rate for heart failure patients,Not Available,Not Available,Not Available,Not Available,,07/01/2022,06/30/2025
SC,MORT_30_PN,Death rate for pneumonia patients,Not Available,Not Available,Not Available,Not Available,,07/01/2022,06/30/2025
SC,MORT_30_STK,Death rate for stroke patients,Not Available,Not Available,Not Available,Not Available,,07/01/2023,06/30/2025
SC,PSI_03,Pressure ulcer rate,4,50,2,0,,07/01/2022,06/30/2024
SC,PSI_04,Death rate among surgical inpatients with serious treatable complications,1,22,2,22,,07/01/2022,06/30/2024
SC,PSI_06,Iatrogenic pneumothorax rate,0,56,0,0,,07/01/2022,06/30/2024
SC,PSI_08,In-hospital fall-associated fracture rate,0,56,0,0,,07/01/2022,06/30/2024
SC,PSI_09,Postoperative hemorrhage or hematoma rate,0,50,1,3,,07/01/2022,06/30/2024
SC,PSI_10,Postoperative acute kidney injury requiring dialysis rate,1,42,0,8,,07/01/2022,06/30/2024
SC,PSI_11,Postoperative respiratory failure rate,1,42,0,8,,07/01/2022,06/30/2024
SC,PSI_12,Perioperative pulmonary embolism or deep vein thrombosis rate,1,50,0,3,,07/01/2022,06/30/2024
SC,PSI_13,Postoperative sepsis rate,0,42,0,8,,07/01/2022,06/30/2024
SC,PSI_14,Postoperative wound dehiscence rate,1,41,0,10,,07/01/2022,06/30/2024
SC,PSI_15,Abdominopelvic accidental puncture or laceration rate,1,48,0,5,,07/01/2022,06/30/2024
SC,PSI_90,CMS Medicare PSI 90: Patient safety and adverse events composite,1,50,1,Not Available,,07/01/2022,06/30/2024
SD,COMP_HIP_KNEE,Rate of complications for hip/knee replacement patients,Not Available,Not Available,Not Available,Not Available,,04/01/2023,03/31/2025
SD,Hybrid_HWM,Hybrid Hospital-Wide All-Cause Risk Standardized Mortality Rate,Not Available,Not Available,Not Available,Not Available,,07/01/2024,06/30/2025
SD,MORT_30_AMI,Death rate for heart attack patients,Not Available,Not Available,Not Available,Not Available,,07/01/2022,06/30/2025
SD,MORT_30_CABG,Death rate for CABG surgery patients,Not Available,Not Available,Not Available,Not Available,,07/01/2022,06/30/2025
SD,MORT_30_COPD,Death rate for COPD patients,Not Available,Not Available,Not Available,Not Available,,07/01/2022,06/30/2025
SD,MORT_30_HF,Death rate for heart failure patients,Not Available,Not Available,Not Available,Not Available,,07/01/2022,06/30/2025
SD,MORT_30_PN,Death rate for pneumonia patients,Not Available,Not Available,Not Available,Not Available,,07/01/2022,06/30/2025
SD,MORT_30_STK,Death rate for stroke patients,Not Available,Not Available,Not Available,Not Available,,07/01/2023,06/30/2025
SD,PSI_03,Pressure ulcer rate,1,17,0,1,,07/01/2022,06/30/2024
SD,PSI_04,Death rate among surgical inpatients with serious treatable complications,0,5,0,8,,07/01/2022,06/30/2024
SD,PSI_06,Iatrogenic pneumothorax rate,0,18,0,1,,07/01/2022,06/30/2024
SD,PSI_08,In-hospital fall-associated fracture rate,0,18,0,1,,07/01/2022,06/30/2024
SD,PSI_09,Postoperative hemorrhage or hematoma rate,0,16,0,1,,07/01/2022,06/30/2024
SD,PSI_10,Postoperative acute kidney injury requiring dialysis rate,0,13,0,4,,07/01/2022,06/30/2024
SD,PSI_11,Postoperative respiratory failure rate,0,12,1,4,,07/01/2022,06/30/2024
SD,PSI_12,Perioperative pulmonary embolism or deep vein thrombosis rate,0,16,0,1,,07/01/2022,06/30/2024
SD,PSI_13,Postoperative sepsis rate,0,13,0,3,,07/01/2022,06/30/2024
SD,PSI_14,Postoperative wound dehiscence rate,0,13,0,4,,07/01/2022,06/30/2024
SD,PSI_15,Abdominopelvic accidental puncture or laceration rate,0,16,0,2,,07/01/2022,06/30/2024
SD,PSI_90,CMS Medicare PSI 90: Patient safety and adverse events composite,0,15,1,Not Available,,07/01/2022,06/30/2024
TN,COMP_HIP_KNEE,Rate of complications for hip/knee replacement patients,Not Available,Not Available,Not Available,Not Available,,04/01/2023,03/31/2025
TN,Hybrid_HWM,Hybrid Hospital-Wide All-Cause Risk Standardized Mortality Rate,Not Available,Not Available,Not Available,Not Available,,07/01/2024,06/30/2025
TN,MORT_30_AMI,Death rate for heart attack patients,Not Available,Not Available,Not Available,Not Available,,07/01/2022,06/30/2025
TN,MORT_30_CABG,Death rate for CABG surgery patients,Not Available,Not Available,Not Available,Not Available,,07/01/2022,06/30/2025
TN,MORT_30_COPD,Death rate for COPD patients,Not Available,Not Available,Not Available,Not Available,,07/01/2022,06/30/2025
TN,MORT_30_HF,Death rate for heart failure patients,Not Available,Not Available,Not Available,Not Available,,07/01/2022,06/30/2025
TN,MORT_30_PN,Death rate for pneumonia patients,Not Available,Not Available,Not Available,Not Available,,07/01/2022,06/30/2025
TN,MORT_30_STK,Death rate for stroke patients,Not Available,Not Available,Not Available,Not Available,,07/01/2023,06/30/2025
TN,PSI_03,Pressure ulcer rate,4,78,1,0,,07/01/2022,06/30/2024
TN,PSI_04,Death rate among surgical inpatients with serious treatable complications,3,34,0,26,,07/01/2022,06/30/2024
TN,PSI_06,Iatrogenic pneumothorax rate,0,83,0,0,,07/01/2022,06/30/2024
TN,PSI_08,In-hospital fall-associated fracture rate,2,81,0,0,,07/01/2022,06/30/2024
TN,PSI_09,Postoperative hemorrhage or hematoma rate,1,68,0,6,,07/01/2022,06/30/2024
TN,PSI_10,Postoperative acute kidney injury requiring dialysis rate,1,52,0,16,,07/01/2022,06/30/2024
TN,PSI_11,Postoperative respiratory failure rate,2,52,0,18,,07/01/2022,06/30/2024
TN,PSI_12,Perioperative pulmonary embolism or deep vein thrombosis rate,0,69,0,6,,07/01/2022,06/30/2024
TN,PSI_13,Postoperative sepsis rate,1,49,0,19,,07/01/2022,06/30/2024
TN,PSI_14,Postoperative wound dehiscence rate,0,57,0,12,,07/01/2022,06/30/2024
TN,PSI_15,Abdominopelvic accidental puncture or laceration rate,0,68,0,7,,07/01/2022,06/30/2024
TN,PSI_90,CMS Medicare PSI 90: Patient safety and adverse events composite,2,71,1,Not Available,,07/01/2022,06/30/2024
TX,COMP_HIP_KNEE,Rate of complications for hip/knee replacement patients,Not Available,Not Available,Not Available,Not Available,,04/01/2023,03/31/2025
TX,Hybrid_HWM,Hybrid Hospital-Wide All-Cause Risk Standardized Mortality Rate,Not Available,Not Available,Not Available,Not Available,,07/01/2024,06/30/2025
TX,MORT_30_AMI,Death rate for heart attack patients,Not Available,Not Available,Not Available,Not Available,,07/01/2022,06/30/2025
TX,MORT_30_CABG,Death rate for CABG surgery patients,Not Available,Not Available,Not Available,Not Available,,07/01/2022,06/30/2025
TX,MORT_30_COPD,Death rate for COPD patients,Not Available,Not Available,Not Available,Not Available,,07/01/2022,06/30/2025
TX,MORT_30_HF,Death rate for heart failure patients,Not Available,Not Available,Not Available,Not Available,,07/01/2022,06/30/2025
TX,MORT_30_PN,Death rate for pneumonia patients,Not Available,Not Available,Not Available,Not Available,,07/01/2022,06/30/2025
TX,MORT_30_STK,Death rate for stroke patients,Not Available,Not Available,Not Available,Not Available,,07/01/2023,06/30/2025
TX,PSI_03,Pressure ulcer rate,4,257,8,20,,07/01/2022,06/30/2024
TX,PSI_04,Death rate among surgical inpatients with serious treatable complications,3,110,8,77,,07/01/2022,06/30/2024
TX,PSI_06,Iatrogenic pneumothorax rate,2,281,0,8,,07/01/2022,06/30/2024
TX,PSI_08,In-hospital fall-associated fracture rate,0,283,0,8,,07/01/2022,06/30/2024
TX,PSI_09,Postoperative hemorrhage or hematoma rate,3,242,2,15,,07/01/2022,06/30/2024
TX,PSI_10,Postoperative acute kidney injury requiring dialysis rate,0,209,0,38,,07/01/2022,06/30/2024
TX,PSI_11,Postoperative respiratory failure rate,14,191,3,40,,07/01/2022,06/30/2024
TX,PSI_12,Perioperative pulmonary embolism or deep vein thrombosis rate,2,245,1,14,,07/01/2022,06/30/2024
TX,PSI_13,Postoperative sepsis rate,2,199,2,43,,07/01/2022,06/30/2024
TX,PSI_14,Postoperative wound dehiscence rate,0,210,0,41,,07/01/2022,06/30/2024
TX,PSI_15,Abdominopelvic accidental puncture or laceration rate,1,232,0,33,,07/01/2022,06/30/2024
TX,PSI_90,CMS Medicare PSI 90: Patient safety and adverse events composite,6,243,7,Not Available,,07/01/2022,06/30/2024
UT,COMP_HIP_KNEE,Rate of complications for hip/knee replacement patients,Not Available,Not Available,Not Available,Not Available,,04/01/2023,03/31/2025
UT,Hybrid_HWM,Hybrid Hospital-Wide All-Cause Risk Standardized Mortality Rate,Not Available,Not Available,Not Available,Not Available,,07/01/2024,06/30/2025
UT,MORT_30_AMI,Death rate for heart attack patients,Not Available,Not Available,Not Available,Not Available,,07/01/2022,06/30/2025
UT,MORT_30_CABG,Death rate for CABG surgery patients,Not Available,Not Available,Not Available,Not Available,,07/01/2022,06/30/2025
UT,MORT_30_COPD,Death rate for COPD patients,Not Available,Not Available,Not Available,Not Available,,07/01/2022,06/30/2025
UT,MORT_30_HF,Death rate for heart failure patients,Not Available,Not Available,Not Available,Not Available,,07/01/2022,06/30/2025
UT,MORT_30_PN,Death rate for pneumonia patients,Not Available,Not Available,Not Available,Not Available,,07/01/2022,06/30/2025
UT,MORT_30_STK,Death rate for stroke patients,Not Available,Not Available,Not Available,Not Available,,07/01/2023,06/30/2025
UT,PSI_03,Pressure ulcer rate,0,32,0,1,,07/01/2022,06/30/2024
UT,PSI_04,Death rate among surgical inpatients with serious treatable complications,0,8,0,17,,07/01/2022,06/30/2024
UT,PSI_06,Iatrogenic pneumothorax rate,0,33,0,0,,07/01/2022,06/30/2024
UT,PSI_08,In-hospital fall-associated fracture rate,0,33,0,0,,07/01/2022,06/30/2024
UT,PSI_09,Postoperative hemorrhage or hematoma rate,0,32,0,1,,07/01/2022,06/30/2024
UT,PSI_10,Postoperative acute kidney injury requiring dialysis rate,0,31,0,0,,07/01/2022,06/30/2024
UT,PSI_11,Postoperative respiratory failure rate,0,29,0,2,,07/01/2022,06/30/2024
UT,PSI_12,Perioperative pulmonary embolism or deep vein thrombosis rate,0,32,0,1,,07/01/2022,06/30/2024
UT,PSI_13,Postoperative sepsis rate,0,29,0,2,,07/01/2022,06/30/2024
UT,PSI_14,Postoperative wound dehiscence rate,0,26,0,6,,07/01/2022,06/30/2024
UT,PSI_15,Abdominopelvic accidental puncture or laceration rate,0,30,0,3,,07/01/2022,06/30/2024
UT,PSI_90,CMS Medicare PSI 90: Patient safety and adverse events composite,0,32,0,Not Available,,07/01/2022,06/30/2024
VA,COMP_HIP_KNEE,Rate of complications for hip/knee replacement patients,Not Available,Not Available,Not Available,Not Available,,04/01/2023,03/31/2025
VA,Hybrid_HWM,Hybrid Hospital-Wide All-Cause Risk Standardized Mortality Rate,Not Available,Not Available,Not Available,Not Available,,07/01/2024,06/30/2025
VA,MORT_30_AMI,Death rate for heart attack patients,Not Available,Not Available,Not Available,Not Available,,07/01/2022,06/30/2025
VA,MORT_30_CABG,Death rate for CABG surgery patients,Not Available,Not Available,Not Available,Not Available,,07/01/2022,06/30/2025
VA,MORT_30_COPD,Death rate for COPD patients,Not Available,Not Available,Not Available,Not Available,,07/01/2022,06/30/2025
VA,MORT_30_HF,Death rate for heart failure patients,Not Available,Not Available,Not Available,Not Available,,07/01/2022,06/30/2025
VA,MORT_30_PN,Death rate for pneumonia patients,Not Available,Not Available,Not Available,Not Available,,07/01/2022,06/30/2025
VA,MORT_30_STK,Death rate for stroke patients,Not Available,Not Available,Not Available,Not Available,,07/01/2023,06/30/2025
VA,PSI_03,Pressure ulcer rate,5,65,4,1,,07/01/2022,06/30/2024
VA,PSI_04,Death rate among surgical inpatients with serious treatable complications,1,39,1,23,,07/01/2022,06/30/2024
VA,PSI_06,Iatrogenic pneumothorax rate,0,74,0,1,,07/01/2022,06/30/2024
VA,PSI_08,In-hospital fall-associated fracture rate,0,74,0,1,,07/01/2022,06/30/2024
VA,PSI_09,Postoperative hemorrhage or hematoma rate,1,67,0,3,,07/01/2022,06/30/2024
VA,PSI_10,Postoperative acute kidney injury requiring dialysis rate,3,51,0,15,,07/01/2022,06/30/2024
VA,PSI_11,Postoperative respiratory failure rate,4,49,0,15,,07/01/2022,06/30/2024
VA,PSI_12,Perioperative pulmonary embolism or deep vein thrombosis rate,2,65,1,2,,07/01/2022,06/30/2024
VA,PSI_13,Postoperative sepsis rate,0,53,0,15,,07/01/2022,06/30/2024
VA,PSI_14,Postoperative wound dehiscence rate,0,62,0,7,,07/01/2022,06/30/2024
VA,PSI_15,Abdominopelvic accidental puncture or laceration rate,3,63,0,5,,07/01/2022,06/30/2024
VA,PSI_90,CMS Medicare PSI 90: Patient safety and adverse events composite,4,64,1,Not Available,,07/01/2022,06/30/2024
VI,COMP_HIP_KNEE,Rate of complications for hip/knee replacement patients,Not Available,Not Available,Not Available,Not Available,5,04/01/2023,03/31/2025
VI,Hybrid_HWM,Hybrid Hospital-Wide All-Cause Risk Standardized Mortality Rate,Not Available,Not Available,Not Available,Not Available,5,07/01/2024,06/30/2025
VI,MORT_30_AMI,Death rate for heart attack patients,Not Available,Not Available,Not Available,Not Available,5,07/01/2022,06/30/2025
VI,MORT_30_CABG,Death rate for CABG surgery patients,Not Available,Not Available,Not Available,Not Available,5,07/01/2022,06/30/2025
VI,MORT_30_COPD,Death rate for COPD patients,Not Available,Not Available,Not Available,Not Available,5,07/01/2022,06/30/2025
VI,MORT_30_HF,Death rate for heart failure patients,Not Available,Not Available,Not Available,Not Available,5,07/01/2022,06/30/2025
VI,MORT_30_PN,Death rate for pneumonia patients,Not Available,Not Available,Not Available,Not Available,5,07/01/2022,06/30/2025
VI,MORT_30_STK,Death rate for stroke patients,Not Available,Not Available,Not Available,Not Available,5,07/01/2023,06/30/2025
VI,PSI_03,Pressure ulcer rate,Not Available,Not Available,Not Available,Not Available,5,07/01/2022,06/30/2024
VI,PSI_04,Death rate among surgical inpatients with serious treatable complications,Not Available,Not Available,Not Available,Not Available,5,07/01/2022,06/30/2024
VI,PSI_06,Iatrogenic pneumothorax rate,Not Available,Not Available,Not Available,Not Available,5,07/01/2022,06/30/2024
VI,PSI_08,In-hospital fall-associated fracture rate,Not Available,Not Available,Not Available,Not Available,5,07/01/2022,06/30/2024
VI,PSI_09,Postoperative hemorrhage or hematoma rate,Not Available,Not Available,Not Available,Not Available,5,07/01/2022,06/30/2024
VI,PSI_10,Postoperative acute kidney injury requiring dialysis rate,Not Available,Not Available,Not Available,Not Available,5,07/01/2022,06/30/2024
VI,PSI_11,Postoperative respiratory failure rate,Not Available,Not Available,Not Available,Not Available,5,07/01/2022,06/30/2024
VI,PSI_12,Perioperative pulmonary embolism or deep vein thrombosis rate,Not Available,Not Available,Not Available,Not Available,5,07/01/2022,06/30/2024
VI,PSI_13,Postoperative sepsis rate,Not Available,Not Available,Not Available,Not Available,5,07/01/2022,06/30/2024
VI,PSI_14,Postoperative wound dehiscence rate,Not Available,Not Available,Not Available,Not Available,5,07/01/2022,06/30/2024
VI,PSI_15,Abdominopelvic accidental puncture or laceration rate,Not Available,Not Available,Not Available,Not Available,5,07/01/2022,06/30/2024
VI,PSI_90,CMS Medicare PSI 90: Patient safety and adverse events composite,Not Available,Not Available,Not Available,Not Available,5,07/01/2022,06/30/2024
VT,COMP_HIP_KNEE,Rate of complications for hip/knee replacement patients,Not Available,Not Available,Not Available,Not Available,,04/01/2023,03/31/2025
VT,Hybrid_HWM,Hybrid Hospital-Wide All-Cause Risk Standardized Mortality Rate,Not Available,Not Available,Not Available,Not Available,,07/01/2024,06/30/2025
VT,MORT_30_AMI,Death rate for heart attack patients,Not Available,Not Available,Not Available,Not Available,,07/01/2022,06/30/2025
VT,MORT_30_CABG,Death rate for CABG surgery patients,Not Available,Not Available,Not Available,Not Available,,07/01/2022,06/30/2025
VT,MORT_30_COPD,Death rate for COPD patients,Not Available,Not Available,Not Available,Not Available,,07/01/2022,06/30/2025
VT,MORT_30_HF,Death rate for heart failure patients,Not Available,Not Available,Not Available,Not Available,,07/01/2022,06/30/2025
VT,MORT_30_PN,Death rate for pneumonia patients,Not Available,Not Available,Not Available,Not Available,,07/01/2022,06/30/2025
VT,MORT_30_STK,Death rate for stroke patients,Not Available,Not Available,Not Available,Not Available,,07/01/2023,06/30/2025
VT,PSI_03,Pressure ulcer rate,2,5,0,0,,07/01/2022,06/30/2024
VT,PSI_04,Death rate among surgical inpatients with serious treatable complications,0,1,0,6,,07/01/2022,06/30/2024
VT,PSI_06,Iatrogenic pneumothorax rate,0,7,0,0,,07/01/2022,06/30/2024
VT,PSI_08,In-hospital fall-associated fracture rate,0,7,0,0,,07/01/2022,06/30/2024
VT,PSI_09,Postoperative hemorrhage or hematoma rate,0,7,0,0,,07/01/2022,06/30/2024
VT,PSI_10,Postoperative acute kidney injury requiring dialysis rate,0,7,0,0,,07/01/2022,06/30/2024
VT,PSI_11,Postoperative respiratory failure rate,0,7,0,0,,07/01/2022,06/30/2024
VT,PSI_12,Perioperative pulmonary embolism or deep vein thrombosis rate,1,6,0,0,,07/01/2022,06/30/2024
VT,PSI_13,Postoperative sepsis rate,0,7,0,0,,07/01/2022,06/30/2024
VT,PSI_14,Postoperative wound dehiscence rate,0,7,0,0,,07/01/2022,06/30/2024
VT,PSI_15,Abdominopelvic accidental puncture or laceration rate,1,6,0,0,,07/01/2022,06/30/2024
VT,PSI_90,CMS Medicare PSI 90: Patient safety and adverse events composite,2,5,0,Not Available,,07/01/2022,06/30/2024
WA,COMP_HIP_KNEE,Rate of complications for hip/knee replacement patients,Not Available,Not Available,Not Available,Not Available,,04/01/2023,03/31/2025
WA,Hybrid_HWM,Hybrid Hospital-Wide All-Cause Risk Standardized Mortality Rate,Not Available,Not Available,Not Available,Not Available,,07/01/2024,06/30/2025
WA,MORT_30_AMI,Death rate for heart attack patients,Not Available,Not Available,Not Available,Not Available,,07/01/2022,06/30/2025
WA,MORT_30_CABG,Death rate for CABG surgery patients,Not Available,Not Available,Not Available,Not Available,,07/01/2022,06/30/2025
WA,MORT_30_COPD,Death rate for COPD patients,Not Available,Not Available,Not Available,Not Available,,07/01/2022,06/30/2025
WA,MORT_30_HF,Death rate for heart failure patients,Not Available,Not Available,Not Available,Not Available,,07/01/2022,06/30/2025
WA,MORT_30_PN,Death rate for pneumonia patients,Not Available,Not Available,Not Available,Not Available,,07/01/2022,06/30/2025
WA,MORT_30_STK,Death rate for stroke patients,Not Available,Not Available,Not Available,Not Available,,07/01/2023,06/30/2025
WA,PSI_03,Pressure ulcer rate,4,43,0,1,,07/01/2022,06/30/2024
WA,PSI_04,Death rate among surgical inpatients with serious treatable complications,1,31,0,11,,07/01/2022,06/30/2024
WA,PSI_06,Iatrogenic pneumothorax rate,0,48,0,0,,07/01/2022,06/30/2024
WA,PSI_08,In-hospital fall-associated fracture rate,2,46,0,0,,07/01/2022,06/30/2024
WA,PSI_09,Postoperative hemorrhage or hematoma rate,1,44,0,3,,07/01/2022,06/30/2024
WA,PSI_10,Postoperative acute kidney injury requiring dialysis rate,0,42,0,5,,07/01/2022,06/30/2024
WA,PSI_11,Postoperative respiratory failure rate,1,40,1,5,,07/01/2022,06/30/2024
WA,PSI_12,Perioperative pulmonary embolism or deep vein thrombosis rate,2,42,1,3,,07/01/2022,06/30/2024
WA,PSI_13,Postoperative sepsis rate,1,40,1,5,,07/01/2022,06/30/2024
WA,PSI_14,Postoperative wound dehiscence rate,1,43,0,3,,07/01/2022,06/30/2024
WA,PSI_15,Abdominopelvic accidental puncture or laceration rate,2,43,0,3,,07/01/2022,06/30/2024
WA,PSI_90,CMS Medicare PSI 90: Patient safety and adverse events composite,5,43,0,Not Available,,07/01/2022,06/30/2024
WI,COMP_HIP_KNEE,Rate of complications for hip/knee replacement patients,Not Available,Not Available,Not Available,Not Available,,04/01/2023,03/31/2025
WI,Hybrid_HWM,Hybrid Hospital-Wide All-Cause Risk Standardized Mortality Rate,Not Available,Not Available,Not Available,Not Available,,07/01/2024,06/30/2025
WI,MORT_30_AMI,Death rate for heart attack patients,Not Available,Not Available,Not Available,Not Available,,07/01/2022,06/30/2025
WI,MORT_30_CABG,Death rate for CABG surgery patients,Not Available,Not Available,Not Available,Not Available,,07/01/2022,06/30/2025
WI,MORT_30_COPD,Death rate for COPD patients,Not Available,Not Available,Not Available,Not Available,,07/01/2022,06/30/2025
WI,MORT_30_HF,Death rate for heart failure patients,Not Available,Not Available,Not Available,Not Available,,07/01/2022,06/30/2025
WI,MORT_30_PN,Death rate for pneumonia patients,Not Available,Not Available,Not Available,Not Available,,07/01/2022,06/30/2025
WI,MORT_30_STK,Death rate for stroke patients,Not Available,Not Available,Not Available,Not Available,,07/01/2023,06/30/2025
WI,PSI_03,Pressure ulcer rate,6,63,1,0,,07/01/2022,06/30/2024
WI,PSI_04,Death rate among surgical inpatients with serious treatable complications,1,20,0,34,,07/01/2022,06/30/2024
WI,PSI_06,Iatrogenic pneumothorax rate,0,70,0,0,,07/01/2022,06/30/2024
WI,PSI_08,In-hospital fall-associated fracture rate,0,70,0,0,,07/01/2022,06/30/2024
WI,PSI_09,Postoperative hemorrhage or hematoma rate,1,63,0,2,,07/01/2022,06/30/2024
WI,PSI_10,Postoperative acute kidney injury requiring dialysis rate,1,49,0,14,,07/01/2022,06/30/2024
WI,PSI_11,Postoperative respiratory failure rate,1,48,1,14,,07/01/2022,06/30/2024
WI,PSI_12,Perioperative pulmonary embolism or deep vein thrombosis rate,1,63,0,2,,07/01/2022,06/30/2024
WI,PSI_13,Postoperative sepsis rate,0,48,1,15,,07/01/2022,06/30/2024
WI,PSI_14,Postoperative wound dehiscence rate,0,55,0,9,,07/01/2022,06/30/2024
WI,PSI_15,Abdominopelvic accidental puncture or laceration rate,0,63,0,3,,07/01/2022,06/30/2024
WI,PSI_90,CMS Medicare PSI 90: Patient safety and adverse events composite,2,61,1,Not Available,,07/01/2022,06/30/2024
WV,COMP_HIP_KNEE,Rate of complications for hip/knee replacement patients,Not Available,Not Available,Not Available,Not Available,,04/01/2023,03/31/2025
WV,Hybrid_HWM,Hybrid Hospital-Wide All-Cause Risk Standardized Mortality Rate,Not Available,Not Available,Not Available,Not Available,,07/01/2024,06/30/2025
WV,MORT_30_AMI,Death rate for heart attack patients,Not Available,Not Available,Not Available,Not Available,,07/01/2022,06/30/2025
WV,MORT_30_CABG,Death rate for CABG surgery patients,Not Available,Not Available,Not Available,Not Available,,07/01/2022,06/30/2025
WV,MORT_30_COPD,Death rate for COPD patients,Not Available,Not Available,Not Available,Not Available,,07/01/2022,06/30/2025
WV,MORT_30_HF,Death rate for heart failure patients,Not Available,Not Available,Not Available,Not Available,,07/01/2022,06/30/2025
WV,MORT_30_PN,Death rate for pneumonia patients,Not Available,Not Available,Not Available,Not Available,,07/01/2022,06/30/2025
WV,MORT_30_STK,Death rate for stroke patients,Not Available,Not Available,Not Available,Not Available,,07/01/2023,06/30/2025
WV,PSI_03,Pressure ulcer rate,4,24,0,1,,07/01/2022,06/30/2024
WV,PSI_04,Death rate among surgical inpatients with serious treatable complications,0,14,0,8,,07/01/2022,06/30/2024
WV,PSI_06,Iatrogenic pneumothorax rate,0,29,0,0,,07/01/2022,06/30/2024
WV,PSI_08,In-hospital fall-associated fracture rate,0,29,0,0,,07/01/2022,06/30/2024
WV,PSI_09,Postoperative hemorrhage or hematoma rate,2,22,0,3,,07/01/2022,06/30/2024
WV,PSI_10,Postoperative acute kidney injury requiring dialysis rate,1,21,0,4,,07/01/2022,06/30/2024
WV,PSI_11,Postoperative respiratory failure rate,0,22,0,4,,07/01/2022,06/30/2024
WV,PSI_12,Perioperative pulmonary embolism or deep vein thrombosis rate,0,24,0,3,,07/01/2022,06/30/2024
WV,PSI_13,Postoperative sepsis rate,1,21,0,2,,07/01/2022,06/30/2024
WV,PSI_14,Postoperative wound dehiscence rate,0,20,0,4,,07/01/2022,06/30/2024
WV,PSI_15,Abdominopelvic accidental puncture or laceration rate,0,23,0,4,,07/01/2022,06/30/2024
WV,PSI_90,CMS Medicare PSI 90: Patient safety and adverse events composite,3,23,0,Not Available,,07/01/2022,06/30/2024
WY,COMP_HIP_KNEE,Rate of complications for hip/knee replacement patients,Not Available,Not Available,Not Available,Not Available,,04/01/2023,03/31/2025
WY,Hybrid_HWM,Hybrid Hospital-Wide All-Cause Risk Standardized Mortality Rate,Not Available,Not Available,Not Available,Not Available,,07/01/2024,06/30/2025
WY,MORT_30_AMI,Death rate for heart attack patients,Not Available,Not Available,Not Available,Not Available,,07/01/2022,06/30/2025
WY,MORT_30_CABG,Death rate for CABG surgery patients,Not Available,Not Available,Not Available,Not Available,,07/01/2022,06/30/2025
WY,MORT_30_COPD,Death rate for COPD patients,Not Available,Not Available,Not Available,Not Available,,07/01/2022,06/30/2025
WY,MORT_30_HF,Death rate for heart failure patients,Not Available,Not Available,Not Available,Not Available,,07/01/2022,06/30/2025
WY,MORT_30_PN,Death rate for pneumonia patients,Not Available,Not Available,Not Available,Not Available,,07/01/2022,06/30/2025
WY,MORT_30_STK,Death rate for stroke patients,Not Available,Not Available,Not Available,Not Available,,07/01/2023,06/30/2025
WY,PSI_03,Pressure ulcer rate,0,12,0,0,,07/01/2022,06/30/2024
WY,PSI_04,Death rate among surgical inpatients with serious treatable complications,0,2,0,5,,07/01/2022,06/30/2024
WY,PSI_06,Iatrogenic pneumothorax rate,0,12,0,1,,07/01/2022,06/30/2024
WY,PSI_08,In-hospital fall-associated fracture rate,0,12,0,1,,07/01/2022,06/30/2024
WY,PSI_09,Postoperative hemorrhage or hematoma rate,0,11,0,0,,07/01/2022,06/30/2024
WY,PSI_10,Postoperative acute kidney injury requiring dialysis rate,0,9,0,2,,07/01/2022,06/30/2024
WY,PSI_11,Postoperative respiratory failure rate,0,9,0,2,,07/01/2022,06/30/2024
WY,PSI_12,Perioperative pulmonary embolism or deep vein thrombosis rate,0,11,0,0,,07/01/2022,06/30/2024
WY,PSI_13,Postoperative sepsis rate,0,7,0,3,,07/01/2022,06/30/2024
WY,PSI_14,Postoperative wound dehiscence rate,0,7,0,4,,07/01/2022,06/30/2024
WY,PSI_15,Abdominopelvic accidental puncture or laceration rate,0,10,0,1,,07/01/2022,06/30/2024
WY,PSI_90,CMS Medicare PSI 90: Patient safety and adverse events composite,0,11,0,Not Available,,07/01/2022,06/30/2024
