facility_id,facility_name,address,city_town,state,zip_code,county_parish,telephone_number,hcahps_measure_id,hcahps_question,hcahps_answer_description,patient_survey_star_rating,patient_survey_star_rating_footnote,hcahps_answer_percent,hcahps_answer_percent_footnote,hcahps_linear_mean_value,number_of_completed_surveys,number_of_completed_surveys_footnote,survey_response_rate_percent,survey_response_rate_percent_footnote,start_date,end_date
050146,CITY OF HOPE HELFORD CLINICAL RESEARCH HOSPITAL,1500 E DUARTE ROAD,DUARTE,CA,91010,LOS ANGELES,(626) 359-8111,H_COMP_1_A_P,"Patients who reported that their nurses ""Always"" communicated well","Nurses ""always"" communicated well",Not Applicable,,83,,Not Applicable,1520,,21,,10/01/2024,09/30/2025
050146,CITY OF HOPE HELFORD CLINICAL RESEARCH HOSPITAL,1500 E DUARTE ROAD,DUARTE,CA,91010,LOS ANGELES,(626) 359-8111,H_COMP_1_SN_P,"Patients who reported that their nurses ""Sometimes"" or ""Never"" communicated well","Nurses ""sometimes"" or ""never"" communicated well",Not Applicable,,2,,Not Applicable,1520,,21,,10/01/2024,09/30/2025
050146,CITY OF HOPE HELFORD CLINICAL RESEARCH HOSPITAL,1500 E DUARTE ROAD,DUARTE,CA,91010,LOS ANGELES,(626) 359-8111,H_COMP_1_U_P,"Patients who reported that their nurses ""Usually"" communicated well","Nurses ""usually"" communicated well",Not Applicable,,15,,Not Applicable,1520,,21,,10/01/2024,09/30/2025
050146,CITY OF HOPE HELFORD CLINICAL RESEARCH HOSPITAL,1500 E DUARTE ROAD,DUARTE,CA,91010,LOS ANGELES,(626) 359-8111,H_COMP_1_LINEAR_SCORE,Nurse communication - linear mean score,Nurse communication - linear mean score,Not Applicable,,Not Applicable,,94,1520,,21,,10/01/2024,09/30/2025
050146,CITY OF HOPE HELFORD CLINICAL RESEARCH HOSPITAL,1500 E DUARTE ROAD,DUARTE,CA,91010,LOS ANGELES,(626) 359-8111,H_COMP_1_STAR_RATING,Nurse communication - star rating,Nurse communication - star rating,5,,Not Applicable,,Not Applicable,1520,,21,,10/01/2024,09/30/2025
050146,CITY OF HOPE HELFORD CLINICAL RESEARCH HOSPITAL,1500 E DUARTE ROAD,DUARTE,CA,91010,LOS ANGELES,(626) 359-8111,H_NURSE_RESPECT_A_P,"Patients who reported that their nurses ""Always"" treated them with courtesy and respect","Nurses ""always"" treated them with courtesy and  respect",Not Applicable,,89,,Not Applicable,1520,,21,,10/01/2024,09/30/2025
050146,CITY OF HOPE HELFORD CLINICAL RESEARCH HOSPITAL,1500 E DUARTE ROAD,DUARTE,CA,91010,LOS ANGELES,(626) 359-8111,H_NURSE_RESPECT_SN_P,"Patients who reported that their nurses ""Sometimes"" or ""Never""  treated them with courtesy and respect","Nurses ""sometimes"" or ""never"" treated them with courtesy and  respect",Not Applicable,,1,,Not Applicable,1520,,21,,10/01/2024,09/30/2025
050146,CITY OF HOPE HELFORD CLINICAL RESEARCH HOSPITAL,1500 E DUARTE ROAD,DUARTE,CA,91010,LOS ANGELES,(626) 359-8111,H_NURSE_RESPECT_U_P,"Patients who reported that their nurses ""Usually""  treated them with courtesy and respect","Nurses ""usually""  treated them with courtesy and  respect",Not Applicable,,10,,Not Applicable,1520,,21,,10/01/2024,09/30/2025
050146,CITY OF HOPE HELFORD CLINICAL RESEARCH HOSPITAL,1500 E DUARTE ROAD,DUARTE,CA,91010,LOS ANGELES,(626) 359-8111,H_NURSE_LISTEN_A_P,"Patients who reported that their nurses ""Always"" listened carefully to them","Nurses ""always"" listened carefully",Not Applicable,,81,,Not Applicable,1520,,21,,10/01/2024,09/30/2025
050146,CITY OF HOPE HELFORD CLINICAL RESEARCH HOSPITAL,1500 E DUARTE ROAD,DUARTE,CA,91010,LOS ANGELES,(626) 359-8111,H_NURSE_LISTEN_SN_P,"Patients who reported that their nurses ""Sometimes"" or ""Never"" listened carefully to them","Nurses ""sometimes"" or ""never"" listened carefully",Not Applicable,,2,,Not Applicable,1520,,21,,10/01/2024,09/30/2025
050146,CITY OF HOPE HELFORD CLINICAL RESEARCH HOSPITAL,1500 E DUARTE ROAD,DUARTE,CA,91010,LOS ANGELES,(626) 359-8111,H_NURSE_LISTEN_U_P,"Patients who reported that their nurses ""Usually"" listened carefully to them","Nurses ""usually"" listened carefully",Not Applicable,,17,,Not Applicable,1520,,21,,10/01/2024,09/30/2025
050146,CITY OF HOPE HELFORD CLINICAL RESEARCH HOSPITAL,1500 E DUARTE ROAD,DUARTE,CA,91010,LOS ANGELES,(626) 359-8111,H_NURSE_EXPLAIN_A_P,"Patients who reported that their nurses ""Always"" explained things in a way they could understand","Nurses ""always"" explained things so they could understand",Not Applicable,,78,,Not Applicable,1520,,21,,10/01/2024,09/30/2025
050146,CITY OF HOPE HELFORD CLINICAL RESEARCH HOSPITAL,1500 E DUARTE ROAD,DUARTE,CA,91010,LOS ANGELES,(626) 359-8111,H_NURSE_EXPLAIN_SN_P,"Patients who reported that their nurses ""Sometimes"" or ""Never"" explained things in a way they could understand","Nurses ""sometimes"" or ""never"" explained things so they could understand",Not Applicable,,4,,Not Applicable,1520,,21,,10/01/2024,09/30/2025
050146,CITY OF HOPE HELFORD CLINICAL RESEARCH HOSPITAL,1500 E DUARTE ROAD,DUARTE,CA,91010,LOS ANGELES,(626) 359-8111,H_NURSE_EXPLAIN_U_P,"Patients who reported that their nurses ""Usually"" explained things in a way they could understand","Nurses ""usually"" explained things so they could understand",Not Applicable,,18,,Not Applicable,1520,,21,,10/01/2024,09/30/2025
050146,CITY OF HOPE HELFORD CLINICAL RESEARCH HOSPITAL,1500 E DUARTE ROAD,DUARTE,CA,91010,LOS ANGELES,(626) 359-8111,H_COMP_2_A_P,"Patients who reported that their doctors ""Always"" communicated well","Doctors ""always"" communicated well",Not Applicable,,84,,Not Applicable,1520,,21,,10/01/2024,09/30/2025
050146,CITY OF HOPE HELFORD CLINICAL RESEARCH HOSPITAL,1500 E DUARTE ROAD,DUARTE,CA,91010,LOS ANGELES,(626) 359-8111,H_COMP_2_SN_P,"Patients who reported that their doctors ""Sometimes"" or ""Never"" communicated well","Doctors ""sometimes"" or ""never"" communicated well",Not Applicable,,3,,Not Applicable,1520,,21,,10/01/2024,09/30/2025
050146,CITY OF HOPE HELFORD CLINICAL RESEARCH HOSPITAL,1500 E DUARTE ROAD,DUARTE,CA,91010,LOS ANGELES,(626) 359-8111,H_COMP_2_U_P,"Patients who reported that their doctors ""Usually"" communicated well","Doctors ""usually"" communicated well",Not Applicable,,13,,Not Applicable,1520,,21,,10/01/2024,09/30/2025
050146,CITY OF HOPE HELFORD CLINICAL RESEARCH HOSPITAL,1500 E DUARTE ROAD,DUARTE,CA,91010,LOS ANGELES,(626) 359-8111,H_COMP_2_LINEAR_SCORE,Doctor communication - linear mean score,Doctor communication - linear mean score,Not Applicable,,Not Applicable,,94,1520,,21,,10/01/2024,09/30/2025
050146,CITY OF HOPE HELFORD CLINICAL RESEARCH HOSPITAL,1500 E DUARTE ROAD,DUARTE,CA,91010,LOS ANGELES,(626) 359-8111,H_COMP_2_STAR_RATING,Doctor communication - star rating,Doctor communication - star rating,4,,Not Applicable,,Not Applicable,1520,,21,,10/01/2024,09/30/2025
050146,CITY OF HOPE HELFORD CLINICAL RESEARCH HOSPITAL,1500 E DUARTE ROAD,DUARTE,CA,91010,LOS ANGELES,(626) 359-8111,H_DOCTOR_RESPECT_A_P,"Patients who reported that their doctors ""Always"" treated them with courtesy and respect","Doctors ""always"" treated them with courtesy and  respect",Not Applicable,,89,,Not Applicable,1520,,21,,10/01/2024,09/30/2025
050146,CITY OF HOPE HELFORD CLINICAL RESEARCH HOSPITAL,1500 E DUARTE ROAD,DUARTE,CA,91010,LOS ANGELES,(626) 359-8111,H_DOCTOR_RESPECT_SN_P,"Patients who reported that their doctors ""Sometimes"" or ""Never""  treated them with courtesy and respect","Doctors ""sometimes"" or ""never"" treated them with courtesy and  respect",Not Applicable,,2,,Not Applicable,1520,,21,,10/01/2024,09/30/2025
050146,CITY OF HOPE HELFORD CLINICAL RESEARCH HOSPITAL,1500 E DUARTE ROAD,DUARTE,CA,91010,LOS ANGELES,(626) 359-8111,H_DOCTOR_RESPECT_U_P,"Patients who reported that their doctors ""Usually""  treated them with courtesy and respect","Doctors ""usually""  treated them with courtesy and  respect",Not Applicable,,9,,Not Applicable,1520,,21,,10/01/2024,09/30/2025
050146,CITY OF HOPE HELFORD CLINICAL RESEARCH HOSPITAL,1500 E DUARTE ROAD,DUARTE,CA,91010,LOS ANGELES,(626) 359-8111,H_DOCTOR_LISTEN_A_P,"Patients who reported that their doctors ""Always"" listened carefully to them","Doctors ""always"" listened carefully",Not Applicable,,84,,Not Applicable,1520,,21,,10/01/2024,09/30/2025
050146,CITY OF HOPE HELFORD CLINICAL RESEARCH HOSPITAL,1500 E DUARTE ROAD,DUARTE,CA,91010,LOS ANGELES,(626) 359-8111,H_DOCTOR_LISTEN_SN_P,"Patients who reported that their doctors ""Sometimes"" or ""Never"" listened carefully to them","Doctors ""sometimes"" or ""never"" listened carefully",Not Applicable,,3,,Not Applicable,1520,,21,,10/01/2024,09/30/2025
050146,CITY OF HOPE HELFORD CLINICAL RESEARCH HOSPITAL,1500 E DUARTE ROAD,DUARTE,CA,91010,LOS ANGELES,(626) 359-8111,H_DOCTOR_LISTEN_U_P,"Patients who reported that their doctors ""Usually"" listened carefully to them","Doctors ""usually"" listened carefully",Not Applicable,,13,,Not Applicable,1520,,21,,10/01/2024,09/30/2025
050146,CITY OF HOPE HELFORD CLINICAL RESEARCH HOSPITAL,1500 E DUARTE ROAD,DUARTE,CA,91010,LOS ANGELES,(626) 359-8111,H_DOCTOR_EXPLAIN_A_P,"Patients who reported that their doctors ""Always"" explained things in a way they could understand","Doctors ""always"" explained things so they could understand",Not Applicable,,78,,Not Applicable,1520,,21,,10/01/2024,09/30/2025
050146,CITY OF HOPE HELFORD CLINICAL RESEARCH HOSPITAL,1500 E DUARTE ROAD,DUARTE,CA,91010,LOS ANGELES,(626) 359-8111,H_DOCTOR_EXPLAIN_SN_P,"Patients who reported that their doctors ""Sometimes"" or ""Never"" explained things in a way they could understand","Doctors ""sometimes"" or ""never"" explained things so they could understand",Not Applicable,,5,,Not Applicable,1520,,21,,10/01/2024,09/30/2025
050146,CITY OF HOPE HELFORD CLINICAL RESEARCH HOSPITAL,1500 E DUARTE ROAD,DUARTE,CA,91010,LOS ANGELES,(626) 359-8111,H_DOCTOR_EXPLAIN_U_P,"Patients who reported that their doctors ""Usually"" explained things in a way they could understand","Doctors ""usually"" explained things so they could understand",Not Applicable,,17,,Not Applicable,1520,,21,,10/01/2024,09/30/2025
050146,CITY OF HOPE HELFORD CLINICAL RESEARCH HOSPITAL,1500 E DUARTE ROAD,DUARTE,CA,91010,LOS ANGELES,(626) 359-8111,H_COMP_5_A_P,"Patients who reported that staff ""Always"" explained about medicines before giving it to them","Staff ""always"" explained",Not Applicable,,64,,Not Applicable,1520,,21,,10/01/2024,09/30/2025
050146,CITY OF HOPE HELFORD CLINICAL RESEARCH HOSPITAL,1500 E DUARTE ROAD,DUARTE,CA,91010,LOS ANGELES,(626) 359-8111,H_COMP_5_SN_P,"Patients who reported that staff ""Sometimes"" or ""Never"" explained about medicines before giving it to them","Staff ""sometimes"" or ""never"" explained",Not Applicable,,15,,Not Applicable,1520,,21,,10/01/2024,09/30/2025
050146,CITY OF HOPE HELFORD CLINICAL RESEARCH HOSPITAL,1500 E DUARTE ROAD,DUARTE,CA,91010,LOS ANGELES,(626) 359-8111,H_COMP_5_U_P,"Patients who reported that staff ""Usually"" explained about medicines before giving it to them","Staff ""usually"" explained",Not Applicable,,21,,Not Applicable,1520,,21,,10/01/2024,09/30/2025
050146,CITY OF HOPE HELFORD CLINICAL RESEARCH HOSPITAL,1500 E DUARTE ROAD,DUARTE,CA,91010,LOS ANGELES,(626) 359-8111,H_COMP_5_LINEAR_SCORE,Communication about medicines - linear mean score,Communication about medicines - linear mean score,Not Applicable,,Not Applicable,,82,1520,,21,,10/01/2024,09/30/2025
050146,CITY OF HOPE HELFORD CLINICAL RESEARCH HOSPITAL,1500 E DUARTE ROAD,DUARTE,CA,91010,LOS ANGELES,(626) 359-8111,H_COMP_5_STAR_RATING,Communication about medicines - star rating,Communication about medicines - star rating,4,,Not Applicable,,Not Applicable,1520,,21,,10/01/2024,09/30/2025
050146,CITY OF HOPE HELFORD CLINICAL RESEARCH HOSPITAL,1500 E DUARTE ROAD,DUARTE,CA,91010,LOS ANGELES,(626) 359-8111,H_MED_FOR_A_P,"Patients who reported that when receiving new medication the staff ""Always"" communicated what the medication was for","Staff ""always"" explained new medications",Not Applicable,,77,,Not Applicable,1520,,21,,10/01/2024,09/30/2025
050146,CITY OF HOPE HELFORD CLINICAL RESEARCH HOSPITAL,1500 E DUARTE ROAD,DUARTE,CA,91010,LOS ANGELES,(626) 359-8111,H_MED_FOR_SN_P,"Patients who reported that when receiving new medication the staff ""Sometimes"" or ""Never"" communicated what the medication was for","Staff ""sometimes"" or ""never"" explained new medications",Not Applicable,,6,,Not Applicable,1520,,21,,10/01/2024,09/30/2025
050146,CITY OF HOPE HELFORD CLINICAL RESEARCH HOSPITAL,1500 E DUARTE ROAD,DUARTE,CA,91010,LOS ANGELES,(626) 359-8111,H_MED_FOR_U_P,"Patients who reported that when receiving new medication the staff ""Usually"" communicated what the medication was for.","Staff ""usually"" explained new medications",Not Applicable,,17,,Not Applicable,1520,,21,,10/01/2024,09/30/2025
050146,CITY OF HOPE HELFORD CLINICAL RESEARCH HOSPITAL,1500 E DUARTE ROAD,DUARTE,CA,91010,LOS ANGELES,(626) 359-8111,H_SIDE_EFFECTS_A_P,"Patients who reported that when receiving new medication the staff ""Always"" discussed possible side effects","Staff ""always"" explained possible side effects",Not Applicable,,52,,Not Applicable,1520,,21,,10/01/2024,09/30/2025
050146,CITY OF HOPE HELFORD CLINICAL RESEARCH HOSPITAL,1500 E DUARTE ROAD,DUARTE,CA,91010,LOS ANGELES,(626) 359-8111,H_SIDE_EFFECTS_SN_P,"Patients who reported that when receiving new medication the staff ""Sometimes"" or ""Never"" discussed possible side effects","Staff ""sometimes"" or ""never"" explained possible side effects",Not Applicable,,24,,Not Applicable,1520,,21,,10/01/2024,09/30/2025
050146,CITY OF HOPE HELFORD CLINICAL RESEARCH HOSPITAL,1500 E DUARTE ROAD,DUARTE,CA,91010,LOS ANGELES,(626) 359-8111,H_SIDE_EFFECTS_U_P,"Patients who reported that when receiving new medication the staff ""Usually"" discussed possible side effects","Staff ""usually"" explained possible side effects",Not Applicable,,24,,Not Applicable,1520,,21,,10/01/2024,09/30/2025
050146,CITY OF HOPE HELFORD CLINICAL RESEARCH HOSPITAL,1500 E DUARTE ROAD,DUARTE,CA,91010,LOS ANGELES,(626) 359-8111,H_COMP_6_N_P,"Patients who reported that NO, they were not given information about what to do during their recovery at home","No, staff ""did not"" give patients this information",Not Applicable,,10,,Not Applicable,1520,,21,,10/01/2024,09/30/2025
050146,CITY OF HOPE HELFORD CLINICAL RESEARCH HOSPITAL,1500 E DUARTE ROAD,DUARTE,CA,91010,LOS ANGELES,(626) 359-8111,H_COMP_6_Y_P,"Patients who reported that YES, they were given information about what to do during their recovery at home","Yes, staff ""did"" give patients this information",Not Applicable,,90,,Not Applicable,1520,,21,,10/01/2024,09/30/2025
050146,CITY OF HOPE HELFORD CLINICAL RESEARCH HOSPITAL,1500 E DUARTE ROAD,DUARTE,CA,91010,LOS ANGELES,(626) 359-8111,H_COMP_6_LINEAR_SCORE,Discharge information - linear mean score,Discharge information - linear mean score,Not Applicable,,Not Applicable,,89,1520,,21,,10/01/2024,09/30/2025
050146,CITY OF HOPE HELFORD CLINICAL RESEARCH HOSPITAL,1500 E DUARTE ROAD,DUARTE,CA,91010,LOS ANGELES,(626) 359-8111,H_COMP_6_STAR_RATING,Discharge information - star rating,Discharge information - star rating,4,,Not Applicable,,Not Applicable,1520,,21,,10/01/2024,09/30/2025
050146,CITY OF HOPE HELFORD CLINICAL RESEARCH HOSPITAL,1500 E DUARTE ROAD,DUARTE,CA,91010,LOS ANGELES,(626) 359-8111,H_DISCH_HELP_N_P,"Patients who reported that NO, they did not discuss whether they would need help after discharge","No, staff ""did not"" give patients information about help after discharge",Not Applicable,,9,,Not Applicable,1520,,21,,10/01/2024,09/30/2025
050146,CITY OF HOPE HELFORD CLINICAL RESEARCH HOSPITAL,1500 E DUARTE ROAD,DUARTE,CA,91010,LOS ANGELES,(626) 359-8111,H_DISCH_HELP_Y_P,"Patients who reported that YES, they did discuss whether they would need help after discharge","Yes, staff ""did"" give patients information about help after discharge",Not Applicable,,91,,Not Applicable,1520,,21,,10/01/2024,09/30/2025
050146,CITY OF HOPE HELFORD CLINICAL RESEARCH HOSPITAL,1500 E DUARTE ROAD,DUARTE,CA,91010,LOS ANGELES,(626) 359-8111,H_SYMPTOMS_N_P,"Patients who reported that NO, they did not receive written information about possible symptoms to look out for after discharge","No, staff ""did not"" give patients information about possible symptoms",Not Applicable,,10,,Not Applicable,1520,,21,,10/01/2024,09/30/2025
050146,CITY OF HOPE HELFORD CLINICAL RESEARCH HOSPITAL,1500 E DUARTE ROAD,DUARTE,CA,91010,LOS ANGELES,(626) 359-8111,H_SYMPTOMS_Y_P,"Patients who reported that YES, they did receive written information about possible symptoms to look out for after discharge","Yes, staff ""did"" give patients information about possible symptoms",Not Applicable,,90,,Not Applicable,1520,,21,,10/01/2024,09/30/2025
050146,CITY OF HOPE HELFORD CLINICAL RESEARCH HOSPITAL,1500 E DUARTE ROAD,DUARTE,CA,91010,LOS ANGELES,(626) 359-8111,H_CLEAN_HSP_A_P,"Patients who reported that their room and bathroom were ""Always"" clean","Room was ""always"" clean",Not Applicable,,79,,Not Applicable,1520,,21,,10/01/2024,09/30/2025
050146,CITY OF HOPE HELFORD CLINICAL RESEARCH HOSPITAL,1500 E DUARTE ROAD,DUARTE,CA,91010,LOS ANGELES,(626) 359-8111,H_CLEAN_HSP_SN_P,"Patients who reported that their room and bathroom were ""Sometimes"" or ""Never"" clean","Room was ""sometimes"" or ""never"" clean",Not Applicable,,4,,Not Applicable,1520,,21,,10/01/2024,09/30/2025
050146,CITY OF HOPE HELFORD CLINICAL RESEARCH HOSPITAL,1500 E DUARTE ROAD,DUARTE,CA,91010,LOS ANGELES,(626) 359-8111,H_CLEAN_HSP_U_P,"Patients who reported that their room and bathroom were ""Usually"" clean","Room was ""usually"" clean",Not Applicable,,17,,Not Applicable,1520,,21,,10/01/2024,09/30/2025
050146,CITY OF HOPE HELFORD CLINICAL RESEARCH HOSPITAL,1500 E DUARTE ROAD,DUARTE,CA,91010,LOS ANGELES,(626) 359-8111,H_CLEAN_LINEAR_SCORE,Cleanliness - linear mean score,Cleanliness - linear mean score,Not Applicable,,Not Applicable,,91,1520,,21,,10/01/2024,09/30/2025
050146,CITY OF HOPE HELFORD CLINICAL RESEARCH HOSPITAL,1500 E DUARTE ROAD,DUARTE,CA,91010,LOS ANGELES,(626) 359-8111,H_CLEAN_STAR_RATING,Cleanliness - star rating,Cleanliness - star rating,4,,Not Applicable,,Not Applicable,1520,,21,,10/01/2024,09/30/2025
050146,CITY OF HOPE HELFORD CLINICAL RESEARCH HOSPITAL,1500 E DUARTE ROAD,DUARTE,CA,91010,LOS ANGELES,(626) 359-8111,H_QUIET_HSP_A_P,"Patients who reported that the area around their room was ""Always"" quiet at night","""Always"" quiet at night",Not Applicable,,52,,Not Applicable,1520,,21,,10/01/2024,09/30/2025
050146,CITY OF HOPE HELFORD CLINICAL RESEARCH HOSPITAL,1500 E DUARTE ROAD,DUARTE,CA,91010,LOS ANGELES,(626) 359-8111,H_QUIET_HSP_SN_P,"Patients who reported that the area around their room was ""Sometimes"" or ""Never"" quiet at night","""Sometimes"" or ""never"" quiet at night",Not Applicable,,13,,Not Applicable,1520,,21,,10/01/2024,09/30/2025
050146,CITY OF HOPE HELFORD CLINICAL RESEARCH HOSPITAL,1500 E DUARTE ROAD,DUARTE,CA,91010,LOS ANGELES,(626) 359-8111,H_QUIET_HSP_U_P,"Patients who reported that the area around their room was ""Usually"" quiet at night","""Usually"" quiet at night",Not Applicable,,35,,Not Applicable,1520,,21,,10/01/2024,09/30/2025
050146,CITY OF HOPE HELFORD CLINICAL RESEARCH HOSPITAL,1500 E DUARTE ROAD,DUARTE,CA,91010,LOS ANGELES,(626) 359-8111,H_QUIET_LINEAR_SCORE,Quietness - linear mean score,Quietness - linear mean score,Not Applicable,,Not Applicable,,78,1520,,21,,10/01/2024,09/30/2025
050146,CITY OF HOPE HELFORD CLINICAL RESEARCH HOSPITAL,1500 E DUARTE ROAD,DUARTE,CA,91010,LOS ANGELES,(626) 359-8111,H_QUIET_STAR_RATING,Quietness - star rating,Quietness - star rating,3,,Not Applicable,,Not Applicable,1520,,21,,10/01/2024,09/30/2025
050146,CITY OF HOPE HELFORD CLINICAL RESEARCH HOSPITAL,1500 E DUARTE ROAD,DUARTE,CA,91010,LOS ANGELES,(626) 359-8111,H_HSP_RATING_0_6,Patients who gave their hospital a rating of 6 or lower on a scale from 0 (lowest) to 10 (highest),"Patients who gave a rating of ""6"" or lower (low)",Not Applicable,,5,,Not Applicable,1520,,21,,10/01/2024,09/30/2025
050146,CITY OF HOPE HELFORD CLINICAL RESEARCH HOSPITAL,1500 E DUARTE ROAD,DUARTE,CA,91010,LOS ANGELES,(626) 359-8111,H_HSP_RATING_7_8,Patients who gave their hospital a rating of 7 or 8 on a scale from 0 (lowest) to 10 (highest),"Patients who gave a rating of ""7"" or ""8"" (medium)",Not Applicable,,13,,Not Applicable,1520,,21,,10/01/2024,09/30/2025
050146,CITY OF HOPE HELFORD CLINICAL RESEARCH HOSPITAL,1500 E DUARTE ROAD,DUARTE,CA,91010,LOS ANGELES,(626) 359-8111,H_HSP_RATING_9_10,Patients who gave their hospital a rating of 9 or 10 on a scale from 0 (lowest) to 10 (highest),"Patients who gave a rating of ""9"" or ""10"" (high)",Not Applicable,,82,,Not Applicable,1520,,21,,10/01/2024,09/30/2025
050146,CITY OF HOPE HELFORD CLINICAL RESEARCH HOSPITAL,1500 E DUARTE ROAD,DUARTE,CA,91010,LOS ANGELES,(626) 359-8111,H_HSP_RATING_LINEAR_SCORE,Overall hospital rating - linear mean score,Overall hospital rating - linear mean score,Not Applicable,,Not Applicable,,92,1520,,21,,10/01/2024,09/30/2025
050146,CITY OF HOPE HELFORD CLINICAL RESEARCH HOSPITAL,1500 E DUARTE ROAD,DUARTE,CA,91010,LOS ANGELES,(626) 359-8111,H_HSP_RATING_STAR_RATING,Overall hospital rating - star rating,Overall hospital rating - star rating,4,,Not Applicable,,Not Applicable,1520,,21,,10/01/2024,09/30/2025
050146,CITY OF HOPE HELFORD CLINICAL RESEARCH HOSPITAL,1500 E DUARTE ROAD,DUARTE,CA,91010,LOS ANGELES,(626) 359-8111,H_RECMND_DN,"Patients who reported NO, they would probably not or definitely not recommend the hospital","""NO"", patients would not recommend the hospital (they probably would not or definitely would not recommend it)",Not Applicable,,3,,Not Applicable,1520,,21,,10/01/2024,09/30/2025
050146,CITY OF HOPE HELFORD CLINICAL RESEARCH HOSPITAL,1500 E DUARTE ROAD,DUARTE,CA,91010,LOS ANGELES,(626) 359-8111,H_RECMND_DY,"Patients who reported YES, they would definitely recommend the hospital","""YES"", patients would definitely recommend the hospital",Not Applicable,,86,,Not Applicable,1520,,21,,10/01/2024,09/30/2025
050146,CITY OF HOPE HELFORD CLINICAL RESEARCH HOSPITAL,1500 E DUARTE ROAD,DUARTE,CA,91010,LOS ANGELES,(626) 359-8111,H_RECMND_PY,"Patients who reported YES, they would probably recommend the hospital","""YES"", patients would probably recommend the hospital",Not Applicable,,11,,Not Applicable,1520,,21,,10/01/2024,09/30/2025
050146,CITY OF HOPE HELFORD CLINICAL RESEARCH HOSPITAL,1500 E DUARTE ROAD,DUARTE,CA,91010,LOS ANGELES,(626) 359-8111,H_RECMND_LINEAR_SCORE,Recommend hospital - linear mean score,Recommend hospital - linear mean score,Not Applicable,,Not Applicable,,94,1520,,21,,10/01/2024,09/30/2025
050146,CITY OF HOPE HELFORD CLINICAL RESEARCH HOSPITAL,1500 E DUARTE ROAD,DUARTE,CA,91010,LOS ANGELES,(626) 359-8111,H_RECMND_STAR_RATING,Recommend hospital - star rating,Recommend hospital - star rating,5,,Not Applicable,,Not Applicable,1520,,21,,10/01/2024,09/30/2025
050146,CITY OF HOPE HELFORD CLINICAL RESEARCH HOSPITAL,1500 E DUARTE ROAD,DUARTE,CA,91010,LOS ANGELES,(626) 359-8111,H_STAR_RATING,Summary star rating,Summary star rating,4,,Not Applicable,,Not Applicable,1520,,21,,10/01/2024,09/30/2025
050660,USC KENNETH NORRIS JR CANCER HOSPITAL,1441 EASTLAKE AVE,LOS ANGELES,CA,90089,LOS ANGELES,(323) 865-3000,H_COMP_1_A_P,"Patients who reported that their nurses ""Always"" communicated well","Nurses ""always"" communicated well",Not Applicable,,81,,Not Applicable,179,,15,,10/01/2024,09/30/2025
050660,USC KENNETH NORRIS JR CANCER HOSPITAL,1441 EASTLAKE AVE,LOS ANGELES,CA,90089,LOS ANGELES,(323) 865-3000,H_COMP_1_SN_P,"Patients who reported that their nurses ""Sometimes"" or ""Never"" communicated well","Nurses ""sometimes"" or ""never"" communicated well",Not Applicable,,2,,Not Applicable,179,,15,,10/01/2024,09/30/2025
050660,USC KENNETH NORRIS JR CANCER HOSPITAL,1441 EASTLAKE AVE,LOS ANGELES,CA,90089,LOS ANGELES,(323) 865-3000,H_COMP_1_U_P,"Patients who reported that their nurses ""Usually"" communicated well","Nurses ""usually"" communicated well",Not Applicable,,17,,Not Applicable,179,,15,,10/01/2024,09/30/2025
050660,USC KENNETH NORRIS JR CANCER HOSPITAL,1441 EASTLAKE AVE,LOS ANGELES,CA,90089,LOS ANGELES,(323) 865-3000,H_COMP_1_LINEAR_SCORE,Nurse communication - linear mean score,Nurse communication - linear mean score,Not Applicable,,Not Applicable,,93,179,,15,,10/01/2024,09/30/2025
050660,USC KENNETH NORRIS JR CANCER HOSPITAL,1441 EASTLAKE AVE,LOS ANGELES,CA,90089,LOS ANGELES,(323) 865-3000,H_COMP_1_STAR_RATING,Nurse communication - star rating,Nurse communication - star rating,4,,Not Applicable,,Not Applicable,179,,15,,10/01/2024,09/30/2025
050660,USC KENNETH NORRIS JR CANCER HOSPITAL,1441 EASTLAKE AVE,LOS ANGELES,CA,90089,LOS ANGELES,(323) 865-3000,H_NURSE_RESPECT_A_P,"Patients who reported that their nurses ""Always"" treated them with courtesy and respect","Nurses ""always"" treated them with courtesy and  respect",Not Applicable,,87,,Not Applicable,179,,15,,10/01/2024,09/30/2025
050660,USC KENNETH NORRIS JR CANCER HOSPITAL,1441 EASTLAKE AVE,LOS ANGELES,CA,90089,LOS ANGELES,(323) 865-3000,H_NURSE_RESPECT_SN_P,"Patients who reported that their nurses ""Sometimes"" or ""Never""  treated them with courtesy and respect","Nurses ""sometimes"" or ""never"" treated them with courtesy and  respect",Not Applicable,,0,,Not Applicable,179,,15,,10/01/2024,09/30/2025
050660,USC KENNETH NORRIS JR CANCER HOSPITAL,1441 EASTLAKE AVE,LOS ANGELES,CA,90089,LOS ANGELES,(323) 865-3000,H_NURSE_RESPECT_U_P,"Patients who reported that their nurses ""Usually""  treated them with courtesy and respect","Nurses ""usually""  treated them with courtesy and  respect",Not Applicable,,13,,Not Applicable,179,,15,,10/01/2024,09/30/2025
050660,USC KENNETH NORRIS JR CANCER HOSPITAL,1441 EASTLAKE AVE,LOS ANGELES,CA,90089,LOS ANGELES,(323) 865-3000,H_NURSE_LISTEN_A_P,"Patients who reported that their nurses ""Always"" listened carefully to them","Nurses ""always"" listened carefully",Not Applicable,,79,,Not Applicable,179,,15,,10/01/2024,09/30/2025
050660,USC KENNETH NORRIS JR CANCER HOSPITAL,1441 EASTLAKE AVE,LOS ANGELES,CA,90089,LOS ANGELES,(323) 865-3000,H_NURSE_LISTEN_SN_P,"Patients who reported that their nurses ""Sometimes"" or ""Never"" listened carefully to them","Nurses ""sometimes"" or ""never"" listened carefully",Not Applicable,,1,,Not Applicable,179,,15,,10/01/2024,09/30/2025
050660,USC KENNETH NORRIS JR CANCER HOSPITAL,1441 EASTLAKE AVE,LOS ANGELES,CA,90089,LOS ANGELES,(323) 865-3000,H_NURSE_LISTEN_U_P,"Patients who reported that their nurses ""Usually"" listened carefully to them","Nurses ""usually"" listened carefully",Not Applicable,,20,,Not Applicable,179,,15,,10/01/2024,09/30/2025
050660,USC KENNETH NORRIS JR CANCER HOSPITAL,1441 EASTLAKE AVE,LOS ANGELES,CA,90089,LOS ANGELES,(323) 865-3000,H_NURSE_EXPLAIN_A_P,"Patients who reported that their nurses ""Always"" explained things in a way they could understand","Nurses ""always"" explained things so they could understand",Not Applicable,,76,,Not Applicable,179,,15,,10/01/2024,09/30/2025
050660,USC KENNETH NORRIS JR CANCER HOSPITAL,1441 EASTLAKE AVE,LOS ANGELES,CA,90089,LOS ANGELES,(323) 865-3000,H_NURSE_EXPLAIN_SN_P,"Patients who reported that their nurses ""Sometimes"" or ""Never"" explained things in a way they could understand","Nurses ""sometimes"" or ""never"" explained things so they could understand",Not Applicable,,4,,Not Applicable,179,,15,,10/01/2024,09/30/2025
050660,USC KENNETH NORRIS JR CANCER HOSPITAL,1441 EASTLAKE AVE,LOS ANGELES,CA,90089,LOS ANGELES,(323) 865-3000,H_NURSE_EXPLAIN_U_P,"Patients who reported that their nurses ""Usually"" explained things in a way they could understand","Nurses ""usually"" explained things so they could understand",Not Applicable,,20,,Not Applicable,179,,15,,10/01/2024,09/30/2025
050660,USC KENNETH NORRIS JR CANCER HOSPITAL,1441 EASTLAKE AVE,LOS ANGELES,CA,90089,LOS ANGELES,(323) 865-3000,H_COMP_2_A_P,"Patients who reported that their doctors ""Always"" communicated well","Doctors ""always"" communicated well",Not Applicable,,81,,Not Applicable,179,,15,,10/01/2024,09/30/2025
050660,USC KENNETH NORRIS JR CANCER HOSPITAL,1441 EASTLAKE AVE,LOS ANGELES,CA,90089,LOS ANGELES,(323) 865-3000,H_COMP_2_SN_P,"Patients who reported that their doctors ""Sometimes"" or ""Never"" communicated well","Doctors ""sometimes"" or ""never"" communicated well",Not Applicable,,3,,Not Applicable,179,,15,,10/01/2024,09/30/2025
050660,USC KENNETH NORRIS JR CANCER HOSPITAL,1441 EASTLAKE AVE,LOS ANGELES,CA,90089,LOS ANGELES,(323) 865-3000,H_COMP_2_U_P,"Patients who reported that their doctors ""Usually"" communicated well","Doctors ""usually"" communicated well",Not Applicable,,16,,Not Applicable,179,,15,,10/01/2024,09/30/2025
050660,USC KENNETH NORRIS JR CANCER HOSPITAL,1441 EASTLAKE AVE,LOS ANGELES,CA,90089,LOS ANGELES,(323) 865-3000,H_COMP_2_LINEAR_SCORE,Doctor communication - linear mean score,Doctor communication - linear mean score,Not Applicable,,Not Applicable,,93,179,,15,,10/01/2024,09/30/2025
050660,USC KENNETH NORRIS JR CANCER HOSPITAL,1441 EASTLAKE AVE,LOS ANGELES,CA,90089,LOS ANGELES,(323) 865-3000,H_COMP_2_STAR_RATING,Doctor communication - star rating,Doctor communication - star rating,4,,Not Applicable,,Not Applicable,179,,15,,10/01/2024,09/30/2025
050660,USC KENNETH NORRIS JR CANCER HOSPITAL,1441 EASTLAKE AVE,LOS ANGELES,CA,90089,LOS ANGELES,(323) 865-3000,H_DOCTOR_RESPECT_A_P,"Patients who reported that their doctors ""Always"" treated them with courtesy and respect","Doctors ""always"" treated them with courtesy and  respect",Not Applicable,,89,,Not Applicable,179,,15,,10/01/2024,09/30/2025
050660,USC KENNETH NORRIS JR CANCER HOSPITAL,1441 EASTLAKE AVE,LOS ANGELES,CA,90089,LOS ANGELES,(323) 865-3000,H_DOCTOR_RESPECT_SN_P,"Patients who reported that their doctors ""Sometimes"" or ""Never""  treated them with courtesy and respect","Doctors ""sometimes"" or ""never"" treated them with courtesy and  respect",Not Applicable,,1,,Not Applicable,179,,15,,10/01/2024,09/30/2025
050660,USC KENNETH NORRIS JR CANCER HOSPITAL,1441 EASTLAKE AVE,LOS ANGELES,CA,90089,LOS ANGELES,(323) 865-3000,H_DOCTOR_RESPECT_U_P,"Patients who reported that their doctors ""Usually""  treated them with courtesy and respect","Doctors ""usually""  treated them with courtesy and  respect",Not Applicable,,10,,Not Applicable,179,,15,,10/01/2024,09/30/2025
050660,USC KENNETH NORRIS JR CANCER HOSPITAL,1441 EASTLAKE AVE,LOS ANGELES,CA,90089,LOS ANGELES,(323) 865-3000,H_DOCTOR_LISTEN_A_P,"Patients who reported that their doctors ""Always"" listened carefully to them","Doctors ""always"" listened carefully",Not Applicable,,79,,Not Applicable,179,,15,,10/01/2024,09/30/2025
050660,USC KENNETH NORRIS JR CANCER HOSPITAL,1441 EASTLAKE AVE,LOS ANGELES,CA,90089,LOS ANGELES,(323) 865-3000,H_DOCTOR_LISTEN_SN_P,"Patients who reported that their doctors ""Sometimes"" or ""Never"" listened carefully to them","Doctors ""sometimes"" or ""never"" listened carefully",Not Applicable,,2,,Not Applicable,179,,15,,10/01/2024,09/30/2025
050660,USC KENNETH NORRIS JR CANCER HOSPITAL,1441 EASTLAKE AVE,LOS ANGELES,CA,90089,LOS ANGELES,(323) 865-3000,H_DOCTOR_LISTEN_U_P,"Patients who reported that their doctors ""Usually"" listened carefully to them","Doctors ""usually"" listened carefully",Not Applicable,,19,,Not Applicable,179,,15,,10/01/2024,09/30/2025
050660,USC KENNETH NORRIS JR CANCER HOSPITAL,1441 EASTLAKE AVE,LOS ANGELES,CA,90089,LOS ANGELES,(323) 865-3000,H_DOCTOR_EXPLAIN_A_P,"Patients who reported that their doctors ""Always"" explained things in a way they could understand","Doctors ""always"" explained things so they could understand",Not Applicable,,76,,Not Applicable,179,,15,,10/01/2024,09/30/2025
050660,USC KENNETH NORRIS JR CANCER HOSPITAL,1441 EASTLAKE AVE,LOS ANGELES,CA,90089,LOS ANGELES,(323) 865-3000,H_DOCTOR_EXPLAIN_SN_P,"Patients who reported that their doctors ""Sometimes"" or ""Never"" explained things in a way they could understand","Doctors ""sometimes"" or ""never"" explained things so they could understand",Not Applicable,,5,,Not Applicable,179,,15,,10/01/2024,09/30/2025
050660,USC KENNETH NORRIS JR CANCER HOSPITAL,1441 EASTLAKE AVE,LOS ANGELES,CA,90089,LOS ANGELES,(323) 865-3000,H_DOCTOR_EXPLAIN_U_P,"Patients who reported that their doctors ""Usually"" explained things in a way they could understand","Doctors ""usually"" explained things so they could understand",Not Applicable,,19,,Not Applicable,179,,15,,10/01/2024,09/30/2025
050660,USC KENNETH NORRIS JR CANCER HOSPITAL,1441 EASTLAKE AVE,LOS ANGELES,CA,90089,LOS ANGELES,(323) 865-3000,H_COMP_5_A_P,"Patients who reported that staff ""Always"" explained about medicines before giving it to them","Staff ""always"" explained",Not Applicable,,63,,Not Applicable,179,,15,,10/01/2024,09/30/2025
050660,USC KENNETH NORRIS JR CANCER HOSPITAL,1441 EASTLAKE AVE,LOS ANGELES,CA,90089,LOS ANGELES,(323) 865-3000,H_COMP_5_SN_P,"Patients who reported that staff ""Sometimes"" or ""Never"" explained about medicines before giving it to them","Staff ""sometimes"" or ""never"" explained",Not Applicable,,13,,Not Applicable,179,,15,,10/01/2024,09/30/2025
050660,USC KENNETH NORRIS JR CANCER HOSPITAL,1441 EASTLAKE AVE,LOS ANGELES,CA,90089,LOS ANGELES,(323) 865-3000,H_COMP_5_U_P,"Patients who reported that staff ""Usually"" explained about medicines before giving it to them","Staff ""usually"" explained",Not Applicable,,24,,Not Applicable,179,,15,,10/01/2024,09/30/2025
050660,USC KENNETH NORRIS JR CANCER HOSPITAL,1441 EASTLAKE AVE,LOS ANGELES,CA,90089,LOS ANGELES,(323) 865-3000,H_COMP_5_LINEAR_SCORE,Communication about medicines - linear mean score,Communication about medicines - linear mean score,Not Applicable,,Not Applicable,,82,179,,15,,10/01/2024,09/30/2025
050660,USC KENNETH NORRIS JR CANCER HOSPITAL,1441 EASTLAKE AVE,LOS ANGELES,CA,90089,LOS ANGELES,(323) 865-3000,H_COMP_5_STAR_RATING,Communication about medicines - star rating,Communication about medicines - star rating,4,,Not Applicable,,Not Applicable,179,,15,,10/01/2024,09/30/2025
050660,USC KENNETH NORRIS JR CANCER HOSPITAL,1441 EASTLAKE AVE,LOS ANGELES,CA,90089,LOS ANGELES,(323) 865-3000,H_MED_FOR_A_P,"Patients who reported that when receiving new medication the staff ""Always"" communicated what the medication was for","Staff ""always"" explained new medications",Not Applicable,,76,,Not Applicable,179,,15,,10/01/2024,09/30/2025
050660,USC KENNETH NORRIS JR CANCER HOSPITAL,1441 EASTLAKE AVE,LOS ANGELES,CA,90089,LOS ANGELES,(323) 865-3000,H_MED_FOR_SN_P,"Patients who reported that when receiving new medication the staff ""Sometimes"" or ""Never"" communicated what the medication was for","Staff ""sometimes"" or ""never"" explained new medications",Not Applicable,,6,,Not Applicable,179,,15,,10/01/2024,09/30/2025
050660,USC KENNETH NORRIS JR CANCER HOSPITAL,1441 EASTLAKE AVE,LOS ANGELES,CA,90089,LOS ANGELES,(323) 865-3000,H_MED_FOR_U_P,"Patients who reported that when receiving new medication the staff ""Usually"" communicated what the medication was for.","Staff ""usually"" explained new medications",Not Applicable,,18,,Not Applicable,179,,15,,10/01/2024,09/30/2025
050660,USC KENNETH NORRIS JR CANCER HOSPITAL,1441 EASTLAKE AVE,LOS ANGELES,CA,90089,LOS ANGELES,(323) 865-3000,H_SIDE_EFFECTS_A_P,"Patients who reported that when receiving new medication the staff ""Always"" discussed possible side effects","Staff ""always"" explained possible side effects",Not Applicable,,51,,Not Applicable,179,,15,,10/01/2024,09/30/2025
050660,USC KENNETH NORRIS JR CANCER HOSPITAL,1441 EASTLAKE AVE,LOS ANGELES,CA,90089,LOS ANGELES,(323) 865-3000,H_SIDE_EFFECTS_SN_P,"Patients who reported that when receiving new medication the staff ""Sometimes"" or ""Never"" discussed possible side effects","Staff ""sometimes"" or ""never"" explained possible side effects",Not Applicable,,21,,Not Applicable,179,,15,,10/01/2024,09/30/2025
050660,USC KENNETH NORRIS JR CANCER HOSPITAL,1441 EASTLAKE AVE,LOS ANGELES,CA,90089,LOS ANGELES,(323) 865-3000,H_SIDE_EFFECTS_U_P,"Patients who reported that when receiving new medication the staff ""Usually"" discussed possible side effects","Staff ""usually"" explained possible side effects",Not Applicable,,28,,Not Applicable,179,,15,,10/01/2024,09/30/2025
050660,USC KENNETH NORRIS JR CANCER HOSPITAL,1441 EASTLAKE AVE,LOS ANGELES,CA,90089,LOS ANGELES,(323) 865-3000,H_COMP_6_N_P,"Patients who reported that NO, they were not given information about what to do during their recovery at home","No, staff ""did not"" give patients this information",Not Applicable,,10,,Not Applicable,179,,15,,10/01/2024,09/30/2025
050660,USC KENNETH NORRIS JR CANCER HOSPITAL,1441 EASTLAKE AVE,LOS ANGELES,CA,90089,LOS ANGELES,(323) 865-3000,H_COMP_6_Y_P,"Patients who reported that YES, they were given information about what to do during their recovery at home","Yes, staff ""did"" give patients this information",Not Applicable,,90,,Not Applicable,179,,15,,10/01/2024,09/30/2025
050660,USC KENNETH NORRIS JR CANCER HOSPITAL,1441 EASTLAKE AVE,LOS ANGELES,CA,90089,LOS ANGELES,(323) 865-3000,H_COMP_6_LINEAR_SCORE,Discharge information - linear mean score,Discharge information - linear mean score,Not Applicable,,Not Applicable,,90,179,,15,,10/01/2024,09/30/2025
050660,USC KENNETH NORRIS JR CANCER HOSPITAL,1441 EASTLAKE AVE,LOS ANGELES,CA,90089,LOS ANGELES,(323) 865-3000,H_COMP_6_STAR_RATING,Discharge information - star rating,Discharge information - star rating,4,,Not Applicable,,Not Applicable,179,,15,,10/01/2024,09/30/2025
050660,USC KENNETH NORRIS JR CANCER HOSPITAL,1441 EASTLAKE AVE,LOS ANGELES,CA,90089,LOS ANGELES,(323) 865-3000,H_DISCH_HELP_N_P,"Patients who reported that NO, they did not discuss whether they would need help after discharge","No, staff ""did not"" give patients information about help after discharge",Not Applicable,,10,,Not Applicable,179,,15,,10/01/2024,09/30/2025
050660,USC KENNETH NORRIS JR CANCER HOSPITAL,1441 EASTLAKE AVE,LOS ANGELES,CA,90089,LOS ANGELES,(323) 865-3000,H_DISCH_HELP_Y_P,"Patients who reported that YES, they did discuss whether they would need help after discharge","Yes, staff ""did"" give patients information about help after discharge",Not Applicable,,90,,Not Applicable,179,,15,,10/01/2024,09/30/2025
050660,USC KENNETH NORRIS JR CANCER HOSPITAL,1441 EASTLAKE AVE,LOS ANGELES,CA,90089,LOS ANGELES,(323) 865-3000,H_SYMPTOMS_N_P,"Patients who reported that NO, they did not receive written information about possible symptoms to look out for after discharge","No, staff ""did not"" give patients information about possible symptoms",Not Applicable,,11,,Not Applicable,179,,15,,10/01/2024,09/30/2025
050660,USC KENNETH NORRIS JR CANCER HOSPITAL,1441 EASTLAKE AVE,LOS ANGELES,CA,90089,LOS ANGELES,(323) 865-3000,H_SYMPTOMS_Y_P,"Patients who reported that YES, they did receive written information about possible symptoms to look out for after discharge","Yes, staff ""did"" give patients information about possible symptoms",Not Applicable,,89,,Not Applicable,179,,15,,10/01/2024,09/30/2025
050660,USC KENNETH NORRIS JR CANCER HOSPITAL,1441 EASTLAKE AVE,LOS ANGELES,CA,90089,LOS ANGELES,(323) 865-3000,H_CLEAN_HSP_A_P,"Patients who reported that their room and bathroom were ""Always"" clean","Room was ""always"" clean",Not Applicable,,83,,Not Applicable,179,,15,,10/01/2024,09/30/2025
050660,USC KENNETH NORRIS JR CANCER HOSPITAL,1441 EASTLAKE AVE,LOS ANGELES,CA,90089,LOS ANGELES,(323) 865-3000,H_CLEAN_HSP_SN_P,"Patients who reported that their room and bathroom were ""Sometimes"" or ""Never"" clean","Room was ""sometimes"" or ""never"" clean",Not Applicable,,3,,Not Applicable,179,,15,,10/01/2024,09/30/2025
050660,USC KENNETH NORRIS JR CANCER HOSPITAL,1441 EASTLAKE AVE,LOS ANGELES,CA,90089,LOS ANGELES,(323) 865-3000,H_CLEAN_HSP_U_P,"Patients who reported that their room and bathroom were ""Usually"" clean","Room was ""usually"" clean",Not Applicable,,14,,Not Applicable,179,,15,,10/01/2024,09/30/2025
050660,USC KENNETH NORRIS JR CANCER HOSPITAL,1441 EASTLAKE AVE,LOS ANGELES,CA,90089,LOS ANGELES,(323) 865-3000,H_CLEAN_LINEAR_SCORE,Cleanliness - linear mean score,Cleanliness - linear mean score,Not Applicable,,Not Applicable,,93,179,,15,,10/01/2024,09/30/2025
050660,USC KENNETH NORRIS JR CANCER HOSPITAL,1441 EASTLAKE AVE,LOS ANGELES,CA,90089,LOS ANGELES,(323) 865-3000,H_CLEAN_STAR_RATING,Cleanliness - star rating,Cleanliness - star rating,5,,Not Applicable,,Not Applicable,179,,15,,10/01/2024,09/30/2025
050660,USC KENNETH NORRIS JR CANCER HOSPITAL,1441 EASTLAKE AVE,LOS ANGELES,CA,90089,LOS ANGELES,(323) 865-3000,H_QUIET_HSP_A_P,"Patients who reported that the area around their room was ""Always"" quiet at night","""Always"" quiet at night",Not Applicable,,53,,Not Applicable,179,,15,,10/01/2024,09/30/2025
050660,USC KENNETH NORRIS JR CANCER HOSPITAL,1441 EASTLAKE AVE,LOS ANGELES,CA,90089,LOS ANGELES,(323) 865-3000,H_QUIET_HSP_SN_P,"Patients who reported that the area around their room was ""Sometimes"" or ""Never"" quiet at night","""Sometimes"" or ""never"" quiet at night",Not Applicable,,9,,Not Applicable,179,,15,,10/01/2024,09/30/2025
050660,USC KENNETH NORRIS JR CANCER HOSPITAL,1441 EASTLAKE AVE,LOS ANGELES,CA,90089,LOS ANGELES,(323) 865-3000,H_QUIET_HSP_U_P,"Patients who reported that the area around their room was ""Usually"" quiet at night","""Usually"" quiet at night",Not Applicable,,38,,Not Applicable,179,,15,,10/01/2024,09/30/2025
050660,USC KENNETH NORRIS JR CANCER HOSPITAL,1441 EASTLAKE AVE,LOS ANGELES,CA,90089,LOS ANGELES,(323) 865-3000,H_QUIET_LINEAR_SCORE,Quietness - linear mean score,Quietness - linear mean score,Not Applicable,,Not Applicable,,81,179,,15,,10/01/2024,09/30/2025
050660,USC KENNETH NORRIS JR CANCER HOSPITAL,1441 EASTLAKE AVE,LOS ANGELES,CA,90089,LOS ANGELES,(323) 865-3000,H_QUIET_STAR_RATING,Quietness - star rating,Quietness - star rating,3,,Not Applicable,,Not Applicable,179,,15,,10/01/2024,09/30/2025
050660,USC KENNETH NORRIS JR CANCER HOSPITAL,1441 EASTLAKE AVE,LOS ANGELES,CA,90089,LOS ANGELES,(323) 865-3000,H_HSP_RATING_0_6,Patients who gave their hospital a rating of 6 or lower on a scale from 0 (lowest) to 10 (highest),"Patients who gave a rating of ""6"" or lower (low)",Not Applicable,,4,,Not Applicable,179,,15,,10/01/2024,09/30/2025
050660,USC KENNETH NORRIS JR CANCER HOSPITAL,1441 EASTLAKE AVE,LOS ANGELES,CA,90089,LOS ANGELES,(323) 865-3000,H_HSP_RATING_7_8,Patients who gave their hospital a rating of 7 or 8 on a scale from 0 (lowest) to 10 (highest),"Patients who gave a rating of ""7"" or ""8"" (medium)",Not Applicable,,17,,Not Applicable,179,,15,,10/01/2024,09/30/2025
050660,USC KENNETH NORRIS JR CANCER HOSPITAL,1441 EASTLAKE AVE,LOS ANGELES,CA,90089,LOS ANGELES,(323) 865-3000,H_HSP_RATING_9_10,Patients who gave their hospital a rating of 9 or 10 on a scale from 0 (lowest) to 10 (highest),"Patients who gave a rating of ""9"" or ""10"" (high)",Not Applicable,,79,,Not Applicable,179,,15,,10/01/2024,09/30/2025
050660,USC KENNETH NORRIS JR CANCER HOSPITAL,1441 EASTLAKE AVE,LOS ANGELES,CA,90089,LOS ANGELES,(323) 865-3000,H_HSP_RATING_LINEAR_SCORE,Overall hospital rating - linear mean score,Overall hospital rating - linear mean score,Not Applicable,,Not Applicable,,93,179,,15,,10/01/2024,09/30/2025
050660,USC KENNETH NORRIS JR CANCER HOSPITAL,1441 EASTLAKE AVE,LOS ANGELES,CA,90089,LOS ANGELES,(323) 865-3000,H_HSP_RATING_STAR_RATING,Overall hospital rating - star rating,Overall hospital rating - star rating,5,,Not Applicable,,Not Applicable,179,,15,,10/01/2024,09/30/2025
050660,USC KENNETH NORRIS JR CANCER HOSPITAL,1441 EASTLAKE AVE,LOS ANGELES,CA,90089,LOS ANGELES,(323) 865-3000,H_RECMND_DN,"Patients who reported NO, they would probably not or definitely not recommend the hospital","""NO"", patients would not recommend the hospital (they probably would not or definitely would not recommend it)",Not Applicable,,3,,Not Applicable,179,,15,,10/01/2024,09/30/2025
050660,USC KENNETH NORRIS JR CANCER HOSPITAL,1441 EASTLAKE AVE,LOS ANGELES,CA,90089,LOS ANGELES,(323) 865-3000,H_RECMND_DY,"Patients who reported YES, they would definitely recommend the hospital","""YES"", patients would definitely recommend the hospital",Not Applicable,,83,,Not Applicable,179,,15,,10/01/2024,09/30/2025
050660,USC KENNETH NORRIS JR CANCER HOSPITAL,1441 EASTLAKE AVE,LOS ANGELES,CA,90089,LOS ANGELES,(323) 865-3000,H_RECMND_PY,"Patients who reported YES, they would probably recommend the hospital","""YES"", patients would probably recommend the hospital",Not Applicable,,14,,Not Applicable,179,,15,,10/01/2024,09/30/2025
050660,USC KENNETH NORRIS JR CANCER HOSPITAL,1441 EASTLAKE AVE,LOS ANGELES,CA,90089,LOS ANGELES,(323) 865-3000,H_RECMND_LINEAR_SCORE,Recommend hospital - linear mean score,Recommend hospital - linear mean score,Not Applicable,,Not Applicable,,93,179,,15,,10/01/2024,09/30/2025
050660,USC KENNETH NORRIS JR CANCER HOSPITAL,1441 EASTLAKE AVE,LOS ANGELES,CA,90089,LOS ANGELES,(323) 865-3000,H_RECMND_STAR_RATING,Recommend hospital - star rating,Recommend hospital - star rating,5,,Not Applicable,,Not Applicable,179,,15,,10/01/2024,09/30/2025
050660,USC KENNETH NORRIS JR CANCER HOSPITAL,1441 EASTLAKE AVE,LOS ANGELES,CA,90089,LOS ANGELES,(323) 865-3000,H_STAR_RATING,Summary star rating,Summary star rating,4,,Not Applicable,,Not Applicable,179,,15,,10/01/2024,09/30/2025
100079,UNIV OF MIAMI HOSPITAL AND CLINICS-SYLVESTER COMPR,1475 NW 12TH AVE,MIAMI,FL,33136,MIAMI-DADE,(305) 243-1000,H_COMP_1_A_P,"Patients who reported that their nurses ""Always"" communicated well","Nurses ""always"" communicated well",Not Applicable,,79,,Not Applicable,761,,21,,10/01/2024,09/30/2025
100079,UNIV OF MIAMI HOSPITAL AND CLINICS-SYLVESTER COMPR,1475 NW 12TH AVE,MIAMI,FL,33136,MIAMI-DADE,(305) 243-1000,H_COMP_1_SN_P,"Patients who reported that their nurses ""Sometimes"" or ""Never"" communicated well","Nurses ""sometimes"" or ""never"" communicated well",Not Applicable,,6,,Not Applicable,761,,21,,10/01/2024,09/30/2025
100079,UNIV OF MIAMI HOSPITAL AND CLINICS-SYLVESTER COMPR,1475 NW 12TH AVE,MIAMI,FL,33136,MIAMI-DADE,(305) 243-1000,H_COMP_1_U_P,"Patients who reported that their nurses ""Usually"" communicated well","Nurses ""usually"" communicated well",Not Applicable,,15,,Not Applicable,761,,21,,10/01/2024,09/30/2025
100079,UNIV OF MIAMI HOSPITAL AND CLINICS-SYLVESTER COMPR,1475 NW 12TH AVE,MIAMI,FL,33136,MIAMI-DADE,(305) 243-1000,H_COMP_1_LINEAR_SCORE,Nurse communication - linear mean score,Nurse communication - linear mean score,Not Applicable,,Not Applicable,,91,761,,21,,10/01/2024,09/30/2025
100079,UNIV OF MIAMI HOSPITAL AND CLINICS-SYLVESTER COMPR,1475 NW 12TH AVE,MIAMI,FL,33136,MIAMI-DADE,(305) 243-1000,H_COMP_1_STAR_RATING,Nurse communication - star rating,Nurse communication - star rating,3,,Not Applicable,,Not Applicable,761,,21,,10/01/2024,09/30/2025
100079,UNIV OF MIAMI HOSPITAL AND CLINICS-SYLVESTER COMPR,1475 NW 12TH AVE,MIAMI,FL,33136,MIAMI-DADE,(305) 243-1000,H_NURSE_RESPECT_A_P,"Patients who reported that their nurses ""Always"" treated them with courtesy and respect","Nurses ""always"" treated them with courtesy and  respect",Not Applicable,,86,,Not Applicable,761,,21,,10/01/2024,09/30/2025
100079,UNIV OF MIAMI HOSPITAL AND CLINICS-SYLVESTER COMPR,1475 NW 12TH AVE,MIAMI,FL,33136,MIAMI-DADE,(305) 243-1000,H_NURSE_RESPECT_SN_P,"Patients who reported that their nurses ""Sometimes"" or ""Never""  treated them with courtesy and respect","Nurses ""sometimes"" or ""never"" treated them with courtesy and  respect",Not Applicable,,4,,Not Applicable,761,,21,,10/01/2024,09/30/2025
100079,UNIV OF MIAMI HOSPITAL AND CLINICS-SYLVESTER COMPR,1475 NW 12TH AVE,MIAMI,FL,33136,MIAMI-DADE,(305) 243-1000,H_NURSE_RESPECT_U_P,"Patients who reported that their nurses ""Usually""  treated them with courtesy and respect","Nurses ""usually""  treated them with courtesy and  respect",Not Applicable,,10,,Not Applicable,761,,21,,10/01/2024,09/30/2025
100079,UNIV OF MIAMI HOSPITAL AND CLINICS-SYLVESTER COMPR,1475 NW 12TH AVE,MIAMI,FL,33136,MIAMI-DADE,(305) 243-1000,H_NURSE_LISTEN_A_P,"Patients who reported that their nurses ""Always"" listened carefully to them","Nurses ""always"" listened carefully",Not Applicable,,77,,Not Applicable,761,,21,,10/01/2024,09/30/2025
100079,UNIV OF MIAMI HOSPITAL AND CLINICS-SYLVESTER COMPR,1475 NW 12TH AVE,MIAMI,FL,33136,MIAMI-DADE,(305) 243-1000,H_NURSE_LISTEN_SN_P,"Patients who reported that their nurses ""Sometimes"" or ""Never"" listened carefully to them","Nurses ""sometimes"" or ""never"" listened carefully",Not Applicable,,6,,Not Applicable,761,,21,,10/01/2024,09/30/2025
100079,UNIV OF MIAMI HOSPITAL AND CLINICS-SYLVESTER COMPR,1475 NW 12TH AVE,MIAMI,FL,33136,MIAMI-DADE,(305) 243-1000,H_NURSE_LISTEN_U_P,"Patients who reported that their nurses ""Usually"" listened carefully to them","Nurses ""usually"" listened carefully",Not Applicable,,17,,Not Applicable,761,,21,,10/01/2024,09/30/2025
100079,UNIV OF MIAMI HOSPITAL AND CLINICS-SYLVESTER COMPR,1475 NW 12TH AVE,MIAMI,FL,33136,MIAMI-DADE,(305) 243-1000,H_NURSE_EXPLAIN_A_P,"Patients who reported that their nurses ""Always"" explained things in a way they could understand","Nurses ""always"" explained things so they could understand",Not Applicable,,75,,Not Applicable,761,,21,,10/01/2024,09/30/2025
100079,UNIV OF MIAMI HOSPITAL AND CLINICS-SYLVESTER COMPR,1475 NW 12TH AVE,MIAMI,FL,33136,MIAMI-DADE,(305) 243-1000,H_NURSE_EXPLAIN_SN_P,"Patients who reported that their nurses ""Sometimes"" or ""Never"" explained things in a way they could understand","Nurses ""sometimes"" or ""never"" explained things so they could understand",Not Applicable,,8,,Not Applicable,761,,21,,10/01/2024,09/30/2025
100079,UNIV OF MIAMI HOSPITAL AND CLINICS-SYLVESTER COMPR,1475 NW 12TH AVE,MIAMI,FL,33136,MIAMI-DADE,(305) 243-1000,H_NURSE_EXPLAIN_U_P,"Patients who reported that their nurses ""Usually"" explained things in a way they could understand","Nurses ""usually"" explained things so they could understand",Not Applicable,,17,,Not Applicable,761,,21,,10/01/2024,09/30/2025
100079,UNIV OF MIAMI HOSPITAL AND CLINICS-SYLVESTER COMPR,1475 NW 12TH AVE,MIAMI,FL,33136,MIAMI-DADE,(305) 243-1000,H_COMP_2_A_P,"Patients who reported that their doctors ""Always"" communicated well","Doctors ""always"" communicated well",Not Applicable,,83,,Not Applicable,761,,21,,10/01/2024,09/30/2025
100079,UNIV OF MIAMI HOSPITAL AND CLINICS-SYLVESTER COMPR,1475 NW 12TH AVE,MIAMI,FL,33136,MIAMI-DADE,(305) 243-1000,H_COMP_2_SN_P,"Patients who reported that their doctors ""Sometimes"" or ""Never"" communicated well","Doctors ""sometimes"" or ""never"" communicated well",Not Applicable,,5,,Not Applicable,761,,21,,10/01/2024,09/30/2025
100079,UNIV OF MIAMI HOSPITAL AND CLINICS-SYLVESTER COMPR,1475 NW 12TH AVE,MIAMI,FL,33136,MIAMI-DADE,(305) 243-1000,H_COMP_2_U_P,"Patients who reported that their doctors ""Usually"" communicated well","Doctors ""usually"" communicated well",Not Applicable,,12,,Not Applicable,761,,21,,10/01/2024,09/30/2025
100079,UNIV OF MIAMI HOSPITAL AND CLINICS-SYLVESTER COMPR,1475 NW 12TH AVE,MIAMI,FL,33136,MIAMI-DADE,(305) 243-1000,H_COMP_2_LINEAR_SCORE,Doctor communication - linear mean score,Doctor communication - linear mean score,Not Applicable,,Not Applicable,,93,761,,21,,10/01/2024,09/30/2025
100079,UNIV OF MIAMI HOSPITAL AND CLINICS-SYLVESTER COMPR,1475 NW 12TH AVE,MIAMI,FL,33136,MIAMI-DADE,(305) 243-1000,H_COMP_2_STAR_RATING,Doctor communication - star rating,Doctor communication - star rating,4,,Not Applicable,,Not Applicable,761,,21,,10/01/2024,09/30/2025
100079,UNIV OF MIAMI HOSPITAL AND CLINICS-SYLVESTER COMPR,1475 NW 12TH AVE,MIAMI,FL,33136,MIAMI-DADE,(305) 243-1000,H_DOCTOR_RESPECT_A_P,"Patients who reported that their doctors ""Always"" treated them with courtesy and respect","Doctors ""always"" treated them with courtesy and  respect",Not Applicable,,88,,Not Applicable,761,,21,,10/01/2024,09/30/2025
100079,UNIV OF MIAMI HOSPITAL AND CLINICS-SYLVESTER COMPR,1475 NW 12TH AVE,MIAMI,FL,33136,MIAMI-DADE,(305) 243-1000,H_DOCTOR_RESPECT_SN_P,"Patients who reported that their doctors ""Sometimes"" or ""Never""  treated them with courtesy and respect","Doctors ""sometimes"" or ""never"" treated them with courtesy and  respect",Not Applicable,,4,,Not Applicable,761,,21,,10/01/2024,09/30/2025
100079,UNIV OF MIAMI HOSPITAL AND CLINICS-SYLVESTER COMPR,1475 NW 12TH AVE,MIAMI,FL,33136,MIAMI-DADE,(305) 243-1000,H_DOCTOR_RESPECT_U_P,"Patients who reported that their doctors ""Usually""  treated them with courtesy and respect","Doctors ""usually""  treated them with courtesy and  respect",Not Applicable,,8,,Not Applicable,761,,21,,10/01/2024,09/30/2025
100079,UNIV OF MIAMI HOSPITAL AND CLINICS-SYLVESTER COMPR,1475 NW 12TH AVE,MIAMI,FL,33136,MIAMI-DADE,(305) 243-1000,H_DOCTOR_LISTEN_A_P,"Patients who reported that their doctors ""Always"" listened carefully to them","Doctors ""always"" listened carefully",Not Applicable,,83,,Not Applicable,761,,21,,10/01/2024,09/30/2025
100079,UNIV OF MIAMI HOSPITAL AND CLINICS-SYLVESTER COMPR,1475 NW 12TH AVE,MIAMI,FL,33136,MIAMI-DADE,(305) 243-1000,H_DOCTOR_LISTEN_SN_P,"Patients who reported that their doctors ""Sometimes"" or ""Never"" listened carefully to them","Doctors ""sometimes"" or ""never"" listened carefully",Not Applicable,,6,,Not Applicable,761,,21,,10/01/2024,09/30/2025
100079,UNIV OF MIAMI HOSPITAL AND CLINICS-SYLVESTER COMPR,1475 NW 12TH AVE,MIAMI,FL,33136,MIAMI-DADE,(305) 243-1000,H_DOCTOR_LISTEN_U_P,"Patients who reported that their doctors ""Usually"" listened carefully to them","Doctors ""usually"" listened carefully",Not Applicable,,11,,Not Applicable,761,,21,,10/01/2024,09/30/2025
100079,UNIV OF MIAMI HOSPITAL AND CLINICS-SYLVESTER COMPR,1475 NW 12TH AVE,MIAMI,FL,33136,MIAMI-DADE,(305) 243-1000,H_DOCTOR_EXPLAIN_A_P,"Patients who reported that their doctors ""Always"" explained things in a way they could understand","Doctors ""always"" explained things so they could understand",Not Applicable,,77,,Not Applicable,761,,21,,10/01/2024,09/30/2025
100079,UNIV OF MIAMI HOSPITAL AND CLINICS-SYLVESTER COMPR,1475 NW 12TH AVE,MIAMI,FL,33136,MIAMI-DADE,(305) 243-1000,H_DOCTOR_EXPLAIN_SN_P,"Patients who reported that their doctors ""Sometimes"" or ""Never"" explained things in a way they could understand","Doctors ""sometimes"" or ""never"" explained things so they could understand",Not Applicable,,7,,Not Applicable,761,,21,,10/01/2024,09/30/2025
100079,UNIV OF MIAMI HOSPITAL AND CLINICS-SYLVESTER COMPR,1475 NW 12TH AVE,MIAMI,FL,33136,MIAMI-DADE,(305) 243-1000,H_DOCTOR_EXPLAIN_U_P,"Patients who reported that their doctors ""Usually"" explained things in a way they could understand","Doctors ""usually"" explained things so they could understand",Not Applicable,,16,,Not Applicable,761,,21,,10/01/2024,09/30/2025
100079,UNIV OF MIAMI HOSPITAL AND CLINICS-SYLVESTER COMPR,1475 NW 12TH AVE,MIAMI,FL,33136,MIAMI-DADE,(305) 243-1000,H_COMP_5_A_P,"Patients who reported that staff ""Always"" explained about medicines before giving it to them","Staff ""always"" explained",Not Applicable,,60,,Not Applicable,761,,21,,10/01/2024,09/30/2025
100079,UNIV OF MIAMI HOSPITAL AND CLINICS-SYLVESTER COMPR,1475 NW 12TH AVE,MIAMI,FL,33136,MIAMI-DADE,(305) 243-1000,H_COMP_5_SN_P,"Patients who reported that staff ""Sometimes"" or ""Never"" explained about medicines before giving it to them","Staff ""sometimes"" or ""never"" explained",Not Applicable,,21,,Not Applicable,761,,21,,10/01/2024,09/30/2025
100079,UNIV OF MIAMI HOSPITAL AND CLINICS-SYLVESTER COMPR,1475 NW 12TH AVE,MIAMI,FL,33136,MIAMI-DADE,(305) 243-1000,H_COMP_5_U_P,"Patients who reported that staff ""Usually"" explained about medicines before giving it to them","Staff ""usually"" explained",Not Applicable,,19,,Not Applicable,761,,21,,10/01/2024,09/30/2025
100079,UNIV OF MIAMI HOSPITAL AND CLINICS-SYLVESTER COMPR,1475 NW 12TH AVE,MIAMI,FL,33136,MIAMI-DADE,(305) 243-1000,H_COMP_5_LINEAR_SCORE,Communication about medicines - linear mean score,Communication about medicines - linear mean score,Not Applicable,,Not Applicable,,77,761,,21,,10/01/2024,09/30/2025
100079,UNIV OF MIAMI HOSPITAL AND CLINICS-SYLVESTER COMPR,1475 NW 12TH AVE,MIAMI,FL,33136,MIAMI-DADE,(305) 243-1000,H_COMP_5_STAR_RATING,Communication about medicines - star rating,Communication about medicines - star rating,3,,Not Applicable,,Not Applicable,761,,21,,10/01/2024,09/30/2025
100079,UNIV OF MIAMI HOSPITAL AND CLINICS-SYLVESTER COMPR,1475 NW 12TH AVE,MIAMI,FL,33136,MIAMI-DADE,(305) 243-1000,H_MED_FOR_A_P,"Patients who reported that when receiving new medication the staff ""Always"" communicated what the medication was for","Staff ""always"" explained new medications",Not Applicable,,75,,Not Applicable,761,,21,,10/01/2024,09/30/2025
100079,UNIV OF MIAMI HOSPITAL AND CLINICS-SYLVESTER COMPR,1475 NW 12TH AVE,MIAMI,FL,33136,MIAMI-DADE,(305) 243-1000,H_MED_FOR_SN_P,"Patients who reported that when receiving new medication the staff ""Sometimes"" or ""Never"" communicated what the medication was for","Staff ""sometimes"" or ""never"" explained new medications",Not Applicable,,7,,Not Applicable,761,,21,,10/01/2024,09/30/2025
100079,UNIV OF MIAMI HOSPITAL AND CLINICS-SYLVESTER COMPR,1475 NW 12TH AVE,MIAMI,FL,33136,MIAMI-DADE,(305) 243-1000,H_MED_FOR_U_P,"Patients who reported that when receiving new medication the staff ""Usually"" communicated what the medication was for.","Staff ""usually"" explained new medications",Not Applicable,,18,,Not Applicable,761,,21,,10/01/2024,09/30/2025
100079,UNIV OF MIAMI HOSPITAL AND CLINICS-SYLVESTER COMPR,1475 NW 12TH AVE,MIAMI,FL,33136,MIAMI-DADE,(305) 243-1000,H_SIDE_EFFECTS_A_P,"Patients who reported that when receiving new medication the staff ""Always"" discussed possible side effects","Staff ""always"" explained possible side effects",Not Applicable,,45,,Not Applicable,761,,21,,10/01/2024,09/30/2025
100079,UNIV OF MIAMI HOSPITAL AND CLINICS-SYLVESTER COMPR,1475 NW 12TH AVE,MIAMI,FL,33136,MIAMI-DADE,(305) 243-1000,H_SIDE_EFFECTS_SN_P,"Patients who reported that when receiving new medication the staff ""Sometimes"" or ""Never"" discussed possible side effects","Staff ""sometimes"" or ""never"" explained possible side effects",Not Applicable,,35,,Not Applicable,761,,21,,10/01/2024,09/30/2025
100079,UNIV OF MIAMI HOSPITAL AND CLINICS-SYLVESTER COMPR,1475 NW 12TH AVE,MIAMI,FL,33136,MIAMI-DADE,(305) 243-1000,H_SIDE_EFFECTS_U_P,"Patients who reported that when receiving new medication the staff ""Usually"" discussed possible side effects","Staff ""usually"" explained possible side effects",Not Applicable,,20,,Not Applicable,761,,21,,10/01/2024,09/30/2025
100079,UNIV OF MIAMI HOSPITAL AND CLINICS-SYLVESTER COMPR,1475 NW 12TH AVE,MIAMI,FL,33136,MIAMI-DADE,(305) 243-1000,H_COMP_6_N_P,"Patients who reported that NO, they were not given information about what to do during their recovery at home","No, staff ""did not"" give patients this information",Not Applicable,,13,,Not Applicable,761,,21,,10/01/2024,09/30/2025
100079,UNIV OF MIAMI HOSPITAL AND CLINICS-SYLVESTER COMPR,1475 NW 12TH AVE,MIAMI,FL,33136,MIAMI-DADE,(305) 243-1000,H_COMP_6_Y_P,"Patients who reported that YES, they were given information about what to do during their recovery at home","Yes, staff ""did"" give patients this information",Not Applicable,,87,,Not Applicable,761,,21,,10/01/2024,09/30/2025
100079,UNIV OF MIAMI HOSPITAL AND CLINICS-SYLVESTER COMPR,1475 NW 12TH AVE,MIAMI,FL,33136,MIAMI-DADE,(305) 243-1000,H_COMP_6_LINEAR_SCORE,Discharge information - linear mean score,Discharge information - linear mean score,Not Applicable,,Not Applicable,,86,761,,21,,10/01/2024,09/30/2025
100079,UNIV OF MIAMI HOSPITAL AND CLINICS-SYLVESTER COMPR,1475 NW 12TH AVE,MIAMI,FL,33136,MIAMI-DADE,(305) 243-1000,H_COMP_6_STAR_RATING,Discharge information - star rating,Discharge information - star rating,3,,Not Applicable,,Not Applicable,761,,21,,10/01/2024,09/30/2025
100079,UNIV OF MIAMI HOSPITAL AND CLINICS-SYLVESTER COMPR,1475 NW 12TH AVE,MIAMI,FL,33136,MIAMI-DADE,(305) 243-1000,H_DISCH_HELP_N_P,"Patients who reported that NO, they did not discuss whether they would need help after discharge","No, staff ""did not"" give patients information about help after discharge",Not Applicable,,13,,Not Applicable,761,,21,,10/01/2024,09/30/2025
100079,UNIV OF MIAMI HOSPITAL AND CLINICS-SYLVESTER COMPR,1475 NW 12TH AVE,MIAMI,FL,33136,MIAMI-DADE,(305) 243-1000,H_DISCH_HELP_Y_P,"Patients who reported that YES, they did discuss whether they would need help after discharge","Yes, staff ""did"" give patients information about help after discharge",Not Applicable,,87,,Not Applicable,761,,21,,10/01/2024,09/30/2025
100079,UNIV OF MIAMI HOSPITAL AND CLINICS-SYLVESTER COMPR,1475 NW 12TH AVE,MIAMI,FL,33136,MIAMI-DADE,(305) 243-1000,H_SYMPTOMS_N_P,"Patients who reported that NO, they did not receive written information about possible symptoms to look out for after discharge","No, staff ""did not"" give patients information about possible symptoms",Not Applicable,,14,,Not Applicable,761,,21,,10/01/2024,09/30/2025
100079,UNIV OF MIAMI HOSPITAL AND CLINICS-SYLVESTER COMPR,1475 NW 12TH AVE,MIAMI,FL,33136,MIAMI-DADE,(305) 243-1000,H_SYMPTOMS_Y_P,"Patients who reported that YES, they did receive written information about possible symptoms to look out for after discharge","Yes, staff ""did"" give patients information about possible symptoms",Not Applicable,,86,,Not Applicable,761,,21,,10/01/2024,09/30/2025
100079,UNIV OF MIAMI HOSPITAL AND CLINICS-SYLVESTER COMPR,1475 NW 12TH AVE,MIAMI,FL,33136,MIAMI-DADE,(305) 243-1000,H_CLEAN_HSP_A_P,"Patients who reported that their room and bathroom were ""Always"" clean","Room was ""always"" clean",Not Applicable,,76,,Not Applicable,761,,21,,10/01/2024,09/30/2025
100079,UNIV OF MIAMI HOSPITAL AND CLINICS-SYLVESTER COMPR,1475 NW 12TH AVE,MIAMI,FL,33136,MIAMI-DADE,(305) 243-1000,H_CLEAN_HSP_SN_P,"Patients who reported that their room and bathroom were ""Sometimes"" or ""Never"" clean","Room was ""sometimes"" or ""never"" clean",Not Applicable,,7,,Not Applicable,761,,21,,10/01/2024,09/30/2025
100079,UNIV OF MIAMI HOSPITAL AND CLINICS-SYLVESTER COMPR,1475 NW 12TH AVE,MIAMI,FL,33136,MIAMI-DADE,(305) 243-1000,H_CLEAN_HSP_U_P,"Patients who reported that their room and bathroom were ""Usually"" clean","Room was ""usually"" clean",Not Applicable,,17,,Not Applicable,761,,21,,10/01/2024,09/30/2025
100079,UNIV OF MIAMI HOSPITAL AND CLINICS-SYLVESTER COMPR,1475 NW 12TH AVE,MIAMI,FL,33136,MIAMI-DADE,(305) 243-1000,H_CLEAN_LINEAR_SCORE,Cleanliness - linear mean score,Cleanliness - linear mean score,Not Applicable,,Not Applicable,,89,761,,21,,10/01/2024,09/30/2025
100079,UNIV OF MIAMI HOSPITAL AND CLINICS-SYLVESTER COMPR,1475 NW 12TH AVE,MIAMI,FL,33136,MIAMI-DADE,(305) 243-1000,H_CLEAN_STAR_RATING,Cleanliness - star rating,Cleanliness - star rating,4,,Not Applicable,,Not Applicable,761,,21,,10/01/2024,09/30/2025
100079,UNIV OF MIAMI HOSPITAL AND CLINICS-SYLVESTER COMPR,1475 NW 12TH AVE,MIAMI,FL,33136,MIAMI-DADE,(305) 243-1000,H_QUIET_HSP_A_P,"Patients who reported that the area around their room was ""Always"" quiet at night","""Always"" quiet at night",Not Applicable,,58,,Not Applicable,761,,21,,10/01/2024,09/30/2025
100079,UNIV OF MIAMI HOSPITAL AND CLINICS-SYLVESTER COMPR,1475 NW 12TH AVE,MIAMI,FL,33136,MIAMI-DADE,(305) 243-1000,H_QUIET_HSP_SN_P,"Patients who reported that the area around their room was ""Sometimes"" or ""Never"" quiet at night","""Sometimes"" or ""never"" quiet at night",Not Applicable,,12,,Not Applicable,761,,21,,10/01/2024,09/30/2025
100079,UNIV OF MIAMI HOSPITAL AND CLINICS-SYLVESTER COMPR,1475 NW 12TH AVE,MIAMI,FL,33136,MIAMI-DADE,(305) 243-1000,H_QUIET_HSP_U_P,"Patients who reported that the area around their room was ""Usually"" quiet at night","""Usually"" quiet at night",Not Applicable,,30,,Not Applicable,761,,21,,10/01/2024,09/30/2025
100079,UNIV OF MIAMI HOSPITAL AND CLINICS-SYLVESTER COMPR,1475 NW 12TH AVE,MIAMI,FL,33136,MIAMI-DADE,(305) 243-1000,H_QUIET_LINEAR_SCORE,Quietness - linear mean score,Quietness - linear mean score,Not Applicable,,Not Applicable,,81,761,,21,,10/01/2024,09/30/2025
100079,UNIV OF MIAMI HOSPITAL AND CLINICS-SYLVESTER COMPR,1475 NW 12TH AVE,MIAMI,FL,33136,MIAMI-DADE,(305) 243-1000,H_QUIET_STAR_RATING,Quietness - star rating,Quietness - star rating,3,,Not Applicable,,Not Applicable,761,,21,,10/01/2024,09/30/2025
100079,UNIV OF MIAMI HOSPITAL AND CLINICS-SYLVESTER COMPR,1475 NW 12TH AVE,MIAMI,FL,33136,MIAMI-DADE,(305) 243-1000,H_HSP_RATING_0_6,Patients who gave their hospital a rating of 6 or lower on a scale from 0 (lowest) to 10 (highest),"Patients who gave a rating of ""6"" or lower (low)",Not Applicable,,8,,Not Applicable,761,,21,,10/01/2024,09/30/2025
100079,UNIV OF MIAMI HOSPITAL AND CLINICS-SYLVESTER COMPR,1475 NW 12TH AVE,MIAMI,FL,33136,MIAMI-DADE,(305) 243-1000,H_HSP_RATING_7_8,Patients who gave their hospital a rating of 7 or 8 on a scale from 0 (lowest) to 10 (highest),"Patients who gave a rating of ""7"" or ""8"" (medium)",Not Applicable,,18,,Not Applicable,761,,21,,10/01/2024,09/30/2025
100079,UNIV OF MIAMI HOSPITAL AND CLINICS-SYLVESTER COMPR,1475 NW 12TH AVE,MIAMI,FL,33136,MIAMI-DADE,(305) 243-1000,H_HSP_RATING_9_10,Patients who gave their hospital a rating of 9 or 10 on a scale from 0 (lowest) to 10 (highest),"Patients who gave a rating of ""9"" or ""10"" (high)",Not Applicable,,74,,Not Applicable,761,,21,,10/01/2024,09/30/2025
100079,UNIV OF MIAMI HOSPITAL AND CLINICS-SYLVESTER COMPR,1475 NW 12TH AVE,MIAMI,FL,33136,MIAMI-DADE,(305) 243-1000,H_HSP_RATING_LINEAR_SCORE,Overall hospital rating - linear mean score,Overall hospital rating - linear mean score,Not Applicable,,Not Applicable,,90,761,,21,,10/01/2024,09/30/2025
100079,UNIV OF MIAMI HOSPITAL AND CLINICS-SYLVESTER COMPR,1475 NW 12TH AVE,MIAMI,FL,33136,MIAMI-DADE,(305) 243-1000,H_HSP_RATING_STAR_RATING,Overall hospital rating - star rating,Overall hospital rating - star rating,4,,Not Applicable,,Not Applicable,761,,21,,10/01/2024,09/30/2025
100079,UNIV OF MIAMI HOSPITAL AND CLINICS-SYLVESTER COMPR,1475 NW 12TH AVE,MIAMI,FL,33136,MIAMI-DADE,(305) 243-1000,H_RECMND_DN,"Patients who reported NO, they would probably not or definitely not recommend the hospital","""NO"", patients would not recommend the hospital (they probably would not or definitely would not recommend it)",Not Applicable,,5,,Not Applicable,761,,21,,10/01/2024,09/30/2025
100079,UNIV OF MIAMI HOSPITAL AND CLINICS-SYLVESTER COMPR,1475 NW 12TH AVE,MIAMI,FL,33136,MIAMI-DADE,(305) 243-1000,H_RECMND_DY,"Patients who reported YES, they would definitely recommend the hospital","""YES"", patients would definitely recommend the hospital",Not Applicable,,79,,Not Applicable,761,,21,,10/01/2024,09/30/2025
100079,UNIV OF MIAMI HOSPITAL AND CLINICS-SYLVESTER COMPR,1475 NW 12TH AVE,MIAMI,FL,33136,MIAMI-DADE,(305) 243-1000,H_RECMND_PY,"Patients who reported YES, they would probably recommend the hospital","""YES"", patients would probably recommend the hospital",Not Applicable,,16,,Not Applicable,761,,21,,10/01/2024,09/30/2025
100079,UNIV OF MIAMI HOSPITAL AND CLINICS-SYLVESTER COMPR,1475 NW 12TH AVE,MIAMI,FL,33136,MIAMI-DADE,(305) 243-1000,H_RECMND_LINEAR_SCORE,Recommend hospital - linear mean score,Recommend hospital - linear mean score,Not Applicable,,Not Applicable,,91,761,,21,,10/01/2024,09/30/2025
100079,UNIV OF MIAMI HOSPITAL AND CLINICS-SYLVESTER COMPR,1475 NW 12TH AVE,MIAMI,FL,33136,MIAMI-DADE,(305) 243-1000,H_RECMND_STAR_RATING,Recommend hospital - star rating,Recommend hospital - star rating,5,,Not Applicable,,Not Applicable,761,,21,,10/01/2024,09/30/2025
100079,UNIV OF MIAMI HOSPITAL AND CLINICS-SYLVESTER COMPR,1475 NW 12TH AVE,MIAMI,FL,33136,MIAMI-DADE,(305) 243-1000,H_STAR_RATING,Summary star rating,Summary star rating,4,,Not Applicable,,Not Applicable,761,,21,,10/01/2024,09/30/2025
100271,H LEE MOFFITT CANCER CENTER & RESEARCH INSTITUTE I,12902 MAGNOLIA DR,TAMPA,FL,33612,HILLSBOROUGH,(813) 979-3054,H_COMP_1_A_P,"Patients who reported that their nurses ""Always"" communicated well","Nurses ""always"" communicated well",Not Applicable,,86,,Not Applicable,1921,,31,,10/01/2024,09/30/2025
100271,H LEE MOFFITT CANCER CENTER & RESEARCH INSTITUTE I,12902 MAGNOLIA DR,TAMPA,FL,33612,HILLSBOROUGH,(813) 979-3054,H_COMP_1_SN_P,"Patients who reported that their nurses ""Sometimes"" or ""Never"" communicated well","Nurses ""sometimes"" or ""never"" communicated well",Not Applicable,,2,,Not Applicable,1921,,31,,10/01/2024,09/30/2025
100271,H LEE MOFFITT CANCER CENTER & RESEARCH INSTITUTE I,12902 MAGNOLIA DR,TAMPA,FL,33612,HILLSBOROUGH,(813) 979-3054,H_COMP_1_U_P,"Patients who reported that their nurses ""Usually"" communicated well","Nurses ""usually"" communicated well",Not Applicable,,12,,Not Applicable,1921,,31,,10/01/2024,09/30/2025
100271,H LEE MOFFITT CANCER CENTER & RESEARCH INSTITUTE I,12902 MAGNOLIA DR,TAMPA,FL,33612,HILLSBOROUGH,(813) 979-3054,H_COMP_1_LINEAR_SCORE,Nurse communication - linear mean score,Nurse communication - linear mean score,Not Applicable,,Not Applicable,,95,1921,,31,,10/01/2024,09/30/2025
100271,H LEE MOFFITT CANCER CENTER & RESEARCH INSTITUTE I,12902 MAGNOLIA DR,TAMPA,FL,33612,HILLSBOROUGH,(813) 979-3054,H_COMP_1_STAR_RATING,Nurse communication - star rating,Nurse communication - star rating,5,,Not Applicable,,Not Applicable,1921,,31,,10/01/2024,09/30/2025
100271,H LEE MOFFITT CANCER CENTER & RESEARCH INSTITUTE I,12902 MAGNOLIA DR,TAMPA,FL,33612,HILLSBOROUGH,(813) 979-3054,H_NURSE_RESPECT_A_P,"Patients who reported that their nurses ""Always"" treated them with courtesy and respect","Nurses ""always"" treated them with courtesy and  respect",Not Applicable,,91,,Not Applicable,1921,,31,,10/01/2024,09/30/2025
100271,H LEE MOFFITT CANCER CENTER & RESEARCH INSTITUTE I,12902 MAGNOLIA DR,TAMPA,FL,33612,HILLSBOROUGH,(813) 979-3054,H_NURSE_RESPECT_SN_P,"Patients who reported that their nurses ""Sometimes"" or ""Never""  treated them with courtesy and respect","Nurses ""sometimes"" or ""never"" treated them with courtesy and  respect",Not Applicable,,1,,Not Applicable,1921,,31,,10/01/2024,09/30/2025
100271,H LEE MOFFITT CANCER CENTER & RESEARCH INSTITUTE I,12902 MAGNOLIA DR,TAMPA,FL,33612,HILLSBOROUGH,(813) 979-3054,H_NURSE_RESPECT_U_P,"Patients who reported that their nurses ""Usually""  treated them with courtesy and respect","Nurses ""usually""  treated them with courtesy and  respect",Not Applicable,,8,,Not Applicable,1921,,31,,10/01/2024,09/30/2025
100271,H LEE MOFFITT CANCER CENTER & RESEARCH INSTITUTE I,12902 MAGNOLIA DR,TAMPA,FL,33612,HILLSBOROUGH,(813) 979-3054,H_NURSE_LISTEN_A_P,"Patients who reported that their nurses ""Always"" listened carefully to them","Nurses ""always"" listened carefully",Not Applicable,,84,,Not Applicable,1921,,31,,10/01/2024,09/30/2025
100271,H LEE MOFFITT CANCER CENTER & RESEARCH INSTITUTE I,12902 MAGNOLIA DR,TAMPA,FL,33612,HILLSBOROUGH,(813) 979-3054,H_NURSE_LISTEN_SN_P,"Patients who reported that their nurses ""Sometimes"" or ""Never"" listened carefully to them","Nurses ""sometimes"" or ""never"" listened carefully",Not Applicable,,1,,Not Applicable,1921,,31,,10/01/2024,09/30/2025
100271,H LEE MOFFITT CANCER CENTER & RESEARCH INSTITUTE I,12902 MAGNOLIA DR,TAMPA,FL,33612,HILLSBOROUGH,(813) 979-3054,H_NURSE_LISTEN_U_P,"Patients who reported that their nurses ""Usually"" listened carefully to them","Nurses ""usually"" listened carefully",Not Applicable,,15,,Not Applicable,1921,,31,,10/01/2024,09/30/2025
100271,H LEE MOFFITT CANCER CENTER & RESEARCH INSTITUTE I,12902 MAGNOLIA DR,TAMPA,FL,33612,HILLSBOROUGH,(813) 979-3054,H_NURSE_EXPLAIN_A_P,"Patients who reported that their nurses ""Always"" explained things in a way they could understand","Nurses ""always"" explained things so they could understand",Not Applicable,,81,,Not Applicable,1921,,31,,10/01/2024,09/30/2025
100271,H LEE MOFFITT CANCER CENTER & RESEARCH INSTITUTE I,12902 MAGNOLIA DR,TAMPA,FL,33612,HILLSBOROUGH,(813) 979-3054,H_NURSE_EXPLAIN_SN_P,"Patients who reported that their nurses ""Sometimes"" or ""Never"" explained things in a way they could understand","Nurses ""sometimes"" or ""never"" explained things so they could understand",Not Applicable,,3,,Not Applicable,1921,,31,,10/01/2024,09/30/2025
100271,H LEE MOFFITT CANCER CENTER & RESEARCH INSTITUTE I,12902 MAGNOLIA DR,TAMPA,FL,33612,HILLSBOROUGH,(813) 979-3054,H_NURSE_EXPLAIN_U_P,"Patients who reported that their nurses ""Usually"" explained things in a way they could understand","Nurses ""usually"" explained things so they could understand",Not Applicable,,16,,Not Applicable,1921,,31,,10/01/2024,09/30/2025
100271,H LEE MOFFITT CANCER CENTER & RESEARCH INSTITUTE I,12902 MAGNOLIA DR,TAMPA,FL,33612,HILLSBOROUGH,(813) 979-3054,H_COMP_2_A_P,"Patients who reported that their doctors ""Always"" communicated well","Doctors ""always"" communicated well",Not Applicable,,85,,Not Applicable,1921,,31,,10/01/2024,09/30/2025
100271,H LEE MOFFITT CANCER CENTER & RESEARCH INSTITUTE I,12902 MAGNOLIA DR,TAMPA,FL,33612,HILLSBOROUGH,(813) 979-3054,H_COMP_2_SN_P,"Patients who reported that their doctors ""Sometimes"" or ""Never"" communicated well","Doctors ""sometimes"" or ""never"" communicated well",Not Applicable,,3,,Not Applicable,1921,,31,,10/01/2024,09/30/2025
100271,H LEE MOFFITT CANCER CENTER & RESEARCH INSTITUTE I,12902 MAGNOLIA DR,TAMPA,FL,33612,HILLSBOROUGH,(813) 979-3054,H_COMP_2_U_P,"Patients who reported that their doctors ""Usually"" communicated well","Doctors ""usually"" communicated well",Not Applicable,,12,,Not Applicable,1921,,31,,10/01/2024,09/30/2025
100271,H LEE MOFFITT CANCER CENTER & RESEARCH INSTITUTE I,12902 MAGNOLIA DR,TAMPA,FL,33612,HILLSBOROUGH,(813) 979-3054,H_COMP_2_LINEAR_SCORE,Doctor communication - linear mean score,Doctor communication - linear mean score,Not Applicable,,Not Applicable,,94,1921,,31,,10/01/2024,09/30/2025
100271,H LEE MOFFITT CANCER CENTER & RESEARCH INSTITUTE I,12902 MAGNOLIA DR,TAMPA,FL,33612,HILLSBOROUGH,(813) 979-3054,H_COMP_2_STAR_RATING,Doctor communication - star rating,Doctor communication - star rating,4,,Not Applicable,,Not Applicable,1921,,31,,10/01/2024,09/30/2025
100271,H LEE MOFFITT CANCER CENTER & RESEARCH INSTITUTE I,12902 MAGNOLIA DR,TAMPA,FL,33612,HILLSBOROUGH,(813) 979-3054,H_DOCTOR_RESPECT_A_P,"Patients who reported that their doctors ""Always"" treated them with courtesy and respect","Doctors ""always"" treated them with courtesy and  respect",Not Applicable,,90,,Not Applicable,1921,,31,,10/01/2024,09/30/2025
100271,H LEE MOFFITT CANCER CENTER & RESEARCH INSTITUTE I,12902 MAGNOLIA DR,TAMPA,FL,33612,HILLSBOROUGH,(813) 979-3054,H_DOCTOR_RESPECT_SN_P,"Patients who reported that their doctors ""Sometimes"" or ""Never""  treated them with courtesy and respect","Doctors ""sometimes"" or ""never"" treated them with courtesy and  respect",Not Applicable,,2,,Not Applicable,1921,,31,,10/01/2024,09/30/2025
100271,H LEE MOFFITT CANCER CENTER & RESEARCH INSTITUTE I,12902 MAGNOLIA DR,TAMPA,FL,33612,HILLSBOROUGH,(813) 979-3054,H_DOCTOR_RESPECT_U_P,"Patients who reported that their doctors ""Usually""  treated them with courtesy and respect","Doctors ""usually""  treated them with courtesy and  respect",Not Applicable,,8,,Not Applicable,1921,,31,,10/01/2024,09/30/2025
100271,H LEE MOFFITT CANCER CENTER & RESEARCH INSTITUTE I,12902 MAGNOLIA DR,TAMPA,FL,33612,HILLSBOROUGH,(813) 979-3054,H_DOCTOR_LISTEN_A_P,"Patients who reported that their doctors ""Always"" listened carefully to them","Doctors ""always"" listened carefully",Not Applicable,,84,,Not Applicable,1921,,31,,10/01/2024,09/30/2025
100271,H LEE MOFFITT CANCER CENTER & RESEARCH INSTITUTE I,12902 MAGNOLIA DR,TAMPA,FL,33612,HILLSBOROUGH,(813) 979-3054,H_DOCTOR_LISTEN_SN_P,"Patients who reported that their doctors ""Sometimes"" or ""Never"" listened carefully to them","Doctors ""sometimes"" or ""never"" listened carefully",Not Applicable,,3,,Not Applicable,1921,,31,,10/01/2024,09/30/2025
100271,H LEE MOFFITT CANCER CENTER & RESEARCH INSTITUTE I,12902 MAGNOLIA DR,TAMPA,FL,33612,HILLSBOROUGH,(813) 979-3054,H_DOCTOR_LISTEN_U_P,"Patients who reported that their doctors ""Usually"" listened carefully to them","Doctors ""usually"" listened carefully",Not Applicable,,13,,Not Applicable,1921,,31,,10/01/2024,09/30/2025
100271,H LEE MOFFITT CANCER CENTER & RESEARCH INSTITUTE I,12902 MAGNOLIA DR,TAMPA,FL,33612,HILLSBOROUGH,(813) 979-3054,H_DOCTOR_EXPLAIN_A_P,"Patients who reported that their doctors ""Always"" explained things in a way they could understand","Doctors ""always"" explained things so they could understand",Not Applicable,,81,,Not Applicable,1921,,31,,10/01/2024,09/30/2025
100271,H LEE MOFFITT CANCER CENTER & RESEARCH INSTITUTE I,12902 MAGNOLIA DR,TAMPA,FL,33612,HILLSBOROUGH,(813) 979-3054,H_DOCTOR_EXPLAIN_SN_P,"Patients who reported that their doctors ""Sometimes"" or ""Never"" explained things in a way they could understand","Doctors ""sometimes"" or ""never"" explained things so they could understand",Not Applicable,,5,,Not Applicable,1921,,31,,10/01/2024,09/30/2025
100271,H LEE MOFFITT CANCER CENTER & RESEARCH INSTITUTE I,12902 MAGNOLIA DR,TAMPA,FL,33612,HILLSBOROUGH,(813) 979-3054,H_DOCTOR_EXPLAIN_U_P,"Patients who reported that their doctors ""Usually"" explained things in a way they could understand","Doctors ""usually"" explained things so they could understand",Not Applicable,,14,,Not Applicable,1921,,31,,10/01/2024,09/30/2025
100271,H LEE MOFFITT CANCER CENTER & RESEARCH INSTITUTE I,12902 MAGNOLIA DR,TAMPA,FL,33612,HILLSBOROUGH,(813) 979-3054,H_COMP_5_A_P,"Patients who reported that staff ""Always"" explained about medicines before giving it to them","Staff ""always"" explained",Not Applicable,,68,,Not Applicable,1921,,31,,10/01/2024,09/30/2025
100271,H LEE MOFFITT CANCER CENTER & RESEARCH INSTITUTE I,12902 MAGNOLIA DR,TAMPA,FL,33612,HILLSBOROUGH,(813) 979-3054,H_COMP_5_SN_P,"Patients who reported that staff ""Sometimes"" or ""Never"" explained about medicines before giving it to them","Staff ""sometimes"" or ""never"" explained",Not Applicable,,14,,Not Applicable,1921,,31,,10/01/2024,09/30/2025
100271,H LEE MOFFITT CANCER CENTER & RESEARCH INSTITUTE I,12902 MAGNOLIA DR,TAMPA,FL,33612,HILLSBOROUGH,(813) 979-3054,H_COMP_5_U_P,"Patients who reported that staff ""Usually"" explained about medicines before giving it to them","Staff ""usually"" explained",Not Applicable,,18,,Not Applicable,1921,,31,,10/01/2024,09/30/2025
100271,H LEE MOFFITT CANCER CENTER & RESEARCH INSTITUTE I,12902 MAGNOLIA DR,TAMPA,FL,33612,HILLSBOROUGH,(813) 979-3054,H_COMP_5_LINEAR_SCORE,Communication about medicines - linear mean score,Communication about medicines - linear mean score,Not Applicable,,Not Applicable,,83,1921,,31,,10/01/2024,09/30/2025
100271,H LEE MOFFITT CANCER CENTER & RESEARCH INSTITUTE I,12902 MAGNOLIA DR,TAMPA,FL,33612,HILLSBOROUGH,(813) 979-3054,H_COMP_5_STAR_RATING,Communication about medicines - star rating,Communication about medicines - star rating,4,,Not Applicable,,Not Applicable,1921,,31,,10/01/2024,09/30/2025
100271,H LEE MOFFITT CANCER CENTER & RESEARCH INSTITUTE I,12902 MAGNOLIA DR,TAMPA,FL,33612,HILLSBOROUGH,(813) 979-3054,H_MED_FOR_A_P,"Patients who reported that when receiving new medication the staff ""Always"" communicated what the medication was for","Staff ""always"" explained new medications",Not Applicable,,81,,Not Applicable,1921,,31,,10/01/2024,09/30/2025
100271,H LEE MOFFITT CANCER CENTER & RESEARCH INSTITUTE I,12902 MAGNOLIA DR,TAMPA,FL,33612,HILLSBOROUGH,(813) 979-3054,H_MED_FOR_SN_P,"Patients who reported that when receiving new medication the staff ""Sometimes"" or ""Never"" communicated what the medication was for","Staff ""sometimes"" or ""never"" explained new medications",Not Applicable,,5,,Not Applicable,1921,,31,,10/01/2024,09/30/2025
100271,H LEE MOFFITT CANCER CENTER & RESEARCH INSTITUTE I,12902 MAGNOLIA DR,TAMPA,FL,33612,HILLSBOROUGH,(813) 979-3054,H_MED_FOR_U_P,"Patients who reported that when receiving new medication the staff ""Usually"" communicated what the medication was for.","Staff ""usually"" explained new medications",Not Applicable,,14,,Not Applicable,1921,,31,,10/01/2024,09/30/2025
100271,H LEE MOFFITT CANCER CENTER & RESEARCH INSTITUTE I,12902 MAGNOLIA DR,TAMPA,FL,33612,HILLSBOROUGH,(813) 979-3054,H_SIDE_EFFECTS_A_P,"Patients who reported that when receiving new medication the staff ""Always"" discussed possible side effects","Staff ""always"" explained possible side effects",Not Applicable,,55,,Not Applicable,1921,,31,,10/01/2024,09/30/2025
100271,H LEE MOFFITT CANCER CENTER & RESEARCH INSTITUTE I,12902 MAGNOLIA DR,TAMPA,FL,33612,HILLSBOROUGH,(813) 979-3054,H_SIDE_EFFECTS_SN_P,"Patients who reported that when receiving new medication the staff ""Sometimes"" or ""Never"" discussed possible side effects","Staff ""sometimes"" or ""never"" explained possible side effects",Not Applicable,,22,,Not Applicable,1921,,31,,10/01/2024,09/30/2025
100271,H LEE MOFFITT CANCER CENTER & RESEARCH INSTITUTE I,12902 MAGNOLIA DR,TAMPA,FL,33612,HILLSBOROUGH,(813) 979-3054,H_SIDE_EFFECTS_U_P,"Patients who reported that when receiving new medication the staff ""Usually"" discussed possible side effects","Staff ""usually"" explained possible side effects",Not Applicable,,23,,Not Applicable,1921,,31,,10/01/2024,09/30/2025
100271,H LEE MOFFITT CANCER CENTER & RESEARCH INSTITUTE I,12902 MAGNOLIA DR,TAMPA,FL,33612,HILLSBOROUGH,(813) 979-3054,H_COMP_6_N_P,"Patients who reported that NO, they were not given information about what to do during their recovery at home","No, staff ""did not"" give patients this information",Not Applicable,,8,,Not Applicable,1921,,31,,10/01/2024,09/30/2025
100271,H LEE MOFFITT CANCER CENTER & RESEARCH INSTITUTE I,12902 MAGNOLIA DR,TAMPA,FL,33612,HILLSBOROUGH,(813) 979-3054,H_COMP_6_Y_P,"Patients who reported that YES, they were given information about what to do during their recovery at home","Yes, staff ""did"" give patients this information",Not Applicable,,92,,Not Applicable,1921,,31,,10/01/2024,09/30/2025
100271,H LEE MOFFITT CANCER CENTER & RESEARCH INSTITUTE I,12902 MAGNOLIA DR,TAMPA,FL,33612,HILLSBOROUGH,(813) 979-3054,H_COMP_6_LINEAR_SCORE,Discharge information - linear mean score,Discharge information - linear mean score,Not Applicable,,Not Applicable,,91,1921,,31,,10/01/2024,09/30/2025
100271,H LEE MOFFITT CANCER CENTER & RESEARCH INSTITUTE I,12902 MAGNOLIA DR,TAMPA,FL,33612,HILLSBOROUGH,(813) 979-3054,H_COMP_6_STAR_RATING,Discharge information - star rating,Discharge information - star rating,5,,Not Applicable,,Not Applicable,1921,,31,,10/01/2024,09/30/2025
100271,H LEE MOFFITT CANCER CENTER & RESEARCH INSTITUTE I,12902 MAGNOLIA DR,TAMPA,FL,33612,HILLSBOROUGH,(813) 979-3054,H_DISCH_HELP_N_P,"Patients who reported that NO, they did not discuss whether they would need help after discharge","No, staff ""did not"" give patients information about help after discharge",Not Applicable,,8,,Not Applicable,1921,,31,,10/01/2024,09/30/2025
100271,H LEE MOFFITT CANCER CENTER & RESEARCH INSTITUTE I,12902 MAGNOLIA DR,TAMPA,FL,33612,HILLSBOROUGH,(813) 979-3054,H_DISCH_HELP_Y_P,"Patients who reported that YES, they did discuss whether they would need help after discharge","Yes, staff ""did"" give patients information about help after discharge",Not Applicable,,92,,Not Applicable,1921,,31,,10/01/2024,09/30/2025
100271,H LEE MOFFITT CANCER CENTER & RESEARCH INSTITUTE I,12902 MAGNOLIA DR,TAMPA,FL,33612,HILLSBOROUGH,(813) 979-3054,H_SYMPTOMS_N_P,"Patients who reported that NO, they did not receive written information about possible symptoms to look out for after discharge","No, staff ""did not"" give patients information about possible symptoms",Not Applicable,,9,,Not Applicable,1921,,31,,10/01/2024,09/30/2025
100271,H LEE MOFFITT CANCER CENTER & RESEARCH INSTITUTE I,12902 MAGNOLIA DR,TAMPA,FL,33612,HILLSBOROUGH,(813) 979-3054,H_SYMPTOMS_Y_P,"Patients who reported that YES, they did receive written information about possible symptoms to look out for after discharge","Yes, staff ""did"" give patients information about possible symptoms",Not Applicable,,91,,Not Applicable,1921,,31,,10/01/2024,09/30/2025
100271,H LEE MOFFITT CANCER CENTER & RESEARCH INSTITUTE I,12902 MAGNOLIA DR,TAMPA,FL,33612,HILLSBOROUGH,(813) 979-3054,H_CLEAN_HSP_A_P,"Patients who reported that their room and bathroom were ""Always"" clean","Room was ""always"" clean",Not Applicable,,83,,Not Applicable,1921,,31,,10/01/2024,09/30/2025
100271,H LEE MOFFITT CANCER CENTER & RESEARCH INSTITUTE I,12902 MAGNOLIA DR,TAMPA,FL,33612,HILLSBOROUGH,(813) 979-3054,H_CLEAN_HSP_SN_P,"Patients who reported that their room and bathroom were ""Sometimes"" or ""Never"" clean","Room was ""sometimes"" or ""never"" clean",Not Applicable,,3,,Not Applicable,1921,,31,,10/01/2024,09/30/2025
100271,H LEE MOFFITT CANCER CENTER & RESEARCH INSTITUTE I,12902 MAGNOLIA DR,TAMPA,FL,33612,HILLSBOROUGH,(813) 979-3054,H_CLEAN_HSP_U_P,"Patients who reported that their room and bathroom were ""Usually"" clean","Room was ""usually"" clean",Not Applicable,,14,,Not Applicable,1921,,31,,10/01/2024,09/30/2025
100271,H LEE MOFFITT CANCER CENTER & RESEARCH INSTITUTE I,12902 MAGNOLIA DR,TAMPA,FL,33612,HILLSBOROUGH,(813) 979-3054,H_CLEAN_LINEAR_SCORE,Cleanliness - linear mean score,Cleanliness - linear mean score,Not Applicable,,Not Applicable,,93,1921,,31,,10/01/2024,09/30/2025
100271,H LEE MOFFITT CANCER CENTER & RESEARCH INSTITUTE I,12902 MAGNOLIA DR,TAMPA,FL,33612,HILLSBOROUGH,(813) 979-3054,H_CLEAN_STAR_RATING,Cleanliness - star rating,Cleanliness - star rating,5,,Not Applicable,,Not Applicable,1921,,31,,10/01/2024,09/30/2025
100271,H LEE MOFFITT CANCER CENTER & RESEARCH INSTITUTE I,12902 MAGNOLIA DR,TAMPA,FL,33612,HILLSBOROUGH,(813) 979-3054,H_QUIET_HSP_A_P,"Patients who reported that the area around their room was ""Always"" quiet at night","""Always"" quiet at night",Not Applicable,,66,,Not Applicable,1921,,31,,10/01/2024,09/30/2025
100271,H LEE MOFFITT CANCER CENTER & RESEARCH INSTITUTE I,12902 MAGNOLIA DR,TAMPA,FL,33612,HILLSBOROUGH,(813) 979-3054,H_QUIET_HSP_SN_P,"Patients who reported that the area around their room was ""Sometimes"" or ""Never"" quiet at night","""Sometimes"" or ""never"" quiet at night",Not Applicable,,6,,Not Applicable,1921,,31,,10/01/2024,09/30/2025
100271,H LEE MOFFITT CANCER CENTER & RESEARCH INSTITUTE I,12902 MAGNOLIA DR,TAMPA,FL,33612,HILLSBOROUGH,(813) 979-3054,H_QUIET_HSP_U_P,"Patients who reported that the area around their room was ""Usually"" quiet at night","""Usually"" quiet at night",Not Applicable,,28,,Not Applicable,1921,,31,,10/01/2024,09/30/2025
100271,H LEE MOFFITT CANCER CENTER & RESEARCH INSTITUTE I,12902 MAGNOLIA DR,TAMPA,FL,33612,HILLSBOROUGH,(813) 979-3054,H_QUIET_LINEAR_SCORE,Quietness - linear mean score,Quietness - linear mean score,Not Applicable,,Not Applicable,,86,1921,,31,,10/01/2024,09/30/2025
100271,H LEE MOFFITT CANCER CENTER & RESEARCH INSTITUTE I,12902 MAGNOLIA DR,TAMPA,FL,33612,HILLSBOROUGH,(813) 979-3054,H_QUIET_STAR_RATING,Quietness - star rating,Quietness - star rating,4,,Not Applicable,,Not Applicable,1921,,31,,10/01/2024,09/30/2025
100271,H LEE MOFFITT CANCER CENTER & RESEARCH INSTITUTE I,12902 MAGNOLIA DR,TAMPA,FL,33612,HILLSBOROUGH,(813) 979-3054,H_HSP_RATING_0_6,Patients who gave their hospital a rating of 6 or lower on a scale from 0 (lowest) to 10 (highest),"Patients who gave a rating of ""6"" or lower (low)",Not Applicable,,4,,Not Applicable,1921,,31,,10/01/2024,09/30/2025
100271,H LEE MOFFITT CANCER CENTER & RESEARCH INSTITUTE I,12902 MAGNOLIA DR,TAMPA,FL,33612,HILLSBOROUGH,(813) 979-3054,H_HSP_RATING_7_8,Patients who gave their hospital a rating of 7 or 8 on a scale from 0 (lowest) to 10 (highest),"Patients who gave a rating of ""7"" or ""8"" (medium)",Not Applicable,,8,,Not Applicable,1921,,31,,10/01/2024,09/30/2025
100271,H LEE MOFFITT CANCER CENTER & RESEARCH INSTITUTE I,12902 MAGNOLIA DR,TAMPA,FL,33612,HILLSBOROUGH,(813) 979-3054,H_HSP_RATING_9_10,Patients who gave their hospital a rating of 9 or 10 on a scale from 0 (lowest) to 10 (highest),"Patients who gave a rating of ""9"" or ""10"" (high)",Not Applicable,,88,,Not Applicable,1921,,31,,10/01/2024,09/30/2025
100271,H LEE MOFFITT CANCER CENTER & RESEARCH INSTITUTE I,12902 MAGNOLIA DR,TAMPA,FL,33612,HILLSBOROUGH,(813) 979-3054,H_HSP_RATING_LINEAR_SCORE,Overall hospital rating - linear mean score,Overall hospital rating - linear mean score,Not Applicable,,Not Applicable,,95,1921,,31,,10/01/2024,09/30/2025
100271,H LEE MOFFITT CANCER CENTER & RESEARCH INSTITUTE I,12902 MAGNOLIA DR,TAMPA,FL,33612,HILLSBOROUGH,(813) 979-3054,H_HSP_RATING_STAR_RATING,Overall hospital rating - star rating,Overall hospital rating - star rating,5,,Not Applicable,,Not Applicable,1921,,31,,10/01/2024,09/30/2025
100271,H LEE MOFFITT CANCER CENTER & RESEARCH INSTITUTE I,12902 MAGNOLIA DR,TAMPA,FL,33612,HILLSBOROUGH,(813) 979-3054,H_RECMND_DN,"Patients who reported NO, they would probably not or definitely not recommend the hospital","""NO"", patients would not recommend the hospital (they probably would not or definitely would not recommend it)",Not Applicable,,1,,Not Applicable,1921,,31,,10/01/2024,09/30/2025
100271,H LEE MOFFITT CANCER CENTER & RESEARCH INSTITUTE I,12902 MAGNOLIA DR,TAMPA,FL,33612,HILLSBOROUGH,(813) 979-3054,H_RECMND_DY,"Patients who reported YES, they would definitely recommend the hospital","""YES"", patients would definitely recommend the hospital",Not Applicable,,89,,Not Applicable,1921,,31,,10/01/2024,09/30/2025
100271,H LEE MOFFITT CANCER CENTER & RESEARCH INSTITUTE I,12902 MAGNOLIA DR,TAMPA,FL,33612,HILLSBOROUGH,(813) 979-3054,H_RECMND_PY,"Patients who reported YES, they would probably recommend the hospital","""YES"", patients would probably recommend the hospital",Not Applicable,,10,,Not Applicable,1921,,31,,10/01/2024,09/30/2025
100271,H LEE MOFFITT CANCER CENTER & RESEARCH INSTITUTE I,12902 MAGNOLIA DR,TAMPA,FL,33612,HILLSBOROUGH,(813) 979-3054,H_RECMND_LINEAR_SCORE,Recommend hospital - linear mean score,Recommend hospital - linear mean score,Not Applicable,,Not Applicable,,96,1921,,31,,10/01/2024,09/30/2025
100271,H LEE MOFFITT CANCER CENTER & RESEARCH INSTITUTE I,12902 MAGNOLIA DR,TAMPA,FL,33612,HILLSBOROUGH,(813) 979-3054,H_RECMND_STAR_RATING,Recommend hospital - star rating,Recommend hospital - star rating,5,,Not Applicable,,Not Applicable,1921,,31,,10/01/2024,09/30/2025
100271,H LEE MOFFITT CANCER CENTER & RESEARCH INSTITUTE I,12902 MAGNOLIA DR,TAMPA,FL,33612,HILLSBOROUGH,(813) 979-3054,H_STAR_RATING,Summary star rating,Summary star rating,5,,Not Applicable,,Not Applicable,1921,,31,,10/01/2024,09/30/2025
220162,DANA-FARBER CANCER INSTITUTE,450 BROOKLINE AVENUE,BOSTON,MA,02115,SUFFOLK,(617) 632-3000,H_COMP_1_A_P,"Patients who reported that their nurses ""Always"" communicated well","Nurses ""always"" communicated well",Not Applicable,,90,,Not Applicable,269,,25,,10/01/2024,09/30/2025
220162,DANA-FARBER CANCER INSTITUTE,450 BROOKLINE AVENUE,BOSTON,MA,02115,SUFFOLK,(617) 632-3000,H_COMP_1_SN_P,"Patients who reported that their nurses ""Sometimes"" or ""Never"" communicated well","Nurses ""sometimes"" or ""never"" communicated well",Not Applicable,,0,,Not Applicable,269,,25,,10/01/2024,09/30/2025
220162,DANA-FARBER CANCER INSTITUTE,450 BROOKLINE AVENUE,BOSTON,MA,02115,SUFFOLK,(617) 632-3000,H_COMP_1_U_P,"Patients who reported that their nurses ""Usually"" communicated well","Nurses ""usually"" communicated well",Not Applicable,,10,,Not Applicable,269,,25,,10/01/2024,09/30/2025
220162,DANA-FARBER CANCER INSTITUTE,450 BROOKLINE AVENUE,BOSTON,MA,02115,SUFFOLK,(617) 632-3000,H_COMP_1_LINEAR_SCORE,Nurse communication - linear mean score,Nurse communication - linear mean score,Not Applicable,,Not Applicable,,97,269,,25,,10/01/2024,09/30/2025
220162,DANA-FARBER CANCER INSTITUTE,450 BROOKLINE AVENUE,BOSTON,MA,02115,SUFFOLK,(617) 632-3000,H_COMP_1_STAR_RATING,Nurse communication - star rating,Nurse communication - star rating,5,,Not Applicable,,Not Applicable,269,,25,,10/01/2024,09/30/2025
220162,DANA-FARBER CANCER INSTITUTE,450 BROOKLINE AVENUE,BOSTON,MA,02115,SUFFOLK,(617) 632-3000,H_NURSE_RESPECT_A_P,"Patients who reported that their nurses ""Always"" treated them with courtesy and respect","Nurses ""always"" treated them with courtesy and  respect",Not Applicable,,97,,Not Applicable,269,,25,,10/01/2024,09/30/2025
220162,DANA-FARBER CANCER INSTITUTE,450 BROOKLINE AVENUE,BOSTON,MA,02115,SUFFOLK,(617) 632-3000,H_NURSE_RESPECT_SN_P,"Patients who reported that their nurses ""Sometimes"" or ""Never""  treated them with courtesy and respect","Nurses ""sometimes"" or ""never"" treated them with courtesy and  respect",Not Applicable,,0,,Not Applicable,269,,25,,10/01/2024,09/30/2025
220162,DANA-FARBER CANCER INSTITUTE,450 BROOKLINE AVENUE,BOSTON,MA,02115,SUFFOLK,(617) 632-3000,H_NURSE_RESPECT_U_P,"Patients who reported that their nurses ""Usually""  treated them with courtesy and respect","Nurses ""usually""  treated them with courtesy and  respect",Not Applicable,,3,,Not Applicable,269,,25,,10/01/2024,09/30/2025
220162,DANA-FARBER CANCER INSTITUTE,450 BROOKLINE AVENUE,BOSTON,MA,02115,SUFFOLK,(617) 632-3000,H_NURSE_LISTEN_A_P,"Patients who reported that their nurses ""Always"" listened carefully to them","Nurses ""always"" listened carefully",Not Applicable,,89,,Not Applicable,269,,25,,10/01/2024,09/30/2025
220162,DANA-FARBER CANCER INSTITUTE,450 BROOKLINE AVENUE,BOSTON,MA,02115,SUFFOLK,(617) 632-3000,H_NURSE_LISTEN_SN_P,"Patients who reported that their nurses ""Sometimes"" or ""Never"" listened carefully to them","Nurses ""sometimes"" or ""never"" listened carefully",Not Applicable,,0,,Not Applicable,269,,25,,10/01/2024,09/30/2025
220162,DANA-FARBER CANCER INSTITUTE,450 BROOKLINE AVENUE,BOSTON,MA,02115,SUFFOLK,(617) 632-3000,H_NURSE_LISTEN_U_P,"Patients who reported that their nurses ""Usually"" listened carefully to them","Nurses ""usually"" listened carefully",Not Applicable,,11,,Not Applicable,269,,25,,10/01/2024,09/30/2025
220162,DANA-FARBER CANCER INSTITUTE,450 BROOKLINE AVENUE,BOSTON,MA,02115,SUFFOLK,(617) 632-3000,H_NURSE_EXPLAIN_A_P,"Patients who reported that their nurses ""Always"" explained things in a way they could understand","Nurses ""always"" explained things so they could understand",Not Applicable,,84,,Not Applicable,269,,25,,10/01/2024,09/30/2025
220162,DANA-FARBER CANCER INSTITUTE,450 BROOKLINE AVENUE,BOSTON,MA,02115,SUFFOLK,(617) 632-3000,H_NURSE_EXPLAIN_SN_P,"Patients who reported that their nurses ""Sometimes"" or ""Never"" explained things in a way they could understand","Nurses ""sometimes"" or ""never"" explained things so they could understand",Not Applicable,,1,,Not Applicable,269,,25,,10/01/2024,09/30/2025
220162,DANA-FARBER CANCER INSTITUTE,450 BROOKLINE AVENUE,BOSTON,MA,02115,SUFFOLK,(617) 632-3000,H_NURSE_EXPLAIN_U_P,"Patients who reported that their nurses ""Usually"" explained things in a way they could understand","Nurses ""usually"" explained things so they could understand",Not Applicable,,15,,Not Applicable,269,,25,,10/01/2024,09/30/2025
220162,DANA-FARBER CANCER INSTITUTE,450 BROOKLINE AVENUE,BOSTON,MA,02115,SUFFOLK,(617) 632-3000,H_COMP_2_A_P,"Patients who reported that their doctors ""Always"" communicated well","Doctors ""always"" communicated well",Not Applicable,,89,,Not Applicable,269,,25,,10/01/2024,09/30/2025
220162,DANA-FARBER CANCER INSTITUTE,450 BROOKLINE AVENUE,BOSTON,MA,02115,SUFFOLK,(617) 632-3000,H_COMP_2_SN_P,"Patients who reported that their doctors ""Sometimes"" or ""Never"" communicated well","Doctors ""sometimes"" or ""never"" communicated well",Not Applicable,,1,,Not Applicable,269,,25,,10/01/2024,09/30/2025
220162,DANA-FARBER CANCER INSTITUTE,450 BROOKLINE AVENUE,BOSTON,MA,02115,SUFFOLK,(617) 632-3000,H_COMP_2_U_P,"Patients who reported that their doctors ""Usually"" communicated well","Doctors ""usually"" communicated well",Not Applicable,,10,,Not Applicable,269,,25,,10/01/2024,09/30/2025
220162,DANA-FARBER CANCER INSTITUTE,450 BROOKLINE AVENUE,BOSTON,MA,02115,SUFFOLK,(617) 632-3000,H_COMP_2_LINEAR_SCORE,Doctor communication - linear mean score,Doctor communication - linear mean score,Not Applicable,,Not Applicable,,97,269,,25,,10/01/2024,09/30/2025
220162,DANA-FARBER CANCER INSTITUTE,450 BROOKLINE AVENUE,BOSTON,MA,02115,SUFFOLK,(617) 632-3000,H_COMP_2_STAR_RATING,Doctor communication - star rating,Doctor communication - star rating,5,,Not Applicable,,Not Applicable,269,,25,,10/01/2024,09/30/2025
220162,DANA-FARBER CANCER INSTITUTE,450 BROOKLINE AVENUE,BOSTON,MA,02115,SUFFOLK,(617) 632-3000,H_DOCTOR_RESPECT_A_P,"Patients who reported that their doctors ""Always"" treated them with courtesy and respect","Doctors ""always"" treated them with courtesy and  respect",Not Applicable,,95,,Not Applicable,269,,25,,10/01/2024,09/30/2025
220162,DANA-FARBER CANCER INSTITUTE,450 BROOKLINE AVENUE,BOSTON,MA,02115,SUFFOLK,(617) 632-3000,H_DOCTOR_RESPECT_SN_P,"Patients who reported that their doctors ""Sometimes"" or ""Never""  treated them with courtesy and respect","Doctors ""sometimes"" or ""never"" treated them with courtesy and  respect",Not Applicable,,0,,Not Applicable,269,,25,,10/01/2024,09/30/2025
220162,DANA-FARBER CANCER INSTITUTE,450 BROOKLINE AVENUE,BOSTON,MA,02115,SUFFOLK,(617) 632-3000,H_DOCTOR_RESPECT_U_P,"Patients who reported that their doctors ""Usually""  treated them with courtesy and respect","Doctors ""usually""  treated them with courtesy and  respect",Not Applicable,,5,,Not Applicable,269,,25,,10/01/2024,09/30/2025
220162,DANA-FARBER CANCER INSTITUTE,450 BROOKLINE AVENUE,BOSTON,MA,02115,SUFFOLK,(617) 632-3000,H_DOCTOR_LISTEN_A_P,"Patients who reported that their doctors ""Always"" listened carefully to them","Doctors ""always"" listened carefully",Not Applicable,,90,,Not Applicable,269,,25,,10/01/2024,09/30/2025
220162,DANA-FARBER CANCER INSTITUTE,450 BROOKLINE AVENUE,BOSTON,MA,02115,SUFFOLK,(617) 632-3000,H_DOCTOR_LISTEN_SN_P,"Patients who reported that their doctors ""Sometimes"" or ""Never"" listened carefully to them","Doctors ""sometimes"" or ""never"" listened carefully",Not Applicable,,1,,Not Applicable,269,,25,,10/01/2024,09/30/2025
220162,DANA-FARBER CANCER INSTITUTE,450 BROOKLINE AVENUE,BOSTON,MA,02115,SUFFOLK,(617) 632-3000,H_DOCTOR_LISTEN_U_P,"Patients who reported that their doctors ""Usually"" listened carefully to them","Doctors ""usually"" listened carefully",Not Applicable,,9,,Not Applicable,269,,25,,10/01/2024,09/30/2025
220162,DANA-FARBER CANCER INSTITUTE,450 BROOKLINE AVENUE,BOSTON,MA,02115,SUFFOLK,(617) 632-3000,H_DOCTOR_EXPLAIN_A_P,"Patients who reported that their doctors ""Always"" explained things in a way they could understand","Doctors ""always"" explained things so they could understand",Not Applicable,,81,,Not Applicable,269,,25,,10/01/2024,09/30/2025
220162,DANA-FARBER CANCER INSTITUTE,450 BROOKLINE AVENUE,BOSTON,MA,02115,SUFFOLK,(617) 632-3000,H_DOCTOR_EXPLAIN_SN_P,"Patients who reported that their doctors ""Sometimes"" or ""Never"" explained things in a way they could understand","Doctors ""sometimes"" or ""never"" explained things so they could understand",Not Applicable,,2,,Not Applicable,269,,25,,10/01/2024,09/30/2025
220162,DANA-FARBER CANCER INSTITUTE,450 BROOKLINE AVENUE,BOSTON,MA,02115,SUFFOLK,(617) 632-3000,H_DOCTOR_EXPLAIN_U_P,"Patients who reported that their doctors ""Usually"" explained things in a way they could understand","Doctors ""usually"" explained things so they could understand",Not Applicable,,17,,Not Applicable,269,,25,,10/01/2024,09/30/2025
220162,DANA-FARBER CANCER INSTITUTE,450 BROOKLINE AVENUE,BOSTON,MA,02115,SUFFOLK,(617) 632-3000,H_COMP_5_A_P,"Patients who reported that staff ""Always"" explained about medicines before giving it to them","Staff ""always"" explained",Not Applicable,,71,,Not Applicable,269,,25,,10/01/2024,09/30/2025
220162,DANA-FARBER CANCER INSTITUTE,450 BROOKLINE AVENUE,BOSTON,MA,02115,SUFFOLK,(617) 632-3000,H_COMP_5_SN_P,"Patients who reported that staff ""Sometimes"" or ""Never"" explained about medicines before giving it to them","Staff ""sometimes"" or ""never"" explained",Not Applicable,,7,,Not Applicable,269,,25,,10/01/2024,09/30/2025
220162,DANA-FARBER CANCER INSTITUTE,450 BROOKLINE AVENUE,BOSTON,MA,02115,SUFFOLK,(617) 632-3000,H_COMP_5_U_P,"Patients who reported that staff ""Usually"" explained about medicines before giving it to them","Staff ""usually"" explained",Not Applicable,,22,,Not Applicable,269,,25,,10/01/2024,09/30/2025
220162,DANA-FARBER CANCER INSTITUTE,450 BROOKLINE AVENUE,BOSTON,MA,02115,SUFFOLK,(617) 632-3000,H_COMP_5_LINEAR_SCORE,Communication about medicines - linear mean score,Communication about medicines - linear mean score,Not Applicable,,Not Applicable,,88,269,,25,,10/01/2024,09/30/2025
220162,DANA-FARBER CANCER INSTITUTE,450 BROOKLINE AVENUE,BOSTON,MA,02115,SUFFOLK,(617) 632-3000,H_COMP_5_STAR_RATING,Communication about medicines - star rating,Communication about medicines - star rating,5,,Not Applicable,,Not Applicable,269,,25,,10/01/2024,09/30/2025
220162,DANA-FARBER CANCER INSTITUTE,450 BROOKLINE AVENUE,BOSTON,MA,02115,SUFFOLK,(617) 632-3000,H_MED_FOR_A_P,"Patients who reported that when receiving new medication the staff ""Always"" communicated what the medication was for","Staff ""always"" explained new medications",Not Applicable,,78,,Not Applicable,269,,25,,10/01/2024,09/30/2025
220162,DANA-FARBER CANCER INSTITUTE,450 BROOKLINE AVENUE,BOSTON,MA,02115,SUFFOLK,(617) 632-3000,H_MED_FOR_SN_P,"Patients who reported that when receiving new medication the staff ""Sometimes"" or ""Never"" communicated what the medication was for","Staff ""sometimes"" or ""never"" explained new medications",Not Applicable,,2,,Not Applicable,269,,25,,10/01/2024,09/30/2025
220162,DANA-FARBER CANCER INSTITUTE,450 BROOKLINE AVENUE,BOSTON,MA,02115,SUFFOLK,(617) 632-3000,H_MED_FOR_U_P,"Patients who reported that when receiving new medication the staff ""Usually"" communicated what the medication was for.","Staff ""usually"" explained new medications",Not Applicable,,20,,Not Applicable,269,,25,,10/01/2024,09/30/2025
220162,DANA-FARBER CANCER INSTITUTE,450 BROOKLINE AVENUE,BOSTON,MA,02115,SUFFOLK,(617) 632-3000,H_SIDE_EFFECTS_A_P,"Patients who reported that when receiving new medication the staff ""Always"" discussed possible side effects","Staff ""always"" explained possible side effects",Not Applicable,,64,,Not Applicable,269,,25,,10/01/2024,09/30/2025
220162,DANA-FARBER CANCER INSTITUTE,450 BROOKLINE AVENUE,BOSTON,MA,02115,SUFFOLK,(617) 632-3000,H_SIDE_EFFECTS_SN_P,"Patients who reported that when receiving new medication the staff ""Sometimes"" or ""Never"" discussed possible side effects","Staff ""sometimes"" or ""never"" explained possible side effects",Not Applicable,,12,,Not Applicable,269,,25,,10/01/2024,09/30/2025
220162,DANA-FARBER CANCER INSTITUTE,450 BROOKLINE AVENUE,BOSTON,MA,02115,SUFFOLK,(617) 632-3000,H_SIDE_EFFECTS_U_P,"Patients who reported that when receiving new medication the staff ""Usually"" discussed possible side effects","Staff ""usually"" explained possible side effects",Not Applicable,,24,,Not Applicable,269,,25,,10/01/2024,09/30/2025
220162,DANA-FARBER CANCER INSTITUTE,450 BROOKLINE AVENUE,BOSTON,MA,02115,SUFFOLK,(617) 632-3000,H_COMP_6_N_P,"Patients who reported that NO, they were not given information about what to do during their recovery at home","No, staff ""did not"" give patients this information",Not Applicable,,6,,Not Applicable,269,,25,,10/01/2024,09/30/2025
220162,DANA-FARBER CANCER INSTITUTE,450 BROOKLINE AVENUE,BOSTON,MA,02115,SUFFOLK,(617) 632-3000,H_COMP_6_Y_P,"Patients who reported that YES, they were given information about what to do during their recovery at home","Yes, staff ""did"" give patients this information",Not Applicable,,94,,Not Applicable,269,,25,,10/01/2024,09/30/2025
220162,DANA-FARBER CANCER INSTITUTE,450 BROOKLINE AVENUE,BOSTON,MA,02115,SUFFOLK,(617) 632-3000,H_COMP_6_LINEAR_SCORE,Discharge information - linear mean score,Discharge information - linear mean score,Not Applicable,,Not Applicable,,93,269,,25,,10/01/2024,09/30/2025
220162,DANA-FARBER CANCER INSTITUTE,450 BROOKLINE AVENUE,BOSTON,MA,02115,SUFFOLK,(617) 632-3000,H_COMP_6_STAR_RATING,Discharge information - star rating,Discharge information - star rating,5,,Not Applicable,,Not Applicable,269,,25,,10/01/2024,09/30/2025
220162,DANA-FARBER CANCER INSTITUTE,450 BROOKLINE AVENUE,BOSTON,MA,02115,SUFFOLK,(617) 632-3000,H_DISCH_HELP_N_P,"Patients who reported that NO, they did not discuss whether they would need help after discharge","No, staff ""did not"" give patients information about help after discharge",Not Applicable,,8,,Not Applicable,269,,25,,10/01/2024,09/30/2025
220162,DANA-FARBER CANCER INSTITUTE,450 BROOKLINE AVENUE,BOSTON,MA,02115,SUFFOLK,(617) 632-3000,H_DISCH_HELP_Y_P,"Patients who reported that YES, they did discuss whether they would need help after discharge","Yes, staff ""did"" give patients information about help after discharge",Not Applicable,,92,,Not Applicable,269,,25,,10/01/2024,09/30/2025
220162,DANA-FARBER CANCER INSTITUTE,450 BROOKLINE AVENUE,BOSTON,MA,02115,SUFFOLK,(617) 632-3000,H_SYMPTOMS_N_P,"Patients who reported that NO, they did not receive written information about possible symptoms to look out for after discharge","No, staff ""did not"" give patients information about possible symptoms",Not Applicable,,5,,Not Applicable,269,,25,,10/01/2024,09/30/2025
220162,DANA-FARBER CANCER INSTITUTE,450 BROOKLINE AVENUE,BOSTON,MA,02115,SUFFOLK,(617) 632-3000,H_SYMPTOMS_Y_P,"Patients who reported that YES, they did receive written information about possible symptoms to look out for after discharge","Yes, staff ""did"" give patients information about possible symptoms",Not Applicable,,95,,Not Applicable,269,,25,,10/01/2024,09/30/2025
220162,DANA-FARBER CANCER INSTITUTE,450 BROOKLINE AVENUE,BOSTON,MA,02115,SUFFOLK,(617) 632-3000,H_CLEAN_HSP_A_P,"Patients who reported that their room and bathroom were ""Always"" clean","Room was ""always"" clean",Not Applicable,,79,,Not Applicable,269,,25,,10/01/2024,09/30/2025
220162,DANA-FARBER CANCER INSTITUTE,450 BROOKLINE AVENUE,BOSTON,MA,02115,SUFFOLK,(617) 632-3000,H_CLEAN_HSP_SN_P,"Patients who reported that their room and bathroom were ""Sometimes"" or ""Never"" clean","Room was ""sometimes"" or ""never"" clean",Not Applicable,,4,,Not Applicable,269,,25,,10/01/2024,09/30/2025
220162,DANA-FARBER CANCER INSTITUTE,450 BROOKLINE AVENUE,BOSTON,MA,02115,SUFFOLK,(617) 632-3000,H_CLEAN_HSP_U_P,"Patients who reported that their room and bathroom were ""Usually"" clean","Room was ""usually"" clean",Not Applicable,,17,,Not Applicable,269,,25,,10/01/2024,09/30/2025
220162,DANA-FARBER CANCER INSTITUTE,450 BROOKLINE AVENUE,BOSTON,MA,02115,SUFFOLK,(617) 632-3000,H_CLEAN_LINEAR_SCORE,Cleanliness - linear mean score,Cleanliness - linear mean score,Not Applicable,,Not Applicable,,92,269,,25,,10/01/2024,09/30/2025
220162,DANA-FARBER CANCER INSTITUTE,450 BROOKLINE AVENUE,BOSTON,MA,02115,SUFFOLK,(617) 632-3000,H_CLEAN_STAR_RATING,Cleanliness - star rating,Cleanliness - star rating,5,,Not Applicable,,Not Applicable,269,,25,,10/01/2024,09/30/2025
220162,DANA-FARBER CANCER INSTITUTE,450 BROOKLINE AVENUE,BOSTON,MA,02115,SUFFOLK,(617) 632-3000,H_QUIET_HSP_A_P,"Patients who reported that the area around their room was ""Always"" quiet at night","""Always"" quiet at night",Not Applicable,,57,,Not Applicable,269,,25,,10/01/2024,09/30/2025
220162,DANA-FARBER CANCER INSTITUTE,450 BROOKLINE AVENUE,BOSTON,MA,02115,SUFFOLK,(617) 632-3000,H_QUIET_HSP_SN_P,"Patients who reported that the area around their room was ""Sometimes"" or ""Never"" quiet at night","""Sometimes"" or ""never"" quiet at night",Not Applicable,,7,,Not Applicable,269,,25,,10/01/2024,09/30/2025
220162,DANA-FARBER CANCER INSTITUTE,450 BROOKLINE AVENUE,BOSTON,MA,02115,SUFFOLK,(617) 632-3000,H_QUIET_HSP_U_P,"Patients who reported that the area around their room was ""Usually"" quiet at night","""Usually"" quiet at night",Not Applicable,,36,,Not Applicable,269,,25,,10/01/2024,09/30/2025
220162,DANA-FARBER CANCER INSTITUTE,450 BROOKLINE AVENUE,BOSTON,MA,02115,SUFFOLK,(617) 632-3000,H_QUIET_LINEAR_SCORE,Quietness - linear mean score,Quietness - linear mean score,Not Applicable,,Not Applicable,,83,269,,25,,10/01/2024,09/30/2025
220162,DANA-FARBER CANCER INSTITUTE,450 BROOKLINE AVENUE,BOSTON,MA,02115,SUFFOLK,(617) 632-3000,H_QUIET_STAR_RATING,Quietness - star rating,Quietness - star rating,4,,Not Applicable,,Not Applicable,269,,25,,10/01/2024,09/30/2025
220162,DANA-FARBER CANCER INSTITUTE,450 BROOKLINE AVENUE,BOSTON,MA,02115,SUFFOLK,(617) 632-3000,H_HSP_RATING_0_6,Patients who gave their hospital a rating of 6 or lower on a scale from 0 (lowest) to 10 (highest),"Patients who gave a rating of ""6"" or lower (low)",Not Applicable,,3,,Not Applicable,269,,25,,10/01/2024,09/30/2025
220162,DANA-FARBER CANCER INSTITUTE,450 BROOKLINE AVENUE,BOSTON,MA,02115,SUFFOLK,(617) 632-3000,H_HSP_RATING_7_8,Patients who gave their hospital a rating of 7 or 8 on a scale from 0 (lowest) to 10 (highest),"Patients who gave a rating of ""7"" or ""8"" (medium)",Not Applicable,,13,,Not Applicable,269,,25,,10/01/2024,09/30/2025
220162,DANA-FARBER CANCER INSTITUTE,450 BROOKLINE AVENUE,BOSTON,MA,02115,SUFFOLK,(617) 632-3000,H_HSP_RATING_9_10,Patients who gave their hospital a rating of 9 or 10 on a scale from 0 (lowest) to 10 (highest),"Patients who gave a rating of ""9"" or ""10"" (high)",Not Applicable,,84,,Not Applicable,269,,25,,10/01/2024,09/30/2025
220162,DANA-FARBER CANCER INSTITUTE,450 BROOKLINE AVENUE,BOSTON,MA,02115,SUFFOLK,(617) 632-3000,H_HSP_RATING_LINEAR_SCORE,Overall hospital rating - linear mean score,Overall hospital rating - linear mean score,Not Applicable,,Not Applicable,,95,269,,25,,10/01/2024,09/30/2025
220162,DANA-FARBER CANCER INSTITUTE,450 BROOKLINE AVENUE,BOSTON,MA,02115,SUFFOLK,(617) 632-3000,H_HSP_RATING_STAR_RATING,Overall hospital rating - star rating,Overall hospital rating - star rating,5,,Not Applicable,,Not Applicable,269,,25,,10/01/2024,09/30/2025
220162,DANA-FARBER CANCER INSTITUTE,450 BROOKLINE AVENUE,BOSTON,MA,02115,SUFFOLK,(617) 632-3000,H_RECMND_DN,"Patients who reported NO, they would probably not or definitely not recommend the hospital","""NO"", patients would not recommend the hospital (they probably would not or definitely would not recommend it)",Not Applicable,,0,,Not Applicable,269,,25,,10/01/2024,09/30/2025
220162,DANA-FARBER CANCER INSTITUTE,450 BROOKLINE AVENUE,BOSTON,MA,02115,SUFFOLK,(617) 632-3000,H_RECMND_DY,"Patients who reported YES, they would definitely recommend the hospital","""YES"", patients would definitely recommend the hospital",Not Applicable,,92,,Not Applicable,269,,25,,10/01/2024,09/30/2025
220162,DANA-FARBER CANCER INSTITUTE,450 BROOKLINE AVENUE,BOSTON,MA,02115,SUFFOLK,(617) 632-3000,H_RECMND_PY,"Patients who reported YES, they would probably recommend the hospital","""YES"", patients would probably recommend the hospital",Not Applicable,,8,,Not Applicable,269,,25,,10/01/2024,09/30/2025
220162,DANA-FARBER CANCER INSTITUTE,450 BROOKLINE AVENUE,BOSTON,MA,02115,SUFFOLK,(617) 632-3000,H_RECMND_LINEAR_SCORE,Recommend hospital - linear mean score,Recommend hospital - linear mean score,Not Applicable,,Not Applicable,,98,269,,25,,10/01/2024,09/30/2025
220162,DANA-FARBER CANCER INSTITUTE,450 BROOKLINE AVENUE,BOSTON,MA,02115,SUFFOLK,(617) 632-3000,H_RECMND_STAR_RATING,Recommend hospital - star rating,Recommend hospital - star rating,5,,Not Applicable,,Not Applicable,269,,25,,10/01/2024,09/30/2025
220162,DANA-FARBER CANCER INSTITUTE,450 BROOKLINE AVENUE,BOSTON,MA,02115,SUFFOLK,(617) 632-3000,H_STAR_RATING,Summary star rating,Summary star rating,5,,Not Applicable,,Not Applicable,269,,25,,10/01/2024,09/30/2025
330154,MEMORIAL HOSPITAL FOR CANCER AND ALLIED DISEASES,1275 YORK AVENUE,NEW YORK,NY,10021,NEW YORK,(212) 639-2000,H_COMP_1_A_P,"Patients who reported that their nurses ""Always"" communicated well","Nurses ""always"" communicated well",Not Applicable,,86,,Not Applicable,3056,,26,,10/01/2024,09/30/2025
330154,MEMORIAL HOSPITAL FOR CANCER AND ALLIED DISEASES,1275 YORK AVENUE,NEW YORK,NY,10021,NEW YORK,(212) 639-2000,H_COMP_1_SN_P,"Patients who reported that their nurses ""Sometimes"" or ""Never"" communicated well","Nurses ""sometimes"" or ""never"" communicated well",Not Applicable,,2,,Not Applicable,3056,,26,,10/01/2024,09/30/2025
330154,MEMORIAL HOSPITAL FOR CANCER AND ALLIED DISEASES,1275 YORK AVENUE,NEW YORK,NY,10021,NEW YORK,(212) 639-2000,H_COMP_1_U_P,"Patients who reported that their nurses ""Usually"" communicated well","Nurses ""usually"" communicated well",Not Applicable,,12,,Not Applicable,3056,,26,,10/01/2024,09/30/2025
330154,MEMORIAL HOSPITAL FOR CANCER AND ALLIED DISEASES,1275 YORK AVENUE,NEW YORK,NY,10021,NEW YORK,(212) 639-2000,H_COMP_1_LINEAR_SCORE,Nurse communication - linear mean score,Nurse communication - linear mean score,Not Applicable,,Not Applicable,,95,3056,,26,,10/01/2024,09/30/2025
330154,MEMORIAL HOSPITAL FOR CANCER AND ALLIED DISEASES,1275 YORK AVENUE,NEW YORK,NY,10021,NEW YORK,(212) 639-2000,H_COMP_1_STAR_RATING,Nurse communication - star rating,Nurse communication - star rating,5,,Not Applicable,,Not Applicable,3056,,26,,10/01/2024,09/30/2025
330154,MEMORIAL HOSPITAL FOR CANCER AND ALLIED DISEASES,1275 YORK AVENUE,NEW YORK,NY,10021,NEW YORK,(212) 639-2000,H_NURSE_RESPECT_A_P,"Patients who reported that their nurses ""Always"" treated them with courtesy and respect","Nurses ""always"" treated them with courtesy and  respect",Not Applicable,,91,,Not Applicable,3056,,26,,10/01/2024,09/30/2025
330154,MEMORIAL HOSPITAL FOR CANCER AND ALLIED DISEASES,1275 YORK AVENUE,NEW YORK,NY,10021,NEW YORK,(212) 639-2000,H_NURSE_RESPECT_SN_P,"Patients who reported that their nurses ""Sometimes"" or ""Never""  treated them with courtesy and respect","Nurses ""sometimes"" or ""never"" treated them with courtesy and  respect",Not Applicable,,2,,Not Applicable,3056,,26,,10/01/2024,09/30/2025
330154,MEMORIAL HOSPITAL FOR CANCER AND ALLIED DISEASES,1275 YORK AVENUE,NEW YORK,NY,10021,NEW YORK,(212) 639-2000,H_NURSE_RESPECT_U_P,"Patients who reported that their nurses ""Usually""  treated them with courtesy and respect","Nurses ""usually""  treated them with courtesy and  respect",Not Applicable,,7,,Not Applicable,3056,,26,,10/01/2024,09/30/2025
330154,MEMORIAL HOSPITAL FOR CANCER AND ALLIED DISEASES,1275 YORK AVENUE,NEW YORK,NY,10021,NEW YORK,(212) 639-2000,H_NURSE_LISTEN_A_P,"Patients who reported that their nurses ""Always"" listened carefully to them","Nurses ""always"" listened carefully",Not Applicable,,85,,Not Applicable,3056,,26,,10/01/2024,09/30/2025
330154,MEMORIAL HOSPITAL FOR CANCER AND ALLIED DISEASES,1275 YORK AVENUE,NEW YORK,NY,10021,NEW YORK,(212) 639-2000,H_NURSE_LISTEN_SN_P,"Patients who reported that their nurses ""Sometimes"" or ""Never"" listened carefully to them","Nurses ""sometimes"" or ""never"" listened carefully",Not Applicable,,2,,Not Applicable,3056,,26,,10/01/2024,09/30/2025
330154,MEMORIAL HOSPITAL FOR CANCER AND ALLIED DISEASES,1275 YORK AVENUE,NEW YORK,NY,10021,NEW YORK,(212) 639-2000,H_NURSE_LISTEN_U_P,"Patients who reported that their nurses ""Usually"" listened carefully to them","Nurses ""usually"" listened carefully",Not Applicable,,13,,Not Applicable,3056,,26,,10/01/2024,09/30/2025
330154,MEMORIAL HOSPITAL FOR CANCER AND ALLIED DISEASES,1275 YORK AVENUE,NEW YORK,NY,10021,NEW YORK,(212) 639-2000,H_NURSE_EXPLAIN_A_P,"Patients who reported that their nurses ""Always"" explained things in a way they could understand","Nurses ""always"" explained things so they could understand",Not Applicable,,82,,Not Applicable,3056,,26,,10/01/2024,09/30/2025
330154,MEMORIAL HOSPITAL FOR CANCER AND ALLIED DISEASES,1275 YORK AVENUE,NEW YORK,NY,10021,NEW YORK,(212) 639-2000,H_NURSE_EXPLAIN_SN_P,"Patients who reported that their nurses ""Sometimes"" or ""Never"" explained things in a way they could understand","Nurses ""sometimes"" or ""never"" explained things so they could understand",Not Applicable,,3,,Not Applicable,3056,,26,,10/01/2024,09/30/2025
330154,MEMORIAL HOSPITAL FOR CANCER AND ALLIED DISEASES,1275 YORK AVENUE,NEW YORK,NY,10021,NEW YORK,(212) 639-2000,H_NURSE_EXPLAIN_U_P,"Patients who reported that their nurses ""Usually"" explained things in a way they could understand","Nurses ""usually"" explained things so they could understand",Not Applicable,,15,,Not Applicable,3056,,26,,10/01/2024,09/30/2025
330154,MEMORIAL HOSPITAL FOR CANCER AND ALLIED DISEASES,1275 YORK AVENUE,NEW YORK,NY,10021,NEW YORK,(212) 639-2000,H_COMP_2_A_P,"Patients who reported that their doctors ""Always"" communicated well","Doctors ""always"" communicated well",Not Applicable,,84,,Not Applicable,3056,,26,,10/01/2024,09/30/2025
330154,MEMORIAL HOSPITAL FOR CANCER AND ALLIED DISEASES,1275 YORK AVENUE,NEW YORK,NY,10021,NEW YORK,(212) 639-2000,H_COMP_2_SN_P,"Patients who reported that their doctors ""Sometimes"" or ""Never"" communicated well","Doctors ""sometimes"" or ""never"" communicated well",Not Applicable,,4,,Not Applicable,3056,,26,,10/01/2024,09/30/2025
330154,MEMORIAL HOSPITAL FOR CANCER AND ALLIED DISEASES,1275 YORK AVENUE,NEW YORK,NY,10021,NEW YORK,(212) 639-2000,H_COMP_2_U_P,"Patients who reported that their doctors ""Usually"" communicated well","Doctors ""usually"" communicated well",Not Applicable,,12,,Not Applicable,3056,,26,,10/01/2024,09/30/2025
330154,MEMORIAL HOSPITAL FOR CANCER AND ALLIED DISEASES,1275 YORK AVENUE,NEW YORK,NY,10021,NEW YORK,(212) 639-2000,H_COMP_2_LINEAR_SCORE,Doctor communication - linear mean score,Doctor communication - linear mean score,Not Applicable,,Not Applicable,,93,3056,,26,,10/01/2024,09/30/2025
330154,MEMORIAL HOSPITAL FOR CANCER AND ALLIED DISEASES,1275 YORK AVENUE,NEW YORK,NY,10021,NEW YORK,(212) 639-2000,H_COMP_2_STAR_RATING,Doctor communication - star rating,Doctor communication - star rating,4,,Not Applicable,,Not Applicable,3056,,26,,10/01/2024,09/30/2025
330154,MEMORIAL HOSPITAL FOR CANCER AND ALLIED DISEASES,1275 YORK AVENUE,NEW YORK,NY,10021,NEW YORK,(212) 639-2000,H_DOCTOR_RESPECT_A_P,"Patients who reported that their doctors ""Always"" treated them with courtesy and respect","Doctors ""always"" treated them with courtesy and  respect",Not Applicable,,90,,Not Applicable,3056,,26,,10/01/2024,09/30/2025
330154,MEMORIAL HOSPITAL FOR CANCER AND ALLIED DISEASES,1275 YORK AVENUE,NEW YORK,NY,10021,NEW YORK,(212) 639-2000,H_DOCTOR_RESPECT_SN_P,"Patients who reported that their doctors ""Sometimes"" or ""Never""  treated them with courtesy and respect","Doctors ""sometimes"" or ""never"" treated them with courtesy and  respect",Not Applicable,,2,,Not Applicable,3056,,26,,10/01/2024,09/30/2025
330154,MEMORIAL HOSPITAL FOR CANCER AND ALLIED DISEASES,1275 YORK AVENUE,NEW YORK,NY,10021,NEW YORK,(212) 639-2000,H_DOCTOR_RESPECT_U_P,"Patients who reported that their doctors ""Usually""  treated them with courtesy and respect","Doctors ""usually""  treated them with courtesy and  respect",Not Applicable,,8,,Not Applicable,3056,,26,,10/01/2024,09/30/2025
330154,MEMORIAL HOSPITAL FOR CANCER AND ALLIED DISEASES,1275 YORK AVENUE,NEW YORK,NY,10021,NEW YORK,(212) 639-2000,H_DOCTOR_LISTEN_A_P,"Patients who reported that their doctors ""Always"" listened carefully to them","Doctors ""always"" listened carefully",Not Applicable,,83,,Not Applicable,3056,,26,,10/01/2024,09/30/2025
330154,MEMORIAL HOSPITAL FOR CANCER AND ALLIED DISEASES,1275 YORK AVENUE,NEW YORK,NY,10021,NEW YORK,(212) 639-2000,H_DOCTOR_LISTEN_SN_P,"Patients who reported that their doctors ""Sometimes"" or ""Never"" listened carefully to them","Doctors ""sometimes"" or ""never"" listened carefully",Not Applicable,,4,,Not Applicable,3056,,26,,10/01/2024,09/30/2025
330154,MEMORIAL HOSPITAL FOR CANCER AND ALLIED DISEASES,1275 YORK AVENUE,NEW YORK,NY,10021,NEW YORK,(212) 639-2000,H_DOCTOR_LISTEN_U_P,"Patients who reported that their doctors ""Usually"" listened carefully to them","Doctors ""usually"" listened carefully",Not Applicable,,13,,Not Applicable,3056,,26,,10/01/2024,09/30/2025
330154,MEMORIAL HOSPITAL FOR CANCER AND ALLIED DISEASES,1275 YORK AVENUE,NEW YORK,NY,10021,NEW YORK,(212) 639-2000,H_DOCTOR_EXPLAIN_A_P,"Patients who reported that their doctors ""Always"" explained things in a way they could understand","Doctors ""always"" explained things so they could understand",Not Applicable,,80,,Not Applicable,3056,,26,,10/01/2024,09/30/2025
330154,MEMORIAL HOSPITAL FOR CANCER AND ALLIED DISEASES,1275 YORK AVENUE,NEW YORK,NY,10021,NEW YORK,(212) 639-2000,H_DOCTOR_EXPLAIN_SN_P,"Patients who reported that their doctors ""Sometimes"" or ""Never"" explained things in a way they could understand","Doctors ""sometimes"" or ""never"" explained things so they could understand",Not Applicable,,5,,Not Applicable,3056,,26,,10/01/2024,09/30/2025
330154,MEMORIAL HOSPITAL FOR CANCER AND ALLIED DISEASES,1275 YORK AVENUE,NEW YORK,NY,10021,NEW YORK,(212) 639-2000,H_DOCTOR_EXPLAIN_U_P,"Patients who reported that their doctors ""Usually"" explained things in a way they could understand","Doctors ""usually"" explained things so they could understand",Not Applicable,,15,,Not Applicable,3056,,26,,10/01/2024,09/30/2025
330154,MEMORIAL HOSPITAL FOR CANCER AND ALLIED DISEASES,1275 YORK AVENUE,NEW YORK,NY,10021,NEW YORK,(212) 639-2000,H_COMP_5_A_P,"Patients who reported that staff ""Always"" explained about medicines before giving it to them","Staff ""always"" explained",Not Applicable,,68,,Not Applicable,3056,,26,,10/01/2024,09/30/2025
330154,MEMORIAL HOSPITAL FOR CANCER AND ALLIED DISEASES,1275 YORK AVENUE,NEW YORK,NY,10021,NEW YORK,(212) 639-2000,H_COMP_5_SN_P,"Patients who reported that staff ""Sometimes"" or ""Never"" explained about medicines before giving it to them","Staff ""sometimes"" or ""never"" explained",Not Applicable,,14,,Not Applicable,3056,,26,,10/01/2024,09/30/2025
330154,MEMORIAL HOSPITAL FOR CANCER AND ALLIED DISEASES,1275 YORK AVENUE,NEW YORK,NY,10021,NEW YORK,(212) 639-2000,H_COMP_5_U_P,"Patients who reported that staff ""Usually"" explained about medicines before giving it to them","Staff ""usually"" explained",Not Applicable,,18,,Not Applicable,3056,,26,,10/01/2024,09/30/2025
330154,MEMORIAL HOSPITAL FOR CANCER AND ALLIED DISEASES,1275 YORK AVENUE,NEW YORK,NY,10021,NEW YORK,(212) 639-2000,H_COMP_5_LINEAR_SCORE,Communication about medicines - linear mean score,Communication about medicines - linear mean score,Not Applicable,,Not Applicable,,83,3056,,26,,10/01/2024,09/30/2025
330154,MEMORIAL HOSPITAL FOR CANCER AND ALLIED DISEASES,1275 YORK AVENUE,NEW YORK,NY,10021,NEW YORK,(212) 639-2000,H_COMP_5_STAR_RATING,Communication about medicines - star rating,Communication about medicines - star rating,4,,Not Applicable,,Not Applicable,3056,,26,,10/01/2024,09/30/2025
330154,MEMORIAL HOSPITAL FOR CANCER AND ALLIED DISEASES,1275 YORK AVENUE,NEW YORK,NY,10021,NEW YORK,(212) 639-2000,H_MED_FOR_A_P,"Patients who reported that when receiving new medication the staff ""Always"" communicated what the medication was for","Staff ""always"" explained new medications",Not Applicable,,82,,Not Applicable,3056,,26,,10/01/2024,09/30/2025
330154,MEMORIAL HOSPITAL FOR CANCER AND ALLIED DISEASES,1275 YORK AVENUE,NEW YORK,NY,10021,NEW YORK,(212) 639-2000,H_MED_FOR_SN_P,"Patients who reported that when receiving new medication the staff ""Sometimes"" or ""Never"" communicated what the medication was for","Staff ""sometimes"" or ""never"" explained new medications",Not Applicable,,5,,Not Applicable,3056,,26,,10/01/2024,09/30/2025
330154,MEMORIAL HOSPITAL FOR CANCER AND ALLIED DISEASES,1275 YORK AVENUE,NEW YORK,NY,10021,NEW YORK,(212) 639-2000,H_MED_FOR_U_P,"Patients who reported that when receiving new medication the staff ""Usually"" communicated what the medication was for.","Staff ""usually"" explained new medications",Not Applicable,,13,,Not Applicable,3056,,26,,10/01/2024,09/30/2025
330154,MEMORIAL HOSPITAL FOR CANCER AND ALLIED DISEASES,1275 YORK AVENUE,NEW YORK,NY,10021,NEW YORK,(212) 639-2000,H_SIDE_EFFECTS_A_P,"Patients who reported that when receiving new medication the staff ""Always"" discussed possible side effects","Staff ""always"" explained possible side effects",Not Applicable,,55,,Not Applicable,3056,,26,,10/01/2024,09/30/2025
330154,MEMORIAL HOSPITAL FOR CANCER AND ALLIED DISEASES,1275 YORK AVENUE,NEW YORK,NY,10021,NEW YORK,(212) 639-2000,H_SIDE_EFFECTS_SN_P,"Patients who reported that when receiving new medication the staff ""Sometimes"" or ""Never"" discussed possible side effects","Staff ""sometimes"" or ""never"" explained possible side effects",Not Applicable,,23,,Not Applicable,3056,,26,,10/01/2024,09/30/2025
330154,MEMORIAL HOSPITAL FOR CANCER AND ALLIED DISEASES,1275 YORK AVENUE,NEW YORK,NY,10021,NEW YORK,(212) 639-2000,H_SIDE_EFFECTS_U_P,"Patients who reported that when receiving new medication the staff ""Usually"" discussed possible side effects","Staff ""usually"" explained possible side effects",Not Applicable,,22,,Not Applicable,3056,,26,,10/01/2024,09/30/2025
330154,MEMORIAL HOSPITAL FOR CANCER AND ALLIED DISEASES,1275 YORK AVENUE,NEW YORK,NY,10021,NEW YORK,(212) 639-2000,H_COMP_6_N_P,"Patients who reported that NO, they were not given information about what to do during their recovery at home","No, staff ""did not"" give patients this information",Not Applicable,,12,,Not Applicable,3056,,26,,10/01/2024,09/30/2025
330154,MEMORIAL HOSPITAL FOR CANCER AND ALLIED DISEASES,1275 YORK AVENUE,NEW YORK,NY,10021,NEW YORK,(212) 639-2000,H_COMP_6_Y_P,"Patients who reported that YES, they were given information about what to do during their recovery at home","Yes, staff ""did"" give patients this information",Not Applicable,,88,,Not Applicable,3056,,26,,10/01/2024,09/30/2025
330154,MEMORIAL HOSPITAL FOR CANCER AND ALLIED DISEASES,1275 YORK AVENUE,NEW YORK,NY,10021,NEW YORK,(212) 639-2000,H_COMP_6_LINEAR_SCORE,Discharge information - linear mean score,Discharge information - linear mean score,Not Applicable,,Not Applicable,,88,3056,,26,,10/01/2024,09/30/2025
330154,MEMORIAL HOSPITAL FOR CANCER AND ALLIED DISEASES,1275 YORK AVENUE,NEW YORK,NY,10021,NEW YORK,(212) 639-2000,H_COMP_6_STAR_RATING,Discharge information - star rating,Discharge information - star rating,4,,Not Applicable,,Not Applicable,3056,,26,,10/01/2024,09/30/2025
330154,MEMORIAL HOSPITAL FOR CANCER AND ALLIED DISEASES,1275 YORK AVENUE,NEW YORK,NY,10021,NEW YORK,(212) 639-2000,H_DISCH_HELP_N_P,"Patients who reported that NO, they did not discuss whether they would need help after discharge","No, staff ""did not"" give patients information about help after discharge",Not Applicable,,13,,Not Applicable,3056,,26,,10/01/2024,09/30/2025
330154,MEMORIAL HOSPITAL FOR CANCER AND ALLIED DISEASES,1275 YORK AVENUE,NEW YORK,NY,10021,NEW YORK,(212) 639-2000,H_DISCH_HELP_Y_P,"Patients who reported that YES, they did discuss whether they would need help after discharge","Yes, staff ""did"" give patients information about help after discharge",Not Applicable,,87,,Not Applicable,3056,,26,,10/01/2024,09/30/2025
330154,MEMORIAL HOSPITAL FOR CANCER AND ALLIED DISEASES,1275 YORK AVENUE,NEW YORK,NY,10021,NEW YORK,(212) 639-2000,H_SYMPTOMS_N_P,"Patients who reported that NO, they did not receive written information about possible symptoms to look out for after discharge","No, staff ""did not"" give patients information about possible symptoms",Not Applicable,,10,,Not Applicable,3056,,26,,10/01/2024,09/30/2025
330154,MEMORIAL HOSPITAL FOR CANCER AND ALLIED DISEASES,1275 YORK AVENUE,NEW YORK,NY,10021,NEW YORK,(212) 639-2000,H_SYMPTOMS_Y_P,"Patients who reported that YES, they did receive written information about possible symptoms to look out for after discharge","Yes, staff ""did"" give patients information about possible symptoms",Not Applicable,,90,,Not Applicable,3056,,26,,10/01/2024,09/30/2025
330154,MEMORIAL HOSPITAL FOR CANCER AND ALLIED DISEASES,1275 YORK AVENUE,NEW YORK,NY,10021,NEW YORK,(212) 639-2000,H_CLEAN_HSP_A_P,"Patients who reported that their room and bathroom were ""Always"" clean","Room was ""always"" clean",Not Applicable,,70,,Not Applicable,3056,,26,,10/01/2024,09/30/2025
330154,MEMORIAL HOSPITAL FOR CANCER AND ALLIED DISEASES,1275 YORK AVENUE,NEW YORK,NY,10021,NEW YORK,(212) 639-2000,H_CLEAN_HSP_SN_P,"Patients who reported that their room and bathroom were ""Sometimes"" or ""Never"" clean","Room was ""sometimes"" or ""never"" clean",Not Applicable,,7,,Not Applicable,3056,,26,,10/01/2024,09/30/2025
330154,MEMORIAL HOSPITAL FOR CANCER AND ALLIED DISEASES,1275 YORK AVENUE,NEW YORK,NY,10021,NEW YORK,(212) 639-2000,H_CLEAN_HSP_U_P,"Patients who reported that their room and bathroom were ""Usually"" clean","Room was ""usually"" clean",Not Applicable,,23,,Not Applicable,3056,,26,,10/01/2024,09/30/2025
330154,MEMORIAL HOSPITAL FOR CANCER AND ALLIED DISEASES,1275 YORK AVENUE,NEW YORK,NY,10021,NEW YORK,(212) 639-2000,H_CLEAN_LINEAR_SCORE,Cleanliness - linear mean score,Cleanliness - linear mean score,Not Applicable,,Not Applicable,,88,3056,,26,,10/01/2024,09/30/2025
330154,MEMORIAL HOSPITAL FOR CANCER AND ALLIED DISEASES,1275 YORK AVENUE,NEW YORK,NY,10021,NEW YORK,(212) 639-2000,H_CLEAN_STAR_RATING,Cleanliness - star rating,Cleanliness - star rating,4,,Not Applicable,,Not Applicable,3056,,26,,10/01/2024,09/30/2025
330154,MEMORIAL HOSPITAL FOR CANCER AND ALLIED DISEASES,1275 YORK AVENUE,NEW YORK,NY,10021,NEW YORK,(212) 639-2000,H_QUIET_HSP_A_P,"Patients who reported that the area around their room was ""Always"" quiet at night","""Always"" quiet at night",Not Applicable,,55,,Not Applicable,3056,,26,,10/01/2024,09/30/2025
330154,MEMORIAL HOSPITAL FOR CANCER AND ALLIED DISEASES,1275 YORK AVENUE,NEW YORK,NY,10021,NEW YORK,(212) 639-2000,H_QUIET_HSP_SN_P,"Patients who reported that the area around their room was ""Sometimes"" or ""Never"" quiet at night","""Sometimes"" or ""never"" quiet at night",Not Applicable,,14,,Not Applicable,3056,,26,,10/01/2024,09/30/2025
330154,MEMORIAL HOSPITAL FOR CANCER AND ALLIED DISEASES,1275 YORK AVENUE,NEW YORK,NY,10021,NEW YORK,(212) 639-2000,H_QUIET_HSP_U_P,"Patients who reported that the area around their room was ""Usually"" quiet at night","""Usually"" quiet at night",Not Applicable,,31,,Not Applicable,3056,,26,,10/01/2024,09/30/2025
330154,MEMORIAL HOSPITAL FOR CANCER AND ALLIED DISEASES,1275 YORK AVENUE,NEW YORK,NY,10021,NEW YORK,(212) 639-2000,H_QUIET_LINEAR_SCORE,Quietness - linear mean score,Quietness - linear mean score,Not Applicable,,Not Applicable,,79,3056,,26,,10/01/2024,09/30/2025
330154,MEMORIAL HOSPITAL FOR CANCER AND ALLIED DISEASES,1275 YORK AVENUE,NEW YORK,NY,10021,NEW YORK,(212) 639-2000,H_QUIET_STAR_RATING,Quietness - star rating,Quietness - star rating,3,,Not Applicable,,Not Applicable,3056,,26,,10/01/2024,09/30/2025
330154,MEMORIAL HOSPITAL FOR CANCER AND ALLIED DISEASES,1275 YORK AVENUE,NEW YORK,NY,10021,NEW YORK,(212) 639-2000,H_HSP_RATING_0_6,Patients who gave their hospital a rating of 6 or lower on a scale from 0 (lowest) to 10 (highest),"Patients who gave a rating of ""6"" or lower (low)",Not Applicable,,5,,Not Applicable,3056,,26,,10/01/2024,09/30/2025
330154,MEMORIAL HOSPITAL FOR CANCER AND ALLIED DISEASES,1275 YORK AVENUE,NEW YORK,NY,10021,NEW YORK,(212) 639-2000,H_HSP_RATING_7_8,Patients who gave their hospital a rating of 7 or 8 on a scale from 0 (lowest) to 10 (highest),"Patients who gave a rating of ""7"" or ""8"" (medium)",Not Applicable,,13,,Not Applicable,3056,,26,,10/01/2024,09/30/2025
330154,MEMORIAL HOSPITAL FOR CANCER AND ALLIED DISEASES,1275 YORK AVENUE,NEW YORK,NY,10021,NEW YORK,(212) 639-2000,H_HSP_RATING_9_10,Patients who gave their hospital a rating of 9 or 10 on a scale from 0 (lowest) to 10 (highest),"Patients who gave a rating of ""9"" or ""10"" (high)",Not Applicable,,82,,Not Applicable,3056,,26,,10/01/2024,09/30/2025
330154,MEMORIAL HOSPITAL FOR CANCER AND ALLIED DISEASES,1275 YORK AVENUE,NEW YORK,NY,10021,NEW YORK,(212) 639-2000,H_HSP_RATING_LINEAR_SCORE,Overall hospital rating - linear mean score,Overall hospital rating - linear mean score,Not Applicable,,Not Applicable,,92,3056,,26,,10/01/2024,09/30/2025
330154,MEMORIAL HOSPITAL FOR CANCER AND ALLIED DISEASES,1275 YORK AVENUE,NEW YORK,NY,10021,NEW YORK,(212) 639-2000,H_HSP_RATING_STAR_RATING,Overall hospital rating - star rating,Overall hospital rating - star rating,4,,Not Applicable,,Not Applicable,3056,,26,,10/01/2024,09/30/2025
330154,MEMORIAL HOSPITAL FOR CANCER AND ALLIED DISEASES,1275 YORK AVENUE,NEW YORK,NY,10021,NEW YORK,(212) 639-2000,H_RECMND_DN,"Patients who reported NO, they would probably not or definitely not recommend the hospital","""NO"", patients would not recommend the hospital (they probably would not or definitely would not recommend it)",Not Applicable,,2,,Not Applicable,3056,,26,,10/01/2024,09/30/2025
330154,MEMORIAL HOSPITAL FOR CANCER AND ALLIED DISEASES,1275 YORK AVENUE,NEW YORK,NY,10021,NEW YORK,(212) 639-2000,H_RECMND_DY,"Patients who reported YES, they would definitely recommend the hospital","""YES"", patients would definitely recommend the hospital",Not Applicable,,87,,Not Applicable,3056,,26,,10/01/2024,09/30/2025
330154,MEMORIAL HOSPITAL FOR CANCER AND ALLIED DISEASES,1275 YORK AVENUE,NEW YORK,NY,10021,NEW YORK,(212) 639-2000,H_RECMND_PY,"Patients who reported YES, they would probably recommend the hospital","""YES"", patients would probably recommend the hospital",Not Applicable,,11,,Not Applicable,3056,,26,,10/01/2024,09/30/2025
330154,MEMORIAL HOSPITAL FOR CANCER AND ALLIED DISEASES,1275 YORK AVENUE,NEW YORK,NY,10021,NEW YORK,(212) 639-2000,H_RECMND_LINEAR_SCORE,Recommend hospital - linear mean score,Recommend hospital - linear mean score,Not Applicable,,Not Applicable,,94,3056,,26,,10/01/2024,09/30/2025
330154,MEMORIAL HOSPITAL FOR CANCER AND ALLIED DISEASES,1275 YORK AVENUE,NEW YORK,NY,10021,NEW YORK,(212) 639-2000,H_RECMND_STAR_RATING,Recommend hospital - star rating,Recommend hospital - star rating,5,,Not Applicable,,Not Applicable,3056,,26,,10/01/2024,09/30/2025
330154,MEMORIAL HOSPITAL FOR CANCER AND ALLIED DISEASES,1275 YORK AVENUE,NEW YORK,NY,10021,NEW YORK,(212) 639-2000,H_STAR_RATING,Summary star rating,Summary star rating,4,,Not Applicable,,Not Applicable,3056,,26,,10/01/2024,09/30/2025
330354,ROSWELL PARK CANCER INSTITUTE,ELM AND CARLTON STREETS,BUFFALO,NY,14203,ERIE,(716) 845-2300,H_COMP_1_A_P,"Patients who reported that their nurses ""Always"" communicated well","Nurses ""always"" communicated well",Not Applicable,,88,,Not Applicable,1616,,36,,10/01/2024,09/30/2025
330354,ROSWELL PARK CANCER INSTITUTE,ELM AND CARLTON STREETS,BUFFALO,NY,14203,ERIE,(716) 845-2300,H_COMP_1_SN_P,"Patients who reported that their nurses ""Sometimes"" or ""Never"" communicated well","Nurses ""sometimes"" or ""never"" communicated well",Not Applicable,,1,,Not Applicable,1616,,36,,10/01/2024,09/30/2025
330354,ROSWELL PARK CANCER INSTITUTE,ELM AND CARLTON STREETS,BUFFALO,NY,14203,ERIE,(716) 845-2300,H_COMP_1_U_P,"Patients who reported that their nurses ""Usually"" communicated well","Nurses ""usually"" communicated well",Not Applicable,,11,,Not Applicable,1616,,36,,10/01/2024,09/30/2025
330354,ROSWELL PARK CANCER INSTITUTE,ELM AND CARLTON STREETS,BUFFALO,NY,14203,ERIE,(716) 845-2300,H_COMP_1_LINEAR_SCORE,Nurse communication - linear mean score,Nurse communication - linear mean score,Not Applicable,,Not Applicable,,96,1616,,36,,10/01/2024,09/30/2025
330354,ROSWELL PARK CANCER INSTITUTE,ELM AND CARLTON STREETS,BUFFALO,NY,14203,ERIE,(716) 845-2300,H_COMP_1_STAR_RATING,Nurse communication - star rating,Nurse communication - star rating,5,,Not Applicable,,Not Applicable,1616,,36,,10/01/2024,09/30/2025
330354,ROSWELL PARK CANCER INSTITUTE,ELM AND CARLTON STREETS,BUFFALO,NY,14203,ERIE,(716) 845-2300,H_NURSE_RESPECT_A_P,"Patients who reported that their nurses ""Always"" treated them with courtesy and respect","Nurses ""always"" treated them with courtesy and  respect",Not Applicable,,93,,Not Applicable,1616,,36,,10/01/2024,09/30/2025
330354,ROSWELL PARK CANCER INSTITUTE,ELM AND CARLTON STREETS,BUFFALO,NY,14203,ERIE,(716) 845-2300,H_NURSE_RESPECT_SN_P,"Patients who reported that their nurses ""Sometimes"" or ""Never""  treated them with courtesy and respect","Nurses ""sometimes"" or ""never"" treated them with courtesy and  respect",Not Applicable,,1,,Not Applicable,1616,,36,,10/01/2024,09/30/2025
330354,ROSWELL PARK CANCER INSTITUTE,ELM AND CARLTON STREETS,BUFFALO,NY,14203,ERIE,(716) 845-2300,H_NURSE_RESPECT_U_P,"Patients who reported that their nurses ""Usually""  treated them with courtesy and respect","Nurses ""usually""  treated them with courtesy and  respect",Not Applicable,,6,,Not Applicable,1616,,36,,10/01/2024,09/30/2025
330354,ROSWELL PARK CANCER INSTITUTE,ELM AND CARLTON STREETS,BUFFALO,NY,14203,ERIE,(716) 845-2300,H_NURSE_LISTEN_A_P,"Patients who reported that their nurses ""Always"" listened carefully to them","Nurses ""always"" listened carefully",Not Applicable,,87,,Not Applicable,1616,,36,,10/01/2024,09/30/2025
330354,ROSWELL PARK CANCER INSTITUTE,ELM AND CARLTON STREETS,BUFFALO,NY,14203,ERIE,(716) 845-2300,H_NURSE_LISTEN_SN_P,"Patients who reported that their nurses ""Sometimes"" or ""Never"" listened carefully to them","Nurses ""sometimes"" or ""never"" listened carefully",Not Applicable,,1,,Not Applicable,1616,,36,,10/01/2024,09/30/2025
330354,ROSWELL PARK CANCER INSTITUTE,ELM AND CARLTON STREETS,BUFFALO,NY,14203,ERIE,(716) 845-2300,H_NURSE_LISTEN_U_P,"Patients who reported that their nurses ""Usually"" listened carefully to them","Nurses ""usually"" listened carefully",Not Applicable,,12,,Not Applicable,1616,,36,,10/01/2024,09/30/2025
330354,ROSWELL PARK CANCER INSTITUTE,ELM AND CARLTON STREETS,BUFFALO,NY,14203,ERIE,(716) 845-2300,H_NURSE_EXPLAIN_A_P,"Patients who reported that their nurses ""Always"" explained things in a way they could understand","Nurses ""always"" explained things so they could understand",Not Applicable,,84,,Not Applicable,1616,,36,,10/01/2024,09/30/2025
330354,ROSWELL PARK CANCER INSTITUTE,ELM AND CARLTON STREETS,BUFFALO,NY,14203,ERIE,(716) 845-2300,H_NURSE_EXPLAIN_SN_P,"Patients who reported that their nurses ""Sometimes"" or ""Never"" explained things in a way they could understand","Nurses ""sometimes"" or ""never"" explained things so they could understand",Not Applicable,,3,,Not Applicable,1616,,36,,10/01/2024,09/30/2025
330354,ROSWELL PARK CANCER INSTITUTE,ELM AND CARLTON STREETS,BUFFALO,NY,14203,ERIE,(716) 845-2300,H_NURSE_EXPLAIN_U_P,"Patients who reported that their nurses ""Usually"" explained things in a way they could understand","Nurses ""usually"" explained things so they could understand",Not Applicable,,13,,Not Applicable,1616,,36,,10/01/2024,09/30/2025
330354,ROSWELL PARK CANCER INSTITUTE,ELM AND CARLTON STREETS,BUFFALO,NY,14203,ERIE,(716) 845-2300,H_COMP_2_A_P,"Patients who reported that their doctors ""Always"" communicated well","Doctors ""always"" communicated well",Not Applicable,,85,,Not Applicable,1616,,36,,10/01/2024,09/30/2025
330354,ROSWELL PARK CANCER INSTITUTE,ELM AND CARLTON STREETS,BUFFALO,NY,14203,ERIE,(716) 845-2300,H_COMP_2_SN_P,"Patients who reported that their doctors ""Sometimes"" or ""Never"" communicated well","Doctors ""sometimes"" or ""never"" communicated well",Not Applicable,,3,,Not Applicable,1616,,36,,10/01/2024,09/30/2025
330354,ROSWELL PARK CANCER INSTITUTE,ELM AND CARLTON STREETS,BUFFALO,NY,14203,ERIE,(716) 845-2300,H_COMP_2_U_P,"Patients who reported that their doctors ""Usually"" communicated well","Doctors ""usually"" communicated well",Not Applicable,,12,,Not Applicable,1616,,36,,10/01/2024,09/30/2025
330354,ROSWELL PARK CANCER INSTITUTE,ELM AND CARLTON STREETS,BUFFALO,NY,14203,ERIE,(716) 845-2300,H_COMP_2_LINEAR_SCORE,Doctor communication - linear mean score,Doctor communication - linear mean score,Not Applicable,,Not Applicable,,94,1616,,36,,10/01/2024,09/30/2025
330354,ROSWELL PARK CANCER INSTITUTE,ELM AND CARLTON STREETS,BUFFALO,NY,14203,ERIE,(716) 845-2300,H_COMP_2_STAR_RATING,Doctor communication - star rating,Doctor communication - star rating,4,,Not Applicable,,Not Applicable,1616,,36,,10/01/2024,09/30/2025
330354,ROSWELL PARK CANCER INSTITUTE,ELM AND CARLTON STREETS,BUFFALO,NY,14203,ERIE,(716) 845-2300,H_DOCTOR_RESPECT_A_P,"Patients who reported that their doctors ""Always"" treated them with courtesy and respect","Doctors ""always"" treated them with courtesy and  respect",Not Applicable,,90,,Not Applicable,1616,,36,,10/01/2024,09/30/2025
330354,ROSWELL PARK CANCER INSTITUTE,ELM AND CARLTON STREETS,BUFFALO,NY,14203,ERIE,(716) 845-2300,H_DOCTOR_RESPECT_SN_P,"Patients who reported that their doctors ""Sometimes"" or ""Never""  treated them with courtesy and respect","Doctors ""sometimes"" or ""never"" treated them with courtesy and  respect",Not Applicable,,1,,Not Applicable,1616,,36,,10/01/2024,09/30/2025
330354,ROSWELL PARK CANCER INSTITUTE,ELM AND CARLTON STREETS,BUFFALO,NY,14203,ERIE,(716) 845-2300,H_DOCTOR_RESPECT_U_P,"Patients who reported that their doctors ""Usually""  treated them with courtesy and respect","Doctors ""usually""  treated them with courtesy and  respect",Not Applicable,,9,,Not Applicable,1616,,36,,10/01/2024,09/30/2025
330354,ROSWELL PARK CANCER INSTITUTE,ELM AND CARLTON STREETS,BUFFALO,NY,14203,ERIE,(716) 845-2300,H_DOCTOR_LISTEN_A_P,"Patients who reported that their doctors ""Always"" listened carefully to them","Doctors ""always"" listened carefully",Not Applicable,,84,,Not Applicable,1616,,36,,10/01/2024,09/30/2025
330354,ROSWELL PARK CANCER INSTITUTE,ELM AND CARLTON STREETS,BUFFALO,NY,14203,ERIE,(716) 845-2300,H_DOCTOR_LISTEN_SN_P,"Patients who reported that their doctors ""Sometimes"" or ""Never"" listened carefully to them","Doctors ""sometimes"" or ""never"" listened carefully",Not Applicable,,3,,Not Applicable,1616,,36,,10/01/2024,09/30/2025
330354,ROSWELL PARK CANCER INSTITUTE,ELM AND CARLTON STREETS,BUFFALO,NY,14203,ERIE,(716) 845-2300,H_DOCTOR_LISTEN_U_P,"Patients who reported that their doctors ""Usually"" listened carefully to them","Doctors ""usually"" listened carefully",Not Applicable,,13,,Not Applicable,1616,,36,,10/01/2024,09/30/2025
330354,ROSWELL PARK CANCER INSTITUTE,ELM AND CARLTON STREETS,BUFFALO,NY,14203,ERIE,(716) 845-2300,H_DOCTOR_EXPLAIN_A_P,"Patients who reported that their doctors ""Always"" explained things in a way they could understand","Doctors ""always"" explained things so they could understand",Not Applicable,,80,,Not Applicable,1616,,36,,10/01/2024,09/30/2025
330354,ROSWELL PARK CANCER INSTITUTE,ELM AND CARLTON STREETS,BUFFALO,NY,14203,ERIE,(716) 845-2300,H_DOCTOR_EXPLAIN_SN_P,"Patients who reported that their doctors ""Sometimes"" or ""Never"" explained things in a way they could understand","Doctors ""sometimes"" or ""never"" explained things so they could understand",Not Applicable,,5,,Not Applicable,1616,,36,,10/01/2024,09/30/2025
330354,ROSWELL PARK CANCER INSTITUTE,ELM AND CARLTON STREETS,BUFFALO,NY,14203,ERIE,(716) 845-2300,H_DOCTOR_EXPLAIN_U_P,"Patients who reported that their doctors ""Usually"" explained things in a way they could understand","Doctors ""usually"" explained things so they could understand",Not Applicable,,15,,Not Applicable,1616,,36,,10/01/2024,09/30/2025
330354,ROSWELL PARK CANCER INSTITUTE,ELM AND CARLTON STREETS,BUFFALO,NY,14203,ERIE,(716) 845-2300,H_COMP_5_A_P,"Patients who reported that staff ""Always"" explained about medicines before giving it to them","Staff ""always"" explained",Not Applicable,,71,,Not Applicable,1616,,36,,10/01/2024,09/30/2025
330354,ROSWELL PARK CANCER INSTITUTE,ELM AND CARLTON STREETS,BUFFALO,NY,14203,ERIE,(716) 845-2300,H_COMP_5_SN_P,"Patients who reported that staff ""Sometimes"" or ""Never"" explained about medicines before giving it to them","Staff ""sometimes"" or ""never"" explained",Not Applicable,,11,,Not Applicable,1616,,36,,10/01/2024,09/30/2025
330354,ROSWELL PARK CANCER INSTITUTE,ELM AND CARLTON STREETS,BUFFALO,NY,14203,ERIE,(716) 845-2300,H_COMP_5_U_P,"Patients who reported that staff ""Usually"" explained about medicines before giving it to them","Staff ""usually"" explained",Not Applicable,,18,,Not Applicable,1616,,36,,10/01/2024,09/30/2025
330354,ROSWELL PARK CANCER INSTITUTE,ELM AND CARLTON STREETS,BUFFALO,NY,14203,ERIE,(716) 845-2300,H_COMP_5_LINEAR_SCORE,Communication about medicines - linear mean score,Communication about medicines - linear mean score,Not Applicable,,Not Applicable,,86,1616,,36,,10/01/2024,09/30/2025
330354,ROSWELL PARK CANCER INSTITUTE,ELM AND CARLTON STREETS,BUFFALO,NY,14203,ERIE,(716) 845-2300,H_COMP_5_STAR_RATING,Communication about medicines - star rating,Communication about medicines - star rating,5,,Not Applicable,,Not Applicable,1616,,36,,10/01/2024,09/30/2025
330354,ROSWELL PARK CANCER INSTITUTE,ELM AND CARLTON STREETS,BUFFALO,NY,14203,ERIE,(716) 845-2300,H_MED_FOR_A_P,"Patients who reported that when receiving new medication the staff ""Always"" communicated what the medication was for","Staff ""always"" explained new medications",Not Applicable,,85,,Not Applicable,1616,,36,,10/01/2024,09/30/2025
330354,ROSWELL PARK CANCER INSTITUTE,ELM AND CARLTON STREETS,BUFFALO,NY,14203,ERIE,(716) 845-2300,H_MED_FOR_SN_P,"Patients who reported that when receiving new medication the staff ""Sometimes"" or ""Never"" communicated what the medication was for","Staff ""sometimes"" or ""never"" explained new medications",Not Applicable,,4,,Not Applicable,1616,,36,,10/01/2024,09/30/2025
330354,ROSWELL PARK CANCER INSTITUTE,ELM AND CARLTON STREETS,BUFFALO,NY,14203,ERIE,(716) 845-2300,H_MED_FOR_U_P,"Patients who reported that when receiving new medication the staff ""Usually"" communicated what the medication was for.","Staff ""usually"" explained new medications",Not Applicable,,11,,Not Applicable,1616,,36,,10/01/2024,09/30/2025
330354,ROSWELL PARK CANCER INSTITUTE,ELM AND CARLTON STREETS,BUFFALO,NY,14203,ERIE,(716) 845-2300,H_SIDE_EFFECTS_A_P,"Patients who reported that when receiving new medication the staff ""Always"" discussed possible side effects","Staff ""always"" explained possible side effects",Not Applicable,,58,,Not Applicable,1616,,36,,10/01/2024,09/30/2025
330354,ROSWELL PARK CANCER INSTITUTE,ELM AND CARLTON STREETS,BUFFALO,NY,14203,ERIE,(716) 845-2300,H_SIDE_EFFECTS_SN_P,"Patients who reported that when receiving new medication the staff ""Sometimes"" or ""Never"" discussed possible side effects","Staff ""sometimes"" or ""never"" explained possible side effects",Not Applicable,,19,,Not Applicable,1616,,36,,10/01/2024,09/30/2025
330354,ROSWELL PARK CANCER INSTITUTE,ELM AND CARLTON STREETS,BUFFALO,NY,14203,ERIE,(716) 845-2300,H_SIDE_EFFECTS_U_P,"Patients who reported that when receiving new medication the staff ""Usually"" discussed possible side effects","Staff ""usually"" explained possible side effects",Not Applicable,,23,,Not Applicable,1616,,36,,10/01/2024,09/30/2025
330354,ROSWELL PARK CANCER INSTITUTE,ELM AND CARLTON STREETS,BUFFALO,NY,14203,ERIE,(716) 845-2300,H_COMP_6_N_P,"Patients who reported that NO, they were not given information about what to do during their recovery at home","No, staff ""did not"" give patients this information",Not Applicable,,9,,Not Applicable,1616,,36,,10/01/2024,09/30/2025
330354,ROSWELL PARK CANCER INSTITUTE,ELM AND CARLTON STREETS,BUFFALO,NY,14203,ERIE,(716) 845-2300,H_COMP_6_Y_P,"Patients who reported that YES, they were given information about what to do during their recovery at home","Yes, staff ""did"" give patients this information",Not Applicable,,91,,Not Applicable,1616,,36,,10/01/2024,09/30/2025
330354,ROSWELL PARK CANCER INSTITUTE,ELM AND CARLTON STREETS,BUFFALO,NY,14203,ERIE,(716) 845-2300,H_COMP_6_LINEAR_SCORE,Discharge information - linear mean score,Discharge information - linear mean score,Not Applicable,,Not Applicable,,90,1616,,36,,10/01/2024,09/30/2025
330354,ROSWELL PARK CANCER INSTITUTE,ELM AND CARLTON STREETS,BUFFALO,NY,14203,ERIE,(716) 845-2300,H_COMP_6_STAR_RATING,Discharge information - star rating,Discharge information - star rating,4,,Not Applicable,,Not Applicable,1616,,36,,10/01/2024,09/30/2025
330354,ROSWELL PARK CANCER INSTITUTE,ELM AND CARLTON STREETS,BUFFALO,NY,14203,ERIE,(716) 845-2300,H_DISCH_HELP_N_P,"Patients who reported that NO, they did not discuss whether they would need help after discharge","No, staff ""did not"" give patients information about help after discharge",Not Applicable,,9,,Not Applicable,1616,,36,,10/01/2024,09/30/2025
330354,ROSWELL PARK CANCER INSTITUTE,ELM AND CARLTON STREETS,BUFFALO,NY,14203,ERIE,(716) 845-2300,H_DISCH_HELP_Y_P,"Patients who reported that YES, they did discuss whether they would need help after discharge","Yes, staff ""did"" give patients information about help after discharge",Not Applicable,,91,,Not Applicable,1616,,36,,10/01/2024,09/30/2025
330354,ROSWELL PARK CANCER INSTITUTE,ELM AND CARLTON STREETS,BUFFALO,NY,14203,ERIE,(716) 845-2300,H_SYMPTOMS_N_P,"Patients who reported that NO, they did not receive written information about possible symptoms to look out for after discharge","No, staff ""did not"" give patients information about possible symptoms",Not Applicable,,9,,Not Applicable,1616,,36,,10/01/2024,09/30/2025
330354,ROSWELL PARK CANCER INSTITUTE,ELM AND CARLTON STREETS,BUFFALO,NY,14203,ERIE,(716) 845-2300,H_SYMPTOMS_Y_P,"Patients who reported that YES, they did receive written information about possible symptoms to look out for after discharge","Yes, staff ""did"" give patients information about possible symptoms",Not Applicable,,91,,Not Applicable,1616,,36,,10/01/2024,09/30/2025
330354,ROSWELL PARK CANCER INSTITUTE,ELM AND CARLTON STREETS,BUFFALO,NY,14203,ERIE,(716) 845-2300,H_CLEAN_HSP_A_P,"Patients who reported that their room and bathroom were ""Always"" clean","Room was ""always"" clean",Not Applicable,,78,,Not Applicable,1616,,36,,10/01/2024,09/30/2025
330354,ROSWELL PARK CANCER INSTITUTE,ELM AND CARLTON STREETS,BUFFALO,NY,14203,ERIE,(716) 845-2300,H_CLEAN_HSP_SN_P,"Patients who reported that their room and bathroom were ""Sometimes"" or ""Never"" clean","Room was ""sometimes"" or ""never"" clean",Not Applicable,,4,,Not Applicable,1616,,36,,10/01/2024,09/30/2025
330354,ROSWELL PARK CANCER INSTITUTE,ELM AND CARLTON STREETS,BUFFALO,NY,14203,ERIE,(716) 845-2300,H_CLEAN_HSP_U_P,"Patients who reported that their room and bathroom were ""Usually"" clean","Room was ""usually"" clean",Not Applicable,,18,,Not Applicable,1616,,36,,10/01/2024,09/30/2025
330354,ROSWELL PARK CANCER INSTITUTE,ELM AND CARLTON STREETS,BUFFALO,NY,14203,ERIE,(716) 845-2300,H_CLEAN_LINEAR_SCORE,Cleanliness - linear mean score,Cleanliness - linear mean score,Not Applicable,,Not Applicable,,91,1616,,36,,10/01/2024,09/30/2025
330354,ROSWELL PARK CANCER INSTITUTE,ELM AND CARLTON STREETS,BUFFALO,NY,14203,ERIE,(716) 845-2300,H_CLEAN_STAR_RATING,Cleanliness - star rating,Cleanliness - star rating,4,,Not Applicable,,Not Applicable,1616,,36,,10/01/2024,09/30/2025
330354,ROSWELL PARK CANCER INSTITUTE,ELM AND CARLTON STREETS,BUFFALO,NY,14203,ERIE,(716) 845-2300,H_QUIET_HSP_A_P,"Patients who reported that the area around their room was ""Always"" quiet at night","""Always"" quiet at night",Not Applicable,,64,,Not Applicable,1616,,36,,10/01/2024,09/30/2025
330354,ROSWELL PARK CANCER INSTITUTE,ELM AND CARLTON STREETS,BUFFALO,NY,14203,ERIE,(716) 845-2300,H_QUIET_HSP_SN_P,"Patients who reported that the area around their room was ""Sometimes"" or ""Never"" quiet at night","""Sometimes"" or ""never"" quiet at night",Not Applicable,,5,,Not Applicable,1616,,36,,10/01/2024,09/30/2025
330354,ROSWELL PARK CANCER INSTITUTE,ELM AND CARLTON STREETS,BUFFALO,NY,14203,ERIE,(716) 845-2300,H_QUIET_HSP_U_P,"Patients who reported that the area around their room was ""Usually"" quiet at night","""Usually"" quiet at night",Not Applicable,,31,,Not Applicable,1616,,36,,10/01/2024,09/30/2025
330354,ROSWELL PARK CANCER INSTITUTE,ELM AND CARLTON STREETS,BUFFALO,NY,14203,ERIE,(716) 845-2300,H_QUIET_LINEAR_SCORE,Quietness - linear mean score,Quietness - linear mean score,Not Applicable,,Not Applicable,,86,1616,,36,,10/01/2024,09/30/2025
330354,ROSWELL PARK CANCER INSTITUTE,ELM AND CARLTON STREETS,BUFFALO,NY,14203,ERIE,(716) 845-2300,H_QUIET_STAR_RATING,Quietness - star rating,Quietness - star rating,4,,Not Applicable,,Not Applicable,1616,,36,,10/01/2024,09/30/2025
330354,ROSWELL PARK CANCER INSTITUTE,ELM AND CARLTON STREETS,BUFFALO,NY,14203,ERIE,(716) 845-2300,H_HSP_RATING_0_6,Patients who gave their hospital a rating of 6 or lower on a scale from 0 (lowest) to 10 (highest),"Patients who gave a rating of ""6"" or lower (low)",Not Applicable,,3,,Not Applicable,1616,,36,,10/01/2024,09/30/2025
330354,ROSWELL PARK CANCER INSTITUTE,ELM AND CARLTON STREETS,BUFFALO,NY,14203,ERIE,(716) 845-2300,H_HSP_RATING_7_8,Patients who gave their hospital a rating of 7 or 8 on a scale from 0 (lowest) to 10 (highest),"Patients who gave a rating of ""7"" or ""8"" (medium)",Not Applicable,,10,,Not Applicable,1616,,36,,10/01/2024,09/30/2025
330354,ROSWELL PARK CANCER INSTITUTE,ELM AND CARLTON STREETS,BUFFALO,NY,14203,ERIE,(716) 845-2300,H_HSP_RATING_9_10,Patients who gave their hospital a rating of 9 or 10 on a scale from 0 (lowest) to 10 (highest),"Patients who gave a rating of ""9"" or ""10"" (high)",Not Applicable,,87,,Not Applicable,1616,,36,,10/01/2024,09/30/2025
330354,ROSWELL PARK CANCER INSTITUTE,ELM AND CARLTON STREETS,BUFFALO,NY,14203,ERIE,(716) 845-2300,H_HSP_RATING_LINEAR_SCORE,Overall hospital rating - linear mean score,Overall hospital rating - linear mean score,Not Applicable,,Not Applicable,,94,1616,,36,,10/01/2024,09/30/2025
330354,ROSWELL PARK CANCER INSTITUTE,ELM AND CARLTON STREETS,BUFFALO,NY,14203,ERIE,(716) 845-2300,H_HSP_RATING_STAR_RATING,Overall hospital rating - star rating,Overall hospital rating - star rating,5,,Not Applicable,,Not Applicable,1616,,36,,10/01/2024,09/30/2025
330354,ROSWELL PARK CANCER INSTITUTE,ELM AND CARLTON STREETS,BUFFALO,NY,14203,ERIE,(716) 845-2300,H_RECMND_DN,"Patients who reported NO, they would probably not or definitely not recommend the hospital","""NO"", patients would not recommend the hospital (they probably would not or definitely would not recommend it)",Not Applicable,,1,,Not Applicable,1616,,36,,10/01/2024,09/30/2025
330354,ROSWELL PARK CANCER INSTITUTE,ELM AND CARLTON STREETS,BUFFALO,NY,14203,ERIE,(716) 845-2300,H_RECMND_DY,"Patients who reported YES, they would definitely recommend the hospital","""YES"", patients would definitely recommend the hospital",Not Applicable,,88,,Not Applicable,1616,,36,,10/01/2024,09/30/2025
330354,ROSWELL PARK CANCER INSTITUTE,ELM AND CARLTON STREETS,BUFFALO,NY,14203,ERIE,(716) 845-2300,H_RECMND_PY,"Patients who reported YES, they would probably recommend the hospital","""YES"", patients would probably recommend the hospital",Not Applicable,,11,,Not Applicable,1616,,36,,10/01/2024,09/30/2025
330354,ROSWELL PARK CANCER INSTITUTE,ELM AND CARLTON STREETS,BUFFALO,NY,14203,ERIE,(716) 845-2300,H_RECMND_LINEAR_SCORE,Recommend hospital - linear mean score,Recommend hospital - linear mean score,Not Applicable,,Not Applicable,,95,1616,,36,,10/01/2024,09/30/2025
330354,ROSWELL PARK CANCER INSTITUTE,ELM AND CARLTON STREETS,BUFFALO,NY,14203,ERIE,(716) 845-2300,H_RECMND_STAR_RATING,Recommend hospital - star rating,Recommend hospital - star rating,5,,Not Applicable,,Not Applicable,1616,,36,,10/01/2024,09/30/2025
330354,ROSWELL PARK CANCER INSTITUTE,ELM AND CARLTON STREETS,BUFFALO,NY,14203,ERIE,(716) 845-2300,H_STAR_RATING,Summary star rating,Summary star rating,5,,Not Applicable,,Not Applicable,1616,,36,,10/01/2024,09/30/2025
360242,JAMES CANCER HOSPITAL & SOLOVE RESEARCH INSTITUTE,460 WEST TENTH AVENUE,COLUMBUS,OH,43210,FRANKLIN,(614) 293-3121,H_COMP_1_A_P,"Patients who reported that their nurses ""Always"" communicated well","Nurses ""always"" communicated well",Not Applicable,,82,,Not Applicable,1650,,29,,10/01/2024,09/30/2025
360242,JAMES CANCER HOSPITAL & SOLOVE RESEARCH INSTITUTE,460 WEST TENTH AVENUE,COLUMBUS,OH,43210,FRANKLIN,(614) 293-3121,H_COMP_1_SN_P,"Patients who reported that their nurses ""Sometimes"" or ""Never"" communicated well","Nurses ""sometimes"" or ""never"" communicated well",Not Applicable,,2,,Not Applicable,1650,,29,,10/01/2024,09/30/2025
360242,JAMES CANCER HOSPITAL & SOLOVE RESEARCH INSTITUTE,460 WEST TENTH AVENUE,COLUMBUS,OH,43210,FRANKLIN,(614) 293-3121,H_COMP_1_U_P,"Patients who reported that their nurses ""Usually"" communicated well","Nurses ""usually"" communicated well",Not Applicable,,16,,Not Applicable,1650,,29,,10/01/2024,09/30/2025
360242,JAMES CANCER HOSPITAL & SOLOVE RESEARCH INSTITUTE,460 WEST TENTH AVENUE,COLUMBUS,OH,43210,FRANKLIN,(614) 293-3121,H_COMP_1_LINEAR_SCORE,Nurse communication - linear mean score,Nurse communication - linear mean score,Not Applicable,,Not Applicable,,94,1650,,29,,10/01/2024,09/30/2025
360242,JAMES CANCER HOSPITAL & SOLOVE RESEARCH INSTITUTE,460 WEST TENTH AVENUE,COLUMBUS,OH,43210,FRANKLIN,(614) 293-3121,H_COMP_1_STAR_RATING,Nurse communication - star rating,Nurse communication - star rating,5,,Not Applicable,,Not Applicable,1650,,29,,10/01/2024,09/30/2025
360242,JAMES CANCER HOSPITAL & SOLOVE RESEARCH INSTITUTE,460 WEST TENTH AVENUE,COLUMBUS,OH,43210,FRANKLIN,(614) 293-3121,H_NURSE_RESPECT_A_P,"Patients who reported that their nurses ""Always"" treated them with courtesy and respect","Nurses ""always"" treated them with courtesy and  respect",Not Applicable,,89,,Not Applicable,1650,,29,,10/01/2024,09/30/2025
360242,JAMES CANCER HOSPITAL & SOLOVE RESEARCH INSTITUTE,460 WEST TENTH AVENUE,COLUMBUS,OH,43210,FRANKLIN,(614) 293-3121,H_NURSE_RESPECT_SN_P,"Patients who reported that their nurses ""Sometimes"" or ""Never""  treated them with courtesy and respect","Nurses ""sometimes"" or ""never"" treated them with courtesy and  respect",Not Applicable,,1,,Not Applicable,1650,,29,,10/01/2024,09/30/2025
360242,JAMES CANCER HOSPITAL & SOLOVE RESEARCH INSTITUTE,460 WEST TENTH AVENUE,COLUMBUS,OH,43210,FRANKLIN,(614) 293-3121,H_NURSE_RESPECT_U_P,"Patients who reported that their nurses ""Usually""  treated them with courtesy and respect","Nurses ""usually""  treated them with courtesy and  respect",Not Applicable,,10,,Not Applicable,1650,,29,,10/01/2024,09/30/2025
360242,JAMES CANCER HOSPITAL & SOLOVE RESEARCH INSTITUTE,460 WEST TENTH AVENUE,COLUMBUS,OH,43210,FRANKLIN,(614) 293-3121,H_NURSE_LISTEN_A_P,"Patients who reported that their nurses ""Always"" listened carefully to them","Nurses ""always"" listened carefully",Not Applicable,,80,,Not Applicable,1650,,29,,10/01/2024,09/30/2025
360242,JAMES CANCER HOSPITAL & SOLOVE RESEARCH INSTITUTE,460 WEST TENTH AVENUE,COLUMBUS,OH,43210,FRANKLIN,(614) 293-3121,H_NURSE_LISTEN_SN_P,"Patients who reported that their nurses ""Sometimes"" or ""Never"" listened carefully to them","Nurses ""sometimes"" or ""never"" listened carefully",Not Applicable,,1,,Not Applicable,1650,,29,,10/01/2024,09/30/2025
360242,JAMES CANCER HOSPITAL & SOLOVE RESEARCH INSTITUTE,460 WEST TENTH AVENUE,COLUMBUS,OH,43210,FRANKLIN,(614) 293-3121,H_NURSE_LISTEN_U_P,"Patients who reported that their nurses ""Usually"" listened carefully to them","Nurses ""usually"" listened carefully",Not Applicable,,19,,Not Applicable,1650,,29,,10/01/2024,09/30/2025
360242,JAMES CANCER HOSPITAL & SOLOVE RESEARCH INSTITUTE,460 WEST TENTH AVENUE,COLUMBUS,OH,43210,FRANKLIN,(614) 293-3121,H_NURSE_EXPLAIN_A_P,"Patients who reported that their nurses ""Always"" explained things in a way they could understand","Nurses ""always"" explained things so they could understand",Not Applicable,,77,,Not Applicable,1650,,29,,10/01/2024,09/30/2025
360242,JAMES CANCER HOSPITAL & SOLOVE RESEARCH INSTITUTE,460 WEST TENTH AVENUE,COLUMBUS,OH,43210,FRANKLIN,(614) 293-3121,H_NURSE_EXPLAIN_SN_P,"Patients who reported that their nurses ""Sometimes"" or ""Never"" explained things in a way they could understand","Nurses ""sometimes"" or ""never"" explained things so they could understand",Not Applicable,,3,,Not Applicable,1650,,29,,10/01/2024,09/30/2025
360242,JAMES CANCER HOSPITAL & SOLOVE RESEARCH INSTITUTE,460 WEST TENTH AVENUE,COLUMBUS,OH,43210,FRANKLIN,(614) 293-3121,H_NURSE_EXPLAIN_U_P,"Patients who reported that their nurses ""Usually"" explained things in a way they could understand","Nurses ""usually"" explained things so they could understand",Not Applicable,,20,,Not Applicable,1650,,29,,10/01/2024,09/30/2025
360242,JAMES CANCER HOSPITAL & SOLOVE RESEARCH INSTITUTE,460 WEST TENTH AVENUE,COLUMBUS,OH,43210,FRANKLIN,(614) 293-3121,H_COMP_2_A_P,"Patients who reported that their doctors ""Always"" communicated well","Doctors ""always"" communicated well",Not Applicable,,83,,Not Applicable,1650,,29,,10/01/2024,09/30/2025
360242,JAMES CANCER HOSPITAL & SOLOVE RESEARCH INSTITUTE,460 WEST TENTH AVENUE,COLUMBUS,OH,43210,FRANKLIN,(614) 293-3121,H_COMP_2_SN_P,"Patients who reported that their doctors ""Sometimes"" or ""Never"" communicated well","Doctors ""sometimes"" or ""never"" communicated well",Not Applicable,,3,,Not Applicable,1650,,29,,10/01/2024,09/30/2025
360242,JAMES CANCER HOSPITAL & SOLOVE RESEARCH INSTITUTE,460 WEST TENTH AVENUE,COLUMBUS,OH,43210,FRANKLIN,(614) 293-3121,H_COMP_2_U_P,"Patients who reported that their doctors ""Usually"" communicated well","Doctors ""usually"" communicated well",Not Applicable,,14,,Not Applicable,1650,,29,,10/01/2024,09/30/2025
360242,JAMES CANCER HOSPITAL & SOLOVE RESEARCH INSTITUTE,460 WEST TENTH AVENUE,COLUMBUS,OH,43210,FRANKLIN,(614) 293-3121,H_COMP_2_LINEAR_SCORE,Doctor communication - linear mean score,Doctor communication - linear mean score,Not Applicable,,Not Applicable,,94,1650,,29,,10/01/2024,09/30/2025
360242,JAMES CANCER HOSPITAL & SOLOVE RESEARCH INSTITUTE,460 WEST TENTH AVENUE,COLUMBUS,OH,43210,FRANKLIN,(614) 293-3121,H_COMP_2_STAR_RATING,Doctor communication - star rating,Doctor communication - star rating,4,,Not Applicable,,Not Applicable,1650,,29,,10/01/2024,09/30/2025
360242,JAMES CANCER HOSPITAL & SOLOVE RESEARCH INSTITUTE,460 WEST TENTH AVENUE,COLUMBUS,OH,43210,FRANKLIN,(614) 293-3121,H_DOCTOR_RESPECT_A_P,"Patients who reported that their doctors ""Always"" treated them with courtesy and respect","Doctors ""always"" treated them with courtesy and  respect",Not Applicable,,90,,Not Applicable,1650,,29,,10/01/2024,09/30/2025
360242,JAMES CANCER HOSPITAL & SOLOVE RESEARCH INSTITUTE,460 WEST TENTH AVENUE,COLUMBUS,OH,43210,FRANKLIN,(614) 293-3121,H_DOCTOR_RESPECT_SN_P,"Patients who reported that their doctors ""Sometimes"" or ""Never""  treated them with courtesy and respect","Doctors ""sometimes"" or ""never"" treated them with courtesy and  respect",Not Applicable,,2,,Not Applicable,1650,,29,,10/01/2024,09/30/2025
360242,JAMES CANCER HOSPITAL & SOLOVE RESEARCH INSTITUTE,460 WEST TENTH AVENUE,COLUMBUS,OH,43210,FRANKLIN,(614) 293-3121,H_DOCTOR_RESPECT_U_P,"Patients who reported that their doctors ""Usually""  treated them with courtesy and respect","Doctors ""usually""  treated them with courtesy and  respect",Not Applicable,,8,,Not Applicable,1650,,29,,10/01/2024,09/30/2025
360242,JAMES CANCER HOSPITAL & SOLOVE RESEARCH INSTITUTE,460 WEST TENTH AVENUE,COLUMBUS,OH,43210,FRANKLIN,(614) 293-3121,H_DOCTOR_LISTEN_A_P,"Patients who reported that their doctors ""Always"" listened carefully to them","Doctors ""always"" listened carefully",Not Applicable,,83,,Not Applicable,1650,,29,,10/01/2024,09/30/2025
360242,JAMES CANCER HOSPITAL & SOLOVE RESEARCH INSTITUTE,460 WEST TENTH AVENUE,COLUMBUS,OH,43210,FRANKLIN,(614) 293-3121,H_DOCTOR_LISTEN_SN_P,"Patients who reported that their doctors ""Sometimes"" or ""Never"" listened carefully to them","Doctors ""sometimes"" or ""never"" listened carefully",Not Applicable,,3,,Not Applicable,1650,,29,,10/01/2024,09/30/2025
360242,JAMES CANCER HOSPITAL & SOLOVE RESEARCH INSTITUTE,460 WEST TENTH AVENUE,COLUMBUS,OH,43210,FRANKLIN,(614) 293-3121,H_DOCTOR_LISTEN_U_P,"Patients who reported that their doctors ""Usually"" listened carefully to them","Doctors ""usually"" listened carefully",Not Applicable,,14,,Not Applicable,1650,,29,,10/01/2024,09/30/2025
360242,JAMES CANCER HOSPITAL & SOLOVE RESEARCH INSTITUTE,460 WEST TENTH AVENUE,COLUMBUS,OH,43210,FRANKLIN,(614) 293-3121,H_DOCTOR_EXPLAIN_A_P,"Patients who reported that their doctors ""Always"" explained things in a way they could understand","Doctors ""always"" explained things so they could understand",Not Applicable,,78,,Not Applicable,1650,,29,,10/01/2024,09/30/2025
360242,JAMES CANCER HOSPITAL & SOLOVE RESEARCH INSTITUTE,460 WEST TENTH AVENUE,COLUMBUS,OH,43210,FRANKLIN,(614) 293-3121,H_DOCTOR_EXPLAIN_SN_P,"Patients who reported that their doctors ""Sometimes"" or ""Never"" explained things in a way they could understand","Doctors ""sometimes"" or ""never"" explained things so they could understand",Not Applicable,,5,,Not Applicable,1650,,29,,10/01/2024,09/30/2025
360242,JAMES CANCER HOSPITAL & SOLOVE RESEARCH INSTITUTE,460 WEST TENTH AVENUE,COLUMBUS,OH,43210,FRANKLIN,(614) 293-3121,H_DOCTOR_EXPLAIN_U_P,"Patients who reported that their doctors ""Usually"" explained things in a way they could understand","Doctors ""usually"" explained things so they could understand",Not Applicable,,17,,Not Applicable,1650,,29,,10/01/2024,09/30/2025
360242,JAMES CANCER HOSPITAL & SOLOVE RESEARCH INSTITUTE,460 WEST TENTH AVENUE,COLUMBUS,OH,43210,FRANKLIN,(614) 293-3121,H_COMP_5_A_P,"Patients who reported that staff ""Always"" explained about medicines before giving it to them","Staff ""always"" explained",Not Applicable,,65,,Not Applicable,1650,,29,,10/01/2024,09/30/2025
360242,JAMES CANCER HOSPITAL & SOLOVE RESEARCH INSTITUTE,460 WEST TENTH AVENUE,COLUMBUS,OH,43210,FRANKLIN,(614) 293-3121,H_COMP_5_SN_P,"Patients who reported that staff ""Sometimes"" or ""Never"" explained about medicines before giving it to them","Staff ""sometimes"" or ""never"" explained",Not Applicable,,14,,Not Applicable,1650,,29,,10/01/2024,09/30/2025
360242,JAMES CANCER HOSPITAL & SOLOVE RESEARCH INSTITUTE,460 WEST TENTH AVENUE,COLUMBUS,OH,43210,FRANKLIN,(614) 293-3121,H_COMP_5_U_P,"Patients who reported that staff ""Usually"" explained about medicines before giving it to them","Staff ""usually"" explained",Not Applicable,,21,,Not Applicable,1650,,29,,10/01/2024,09/30/2025
360242,JAMES CANCER HOSPITAL & SOLOVE RESEARCH INSTITUTE,460 WEST TENTH AVENUE,COLUMBUS,OH,43210,FRANKLIN,(614) 293-3121,H_COMP_5_LINEAR_SCORE,Communication about medicines - linear mean score,Communication about medicines - linear mean score,Not Applicable,,Not Applicable,,82,1650,,29,,10/01/2024,09/30/2025
360242,JAMES CANCER HOSPITAL & SOLOVE RESEARCH INSTITUTE,460 WEST TENTH AVENUE,COLUMBUS,OH,43210,FRANKLIN,(614) 293-3121,H_COMP_5_STAR_RATING,Communication about medicines - star rating,Communication about medicines - star rating,4,,Not Applicable,,Not Applicable,1650,,29,,10/01/2024,09/30/2025
360242,JAMES CANCER HOSPITAL & SOLOVE RESEARCH INSTITUTE,460 WEST TENTH AVENUE,COLUMBUS,OH,43210,FRANKLIN,(614) 293-3121,H_MED_FOR_A_P,"Patients who reported that when receiving new medication the staff ""Always"" communicated what the medication was for","Staff ""always"" explained new medications",Not Applicable,,78,,Not Applicable,1650,,29,,10/01/2024,09/30/2025
360242,JAMES CANCER HOSPITAL & SOLOVE RESEARCH INSTITUTE,460 WEST TENTH AVENUE,COLUMBUS,OH,43210,FRANKLIN,(614) 293-3121,H_MED_FOR_SN_P,"Patients who reported that when receiving new medication the staff ""Sometimes"" or ""Never"" communicated what the medication was for","Staff ""sometimes"" or ""never"" explained new medications",Not Applicable,,6,,Not Applicable,1650,,29,,10/01/2024,09/30/2025
360242,JAMES CANCER HOSPITAL & SOLOVE RESEARCH INSTITUTE,460 WEST TENTH AVENUE,COLUMBUS,OH,43210,FRANKLIN,(614) 293-3121,H_MED_FOR_U_P,"Patients who reported that when receiving new medication the staff ""Usually"" communicated what the medication was for.","Staff ""usually"" explained new medications",Not Applicable,,16,,Not Applicable,1650,,29,,10/01/2024,09/30/2025
360242,JAMES CANCER HOSPITAL & SOLOVE RESEARCH INSTITUTE,460 WEST TENTH AVENUE,COLUMBUS,OH,43210,FRANKLIN,(614) 293-3121,H_SIDE_EFFECTS_A_P,"Patients who reported that when receiving new medication the staff ""Always"" discussed possible side effects","Staff ""always"" explained possible side effects",Not Applicable,,52,,Not Applicable,1650,,29,,10/01/2024,09/30/2025
360242,JAMES CANCER HOSPITAL & SOLOVE RESEARCH INSTITUTE,460 WEST TENTH AVENUE,COLUMBUS,OH,43210,FRANKLIN,(614) 293-3121,H_SIDE_EFFECTS_SN_P,"Patients who reported that when receiving new medication the staff ""Sometimes"" or ""Never"" discussed possible side effects","Staff ""sometimes"" or ""never"" explained possible side effects",Not Applicable,,22,,Not Applicable,1650,,29,,10/01/2024,09/30/2025
360242,JAMES CANCER HOSPITAL & SOLOVE RESEARCH INSTITUTE,460 WEST TENTH AVENUE,COLUMBUS,OH,43210,FRANKLIN,(614) 293-3121,H_SIDE_EFFECTS_U_P,"Patients who reported that when receiving new medication the staff ""Usually"" discussed possible side effects","Staff ""usually"" explained possible side effects",Not Applicable,,26,,Not Applicable,1650,,29,,10/01/2024,09/30/2025
360242,JAMES CANCER HOSPITAL & SOLOVE RESEARCH INSTITUTE,460 WEST TENTH AVENUE,COLUMBUS,OH,43210,FRANKLIN,(614) 293-3121,H_COMP_6_N_P,"Patients who reported that NO, they were not given information about what to do during their recovery at home","No, staff ""did not"" give patients this information",Not Applicable,,7,,Not Applicable,1650,,29,,10/01/2024,09/30/2025
360242,JAMES CANCER HOSPITAL & SOLOVE RESEARCH INSTITUTE,460 WEST TENTH AVENUE,COLUMBUS,OH,43210,FRANKLIN,(614) 293-3121,H_COMP_6_Y_P,"Patients who reported that YES, they were given information about what to do during their recovery at home","Yes, staff ""did"" give patients this information",Not Applicable,,93,,Not Applicable,1650,,29,,10/01/2024,09/30/2025
360242,JAMES CANCER HOSPITAL & SOLOVE RESEARCH INSTITUTE,460 WEST TENTH AVENUE,COLUMBUS,OH,43210,FRANKLIN,(614) 293-3121,H_COMP_6_LINEAR_SCORE,Discharge information - linear mean score,Discharge information - linear mean score,Not Applicable,,Not Applicable,,93,1650,,29,,10/01/2024,09/30/2025
360242,JAMES CANCER HOSPITAL & SOLOVE RESEARCH INSTITUTE,460 WEST TENTH AVENUE,COLUMBUS,OH,43210,FRANKLIN,(614) 293-3121,H_COMP_6_STAR_RATING,Discharge information - star rating,Discharge information - star rating,5,,Not Applicable,,Not Applicable,1650,,29,,10/01/2024,09/30/2025
360242,JAMES CANCER HOSPITAL & SOLOVE RESEARCH INSTITUTE,460 WEST TENTH AVENUE,COLUMBUS,OH,43210,FRANKLIN,(614) 293-3121,H_DISCH_HELP_N_P,"Patients who reported that NO, they did not discuss whether they would need help after discharge","No, staff ""did not"" give patients information about help after discharge",Not Applicable,,6,,Not Applicable,1650,,29,,10/01/2024,09/30/2025
360242,JAMES CANCER HOSPITAL & SOLOVE RESEARCH INSTITUTE,460 WEST TENTH AVENUE,COLUMBUS,OH,43210,FRANKLIN,(614) 293-3121,H_DISCH_HELP_Y_P,"Patients who reported that YES, they did discuss whether they would need help after discharge","Yes, staff ""did"" give patients information about help after discharge",Not Applicable,,94,,Not Applicable,1650,,29,,10/01/2024,09/30/2025
360242,JAMES CANCER HOSPITAL & SOLOVE RESEARCH INSTITUTE,460 WEST TENTH AVENUE,COLUMBUS,OH,43210,FRANKLIN,(614) 293-3121,H_SYMPTOMS_N_P,"Patients who reported that NO, they did not receive written information about possible symptoms to look out for after discharge","No, staff ""did not"" give patients information about possible symptoms",Not Applicable,,8,,Not Applicable,1650,,29,,10/01/2024,09/30/2025
360242,JAMES CANCER HOSPITAL & SOLOVE RESEARCH INSTITUTE,460 WEST TENTH AVENUE,COLUMBUS,OH,43210,FRANKLIN,(614) 293-3121,H_SYMPTOMS_Y_P,"Patients who reported that YES, they did receive written information about possible symptoms to look out for after discharge","Yes, staff ""did"" give patients information about possible symptoms",Not Applicable,,92,,Not Applicable,1650,,29,,10/01/2024,09/30/2025
360242,JAMES CANCER HOSPITAL & SOLOVE RESEARCH INSTITUTE,460 WEST TENTH AVENUE,COLUMBUS,OH,43210,FRANKLIN,(614) 293-3121,H_CLEAN_HSP_A_P,"Patients who reported that their room and bathroom were ""Always"" clean","Room was ""always"" clean",Not Applicable,,76,,Not Applicable,1650,,29,,10/01/2024,09/30/2025
360242,JAMES CANCER HOSPITAL & SOLOVE RESEARCH INSTITUTE,460 WEST TENTH AVENUE,COLUMBUS,OH,43210,FRANKLIN,(614) 293-3121,H_CLEAN_HSP_SN_P,"Patients who reported that their room and bathroom were ""Sometimes"" or ""Never"" clean","Room was ""sometimes"" or ""never"" clean",Not Applicable,,4,,Not Applicable,1650,,29,,10/01/2024,09/30/2025
360242,JAMES CANCER HOSPITAL & SOLOVE RESEARCH INSTITUTE,460 WEST TENTH AVENUE,COLUMBUS,OH,43210,FRANKLIN,(614) 293-3121,H_CLEAN_HSP_U_P,"Patients who reported that their room and bathroom were ""Usually"" clean","Room was ""usually"" clean",Not Applicable,,20,,Not Applicable,1650,,29,,10/01/2024,09/30/2025
360242,JAMES CANCER HOSPITAL & SOLOVE RESEARCH INSTITUTE,460 WEST TENTH AVENUE,COLUMBUS,OH,43210,FRANKLIN,(614) 293-3121,H_CLEAN_LINEAR_SCORE,Cleanliness - linear mean score,Cleanliness - linear mean score,Not Applicable,,Not Applicable,,90,1650,,29,,10/01/2024,09/30/2025
360242,JAMES CANCER HOSPITAL & SOLOVE RESEARCH INSTITUTE,460 WEST TENTH AVENUE,COLUMBUS,OH,43210,FRANKLIN,(614) 293-3121,H_CLEAN_STAR_RATING,Cleanliness - star rating,Cleanliness - star rating,4,,Not Applicable,,Not Applicable,1650,,29,,10/01/2024,09/30/2025
360242,JAMES CANCER HOSPITAL & SOLOVE RESEARCH INSTITUTE,460 WEST TENTH AVENUE,COLUMBUS,OH,43210,FRANKLIN,(614) 293-3121,H_QUIET_HSP_A_P,"Patients who reported that the area around their room was ""Always"" quiet at night","""Always"" quiet at night",Not Applicable,,63,,Not Applicable,1650,,29,,10/01/2024,09/30/2025
360242,JAMES CANCER HOSPITAL & SOLOVE RESEARCH INSTITUTE,460 WEST TENTH AVENUE,COLUMBUS,OH,43210,FRANKLIN,(614) 293-3121,H_QUIET_HSP_SN_P,"Patients who reported that the area around their room was ""Sometimes"" or ""Never"" quiet at night","""Sometimes"" or ""never"" quiet at night",Not Applicable,,5,,Not Applicable,1650,,29,,10/01/2024,09/30/2025
360242,JAMES CANCER HOSPITAL & SOLOVE RESEARCH INSTITUTE,460 WEST TENTH AVENUE,COLUMBUS,OH,43210,FRANKLIN,(614) 293-3121,H_QUIET_HSP_U_P,"Patients who reported that the area around their room was ""Usually"" quiet at night","""Usually"" quiet at night",Not Applicable,,32,,Not Applicable,1650,,29,,10/01/2024,09/30/2025
360242,JAMES CANCER HOSPITAL & SOLOVE RESEARCH INSTITUTE,460 WEST TENTH AVENUE,COLUMBUS,OH,43210,FRANKLIN,(614) 293-3121,H_QUIET_LINEAR_SCORE,Quietness - linear mean score,Quietness - linear mean score,Not Applicable,,Not Applicable,,85,1650,,29,,10/01/2024,09/30/2025
360242,JAMES CANCER HOSPITAL & SOLOVE RESEARCH INSTITUTE,460 WEST TENTH AVENUE,COLUMBUS,OH,43210,FRANKLIN,(614) 293-3121,H_QUIET_STAR_RATING,Quietness - star rating,Quietness - star rating,4,,Not Applicable,,Not Applicable,1650,,29,,10/01/2024,09/30/2025
360242,JAMES CANCER HOSPITAL & SOLOVE RESEARCH INSTITUTE,460 WEST TENTH AVENUE,COLUMBUS,OH,43210,FRANKLIN,(614) 293-3121,H_HSP_RATING_0_6,Patients who gave their hospital a rating of 6 or lower on a scale from 0 (lowest) to 10 (highest),"Patients who gave a rating of ""6"" or lower (low)",Not Applicable,,3,,Not Applicable,1650,,29,,10/01/2024,09/30/2025
360242,JAMES CANCER HOSPITAL & SOLOVE RESEARCH INSTITUTE,460 WEST TENTH AVENUE,COLUMBUS,OH,43210,FRANKLIN,(614) 293-3121,H_HSP_RATING_7_8,Patients who gave their hospital a rating of 7 or 8 on a scale from 0 (lowest) to 10 (highest),"Patients who gave a rating of ""7"" or ""8"" (medium)",Not Applicable,,13,,Not Applicable,1650,,29,,10/01/2024,09/30/2025
360242,JAMES CANCER HOSPITAL & SOLOVE RESEARCH INSTITUTE,460 WEST TENTH AVENUE,COLUMBUS,OH,43210,FRANKLIN,(614) 293-3121,H_HSP_RATING_9_10,Patients who gave their hospital a rating of 9 or 10 on a scale from 0 (lowest) to 10 (highest),"Patients who gave a rating of ""9"" or ""10"" (high)",Not Applicable,,84,,Not Applicable,1650,,29,,10/01/2024,09/30/2025
360242,JAMES CANCER HOSPITAL & SOLOVE RESEARCH INSTITUTE,460 WEST TENTH AVENUE,COLUMBUS,OH,43210,FRANKLIN,(614) 293-3121,H_HSP_RATING_LINEAR_SCORE,Overall hospital rating - linear mean score,Overall hospital rating - linear mean score,Not Applicable,,Not Applicable,,93,1650,,29,,10/01/2024,09/30/2025
360242,JAMES CANCER HOSPITAL & SOLOVE RESEARCH INSTITUTE,460 WEST TENTH AVENUE,COLUMBUS,OH,43210,FRANKLIN,(614) 293-3121,H_HSP_RATING_STAR_RATING,Overall hospital rating - star rating,Overall hospital rating - star rating,5,,Not Applicable,,Not Applicable,1650,,29,,10/01/2024,09/30/2025
360242,JAMES CANCER HOSPITAL & SOLOVE RESEARCH INSTITUTE,460 WEST TENTH AVENUE,COLUMBUS,OH,43210,FRANKLIN,(614) 293-3121,H_RECMND_DN,"Patients who reported NO, they would probably not or definitely not recommend the hospital","""NO"", patients would not recommend the hospital (they probably would not or definitely would not recommend it)",Not Applicable,,1,,Not Applicable,1650,,29,,10/01/2024,09/30/2025
360242,JAMES CANCER HOSPITAL & SOLOVE RESEARCH INSTITUTE,460 WEST TENTH AVENUE,COLUMBUS,OH,43210,FRANKLIN,(614) 293-3121,H_RECMND_DY,"Patients who reported YES, they would definitely recommend the hospital","""YES"", patients would definitely recommend the hospital",Not Applicable,,86,,Not Applicable,1650,,29,,10/01/2024,09/30/2025
360242,JAMES CANCER HOSPITAL & SOLOVE RESEARCH INSTITUTE,460 WEST TENTH AVENUE,COLUMBUS,OH,43210,FRANKLIN,(614) 293-3121,H_RECMND_PY,"Patients who reported YES, they would probably recommend the hospital","""YES"", patients would probably recommend the hospital",Not Applicable,,13,,Not Applicable,1650,,29,,10/01/2024,09/30/2025
360242,JAMES CANCER HOSPITAL & SOLOVE RESEARCH INSTITUTE,460 WEST TENTH AVENUE,COLUMBUS,OH,43210,FRANKLIN,(614) 293-3121,H_RECMND_LINEAR_SCORE,Recommend hospital - linear mean score,Recommend hospital - linear mean score,Not Applicable,,Not Applicable,,95,1650,,29,,10/01/2024,09/30/2025
360242,JAMES CANCER HOSPITAL & SOLOVE RESEARCH INSTITUTE,460 WEST TENTH AVENUE,COLUMBUS,OH,43210,FRANKLIN,(614) 293-3121,H_RECMND_STAR_RATING,Recommend hospital - star rating,Recommend hospital - star rating,5,,Not Applicable,,Not Applicable,1650,,29,,10/01/2024,09/30/2025
360242,JAMES CANCER HOSPITAL & SOLOVE RESEARCH INSTITUTE,460 WEST TENTH AVENUE,COLUMBUS,OH,43210,FRANKLIN,(614) 293-3121,H_STAR_RATING,Summary star rating,Summary star rating,5,,Not Applicable,,Not Applicable,1650,,29,,10/01/2024,09/30/2025
390196,HOSPITAL OF THE FOX CHASE CANCER CENTER,333 COTTMAN AVENUE,PHILADELPHIA,PA,19111,PHILADELPHIA,(215) 728-2660,H_COMP_1_A_P,"Patients who reported that their nurses ""Always"" communicated well","Nurses ""always"" communicated well",Not Applicable,,87,,Not Applicable,482,,30,,10/01/2024,09/30/2025
390196,HOSPITAL OF THE FOX CHASE CANCER CENTER,333 COTTMAN AVENUE,PHILADELPHIA,PA,19111,PHILADELPHIA,(215) 728-2660,H_COMP_1_SN_P,"Patients who reported that their nurses ""Sometimes"" or ""Never"" communicated well","Nurses ""sometimes"" or ""never"" communicated well",Not Applicable,,2,,Not Applicable,482,,30,,10/01/2024,09/30/2025
390196,HOSPITAL OF THE FOX CHASE CANCER CENTER,333 COTTMAN AVENUE,PHILADELPHIA,PA,19111,PHILADELPHIA,(215) 728-2660,H_COMP_1_U_P,"Patients who reported that their nurses ""Usually"" communicated well","Nurses ""usually"" communicated well",Not Applicable,,11,,Not Applicable,482,,30,,10/01/2024,09/30/2025
390196,HOSPITAL OF THE FOX CHASE CANCER CENTER,333 COTTMAN AVENUE,PHILADELPHIA,PA,19111,PHILADELPHIA,(215) 728-2660,H_COMP_1_LINEAR_SCORE,Nurse communication - linear mean score,Nurse communication - linear mean score,Not Applicable,,Not Applicable,,95,482,,30,,10/01/2024,09/30/2025
390196,HOSPITAL OF THE FOX CHASE CANCER CENTER,333 COTTMAN AVENUE,PHILADELPHIA,PA,19111,PHILADELPHIA,(215) 728-2660,H_COMP_1_STAR_RATING,Nurse communication - star rating,Nurse communication - star rating,5,,Not Applicable,,Not Applicable,482,,30,,10/01/2024,09/30/2025
390196,HOSPITAL OF THE FOX CHASE CANCER CENTER,333 COTTMAN AVENUE,PHILADELPHIA,PA,19111,PHILADELPHIA,(215) 728-2660,H_NURSE_RESPECT_A_P,"Patients who reported that their nurses ""Always"" treated them with courtesy and respect","Nurses ""always"" treated them with courtesy and  respect",Not Applicable,,93,,Not Applicable,482,,30,,10/01/2024,09/30/2025
390196,HOSPITAL OF THE FOX CHASE CANCER CENTER,333 COTTMAN AVENUE,PHILADELPHIA,PA,19111,PHILADELPHIA,(215) 728-2660,H_NURSE_RESPECT_SN_P,"Patients who reported that their nurses ""Sometimes"" or ""Never""  treated them with courtesy and respect","Nurses ""sometimes"" or ""never"" treated them with courtesy and  respect",Not Applicable,,1,,Not Applicable,482,,30,,10/01/2024,09/30/2025
390196,HOSPITAL OF THE FOX CHASE CANCER CENTER,333 COTTMAN AVENUE,PHILADELPHIA,PA,19111,PHILADELPHIA,(215) 728-2660,H_NURSE_RESPECT_U_P,"Patients who reported that their nurses ""Usually""  treated them with courtesy and respect","Nurses ""usually""  treated them with courtesy and  respect",Not Applicable,,6,,Not Applicable,482,,30,,10/01/2024,09/30/2025
390196,HOSPITAL OF THE FOX CHASE CANCER CENTER,333 COTTMAN AVENUE,PHILADELPHIA,PA,19111,PHILADELPHIA,(215) 728-2660,H_NURSE_LISTEN_A_P,"Patients who reported that their nurses ""Always"" listened carefully to them","Nurses ""always"" listened carefully",Not Applicable,,85,,Not Applicable,482,,30,,10/01/2024,09/30/2025
390196,HOSPITAL OF THE FOX CHASE CANCER CENTER,333 COTTMAN AVENUE,PHILADELPHIA,PA,19111,PHILADELPHIA,(215) 728-2660,H_NURSE_LISTEN_SN_P,"Patients who reported that their nurses ""Sometimes"" or ""Never"" listened carefully to them","Nurses ""sometimes"" or ""never"" listened carefully",Not Applicable,,1,,Not Applicable,482,,30,,10/01/2024,09/30/2025
390196,HOSPITAL OF THE FOX CHASE CANCER CENTER,333 COTTMAN AVENUE,PHILADELPHIA,PA,19111,PHILADELPHIA,(215) 728-2660,H_NURSE_LISTEN_U_P,"Patients who reported that their nurses ""Usually"" listened carefully to them","Nurses ""usually"" listened carefully",Not Applicable,,14,,Not Applicable,482,,30,,10/01/2024,09/30/2025
390196,HOSPITAL OF THE FOX CHASE CANCER CENTER,333 COTTMAN AVENUE,PHILADELPHIA,PA,19111,PHILADELPHIA,(215) 728-2660,H_NURSE_EXPLAIN_A_P,"Patients who reported that their nurses ""Always"" explained things in a way they could understand","Nurses ""always"" explained things so they could understand",Not Applicable,,84,,Not Applicable,482,,30,,10/01/2024,09/30/2025
390196,HOSPITAL OF THE FOX CHASE CANCER CENTER,333 COTTMAN AVENUE,PHILADELPHIA,PA,19111,PHILADELPHIA,(215) 728-2660,H_NURSE_EXPLAIN_SN_P,"Patients who reported that their nurses ""Sometimes"" or ""Never"" explained things in a way they could understand","Nurses ""sometimes"" or ""never"" explained things so they could understand",Not Applicable,,3,,Not Applicable,482,,30,,10/01/2024,09/30/2025
390196,HOSPITAL OF THE FOX CHASE CANCER CENTER,333 COTTMAN AVENUE,PHILADELPHIA,PA,19111,PHILADELPHIA,(215) 728-2660,H_NURSE_EXPLAIN_U_P,"Patients who reported that their nurses ""Usually"" explained things in a way they could understand","Nurses ""usually"" explained things so they could understand",Not Applicable,,13,,Not Applicable,482,,30,,10/01/2024,09/30/2025
390196,HOSPITAL OF THE FOX CHASE CANCER CENTER,333 COTTMAN AVENUE,PHILADELPHIA,PA,19111,PHILADELPHIA,(215) 728-2660,H_COMP_2_A_P,"Patients who reported that their doctors ""Always"" communicated well","Doctors ""always"" communicated well",Not Applicable,,87,,Not Applicable,482,,30,,10/01/2024,09/30/2025
390196,HOSPITAL OF THE FOX CHASE CANCER CENTER,333 COTTMAN AVENUE,PHILADELPHIA,PA,19111,PHILADELPHIA,(215) 728-2660,H_COMP_2_SN_P,"Patients who reported that their doctors ""Sometimes"" or ""Never"" communicated well","Doctors ""sometimes"" or ""never"" communicated well",Not Applicable,,3,,Not Applicable,482,,30,,10/01/2024,09/30/2025
390196,HOSPITAL OF THE FOX CHASE CANCER CENTER,333 COTTMAN AVENUE,PHILADELPHIA,PA,19111,PHILADELPHIA,(215) 728-2660,H_COMP_2_U_P,"Patients who reported that their doctors ""Usually"" communicated well","Doctors ""usually"" communicated well",Not Applicable,,10,,Not Applicable,482,,30,,10/01/2024,09/30/2025
390196,HOSPITAL OF THE FOX CHASE CANCER CENTER,333 COTTMAN AVENUE,PHILADELPHIA,PA,19111,PHILADELPHIA,(215) 728-2660,H_COMP_2_LINEAR_SCORE,Doctor communication - linear mean score,Doctor communication - linear mean score,Not Applicable,,Not Applicable,,95,482,,30,,10/01/2024,09/30/2025
390196,HOSPITAL OF THE FOX CHASE CANCER CENTER,333 COTTMAN AVENUE,PHILADELPHIA,PA,19111,PHILADELPHIA,(215) 728-2660,H_COMP_2_STAR_RATING,Doctor communication - star rating,Doctor communication - star rating,5,,Not Applicable,,Not Applicable,482,,30,,10/01/2024,09/30/2025
390196,HOSPITAL OF THE FOX CHASE CANCER CENTER,333 COTTMAN AVENUE,PHILADELPHIA,PA,19111,PHILADELPHIA,(215) 728-2660,H_DOCTOR_RESPECT_A_P,"Patients who reported that their doctors ""Always"" treated them with courtesy and respect","Doctors ""always"" treated them with courtesy and  respect",Not Applicable,,92,,Not Applicable,482,,30,,10/01/2024,09/30/2025
390196,HOSPITAL OF THE FOX CHASE CANCER CENTER,333 COTTMAN AVENUE,PHILADELPHIA,PA,19111,PHILADELPHIA,(215) 728-2660,H_DOCTOR_RESPECT_SN_P,"Patients who reported that their doctors ""Sometimes"" or ""Never""  treated them with courtesy and respect","Doctors ""sometimes"" or ""never"" treated them with courtesy and  respect",Not Applicable,,1,,Not Applicable,482,,30,,10/01/2024,09/30/2025
390196,HOSPITAL OF THE FOX CHASE CANCER CENTER,333 COTTMAN AVENUE,PHILADELPHIA,PA,19111,PHILADELPHIA,(215) 728-2660,H_DOCTOR_RESPECT_U_P,"Patients who reported that their doctors ""Usually""  treated them with courtesy and respect","Doctors ""usually""  treated them with courtesy and  respect",Not Applicable,,7,,Not Applicable,482,,30,,10/01/2024,09/30/2025
390196,HOSPITAL OF THE FOX CHASE CANCER CENTER,333 COTTMAN AVENUE,PHILADELPHIA,PA,19111,PHILADELPHIA,(215) 728-2660,H_DOCTOR_LISTEN_A_P,"Patients who reported that their doctors ""Always"" listened carefully to them","Doctors ""always"" listened carefully",Not Applicable,,87,,Not Applicable,482,,30,,10/01/2024,09/30/2025
390196,HOSPITAL OF THE FOX CHASE CANCER CENTER,333 COTTMAN AVENUE,PHILADELPHIA,PA,19111,PHILADELPHIA,(215) 728-2660,H_DOCTOR_LISTEN_SN_P,"Patients who reported that their doctors ""Sometimes"" or ""Never"" listened carefully to them","Doctors ""sometimes"" or ""never"" listened carefully",Not Applicable,,3,,Not Applicable,482,,30,,10/01/2024,09/30/2025
390196,HOSPITAL OF THE FOX CHASE CANCER CENTER,333 COTTMAN AVENUE,PHILADELPHIA,PA,19111,PHILADELPHIA,(215) 728-2660,H_DOCTOR_LISTEN_U_P,"Patients who reported that their doctors ""Usually"" listened carefully to them","Doctors ""usually"" listened carefully",Not Applicable,,10,,Not Applicable,482,,30,,10/01/2024,09/30/2025
390196,HOSPITAL OF THE FOX CHASE CANCER CENTER,333 COTTMAN AVENUE,PHILADELPHIA,PA,19111,PHILADELPHIA,(215) 728-2660,H_DOCTOR_EXPLAIN_A_P,"Patients who reported that their doctors ""Always"" explained things in a way they could understand","Doctors ""always"" explained things so they could understand",Not Applicable,,82,,Not Applicable,482,,30,,10/01/2024,09/30/2025
390196,HOSPITAL OF THE FOX CHASE CANCER CENTER,333 COTTMAN AVENUE,PHILADELPHIA,PA,19111,PHILADELPHIA,(215) 728-2660,H_DOCTOR_EXPLAIN_SN_P,"Patients who reported that their doctors ""Sometimes"" or ""Never"" explained things in a way they could understand","Doctors ""sometimes"" or ""never"" explained things so they could understand",Not Applicable,,3,,Not Applicable,482,,30,,10/01/2024,09/30/2025
390196,HOSPITAL OF THE FOX CHASE CANCER CENTER,333 COTTMAN AVENUE,PHILADELPHIA,PA,19111,PHILADELPHIA,(215) 728-2660,H_DOCTOR_EXPLAIN_U_P,"Patients who reported that their doctors ""Usually"" explained things in a way they could understand","Doctors ""usually"" explained things so they could understand",Not Applicable,,15,,Not Applicable,482,,30,,10/01/2024,09/30/2025
390196,HOSPITAL OF THE FOX CHASE CANCER CENTER,333 COTTMAN AVENUE,PHILADELPHIA,PA,19111,PHILADELPHIA,(215) 728-2660,H_COMP_5_A_P,"Patients who reported that staff ""Always"" explained about medicines before giving it to them","Staff ""always"" explained",Not Applicable,,70,,Not Applicable,482,,30,,10/01/2024,09/30/2025
390196,HOSPITAL OF THE FOX CHASE CANCER CENTER,333 COTTMAN AVENUE,PHILADELPHIA,PA,19111,PHILADELPHIA,(215) 728-2660,H_COMP_5_SN_P,"Patients who reported that staff ""Sometimes"" or ""Never"" explained about medicines before giving it to them","Staff ""sometimes"" or ""never"" explained",Not Applicable,,12,,Not Applicable,482,,30,,10/01/2024,09/30/2025
390196,HOSPITAL OF THE FOX CHASE CANCER CENTER,333 COTTMAN AVENUE,PHILADELPHIA,PA,19111,PHILADELPHIA,(215) 728-2660,H_COMP_5_U_P,"Patients who reported that staff ""Usually"" explained about medicines before giving it to them","Staff ""usually"" explained",Not Applicable,,18,,Not Applicable,482,,30,,10/01/2024,09/30/2025
390196,HOSPITAL OF THE FOX CHASE CANCER CENTER,333 COTTMAN AVENUE,PHILADELPHIA,PA,19111,PHILADELPHIA,(215) 728-2660,H_COMP_5_LINEAR_SCORE,Communication about medicines - linear mean score,Communication about medicines - linear mean score,Not Applicable,,Not Applicable,,84,482,,30,,10/01/2024,09/30/2025
390196,HOSPITAL OF THE FOX CHASE CANCER CENTER,333 COTTMAN AVENUE,PHILADELPHIA,PA,19111,PHILADELPHIA,(215) 728-2660,H_COMP_5_STAR_RATING,Communication about medicines - star rating,Communication about medicines - star rating,4,,Not Applicable,,Not Applicable,482,,30,,10/01/2024,09/30/2025
390196,HOSPITAL OF THE FOX CHASE CANCER CENTER,333 COTTMAN AVENUE,PHILADELPHIA,PA,19111,PHILADELPHIA,(215) 728-2660,H_MED_FOR_A_P,"Patients who reported that when receiving new medication the staff ""Always"" communicated what the medication was for","Staff ""always"" explained new medications",Not Applicable,,85,,Not Applicable,482,,30,,10/01/2024,09/30/2025
390196,HOSPITAL OF THE FOX CHASE CANCER CENTER,333 COTTMAN AVENUE,PHILADELPHIA,PA,19111,PHILADELPHIA,(215) 728-2660,H_MED_FOR_SN_P,"Patients who reported that when receiving new medication the staff ""Sometimes"" or ""Never"" communicated what the medication was for","Staff ""sometimes"" or ""never"" explained new medications",Not Applicable,,4,,Not Applicable,482,,30,,10/01/2024,09/30/2025
390196,HOSPITAL OF THE FOX CHASE CANCER CENTER,333 COTTMAN AVENUE,PHILADELPHIA,PA,19111,PHILADELPHIA,(215) 728-2660,H_MED_FOR_U_P,"Patients who reported that when receiving new medication the staff ""Usually"" communicated what the medication was for.","Staff ""usually"" explained new medications",Not Applicable,,11,,Not Applicable,482,,30,,10/01/2024,09/30/2025
390196,HOSPITAL OF THE FOX CHASE CANCER CENTER,333 COTTMAN AVENUE,PHILADELPHIA,PA,19111,PHILADELPHIA,(215) 728-2660,H_SIDE_EFFECTS_A_P,"Patients who reported that when receiving new medication the staff ""Always"" discussed possible side effects","Staff ""always"" explained possible side effects",Not Applicable,,55,,Not Applicable,482,,30,,10/01/2024,09/30/2025
390196,HOSPITAL OF THE FOX CHASE CANCER CENTER,333 COTTMAN AVENUE,PHILADELPHIA,PA,19111,PHILADELPHIA,(215) 728-2660,H_SIDE_EFFECTS_SN_P,"Patients who reported that when receiving new medication the staff ""Sometimes"" or ""Never"" discussed possible side effects","Staff ""sometimes"" or ""never"" explained possible side effects",Not Applicable,,20,,Not Applicable,482,,30,,10/01/2024,09/30/2025
390196,HOSPITAL OF THE FOX CHASE CANCER CENTER,333 COTTMAN AVENUE,PHILADELPHIA,PA,19111,PHILADELPHIA,(215) 728-2660,H_SIDE_EFFECTS_U_P,"Patients who reported that when receiving new medication the staff ""Usually"" discussed possible side effects","Staff ""usually"" explained possible side effects",Not Applicable,,25,,Not Applicable,482,,30,,10/01/2024,09/30/2025
390196,HOSPITAL OF THE FOX CHASE CANCER CENTER,333 COTTMAN AVENUE,PHILADELPHIA,PA,19111,PHILADELPHIA,(215) 728-2660,H_COMP_6_N_P,"Patients who reported that NO, they were not given information about what to do during their recovery at home","No, staff ""did not"" give patients this information",Not Applicable,,8,,Not Applicable,482,,30,,10/01/2024,09/30/2025
390196,HOSPITAL OF THE FOX CHASE CANCER CENTER,333 COTTMAN AVENUE,PHILADELPHIA,PA,19111,PHILADELPHIA,(215) 728-2660,H_COMP_6_Y_P,"Patients who reported that YES, they were given information about what to do during their recovery at home","Yes, staff ""did"" give patients this information",Not Applicable,,92,,Not Applicable,482,,30,,10/01/2024,09/30/2025
390196,HOSPITAL OF THE FOX CHASE CANCER CENTER,333 COTTMAN AVENUE,PHILADELPHIA,PA,19111,PHILADELPHIA,(215) 728-2660,H_COMP_6_LINEAR_SCORE,Discharge information - linear mean score,Discharge information - linear mean score,Not Applicable,,Not Applicable,,92,482,,30,,10/01/2024,09/30/2025
390196,HOSPITAL OF THE FOX CHASE CANCER CENTER,333 COTTMAN AVENUE,PHILADELPHIA,PA,19111,PHILADELPHIA,(215) 728-2660,H_COMP_6_STAR_RATING,Discharge information - star rating,Discharge information - star rating,5,,Not Applicable,,Not Applicable,482,,30,,10/01/2024,09/30/2025
390196,HOSPITAL OF THE FOX CHASE CANCER CENTER,333 COTTMAN AVENUE,PHILADELPHIA,PA,19111,PHILADELPHIA,(215) 728-2660,H_DISCH_HELP_N_P,"Patients who reported that NO, they did not discuss whether they would need help after discharge","No, staff ""did not"" give patients information about help after discharge",Not Applicable,,9,,Not Applicable,482,,30,,10/01/2024,09/30/2025
390196,HOSPITAL OF THE FOX CHASE CANCER CENTER,333 COTTMAN AVENUE,PHILADELPHIA,PA,19111,PHILADELPHIA,(215) 728-2660,H_DISCH_HELP_Y_P,"Patients who reported that YES, they did discuss whether they would need help after discharge","Yes, staff ""did"" give patients information about help after discharge",Not Applicable,,91,,Not Applicable,482,,30,,10/01/2024,09/30/2025
390196,HOSPITAL OF THE FOX CHASE CANCER CENTER,333 COTTMAN AVENUE,PHILADELPHIA,PA,19111,PHILADELPHIA,(215) 728-2660,H_SYMPTOMS_N_P,"Patients who reported that NO, they did not receive written information about possible symptoms to look out for after discharge","No, staff ""did not"" give patients information about possible symptoms",Not Applicable,,8,,Not Applicable,482,,30,,10/01/2024,09/30/2025
390196,HOSPITAL OF THE FOX CHASE CANCER CENTER,333 COTTMAN AVENUE,PHILADELPHIA,PA,19111,PHILADELPHIA,(215) 728-2660,H_SYMPTOMS_Y_P,"Patients who reported that YES, they did receive written information about possible symptoms to look out for after discharge","Yes, staff ""did"" give patients information about possible symptoms",Not Applicable,,92,,Not Applicable,482,,30,,10/01/2024,09/30/2025
390196,HOSPITAL OF THE FOX CHASE CANCER CENTER,333 COTTMAN AVENUE,PHILADELPHIA,PA,19111,PHILADELPHIA,(215) 728-2660,H_CLEAN_HSP_A_P,"Patients who reported that their room and bathroom were ""Always"" clean","Room was ""always"" clean",Not Applicable,,67,,Not Applicable,482,,30,,10/01/2024,09/30/2025
390196,HOSPITAL OF THE FOX CHASE CANCER CENTER,333 COTTMAN AVENUE,PHILADELPHIA,PA,19111,PHILADELPHIA,(215) 728-2660,H_CLEAN_HSP_SN_P,"Patients who reported that their room and bathroom were ""Sometimes"" or ""Never"" clean","Room was ""sometimes"" or ""never"" clean",Not Applicable,,8,,Not Applicable,482,,30,,10/01/2024,09/30/2025
390196,HOSPITAL OF THE FOX CHASE CANCER CENTER,333 COTTMAN AVENUE,PHILADELPHIA,PA,19111,PHILADELPHIA,(215) 728-2660,H_CLEAN_HSP_U_P,"Patients who reported that their room and bathroom were ""Usually"" clean","Room was ""usually"" clean",Not Applicable,,25,,Not Applicable,482,,30,,10/01/2024,09/30/2025
390196,HOSPITAL OF THE FOX CHASE CANCER CENTER,333 COTTMAN AVENUE,PHILADELPHIA,PA,19111,PHILADELPHIA,(215) 728-2660,H_CLEAN_LINEAR_SCORE,Cleanliness - linear mean score,Cleanliness - linear mean score,Not Applicable,,Not Applicable,,86,482,,30,,10/01/2024,09/30/2025
390196,HOSPITAL OF THE FOX CHASE CANCER CENTER,333 COTTMAN AVENUE,PHILADELPHIA,PA,19111,PHILADELPHIA,(215) 728-2660,H_CLEAN_STAR_RATING,Cleanliness - star rating,Cleanliness - star rating,3,,Not Applicable,,Not Applicable,482,,30,,10/01/2024,09/30/2025
390196,HOSPITAL OF THE FOX CHASE CANCER CENTER,333 COTTMAN AVENUE,PHILADELPHIA,PA,19111,PHILADELPHIA,(215) 728-2660,H_QUIET_HSP_A_P,"Patients who reported that the area around their room was ""Always"" quiet at night","""Always"" quiet at night",Not Applicable,,39,,Not Applicable,482,,30,,10/01/2024,09/30/2025
390196,HOSPITAL OF THE FOX CHASE CANCER CENTER,333 COTTMAN AVENUE,PHILADELPHIA,PA,19111,PHILADELPHIA,(215) 728-2660,H_QUIET_HSP_SN_P,"Patients who reported that the area around their room was ""Sometimes"" or ""Never"" quiet at night","""Sometimes"" or ""never"" quiet at night",Not Applicable,,18,,Not Applicable,482,,30,,10/01/2024,09/30/2025
390196,HOSPITAL OF THE FOX CHASE CANCER CENTER,333 COTTMAN AVENUE,PHILADELPHIA,PA,19111,PHILADELPHIA,(215) 728-2660,H_QUIET_HSP_U_P,"Patients who reported that the area around their room was ""Usually"" quiet at night","""Usually"" quiet at night",Not Applicable,,43,,Not Applicable,482,,30,,10/01/2024,09/30/2025
390196,HOSPITAL OF THE FOX CHASE CANCER CENTER,333 COTTMAN AVENUE,PHILADELPHIA,PA,19111,PHILADELPHIA,(215) 728-2660,H_QUIET_LINEAR_SCORE,Quietness - linear mean score,Quietness - linear mean score,Not Applicable,,Not Applicable,,73,482,,30,,10/01/2024,09/30/2025
390196,HOSPITAL OF THE FOX CHASE CANCER CENTER,333 COTTMAN AVENUE,PHILADELPHIA,PA,19111,PHILADELPHIA,(215) 728-2660,H_QUIET_STAR_RATING,Quietness - star rating,Quietness - star rating,2,,Not Applicable,,Not Applicable,482,,30,,10/01/2024,09/30/2025
390196,HOSPITAL OF THE FOX CHASE CANCER CENTER,333 COTTMAN AVENUE,PHILADELPHIA,PA,19111,PHILADELPHIA,(215) 728-2660,H_HSP_RATING_0_6,Patients who gave their hospital a rating of 6 or lower on a scale from 0 (lowest) to 10 (highest),"Patients who gave a rating of ""6"" or lower (low)",Not Applicable,,6,,Not Applicable,482,,30,,10/01/2024,09/30/2025
390196,HOSPITAL OF THE FOX CHASE CANCER CENTER,333 COTTMAN AVENUE,PHILADELPHIA,PA,19111,PHILADELPHIA,(215) 728-2660,H_HSP_RATING_7_8,Patients who gave their hospital a rating of 7 or 8 on a scale from 0 (lowest) to 10 (highest),"Patients who gave a rating of ""7"" or ""8"" (medium)",Not Applicable,,17,,Not Applicable,482,,30,,10/01/2024,09/30/2025
390196,HOSPITAL OF THE FOX CHASE CANCER CENTER,333 COTTMAN AVENUE,PHILADELPHIA,PA,19111,PHILADELPHIA,(215) 728-2660,H_HSP_RATING_9_10,Patients who gave their hospital a rating of 9 or 10 on a scale from 0 (lowest) to 10 (highest),"Patients who gave a rating of ""9"" or ""10"" (high)",Not Applicable,,77,,Not Applicable,482,,30,,10/01/2024,09/30/2025
390196,HOSPITAL OF THE FOX CHASE CANCER CENTER,333 COTTMAN AVENUE,PHILADELPHIA,PA,19111,PHILADELPHIA,(215) 728-2660,H_HSP_RATING_LINEAR_SCORE,Overall hospital rating - linear mean score,Overall hospital rating - linear mean score,Not Applicable,,Not Applicable,,91,482,,30,,10/01/2024,09/30/2025
390196,HOSPITAL OF THE FOX CHASE CANCER CENTER,333 COTTMAN AVENUE,PHILADELPHIA,PA,19111,PHILADELPHIA,(215) 728-2660,H_HSP_RATING_STAR_RATING,Overall hospital rating - star rating,Overall hospital rating - star rating,4,,Not Applicable,,Not Applicable,482,,30,,10/01/2024,09/30/2025
390196,HOSPITAL OF THE FOX CHASE CANCER CENTER,333 COTTMAN AVENUE,PHILADELPHIA,PA,19111,PHILADELPHIA,(215) 728-2660,H_RECMND_DN,"Patients who reported NO, they would probably not or definitely not recommend the hospital","""NO"", patients would not recommend the hospital (they probably would not or definitely would not recommend it)",Not Applicable,,3,,Not Applicable,482,,30,,10/01/2024,09/30/2025
390196,HOSPITAL OF THE FOX CHASE CANCER CENTER,333 COTTMAN AVENUE,PHILADELPHIA,PA,19111,PHILADELPHIA,(215) 728-2660,H_RECMND_DY,"Patients who reported YES, they would definitely recommend the hospital","""YES"", patients would definitely recommend the hospital",Not Applicable,,82,,Not Applicable,482,,30,,10/01/2024,09/30/2025
390196,HOSPITAL OF THE FOX CHASE CANCER CENTER,333 COTTMAN AVENUE,PHILADELPHIA,PA,19111,PHILADELPHIA,(215) 728-2660,H_RECMND_PY,"Patients who reported YES, they would probably recommend the hospital","""YES"", patients would probably recommend the hospital",Not Applicable,,15,,Not Applicable,482,,30,,10/01/2024,09/30/2025
390196,HOSPITAL OF THE FOX CHASE CANCER CENTER,333 COTTMAN AVENUE,PHILADELPHIA,PA,19111,PHILADELPHIA,(215) 728-2660,H_RECMND_LINEAR_SCORE,Recommend hospital - linear mean score,Recommend hospital - linear mean score,Not Applicable,,Not Applicable,,93,482,,30,,10/01/2024,09/30/2025
390196,HOSPITAL OF THE FOX CHASE CANCER CENTER,333 COTTMAN AVENUE,PHILADELPHIA,PA,19111,PHILADELPHIA,(215) 728-2660,H_RECMND_STAR_RATING,Recommend hospital - star rating,Recommend hospital - star rating,5,,Not Applicable,,Not Applicable,482,,30,,10/01/2024,09/30/2025
390196,HOSPITAL OF THE FOX CHASE CANCER CENTER,333 COTTMAN AVENUE,PHILADELPHIA,PA,19111,PHILADELPHIA,(215) 728-2660,H_STAR_RATING,Summary star rating,Summary star rating,4,,Not Applicable,,Not Applicable,482,,30,,10/01/2024,09/30/2025
450076,"UNIVERSITY OF TEXAS M D ANDERSON CANCER CENTER,THE",1515 HOLCOMBE BLVD,HOUSTON,TX,77030,HARRIS,(713) 792-2121,H_COMP_1_A_P,"Patients who reported that their nurses ""Always"" communicated well","Nurses ""always"" communicated well",Not Applicable,,84,,Not Applicable,1959,,22,,10/01/2024,09/30/2025
450076,"UNIVERSITY OF TEXAS M D ANDERSON CANCER CENTER,THE",1515 HOLCOMBE BLVD,HOUSTON,TX,77030,HARRIS,(713) 792-2121,H_COMP_1_SN_P,"Patients who reported that their nurses ""Sometimes"" or ""Never"" communicated well","Nurses ""sometimes"" or ""never"" communicated well",Not Applicable,,2,,Not Applicable,1959,,22,,10/01/2024,09/30/2025
450076,"UNIVERSITY OF TEXAS M D ANDERSON CANCER CENTER,THE",1515 HOLCOMBE BLVD,HOUSTON,TX,77030,HARRIS,(713) 792-2121,H_COMP_1_U_P,"Patients who reported that their nurses ""Usually"" communicated well","Nurses ""usually"" communicated well",Not Applicable,,14,,Not Applicable,1959,,22,,10/01/2024,09/30/2025
450076,"UNIVERSITY OF TEXAS M D ANDERSON CANCER CENTER,THE",1515 HOLCOMBE BLVD,HOUSTON,TX,77030,HARRIS,(713) 792-2121,H_COMP_1_LINEAR_SCORE,Nurse communication - linear mean score,Nurse communication - linear mean score,Not Applicable,,Not Applicable,,94,1959,,22,,10/01/2024,09/30/2025
450076,"UNIVERSITY OF TEXAS M D ANDERSON CANCER CENTER,THE",1515 HOLCOMBE BLVD,HOUSTON,TX,77030,HARRIS,(713) 792-2121,H_COMP_1_STAR_RATING,Nurse communication - star rating,Nurse communication - star rating,5,,Not Applicable,,Not Applicable,1959,,22,,10/01/2024,09/30/2025
450076,"UNIVERSITY OF TEXAS M D ANDERSON CANCER CENTER,THE",1515 HOLCOMBE BLVD,HOUSTON,TX,77030,HARRIS,(713) 792-2121,H_NURSE_RESPECT_A_P,"Patients who reported that their nurses ""Always"" treated them with courtesy and respect","Nurses ""always"" treated them with courtesy and  respect",Not Applicable,,91,,Not Applicable,1959,,22,,10/01/2024,09/30/2025
450076,"UNIVERSITY OF TEXAS M D ANDERSON CANCER CENTER,THE",1515 HOLCOMBE BLVD,HOUSTON,TX,77030,HARRIS,(713) 792-2121,H_NURSE_RESPECT_SN_P,"Patients who reported that their nurses ""Sometimes"" or ""Never""  treated them with courtesy and respect","Nurses ""sometimes"" or ""never"" treated them with courtesy and  respect",Not Applicable,,1,,Not Applicable,1959,,22,,10/01/2024,09/30/2025
450076,"UNIVERSITY OF TEXAS M D ANDERSON CANCER CENTER,THE",1515 HOLCOMBE BLVD,HOUSTON,TX,77030,HARRIS,(713) 792-2121,H_NURSE_RESPECT_U_P,"Patients who reported that their nurses ""Usually""  treated them with courtesy and respect","Nurses ""usually""  treated them with courtesy and  respect",Not Applicable,,8,,Not Applicable,1959,,22,,10/01/2024,09/30/2025
450076,"UNIVERSITY OF TEXAS M D ANDERSON CANCER CENTER,THE",1515 HOLCOMBE BLVD,HOUSTON,TX,77030,HARRIS,(713) 792-2121,H_NURSE_LISTEN_A_P,"Patients who reported that their nurses ""Always"" listened carefully to them","Nurses ""always"" listened carefully",Not Applicable,,82,,Not Applicable,1959,,22,,10/01/2024,09/30/2025
450076,"UNIVERSITY OF TEXAS M D ANDERSON CANCER CENTER,THE",1515 HOLCOMBE BLVD,HOUSTON,TX,77030,HARRIS,(713) 792-2121,H_NURSE_LISTEN_SN_P,"Patients who reported that their nurses ""Sometimes"" or ""Never"" listened carefully to them","Nurses ""sometimes"" or ""never"" listened carefully",Not Applicable,,1,,Not Applicable,1959,,22,,10/01/2024,09/30/2025
450076,"UNIVERSITY OF TEXAS M D ANDERSON CANCER CENTER,THE",1515 HOLCOMBE BLVD,HOUSTON,TX,77030,HARRIS,(713) 792-2121,H_NURSE_LISTEN_U_P,"Patients who reported that their nurses ""Usually"" listened carefully to them","Nurses ""usually"" listened carefully",Not Applicable,,17,,Not Applicable,1959,,22,,10/01/2024,09/30/2025
450076,"UNIVERSITY OF TEXAS M D ANDERSON CANCER CENTER,THE",1515 HOLCOMBE BLVD,HOUSTON,TX,77030,HARRIS,(713) 792-2121,H_NURSE_EXPLAIN_A_P,"Patients who reported that their nurses ""Always"" explained things in a way they could understand","Nurses ""always"" explained things so they could understand",Not Applicable,,79,,Not Applicable,1959,,22,,10/01/2024,09/30/2025
450076,"UNIVERSITY OF TEXAS M D ANDERSON CANCER CENTER,THE",1515 HOLCOMBE BLVD,HOUSTON,TX,77030,HARRIS,(713) 792-2121,H_NURSE_EXPLAIN_SN_P,"Patients who reported that their nurses ""Sometimes"" or ""Never"" explained things in a way they could understand","Nurses ""sometimes"" or ""never"" explained things so they could understand",Not Applicable,,3,,Not Applicable,1959,,22,,10/01/2024,09/30/2025
450076,"UNIVERSITY OF TEXAS M D ANDERSON CANCER CENTER,THE",1515 HOLCOMBE BLVD,HOUSTON,TX,77030,HARRIS,(713) 792-2121,H_NURSE_EXPLAIN_U_P,"Patients who reported that their nurses ""Usually"" explained things in a way they could understand","Nurses ""usually"" explained things so they could understand",Not Applicable,,18,,Not Applicable,1959,,22,,10/01/2024,09/30/2025
450076,"UNIVERSITY OF TEXAS M D ANDERSON CANCER CENTER,THE",1515 HOLCOMBE BLVD,HOUSTON,TX,77030,HARRIS,(713) 792-2121,H_COMP_2_A_P,"Patients who reported that their doctors ""Always"" communicated well","Doctors ""always"" communicated well",Not Applicable,,86,,Not Applicable,1959,,22,,10/01/2024,09/30/2025
450076,"UNIVERSITY OF TEXAS M D ANDERSON CANCER CENTER,THE",1515 HOLCOMBE BLVD,HOUSTON,TX,77030,HARRIS,(713) 792-2121,H_COMP_2_SN_P,"Patients who reported that their doctors ""Sometimes"" or ""Never"" communicated well","Doctors ""sometimes"" or ""never"" communicated well",Not Applicable,,3,,Not Applicable,1959,,22,,10/01/2024,09/30/2025
450076,"UNIVERSITY OF TEXAS M D ANDERSON CANCER CENTER,THE",1515 HOLCOMBE BLVD,HOUSTON,TX,77030,HARRIS,(713) 792-2121,H_COMP_2_U_P,"Patients who reported that their doctors ""Usually"" communicated well","Doctors ""usually"" communicated well",Not Applicable,,11,,Not Applicable,1959,,22,,10/01/2024,09/30/2025
450076,"UNIVERSITY OF TEXAS M D ANDERSON CANCER CENTER,THE",1515 HOLCOMBE BLVD,HOUSTON,TX,77030,HARRIS,(713) 792-2121,H_COMP_2_LINEAR_SCORE,Doctor communication - linear mean score,Doctor communication - linear mean score,Not Applicable,,Not Applicable,,94,1959,,22,,10/01/2024,09/30/2025
450076,"UNIVERSITY OF TEXAS M D ANDERSON CANCER CENTER,THE",1515 HOLCOMBE BLVD,HOUSTON,TX,77030,HARRIS,(713) 792-2121,H_COMP_2_STAR_RATING,Doctor communication - star rating,Doctor communication - star rating,4,,Not Applicable,,Not Applicable,1959,,22,,10/01/2024,09/30/2025
450076,"UNIVERSITY OF TEXAS M D ANDERSON CANCER CENTER,THE",1515 HOLCOMBE BLVD,HOUSTON,TX,77030,HARRIS,(713) 792-2121,H_DOCTOR_RESPECT_A_P,"Patients who reported that their doctors ""Always"" treated them with courtesy and respect","Doctors ""always"" treated them with courtesy and  respect",Not Applicable,,92,,Not Applicable,1959,,22,,10/01/2024,09/30/2025
450076,"UNIVERSITY OF TEXAS M D ANDERSON CANCER CENTER,THE",1515 HOLCOMBE BLVD,HOUSTON,TX,77030,HARRIS,(713) 792-2121,H_DOCTOR_RESPECT_SN_P,"Patients who reported that their doctors ""Sometimes"" or ""Never""  treated them with courtesy and respect","Doctors ""sometimes"" or ""never"" treated them with courtesy and  respect",Not Applicable,,2,,Not Applicable,1959,,22,,10/01/2024,09/30/2025
450076,"UNIVERSITY OF TEXAS M D ANDERSON CANCER CENTER,THE",1515 HOLCOMBE BLVD,HOUSTON,TX,77030,HARRIS,(713) 792-2121,H_DOCTOR_RESPECT_U_P,"Patients who reported that their doctors ""Usually""  treated them with courtesy and respect","Doctors ""usually""  treated them with courtesy and  respect",Not Applicable,,6,,Not Applicable,1959,,22,,10/01/2024,09/30/2025
450076,"UNIVERSITY OF TEXAS M D ANDERSON CANCER CENTER,THE",1515 HOLCOMBE BLVD,HOUSTON,TX,77030,HARRIS,(713) 792-2121,H_DOCTOR_LISTEN_A_P,"Patients who reported that their doctors ""Always"" listened carefully to them","Doctors ""always"" listened carefully",Not Applicable,,86,,Not Applicable,1959,,22,,10/01/2024,09/30/2025
450076,"UNIVERSITY OF TEXAS M D ANDERSON CANCER CENTER,THE",1515 HOLCOMBE BLVD,HOUSTON,TX,77030,HARRIS,(713) 792-2121,H_DOCTOR_LISTEN_SN_P,"Patients who reported that their doctors ""Sometimes"" or ""Never"" listened carefully to them","Doctors ""sometimes"" or ""never"" listened carefully",Not Applicable,,3,,Not Applicable,1959,,22,,10/01/2024,09/30/2025
450076,"UNIVERSITY OF TEXAS M D ANDERSON CANCER CENTER,THE",1515 HOLCOMBE BLVD,HOUSTON,TX,77030,HARRIS,(713) 792-2121,H_DOCTOR_LISTEN_U_P,"Patients who reported that their doctors ""Usually"" listened carefully to them","Doctors ""usually"" listened carefully",Not Applicable,,11,,Not Applicable,1959,,22,,10/01/2024,09/30/2025
450076,"UNIVERSITY OF TEXAS M D ANDERSON CANCER CENTER,THE",1515 HOLCOMBE BLVD,HOUSTON,TX,77030,HARRIS,(713) 792-2121,H_DOCTOR_EXPLAIN_A_P,"Patients who reported that their doctors ""Always"" explained things in a way they could understand","Doctors ""always"" explained things so they could understand",Not Applicable,,80,,Not Applicable,1959,,22,,10/01/2024,09/30/2025
450076,"UNIVERSITY OF TEXAS M D ANDERSON CANCER CENTER,THE",1515 HOLCOMBE BLVD,HOUSTON,TX,77030,HARRIS,(713) 792-2121,H_DOCTOR_EXPLAIN_SN_P,"Patients who reported that their doctors ""Sometimes"" or ""Never"" explained things in a way they could understand","Doctors ""sometimes"" or ""never"" explained things so they could understand",Not Applicable,,5,,Not Applicable,1959,,22,,10/01/2024,09/30/2025
450076,"UNIVERSITY OF TEXAS M D ANDERSON CANCER CENTER,THE",1515 HOLCOMBE BLVD,HOUSTON,TX,77030,HARRIS,(713) 792-2121,H_DOCTOR_EXPLAIN_U_P,"Patients who reported that their doctors ""Usually"" explained things in a way they could understand","Doctors ""usually"" explained things so they could understand",Not Applicable,,15,,Not Applicable,1959,,22,,10/01/2024,09/30/2025
450076,"UNIVERSITY OF TEXAS M D ANDERSON CANCER CENTER,THE",1515 HOLCOMBE BLVD,HOUSTON,TX,77030,HARRIS,(713) 792-2121,H_COMP_5_A_P,"Patients who reported that staff ""Always"" explained about medicines before giving it to them","Staff ""always"" explained",Not Applicable,,68,,Not Applicable,1959,,22,,10/01/2024,09/30/2025
450076,"UNIVERSITY OF TEXAS M D ANDERSON CANCER CENTER,THE",1515 HOLCOMBE BLVD,HOUSTON,TX,77030,HARRIS,(713) 792-2121,H_COMP_5_SN_P,"Patients who reported that staff ""Sometimes"" or ""Never"" explained about medicines before giving it to them","Staff ""sometimes"" or ""never"" explained",Not Applicable,,13,,Not Applicable,1959,,22,,10/01/2024,09/30/2025
450076,"UNIVERSITY OF TEXAS M D ANDERSON CANCER CENTER,THE",1515 HOLCOMBE BLVD,HOUSTON,TX,77030,HARRIS,(713) 792-2121,H_COMP_5_U_P,"Patients who reported that staff ""Usually"" explained about medicines before giving it to them","Staff ""usually"" explained",Not Applicable,,19,,Not Applicable,1959,,22,,10/01/2024,09/30/2025
450076,"UNIVERSITY OF TEXAS M D ANDERSON CANCER CENTER,THE",1515 HOLCOMBE BLVD,HOUSTON,TX,77030,HARRIS,(713) 792-2121,H_COMP_5_LINEAR_SCORE,Communication about medicines - linear mean score,Communication about medicines - linear mean score,Not Applicable,,Not Applicable,,84,1959,,22,,10/01/2024,09/30/2025
450076,"UNIVERSITY OF TEXAS M D ANDERSON CANCER CENTER,THE",1515 HOLCOMBE BLVD,HOUSTON,TX,77030,HARRIS,(713) 792-2121,H_COMP_5_STAR_RATING,Communication about medicines - star rating,Communication about medicines - star rating,4,,Not Applicable,,Not Applicable,1959,,22,,10/01/2024,09/30/2025
450076,"UNIVERSITY OF TEXAS M D ANDERSON CANCER CENTER,THE",1515 HOLCOMBE BLVD,HOUSTON,TX,77030,HARRIS,(713) 792-2121,H_MED_FOR_A_P,"Patients who reported that when receiving new medication the staff ""Always"" communicated what the medication was for","Staff ""always"" explained new medications",Not Applicable,,82,,Not Applicable,1959,,22,,10/01/2024,09/30/2025
450076,"UNIVERSITY OF TEXAS M D ANDERSON CANCER CENTER,THE",1515 HOLCOMBE BLVD,HOUSTON,TX,77030,HARRIS,(713) 792-2121,H_MED_FOR_SN_P,"Patients who reported that when receiving new medication the staff ""Sometimes"" or ""Never"" communicated what the medication was for","Staff ""sometimes"" or ""never"" explained new medications",Not Applicable,,5,,Not Applicable,1959,,22,,10/01/2024,09/30/2025
450076,"UNIVERSITY OF TEXAS M D ANDERSON CANCER CENTER,THE",1515 HOLCOMBE BLVD,HOUSTON,TX,77030,HARRIS,(713) 792-2121,H_MED_FOR_U_P,"Patients who reported that when receiving new medication the staff ""Usually"" communicated what the medication was for.","Staff ""usually"" explained new medications",Not Applicable,,13,,Not Applicable,1959,,22,,10/01/2024,09/30/2025
450076,"UNIVERSITY OF TEXAS M D ANDERSON CANCER CENTER,THE",1515 HOLCOMBE BLVD,HOUSTON,TX,77030,HARRIS,(713) 792-2121,H_SIDE_EFFECTS_A_P,"Patients who reported that when receiving new medication the staff ""Always"" discussed possible side effects","Staff ""always"" explained possible side effects",Not Applicable,,55,,Not Applicable,1959,,22,,10/01/2024,09/30/2025
450076,"UNIVERSITY OF TEXAS M D ANDERSON CANCER CENTER,THE",1515 HOLCOMBE BLVD,HOUSTON,TX,77030,HARRIS,(713) 792-2121,H_SIDE_EFFECTS_SN_P,"Patients who reported that when receiving new medication the staff ""Sometimes"" or ""Never"" discussed possible side effects","Staff ""sometimes"" or ""never"" explained possible side effects",Not Applicable,,22,,Not Applicable,1959,,22,,10/01/2024,09/30/2025
450076,"UNIVERSITY OF TEXAS M D ANDERSON CANCER CENTER,THE",1515 HOLCOMBE BLVD,HOUSTON,TX,77030,HARRIS,(713) 792-2121,H_SIDE_EFFECTS_U_P,"Patients who reported that when receiving new medication the staff ""Usually"" discussed possible side effects","Staff ""usually"" explained possible side effects",Not Applicable,,23,,Not Applicable,1959,,22,,10/01/2024,09/30/2025
450076,"UNIVERSITY OF TEXAS M D ANDERSON CANCER CENTER,THE",1515 HOLCOMBE BLVD,HOUSTON,TX,77030,HARRIS,(713) 792-2121,H_COMP_6_N_P,"Patients who reported that NO, they were not given information about what to do during their recovery at home","No, staff ""did not"" give patients this information",Not Applicable,,8,,Not Applicable,1959,,22,,10/01/2024,09/30/2025
450076,"UNIVERSITY OF TEXAS M D ANDERSON CANCER CENTER,THE",1515 HOLCOMBE BLVD,HOUSTON,TX,77030,HARRIS,(713) 792-2121,H_COMP_6_Y_P,"Patients who reported that YES, they were given information about what to do during their recovery at home","Yes, staff ""did"" give patients this information",Not Applicable,,92,,Not Applicable,1959,,22,,10/01/2024,09/30/2025
450076,"UNIVERSITY OF TEXAS M D ANDERSON CANCER CENTER,THE",1515 HOLCOMBE BLVD,HOUSTON,TX,77030,HARRIS,(713) 792-2121,H_COMP_6_LINEAR_SCORE,Discharge information - linear mean score,Discharge information - linear mean score,Not Applicable,,Not Applicable,,92,1959,,22,,10/01/2024,09/30/2025
450076,"UNIVERSITY OF TEXAS M D ANDERSON CANCER CENTER,THE",1515 HOLCOMBE BLVD,HOUSTON,TX,77030,HARRIS,(713) 792-2121,H_COMP_6_STAR_RATING,Discharge information - star rating,Discharge information - star rating,5,,Not Applicable,,Not Applicable,1959,,22,,10/01/2024,09/30/2025
450076,"UNIVERSITY OF TEXAS M D ANDERSON CANCER CENTER,THE",1515 HOLCOMBE BLVD,HOUSTON,TX,77030,HARRIS,(713) 792-2121,H_DISCH_HELP_N_P,"Patients who reported that NO, they did not discuss whether they would need help after discharge","No, staff ""did not"" give patients information about help after discharge",Not Applicable,,7,,Not Applicable,1959,,22,,10/01/2024,09/30/2025
450076,"UNIVERSITY OF TEXAS M D ANDERSON CANCER CENTER,THE",1515 HOLCOMBE BLVD,HOUSTON,TX,77030,HARRIS,(713) 792-2121,H_DISCH_HELP_Y_P,"Patients who reported that YES, they did discuss whether they would need help after discharge","Yes, staff ""did"" give patients information about help after discharge",Not Applicable,,93,,Not Applicable,1959,,22,,10/01/2024,09/30/2025
450076,"UNIVERSITY OF TEXAS M D ANDERSON CANCER CENTER,THE",1515 HOLCOMBE BLVD,HOUSTON,TX,77030,HARRIS,(713) 792-2121,H_SYMPTOMS_N_P,"Patients who reported that NO, they did not receive written information about possible symptoms to look out for after discharge","No, staff ""did not"" give patients information about possible symptoms",Not Applicable,,8,,Not Applicable,1959,,22,,10/01/2024,09/30/2025
450076,"UNIVERSITY OF TEXAS M D ANDERSON CANCER CENTER,THE",1515 HOLCOMBE BLVD,HOUSTON,TX,77030,HARRIS,(713) 792-2121,H_SYMPTOMS_Y_P,"Patients who reported that YES, they did receive written information about possible symptoms to look out for after discharge","Yes, staff ""did"" give patients information about possible symptoms",Not Applicable,,92,,Not Applicable,1959,,22,,10/01/2024,09/30/2025
450076,"UNIVERSITY OF TEXAS M D ANDERSON CANCER CENTER,THE",1515 HOLCOMBE BLVD,HOUSTON,TX,77030,HARRIS,(713) 792-2121,H_CLEAN_HSP_A_P,"Patients who reported that their room and bathroom were ""Always"" clean","Room was ""always"" clean",Not Applicable,,76,,Not Applicable,1959,,22,,10/01/2024,09/30/2025
450076,"UNIVERSITY OF TEXAS M D ANDERSON CANCER CENTER,THE",1515 HOLCOMBE BLVD,HOUSTON,TX,77030,HARRIS,(713) 792-2121,H_CLEAN_HSP_SN_P,"Patients who reported that their room and bathroom were ""Sometimes"" or ""Never"" clean","Room was ""sometimes"" or ""never"" clean",Not Applicable,,4,,Not Applicable,1959,,22,,10/01/2024,09/30/2025
450076,"UNIVERSITY OF TEXAS M D ANDERSON CANCER CENTER,THE",1515 HOLCOMBE BLVD,HOUSTON,TX,77030,HARRIS,(713) 792-2121,H_CLEAN_HSP_U_P,"Patients who reported that their room and bathroom were ""Usually"" clean","Room was ""usually"" clean",Not Applicable,,20,,Not Applicable,1959,,22,,10/01/2024,09/30/2025
450076,"UNIVERSITY OF TEXAS M D ANDERSON CANCER CENTER,THE",1515 HOLCOMBE BLVD,HOUSTON,TX,77030,HARRIS,(713) 792-2121,H_CLEAN_LINEAR_SCORE,Cleanliness - linear mean score,Cleanliness - linear mean score,Not Applicable,,Not Applicable,,90,1959,,22,,10/01/2024,09/30/2025
450076,"UNIVERSITY OF TEXAS M D ANDERSON CANCER CENTER,THE",1515 HOLCOMBE BLVD,HOUSTON,TX,77030,HARRIS,(713) 792-2121,H_CLEAN_STAR_RATING,Cleanliness - star rating,Cleanliness - star rating,4,,Not Applicable,,Not Applicable,1959,,22,,10/01/2024,09/30/2025
450076,"UNIVERSITY OF TEXAS M D ANDERSON CANCER CENTER,THE",1515 HOLCOMBE BLVD,HOUSTON,TX,77030,HARRIS,(713) 792-2121,H_QUIET_HSP_A_P,"Patients who reported that the area around their room was ""Always"" quiet at night","""Always"" quiet at night",Not Applicable,,68,,Not Applicable,1959,,22,,10/01/2024,09/30/2025
450076,"UNIVERSITY OF TEXAS M D ANDERSON CANCER CENTER,THE",1515 HOLCOMBE BLVD,HOUSTON,TX,77030,HARRIS,(713) 792-2121,H_QUIET_HSP_SN_P,"Patients who reported that the area around their room was ""Sometimes"" or ""Never"" quiet at night","""Sometimes"" or ""never"" quiet at night",Not Applicable,,5,,Not Applicable,1959,,22,,10/01/2024,09/30/2025
450076,"UNIVERSITY OF TEXAS M D ANDERSON CANCER CENTER,THE",1515 HOLCOMBE BLVD,HOUSTON,TX,77030,HARRIS,(713) 792-2121,H_QUIET_HSP_U_P,"Patients who reported that the area around their room was ""Usually"" quiet at night","""Usually"" quiet at night",Not Applicable,,27,,Not Applicable,1959,,22,,10/01/2024,09/30/2025
450076,"UNIVERSITY OF TEXAS M D ANDERSON CANCER CENTER,THE",1515 HOLCOMBE BLVD,HOUSTON,TX,77030,HARRIS,(713) 792-2121,H_QUIET_LINEAR_SCORE,Quietness - linear mean score,Quietness - linear mean score,Not Applicable,,Not Applicable,,87,1959,,22,,10/01/2024,09/30/2025
450076,"UNIVERSITY OF TEXAS M D ANDERSON CANCER CENTER,THE",1515 HOLCOMBE BLVD,HOUSTON,TX,77030,HARRIS,(713) 792-2121,H_QUIET_STAR_RATING,Quietness - star rating,Quietness - star rating,4,,Not Applicable,,Not Applicable,1959,,22,,10/01/2024,09/30/2025
450076,"UNIVERSITY OF TEXAS M D ANDERSON CANCER CENTER,THE",1515 HOLCOMBE BLVD,HOUSTON,TX,77030,HARRIS,(713) 792-2121,H_HSP_RATING_0_6,Patients who gave their hospital a rating of 6 or lower on a scale from 0 (lowest) to 10 (highest),"Patients who gave a rating of ""6"" or lower (low)",Not Applicable,,3,,Not Applicable,1959,,22,,10/01/2024,09/30/2025
450076,"UNIVERSITY OF TEXAS M D ANDERSON CANCER CENTER,THE",1515 HOLCOMBE BLVD,HOUSTON,TX,77030,HARRIS,(713) 792-2121,H_HSP_RATING_7_8,Patients who gave their hospital a rating of 7 or 8 on a scale from 0 (lowest) to 10 (highest),"Patients who gave a rating of ""7"" or ""8"" (medium)",Not Applicable,,8,,Not Applicable,1959,,22,,10/01/2024,09/30/2025
450076,"UNIVERSITY OF TEXAS M D ANDERSON CANCER CENTER,THE",1515 HOLCOMBE BLVD,HOUSTON,TX,77030,HARRIS,(713) 792-2121,H_HSP_RATING_9_10,Patients who gave their hospital a rating of 9 or 10 on a scale from 0 (lowest) to 10 (highest),"Patients who gave a rating of ""9"" or ""10"" (high)",Not Applicable,,89,,Not Applicable,1959,,22,,10/01/2024,09/30/2025
450076,"UNIVERSITY OF TEXAS M D ANDERSON CANCER CENTER,THE",1515 HOLCOMBE BLVD,HOUSTON,TX,77030,HARRIS,(713) 792-2121,H_HSP_RATING_LINEAR_SCORE,Overall hospital rating - linear mean score,Overall hospital rating - linear mean score,Not Applicable,,Not Applicable,,95,1959,,22,,10/01/2024,09/30/2025
450076,"UNIVERSITY OF TEXAS M D ANDERSON CANCER CENTER,THE",1515 HOLCOMBE BLVD,HOUSTON,TX,77030,HARRIS,(713) 792-2121,H_HSP_RATING_STAR_RATING,Overall hospital rating - star rating,Overall hospital rating - star rating,5,,Not Applicable,,Not Applicable,1959,,22,,10/01/2024,09/30/2025
450076,"UNIVERSITY OF TEXAS M D ANDERSON CANCER CENTER,THE",1515 HOLCOMBE BLVD,HOUSTON,TX,77030,HARRIS,(713) 792-2121,H_RECMND_DN,"Patients who reported NO, they would probably not or definitely not recommend the hospital","""NO"", patients would not recommend the hospital (they probably would not or definitely would not recommend it)",Not Applicable,,0,,Not Applicable,1959,,22,,10/01/2024,09/30/2025
450076,"UNIVERSITY OF TEXAS M D ANDERSON CANCER CENTER,THE",1515 HOLCOMBE BLVD,HOUSTON,TX,77030,HARRIS,(713) 792-2121,H_RECMND_DY,"Patients who reported YES, they would definitely recommend the hospital","""YES"", patients would definitely recommend the hospital",Not Applicable,,91,,Not Applicable,1959,,22,,10/01/2024,09/30/2025
450076,"UNIVERSITY OF TEXAS M D ANDERSON CANCER CENTER,THE",1515 HOLCOMBE BLVD,HOUSTON,TX,77030,HARRIS,(713) 792-2121,H_RECMND_PY,"Patients who reported YES, they would probably recommend the hospital","""YES"", patients would probably recommend the hospital",Not Applicable,,9,,Not Applicable,1959,,22,,10/01/2024,09/30/2025
450076,"UNIVERSITY OF TEXAS M D ANDERSON CANCER CENTER,THE",1515 HOLCOMBE BLVD,HOUSTON,TX,77030,HARRIS,(713) 792-2121,H_RECMND_LINEAR_SCORE,Recommend hospital - linear mean score,Recommend hospital - linear mean score,Not Applicable,,Not Applicable,,97,1959,,22,,10/01/2024,09/30/2025
450076,"UNIVERSITY OF TEXAS M D ANDERSON CANCER CENTER,THE",1515 HOLCOMBE BLVD,HOUSTON,TX,77030,HARRIS,(713) 792-2121,H_RECMND_STAR_RATING,Recommend hospital - star rating,Recommend hospital - star rating,5,,Not Applicable,,Not Applicable,1959,,22,,10/01/2024,09/30/2025
450076,"UNIVERSITY OF TEXAS M D ANDERSON CANCER CENTER,THE",1515 HOLCOMBE BLVD,HOUSTON,TX,77030,HARRIS,(713) 792-2121,H_STAR_RATING,Summary star rating,Summary star rating,5,,Not Applicable,,Not Applicable,1959,,22,,10/01/2024,09/30/2025
500138,FRED HUTCHINSON CANCER INSTITUTE,825 EASTLAKE AVENUE EAST,SEATTLE,WA,98109,KING,(206) 667-5000,H_COMP_1_A_P,"Patients who reported that their nurses ""Always"" communicated well","Nurses ""always"" communicated well",Not Applicable,,86,6,Not Applicable,99,6,22,6,10/01/2024,09/30/2025
500138,FRED HUTCHINSON CANCER INSTITUTE,825 EASTLAKE AVENUE EAST,SEATTLE,WA,98109,KING,(206) 667-5000,H_COMP_1_SN_P,"Patients who reported that their nurses ""Sometimes"" or ""Never"" communicated well","Nurses ""sometimes"" or ""never"" communicated well",Not Applicable,,0,6,Not Applicable,99,6,22,6,10/01/2024,09/30/2025
500138,FRED HUTCHINSON CANCER INSTITUTE,825 EASTLAKE AVENUE EAST,SEATTLE,WA,98109,KING,(206) 667-5000,H_COMP_1_U_P,"Patients who reported that their nurses ""Usually"" communicated well","Nurses ""usually"" communicated well",Not Applicable,,14,6,Not Applicable,99,6,22,6,10/01/2024,09/30/2025
500138,FRED HUTCHINSON CANCER INSTITUTE,825 EASTLAKE AVENUE EAST,SEATTLE,WA,98109,KING,(206) 667-5000,H_COMP_1_LINEAR_SCORE,Nurse communication - linear mean score,Nurse communication - linear mean score,Not Applicable,,Not Applicable,,Not Available,99,6,22,6,10/01/2024,09/30/2025
500138,FRED HUTCHINSON CANCER INSTITUTE,825 EASTLAKE AVENUE EAST,SEATTLE,WA,98109,KING,(206) 667-5000,H_COMP_1_STAR_RATING,Nurse communication - star rating,Nurse communication - star rating,Not Available,15,Not Applicable,,Not Applicable,99,6,22,6,10/01/2024,09/30/2025
500138,FRED HUTCHINSON CANCER INSTITUTE,825 EASTLAKE AVENUE EAST,SEATTLE,WA,98109,KING,(206) 667-5000,H_NURSE_RESPECT_A_P,"Patients who reported that their nurses ""Always"" treated them with courtesy and respect","Nurses ""always"" treated them with courtesy and  respect",Not Applicable,,88,6,Not Applicable,99,6,22,6,10/01/2024,09/30/2025
500138,FRED HUTCHINSON CANCER INSTITUTE,825 EASTLAKE AVENUE EAST,SEATTLE,WA,98109,KING,(206) 667-5000,H_NURSE_RESPECT_SN_P,"Patients who reported that their nurses ""Sometimes"" or ""Never""  treated them with courtesy and respect","Nurses ""sometimes"" or ""never"" treated them with courtesy and  respect",Not Applicable,,0,6,Not Applicable,99,6,22,6,10/01/2024,09/30/2025
500138,FRED HUTCHINSON CANCER INSTITUTE,825 EASTLAKE AVENUE EAST,SEATTLE,WA,98109,KING,(206) 667-5000,H_NURSE_RESPECT_U_P,"Patients who reported that their nurses ""Usually""  treated them with courtesy and respect","Nurses ""usually""  treated them with courtesy and  respect",Not Applicable,,12,6,Not Applicable,99,6,22,6,10/01/2024,09/30/2025
500138,FRED HUTCHINSON CANCER INSTITUTE,825 EASTLAKE AVENUE EAST,SEATTLE,WA,98109,KING,(206) 667-5000,H_NURSE_LISTEN_A_P,"Patients who reported that their nurses ""Always"" listened carefully to them","Nurses ""always"" listened carefully",Not Applicable,,90,6,Not Applicable,99,6,22,6,10/01/2024,09/30/2025
500138,FRED HUTCHINSON CANCER INSTITUTE,825 EASTLAKE AVENUE EAST,SEATTLE,WA,98109,KING,(206) 667-5000,H_NURSE_LISTEN_SN_P,"Patients who reported that their nurses ""Sometimes"" or ""Never"" listened carefully to them","Nurses ""sometimes"" or ""never"" listened carefully",Not Applicable,,0,6,Not Applicable,99,6,22,6,10/01/2024,09/30/2025
500138,FRED HUTCHINSON CANCER INSTITUTE,825 EASTLAKE AVENUE EAST,SEATTLE,WA,98109,KING,(206) 667-5000,H_NURSE_LISTEN_U_P,"Patients who reported that their nurses ""Usually"" listened carefully to them","Nurses ""usually"" listened carefully",Not Applicable,,10,6,Not Applicable,99,6,22,6,10/01/2024,09/30/2025
500138,FRED HUTCHINSON CANCER INSTITUTE,825 EASTLAKE AVENUE EAST,SEATTLE,WA,98109,KING,(206) 667-5000,H_NURSE_EXPLAIN_A_P,"Patients who reported that their nurses ""Always"" explained things in a way they could understand","Nurses ""always"" explained things so they could understand",Not Applicable,,80,6,Not Applicable,99,6,22,6,10/01/2024,09/30/2025
500138,FRED HUTCHINSON CANCER INSTITUTE,825 EASTLAKE AVENUE EAST,SEATTLE,WA,98109,KING,(206) 667-5000,H_NURSE_EXPLAIN_SN_P,"Patients who reported that their nurses ""Sometimes"" or ""Never"" explained things in a way they could understand","Nurses ""sometimes"" or ""never"" explained things so they could understand",Not Applicable,,1,6,Not Applicable,99,6,22,6,10/01/2024,09/30/2025
500138,FRED HUTCHINSON CANCER INSTITUTE,825 EASTLAKE AVENUE EAST,SEATTLE,WA,98109,KING,(206) 667-5000,H_NURSE_EXPLAIN_U_P,"Patients who reported that their nurses ""Usually"" explained things in a way they could understand","Nurses ""usually"" explained things so they could understand",Not Applicable,,19,6,Not Applicable,99,6,22,6,10/01/2024,09/30/2025
500138,FRED HUTCHINSON CANCER INSTITUTE,825 EASTLAKE AVENUE EAST,SEATTLE,WA,98109,KING,(206) 667-5000,H_COMP_2_A_P,"Patients who reported that their doctors ""Always"" communicated well","Doctors ""always"" communicated well",Not Applicable,,86,6,Not Applicable,99,6,22,6,10/01/2024,09/30/2025
500138,FRED HUTCHINSON CANCER INSTITUTE,825 EASTLAKE AVENUE EAST,SEATTLE,WA,98109,KING,(206) 667-5000,H_COMP_2_SN_P,"Patients who reported that their doctors ""Sometimes"" or ""Never"" communicated well","Doctors ""sometimes"" or ""never"" communicated well",Not Applicable,,0,6,Not Applicable,99,6,22,6,10/01/2024,09/30/2025
500138,FRED HUTCHINSON CANCER INSTITUTE,825 EASTLAKE AVENUE EAST,SEATTLE,WA,98109,KING,(206) 667-5000,H_COMP_2_U_P,"Patients who reported that their doctors ""Usually"" communicated well","Doctors ""usually"" communicated well",Not Applicable,,14,6,Not Applicable,99,6,22,6,10/01/2024,09/30/2025
500138,FRED HUTCHINSON CANCER INSTITUTE,825 EASTLAKE AVENUE EAST,SEATTLE,WA,98109,KING,(206) 667-5000,H_COMP_2_LINEAR_SCORE,Doctor communication - linear mean score,Doctor communication - linear mean score,Not Applicable,,Not Applicable,,Not Available,99,6,22,6,10/01/2024,09/30/2025
500138,FRED HUTCHINSON CANCER INSTITUTE,825 EASTLAKE AVENUE EAST,SEATTLE,WA,98109,KING,(206) 667-5000,H_COMP_2_STAR_RATING,Doctor communication - star rating,Doctor communication - star rating,Not Available,15,Not Applicable,,Not Applicable,99,6,22,6,10/01/2024,09/30/2025
500138,FRED HUTCHINSON CANCER INSTITUTE,825 EASTLAKE AVENUE EAST,SEATTLE,WA,98109,KING,(206) 667-5000,H_DOCTOR_RESPECT_A_P,"Patients who reported that their doctors ""Always"" treated them with courtesy and respect","Doctors ""always"" treated them with courtesy and  respect",Not Applicable,,89,6,Not Applicable,99,6,22,6,10/01/2024,09/30/2025
500138,FRED HUTCHINSON CANCER INSTITUTE,825 EASTLAKE AVENUE EAST,SEATTLE,WA,98109,KING,(206) 667-5000,H_DOCTOR_RESPECT_SN_P,"Patients who reported that their doctors ""Sometimes"" or ""Never""  treated them with courtesy and respect","Doctors ""sometimes"" or ""never"" treated them with courtesy and  respect",Not Applicable,,0,6,Not Applicable,99,6,22,6,10/01/2024,09/30/2025
500138,FRED HUTCHINSON CANCER INSTITUTE,825 EASTLAKE AVENUE EAST,SEATTLE,WA,98109,KING,(206) 667-5000,H_DOCTOR_RESPECT_U_P,"Patients who reported that their doctors ""Usually""  treated them with courtesy and respect","Doctors ""usually""  treated them with courtesy and  respect",Not Applicable,,11,6,Not Applicable,99,6,22,6,10/01/2024,09/30/2025
500138,FRED HUTCHINSON CANCER INSTITUTE,825 EASTLAKE AVENUE EAST,SEATTLE,WA,98109,KING,(206) 667-5000,H_DOCTOR_LISTEN_A_P,"Patients who reported that their doctors ""Always"" listened carefully to them","Doctors ""always"" listened carefully",Not Applicable,,88,6,Not Applicable,99,6,22,6,10/01/2024,09/30/2025
500138,FRED HUTCHINSON CANCER INSTITUTE,825 EASTLAKE AVENUE EAST,SEATTLE,WA,98109,KING,(206) 667-5000,H_DOCTOR_LISTEN_SN_P,"Patients who reported that their doctors ""Sometimes"" or ""Never"" listened carefully to them","Doctors ""sometimes"" or ""never"" listened carefully",Not Applicable,,0,6,Not Applicable,99,6,22,6,10/01/2024,09/30/2025
500138,FRED HUTCHINSON CANCER INSTITUTE,825 EASTLAKE AVENUE EAST,SEATTLE,WA,98109,KING,(206) 667-5000,H_DOCTOR_LISTEN_U_P,"Patients who reported that their doctors ""Usually"" listened carefully to them","Doctors ""usually"" listened carefully",Not Applicable,,12,6,Not Applicable,99,6,22,6,10/01/2024,09/30/2025
500138,FRED HUTCHINSON CANCER INSTITUTE,825 EASTLAKE AVENUE EAST,SEATTLE,WA,98109,KING,(206) 667-5000,H_DOCTOR_EXPLAIN_A_P,"Patients who reported that their doctors ""Always"" explained things in a way they could understand","Doctors ""always"" explained things so they could understand",Not Applicable,,80,6,Not Applicable,99,6,22,6,10/01/2024,09/30/2025
500138,FRED HUTCHINSON CANCER INSTITUTE,825 EASTLAKE AVENUE EAST,SEATTLE,WA,98109,KING,(206) 667-5000,H_DOCTOR_EXPLAIN_SN_P,"Patients who reported that their doctors ""Sometimes"" or ""Never"" explained things in a way they could understand","Doctors ""sometimes"" or ""never"" explained things so they could understand",Not Applicable,,2,6,Not Applicable,99,6,22,6,10/01/2024,09/30/2025
500138,FRED HUTCHINSON CANCER INSTITUTE,825 EASTLAKE AVENUE EAST,SEATTLE,WA,98109,KING,(206) 667-5000,H_DOCTOR_EXPLAIN_U_P,"Patients who reported that their doctors ""Usually"" explained things in a way they could understand","Doctors ""usually"" explained things so they could understand",Not Applicable,,18,6,Not Applicable,99,6,22,6,10/01/2024,09/30/2025
500138,FRED HUTCHINSON CANCER INSTITUTE,825 EASTLAKE AVENUE EAST,SEATTLE,WA,98109,KING,(206) 667-5000,H_COMP_5_A_P,"Patients who reported that staff ""Always"" explained about medicines before giving it to them","Staff ""always"" explained",Not Applicable,,72,6,Not Applicable,99,6,22,6,10/01/2024,09/30/2025
500138,FRED HUTCHINSON CANCER INSTITUTE,825 EASTLAKE AVENUE EAST,SEATTLE,WA,98109,KING,(206) 667-5000,H_COMP_5_SN_P,"Patients who reported that staff ""Sometimes"" or ""Never"" explained about medicines before giving it to them","Staff ""sometimes"" or ""never"" explained",Not Applicable,,11,6,Not Applicable,99,6,22,6,10/01/2024,09/30/2025
500138,FRED HUTCHINSON CANCER INSTITUTE,825 EASTLAKE AVENUE EAST,SEATTLE,WA,98109,KING,(206) 667-5000,H_COMP_5_U_P,"Patients who reported that staff ""Usually"" explained about medicines before giving it to them","Staff ""usually"" explained",Not Applicable,,17,6,Not Applicable,99,6,22,6,10/01/2024,09/30/2025
500138,FRED HUTCHINSON CANCER INSTITUTE,825 EASTLAKE AVENUE EAST,SEATTLE,WA,98109,KING,(206) 667-5000,H_COMP_5_LINEAR_SCORE,Communication about medicines - linear mean score,Communication about medicines - linear mean score,Not Applicable,,Not Applicable,,Not Available,99,6,22,6,10/01/2024,09/30/2025
500138,FRED HUTCHINSON CANCER INSTITUTE,825 EASTLAKE AVENUE EAST,SEATTLE,WA,98109,KING,(206) 667-5000,H_COMP_5_STAR_RATING,Communication about medicines - star rating,Communication about medicines - star rating,Not Available,15,Not Applicable,,Not Applicable,99,6,22,6,10/01/2024,09/30/2025
500138,FRED HUTCHINSON CANCER INSTITUTE,825 EASTLAKE AVENUE EAST,SEATTLE,WA,98109,KING,(206) 667-5000,H_MED_FOR_A_P,"Patients who reported that when receiving new medication the staff ""Always"" communicated what the medication was for","Staff ""always"" explained new medications",Not Applicable,,80,6,Not Applicable,99,6,22,6,10/01/2024,09/30/2025
500138,FRED HUTCHINSON CANCER INSTITUTE,825 EASTLAKE AVENUE EAST,SEATTLE,WA,98109,KING,(206) 667-5000,H_MED_FOR_SN_P,"Patients who reported that when receiving new medication the staff ""Sometimes"" or ""Never"" communicated what the medication was for","Staff ""sometimes"" or ""never"" explained new medications",Not Applicable,,6,6,Not Applicable,99,6,22,6,10/01/2024,09/30/2025
500138,FRED HUTCHINSON CANCER INSTITUTE,825 EASTLAKE AVENUE EAST,SEATTLE,WA,98109,KING,(206) 667-5000,H_MED_FOR_U_P,"Patients who reported that when receiving new medication the staff ""Usually"" communicated what the medication was for.","Staff ""usually"" explained new medications",Not Applicable,,14,6,Not Applicable,99,6,22,6,10/01/2024,09/30/2025
500138,FRED HUTCHINSON CANCER INSTITUTE,825 EASTLAKE AVENUE EAST,SEATTLE,WA,98109,KING,(206) 667-5000,H_SIDE_EFFECTS_A_P,"Patients who reported that when receiving new medication the staff ""Always"" discussed possible side effects","Staff ""always"" explained possible side effects",Not Applicable,,65,6,Not Applicable,99,6,22,6,10/01/2024,09/30/2025
500138,FRED HUTCHINSON CANCER INSTITUTE,825 EASTLAKE AVENUE EAST,SEATTLE,WA,98109,KING,(206) 667-5000,H_SIDE_EFFECTS_SN_P,"Patients who reported that when receiving new medication the staff ""Sometimes"" or ""Never"" discussed possible side effects","Staff ""sometimes"" or ""never"" explained possible side effects",Not Applicable,,17,6,Not Applicable,99,6,22,6,10/01/2024,09/30/2025
500138,FRED HUTCHINSON CANCER INSTITUTE,825 EASTLAKE AVENUE EAST,SEATTLE,WA,98109,KING,(206) 667-5000,H_SIDE_EFFECTS_U_P,"Patients who reported that when receiving new medication the staff ""Usually"" discussed possible side effects","Staff ""usually"" explained possible side effects",Not Applicable,,18,6,Not Applicable,99,6,22,6,10/01/2024,09/30/2025
500138,FRED HUTCHINSON CANCER INSTITUTE,825 EASTLAKE AVENUE EAST,SEATTLE,WA,98109,KING,(206) 667-5000,H_COMP_6_N_P,"Patients who reported that NO, they were not given information about what to do during their recovery at home","No, staff ""did not"" give patients this information",Not Applicable,,5,6,Not Applicable,99,6,22,6,10/01/2024,09/30/2025
500138,FRED HUTCHINSON CANCER INSTITUTE,825 EASTLAKE AVENUE EAST,SEATTLE,WA,98109,KING,(206) 667-5000,H_COMP_6_Y_P,"Patients who reported that YES, they were given information about what to do during their recovery at home","Yes, staff ""did"" give patients this information",Not Applicable,,95,6,Not Applicable,99,6,22,6,10/01/2024,09/30/2025
500138,FRED HUTCHINSON CANCER INSTITUTE,825 EASTLAKE AVENUE EAST,SEATTLE,WA,98109,KING,(206) 667-5000,H_COMP_6_LINEAR_SCORE,Discharge information - linear mean score,Discharge information - linear mean score,Not Applicable,,Not Applicable,,Not Available,99,6,22,6,10/01/2024,09/30/2025
500138,FRED HUTCHINSON CANCER INSTITUTE,825 EASTLAKE AVENUE EAST,SEATTLE,WA,98109,KING,(206) 667-5000,H_COMP_6_STAR_RATING,Discharge information - star rating,Discharge information - star rating,Not Available,15,Not Applicable,,Not Applicable,99,6,22,6,10/01/2024,09/30/2025
500138,FRED HUTCHINSON CANCER INSTITUTE,825 EASTLAKE AVENUE EAST,SEATTLE,WA,98109,KING,(206) 667-5000,H_DISCH_HELP_N_P,"Patients who reported that NO, they did not discuss whether they would need help after discharge","No, staff ""did not"" give patients information about help after discharge",Not Applicable,,3,6,Not Applicable,99,6,22,6,10/01/2024,09/30/2025
500138,FRED HUTCHINSON CANCER INSTITUTE,825 EASTLAKE AVENUE EAST,SEATTLE,WA,98109,KING,(206) 667-5000,H_DISCH_HELP_Y_P,"Patients who reported that YES, they did discuss whether they would need help after discharge","Yes, staff ""did"" give patients information about help after discharge",Not Applicable,,97,6,Not Applicable,99,6,22,6,10/01/2024,09/30/2025
500138,FRED HUTCHINSON CANCER INSTITUTE,825 EASTLAKE AVENUE EAST,SEATTLE,WA,98109,KING,(206) 667-5000,H_SYMPTOMS_N_P,"Patients who reported that NO, they did not receive written information about possible symptoms to look out for after discharge","No, staff ""did not"" give patients information about possible symptoms",Not Applicable,,7,6,Not Applicable,99,6,22,6,10/01/2024,09/30/2025
500138,FRED HUTCHINSON CANCER INSTITUTE,825 EASTLAKE AVENUE EAST,SEATTLE,WA,98109,KING,(206) 667-5000,H_SYMPTOMS_Y_P,"Patients who reported that YES, they did receive written information about possible symptoms to look out for after discharge","Yes, staff ""did"" give patients information about possible symptoms",Not Applicable,,93,6,Not Applicable,99,6,22,6,10/01/2024,09/30/2025
500138,FRED HUTCHINSON CANCER INSTITUTE,825 EASTLAKE AVENUE EAST,SEATTLE,WA,98109,KING,(206) 667-5000,H_CLEAN_HSP_A_P,"Patients who reported that their room and bathroom were ""Always"" clean","Room was ""always"" clean",Not Applicable,,83,6,Not Applicable,99,6,22,6,10/01/2024,09/30/2025
500138,FRED HUTCHINSON CANCER INSTITUTE,825 EASTLAKE AVENUE EAST,SEATTLE,WA,98109,KING,(206) 667-5000,H_CLEAN_HSP_SN_P,"Patients who reported that their room and bathroom were ""Sometimes"" or ""Never"" clean","Room was ""sometimes"" or ""never"" clean",Not Applicable,,1,6,Not Applicable,99,6,22,6,10/01/2024,09/30/2025
500138,FRED HUTCHINSON CANCER INSTITUTE,825 EASTLAKE AVENUE EAST,SEATTLE,WA,98109,KING,(206) 667-5000,H_CLEAN_HSP_U_P,"Patients who reported that their room and bathroom were ""Usually"" clean","Room was ""usually"" clean",Not Applicable,,16,6,Not Applicable,99,6,22,6,10/01/2024,09/30/2025
500138,FRED HUTCHINSON CANCER INSTITUTE,825 EASTLAKE AVENUE EAST,SEATTLE,WA,98109,KING,(206) 667-5000,H_CLEAN_LINEAR_SCORE,Cleanliness - linear mean score,Cleanliness - linear mean score,Not Applicable,,Not Applicable,,Not Available,99,6,22,6,10/01/2024,09/30/2025
500138,FRED HUTCHINSON CANCER INSTITUTE,825 EASTLAKE AVENUE EAST,SEATTLE,WA,98109,KING,(206) 667-5000,H_CLEAN_STAR_RATING,Cleanliness - star rating,Cleanliness - star rating,Not Available,15,Not Applicable,,Not Applicable,99,6,22,6,10/01/2024,09/30/2025
500138,FRED HUTCHINSON CANCER INSTITUTE,825 EASTLAKE AVENUE EAST,SEATTLE,WA,98109,KING,(206) 667-5000,H_QUIET_HSP_A_P,"Patients who reported that the area around their room was ""Always"" quiet at night","""Always"" quiet at night",Not Applicable,,66,6,Not Applicable,99,6,22,6,10/01/2024,09/30/2025
500138,FRED HUTCHINSON CANCER INSTITUTE,825 EASTLAKE AVENUE EAST,SEATTLE,WA,98109,KING,(206) 667-5000,H_QUIET_HSP_SN_P,"Patients who reported that the area around their room was ""Sometimes"" or ""Never"" quiet at night","""Sometimes"" or ""never"" quiet at night",Not Applicable,,3,6,Not Applicable,99,6,22,6,10/01/2024,09/30/2025
500138,FRED HUTCHINSON CANCER INSTITUTE,825 EASTLAKE AVENUE EAST,SEATTLE,WA,98109,KING,(206) 667-5000,H_QUIET_HSP_U_P,"Patients who reported that the area around their room was ""Usually"" quiet at night","""Usually"" quiet at night",Not Applicable,,31,6,Not Applicable,99,6,22,6,10/01/2024,09/30/2025
500138,FRED HUTCHINSON CANCER INSTITUTE,825 EASTLAKE AVENUE EAST,SEATTLE,WA,98109,KING,(206) 667-5000,H_QUIET_LINEAR_SCORE,Quietness - linear mean score,Quietness - linear mean score,Not Applicable,,Not Applicable,,Not Available,99,6,22,6,10/01/2024,09/30/2025
500138,FRED HUTCHINSON CANCER INSTITUTE,825 EASTLAKE AVENUE EAST,SEATTLE,WA,98109,KING,(206) 667-5000,H_QUIET_STAR_RATING,Quietness - star rating,Quietness - star rating,Not Available,15,Not Applicable,,Not Applicable,99,6,22,6,10/01/2024,09/30/2025
500138,FRED HUTCHINSON CANCER INSTITUTE,825 EASTLAKE AVENUE EAST,SEATTLE,WA,98109,KING,(206) 667-5000,H_HSP_RATING_0_6,Patients who gave their hospital a rating of 6 or lower on a scale from 0 (lowest) to 10 (highest),"Patients who gave a rating of ""6"" or lower (low)",Not Applicable,,0,6,Not Applicable,99,6,22,6,10/01/2024,09/30/2025
500138,FRED HUTCHINSON CANCER INSTITUTE,825 EASTLAKE AVENUE EAST,SEATTLE,WA,98109,KING,(206) 667-5000,H_HSP_RATING_7_8,Patients who gave their hospital a rating of 7 or 8 on a scale from 0 (lowest) to 10 (highest),"Patients who gave a rating of ""7"" or ""8"" (medium)",Not Applicable,,15,6,Not Applicable,99,6,22,6,10/01/2024,09/30/2025
500138,FRED HUTCHINSON CANCER INSTITUTE,825 EASTLAKE AVENUE EAST,SEATTLE,WA,98109,KING,(206) 667-5000,H_HSP_RATING_9_10,Patients who gave their hospital a rating of 9 or 10 on a scale from 0 (lowest) to 10 (highest),"Patients who gave a rating of ""9"" or ""10"" (high)",Not Applicable,,85,6,Not Applicable,99,6,22,6,10/01/2024,09/30/2025
500138,FRED HUTCHINSON CANCER INSTITUTE,825 EASTLAKE AVENUE EAST,SEATTLE,WA,98109,KING,(206) 667-5000,H_HSP_RATING_LINEAR_SCORE,Overall hospital rating - linear mean score,Overall hospital rating - linear mean score,Not Applicable,,Not Applicable,,Not Available,99,6,22,6,10/01/2024,09/30/2025
500138,FRED HUTCHINSON CANCER INSTITUTE,825 EASTLAKE AVENUE EAST,SEATTLE,WA,98109,KING,(206) 667-5000,H_HSP_RATING_STAR_RATING,Overall hospital rating - star rating,Overall hospital rating - star rating,Not Available,15,Not Applicable,,Not Applicable,99,6,22,6,10/01/2024,09/30/2025
500138,FRED HUTCHINSON CANCER INSTITUTE,825 EASTLAKE AVENUE EAST,SEATTLE,WA,98109,KING,(206) 667-5000,H_RECMND_DN,"Patients who reported NO, they would probably not or definitely not recommend the hospital","""NO"", patients would not recommend the hospital (they probably would not or definitely would not recommend it)",Not Applicable,,0,6,Not Applicable,99,6,22,6,10/01/2024,09/30/2025
500138,FRED HUTCHINSON CANCER INSTITUTE,825 EASTLAKE AVENUE EAST,SEATTLE,WA,98109,KING,(206) 667-5000,H_RECMND_DY,"Patients who reported YES, they would definitely recommend the hospital","""YES"", patients would definitely recommend the hospital",Not Applicable,,79,6,Not Applicable,99,6,22,6,10/01/2024,09/30/2025
500138,FRED HUTCHINSON CANCER INSTITUTE,825 EASTLAKE AVENUE EAST,SEATTLE,WA,98109,KING,(206) 667-5000,H_RECMND_PY,"Patients who reported YES, they would probably recommend the hospital","""YES"", patients would probably recommend the hospital",Not Applicable,,21,6,Not Applicable,99,6,22,6,10/01/2024,09/30/2025
500138,FRED HUTCHINSON CANCER INSTITUTE,825 EASTLAKE AVENUE EAST,SEATTLE,WA,98109,KING,(206) 667-5000,H_RECMND_LINEAR_SCORE,Recommend hospital - linear mean score,Recommend hospital - linear mean score,Not Applicable,,Not Applicable,,Not Available,99,6,22,6,10/01/2024,09/30/2025
500138,FRED HUTCHINSON CANCER INSTITUTE,825 EASTLAKE AVENUE EAST,SEATTLE,WA,98109,KING,(206) 667-5000,H_RECMND_STAR_RATING,Recommend hospital - star rating,Recommend hospital - star rating,Not Available,15,Not Applicable,,Not Applicable,99,6,22,6,10/01/2024,09/30/2025
500138,FRED HUTCHINSON CANCER INSTITUTE,825 EASTLAKE AVENUE EAST,SEATTLE,WA,98109,KING,(206) 667-5000,H_STAR_RATING,Summary star rating,Summary star rating,Not Available,15,Not Applicable,,Not Applicable,99,6,22,6,10/01/2024,09/30/2025
