facility_id,facility_name,address,city_town,state,zip_code,county_parish,telephone_number,condition,measure_id,measure_name,sttag,score,sample,footnote,start_date,end_date
01014F,BIRMINGHAM VA MEDICAL CENTER,700 SOUTH 19TH STREET,BIRMINGHAM,AL,35233,JEFFERSON,(205) 933-4515,Emergency Department,EDV,Emergency department volume,Text,low,,,01/01/2024,12/31/2024
01014F,BIRMINGHAM VA MEDICAL CENTER,700 SOUTH 19TH STREET,BIRMINGHAM,AL,35233,JEFFERSON,(205) 933-4515,Healthcare Personnel Vaccination,IMM-3,Healthcare workers given influenza vaccination,Percentage,69,3383,,10/01/2024,03/31/2025
01014F,BIRMINGHAM VA MEDICAL CENTER,700 SOUTH 19TH STREET,BIRMINGHAM,AL,35233,JEFFERSON,(205) 933-4515,Emergency Department,OP-18b,"Average (median) time patients spent in the emergency department before leaving from the visit, excluding patients transferred to another facility or psychiatric care/mental health patients. A lower number of minutes is better",Minutes,Not Available,Not Available,5,10/01/2024,09/30/2025
01014F,BIRMINGHAM VA MEDICAL CENTER,700 SOUTH 19TH STREET,BIRMINGHAM,AL,35233,JEFFERSON,(205) 933-4515,Emergency Department,OP-18c,Average (median) time psychiatric/mental health patients spent in the emergency department before leaving from the visit. A lower number of minutes is better,Minutes,Not Available,Not Available,5,10/01/2024,09/30/2025
01014F,BIRMINGHAM VA MEDICAL CENTER,700 SOUTH 19TH STREET,BIRMINGHAM,AL,35233,JEFFERSON,(205) 933-4515,Emergency Department,OP-22,Left before being seen,Percentage,1,14654,,01/01/2024,12/31/2024
01014F,BIRMINGHAM VA MEDICAL CENTER,700 SOUTH 19TH STREET,BIRMINGHAM,AL,35233,JEFFERSON,(205) 933-4515,Emergency Department,OP-23,Head CT results,Percentage,Not Available,Not Available,5,10/01/2024,09/30/2025
01014F,BIRMINGHAM VA MEDICAL CENTER,700 SOUTH 19TH STREET,BIRMINGHAM,AL,35233,JEFFERSON,(205) 933-4515,Colonoscopy care,OP-29,Endoscopy/polyp surveillance: appropriate follow-up interval for normal colonoscopy in average risk patients,Percentage,100,54,,01/01/2024,12/31/2024
01014F,BIRMINGHAM VA MEDICAL CENTER,700 SOUTH 19TH STREET,BIRMINGHAM,AL,35233,JEFFERSON,(205) 933-4515,Sepsis Care,SEP-1,Appropriate care for severe sepsis and septic shock,Percentage,37,126,,10/01/2024,09/30/2025
01014F,BIRMINGHAM VA MEDICAL CENTER,700 SOUTH 19TH STREET,BIRMINGHAM,AL,35233,JEFFERSON,(205) 933-4515,Electronic Clinical Quality Measure,STK-02,Discharged on Antithrombotic Therapy,Percentage,98,64,,01/01/2024,12/31/2024
01014F,BIRMINGHAM VA MEDICAL CENTER,700 SOUTH 19TH STREET,BIRMINGHAM,AL,35233,JEFFERSON,(205) 933-4515,Electronic Clinical Quality Measure,VTE-1,Venous Thromboembolism Prophylaxis,Percentage,78,2069,,01/01/2024,12/31/2024
01014F,BIRMINGHAM VA MEDICAL CENTER,700 SOUTH 19TH STREET,BIRMINGHAM,AL,35233,JEFFERSON,(205) 933-4515,Electronic Clinical Quality Measure,VTE-2,Intensive Care Unit Venous Thromboembolism Prophylaxis,Percentage,77,617,,01/01/2024,12/31/2024
01019F,VA CENTRAL ALABAMA HEALTHCARE SYSTEM - MONTGOMERY,215 PERRY HILL ROAD,MONTGOMERY,AL,36109,MONTGOMERY,(334) 260-4100,Emergency Department,EDV,Emergency department volume,Text,low,,,01/01/2024,12/31/2024
01019F,VA CENTRAL ALABAMA HEALTHCARE SYSTEM - MONTGOMERY,215 PERRY HILL ROAD,MONTGOMERY,AL,36109,MONTGOMERY,(334) 260-4100,Healthcare Personnel Vaccination,IMM-3,Healthcare workers given influenza vaccination,Percentage,72,2054,,10/01/2024,03/31/2025
01019F,VA CENTRAL ALABAMA HEALTHCARE SYSTEM - MONTGOMERY,215 PERRY HILL ROAD,MONTGOMERY,AL,36109,MONTGOMERY,(334) 260-4100,Emergency Department,OP-18b,"Average (median) time patients spent in the emergency department before leaving from the visit, excluding patients transferred to another facility or psychiatric care/mental health patients. A lower number of minutes is better",Minutes,Not Available,Not Available,5,10/01/2024,09/30/2025
01019F,VA CENTRAL ALABAMA HEALTHCARE SYSTEM - MONTGOMERY,215 PERRY HILL ROAD,MONTGOMERY,AL,36109,MONTGOMERY,(334) 260-4100,Emergency Department,OP-18c,Average (median) time psychiatric/mental health patients spent in the emergency department before leaving from the visit. A lower number of minutes is better,Minutes,Not Available,Not Available,5,10/01/2024,09/30/2025
01019F,VA CENTRAL ALABAMA HEALTHCARE SYSTEM - MONTGOMERY,215 PERRY HILL ROAD,MONTGOMERY,AL,36109,MONTGOMERY,(334) 260-4100,Emergency Department,OP-22,Left before being seen,Percentage,1,10890,,01/01/2024,12/31/2024
01019F,VA CENTRAL ALABAMA HEALTHCARE SYSTEM - MONTGOMERY,215 PERRY HILL ROAD,MONTGOMERY,AL,36109,MONTGOMERY,(334) 260-4100,Emergency Department,OP-23,Head CT results,Percentage,Not Available,Not Available,5,10/01/2024,09/30/2025
01019F,VA CENTRAL ALABAMA HEALTHCARE SYSTEM - MONTGOMERY,215 PERRY HILL ROAD,MONTGOMERY,AL,36109,MONTGOMERY,(334) 260-4100,Colonoscopy care,OP-29,Endoscopy/polyp surveillance: appropriate follow-up interval for normal colonoscopy in average risk patients,Percentage,86,37,,01/01/2024,12/31/2024
01019F,VA CENTRAL ALABAMA HEALTHCARE SYSTEM - MONTGOMERY,215 PERRY HILL ROAD,MONTGOMERY,AL,36109,MONTGOMERY,(334) 260-4100,Sepsis Care,SEP-1,Appropriate care for severe sepsis and septic shock,Percentage,30,23,,10/01/2024,09/30/2025
01019F,VA CENTRAL ALABAMA HEALTHCARE SYSTEM - MONTGOMERY,215 PERRY HILL ROAD,MONTGOMERY,AL,36109,MONTGOMERY,(334) 260-4100,Electronic Clinical Quality Measure,STK-02,Discharged on Antithrombotic Therapy,Percentage,Not Available,Not Available,1,01/01/2024,12/31/2024
01019F,VA CENTRAL ALABAMA HEALTHCARE SYSTEM - MONTGOMERY,215 PERRY HILL ROAD,MONTGOMERY,AL,36109,MONTGOMERY,(334) 260-4100,Electronic Clinical Quality Measure,VTE-1,Venous Thromboembolism Prophylaxis,Percentage,77,405,,01/01/2024,12/31/2024
01019F,VA CENTRAL ALABAMA HEALTHCARE SYSTEM - MONTGOMERY,215 PERRY HILL ROAD,MONTGOMERY,AL,36109,MONTGOMERY,(334) 260-4100,Electronic Clinical Quality Measure,VTE-2,Intensive Care Unit Venous Thromboembolism Prophylaxis,Percentage,82,123,,01/01/2024,12/31/2024
01021F,TUSCALOOSA VA MEDICAL CENTER,3701 LOOP ROAD EAST,TUSCALOOSA,AL,35404,TUSCALOOSA,(205) 554-2000,Emergency Department,EDV,Emergency department volume,Text,Not Available,,5,01/01/2024,12/31/2024
01021F,TUSCALOOSA VA MEDICAL CENTER,3701 LOOP ROAD EAST,TUSCALOOSA,AL,35404,TUSCALOOSA,(205) 554-2000,Healthcare Personnel Vaccination,IMM-3,Healthcare workers given influenza vaccination,Percentage,78,1284,,10/01/2024,03/31/2025
01021F,TUSCALOOSA VA MEDICAL CENTER,3701 LOOP ROAD EAST,TUSCALOOSA,AL,35404,TUSCALOOSA,(205) 554-2000,Emergency Department,OP-18b,"Average (median) time patients spent in the emergency department before leaving from the visit, excluding patients transferred to another facility or psychiatric care/mental health patients. A lower number of minutes is better",Minutes,Not Available,Not Available,5,10/01/2024,09/30/2025
01021F,TUSCALOOSA VA MEDICAL CENTER,3701 LOOP ROAD EAST,TUSCALOOSA,AL,35404,TUSCALOOSA,(205) 554-2000,Emergency Department,OP-18c,Average (median) time psychiatric/mental health patients spent in the emergency department before leaving from the visit. A lower number of minutes is better,Minutes,Not Available,Not Available,5,10/01/2024,09/30/2025
01021F,TUSCALOOSA VA MEDICAL CENTER,3701 LOOP ROAD EAST,TUSCALOOSA,AL,35404,TUSCALOOSA,(205) 554-2000,Emergency Department,OP-22,Left before being seen,Percentage,Not Available,Not Available,5,01/01/2024,12/31/2024
01021F,TUSCALOOSA VA MEDICAL CENTER,3701 LOOP ROAD EAST,TUSCALOOSA,AL,35404,TUSCALOOSA,(205) 554-2000,Emergency Department,OP-23,Head CT results,Percentage,Not Available,Not Available,5,10/01/2024,09/30/2025
01021F,TUSCALOOSA VA MEDICAL CENTER,3701 LOOP ROAD EAST,TUSCALOOSA,AL,35404,TUSCALOOSA,(205) 554-2000,Colonoscopy care,OP-29,Endoscopy/polyp surveillance: appropriate follow-up interval for normal colonoscopy in average risk patients,Percentage,Not Available,Not Available,5,01/01/2024,12/31/2024
01021F,TUSCALOOSA VA MEDICAL CENTER,3701 LOOP ROAD EAST,TUSCALOOSA,AL,35404,TUSCALOOSA,(205) 554-2000,Sepsis Care,SEP-1,Appropriate care for severe sepsis and septic shock,Percentage,Not Available,Not Available,5,10/01/2024,09/30/2025
01021F,TUSCALOOSA VA MEDICAL CENTER,3701 LOOP ROAD EAST,TUSCALOOSA,AL,35404,TUSCALOOSA,(205) 554-2000,Electronic Clinical Quality Measure,STK-02,Discharged on Antithrombotic Therapy,Percentage,Not Available,Not Available,5,01/01/2024,12/31/2024
01021F,TUSCALOOSA VA MEDICAL CENTER,3701 LOOP ROAD EAST,TUSCALOOSA,AL,35404,TUSCALOOSA,(205) 554-2000,Electronic Clinical Quality Measure,VTE-1,Venous Thromboembolism Prophylaxis,Percentage,Not Available,Not Available,5,01/01/2024,12/31/2024
01021F,TUSCALOOSA VA MEDICAL CENTER,3701 LOOP ROAD EAST,TUSCALOOSA,AL,35404,TUSCALOOSA,(205) 554-2000,Electronic Clinical Quality Measure,VTE-2,Intensive Care Unit Venous Thromboembolism Prophylaxis,Percentage,Not Available,Not Available,5,01/01/2024,12/31/2024
03012F,PHOENIX VA MEDICAL CENTER,650 E. INDIAN SCHOOL ROAD,PHOENIX,AZ,85012,MARICOPA,(602) 222-6444,Emergency Department,EDV,Emergency department volume,Text,medium,,,01/01/2024,12/31/2024
03012F,PHOENIX VA MEDICAL CENTER,650 E. INDIAN SCHOOL ROAD,PHOENIX,AZ,85012,MARICOPA,(602) 222-6444,Healthcare Personnel Vaccination,IMM-3,Healthcare workers given influenza vaccination,Percentage,73,4564,,10/01/2024,03/31/2025
03012F,PHOENIX VA MEDICAL CENTER,650 E. INDIAN SCHOOL ROAD,PHOENIX,AZ,85012,MARICOPA,(602) 222-6444,Emergency Department,OP-18b,"Average (median) time patients spent in the emergency department before leaving from the visit, excluding patients transferred to another facility or psychiatric care/mental health patients. A lower number of minutes is better",Minutes,156,264,,10/01/2024,09/30/2025
03012F,PHOENIX VA MEDICAL CENTER,650 E. INDIAN SCHOOL ROAD,PHOENIX,AZ,85012,MARICOPA,(602) 222-6444,Emergency Department,OP-18c,Average (median) time psychiatric/mental health patients spent in the emergency department before leaving from the visit. A lower number of minutes is better,Minutes,260,18,,10/01/2024,09/30/2025
03012F,PHOENIX VA MEDICAL CENTER,650 E. INDIAN SCHOOL ROAD,PHOENIX,AZ,85012,MARICOPA,(602) 222-6444,Emergency Department,OP-22,Left before being seen,Percentage,1,38260,,01/01/2024,12/31/2024
03012F,PHOENIX VA MEDICAL CENTER,650 E. INDIAN SCHOOL ROAD,PHOENIX,AZ,85012,MARICOPA,(602) 222-6444,Emergency Department,OP-23,Head CT results,Percentage,Not Available,Not Available,1,10/01/2024,09/30/2025
03012F,PHOENIX VA MEDICAL CENTER,650 E. INDIAN SCHOOL ROAD,PHOENIX,AZ,85012,MARICOPA,(602) 222-6444,Colonoscopy care,OP-29,Endoscopy/polyp surveillance: appropriate follow-up interval for normal colonoscopy in average risk patients,Percentage,100,39,,01/01/2024,12/31/2024
03012F,PHOENIX VA MEDICAL CENTER,650 E. INDIAN SCHOOL ROAD,PHOENIX,AZ,85012,MARICOPA,(602) 222-6444,Sepsis Care,SEP-1,Appropriate care for severe sepsis and septic shock,Percentage,52,107,,10/01/2024,09/30/2025
03012F,PHOENIX VA MEDICAL CENTER,650 E. INDIAN SCHOOL ROAD,PHOENIX,AZ,85012,MARICOPA,(602) 222-6444,Electronic Clinical Quality Measure,STK-02,Discharged on Antithrombotic Therapy,Percentage,97,71,,01/01/2024,12/31/2024
03012F,PHOENIX VA MEDICAL CENTER,650 E. INDIAN SCHOOL ROAD,PHOENIX,AZ,85012,MARICOPA,(602) 222-6444,Electronic Clinical Quality Measure,VTE-1,Venous Thromboembolism Prophylaxis,Percentage,80,3043,,01/01/2024,12/31/2024
03012F,PHOENIX VA MEDICAL CENTER,650 E. INDIAN SCHOOL ROAD,PHOENIX,AZ,85012,MARICOPA,(602) 222-6444,Electronic Clinical Quality Measure,VTE-2,Intensive Care Unit Venous Thromboembolism Prophylaxis,Percentage,80,579,,01/01/2024,12/31/2024
03013F,VA S. ARIZONA HEALTHCARE SYSTEM,3601 SOUTH SIXTH AVENUE,TUCSON,AZ,85723,PIMA,(520) 629-1821,Emergency Department,EDV,Emergency department volume,Text,medium,,,01/01/2024,12/31/2024
03013F,VA S. ARIZONA HEALTHCARE SYSTEM,3601 SOUTH SIXTH AVENUE,TUCSON,AZ,85723,PIMA,(520) 629-1821,Healthcare Personnel Vaccination,IMM-3,Healthcare workers given influenza vaccination,Percentage,89,3471,,10/01/2024,03/31/2025
03013F,VA S. ARIZONA HEALTHCARE SYSTEM,3601 SOUTH SIXTH AVENUE,TUCSON,AZ,85723,PIMA,(520) 629-1821,Emergency Department,OP-18b,"Average (median) time patients spent in the emergency department before leaving from the visit, excluding patients transferred to another facility or psychiatric care/mental health patients. A lower number of minutes is better",Minutes,147,305,,10/01/2024,09/30/2025
03013F,VA S. ARIZONA HEALTHCARE SYSTEM,3601 SOUTH SIXTH AVENUE,TUCSON,AZ,85723,PIMA,(520) 629-1821,Emergency Department,OP-18c,Average (median) time psychiatric/mental health patients spent in the emergency department before leaving from the visit. A lower number of minutes is better,Minutes,327,25,,10/01/2024,09/30/2025
03013F,VA S. ARIZONA HEALTHCARE SYSTEM,3601 SOUTH SIXTH AVENUE,TUCSON,AZ,85723,PIMA,(520) 629-1821,Emergency Department,OP-22,Left before being seen,Percentage,1,33079,,01/01/2024,12/31/2024
03013F,VA S. ARIZONA HEALTHCARE SYSTEM,3601 SOUTH SIXTH AVENUE,TUCSON,AZ,85723,PIMA,(520) 629-1821,Emergency Department,OP-23,Head CT results,Percentage,Not Available,Not Available,1,10/01/2024,09/30/2025
03013F,VA S. ARIZONA HEALTHCARE SYSTEM,3601 SOUTH SIXTH AVENUE,TUCSON,AZ,85723,PIMA,(520) 629-1821,Colonoscopy care,OP-29,Endoscopy/polyp surveillance: appropriate follow-up interval for normal colonoscopy in average risk patients,Percentage,100,45,,01/01/2024,12/31/2024
03013F,VA S. ARIZONA HEALTHCARE SYSTEM,3601 SOUTH SIXTH AVENUE,TUCSON,AZ,85723,PIMA,(520) 629-1821,Sepsis Care,SEP-1,Appropriate care for severe sepsis and septic shock,Percentage,76,135,,10/01/2024,09/30/2025
03013F,VA S. ARIZONA HEALTHCARE SYSTEM,3601 SOUTH SIXTH AVENUE,TUCSON,AZ,85723,PIMA,(520) 629-1821,Electronic Clinical Quality Measure,STK-02,Discharged on Antithrombotic Therapy,Percentage,98,80,,01/01/2024,12/31/2024
03013F,VA S. ARIZONA HEALTHCARE SYSTEM,3601 SOUTH SIXTH AVENUE,TUCSON,AZ,85723,PIMA,(520) 629-1821,Electronic Clinical Quality Measure,VTE-1,Venous Thromboembolism Prophylaxis,Percentage,77,3928,,01/01/2024,12/31/2024
03013F,VA S. ARIZONA HEALTHCARE SYSTEM,3601 SOUTH SIXTH AVENUE,TUCSON,AZ,85723,PIMA,(520) 629-1821,Electronic Clinical Quality Measure,VTE-2,Intensive Care Unit Venous Thromboembolism Prophylaxis,Percentage,68,727,,01/01/2024,12/31/2024
03033F,VA NORTHERN ARIZONA HEALTHCARE SYSTEM,500 HIGHWAY 89 NORTH,PRESCOTT,AZ,86313,YAVAPAI,(928) 445-4860,Emergency Department,EDV,Emergency department volume,Text,low,,,01/01/2024,12/31/2024
03033F,VA NORTHERN ARIZONA HEALTHCARE SYSTEM,500 HIGHWAY 89 NORTH,PRESCOTT,AZ,86313,YAVAPAI,(928) 445-4860,Healthcare Personnel Vaccination,IMM-3,Healthcare workers given influenza vaccination,Percentage,71,1602,,10/01/2024,03/31/2025
03033F,VA NORTHERN ARIZONA HEALTHCARE SYSTEM,500 HIGHWAY 89 NORTH,PRESCOTT,AZ,86313,YAVAPAI,(928) 445-4860,Emergency Department,OP-18b,"Average (median) time patients spent in the emergency department before leaving from the visit, excluding patients transferred to another facility or psychiatric care/mental health patients. A lower number of minutes is better",Minutes,Not Available,Not Available,5,10/01/2024,09/30/2025
03033F,VA NORTHERN ARIZONA HEALTHCARE SYSTEM,500 HIGHWAY 89 NORTH,PRESCOTT,AZ,86313,YAVAPAI,(928) 445-4860,Emergency Department,OP-18c,Average (median) time psychiatric/mental health patients spent in the emergency department before leaving from the visit. A lower number of minutes is better,Minutes,Not Available,Not Available,5,10/01/2024,09/30/2025
03033F,VA NORTHERN ARIZONA HEALTHCARE SYSTEM,500 HIGHWAY 89 NORTH,PRESCOTT,AZ,86313,YAVAPAI,(928) 445-4860,Emergency Department,OP-22,Left before being seen,Percentage,0,13008,,01/01/2024,12/31/2024
03033F,VA NORTHERN ARIZONA HEALTHCARE SYSTEM,500 HIGHWAY 89 NORTH,PRESCOTT,AZ,86313,YAVAPAI,(928) 445-4860,Emergency Department,OP-23,Head CT results,Percentage,Not Available,Not Available,5,10/01/2024,09/30/2025
03033F,VA NORTHERN ARIZONA HEALTHCARE SYSTEM,500 HIGHWAY 89 NORTH,PRESCOTT,AZ,86313,YAVAPAI,(928) 445-4860,Colonoscopy care,OP-29,Endoscopy/polyp surveillance: appropriate follow-up interval for normal colonoscopy in average risk patients,Percentage,Not Available,Not Available,1,01/01/2024,12/31/2024
03033F,VA NORTHERN ARIZONA HEALTHCARE SYSTEM,500 HIGHWAY 89 NORTH,PRESCOTT,AZ,86313,YAVAPAI,(928) 445-4860,Sepsis Care,SEP-1,Appropriate care for severe sepsis and septic shock,Percentage,100,14,,10/01/2024,09/30/2025
03033F,VA NORTHERN ARIZONA HEALTHCARE SYSTEM,500 HIGHWAY 89 NORTH,PRESCOTT,AZ,86313,YAVAPAI,(928) 445-4860,Electronic Clinical Quality Measure,STK-02,Discharged on Antithrombotic Therapy,Percentage,Not Available,Not Available,1,01/01/2024,12/31/2024
03033F,VA NORTHERN ARIZONA HEALTHCARE SYSTEM,500 HIGHWAY 89 NORTH,PRESCOTT,AZ,86313,YAVAPAI,(928) 445-4860,Electronic Clinical Quality Measure,VTE-1,Venous Thromboembolism Prophylaxis,Percentage,81,726,,01/01/2024,12/31/2024
03033F,VA NORTHERN ARIZONA HEALTHCARE SYSTEM,500 HIGHWAY 89 NORTH,PRESCOTT,AZ,86313,YAVAPAI,(928) 445-4860,Electronic Clinical Quality Measure,VTE-2,Intensive Care Unit Venous Thromboembolism Prophylaxis,Percentage,Not Available,Not Available,5,01/01/2024,12/31/2024
04009F,FAYETTEVILLE AR VA MEDICAL CENTER,1100 N. COLLEGE AVENUE,FAYETTEVILLE,AR,72703,WASHINGTON,(479) 444-5058,Emergency Department,EDV,Emergency department volume,Text,low,,,01/01/2024,12/31/2024
04009F,FAYETTEVILLE AR VA MEDICAL CENTER,1100 N. COLLEGE AVENUE,FAYETTEVILLE,AR,72703,WASHINGTON,(479) 444-5058,Healthcare Personnel Vaccination,IMM-3,Healthcare workers given influenza vaccination,Percentage,83,2283,,10/01/2024,03/31/2025
04009F,FAYETTEVILLE AR VA MEDICAL CENTER,1100 N. COLLEGE AVENUE,FAYETTEVILLE,AR,72703,WASHINGTON,(479) 444-5058,Emergency Department,OP-18b,"Average (median) time patients spent in the emergency department before leaving from the visit, excluding patients transferred to another facility or psychiatric care/mental health patients. A lower number of minutes is better",Minutes,Not Available,Not Available,5,10/01/2024,09/30/2025
04009F,FAYETTEVILLE AR VA MEDICAL CENTER,1100 N. COLLEGE AVENUE,FAYETTEVILLE,AR,72703,WASHINGTON,(479) 444-5058,Emergency Department,OP-18c,Average (median) time psychiatric/mental health patients spent in the emergency department before leaving from the visit. A lower number of minutes is better,Minutes,Not Available,Not Available,5,10/01/2024,09/30/2025
04009F,FAYETTEVILLE AR VA MEDICAL CENTER,1100 N. COLLEGE AVENUE,FAYETTEVILLE,AR,72703,WASHINGTON,(479) 444-5058,Emergency Department,OP-22,Left before being seen,Percentage,1,13685,,01/01/2024,12/31/2024
04009F,FAYETTEVILLE AR VA MEDICAL CENTER,1100 N. COLLEGE AVENUE,FAYETTEVILLE,AR,72703,WASHINGTON,(479) 444-5058,Emergency Department,OP-23,Head CT results,Percentage,Not Available,Not Available,5,10/01/2024,09/30/2025
04009F,FAYETTEVILLE AR VA MEDICAL CENTER,1100 N. COLLEGE AVENUE,FAYETTEVILLE,AR,72703,WASHINGTON,(479) 444-5058,Colonoscopy care,OP-29,Endoscopy/polyp surveillance: appropriate follow-up interval for normal colonoscopy in average risk patients,Percentage,92,51,,01/01/2024,12/31/2024
04009F,FAYETTEVILLE AR VA MEDICAL CENTER,1100 N. COLLEGE AVENUE,FAYETTEVILLE,AR,72703,WASHINGTON,(479) 444-5058,Sepsis Care,SEP-1,Appropriate care for severe sepsis and septic shock,Percentage,72,39,,10/01/2024,09/30/2025
04009F,FAYETTEVILLE AR VA MEDICAL CENTER,1100 N. COLLEGE AVENUE,FAYETTEVILLE,AR,72703,WASHINGTON,(479) 444-5058,Electronic Clinical Quality Measure,STK-02,Discharged on Antithrombotic Therapy,Percentage,Not Available,Not Available,1,01/01/2024,12/31/2024
04009F,FAYETTEVILLE AR VA MEDICAL CENTER,1100 N. COLLEGE AVENUE,FAYETTEVILLE,AR,72703,WASHINGTON,(479) 444-5058,Electronic Clinical Quality Measure,VTE-1,Venous Thromboembolism Prophylaxis,Percentage,81,473,,01/01/2024,12/31/2024
04009F,FAYETTEVILLE AR VA MEDICAL CENTER,1100 N. COLLEGE AVENUE,FAYETTEVILLE,AR,72703,WASHINGTON,(479) 444-5058,Electronic Clinical Quality Measure,VTE-2,Intensive Care Unit Venous Thromboembolism Prophylaxis,Percentage,86,153,,01/01/2024,12/31/2024
04010F,VA CENTRAL AR. VETERANS HEALTHCARE SYSTEM LR,4300 WEST SEVENTH STREET,LITTLE ROCK,AR,72205,PULASKI,(501) 257-1000,Emergency Department,EDV,Emergency department volume,Text,medium,,,01/01/2024,12/31/2024
04010F,VA CENTRAL AR. VETERANS HEALTHCARE SYSTEM LR,4300 WEST SEVENTH STREET,LITTLE ROCK,AR,72205,PULASKI,(501) 257-1000,Healthcare Personnel Vaccination,IMM-3,Healthcare workers given influenza vaccination,Percentage,79,4035,,10/01/2024,03/31/2025
04010F,VA CENTRAL AR. VETERANS HEALTHCARE SYSTEM LR,4300 WEST SEVENTH STREET,LITTLE ROCK,AR,72205,PULASKI,(501) 257-1000,Emergency Department,OP-18b,"Average (median) time patients spent in the emergency department before leaving from the visit, excluding patients transferred to another facility or psychiatric care/mental health patients. A lower number of minutes is better",Minutes,124,287,,10/01/2024,09/30/2025
04010F,VA CENTRAL AR. VETERANS HEALTHCARE SYSTEM LR,4300 WEST SEVENTH STREET,LITTLE ROCK,AR,72205,PULASKI,(501) 257-1000,Emergency Department,OP-18c,Average (median) time psychiatric/mental health patients spent in the emergency department before leaving from the visit. A lower number of minutes is better,Minutes,275,24,,10/01/2024,09/30/2025
04010F,VA CENTRAL AR. VETERANS HEALTHCARE SYSTEM LR,4300 WEST SEVENTH STREET,LITTLE ROCK,AR,72205,PULASKI,(501) 257-1000,Emergency Department,OP-22,Left before being seen,Percentage,1,26623,,01/01/2024,12/31/2024
04010F,VA CENTRAL AR. VETERANS HEALTHCARE SYSTEM LR,4300 WEST SEVENTH STREET,LITTLE ROCK,AR,72205,PULASKI,(501) 257-1000,Emergency Department,OP-23,Head CT results,Percentage,73,11,,10/01/2024,09/30/2025
04010F,VA CENTRAL AR. VETERANS HEALTHCARE SYSTEM LR,4300 WEST SEVENTH STREET,LITTLE ROCK,AR,72205,PULASKI,(501) 257-1000,Colonoscopy care,OP-29,Endoscopy/polyp surveillance: appropriate follow-up interval for normal colonoscopy in average risk patients,Percentage,100,32,,01/01/2024,12/31/2024
04010F,VA CENTRAL AR. VETERANS HEALTHCARE SYSTEM LR,4300 WEST SEVENTH STREET,LITTLE ROCK,AR,72205,PULASKI,(501) 257-1000,Sepsis Care,SEP-1,Appropriate care for severe sepsis and septic shock,Percentage,67,102,,10/01/2024,09/30/2025
04010F,VA CENTRAL AR. VETERANS HEALTHCARE SYSTEM LR,4300 WEST SEVENTH STREET,LITTLE ROCK,AR,72205,PULASKI,(501) 257-1000,Electronic Clinical Quality Measure,STK-02,Discharged on Antithrombotic Therapy,Percentage,96,114,,01/01/2024,12/31/2024
04010F,VA CENTRAL AR. VETERANS HEALTHCARE SYSTEM LR,4300 WEST SEVENTH STREET,LITTLE ROCK,AR,72205,PULASKI,(501) 257-1000,Electronic Clinical Quality Measure,VTE-1,Venous Thromboembolism Prophylaxis,Percentage,76,3083,,01/01/2024,12/31/2024
04010F,VA CENTRAL AR. VETERANS HEALTHCARE SYSTEM LR,4300 WEST SEVENTH STREET,LITTLE ROCK,AR,72205,PULASKI,(501) 257-1000,Electronic Clinical Quality Measure,VTE-2,Intensive Care Unit Venous Thromboembolism Prophylaxis,Percentage,71,1296,,01/01/2024,12/31/2024
05025F,FRESNO VA MEDICAL CENTER (VA CENTRAL CALIFORNIA HEALTHCARE SYSTEM),2615 E. CLINTON AVENUE,FRESNO,CA,93703,FRESNO,(559) 228-5338,Emergency Department,EDV,Emergency department volume,Text,low,,,01/01/2024,12/31/2024
05025F,FRESNO VA MEDICAL CENTER (VA CENTRAL CALIFORNIA HEALTHCARE SYSTEM),2615 E. CLINTON AVENUE,FRESNO,CA,93703,FRESNO,(559) 228-5338,Healthcare Personnel Vaccination,IMM-3,Healthcare workers given influenza vaccination,Percentage,85,1906,,10/01/2024,03/31/2025
05025F,FRESNO VA MEDICAL CENTER (VA CENTRAL CALIFORNIA HEALTHCARE SYSTEM),2615 E. CLINTON AVENUE,FRESNO,CA,93703,FRESNO,(559) 228-5338,Emergency Department,OP-18b,"Average (median) time patients spent in the emergency department before leaving from the visit, excluding patients transferred to another facility or psychiatric care/mental health patients. A lower number of minutes is better",Minutes,Not Available,Not Available,5,10/01/2024,09/30/2025
05025F,FRESNO VA MEDICAL CENTER (VA CENTRAL CALIFORNIA HEALTHCARE SYSTEM),2615 E. CLINTON AVENUE,FRESNO,CA,93703,FRESNO,(559) 228-5338,Emergency Department,OP-18c,Average (median) time psychiatric/mental health patients spent in the emergency department before leaving from the visit. A lower number of minutes is better,Minutes,Not Available,Not Available,5,10/01/2024,09/30/2025
05025F,FRESNO VA MEDICAL CENTER (VA CENTRAL CALIFORNIA HEALTHCARE SYSTEM),2615 E. CLINTON AVENUE,FRESNO,CA,93703,FRESNO,(559) 228-5338,Emergency Department,OP-22,Left before being seen,Percentage,1,18210,,01/01/2024,12/31/2024
05025F,FRESNO VA MEDICAL CENTER (VA CENTRAL CALIFORNIA HEALTHCARE SYSTEM),2615 E. CLINTON AVENUE,FRESNO,CA,93703,FRESNO,(559) 228-5338,Emergency Department,OP-23,Head CT results,Percentage,Not Available,Not Available,5,10/01/2024,09/30/2025
05025F,FRESNO VA MEDICAL CENTER (VA CENTRAL CALIFORNIA HEALTHCARE SYSTEM),2615 E. CLINTON AVENUE,FRESNO,CA,93703,FRESNO,(559) 228-5338,Colonoscopy care,OP-29,Endoscopy/polyp surveillance: appropriate follow-up interval for normal colonoscopy in average risk patients,Percentage,100,34,,01/01/2024,12/31/2024
05025F,FRESNO VA MEDICAL CENTER (VA CENTRAL CALIFORNIA HEALTHCARE SYSTEM),2615 E. CLINTON AVENUE,FRESNO,CA,93703,FRESNO,(559) 228-5338,Sepsis Care,SEP-1,Appropriate care for severe sepsis and septic shock,Percentage,82,128,,10/01/2024,09/30/2025
05025F,FRESNO VA MEDICAL CENTER (VA CENTRAL CALIFORNIA HEALTHCARE SYSTEM),2615 E. CLINTON AVENUE,FRESNO,CA,93703,FRESNO,(559) 228-5338,Electronic Clinical Quality Measure,STK-02,Discharged on Antithrombotic Therapy,Percentage,100,38,,01/01/2024,12/31/2024
05025F,FRESNO VA MEDICAL CENTER (VA CENTRAL CALIFORNIA HEALTHCARE SYSTEM),2615 E. CLINTON AVENUE,FRESNO,CA,93703,FRESNO,(559) 228-5338,Electronic Clinical Quality Measure,VTE-1,Venous Thromboembolism Prophylaxis,Percentage,87,1363,,01/01/2024,12/31/2024
05025F,FRESNO VA MEDICAL CENTER (VA CENTRAL CALIFORNIA HEALTHCARE SYSTEM),2615 E. CLINTON AVENUE,FRESNO,CA,93703,FRESNO,(559) 228-5338,Electronic Clinical Quality Measure,VTE-2,Intensive Care Unit Venous Thromboembolism Prophylaxis,Percentage,78,699,,01/01/2024,12/31/2024
05027F,VA LONG BEACH HEALTHCARE SYSTEM,5901 E. SEVENTH STREET,LONG BEACH,CA,90822,LOS ANGELES,(562) 826-8000,Emergency Department,EDV,Emergency department volume,Text,medium,,,01/01/2024,12/31/2024
05027F,VA LONG BEACH HEALTHCARE SYSTEM,5901 E. SEVENTH STREET,LONG BEACH,CA,90822,LOS ANGELES,(562) 826-8000,Healthcare Personnel Vaccination,IMM-3,Healthcare workers given influenza vaccination,Percentage,83,4102,,10/01/2024,03/31/2025
05027F,VA LONG BEACH HEALTHCARE SYSTEM,5901 E. SEVENTH STREET,LONG BEACH,CA,90822,LOS ANGELES,(562) 826-8000,Emergency Department,OP-18b,"Average (median) time patients spent in the emergency department before leaving from the visit, excluding patients transferred to another facility or psychiatric care/mental health patients. A lower number of minutes is better",Minutes,Not Available,Not Available,5,10/01/2024,09/30/2025
05027F,VA LONG BEACH HEALTHCARE SYSTEM,5901 E. SEVENTH STREET,LONG BEACH,CA,90822,LOS ANGELES,(562) 826-8000,Emergency Department,OP-18c,Average (median) time psychiatric/mental health patients spent in the emergency department before leaving from the visit. A lower number of minutes is better,Minutes,Not Available,Not Available,5,10/01/2024,09/30/2025
05027F,VA LONG BEACH HEALTHCARE SYSTEM,5901 E. SEVENTH STREET,LONG BEACH,CA,90822,LOS ANGELES,(562) 826-8000,Emergency Department,OP-22,Left before being seen,Percentage,1,30139,,01/01/2024,12/31/2024
05027F,VA LONG BEACH HEALTHCARE SYSTEM,5901 E. SEVENTH STREET,LONG BEACH,CA,90822,LOS ANGELES,(562) 826-8000,Emergency Department,OP-23,Head CT results,Percentage,Not Available,Not Available,5,10/01/2024,09/30/2025
05027F,VA LONG BEACH HEALTHCARE SYSTEM,5901 E. SEVENTH STREET,LONG BEACH,CA,90822,LOS ANGELES,(562) 826-8000,Colonoscopy care,OP-29,Endoscopy/polyp surveillance: appropriate follow-up interval for normal colonoscopy in average risk patients,Percentage,100,18,,01/01/2024,12/31/2024
05027F,VA LONG BEACH HEALTHCARE SYSTEM,5901 E. SEVENTH STREET,LONG BEACH,CA,90822,LOS ANGELES,(562) 826-8000,Sepsis Care,SEP-1,Appropriate care for severe sepsis and septic shock,Percentage,93,101,,10/01/2024,09/30/2025
05027F,VA LONG BEACH HEALTHCARE SYSTEM,5901 E. SEVENTH STREET,LONG BEACH,CA,90822,LOS ANGELES,(562) 826-8000,Electronic Clinical Quality Measure,STK-02,Discharged on Antithrombotic Therapy,Percentage,100,42,,01/01/2024,12/31/2024
05027F,VA LONG BEACH HEALTHCARE SYSTEM,5901 E. SEVENTH STREET,LONG BEACH,CA,90822,LOS ANGELES,(562) 826-8000,Electronic Clinical Quality Measure,VTE-1,Venous Thromboembolism Prophylaxis,Percentage,80,3105,,01/01/2024,12/31/2024
05027F,VA LONG BEACH HEALTHCARE SYSTEM,5901 E. SEVENTH STREET,LONG BEACH,CA,90822,LOS ANGELES,(562) 826-8000,Electronic Clinical Quality Measure,VTE-2,Intensive Care Unit Venous Thromboembolism Prophylaxis,Percentage,75,437,,01/01/2024,12/31/2024
05030F,VA N CALIFORNIA HEALTHCARE SYSTEM,10535 HOSPITAL WAY,MATHER,CA,95655,SACRAMENTO,(800) 382-8387,Emergency Department,EDV,Emergency department volume,Text,medium,,,01/01/2024,12/31/2024
05030F,VA N CALIFORNIA HEALTHCARE SYSTEM,10535 HOSPITAL WAY,MATHER,CA,95655,SACRAMENTO,(800) 382-8387,Healthcare Personnel Vaccination,IMM-3,Healthcare workers given influenza vaccination,Percentage,84,4645,,10/01/2024,03/31/2025
05030F,VA N CALIFORNIA HEALTHCARE SYSTEM,10535 HOSPITAL WAY,MATHER,CA,95655,SACRAMENTO,(800) 382-8387,Emergency Department,OP-18b,"Average (median) time patients spent in the emergency department before leaving from the visit, excluding patients transferred to another facility or psychiatric care/mental health patients. A lower number of minutes is better",Minutes,289,92,,10/01/2024,09/30/2025
05030F,VA N CALIFORNIA HEALTHCARE SYSTEM,10535 HOSPITAL WAY,MATHER,CA,95655,SACRAMENTO,(800) 382-8387,Emergency Department,OP-18c,Average (median) time psychiatric/mental health patients spent in the emergency department before leaving from the visit. A lower number of minutes is better,Minutes,352,17,,10/01/2024,09/30/2025
05030F,VA N CALIFORNIA HEALTHCARE SYSTEM,10535 HOSPITAL WAY,MATHER,CA,95655,SACRAMENTO,(800) 382-8387,Emergency Department,OP-22,Left before being seen,Percentage,2,28613,,01/01/2024,12/31/2024
05030F,VA N CALIFORNIA HEALTHCARE SYSTEM,10535 HOSPITAL WAY,MATHER,CA,95655,SACRAMENTO,(800) 382-8387,Emergency Department,OP-23,Head CT results,Percentage,Not Available,Not Available,1,10/01/2024,09/30/2025
05030F,VA N CALIFORNIA HEALTHCARE SYSTEM,10535 HOSPITAL WAY,MATHER,CA,95655,SACRAMENTO,(800) 382-8387,Colonoscopy care,OP-29,Endoscopy/polyp surveillance: appropriate follow-up interval for normal colonoscopy in average risk patients,Percentage,93,14,,01/01/2024,12/31/2024
05030F,VA N CALIFORNIA HEALTHCARE SYSTEM,10535 HOSPITAL WAY,MATHER,CA,95655,SACRAMENTO,(800) 382-8387,Sepsis Care,SEP-1,Appropriate care for severe sepsis and septic shock,Percentage,52,140,,10/01/2024,09/30/2025
05030F,VA N CALIFORNIA HEALTHCARE SYSTEM,10535 HOSPITAL WAY,MATHER,CA,95655,SACRAMENTO,(800) 382-8387,Electronic Clinical Quality Measure,STK-02,Discharged on Antithrombotic Therapy,Percentage,96,51,,01/01/2024,12/31/2024
05030F,VA N CALIFORNIA HEALTHCARE SYSTEM,10535 HOSPITAL WAY,MATHER,CA,95655,SACRAMENTO,(800) 382-8387,Electronic Clinical Quality Measure,VTE-1,Venous Thromboembolism Prophylaxis,Percentage,59,2367,,01/01/2024,12/31/2024
05030F,VA N CALIFORNIA HEALTHCARE SYSTEM,10535 HOSPITAL WAY,MATHER,CA,95655,SACRAMENTO,(800) 382-8387,Electronic Clinical Quality Measure,VTE-2,Intensive Care Unit Venous Thromboembolism Prophylaxis,Percentage,64,415,,01/01/2024,12/31/2024
05031F,PALO ALTO VA MEDICAL CENTER,3801 MIRANDA AVENUE,PALO ALTO,CA,94304,SANTA CLARA,(650) 858-3939,Emergency Department,EDV,Emergency department volume,Text,low,,,01/01/2024,12/31/2024
05031F,PALO ALTO VA MEDICAL CENTER,3801 MIRANDA AVENUE,PALO ALTO,CA,94304,SANTA CLARA,(650) 858-3939,Healthcare Personnel Vaccination,IMM-3,Healthcare workers given influenza vaccination,Percentage,86,5324,,10/01/2024,03/31/2025
05031F,PALO ALTO VA MEDICAL CENTER,3801 MIRANDA AVENUE,PALO ALTO,CA,94304,SANTA CLARA,(650) 858-3939,Emergency Department,OP-18b,"Average (median) time patients spent in the emergency department before leaving from the visit, excluding patients transferred to another facility or psychiatric care/mental health patients. A lower number of minutes is better",Minutes,156,315,,10/01/2024,09/30/2025
05031F,PALO ALTO VA MEDICAL CENTER,3801 MIRANDA AVENUE,PALO ALTO,CA,94304,SANTA CLARA,(650) 858-3939,Emergency Department,OP-18c,Average (median) time psychiatric/mental health patients spent in the emergency department before leaving from the visit. A lower number of minutes is better,Minutes,251,35,,10/01/2024,09/30/2025
05031F,PALO ALTO VA MEDICAL CENTER,3801 MIRANDA AVENUE,PALO ALTO,CA,94304,SANTA CLARA,(650) 858-3939,Emergency Department,OP-22,Left before being seen,Percentage,1,15272,,01/01/2024,12/31/2024
05031F,PALO ALTO VA MEDICAL CENTER,3801 MIRANDA AVENUE,PALO ALTO,CA,94304,SANTA CLARA,(650) 858-3939,Emergency Department,OP-23,Head CT results,Percentage,Not Available,Not Available,5,10/01/2024,09/30/2025
05031F,PALO ALTO VA MEDICAL CENTER,3801 MIRANDA AVENUE,PALO ALTO,CA,94304,SANTA CLARA,(650) 858-3939,Colonoscopy care,OP-29,Endoscopy/polyp surveillance: appropriate follow-up interval for normal colonoscopy in average risk patients,Percentage,100,21,,01/01/2024,12/31/2024
05031F,PALO ALTO VA MEDICAL CENTER,3801 MIRANDA AVENUE,PALO ALTO,CA,94304,SANTA CLARA,(650) 858-3939,Sepsis Care,SEP-1,Appropriate care for severe sepsis and septic shock,Percentage,68,50,,10/01/2024,09/30/2025
05031F,PALO ALTO VA MEDICAL CENTER,3801 MIRANDA AVENUE,PALO ALTO,CA,94304,SANTA CLARA,(650) 858-3939,Electronic Clinical Quality Measure,STK-02,Discharged on Antithrombotic Therapy,Percentage,96,26,,01/01/2024,12/31/2024
05031F,PALO ALTO VA MEDICAL CENTER,3801 MIRANDA AVENUE,PALO ALTO,CA,94304,SANTA CLARA,(650) 858-3939,Electronic Clinical Quality Measure,VTE-1,Venous Thromboembolism Prophylaxis,Percentage,73,2413,,01/01/2024,12/31/2024
05031F,PALO ALTO VA MEDICAL CENTER,3801 MIRANDA AVENUE,PALO ALTO,CA,94304,SANTA CLARA,(650) 858-3939,Electronic Clinical Quality Measure,VTE-2,Intensive Care Unit Venous Thromboembolism Prophylaxis,Percentage,57,468,,01/01/2024,12/31/2024
05114F,VA SAN DIEGO HEALTHCARE SYSTEM,3350 LA JOLLA VILLAGE DRIVE,SAN DIEGO,CA,92161,SAN DIEGO,(858) 552-8585,Emergency Department,EDV,Emergency department volume,Text,medium,,,01/01/2024,12/31/2024
05114F,VA SAN DIEGO HEALTHCARE SYSTEM,3350 LA JOLLA VILLAGE DRIVE,SAN DIEGO,CA,92161,SAN DIEGO,(858) 552-8585,Healthcare Personnel Vaccination,IMM-3,Healthcare workers given influenza vaccination,Percentage,89,4417,,10/01/2024,03/31/2025
05114F,VA SAN DIEGO HEALTHCARE SYSTEM,3350 LA JOLLA VILLAGE DRIVE,SAN DIEGO,CA,92161,SAN DIEGO,(858) 552-8585,Emergency Department,OP-18b,"Average (median) time patients spent in the emergency department before leaving from the visit, excluding patients transferred to another facility or psychiatric care/mental health patients. A lower number of minutes is better",Minutes,262,107,,10/01/2024,09/30/2025
05114F,VA SAN DIEGO HEALTHCARE SYSTEM,3350 LA JOLLA VILLAGE DRIVE,SAN DIEGO,CA,92161,SAN DIEGO,(858) 552-8585,Emergency Department,OP-18c,Average (median) time psychiatric/mental health patients spent in the emergency department before leaving from the visit. A lower number of minutes is better,Minutes,392,21,,10/01/2024,09/30/2025
05114F,VA SAN DIEGO HEALTHCARE SYSTEM,3350 LA JOLLA VILLAGE DRIVE,SAN DIEGO,CA,92161,SAN DIEGO,(858) 552-8585,Emergency Department,OP-22,Left before being seen,Percentage,1,34604,,01/01/2024,12/31/2024
05114F,VA SAN DIEGO HEALTHCARE SYSTEM,3350 LA JOLLA VILLAGE DRIVE,SAN DIEGO,CA,92161,SAN DIEGO,(858) 552-8585,Emergency Department,OP-23,Head CT results,Percentage,Not Available,Not Available,1,10/01/2024,09/30/2025
05114F,VA SAN DIEGO HEALTHCARE SYSTEM,3350 LA JOLLA VILLAGE DRIVE,SAN DIEGO,CA,92161,SAN DIEGO,(858) 552-8585,Colonoscopy care,OP-29,Endoscopy/polyp surveillance: appropriate follow-up interval for normal colonoscopy in average risk patients,Percentage,97,37,,01/01/2024,12/31/2024
05114F,VA SAN DIEGO HEALTHCARE SYSTEM,3350 LA JOLLA VILLAGE DRIVE,SAN DIEGO,CA,92161,SAN DIEGO,(858) 552-8585,Sepsis Care,SEP-1,Appropriate care for severe sepsis and septic shock,Percentage,50,114,,10/01/2024,09/30/2025
05114F,VA SAN DIEGO HEALTHCARE SYSTEM,3350 LA JOLLA VILLAGE DRIVE,SAN DIEGO,CA,92161,SAN DIEGO,(858) 552-8585,Electronic Clinical Quality Measure,STK-02,Discharged on Antithrombotic Therapy,Percentage,98,52,,01/01/2024,12/31/2024
05114F,VA SAN DIEGO HEALTHCARE SYSTEM,3350 LA JOLLA VILLAGE DRIVE,SAN DIEGO,CA,92161,SAN DIEGO,(858) 552-8585,Electronic Clinical Quality Measure,VTE-1,Venous Thromboembolism Prophylaxis,Percentage,70,3492,,01/01/2024,12/31/2024
05114F,VA SAN DIEGO HEALTHCARE SYSTEM,3350 LA JOLLA VILLAGE DRIVE,SAN DIEGO,CA,92161,SAN DIEGO,(858) 552-8585,Electronic Clinical Quality Measure,VTE-2,Intensive Care Unit Venous Thromboembolism Prophylaxis,Percentage,59,514,,01/01/2024,12/31/2024
05127F,LOMA LINDA VA MEDICAL CENTER,11201 BENTON STREET,LOMA LINDA,CA,92357,SAN BERNARDINO,(909) 825-7084,Emergency Department,EDV,Emergency department volume,Text,medium,,,01/01/2024,12/31/2024
05127F,LOMA LINDA VA MEDICAL CENTER,11201 BENTON STREET,LOMA LINDA,CA,92357,SAN BERNARDINO,(909) 825-7084,Healthcare Personnel Vaccination,IMM-3,Healthcare workers given influenza vaccination,Percentage,78,3952,,10/01/2024,03/31/2025
05127F,LOMA LINDA VA MEDICAL CENTER,11201 BENTON STREET,LOMA LINDA,CA,92357,SAN BERNARDINO,(909) 825-7084,Emergency Department,OP-18b,"Average (median) time patients spent in the emergency department before leaving from the visit, excluding patients transferred to another facility or psychiatric care/mental health patients. A lower number of minutes is better",Minutes,225,171,,10/01/2024,09/30/2025
05127F,LOMA LINDA VA MEDICAL CENTER,11201 BENTON STREET,LOMA LINDA,CA,92357,SAN BERNARDINO,(909) 825-7084,Emergency Department,OP-18c,Average (median) time psychiatric/mental health patients spent in the emergency department before leaving from the visit. A lower number of minutes is better,Minutes,272,26,,10/01/2024,09/30/2025
05127F,LOMA LINDA VA MEDICAL CENTER,11201 BENTON STREET,LOMA LINDA,CA,92357,SAN BERNARDINO,(909) 825-7084,Emergency Department,OP-22,Left before being seen,Percentage,2,34529,,01/01/2024,12/31/2024
05127F,LOMA LINDA VA MEDICAL CENTER,11201 BENTON STREET,LOMA LINDA,CA,92357,SAN BERNARDINO,(909) 825-7084,Emergency Department,OP-23,Head CT results,Percentage,Not Available,Not Available,1,10/01/2024,09/30/2025
05127F,LOMA LINDA VA MEDICAL CENTER,11201 BENTON STREET,LOMA LINDA,CA,92357,SAN BERNARDINO,(909) 825-7084,Colonoscopy care,OP-29,Endoscopy/polyp surveillance: appropriate follow-up interval for normal colonoscopy in average risk patients,Percentage,100,13,,01/01/2024,12/31/2024
05127F,LOMA LINDA VA MEDICAL CENTER,11201 BENTON STREET,LOMA LINDA,CA,92357,SAN BERNARDINO,(909) 825-7084,Sepsis Care,SEP-1,Appropriate care for severe sepsis and septic shock,Percentage,56,147,,10/01/2024,09/30/2025
05127F,LOMA LINDA VA MEDICAL CENTER,11201 BENTON STREET,LOMA LINDA,CA,92357,SAN BERNARDINO,(909) 825-7084,Electronic Clinical Quality Measure,STK-02,Discharged on Antithrombotic Therapy,Percentage,100,64,,01/01/2024,12/31/2024
05127F,LOMA LINDA VA MEDICAL CENTER,11201 BENTON STREET,LOMA LINDA,CA,92357,SAN BERNARDINO,(909) 825-7084,Electronic Clinical Quality Measure,VTE-1,Venous Thromboembolism Prophylaxis,Percentage,71,3323,,01/01/2024,12/31/2024
05127F,LOMA LINDA VA MEDICAL CENTER,11201 BENTON STREET,LOMA LINDA,CA,92357,SAN BERNARDINO,(909) 825-7084,Electronic Clinical Quality Measure,VTE-2,Intensive Care Unit Venous Thromboembolism Prophylaxis,Percentage,78,325,,01/01/2024,12/31/2024
05128F,VA GREATER LOS ANGELES HEALTHCARE SYSTEM,11301 WILSHIRE BLVD.,LOS ANGELES,CA,90073,LOS ANGELES,(310) 478-3711,Emergency Department,EDV,Emergency department volume,Text,medium,,,01/01/2024,12/31/2024
05128F,VA GREATER LOS ANGELES HEALTHCARE SYSTEM,11301 WILSHIRE BLVD.,LOS ANGELES,CA,90073,LOS ANGELES,(310) 478-3711,Healthcare Personnel Vaccination,IMM-3,Healthcare workers given influenza vaccination,Percentage,77,5763,,10/01/2024,03/31/2025
05128F,VA GREATER LOS ANGELES HEALTHCARE SYSTEM,11301 WILSHIRE BLVD.,LOS ANGELES,CA,90073,LOS ANGELES,(310) 478-3711,Emergency Department,OP-18b,"Average (median) time patients spent in the emergency department before leaving from the visit, excluding patients transferred to another facility or psychiatric care/mental health patients. A lower number of minutes is better",Minutes,121,313,,10/01/2024,09/30/2025
05128F,VA GREATER LOS ANGELES HEALTHCARE SYSTEM,11301 WILSHIRE BLVD.,LOS ANGELES,CA,90073,LOS ANGELES,(310) 478-3711,Emergency Department,OP-18c,Average (median) time psychiatric/mental health patients spent in the emergency department before leaving from the visit. A lower number of minutes is better,Minutes,340,41,,10/01/2024,09/30/2025
05128F,VA GREATER LOS ANGELES HEALTHCARE SYSTEM,11301 WILSHIRE BLVD.,LOS ANGELES,CA,90073,LOS ANGELES,(310) 478-3711,Emergency Department,OP-22,Left before being seen,Percentage,1,28019,,01/01/2024,12/31/2024
05128F,VA GREATER LOS ANGELES HEALTHCARE SYSTEM,11301 WILSHIRE BLVD.,LOS ANGELES,CA,90073,LOS ANGELES,(310) 478-3711,Emergency Department,OP-23,Head CT results,Percentage,Not Available,Not Available,1,10/01/2024,09/30/2025
05128F,VA GREATER LOS ANGELES HEALTHCARE SYSTEM,11301 WILSHIRE BLVD.,LOS ANGELES,CA,90073,LOS ANGELES,(310) 478-3711,Colonoscopy care,OP-29,Endoscopy/polyp surveillance: appropriate follow-up interval for normal colonoscopy in average risk patients,Percentage,100,27,,01/01/2024,12/31/2024
05128F,VA GREATER LOS ANGELES HEALTHCARE SYSTEM,11301 WILSHIRE BLVD.,LOS ANGELES,CA,90073,LOS ANGELES,(310) 478-3711,Sepsis Care,SEP-1,Appropriate care for severe sepsis and septic shock,Percentage,76,112,,10/01/2024,09/30/2025
05128F,VA GREATER LOS ANGELES HEALTHCARE SYSTEM,11301 WILSHIRE BLVD.,LOS ANGELES,CA,90073,LOS ANGELES,(310) 478-3711,Electronic Clinical Quality Measure,STK-02,Discharged on Antithrombotic Therapy,Percentage,89,62,,01/01/2024,12/31/2024
05128F,VA GREATER LOS ANGELES HEALTHCARE SYSTEM,11301 WILSHIRE BLVD.,LOS ANGELES,CA,90073,LOS ANGELES,(310) 478-3711,Electronic Clinical Quality Measure,VTE-1,Venous Thromboembolism Prophylaxis,Percentage,65,3482,,01/01/2024,12/31/2024
05128F,VA GREATER LOS ANGELES HEALTHCARE SYSTEM,11301 WILSHIRE BLVD.,LOS ANGELES,CA,90073,LOS ANGELES,(310) 478-3711,Electronic Clinical Quality Measure,VTE-2,Intensive Care Unit Venous Thromboembolism Prophylaxis,Percentage,62,625,,01/01/2024,12/31/2024
05130F,SAN FRANCISCO VA MEDICAL CENTER,4150 CLEMENT STREET,SAN FRANCISCO,CA,94121,SAN FRANCISCO,(415) 221-4810,Emergency Department,EDV,Emergency department volume,Text,low,,,01/01/2024,12/31/2024
05130F,SAN FRANCISCO VA MEDICAL CENTER,4150 CLEMENT STREET,SAN FRANCISCO,CA,94121,SAN FRANCISCO,(415) 221-4810,Healthcare Personnel Vaccination,IMM-3,Healthcare workers given influenza vaccination,Percentage,83,3736,,10/01/2024,03/31/2025
05130F,SAN FRANCISCO VA MEDICAL CENTER,4150 CLEMENT STREET,SAN FRANCISCO,CA,94121,SAN FRANCISCO,(415) 221-4810,Emergency Department,OP-18b,"Average (median) time patients spent in the emergency department before leaving from the visit, excluding patients transferred to another facility or psychiatric care/mental health patients. A lower number of minutes is better",Minutes,147,244,,10/01/2024,09/30/2025
05130F,SAN FRANCISCO VA MEDICAL CENTER,4150 CLEMENT STREET,SAN FRANCISCO,CA,94121,SAN FRANCISCO,(415) 221-4810,Emergency Department,OP-18c,Average (median) time psychiatric/mental health patients spent in the emergency department before leaving from the visit. A lower number of minutes is better,Minutes,195,22,,10/01/2024,09/30/2025
05130F,SAN FRANCISCO VA MEDICAL CENTER,4150 CLEMENT STREET,SAN FRANCISCO,CA,94121,SAN FRANCISCO,(415) 221-4810,Emergency Department,OP-22,Left before being seen,Percentage,1,14323,,01/01/2024,12/31/2024
05130F,SAN FRANCISCO VA MEDICAL CENTER,4150 CLEMENT STREET,SAN FRANCISCO,CA,94121,SAN FRANCISCO,(415) 221-4810,Emergency Department,OP-23,Head CT results,Percentage,Not Available,Not Available,1,10/01/2024,09/30/2025
05130F,SAN FRANCISCO VA MEDICAL CENTER,4150 CLEMENT STREET,SAN FRANCISCO,CA,94121,SAN FRANCISCO,(415) 221-4810,Colonoscopy care,OP-29,Endoscopy/polyp surveillance: appropriate follow-up interval for normal colonoscopy in average risk patients,Percentage,100,14,,01/01/2024,12/31/2024
05130F,SAN FRANCISCO VA MEDICAL CENTER,4150 CLEMENT STREET,SAN FRANCISCO,CA,94121,SAN FRANCISCO,(415) 221-4810,Sepsis Care,SEP-1,Appropriate care for severe sepsis and septic shock,Percentage,61,75,,10/01/2024,09/30/2025
05130F,SAN FRANCISCO VA MEDICAL CENTER,4150 CLEMENT STREET,SAN FRANCISCO,CA,94121,SAN FRANCISCO,(415) 221-4810,Electronic Clinical Quality Measure,STK-02,Discharged on Antithrombotic Therapy,Percentage,97,35,,01/01/2024,12/31/2024
05130F,SAN FRANCISCO VA MEDICAL CENTER,4150 CLEMENT STREET,SAN FRANCISCO,CA,94121,SAN FRANCISCO,(415) 221-4810,Electronic Clinical Quality Measure,VTE-1,Venous Thromboembolism Prophylaxis,Percentage,70,2083,,01/01/2024,12/31/2024
05130F,SAN FRANCISCO VA MEDICAL CENTER,4150 CLEMENT STREET,SAN FRANCISCO,CA,94121,SAN FRANCISCO,(415) 221-4810,Electronic Clinical Quality Measure,VTE-2,Intensive Care Unit Venous Thromboembolism Prophylaxis,Percentage,66,412,,01/01/2024,12/31/2024
06005F,VA EASTERN COLORADO HEALTHCARE SYSTEM,1700 NORTH WHEELING STREET,AURORA,CO,80045,ADAMS,(303) 399-8020,Emergency Department,EDV,Emergency department volume,Text,medium,,,01/01/2024,12/31/2024
06005F,VA EASTERN COLORADO HEALTHCARE SYSTEM,1700 NORTH WHEELING STREET,AURORA,CO,80045,ADAMS,(303) 399-8020,Healthcare Personnel Vaccination,IMM-3,Healthcare workers given influenza vaccination,Percentage,86,3992,,10/01/2024,03/31/2025
06005F,VA EASTERN COLORADO HEALTHCARE SYSTEM,1700 NORTH WHEELING STREET,AURORA,CO,80045,ADAMS,(303) 399-8020,Emergency Department,OP-18b,"Average (median) time patients spent in the emergency department before leaving from the visit, excluding patients transferred to another facility or psychiatric care/mental health patients. A lower number of minutes is better",Minutes,184,168,,10/01/2024,09/30/2025
06005F,VA EASTERN COLORADO HEALTHCARE SYSTEM,1700 NORTH WHEELING STREET,AURORA,CO,80045,ADAMS,(303) 399-8020,Emergency Department,OP-18c,Average (median) time psychiatric/mental health patients spent in the emergency department before leaving from the visit. A lower number of minutes is better,Minutes,Not Available,Not Available,1,10/01/2024,09/30/2025
06005F,VA EASTERN COLORADO HEALTHCARE SYSTEM,1700 NORTH WHEELING STREET,AURORA,CO,80045,ADAMS,(303) 399-8020,Emergency Department,OP-22,Left before being seen,Percentage,3,26646,,01/01/2024,12/31/2024
06005F,VA EASTERN COLORADO HEALTHCARE SYSTEM,1700 NORTH WHEELING STREET,AURORA,CO,80045,ADAMS,(303) 399-8020,Emergency Department,OP-23,Head CT results,Percentage,Not Available,Not Available,1,10/01/2024,09/30/2025
06005F,VA EASTERN COLORADO HEALTHCARE SYSTEM,1700 NORTH WHEELING STREET,AURORA,CO,80045,ADAMS,(303) 399-8020,Colonoscopy care,OP-29,Endoscopy/polyp surveillance: appropriate follow-up interval for normal colonoscopy in average risk patients,Percentage,96,50,,01/01/2024,12/31/2024
06005F,VA EASTERN COLORADO HEALTHCARE SYSTEM,1700 NORTH WHEELING STREET,AURORA,CO,80045,ADAMS,(303) 399-8020,Sepsis Care,SEP-1,Appropriate care for severe sepsis and septic shock,Percentage,64,132,,10/01/2024,09/30/2025
06005F,VA EASTERN COLORADO HEALTHCARE SYSTEM,1700 NORTH WHEELING STREET,AURORA,CO,80045,ADAMS,(303) 399-8020,Electronic Clinical Quality Measure,STK-02,Discharged on Antithrombotic Therapy,Percentage,91,44,,01/01/2024,12/31/2024
06005F,VA EASTERN COLORADO HEALTHCARE SYSTEM,1700 NORTH WHEELING STREET,AURORA,CO,80045,ADAMS,(303) 399-8020,Electronic Clinical Quality Measure,VTE-1,Venous Thromboembolism Prophylaxis,Percentage,62,2157,,01/01/2024,12/31/2024
06005F,VA EASTERN COLORADO HEALTHCARE SYSTEM,1700 NORTH WHEELING STREET,AURORA,CO,80045,ADAMS,(303) 399-8020,Electronic Clinical Quality Measure,VTE-2,Intensive Care Unit Venous Thromboembolism Prophylaxis,Percentage,72,434,,01/01/2024,12/31/2024
06007F,GRAND JUNCTION VA MEDICAL CENTER,2121 N. AVENUE,GRAND JUNCTION,CO,81501,MESA,(970) 244-1329,Emergency Department,EDV,Emergency department volume,Text,low,,,01/01/2024,12/31/2024
06007F,GRAND JUNCTION VA MEDICAL CENTER,2121 N. AVENUE,GRAND JUNCTION,CO,81501,MESA,(970) 244-1329,Healthcare Personnel Vaccination,IMM-3,Healthcare workers given influenza vaccination,Percentage,75,1343,,10/01/2024,03/31/2025
06007F,GRAND JUNCTION VA MEDICAL CENTER,2121 N. AVENUE,GRAND JUNCTION,CO,81501,MESA,(970) 244-1329,Emergency Department,OP-18b,"Average (median) time patients spent in the emergency department before leaving from the visit, excluding patients transferred to another facility or psychiatric care/mental health patients. A lower number of minutes is better",Minutes,Not Available,Not Available,5,10/01/2024,09/30/2025
06007F,GRAND JUNCTION VA MEDICAL CENTER,2121 N. AVENUE,GRAND JUNCTION,CO,81501,MESA,(970) 244-1329,Emergency Department,OP-18c,Average (median) time psychiatric/mental health patients spent in the emergency department before leaving from the visit. A lower number of minutes is better,Minutes,Not Available,Not Available,5,10/01/2024,09/30/2025
06007F,GRAND JUNCTION VA MEDICAL CENTER,2121 N. AVENUE,GRAND JUNCTION,CO,81501,MESA,(970) 244-1329,Emergency Department,OP-22,Left before being seen,Percentage,0,8545,,01/01/2024,12/31/2024
06007F,GRAND JUNCTION VA MEDICAL CENTER,2121 N. AVENUE,GRAND JUNCTION,CO,81501,MESA,(970) 244-1329,Emergency Department,OP-23,Head CT results,Percentage,Not Available,Not Available,5,10/01/2024,09/30/2025
06007F,GRAND JUNCTION VA MEDICAL CENTER,2121 N. AVENUE,GRAND JUNCTION,CO,81501,MESA,(970) 244-1329,Colonoscopy care,OP-29,Endoscopy/polyp surveillance: appropriate follow-up interval for normal colonoscopy in average risk patients,Percentage,97,33,,01/01/2024,12/31/2024
06007F,GRAND JUNCTION VA MEDICAL CENTER,2121 N. AVENUE,GRAND JUNCTION,CO,81501,MESA,(970) 244-1329,Sepsis Care,SEP-1,Appropriate care for severe sepsis and septic shock,Percentage,78,27,,10/01/2024,09/30/2025
06007F,GRAND JUNCTION VA MEDICAL CENTER,2121 N. AVENUE,GRAND JUNCTION,CO,81501,MESA,(970) 244-1329,Electronic Clinical Quality Measure,STK-02,Discharged on Antithrombotic Therapy,Percentage,Not Available,Not Available,5,01/01/2024,12/31/2024
06007F,GRAND JUNCTION VA MEDICAL CENTER,2121 N. AVENUE,GRAND JUNCTION,CO,81501,MESA,(970) 244-1329,Electronic Clinical Quality Measure,VTE-1,Venous Thromboembolism Prophylaxis,Percentage,68,374,,01/01/2024,12/31/2024
06007F,GRAND JUNCTION VA MEDICAL CENTER,2121 N. AVENUE,GRAND JUNCTION,CO,81501,MESA,(970) 244-1329,Electronic Clinical Quality Measure,VTE-2,Intensive Care Unit Venous Thromboembolism Prophylaxis,Percentage,56,142,,01/01/2024,12/31/2024
07003F,WEST HAVEN VA MEDICAL CENTER,950 CAMPBELL AVENUE,WEST HAVEN,CT,06516,NEW HAVEN,(203) 932-5711,Emergency Department,EDV,Emergency department volume,Text,low,,,01/01/2024,12/31/2024
07003F,WEST HAVEN VA MEDICAL CENTER,950 CAMPBELL AVENUE,WEST HAVEN,CT,06516,NEW HAVEN,(203) 932-5711,Healthcare Personnel Vaccination,IMM-3,Healthcare workers given influenza vaccination,Percentage,88,3281,,10/01/2024,03/31/2025
07003F,WEST HAVEN VA MEDICAL CENTER,950 CAMPBELL AVENUE,WEST HAVEN,CT,06516,NEW HAVEN,(203) 932-5711,Emergency Department,OP-18b,"Average (median) time patients spent in the emergency department before leaving from the visit, excluding patients transferred to another facility or psychiatric care/mental health patients. A lower number of minutes is better",Minutes,233,116,,10/01/2024,09/30/2025
07003F,WEST HAVEN VA MEDICAL CENTER,950 CAMPBELL AVENUE,WEST HAVEN,CT,06516,NEW HAVEN,(203) 932-5711,Emergency Department,OP-18c,Average (median) time psychiatric/mental health patients spent in the emergency department before leaving from the visit. A lower number of minutes is better,Minutes,891,16,,10/01/2024,09/30/2025
07003F,WEST HAVEN VA MEDICAL CENTER,950 CAMPBELL AVENUE,WEST HAVEN,CT,06516,NEW HAVEN,(203) 932-5711,Emergency Department,OP-22,Left before being seen,Percentage,1,15956,,01/01/2024,12/31/2024
07003F,WEST HAVEN VA MEDICAL CENTER,950 CAMPBELL AVENUE,WEST HAVEN,CT,06516,NEW HAVEN,(203) 932-5711,Emergency Department,OP-23,Head CT results,Percentage,Not Available,Not Available,1,10/01/2024,09/30/2025
07003F,WEST HAVEN VA MEDICAL CENTER,950 CAMPBELL AVENUE,WEST HAVEN,CT,06516,NEW HAVEN,(203) 932-5711,Colonoscopy care,OP-29,Endoscopy/polyp surveillance: appropriate follow-up interval for normal colonoscopy in average risk patients,Percentage,94,51,,01/01/2024,12/31/2024
07003F,WEST HAVEN VA MEDICAL CENTER,950 CAMPBELL AVENUE,WEST HAVEN,CT,06516,NEW HAVEN,(203) 932-5711,Sepsis Care,SEP-1,Appropriate care for severe sepsis and septic shock,Percentage,68,59,,10/01/2024,09/30/2025
07003F,WEST HAVEN VA MEDICAL CENTER,950 CAMPBELL AVENUE,WEST HAVEN,CT,06516,NEW HAVEN,(203) 932-5711,Electronic Clinical Quality Measure,STK-02,Discharged on Antithrombotic Therapy,Percentage,100,25,,01/01/2024,12/31/2024
07003F,WEST HAVEN VA MEDICAL CENTER,950 CAMPBELL AVENUE,WEST HAVEN,CT,06516,NEW HAVEN,(203) 932-5711,Electronic Clinical Quality Measure,VTE-1,Venous Thromboembolism Prophylaxis,Percentage,65,2083,,01/01/2024,12/31/2024
07003F,WEST HAVEN VA MEDICAL CENTER,950 CAMPBELL AVENUE,WEST HAVEN,CT,06516,NEW HAVEN,(203) 932-5711,Electronic Clinical Quality Measure,VTE-2,Intensive Care Unit Venous Thromboembolism Prophylaxis,Percentage,75,360,,01/01/2024,12/31/2024
08002F,WILMINGTON VA MEDICAL CENTER,1601 KIRKWOOD HIGHWAY,WILMINGTON,DE,19805,NEW CASTLE,(302) 994-2511,Emergency Department,EDV,Emergency department volume,Text,low,,,01/01/2024,12/31/2024
08002F,WILMINGTON VA MEDICAL CENTER,1601 KIRKWOOD HIGHWAY,WILMINGTON,DE,19805,NEW CASTLE,(302) 994-2511,Healthcare Personnel Vaccination,IMM-3,Healthcare workers given influenza vaccination,Percentage,85,1460,,10/01/2024,03/31/2025
08002F,WILMINGTON VA MEDICAL CENTER,1601 KIRKWOOD HIGHWAY,WILMINGTON,DE,19805,NEW CASTLE,(302) 994-2511,Emergency Department,OP-18b,"Average (median) time patients spent in the emergency department before leaving from the visit, excluding patients transferred to another facility or psychiatric care/mental health patients. A lower number of minutes is better",Minutes,Not Available,Not Available,5,10/01/2024,09/30/2025
08002F,WILMINGTON VA MEDICAL CENTER,1601 KIRKWOOD HIGHWAY,WILMINGTON,DE,19805,NEW CASTLE,(302) 994-2511,Emergency Department,OP-18c,Average (median) time psychiatric/mental health patients spent in the emergency department before leaving from the visit. A lower number of minutes is better,Minutes,Not Available,Not Available,5,10/01/2024,09/30/2025
08002F,WILMINGTON VA MEDICAL CENTER,1601 KIRKWOOD HIGHWAY,WILMINGTON,DE,19805,NEW CASTLE,(302) 994-2511,Emergency Department,OP-22,Left before being seen,Percentage,1,9427,,01/01/2024,12/31/2024
08002F,WILMINGTON VA MEDICAL CENTER,1601 KIRKWOOD HIGHWAY,WILMINGTON,DE,19805,NEW CASTLE,(302) 994-2511,Emergency Department,OP-23,Head CT results,Percentage,Not Available,Not Available,5,10/01/2024,09/30/2025
08002F,WILMINGTON VA MEDICAL CENTER,1601 KIRKWOOD HIGHWAY,WILMINGTON,DE,19805,NEW CASTLE,(302) 994-2511,Colonoscopy care,OP-29,Endoscopy/polyp surveillance: appropriate follow-up interval for normal colonoscopy in average risk patients,Percentage,Not Available,Not Available,1,01/01/2024,12/31/2024
08002F,WILMINGTON VA MEDICAL CENTER,1601 KIRKWOOD HIGHWAY,WILMINGTON,DE,19805,NEW CASTLE,(302) 994-2511,Sepsis Care,SEP-1,Appropriate care for severe sepsis and septic shock,Percentage,75,63,,10/01/2024,09/30/2025
08002F,WILMINGTON VA MEDICAL CENTER,1601 KIRKWOOD HIGHWAY,WILMINGTON,DE,19805,NEW CASTLE,(302) 994-2511,Electronic Clinical Quality Measure,STK-02,Discharged on Antithrombotic Therapy,Percentage,Not Available,Not Available,1,01/01/2024,12/31/2024
08002F,WILMINGTON VA MEDICAL CENTER,1601 KIRKWOOD HIGHWAY,WILMINGTON,DE,19805,NEW CASTLE,(302) 994-2511,Electronic Clinical Quality Measure,VTE-1,Venous Thromboembolism Prophylaxis,Percentage,82,953,,01/01/2024,12/31/2024
08002F,WILMINGTON VA MEDICAL CENTER,1601 KIRKWOOD HIGHWAY,WILMINGTON,DE,19805,NEW CASTLE,(302) 994-2511,Electronic Clinical Quality Measure,VTE-2,Intensive Care Unit Venous Thromboembolism Prophylaxis,Percentage,68,105,,01/01/2024,12/31/2024
09002F,WASHINGTON DC VA MEDICAL CENTER,50 IRVING STREET N.W.,WASHINGTON,DC,20422,THE DISTRICT,(202) 745-8000,Emergency Department,EDV,Emergency department volume,Text,medium,,,01/01/2024,12/31/2024
09002F,WASHINGTON DC VA MEDICAL CENTER,50 IRVING STREET N.W.,WASHINGTON,DC,20422,THE DISTRICT,(202) 745-8000,Healthcare Personnel Vaccination,IMM-3,Healthcare workers given influenza vaccination,Percentage,79,3329,,10/01/2024,03/31/2025
09002F,WASHINGTON DC VA MEDICAL CENTER,50 IRVING STREET N.W.,WASHINGTON,DC,20422,THE DISTRICT,(202) 745-8000,Emergency Department,OP-18b,"Average (median) time patients spent in the emergency department before leaving from the visit, excluding patients transferred to another facility or psychiatric care/mental health patients. A lower number of minutes is better",Minutes,163,142,,10/01/2024,09/30/2025
09002F,WASHINGTON DC VA MEDICAL CENTER,50 IRVING STREET N.W.,WASHINGTON,DC,20422,THE DISTRICT,(202) 745-8000,Emergency Department,OP-18c,Average (median) time psychiatric/mental health patients spent in the emergency department before leaving from the visit. A lower number of minutes is better,Minutes,364,15,,10/01/2024,09/30/2025
09002F,WASHINGTON DC VA MEDICAL CENTER,50 IRVING STREET N.W.,WASHINGTON,DC,20422,THE DISTRICT,(202) 745-8000,Emergency Department,OP-22,Left before being seen,Percentage,1,24427,,01/01/2024,12/31/2024
09002F,WASHINGTON DC VA MEDICAL CENTER,50 IRVING STREET N.W.,WASHINGTON,DC,20422,THE DISTRICT,(202) 745-8000,Emergency Department,OP-23,Head CT results,Percentage,Not Available,Not Available,1,10/01/2024,09/30/2025
09002F,WASHINGTON DC VA MEDICAL CENTER,50 IRVING STREET N.W.,WASHINGTON,DC,20422,THE DISTRICT,(202) 745-8000,Colonoscopy care,OP-29,Endoscopy/polyp surveillance: appropriate follow-up interval for normal colonoscopy in average risk patients,Percentage,100,40,,01/01/2024,12/31/2024
09002F,WASHINGTON DC VA MEDICAL CENTER,50 IRVING STREET N.W.,WASHINGTON,DC,20422,THE DISTRICT,(202) 745-8000,Sepsis Care,SEP-1,Appropriate care for severe sepsis and septic shock,Percentage,73,135,,10/01/2024,09/30/2025
09002F,WASHINGTON DC VA MEDICAL CENTER,50 IRVING STREET N.W.,WASHINGTON,DC,20422,THE DISTRICT,(202) 745-8000,Electronic Clinical Quality Measure,STK-02,Discharged on Antithrombotic Therapy,Percentage,93,72,,01/01/2024,12/31/2024
09002F,WASHINGTON DC VA MEDICAL CENTER,50 IRVING STREET N.W.,WASHINGTON,DC,20422,THE DISTRICT,(202) 745-8000,Electronic Clinical Quality Measure,VTE-1,Venous Thromboembolism Prophylaxis,Percentage,83,2778,,01/01/2024,12/31/2024
09002F,WASHINGTON DC VA MEDICAL CENTER,50 IRVING STREET N.W.,WASHINGTON,DC,20422,THE DISTRICT,(202) 745-8000,Electronic Clinical Quality Measure,VTE-2,Intensive Care Unit Venous Thromboembolism Prophylaxis,Percentage,80,405,,01/01/2024,12/31/2024
10009F,BAY PINES VA MEDICAL CENTER,10000 BAY PINES BLVD.,BAY PINES,FL,33744,PINELLAS,(727) 398-6661,Emergency Department,EDV,Emergency department volume,Text,medium,,,01/01/2024,12/31/2024
10009F,BAY PINES VA MEDICAL CENTER,10000 BAY PINES BLVD.,BAY PINES,FL,33744,PINELLAS,(727) 398-6661,Healthcare Personnel Vaccination,IMM-3,Healthcare workers given influenza vaccination,Percentage,78,5195,,10/01/2024,03/31/2025
10009F,BAY PINES VA MEDICAL CENTER,10000 BAY PINES BLVD.,BAY PINES,FL,33744,PINELLAS,(727) 398-6661,Emergency Department,OP-18b,"Average (median) time patients spent in the emergency department before leaving from the visit, excluding patients transferred to another facility or psychiatric care/mental health patients. A lower number of minutes is better",Minutes,130,194,,10/01/2024,09/30/2025
10009F,BAY PINES VA MEDICAL CENTER,10000 BAY PINES BLVD.,BAY PINES,FL,33744,PINELLAS,(727) 398-6661,Emergency Department,OP-18c,Average (median) time psychiatric/mental health patients spent in the emergency department before leaving from the visit. A lower number of minutes is better,Minutes,199,23,,10/01/2024,09/30/2025
10009F,BAY PINES VA MEDICAL CENTER,10000 BAY PINES BLVD.,BAY PINES,FL,33744,PINELLAS,(727) 398-6661,Emergency Department,OP-22,Left before being seen,Percentage,1,23534,,01/01/2024,12/31/2024
10009F,BAY PINES VA MEDICAL CENTER,10000 BAY PINES BLVD.,BAY PINES,FL,33744,PINELLAS,(727) 398-6661,Emergency Department,OP-23,Head CT results,Percentage,Not Available,Not Available,1,10/01/2024,09/30/2025
10009F,BAY PINES VA MEDICAL CENTER,10000 BAY PINES BLVD.,BAY PINES,FL,33744,PINELLAS,(727) 398-6661,Colonoscopy care,OP-29,Endoscopy/polyp surveillance: appropriate follow-up interval for normal colonoscopy in average risk patients,Percentage,100,29,,01/01/2024,12/31/2024
10009F,BAY PINES VA MEDICAL CENTER,10000 BAY PINES BLVD.,BAY PINES,FL,33744,PINELLAS,(727) 398-6661,Sepsis Care,SEP-1,Appropriate care for severe sepsis and septic shock,Percentage,81,122,,10/01/2024,09/30/2025
10009F,BAY PINES VA MEDICAL CENTER,10000 BAY PINES BLVD.,BAY PINES,FL,33744,PINELLAS,(727) 398-6661,Electronic Clinical Quality Measure,STK-02,Discharged on Antithrombotic Therapy,Percentage,92,50,,01/01/2024,12/31/2024
10009F,BAY PINES VA MEDICAL CENTER,10000 BAY PINES BLVD.,BAY PINES,FL,33744,PINELLAS,(727) 398-6661,Electronic Clinical Quality Measure,VTE-1,Venous Thromboembolism Prophylaxis,Percentage,75,2965,,01/01/2024,12/31/2024
10009F,BAY PINES VA MEDICAL CENTER,10000 BAY PINES BLVD.,BAY PINES,FL,33744,PINELLAS,(727) 398-6661,Electronic Clinical Quality Measure,VTE-2,Intensive Care Unit Venous Thromboembolism Prophylaxis,Percentage,94,738,,01/01/2024,12/31/2024
10015F,VA NORTH FLORIDA/SOUTH GEORGIA HEALTHCARE SYSTEM - LAKE CITY,619 SOUTH MARION AVENUE,LAKE CITY,FL,32025,COLUMBIA,(386) 755-3016,Emergency Department,EDV,Emergency department volume,Text,low,,,01/01/2024,12/31/2024
10015F,VA NORTH FLORIDA/SOUTH GEORGIA HEALTHCARE SYSTEM - LAKE CITY,619 SOUTH MARION AVENUE,LAKE CITY,FL,32025,COLUMBIA,(386) 755-3016,Healthcare Personnel Vaccination,IMM-3,Healthcare workers given influenza vaccination,Percentage,Not Available,Not Available,5,10/01/2024,03/31/2025
10015F,VA NORTH FLORIDA/SOUTH GEORGIA HEALTHCARE SYSTEM - LAKE CITY,619 SOUTH MARION AVENUE,LAKE CITY,FL,32025,COLUMBIA,(386) 755-3016,Emergency Department,OP-18b,"Average (median) time patients spent in the emergency department before leaving from the visit, excluding patients transferred to another facility or psychiatric care/mental health patients. A lower number of minutes is better",Minutes,Not Available,Not Available,"5, 24",10/01/2024,09/30/2025
10015F,VA NORTH FLORIDA/SOUTH GEORGIA HEALTHCARE SYSTEM - LAKE CITY,619 SOUTH MARION AVENUE,LAKE CITY,FL,32025,COLUMBIA,(386) 755-3016,Emergency Department,OP-18c,Average (median) time psychiatric/mental health patients spent in the emergency department before leaving from the visit. A lower number of minutes is better,Minutes,Not Available,Not Available,"5, 24",10/01/2024,09/30/2025
10015F,VA NORTH FLORIDA/SOUTH GEORGIA HEALTHCARE SYSTEM - LAKE CITY,619 SOUTH MARION AVENUE,LAKE CITY,FL,32025,COLUMBIA,(386) 755-3016,Emergency Department,OP-22,Left before being seen,Percentage,1,14125,24,01/01/2024,12/31/2024
10015F,VA NORTH FLORIDA/SOUTH GEORGIA HEALTHCARE SYSTEM - LAKE CITY,619 SOUTH MARION AVENUE,LAKE CITY,FL,32025,COLUMBIA,(386) 755-3016,Emergency Department,OP-23,Head CT results,Percentage,Not Available,Not Available,"5, 24",10/01/2024,09/30/2025
10015F,VA NORTH FLORIDA/SOUTH GEORGIA HEALTHCARE SYSTEM - LAKE CITY,619 SOUTH MARION AVENUE,LAKE CITY,FL,32025,COLUMBIA,(386) 755-3016,Colonoscopy care,OP-29,Endoscopy/polyp surveillance: appropriate follow-up interval for normal colonoscopy in average risk patients,Percentage,Not Available,Not Available,"5, 24",01/01/2024,12/31/2024
10015F,VA NORTH FLORIDA/SOUTH GEORGIA HEALTHCARE SYSTEM - LAKE CITY,619 SOUTH MARION AVENUE,LAKE CITY,FL,32025,COLUMBIA,(386) 755-3016,Sepsis Care,SEP-1,Appropriate care for severe sepsis and septic shock,Percentage,Not Available,Not Available,"5, 24",10/01/2024,09/30/2025
10015F,VA NORTH FLORIDA/SOUTH GEORGIA HEALTHCARE SYSTEM - LAKE CITY,619 SOUTH MARION AVENUE,LAKE CITY,FL,32025,COLUMBIA,(386) 755-3016,Electronic Clinical Quality Measure,STK-02,Discharged on Antithrombotic Therapy,Percentage,Not Available,Not Available,"5, 24",01/01/2024,12/31/2024
10015F,VA NORTH FLORIDA/SOUTH GEORGIA HEALTHCARE SYSTEM - LAKE CITY,619 SOUTH MARION AVENUE,LAKE CITY,FL,32025,COLUMBIA,(386) 755-3016,Electronic Clinical Quality Measure,VTE-1,Venous Thromboembolism Prophylaxis,Percentage,Not Available,Not Available,"5, 24",01/01/2024,12/31/2024
10015F,VA NORTH FLORIDA/SOUTH GEORGIA HEALTHCARE SYSTEM - LAKE CITY,619 SOUTH MARION AVENUE,LAKE CITY,FL,32025,COLUMBIA,(386) 755-3016,Electronic Clinical Quality Measure,VTE-2,Intensive Care Unit Venous Thromboembolism Prophylaxis,Percentage,Not Available,Not Available,"5, 24",01/01/2024,12/31/2024
10057F,VA NORTH FLORIDA/SOUTH GEORGIA HEALTHCARE SYSTEM - GAINESVILLE,1601 S W ARCHER ROAD,GAINESVILLE,FL,32608,ALACHUA,(352) 376-1611,Emergency Department,EDV,Emergency department volume,Text,medium,,,01/01/2024,12/31/2024
10057F,VA NORTH FLORIDA/SOUTH GEORGIA HEALTHCARE SYSTEM - GAINESVILLE,1601 S W ARCHER ROAD,GAINESVILLE,FL,32608,ALACHUA,(352) 376-1611,Healthcare Personnel Vaccination,IMM-3,Healthcare workers given influenza vaccination,Percentage,74,6829,,10/01/2024,03/31/2025
10057F,VA NORTH FLORIDA/SOUTH GEORGIA HEALTHCARE SYSTEM - GAINESVILLE,1601 S W ARCHER ROAD,GAINESVILLE,FL,32608,ALACHUA,(352) 376-1611,Emergency Department,OP-18b,"Average (median) time patients spent in the emergency department before leaving from the visit, excluding patients transferred to another facility or psychiatric care/mental health patients. A lower number of minutes is better",Minutes,146,230,,10/01/2024,09/30/2025
10057F,VA NORTH FLORIDA/SOUTH GEORGIA HEALTHCARE SYSTEM - GAINESVILLE,1601 S W ARCHER ROAD,GAINESVILLE,FL,32608,ALACHUA,(352) 376-1611,Emergency Department,OP-18c,Average (median) time psychiatric/mental health patients spent in the emergency department before leaving from the visit. A lower number of minutes is better,Minutes,Not Available,Not Available,1,10/01/2024,09/30/2025
10057F,VA NORTH FLORIDA/SOUTH GEORGIA HEALTHCARE SYSTEM - GAINESVILLE,1601 S W ARCHER ROAD,GAINESVILLE,FL,32608,ALACHUA,(352) 376-1611,Emergency Department,OP-22,Left before being seen,Percentage,1,21708,,01/01/2024,12/31/2024
10057F,VA NORTH FLORIDA/SOUTH GEORGIA HEALTHCARE SYSTEM - GAINESVILLE,1601 S W ARCHER ROAD,GAINESVILLE,FL,32608,ALACHUA,(352) 376-1611,Emergency Department,OP-23,Head CT results,Percentage,58,12,,10/01/2024,09/30/2025
10057F,VA NORTH FLORIDA/SOUTH GEORGIA HEALTHCARE SYSTEM - GAINESVILLE,1601 S W ARCHER ROAD,GAINESVILLE,FL,32608,ALACHUA,(352) 376-1611,Colonoscopy care,OP-29,Endoscopy/polyp surveillance: appropriate follow-up interval for normal colonoscopy in average risk patients,Percentage,87,45,,01/01/2024,12/31/2024
10057F,VA NORTH FLORIDA/SOUTH GEORGIA HEALTHCARE SYSTEM - GAINESVILLE,1601 S W ARCHER ROAD,GAINESVILLE,FL,32608,ALACHUA,(352) 376-1611,Sepsis Care,SEP-1,Appropriate care for severe sepsis and septic shock,Percentage,69,163,,10/01/2024,09/30/2025
10057F,VA NORTH FLORIDA/SOUTH GEORGIA HEALTHCARE SYSTEM - GAINESVILLE,1601 S W ARCHER ROAD,GAINESVILLE,FL,32608,ALACHUA,(352) 376-1611,Electronic Clinical Quality Measure,STK-02,Discharged on Antithrombotic Therapy,Percentage,98,94,,01/01/2024,12/31/2024
10057F,VA NORTH FLORIDA/SOUTH GEORGIA HEALTHCARE SYSTEM - GAINESVILLE,1601 S W ARCHER ROAD,GAINESVILLE,FL,32608,ALACHUA,(352) 376-1611,Electronic Clinical Quality Measure,VTE-1,Venous Thromboembolism Prophylaxis,Percentage,82,5141,,01/01/2024,12/31/2024
10057F,VA NORTH FLORIDA/SOUTH GEORGIA HEALTHCARE SYSTEM - GAINESVILLE,1601 S W ARCHER ROAD,GAINESVILLE,FL,32608,ALACHUA,(352) 376-1611,Electronic Clinical Quality Measure,VTE-2,Intensive Care Unit Venous Thromboembolism Prophylaxis,Percentage,92,1097,,01/01/2024,12/31/2024
10063F,TAMPA VA MEDICAL CENTER,13000 BRUCE B DOWNS BLVD.,TAMPA,FL,33612,HILLSBOROUGH,(813) 972-2000,Emergency Department,EDV,Emergency department volume,Text,high,,,01/01/2024,12/31/2024
10063F,TAMPA VA MEDICAL CENTER,13000 BRUCE B DOWNS BLVD.,TAMPA,FL,33612,HILLSBOROUGH,(813) 972-2000,Healthcare Personnel Vaccination,IMM-3,Healthcare workers given influenza vaccination,Percentage,74,6737,,10/01/2024,03/31/2025
10063F,TAMPA VA MEDICAL CENTER,13000 BRUCE B DOWNS BLVD.,TAMPA,FL,33612,HILLSBOROUGH,(813) 972-2000,Emergency Department,OP-18b,"Average (median) time patients spent in the emergency department before leaving from the visit, excluding patients transferred to another facility or psychiatric care/mental health patients. A lower number of minutes is better",Minutes,165,224,,10/01/2024,09/30/2025
10063F,TAMPA VA MEDICAL CENTER,13000 BRUCE B DOWNS BLVD.,TAMPA,FL,33612,HILLSBOROUGH,(813) 972-2000,Emergency Department,OP-18c,Average (median) time psychiatric/mental health patients spent in the emergency department before leaving from the visit. A lower number of minutes is better,Minutes,214,16,,10/01/2024,09/30/2025
10063F,TAMPA VA MEDICAL CENTER,13000 BRUCE B DOWNS BLVD.,TAMPA,FL,33612,HILLSBOROUGH,(813) 972-2000,Emergency Department,OP-22,Left before being seen,Percentage,1,41931,,01/01/2024,12/31/2024
10063F,TAMPA VA MEDICAL CENTER,13000 BRUCE B DOWNS BLVD.,TAMPA,FL,33612,HILLSBOROUGH,(813) 972-2000,Emergency Department,OP-23,Head CT results,Percentage,Not Available,Not Available,1,10/01/2024,09/30/2025
10063F,TAMPA VA MEDICAL CENTER,13000 BRUCE B DOWNS BLVD.,TAMPA,FL,33612,HILLSBOROUGH,(813) 972-2000,Colonoscopy care,OP-29,Endoscopy/polyp surveillance: appropriate follow-up interval for normal colonoscopy in average risk patients,Percentage,85,27,,01/01/2024,12/31/2024
10063F,TAMPA VA MEDICAL CENTER,13000 BRUCE B DOWNS BLVD.,TAMPA,FL,33612,HILLSBOROUGH,(813) 972-2000,Sepsis Care,SEP-1,Appropriate care for severe sepsis and septic shock,Percentage,61,128,,10/01/2024,09/30/2025
10063F,TAMPA VA MEDICAL CENTER,13000 BRUCE B DOWNS BLVD.,TAMPA,FL,33612,HILLSBOROUGH,(813) 972-2000,Electronic Clinical Quality Measure,STK-02,Discharged on Antithrombotic Therapy,Percentage,96,73,,01/01/2024,12/31/2024
10063F,TAMPA VA MEDICAL CENTER,13000 BRUCE B DOWNS BLVD.,TAMPA,FL,33612,HILLSBOROUGH,(813) 972-2000,Electronic Clinical Quality Measure,VTE-1,Venous Thromboembolism Prophylaxis,Percentage,87,5195,,01/01/2024,12/31/2024
10063F,TAMPA VA MEDICAL CENTER,13000 BRUCE B DOWNS BLVD.,TAMPA,FL,33612,HILLSBOROUGH,(813) 972-2000,Electronic Clinical Quality Measure,VTE-2,Intensive Care Unit Venous Thromboembolism Prophylaxis,Percentage,78,1468,,01/01/2024,12/31/2024
10064F,MIAMI VA MEDICAL CENTER,1201 N W 16TH STREET,MIAMI,FL,33125,MIAMI-DADE,(305) 324-4455,Emergency Department,EDV,Emergency department volume,Text,medium,,,01/01/2024,12/31/2024
10064F,MIAMI VA MEDICAL CENTER,1201 N W 16TH STREET,MIAMI,FL,33125,MIAMI-DADE,(305) 324-4455,Healthcare Personnel Vaccination,IMM-3,Healthcare workers given influenza vaccination,Percentage,71,3250,,10/01/2024,03/31/2025
10064F,MIAMI VA MEDICAL CENTER,1201 N W 16TH STREET,MIAMI,FL,33125,MIAMI-DADE,(305) 324-4455,Emergency Department,OP-18b,"Average (median) time patients spent in the emergency department before leaving from the visit, excluding patients transferred to another facility or psychiatric care/mental health patients. A lower number of minutes is better",Minutes,Not Available,Not Available,5,10/01/2024,09/30/2025
10064F,MIAMI VA MEDICAL CENTER,1201 N W 16TH STREET,MIAMI,FL,33125,MIAMI-DADE,(305) 324-4455,Emergency Department,OP-18c,Average (median) time psychiatric/mental health patients spent in the emergency department before leaving from the visit. A lower number of minutes is better,Minutes,Not Available,Not Available,5,10/01/2024,09/30/2025
10064F,MIAMI VA MEDICAL CENTER,1201 N W 16TH STREET,MIAMI,FL,33125,MIAMI-DADE,(305) 324-4455,Emergency Department,OP-22,Left before being seen,Percentage,2,23390,,01/01/2024,12/31/2024
10064F,MIAMI VA MEDICAL CENTER,1201 N W 16TH STREET,MIAMI,FL,33125,MIAMI-DADE,(305) 324-4455,Emergency Department,OP-23,Head CT results,Percentage,Not Available,Not Available,5,10/01/2024,09/30/2025
10064F,MIAMI VA MEDICAL CENTER,1201 N W 16TH STREET,MIAMI,FL,33125,MIAMI-DADE,(305) 324-4455,Colonoscopy care,OP-29,Endoscopy/polyp surveillance: appropriate follow-up interval for normal colonoscopy in average risk patients,Percentage,98,46,,01/01/2024,12/31/2024
10064F,MIAMI VA MEDICAL CENTER,1201 N W 16TH STREET,MIAMI,FL,33125,MIAMI-DADE,(305) 324-4455,Sepsis Care,SEP-1,Appropriate care for severe sepsis and septic shock,Percentage,84,79,,10/01/2024,09/30/2025
10064F,MIAMI VA MEDICAL CENTER,1201 N W 16TH STREET,MIAMI,FL,33125,MIAMI-DADE,(305) 324-4455,Electronic Clinical Quality Measure,STK-02,Discharged on Antithrombotic Therapy,Percentage,98,49,,01/01/2024,12/31/2024
10064F,MIAMI VA MEDICAL CENTER,1201 N W 16TH STREET,MIAMI,FL,33125,MIAMI-DADE,(305) 324-4455,Electronic Clinical Quality Measure,VTE-1,Venous Thromboembolism Prophylaxis,Percentage,78,1793,,01/01/2024,12/31/2024
10064F,MIAMI VA MEDICAL CENTER,1201 N W 16TH STREET,MIAMI,FL,33125,MIAMI-DADE,(305) 324-4455,Electronic Clinical Quality Measure,VTE-2,Intensive Care Unit Venous Thromboembolism Prophylaxis,Percentage,85,596,,01/01/2024,12/31/2024
10065F,W PALM BEACH VA MEDICAL CENTER,7305 N. MILITARY TRAIL,WEST PALM BEACH,FL,33410,PALM BEACH,(561) 422-8600,Emergency Department,EDV,Emergency department volume,Text,medium,,,01/01/2024,12/31/2024
10065F,W PALM BEACH VA MEDICAL CENTER,7305 N. MILITARY TRAIL,WEST PALM BEACH,FL,33410,PALM BEACH,(561) 422-8600,Healthcare Personnel Vaccination,IMM-3,Healthcare workers given influenza vaccination,Percentage,71,2892,,10/01/2024,03/31/2025
10065F,W PALM BEACH VA MEDICAL CENTER,7305 N. MILITARY TRAIL,WEST PALM BEACH,FL,33410,PALM BEACH,(561) 422-8600,Emergency Department,OP-18b,"Average (median) time patients spent in the emergency department before leaving from the visit, excluding patients transferred to another facility or psychiatric care/mental health patients. A lower number of minutes is better",Minutes,Not Available,Not Available,5,10/01/2024,09/30/2025
10065F,W PALM BEACH VA MEDICAL CENTER,7305 N. MILITARY TRAIL,WEST PALM BEACH,FL,33410,PALM BEACH,(561) 422-8600,Emergency Department,OP-18c,Average (median) time psychiatric/mental health patients spent in the emergency department before leaving from the visit. A lower number of minutes is better,Minutes,Not Available,Not Available,5,10/01/2024,09/30/2025
10065F,W PALM BEACH VA MEDICAL CENTER,7305 N. MILITARY TRAIL,WEST PALM BEACH,FL,33410,PALM BEACH,(561) 422-8600,Emergency Department,OP-22,Left before being seen,Percentage,1,24173,,01/01/2024,12/31/2024
10065F,W PALM BEACH VA MEDICAL CENTER,7305 N. MILITARY TRAIL,WEST PALM BEACH,FL,33410,PALM BEACH,(561) 422-8600,Emergency Department,OP-23,Head CT results,Percentage,Not Available,Not Available,5,10/01/2024,09/30/2025
10065F,W PALM BEACH VA MEDICAL CENTER,7305 N. MILITARY TRAIL,WEST PALM BEACH,FL,33410,PALM BEACH,(561) 422-8600,Colonoscopy care,OP-29,Endoscopy/polyp surveillance: appropriate follow-up interval for normal colonoscopy in average risk patients,Percentage,98,58,,01/01/2024,12/31/2024
10065F,W PALM BEACH VA MEDICAL CENTER,7305 N. MILITARY TRAIL,WEST PALM BEACH,FL,33410,PALM BEACH,(561) 422-8600,Sepsis Care,SEP-1,Appropriate care for severe sepsis and septic shock,Percentage,72,188,,10/01/2024,09/30/2025
10065F,W PALM BEACH VA MEDICAL CENTER,7305 N. MILITARY TRAIL,WEST PALM BEACH,FL,33410,PALM BEACH,(561) 422-8600,Electronic Clinical Quality Measure,STK-02,Discharged on Antithrombotic Therapy,Percentage,96,26,,01/01/2024,12/31/2024
10065F,W PALM BEACH VA MEDICAL CENTER,7305 N. MILITARY TRAIL,WEST PALM BEACH,FL,33410,PALM BEACH,(561) 422-8600,Electronic Clinical Quality Measure,VTE-1,Venous Thromboembolism Prophylaxis,Percentage,85,2415,,01/01/2024,12/31/2024
10065F,W PALM BEACH VA MEDICAL CENTER,7305 N. MILITARY TRAIL,WEST PALM BEACH,FL,33410,PALM BEACH,(561) 422-8600,Electronic Clinical Quality Measure,VTE-2,Intensive Care Unit Venous Thromboembolism Prophylaxis,Percentage,75,389,,01/01/2024,12/31/2024
10099F,ORLANDO VA MEDICAL CENTER,13800 VETERANS WAY,ORLANDO,FL,32827,ORANGE,(407) 631-1000,Emergency Department,EDV,Emergency department volume,Text,medium,,,01/01/2024,12/31/2024
10099F,ORLANDO VA MEDICAL CENTER,13800 VETERANS WAY,ORLANDO,FL,32827,ORANGE,(407) 631-1000,Healthcare Personnel Vaccination,IMM-3,Healthcare workers given influenza vaccination,Percentage,74,5986,,10/01/2024,03/31/2025
10099F,ORLANDO VA MEDICAL CENTER,13800 VETERANS WAY,ORLANDO,FL,32827,ORANGE,(407) 631-1000,Emergency Department,OP-18b,"Average (median) time patients spent in the emergency department before leaving from the visit, excluding patients transferred to another facility or psychiatric care/mental health patients. A lower number of minutes is better",Minutes,179,260,,10/01/2024,09/30/2025
10099F,ORLANDO VA MEDICAL CENTER,13800 VETERANS WAY,ORLANDO,FL,32827,ORANGE,(407) 631-1000,Emergency Department,OP-18c,Average (median) time psychiatric/mental health patients spent in the emergency department before leaving from the visit. A lower number of minutes is better,Minutes,Not Available,Not Available,1,10/01/2024,09/30/2025
10099F,ORLANDO VA MEDICAL CENTER,13800 VETERANS WAY,ORLANDO,FL,32827,ORANGE,(407) 631-1000,Emergency Department,OP-22,Left before being seen,Percentage,0,34929,,01/01/2024,12/31/2024
10099F,ORLANDO VA MEDICAL CENTER,13800 VETERANS WAY,ORLANDO,FL,32827,ORANGE,(407) 631-1000,Emergency Department,OP-23,Head CT results,Percentage,Not Available,Not Available,1,10/01/2024,09/30/2025
10099F,ORLANDO VA MEDICAL CENTER,13800 VETERANS WAY,ORLANDO,FL,32827,ORANGE,(407) 631-1000,Colonoscopy care,OP-29,Endoscopy/polyp surveillance: appropriate follow-up interval for normal colonoscopy in average risk patients,Percentage,98,45,,01/01/2024,12/31/2024
10099F,ORLANDO VA MEDICAL CENTER,13800 VETERANS WAY,ORLANDO,FL,32827,ORANGE,(407) 631-1000,Sepsis Care,SEP-1,Appropriate care for severe sepsis and septic shock,Percentage,87,152,,10/01/2024,09/30/2025
10099F,ORLANDO VA MEDICAL CENTER,13800 VETERANS WAY,ORLANDO,FL,32827,ORANGE,(407) 631-1000,Electronic Clinical Quality Measure,STK-02,Discharged on Antithrombotic Therapy,Percentage,97,63,,01/01/2024,12/31/2024
10099F,ORLANDO VA MEDICAL CENTER,13800 VETERANS WAY,ORLANDO,FL,32827,ORANGE,(407) 631-1000,Electronic Clinical Quality Measure,VTE-1,Venous Thromboembolism Prophylaxis,Percentage,81,3753,,01/01/2024,12/31/2024
10099F,ORLANDO VA MEDICAL CENTER,13800 VETERANS WAY,ORLANDO,FL,32827,ORANGE,(407) 631-1000,Electronic Clinical Quality Measure,VTE-2,Intensive Care Unit Venous Thromboembolism Prophylaxis,Percentage,75,675,,01/01/2024,12/31/2024
11029F,DECATUR (ATLANTA) VA MEDICAL CENTER,1670 CLAIRMONT ROAD,DECATUR,GA,30033,DE KALB,(404) 321-6111,Emergency Department,EDV,Emergency department volume,Text,medium,,,01/01/2024,12/31/2024
11029F,DECATUR (ATLANTA) VA MEDICAL CENTER,1670 CLAIRMONT ROAD,DECATUR,GA,30033,DE KALB,(404) 321-6111,Healthcare Personnel Vaccination,IMM-3,Healthcare workers given influenza vaccination,Percentage,71,5403,,10/01/2024,03/31/2025
11029F,DECATUR (ATLANTA) VA MEDICAL CENTER,1670 CLAIRMONT ROAD,DECATUR,GA,30033,DE KALB,(404) 321-6111,Emergency Department,OP-18b,"Average (median) time patients spent in the emergency department before leaving from the visit, excluding patients transferred to another facility or psychiatric care/mental health patients. A lower number of minutes is better",Minutes,208,182,,10/01/2024,09/30/2025
11029F,DECATUR (ATLANTA) VA MEDICAL CENTER,1670 CLAIRMONT ROAD,DECATUR,GA,30033,DE KALB,(404) 321-6111,Emergency Department,OP-18c,Average (median) time psychiatric/mental health patients spent in the emergency department before leaving from the visit. A lower number of minutes is better,Minutes,322,31,,10/01/2024,09/30/2025
11029F,DECATUR (ATLANTA) VA MEDICAL CENTER,1670 CLAIRMONT ROAD,DECATUR,GA,30033,DE KALB,(404) 321-6111,Emergency Department,OP-22,Left before being seen,Percentage,1,38099,,01/01/2024,12/31/2024
11029F,DECATUR (ATLANTA) VA MEDICAL CENTER,1670 CLAIRMONT ROAD,DECATUR,GA,30033,DE KALB,(404) 321-6111,Emergency Department,OP-23,Head CT results,Percentage,Not Available,Not Available,1,10/01/2024,09/30/2025
11029F,DECATUR (ATLANTA) VA MEDICAL CENTER,1670 CLAIRMONT ROAD,DECATUR,GA,30033,DE KALB,(404) 321-6111,Colonoscopy care,OP-29,Endoscopy/polyp surveillance: appropriate follow-up interval for normal colonoscopy in average risk patients,Percentage,98,41,,01/01/2024,12/31/2024
11029F,DECATUR (ATLANTA) VA MEDICAL CENTER,1670 CLAIRMONT ROAD,DECATUR,GA,30033,DE KALB,(404) 321-6111,Sepsis Care,SEP-1,Appropriate care for severe sepsis and septic shock,Percentage,61,130,,10/01/2024,09/30/2025
11029F,DECATUR (ATLANTA) VA MEDICAL CENTER,1670 CLAIRMONT ROAD,DECATUR,GA,30033,DE KALB,(404) 321-6111,Electronic Clinical Quality Measure,STK-02,Discharged on Antithrombotic Therapy,Percentage,98,89,,01/01/2024,12/31/2024
11029F,DECATUR (ATLANTA) VA MEDICAL CENTER,1670 CLAIRMONT ROAD,DECATUR,GA,30033,DE KALB,(404) 321-6111,Electronic Clinical Quality Measure,VTE-1,Venous Thromboembolism Prophylaxis,Percentage,81,3100,,01/01/2024,12/31/2024
11029F,DECATUR (ATLANTA) VA MEDICAL CENTER,1670 CLAIRMONT ROAD,DECATUR,GA,30033,DE KALB,(404) 321-6111,Electronic Clinical Quality Measure,VTE-2,Intensive Care Unit Venous Thromboembolism Prophylaxis,Percentage,71,618,,01/01/2024,12/31/2024
11030F,AUGUSTA VA MEDICAL CENTER,1 FREEDOM WAY,AUGUSTA,GA,30904,RICHMOND,(706) 823-2201,Emergency Department,EDV,Emergency department volume,Text,medium,,,01/01/2024,12/31/2024
11030F,AUGUSTA VA MEDICAL CENTER,1 FREEDOM WAY,AUGUSTA,GA,30904,RICHMOND,(706) 823-2201,Healthcare Personnel Vaccination,IMM-3,Healthcare workers given influenza vaccination,Percentage,84,2751,,10/01/2024,03/31/2025
11030F,AUGUSTA VA MEDICAL CENTER,1 FREEDOM WAY,AUGUSTA,GA,30904,RICHMOND,(706) 823-2201,Emergency Department,OP-18b,"Average (median) time patients spent in the emergency department before leaving from the visit, excluding patients transferred to another facility or psychiatric care/mental health patients. A lower number of minutes is better",Minutes,Not Available,Not Available,5,10/01/2024,09/30/2025
11030F,AUGUSTA VA MEDICAL CENTER,1 FREEDOM WAY,AUGUSTA,GA,30904,RICHMOND,(706) 823-2201,Emergency Department,OP-18c,Average (median) time psychiatric/mental health patients spent in the emergency department before leaving from the visit. A lower number of minutes is better,Minutes,Not Available,Not Available,5,10/01/2024,09/30/2025
11030F,AUGUSTA VA MEDICAL CENTER,1 FREEDOM WAY,AUGUSTA,GA,30904,RICHMOND,(706) 823-2201,Emergency Department,OP-22,Left before being seen,Percentage,1,23442,,01/01/2024,12/31/2024
11030F,AUGUSTA VA MEDICAL CENTER,1 FREEDOM WAY,AUGUSTA,GA,30904,RICHMOND,(706) 823-2201,Emergency Department,OP-23,Head CT results,Percentage,Not Available,Not Available,5,10/01/2024,09/30/2025
11030F,AUGUSTA VA MEDICAL CENTER,1 FREEDOM WAY,AUGUSTA,GA,30904,RICHMOND,(706) 823-2201,Colonoscopy care,OP-29,Endoscopy/polyp surveillance: appropriate follow-up interval for normal colonoscopy in average risk patients,Percentage,95,39,,01/01/2024,12/31/2024
11030F,AUGUSTA VA MEDICAL CENTER,1 FREEDOM WAY,AUGUSTA,GA,30904,RICHMOND,(706) 823-2201,Sepsis Care,SEP-1,Appropriate care for severe sepsis and septic shock,Percentage,83,126,,10/01/2024,09/30/2025
11030F,AUGUSTA VA MEDICAL CENTER,1 FREEDOM WAY,AUGUSTA,GA,30904,RICHMOND,(706) 823-2201,Electronic Clinical Quality Measure,STK-02,Discharged on Antithrombotic Therapy,Percentage,93,46,,01/01/2024,12/31/2024
11030F,AUGUSTA VA MEDICAL CENTER,1 FREEDOM WAY,AUGUSTA,GA,30904,RICHMOND,(706) 823-2201,Electronic Clinical Quality Measure,VTE-1,Venous Thromboembolism Prophylaxis,Percentage,85,2208,,01/01/2024,12/31/2024
11030F,AUGUSTA VA MEDICAL CENTER,1 FREEDOM WAY,AUGUSTA,GA,30904,RICHMOND,(706) 823-2201,Electronic Clinical Quality Measure,VTE-2,Intensive Care Unit Venous Thromboembolism Prophylaxis,Percentage,83,331,,01/01/2024,12/31/2024
11031F,DUBLIN VA MEDICAL CENTER,1826 VETERANS BOULEVARD,DUBLIN,GA,31021,LAURENS,(478) 277-2701,Emergency Department,EDV,Emergency department volume,Text,low,,,01/01/2024,12/31/2024
11031F,DUBLIN VA MEDICAL CENTER,1826 VETERANS BOULEVARD,DUBLIN,GA,31021,LAURENS,(478) 277-2701,Healthcare Personnel Vaccination,IMM-3,Healthcare workers given influenza vaccination,Percentage,78,1934,,10/01/2024,03/31/2025
11031F,DUBLIN VA MEDICAL CENTER,1826 VETERANS BOULEVARD,DUBLIN,GA,31021,LAURENS,(478) 277-2701,Emergency Department,OP-18b,"Average (median) time patients spent in the emergency department before leaving from the visit, excluding patients transferred to another facility or psychiatric care/mental health patients. A lower number of minutes is better",Minutes,Not Available,Not Available,5,10/01/2024,09/30/2025
11031F,DUBLIN VA MEDICAL CENTER,1826 VETERANS BOULEVARD,DUBLIN,GA,31021,LAURENS,(478) 277-2701,Emergency Department,OP-18c,Average (median) time psychiatric/mental health patients spent in the emergency department before leaving from the visit. A lower number of minutes is better,Minutes,Not Available,Not Available,5,10/01/2024,09/30/2025
11031F,DUBLIN VA MEDICAL CENTER,1826 VETERANS BOULEVARD,DUBLIN,GA,31021,LAURENS,(478) 277-2701,Emergency Department,OP-22,Left before being seen,Percentage,1,8976,,01/01/2024,12/31/2024
11031F,DUBLIN VA MEDICAL CENTER,1826 VETERANS BOULEVARD,DUBLIN,GA,31021,LAURENS,(478) 277-2701,Emergency Department,OP-23,Head CT results,Percentage,Not Available,Not Available,5,10/01/2024,09/30/2025
11031F,DUBLIN VA MEDICAL CENTER,1826 VETERANS BOULEVARD,DUBLIN,GA,31021,LAURENS,(478) 277-2701,Colonoscopy care,OP-29,Endoscopy/polyp surveillance: appropriate follow-up interval for normal colonoscopy in average risk patients,Percentage,85,40,,01/01/2024,12/31/2024
11031F,DUBLIN VA MEDICAL CENTER,1826 VETERANS BOULEVARD,DUBLIN,GA,31021,LAURENS,(478) 277-2701,Sepsis Care,SEP-1,Appropriate care for severe sepsis and septic shock,Percentage,Not Available,Not Available,5,10/01/2024,09/30/2025
11031F,DUBLIN VA MEDICAL CENTER,1826 VETERANS BOULEVARD,DUBLIN,GA,31021,LAURENS,(478) 277-2701,Electronic Clinical Quality Measure,STK-02,Discharged on Antithrombotic Therapy,Percentage,Not Available,Not Available,5,01/01/2024,12/31/2024
11031F,DUBLIN VA MEDICAL CENTER,1826 VETERANS BOULEVARD,DUBLIN,GA,31021,LAURENS,(478) 277-2701,Electronic Clinical Quality Measure,VTE-1,Venous Thromboembolism Prophylaxis,Percentage,65,88,,01/01/2024,12/31/2024
11031F,DUBLIN VA MEDICAL CENTER,1826 VETERANS BOULEVARD,DUBLIN,GA,31021,LAURENS,(478) 277-2701,Electronic Clinical Quality Measure,VTE-2,Intensive Care Unit Venous Thromboembolism Prophylaxis,Percentage,Not Available,Not Available,5,01/01/2024,12/31/2024
13003F,BOISE VA MEDICAL CENTER,500 W. FORT STREET,BOISE,ID,83702,ADA,(208) 422-1000,Emergency Department,EDV,Emergency department volume,Text,low,,,01/01/2024,12/31/2024
13003F,BOISE VA MEDICAL CENTER,500 W. FORT STREET,BOISE,ID,83702,ADA,(208) 422-1000,Healthcare Personnel Vaccination,IMM-3,Healthcare workers given influenza vaccination,Percentage,87,1857,,10/01/2024,03/31/2025
13003F,BOISE VA MEDICAL CENTER,500 W. FORT STREET,BOISE,ID,83702,ADA,(208) 422-1000,Emergency Department,OP-18b,"Average (median) time patients spent in the emergency department before leaving from the visit, excluding patients transferred to another facility or psychiatric care/mental health patients. A lower number of minutes is better",Minutes,Not Available,Not Available,5,10/01/2024,09/30/2025
13003F,BOISE VA MEDICAL CENTER,500 W. FORT STREET,BOISE,ID,83702,ADA,(208) 422-1000,Emergency Department,OP-18c,Average (median) time psychiatric/mental health patients spent in the emergency department before leaving from the visit. A lower number of minutes is better,Minutes,Not Available,Not Available,5,10/01/2024,09/30/2025
13003F,BOISE VA MEDICAL CENTER,500 W. FORT STREET,BOISE,ID,83702,ADA,(208) 422-1000,Emergency Department,OP-22,Left before being seen,Percentage,1,13949,,01/01/2024,12/31/2024
13003F,BOISE VA MEDICAL CENTER,500 W. FORT STREET,BOISE,ID,83702,ADA,(208) 422-1000,Emergency Department,OP-23,Head CT results,Percentage,Not Available,Not Available,5,10/01/2024,09/30/2025
13003F,BOISE VA MEDICAL CENTER,500 W. FORT STREET,BOISE,ID,83702,ADA,(208) 422-1000,Colonoscopy care,OP-29,Endoscopy/polyp surveillance: appropriate follow-up interval for normal colonoscopy in average risk patients,Percentage,100,52,,01/01/2024,12/31/2024
13003F,BOISE VA MEDICAL CENTER,500 W. FORT STREET,BOISE,ID,83702,ADA,(208) 422-1000,Sepsis Care,SEP-1,Appropriate care for severe sepsis and septic shock,Percentage,54,80,,10/01/2024,09/30/2025
13003F,BOISE VA MEDICAL CENTER,500 W. FORT STREET,BOISE,ID,83702,ADA,(208) 422-1000,Electronic Clinical Quality Measure,STK-02,Discharged on Antithrombotic Therapy,Percentage,Not Available,Not Available,1,01/01/2024,12/31/2024
13003F,BOISE VA MEDICAL CENTER,500 W. FORT STREET,BOISE,ID,83702,ADA,(208) 422-1000,Electronic Clinical Quality Measure,VTE-1,Venous Thromboembolism Prophylaxis,Percentage,66,1386,,01/01/2024,12/31/2024
13003F,BOISE VA MEDICAL CENTER,500 W. FORT STREET,BOISE,ID,83702,ADA,(208) 422-1000,Electronic Clinical Quality Measure,VTE-2,Intensive Care Unit Venous Thromboembolism Prophylaxis,Percentage,69,305,,01/01/2024,12/31/2024
14003F,JESSE BROWN VA MEDICAL CENTER - VA CHICAGO HEALTHCARE SYSTEM,820 S DAMEN STREET,CHICAGO,IL,60612,COOK,(312) 569-8387,Emergency Department,EDV,Emergency department volume,Text,medium,,,01/01/2024,12/31/2024
14003F,JESSE BROWN VA MEDICAL CENTER - VA CHICAGO HEALTHCARE SYSTEM,820 S DAMEN STREET,CHICAGO,IL,60612,COOK,(312) 569-8387,Healthcare Personnel Vaccination,IMM-3,Healthcare workers given influenza vaccination,Percentage,85,3429,,10/01/2024,03/31/2025
14003F,JESSE BROWN VA MEDICAL CENTER - VA CHICAGO HEALTHCARE SYSTEM,820 S DAMEN STREET,CHICAGO,IL,60612,COOK,(312) 569-8387,Emergency Department,OP-18b,"Average (median) time patients spent in the emergency department before leaving from the visit, excluding patients transferred to another facility or psychiatric care/mental health patients. A lower number of minutes is better",Minutes,Not Available,Not Available,5,10/01/2024,09/30/2025
14003F,JESSE BROWN VA MEDICAL CENTER - VA CHICAGO HEALTHCARE SYSTEM,820 S DAMEN STREET,CHICAGO,IL,60612,COOK,(312) 569-8387,Emergency Department,OP-18c,Average (median) time psychiatric/mental health patients spent in the emergency department before leaving from the visit. A lower number of minutes is better,Minutes,Not Available,Not Available,5,10/01/2024,09/30/2025
14003F,JESSE BROWN VA MEDICAL CENTER - VA CHICAGO HEALTHCARE SYSTEM,820 S DAMEN STREET,CHICAGO,IL,60612,COOK,(312) 569-8387,Emergency Department,OP-22,Left before being seen,Percentage,1,23925,,01/01/2024,12/31/2024
14003F,JESSE BROWN VA MEDICAL CENTER - VA CHICAGO HEALTHCARE SYSTEM,820 S DAMEN STREET,CHICAGO,IL,60612,COOK,(312) 569-8387,Emergency Department,OP-23,Head CT results,Percentage,Not Available,Not Available,5,10/01/2024,09/30/2025
14003F,JESSE BROWN VA MEDICAL CENTER - VA CHICAGO HEALTHCARE SYSTEM,820 S DAMEN STREET,CHICAGO,IL,60612,COOK,(312) 569-8387,Colonoscopy care,OP-29,Endoscopy/polyp surveillance: appropriate follow-up interval for normal colonoscopy in average risk patients,Percentage,100,16,,01/01/2024,12/31/2024
14003F,JESSE BROWN VA MEDICAL CENTER - VA CHICAGO HEALTHCARE SYSTEM,820 S DAMEN STREET,CHICAGO,IL,60612,COOK,(312) 569-8387,Sepsis Care,SEP-1,Appropriate care for severe sepsis and septic shock,Percentage,60,100,,10/01/2024,09/30/2025
14003F,JESSE BROWN VA MEDICAL CENTER - VA CHICAGO HEALTHCARE SYSTEM,820 S DAMEN STREET,CHICAGO,IL,60612,COOK,(312) 569-8387,Electronic Clinical Quality Measure,STK-02,Discharged on Antithrombotic Therapy,Percentage,100,70,,01/01/2024,12/31/2024
14003F,JESSE BROWN VA MEDICAL CENTER - VA CHICAGO HEALTHCARE SYSTEM,820 S DAMEN STREET,CHICAGO,IL,60612,COOK,(312) 569-8387,Electronic Clinical Quality Measure,VTE-1,Venous Thromboembolism Prophylaxis,Percentage,82,3231,,01/01/2024,12/31/2024
14003F,JESSE BROWN VA MEDICAL CENTER - VA CHICAGO HEALTHCARE SYSTEM,820 S DAMEN STREET,CHICAGO,IL,60612,COOK,(312) 569-8387,Electronic Clinical Quality Measure,VTE-2,Intensive Care Unit Venous Thromboembolism Prophylaxis,Percentage,82,646,,01/01/2024,12/31/2024
14004F,VA ILLIANA HEALTHCARE SYSTEM - DANVILLE,1900 E. MAIN,DANVILLE,IL,61832,VERMILION,(217) 554-3000,Emergency Department,EDV,Emergency department volume,Text,low,,,01/01/2024,12/31/2024
14004F,VA ILLIANA HEALTHCARE SYSTEM - DANVILLE,1900 E. MAIN,DANVILLE,IL,61832,VERMILION,(217) 554-3000,Healthcare Personnel Vaccination,IMM-3,Healthcare workers given influenza vaccination,Percentage,76,1618,,10/01/2024,03/31/2025
14004F,VA ILLIANA HEALTHCARE SYSTEM - DANVILLE,1900 E. MAIN,DANVILLE,IL,61832,VERMILION,(217) 554-3000,Emergency Department,OP-18b,"Average (median) time patients spent in the emergency department before leaving from the visit, excluding patients transferred to another facility or psychiatric care/mental health patients. A lower number of minutes is better",Minutes,Not Available,Not Available,5,10/01/2024,09/30/2025
14004F,VA ILLIANA HEALTHCARE SYSTEM - DANVILLE,1900 E. MAIN,DANVILLE,IL,61832,VERMILION,(217) 554-3000,Emergency Department,OP-18c,Average (median) time psychiatric/mental health patients spent in the emergency department before leaving from the visit. A lower number of minutes is better,Minutes,Not Available,Not Available,5,10/01/2024,09/30/2025
14004F,VA ILLIANA HEALTHCARE SYSTEM - DANVILLE,1900 E. MAIN,DANVILLE,IL,61832,VERMILION,(217) 554-3000,Emergency Department,OP-22,Left before being seen,Percentage,0,4565,,01/01/2024,12/31/2024
14004F,VA ILLIANA HEALTHCARE SYSTEM - DANVILLE,1900 E. MAIN,DANVILLE,IL,61832,VERMILION,(217) 554-3000,Emergency Department,OP-23,Head CT results,Percentage,Not Available,Not Available,5,10/01/2024,09/30/2025
14004F,VA ILLIANA HEALTHCARE SYSTEM - DANVILLE,1900 E. MAIN,DANVILLE,IL,61832,VERMILION,(217) 554-3000,Colonoscopy care,OP-29,Endoscopy/polyp surveillance: appropriate follow-up interval for normal colonoscopy in average risk patients,Percentage,97,33,,01/01/2024,12/31/2024
14004F,VA ILLIANA HEALTHCARE SYSTEM - DANVILLE,1900 E. MAIN,DANVILLE,IL,61832,VERMILION,(217) 554-3000,Sepsis Care,SEP-1,Appropriate care for severe sepsis and septic shock,Percentage,Not Available,Not Available,1,10/01/2024,09/30/2025
14004F,VA ILLIANA HEALTHCARE SYSTEM - DANVILLE,1900 E. MAIN,DANVILLE,IL,61832,VERMILION,(217) 554-3000,Electronic Clinical Quality Measure,STK-02,Discharged on Antithrombotic Therapy,Percentage,Not Available,Not Available,1,01/01/2024,12/31/2024
14004F,VA ILLIANA HEALTHCARE SYSTEM - DANVILLE,1900 E. MAIN,DANVILLE,IL,61832,VERMILION,(217) 554-3000,Electronic Clinical Quality Measure,VTE-1,Venous Thromboembolism Prophylaxis,Percentage,86,175,,01/01/2024,12/31/2024
14004F,VA ILLIANA HEALTHCARE SYSTEM - DANVILLE,1900 E. MAIN,DANVILLE,IL,61832,VERMILION,(217) 554-3000,Electronic Clinical Quality Measure,VTE-2,Intensive Care Unit Venous Thromboembolism Prophylaxis,Percentage,Not Available,Not Available,5,01/01/2024,12/31/2024
14007F,HINES VA MEDICAL CENTER,5000 SOUTH 5TH AVENUE,HINES,IL,60141,COOK,(708) 202-8387,Emergency Department,EDV,Emergency department volume,Text,medium,,,01/01/2024,12/31/2024
14007F,HINES VA MEDICAL CENTER,5000 SOUTH 5TH AVENUE,HINES,IL,60141,COOK,(708) 202-8387,Healthcare Personnel Vaccination,IMM-3,Healthcare workers given influenza vaccination,Percentage,88,4514,,10/01/2024,03/31/2025
14007F,HINES VA MEDICAL CENTER,5000 SOUTH 5TH AVENUE,HINES,IL,60141,COOK,(708) 202-8387,Emergency Department,OP-18b,"Average (median) time patients spent in the emergency department before leaving from the visit, excluding patients transferred to another facility or psychiatric care/mental health patients. A lower number of minutes is better",Minutes,148,263,,10/01/2024,09/30/2025
14007F,HINES VA MEDICAL CENTER,5000 SOUTH 5TH AVENUE,HINES,IL,60141,COOK,(708) 202-8387,Emergency Department,OP-18c,Average (median) time psychiatric/mental health patients spent in the emergency department before leaving from the visit. A lower number of minutes is better,Minutes,199,25,,10/01/2024,09/30/2025
14007F,HINES VA MEDICAL CENTER,5000 SOUTH 5TH AVENUE,HINES,IL,60141,COOK,(708) 202-8387,Emergency Department,OP-22,Left before being seen,Percentage,2,20251,,01/01/2024,12/31/2024
14007F,HINES VA MEDICAL CENTER,5000 SOUTH 5TH AVENUE,HINES,IL,60141,COOK,(708) 202-8387,Emergency Department,OP-23,Head CT results,Percentage,Not Available,Not Available,1,10/01/2024,09/30/2025
14007F,HINES VA MEDICAL CENTER,5000 SOUTH 5TH AVENUE,HINES,IL,60141,COOK,(708) 202-8387,Colonoscopy care,OP-29,Endoscopy/polyp surveillance: appropriate follow-up interval for normal colonoscopy in average risk patients,Percentage,100,23,,01/01/2024,12/31/2024
14007F,HINES VA MEDICAL CENTER,5000 SOUTH 5TH AVENUE,HINES,IL,60141,COOK,(708) 202-8387,Sepsis Care,SEP-1,Appropriate care for severe sepsis and septic shock,Percentage,81,104,,10/01/2024,09/30/2025
14007F,HINES VA MEDICAL CENTER,5000 SOUTH 5TH AVENUE,HINES,IL,60141,COOK,(708) 202-8387,Electronic Clinical Quality Measure,STK-02,Discharged on Antithrombotic Therapy,Percentage,95,40,,01/01/2024,12/31/2024
14007F,HINES VA MEDICAL CENTER,5000 SOUTH 5TH AVENUE,HINES,IL,60141,COOK,(708) 202-8387,Electronic Clinical Quality Measure,VTE-1,Venous Thromboembolism Prophylaxis,Percentage,76,3182,,01/01/2024,12/31/2024
14007F,HINES VA MEDICAL CENTER,5000 SOUTH 5TH AVENUE,HINES,IL,60141,COOK,(708) 202-8387,Electronic Clinical Quality Measure,VTE-2,Intensive Care Unit Venous Thromboembolism Prophylaxis,Percentage,80,868,,01/01/2024,12/31/2024
14008F,MARION IL VA MEDICAL CENTER,2401 WEST MAIN,MARION,IL,62959,WILLIAMSON,(618) 997-5311,Emergency Department,EDV,Emergency department volume,Text,low,,,01/01/2024,12/31/2024
14008F,MARION IL VA MEDICAL CENTER,2401 WEST MAIN,MARION,IL,62959,WILLIAMSON,(618) 997-5311,Healthcare Personnel Vaccination,IMM-3,Healthcare workers given influenza vaccination,Percentage,83,1721,,10/01/2024,03/31/2025
14008F,MARION IL VA MEDICAL CENTER,2401 WEST MAIN,MARION,IL,62959,WILLIAMSON,(618) 997-5311,Emergency Department,OP-18b,"Average (median) time patients spent in the emergency department before leaving from the visit, excluding patients transferred to another facility or psychiatric care/mental health patients. A lower number of minutes is better",Minutes,Not Available,Not Available,5,10/01/2024,09/30/2025
14008F,MARION IL VA MEDICAL CENTER,2401 WEST MAIN,MARION,IL,62959,WILLIAMSON,(618) 997-5311,Emergency Department,OP-18c,Average (median) time psychiatric/mental health patients spent in the emergency department before leaving from the visit. A lower number of minutes is better,Minutes,Not Available,Not Available,5,10/01/2024,09/30/2025
14008F,MARION IL VA MEDICAL CENTER,2401 WEST MAIN,MARION,IL,62959,WILLIAMSON,(618) 997-5311,Emergency Department,OP-22,Left before being seen,Percentage,0,9200,,01/01/2024,12/31/2024
14008F,MARION IL VA MEDICAL CENTER,2401 WEST MAIN,MARION,IL,62959,WILLIAMSON,(618) 997-5311,Emergency Department,OP-23,Head CT results,Percentage,Not Available,Not Available,5,10/01/2024,09/30/2025
14008F,MARION IL VA MEDICAL CENTER,2401 WEST MAIN,MARION,IL,62959,WILLIAMSON,(618) 997-5311,Colonoscopy care,OP-29,Endoscopy/polyp surveillance: appropriate follow-up interval for normal colonoscopy in average risk patients,Percentage,Not Available,Not Available,5,01/01/2024,12/31/2024
14008F,MARION IL VA MEDICAL CENTER,2401 WEST MAIN,MARION,IL,62959,WILLIAMSON,(618) 997-5311,Sepsis Care,SEP-1,Appropriate care for severe sepsis and septic shock,Percentage,63,43,,10/01/2024,09/30/2025
14008F,MARION IL VA MEDICAL CENTER,2401 WEST MAIN,MARION,IL,62959,WILLIAMSON,(618) 997-5311,Electronic Clinical Quality Measure,STK-02,Discharged on Antithrombotic Therapy,Percentage,Not Available,Not Available,1,01/01/2024,12/31/2024
14008F,MARION IL VA MEDICAL CENTER,2401 WEST MAIN,MARION,IL,62959,WILLIAMSON,(618) 997-5311,Electronic Clinical Quality Measure,VTE-1,Venous Thromboembolism Prophylaxis,Percentage,85,855,,01/01/2024,12/31/2024
14008F,MARION IL VA MEDICAL CENTER,2401 WEST MAIN,MARION,IL,62959,WILLIAMSON,(618) 997-5311,Electronic Clinical Quality Measure,VTE-2,Intensive Care Unit Venous Thromboembolism Prophylaxis,Percentage,82,182,,01/01/2024,12/31/2024
14034F,NORTH CHICAGO VA MEDICAL CENTER,3001 GREENBAY ROAD,NORTH CHICAGO,IL,60064,LAKE,(847) 688-1900,Emergency Department,EDV,Emergency department volume,Text,medium,,,01/01/2024,12/31/2024
14034F,NORTH CHICAGO VA MEDICAL CENTER,3001 GREENBAY ROAD,NORTH CHICAGO,IL,60064,LAKE,(847) 688-1900,Healthcare Personnel Vaccination,IMM-3,Healthcare workers given influenza vaccination,Percentage,87,2598,,10/01/2024,03/31/2025
14034F,NORTH CHICAGO VA MEDICAL CENTER,3001 GREENBAY ROAD,NORTH CHICAGO,IL,60064,LAKE,(847) 688-1900,Emergency Department,OP-18b,"Average (median) time patients spent in the emergency department before leaving from the visit, excluding patients transferred to another facility or psychiatric care/mental health patients. A lower number of minutes is better",Minutes,Not Available,Not Available,5,10/01/2024,09/30/2025
14034F,NORTH CHICAGO VA MEDICAL CENTER,3001 GREENBAY ROAD,NORTH CHICAGO,IL,60064,LAKE,(847) 688-1900,Emergency Department,OP-18c,Average (median) time psychiatric/mental health patients spent in the emergency department before leaving from the visit. A lower number of minutes is better,Minutes,Not Available,Not Available,5,10/01/2024,09/30/2025
14034F,NORTH CHICAGO VA MEDICAL CENTER,3001 GREENBAY ROAD,NORTH CHICAGO,IL,60064,LAKE,(847) 688-1900,Emergency Department,OP-22,Left before being seen,Percentage,1,25339,,01/01/2024,12/31/2024
14034F,NORTH CHICAGO VA MEDICAL CENTER,3001 GREENBAY ROAD,NORTH CHICAGO,IL,60064,LAKE,(847) 688-1900,Emergency Department,OP-23,Head CT results,Percentage,Not Available,Not Available,5,10/01/2024,09/30/2025
14034F,NORTH CHICAGO VA MEDICAL CENTER,3001 GREENBAY ROAD,NORTH CHICAGO,IL,60064,LAKE,(847) 688-1900,Colonoscopy care,OP-29,Endoscopy/polyp surveillance: appropriate follow-up interval for normal colonoscopy in average risk patients,Percentage,81,32,,01/01/2024,12/31/2024
14034F,NORTH CHICAGO VA MEDICAL CENTER,3001 GREENBAY ROAD,NORTH CHICAGO,IL,60064,LAKE,(847) 688-1900,Sepsis Care,SEP-1,Appropriate care for severe sepsis and septic shock,Percentage,63,27,,10/01/2024,09/30/2025
14034F,NORTH CHICAGO VA MEDICAL CENTER,3001 GREENBAY ROAD,NORTH CHICAGO,IL,60064,LAKE,(847) 688-1900,Electronic Clinical Quality Measure,STK-02,Discharged on Antithrombotic Therapy,Percentage,Not Available,Not Available,1,01/01/2024,12/31/2024
14034F,NORTH CHICAGO VA MEDICAL CENTER,3001 GREENBAY ROAD,NORTH CHICAGO,IL,60064,LAKE,(847) 688-1900,Electronic Clinical Quality Measure,VTE-1,Venous Thromboembolism Prophylaxis,Percentage,84,203,,01/01/2024,12/31/2024
14034F,NORTH CHICAGO VA MEDICAL CENTER,3001 GREENBAY ROAD,NORTH CHICAGO,IL,60064,LAKE,(847) 688-1900,Electronic Clinical Quality Measure,VTE-2,Intensive Care Unit Venous Thromboembolism Prophylaxis,Percentage,75,28,,01/01/2024,12/31/2024
15003F,INDIANAPOLIS VA MEDICAL CENTER,1481 W. TENTH STREET,INDIANAPOLIS,IN,46202,MARION,(317) 554-0000,Emergency Department,EDV,Emergency department volume,Text,medium,,,01/01/2024,12/31/2024
15003F,INDIANAPOLIS VA MEDICAL CENTER,1481 W. TENTH STREET,INDIANAPOLIS,IN,46202,MARION,(317) 554-0000,Healthcare Personnel Vaccination,IMM-3,Healthcare workers given influenza vaccination,Percentage,83,3523,,10/01/2024,03/31/2025
15003F,INDIANAPOLIS VA MEDICAL CENTER,1481 W. TENTH STREET,INDIANAPOLIS,IN,46202,MARION,(317) 554-0000,Emergency Department,OP-18b,"Average (median) time patients spent in the emergency department before leaving from the visit, excluding patients transferred to another facility or psychiatric care/mental health patients. A lower number of minutes is better",Minutes,154,145,,10/01/2024,09/30/2025
15003F,INDIANAPOLIS VA MEDICAL CENTER,1481 W. TENTH STREET,INDIANAPOLIS,IN,46202,MARION,(317) 554-0000,Emergency Department,OP-18c,Average (median) time psychiatric/mental health patients spent in the emergency department before leaving from the visit. A lower number of minutes is better,Minutes,326,14,,10/01/2024,09/30/2025
15003F,INDIANAPOLIS VA MEDICAL CENTER,1481 W. TENTH STREET,INDIANAPOLIS,IN,46202,MARION,(317) 554-0000,Emergency Department,OP-22,Left before being seen,Percentage,1,26447,,01/01/2024,12/31/2024
15003F,INDIANAPOLIS VA MEDICAL CENTER,1481 W. TENTH STREET,INDIANAPOLIS,IN,46202,MARION,(317) 554-0000,Emergency Department,OP-23,Head CT results,Percentage,Not Available,Not Available,1,10/01/2024,09/30/2025
15003F,INDIANAPOLIS VA MEDICAL CENTER,1481 W. TENTH STREET,INDIANAPOLIS,IN,46202,MARION,(317) 554-0000,Colonoscopy care,OP-29,Endoscopy/polyp surveillance: appropriate follow-up interval for normal colonoscopy in average risk patients,Percentage,100,42,,01/01/2024,12/31/2024
15003F,INDIANAPOLIS VA MEDICAL CENTER,1481 W. TENTH STREET,INDIANAPOLIS,IN,46202,MARION,(317) 554-0000,Sepsis Care,SEP-1,Appropriate care for severe sepsis and septic shock,Percentage,73,113,,10/01/2024,09/30/2025
15003F,INDIANAPOLIS VA MEDICAL CENTER,1481 W. TENTH STREET,INDIANAPOLIS,IN,46202,MARION,(317) 554-0000,Electronic Clinical Quality Measure,STK-02,Discharged on Antithrombotic Therapy,Percentage,98,50,,01/01/2024,12/31/2024
15003F,INDIANAPOLIS VA MEDICAL CENTER,1481 W. TENTH STREET,INDIANAPOLIS,IN,46202,MARION,(317) 554-0000,Electronic Clinical Quality Measure,VTE-1,Venous Thromboembolism Prophylaxis,Percentage,78,3303,,01/01/2024,12/31/2024
15003F,INDIANAPOLIS VA MEDICAL CENTER,1481 W. TENTH STREET,INDIANAPOLIS,IN,46202,MARION,(317) 554-0000,Electronic Clinical Quality Measure,VTE-2,Intensive Care Unit Venous Thromboembolism Prophylaxis,Percentage,76,576,,01/01/2024,12/31/2024
15004F,VA N. INDIANA HEALTHCARE SYSTEM,1700 E. 38TH STREET,MARION,IN,46953,GRANT,(765) 674-3321,Emergency Department,EDV,Emergency department volume,Text,low,,,01/01/2024,12/31/2024
15004F,VA N. INDIANA HEALTHCARE SYSTEM,1700 E. 38TH STREET,MARION,IN,46953,GRANT,(765) 674-3321,Healthcare Personnel Vaccination,IMM-3,Healthcare workers given influenza vaccination,Percentage,74,2137,,10/01/2024,03/31/2025
15004F,VA N. INDIANA HEALTHCARE SYSTEM,1700 E. 38TH STREET,MARION,IN,46953,GRANT,(765) 674-3321,Emergency Department,OP-18b,"Average (median) time patients spent in the emergency department before leaving from the visit, excluding patients transferred to another facility or psychiatric care/mental health patients. A lower number of minutes is better",Minutes,Not Available,Not Available,5,10/01/2024,09/30/2025
15004F,VA N. INDIANA HEALTHCARE SYSTEM,1700 E. 38TH STREET,MARION,IN,46953,GRANT,(765) 674-3321,Emergency Department,OP-18c,Average (median) time psychiatric/mental health patients spent in the emergency department before leaving from the visit. A lower number of minutes is better,Minutes,Not Available,Not Available,5,10/01/2024,09/30/2025
15004F,VA N. INDIANA HEALTHCARE SYSTEM,1700 E. 38TH STREET,MARION,IN,46953,GRANT,(765) 674-3321,Emergency Department,OP-22,Left before being seen,Percentage,1,4851,,01/01/2024,12/31/2024
15004F,VA N. INDIANA HEALTHCARE SYSTEM,1700 E. 38TH STREET,MARION,IN,46953,GRANT,(765) 674-3321,Emergency Department,OP-23,Head CT results,Percentage,Not Available,Not Available,5,10/01/2024,09/30/2025
15004F,VA N. INDIANA HEALTHCARE SYSTEM,1700 E. 38TH STREET,MARION,IN,46953,GRANT,(765) 674-3321,Colonoscopy care,OP-29,Endoscopy/polyp surveillance: appropriate follow-up interval for normal colonoscopy in average risk patients,Percentage,100,28,,01/01/2024,12/31/2024
15004F,VA N. INDIANA HEALTHCARE SYSTEM,1700 E. 38TH STREET,MARION,IN,46953,GRANT,(765) 674-3321,Sepsis Care,SEP-1,Appropriate care for severe sepsis and septic shock,Percentage,Not Available,Not Available,1,10/01/2024,09/30/2025
15004F,VA N. INDIANA HEALTHCARE SYSTEM,1700 E. 38TH STREET,MARION,IN,46953,GRANT,(765) 674-3321,Electronic Clinical Quality Measure,STK-02,Discharged on Antithrombotic Therapy,Percentage,Not Available,Not Available,1,01/01/2024,12/31/2024
15004F,VA N. INDIANA HEALTHCARE SYSTEM,1700 E. 38TH STREET,MARION,IN,46953,GRANT,(765) 674-3321,Electronic Clinical Quality Measure,VTE-1,Venous Thromboembolism Prophylaxis,Percentage,92,349,,01/01/2024,12/31/2024
15004F,VA N. INDIANA HEALTHCARE SYSTEM,1700 E. 38TH STREET,MARION,IN,46953,GRANT,(765) 674-3321,Electronic Clinical Quality Measure,VTE-2,Intensive Care Unit Venous Thromboembolism Prophylaxis,Percentage,93,43,,01/01/2024,12/31/2024
16003F,VA CENTRAL IOWA HEALTHCARE SYSTEM,3600 30TH STREET,DES MOINES,IA,50310,POLK,(515) 699-5999,Emergency Department,EDV,Emergency department volume,Text,low,,,01/01/2024,12/31/2024
16003F,VA CENTRAL IOWA HEALTHCARE SYSTEM,3600 30TH STREET,DES MOINES,IA,50310,POLK,(515) 699-5999,Healthcare Personnel Vaccination,IMM-3,Healthcare workers given influenza vaccination,Percentage,91,1780,,10/01/2024,03/31/2025
16003F,VA CENTRAL IOWA HEALTHCARE SYSTEM,3600 30TH STREET,DES MOINES,IA,50310,POLK,(515) 699-5999,Emergency Department,OP-18b,"Average (median) time patients spent in the emergency department before leaving from the visit, excluding patients transferred to another facility or psychiatric care/mental health patients. A lower number of minutes is better",Minutes,Not Available,Not Available,5,10/01/2024,09/30/2025
16003F,VA CENTRAL IOWA HEALTHCARE SYSTEM,3600 30TH STREET,DES MOINES,IA,50310,POLK,(515) 699-5999,Emergency Department,OP-18c,Average (median) time psychiatric/mental health patients spent in the emergency department before leaving from the visit. A lower number of minutes is better,Minutes,Not Available,Not Available,5,10/01/2024,09/30/2025
16003F,VA CENTRAL IOWA HEALTHCARE SYSTEM,3600 30TH STREET,DES MOINES,IA,50310,POLK,(515) 699-5999,Emergency Department,OP-22,Left before being seen,Percentage,1,12646,,01/01/2024,12/31/2024
16003F,VA CENTRAL IOWA HEALTHCARE SYSTEM,3600 30TH STREET,DES MOINES,IA,50310,POLK,(515) 699-5999,Emergency Department,OP-23,Head CT results,Percentage,Not Available,Not Available,5,10/01/2024,09/30/2025
16003F,VA CENTRAL IOWA HEALTHCARE SYSTEM,3600 30TH STREET,DES MOINES,IA,50310,POLK,(515) 699-5999,Colonoscopy care,OP-29,Endoscopy/polyp surveillance: appropriate follow-up interval for normal colonoscopy in average risk patients,Percentage,Not Available,Not Available,5,01/01/2024,12/31/2024
16003F,VA CENTRAL IOWA HEALTHCARE SYSTEM,3600 30TH STREET,DES MOINES,IA,50310,POLK,(515) 699-5999,Sepsis Care,SEP-1,Appropriate care for severe sepsis and septic shock,Percentage,79,85,,10/01/2024,09/30/2025
16003F,VA CENTRAL IOWA HEALTHCARE SYSTEM,3600 30TH STREET,DES MOINES,IA,50310,POLK,(515) 699-5999,Electronic Clinical Quality Measure,STK-02,Discharged on Antithrombotic Therapy,Percentage,96,28,,01/01/2024,12/31/2024
16003F,VA CENTRAL IOWA HEALTHCARE SYSTEM,3600 30TH STREET,DES MOINES,IA,50310,POLK,(515) 699-5999,Electronic Clinical Quality Measure,VTE-1,Venous Thromboembolism Prophylaxis,Percentage,74,1209,,01/01/2024,12/31/2024
16003F,VA CENTRAL IOWA HEALTHCARE SYSTEM,3600 30TH STREET,DES MOINES,IA,50310,POLK,(515) 699-5999,Electronic Clinical Quality Measure,VTE-2,Intensive Care Unit Venous Thromboembolism Prophylaxis,Percentage,85,110,,01/01/2024,12/31/2024
16004F,IOWA CITY VA MEDICAL CENTER,601 HIGHWAY 6 WEST,IOWA CITY,IA,52246,JOHNSON,(319) 338-0581,Emergency Department,EDV,Emergency department volume,Text,low,,,01/01/2024,12/31/2024
16004F,IOWA CITY VA MEDICAL CENTER,601 HIGHWAY 6 WEST,IOWA CITY,IA,52246,JOHNSON,(319) 338-0581,Healthcare Personnel Vaccination,IMM-3,Healthcare workers given influenza vaccination,Percentage,74,2311,,10/01/2024,03/31/2025
16004F,IOWA CITY VA MEDICAL CENTER,601 HIGHWAY 6 WEST,IOWA CITY,IA,52246,JOHNSON,(319) 338-0581,Emergency Department,OP-18b,"Average (median) time patients spent in the emergency department before leaving from the visit, excluding patients transferred to another facility or psychiatric care/mental health patients. A lower number of minutes is better",Minutes,Not Available,Not Available,5,10/01/2024,09/30/2025
16004F,IOWA CITY VA MEDICAL CENTER,601 HIGHWAY 6 WEST,IOWA CITY,IA,52246,JOHNSON,(319) 338-0581,Emergency Department,OP-18c,Average (median) time psychiatric/mental health patients spent in the emergency department before leaving from the visit. A lower number of minutes is better,Minutes,Not Available,Not Available,5,10/01/2024,09/30/2025
16004F,IOWA CITY VA MEDICAL CENTER,601 HIGHWAY 6 WEST,IOWA CITY,IA,52246,JOHNSON,(319) 338-0581,Emergency Department,OP-22,Left before being seen,Percentage,0,8220,,01/01/2024,12/31/2024
16004F,IOWA CITY VA MEDICAL CENTER,601 HIGHWAY 6 WEST,IOWA CITY,IA,52246,JOHNSON,(319) 338-0581,Emergency Department,OP-23,Head CT results,Percentage,Not Available,Not Available,5,10/01/2024,09/30/2025
16004F,IOWA CITY VA MEDICAL CENTER,601 HIGHWAY 6 WEST,IOWA CITY,IA,52246,JOHNSON,(319) 338-0581,Colonoscopy care,OP-29,Endoscopy/polyp surveillance: appropriate follow-up interval for normal colonoscopy in average risk patients,Percentage,Not Available,Not Available,5,01/01/2024,12/31/2024
16004F,IOWA CITY VA MEDICAL CENTER,601 HIGHWAY 6 WEST,IOWA CITY,IA,52246,JOHNSON,(319) 338-0581,Sepsis Care,SEP-1,Appropriate care for severe sepsis and septic shock,Percentage,60,20,,10/01/2024,09/30/2025
16004F,IOWA CITY VA MEDICAL CENTER,601 HIGHWAY 6 WEST,IOWA CITY,IA,52246,JOHNSON,(319) 338-0581,Electronic Clinical Quality Measure,STK-02,Discharged on Antithrombotic Therapy,Percentage,Not Available,Not Available,1,01/01/2024,12/31/2024
16004F,IOWA CITY VA MEDICAL CENTER,601 HIGHWAY 6 WEST,IOWA CITY,IA,52246,JOHNSON,(319) 338-0581,Electronic Clinical Quality Measure,VTE-1,Venous Thromboembolism Prophylaxis,Percentage,67,1534,,01/01/2024,12/31/2024
16004F,IOWA CITY VA MEDICAL CENTER,601 HIGHWAY 6 WEST,IOWA CITY,IA,52246,JOHNSON,(319) 338-0581,Electronic Clinical Quality Measure,VTE-2,Intensive Care Unit Venous Thromboembolism Prophylaxis,Percentage,76,204,,01/01/2024,12/31/2024
17005F,VA EASTERN KANSAS HEALTHCARE SYSTEM,2200 SW GAGE BOULEVARD,TOPEKA,KS,66622,SHAWNEE,(913) 682-2000,Emergency Department,EDV,Emergency department volume,Text,low,,,01/01/2024,12/31/2024
17005F,VA EASTERN KANSAS HEALTHCARE SYSTEM,2200 SW GAGE BOULEVARD,TOPEKA,KS,66622,SHAWNEE,(913) 682-2000,Healthcare Personnel Vaccination,IMM-3,Healthcare workers given influenza vaccination,Percentage,88,2080,,10/01/2024,03/31/2025
17005F,VA EASTERN KANSAS HEALTHCARE SYSTEM,2200 SW GAGE BOULEVARD,TOPEKA,KS,66622,SHAWNEE,(913) 682-2000,Emergency Department,OP-18b,"Average (median) time patients spent in the emergency department before leaving from the visit, excluding patients transferred to another facility or psychiatric care/mental health patients. A lower number of minutes is better",Minutes,Not Available,Not Available,5,10/01/2024,09/30/2025
17005F,VA EASTERN KANSAS HEALTHCARE SYSTEM,2200 SW GAGE BOULEVARD,TOPEKA,KS,66622,SHAWNEE,(913) 682-2000,Emergency Department,OP-18c,Average (median) time psychiatric/mental health patients spent in the emergency department before leaving from the visit. A lower number of minutes is better,Minutes,Not Available,Not Available,5,10/01/2024,09/30/2025
17005F,VA EASTERN KANSAS HEALTHCARE SYSTEM,2200 SW GAGE BOULEVARD,TOPEKA,KS,66622,SHAWNEE,(913) 682-2000,Emergency Department,OP-22,Left before being seen,Percentage,0,7820,,01/01/2024,12/31/2024
17005F,VA EASTERN KANSAS HEALTHCARE SYSTEM,2200 SW GAGE BOULEVARD,TOPEKA,KS,66622,SHAWNEE,(913) 682-2000,Emergency Department,OP-23,Head CT results,Percentage,Not Available,Not Available,5,10/01/2024,09/30/2025
17005F,VA EASTERN KANSAS HEALTHCARE SYSTEM,2200 SW GAGE BOULEVARD,TOPEKA,KS,66622,SHAWNEE,(913) 682-2000,Colonoscopy care,OP-29,Endoscopy/polyp surveillance: appropriate follow-up interval for normal colonoscopy in average risk patients,Percentage,Not Available,Not Available,5,01/01/2024,12/31/2024
17005F,VA EASTERN KANSAS HEALTHCARE SYSTEM,2200 SW GAGE BOULEVARD,TOPEKA,KS,66622,SHAWNEE,(913) 682-2000,Sepsis Care,SEP-1,Appropriate care for severe sepsis and septic shock,Percentage,54,35,,10/01/2024,09/30/2025
17005F,VA EASTERN KANSAS HEALTHCARE SYSTEM,2200 SW GAGE BOULEVARD,TOPEKA,KS,66622,SHAWNEE,(913) 682-2000,Electronic Clinical Quality Measure,STK-02,Discharged on Antithrombotic Therapy,Percentage,Not Available,Not Available,1,01/01/2024,12/31/2024
17005F,VA EASTERN KANSAS HEALTHCARE SYSTEM,2200 SW GAGE BOULEVARD,TOPEKA,KS,66622,SHAWNEE,(913) 682-2000,Electronic Clinical Quality Measure,VTE-1,Venous Thromboembolism Prophylaxis,Percentage,88,746,,01/01/2024,12/31/2024
17005F,VA EASTERN KANSAS HEALTHCARE SYSTEM,2200 SW GAGE BOULEVARD,TOPEKA,KS,66622,SHAWNEE,(913) 682-2000,Electronic Clinical Quality Measure,VTE-2,Intensive Care Unit Venous Thromboembolism Prophylaxis,Percentage,90,71,,01/01/2024,12/31/2024
17008F,WICHITA VA MEDICAL CENTER,5500 E. KELLOG,WICHITA,KS,67218,SEDGWICK,(316) 685-2221,Emergency Department,EDV,Emergency department volume,Text,low,,,01/01/2024,12/31/2024
17008F,WICHITA VA MEDICAL CENTER,5500 E. KELLOG,WICHITA,KS,67218,SEDGWICK,(316) 685-2221,Healthcare Personnel Vaccination,IMM-3,Healthcare workers given influenza vaccination,Percentage,84,1598,,10/01/2024,03/31/2025
17008F,WICHITA VA MEDICAL CENTER,5500 E. KELLOG,WICHITA,KS,67218,SEDGWICK,(316) 685-2221,Emergency Department,OP-18b,"Average (median) time patients spent in the emergency department before leaving from the visit, excluding patients transferred to another facility or psychiatric care/mental health patients. A lower number of minutes is better",Minutes,Not Available,Not Available,5,10/01/2024,09/30/2025
17008F,WICHITA VA MEDICAL CENTER,5500 E. KELLOG,WICHITA,KS,67218,SEDGWICK,(316) 685-2221,Emergency Department,OP-18c,Average (median) time psychiatric/mental health patients spent in the emergency department before leaving from the visit. A lower number of minutes is better,Minutes,Not Available,Not Available,5,10/01/2024,09/30/2025
17008F,WICHITA VA MEDICAL CENTER,5500 E. KELLOG,WICHITA,KS,67218,SEDGWICK,(316) 685-2221,Emergency Department,OP-22,Left before being seen,Percentage,0,12783,,01/01/2024,12/31/2024
17008F,WICHITA VA MEDICAL CENTER,5500 E. KELLOG,WICHITA,KS,67218,SEDGWICK,(316) 685-2221,Emergency Department,OP-23,Head CT results,Percentage,Not Available,Not Available,5,10/01/2024,09/30/2025
17008F,WICHITA VA MEDICAL CENTER,5500 E. KELLOG,WICHITA,KS,67218,SEDGWICK,(316) 685-2221,Colonoscopy care,OP-29,Endoscopy/polyp surveillance: appropriate follow-up interval for normal colonoscopy in average risk patients,Percentage,Not Available,Not Available,5,01/01/2024,12/31/2024
17008F,WICHITA VA MEDICAL CENTER,5500 E. KELLOG,WICHITA,KS,67218,SEDGWICK,(316) 685-2221,Sepsis Care,SEP-1,Appropriate care for severe sepsis and septic shock,Percentage,63,87,,10/01/2024,09/30/2025
17008F,WICHITA VA MEDICAL CENTER,5500 E. KELLOG,WICHITA,KS,67218,SEDGWICK,(316) 685-2221,Electronic Clinical Quality Measure,STK-02,Discharged on Antithrombotic Therapy,Percentage,Not Available,Not Available,1,01/01/2024,12/31/2024
17008F,WICHITA VA MEDICAL CENTER,5500 E. KELLOG,WICHITA,KS,67218,SEDGWICK,(316) 685-2221,Electronic Clinical Quality Measure,VTE-1,Venous Thromboembolism Prophylaxis,Percentage,80,1030,,01/01/2024,12/31/2024
17008F,WICHITA VA MEDICAL CENTER,5500 E. KELLOG,WICHITA,KS,67218,SEDGWICK,(316) 685-2221,Electronic Clinical Quality Measure,VTE-2,Intensive Care Unit Venous Thromboembolism Prophylaxis,Percentage,75,579,,01/01/2024,12/31/2024
18006F,LOUISVILLE VA MEDICAL CENTER,800 ZORN AVENUE,LOUISVILLE,KY,40206,JEFFERSON,(502) 287-4000,Emergency Department,EDV,Emergency department volume,Text,medium,,,01/01/2024,12/31/2024
18006F,LOUISVILLE VA MEDICAL CENTER,800 ZORN AVENUE,LOUISVILLE,KY,40206,JEFFERSON,(502) 287-4000,Healthcare Personnel Vaccination,IMM-3,Healthcare workers given influenza vaccination,Percentage,91,2375,,10/01/2024,03/31/2025
18006F,LOUISVILLE VA MEDICAL CENTER,800 ZORN AVENUE,LOUISVILLE,KY,40206,JEFFERSON,(502) 287-4000,Emergency Department,OP-18b,"Average (median) time patients spent in the emergency department before leaving from the visit, excluding patients transferred to another facility or psychiatric care/mental health patients. A lower number of minutes is better",Minutes,Not Available,Not Available,5,10/01/2024,09/30/2025
18006F,LOUISVILLE VA MEDICAL CENTER,800 ZORN AVENUE,LOUISVILLE,KY,40206,JEFFERSON,(502) 287-4000,Emergency Department,OP-18c,Average (median) time psychiatric/mental health patients spent in the emergency department before leaving from the visit. A lower number of minutes is better,Minutes,Not Available,Not Available,5,10/01/2024,09/30/2025
18006F,LOUISVILLE VA MEDICAL CENTER,800 ZORN AVENUE,LOUISVILLE,KY,40206,JEFFERSON,(502) 287-4000,Emergency Department,OP-22,Left before being seen,Percentage,2,22143,,01/01/2024,12/31/2024
18006F,LOUISVILLE VA MEDICAL CENTER,800 ZORN AVENUE,LOUISVILLE,KY,40206,JEFFERSON,(502) 287-4000,Emergency Department,OP-23,Head CT results,Percentage,Not Available,Not Available,5,10/01/2024,09/30/2025
18006F,LOUISVILLE VA MEDICAL CENTER,800 ZORN AVENUE,LOUISVILLE,KY,40206,JEFFERSON,(502) 287-4000,Colonoscopy care,OP-29,Endoscopy/polyp surveillance: appropriate follow-up interval for normal colonoscopy in average risk patients,Percentage,84,19,,01/01/2024,12/31/2024
18006F,LOUISVILLE VA MEDICAL CENTER,800 ZORN AVENUE,LOUISVILLE,KY,40206,JEFFERSON,(502) 287-4000,Sepsis Care,SEP-1,Appropriate care for severe sepsis and septic shock,Percentage,70,149,,10/01/2024,09/30/2025
18006F,LOUISVILLE VA MEDICAL CENTER,800 ZORN AVENUE,LOUISVILLE,KY,40206,JEFFERSON,(502) 287-4000,Electronic Clinical Quality Measure,STK-02,Discharged on Antithrombotic Therapy,Percentage,100,26,,01/01/2024,12/31/2024
18006F,LOUISVILLE VA MEDICAL CENTER,800 ZORN AVENUE,LOUISVILLE,KY,40206,JEFFERSON,(502) 287-4000,Electronic Clinical Quality Measure,VTE-1,Venous Thromboembolism Prophylaxis,Percentage,68,2132,,01/01/2024,12/31/2024
18006F,LOUISVILLE VA MEDICAL CENTER,800 ZORN AVENUE,LOUISVILLE,KY,40206,JEFFERSON,(502) 287-4000,Electronic Clinical Quality Measure,VTE-2,Intensive Care Unit Venous Thromboembolism Prophylaxis,Percentage,71,471,,01/01/2024,12/31/2024
18007F,LEXINGTON VA MEDICAL CENTER,1101 VETERANS DRIVE,LEXINGTON,KY,40502,FAYETTE,(859) 233-4511,Emergency Department,EDV,Emergency department volume,Text,medium,,,01/01/2024,12/31/2024
18007F,LEXINGTON VA MEDICAL CENTER,1101 VETERANS DRIVE,LEXINGTON,KY,40502,FAYETTE,(859) 233-4511,Healthcare Personnel Vaccination,IMM-3,Healthcare workers given influenza vaccination,Percentage,86,2368,,10/01/2024,03/31/2025
18007F,LEXINGTON VA MEDICAL CENTER,1101 VETERANS DRIVE,LEXINGTON,KY,40502,FAYETTE,(859) 233-4511,Emergency Department,OP-18b,"Average (median) time patients spent in the emergency department before leaving from the visit, excluding patients transferred to another facility or psychiatric care/mental health patients. A lower number of minutes is better",Minutes,Not Available,Not Available,5,10/01/2024,09/30/2025
18007F,LEXINGTON VA MEDICAL CENTER,1101 VETERANS DRIVE,LEXINGTON,KY,40502,FAYETTE,(859) 233-4511,Emergency Department,OP-18c,Average (median) time psychiatric/mental health patients spent in the emergency department before leaving from the visit. A lower number of minutes is better,Minutes,Not Available,Not Available,5,10/01/2024,09/30/2025
18007F,LEXINGTON VA MEDICAL CENTER,1101 VETERANS DRIVE,LEXINGTON,KY,40502,FAYETTE,(859) 233-4511,Emergency Department,OP-22,Left before being seen,Percentage,1,20916,,01/01/2024,12/31/2024
18007F,LEXINGTON VA MEDICAL CENTER,1101 VETERANS DRIVE,LEXINGTON,KY,40502,FAYETTE,(859) 233-4511,Emergency Department,OP-23,Head CT results,Percentage,Not Available,Not Available,5,10/01/2024,09/30/2025
18007F,LEXINGTON VA MEDICAL CENTER,1101 VETERANS DRIVE,LEXINGTON,KY,40502,FAYETTE,(859) 233-4511,Colonoscopy care,OP-29,Endoscopy/polyp surveillance: appropriate follow-up interval for normal colonoscopy in average risk patients,Percentage,85,33,,01/01/2024,12/31/2024
18007F,LEXINGTON VA MEDICAL CENTER,1101 VETERANS DRIVE,LEXINGTON,KY,40502,FAYETTE,(859) 233-4511,Sepsis Care,SEP-1,Appropriate care for severe sepsis and septic shock,Percentage,50,148,,10/01/2024,09/30/2025
18007F,LEXINGTON VA MEDICAL CENTER,1101 VETERANS DRIVE,LEXINGTON,KY,40502,FAYETTE,(859) 233-4511,Electronic Clinical Quality Measure,STK-02,Discharged on Antithrombotic Therapy,Percentage,98,65,,01/01/2024,12/31/2024
18007F,LEXINGTON VA MEDICAL CENTER,1101 VETERANS DRIVE,LEXINGTON,KY,40502,FAYETTE,(859) 233-4511,Electronic Clinical Quality Measure,VTE-1,Venous Thromboembolism Prophylaxis,Percentage,80,2404,,01/01/2024,12/31/2024
18007F,LEXINGTON VA MEDICAL CENTER,1101 VETERANS DRIVE,LEXINGTON,KY,40502,FAYETTE,(859) 233-4511,Electronic Clinical Quality Measure,VTE-2,Intensive Care Unit Venous Thromboembolism Prophylaxis,Percentage,80,467,,01/01/2024,12/31/2024
19043F,ALEXANDRIA VA MEDICAL CENTER,2495 SHREVEPORT HIGHWAY 71 N,PINEVILLE,LA,71360,RAPIDES,(318) 473-0010,Emergency Department,EDV,Emergency department volume,Text,low,,,01/01/2024,12/31/2024
19043F,ALEXANDRIA VA MEDICAL CENTER,2495 SHREVEPORT HIGHWAY 71 N,PINEVILLE,LA,71360,RAPIDES,(318) 473-0010,Healthcare Personnel Vaccination,IMM-3,Healthcare workers given influenza vaccination,Percentage,77,1245,,10/01/2024,03/31/2025
19043F,ALEXANDRIA VA MEDICAL CENTER,2495 SHREVEPORT HIGHWAY 71 N,PINEVILLE,LA,71360,RAPIDES,(318) 473-0010,Emergency Department,OP-18b,"Average (median) time patients spent in the emergency department before leaving from the visit, excluding patients transferred to another facility or psychiatric care/mental health patients. A lower number of minutes is better",Minutes,Not Available,Not Available,5,10/01/2024,09/30/2025
19043F,ALEXANDRIA VA MEDICAL CENTER,2495 SHREVEPORT HIGHWAY 71 N,PINEVILLE,LA,71360,RAPIDES,(318) 473-0010,Emergency Department,OP-18c,Average (median) time psychiatric/mental health patients spent in the emergency department before leaving from the visit. A lower number of minutes is better,Minutes,Not Available,Not Available,5,10/01/2024,09/30/2025
19043F,ALEXANDRIA VA MEDICAL CENTER,2495 SHREVEPORT HIGHWAY 71 N,PINEVILLE,LA,71360,RAPIDES,(318) 473-0010,Emergency Department,OP-22,Left before being seen,Percentage,2,8399,,01/01/2024,12/31/2024
19043F,ALEXANDRIA VA MEDICAL CENTER,2495 SHREVEPORT HIGHWAY 71 N,PINEVILLE,LA,71360,RAPIDES,(318) 473-0010,Emergency Department,OP-23,Head CT results,Percentage,Not Available,Not Available,5,10/01/2024,09/30/2025
19043F,ALEXANDRIA VA MEDICAL CENTER,2495 SHREVEPORT HIGHWAY 71 N,PINEVILLE,LA,71360,RAPIDES,(318) 473-0010,Colonoscopy care,OP-29,Endoscopy/polyp surveillance: appropriate follow-up interval for normal colonoscopy in average risk patients,Percentage,Not Available,Not Available,5,01/01/2024,12/31/2024
19043F,ALEXANDRIA VA MEDICAL CENTER,2495 SHREVEPORT HIGHWAY 71 N,PINEVILLE,LA,71360,RAPIDES,(318) 473-0010,Sepsis Care,SEP-1,Appropriate care for severe sepsis and septic shock,Percentage,Not Available,Not Available,1,10/01/2024,09/30/2025
19043F,ALEXANDRIA VA MEDICAL CENTER,2495 SHREVEPORT HIGHWAY 71 N,PINEVILLE,LA,71360,RAPIDES,(318) 473-0010,Electronic Clinical Quality Measure,STK-02,Discharged on Antithrombotic Therapy,Percentage,Not Available,Not Available,5,01/01/2024,12/31/2024
19043F,ALEXANDRIA VA MEDICAL CENTER,2495 SHREVEPORT HIGHWAY 71 N,PINEVILLE,LA,71360,RAPIDES,(318) 473-0010,Electronic Clinical Quality Measure,VTE-1,Venous Thromboembolism Prophylaxis,Percentage,44,82,,01/01/2024,12/31/2024
19043F,ALEXANDRIA VA MEDICAL CENTER,2495 SHREVEPORT HIGHWAY 71 N,PINEVILLE,LA,71360,RAPIDES,(318) 473-0010,Electronic Clinical Quality Measure,VTE-2,Intensive Care Unit Venous Thromboembolism Prophylaxis,Percentage,Not Available,Not Available,5,01/01/2024,12/31/2024
19047F,SOUTHEAST LOUISIANA VETERANS HEALTH CARE SYSTEM,2400 CANAL STREET,NEW ORLEANS,LA,70119,ORLEANS,(800) 935-8387,Emergency Department,EDV,Emergency department volume,Text,medium,,,01/01/2024,12/31/2024
19047F,SOUTHEAST LOUISIANA VETERANS HEALTH CARE SYSTEM,2400 CANAL STREET,NEW ORLEANS,LA,70119,ORLEANS,(800) 935-8387,Healthcare Personnel Vaccination,IMM-3,Healthcare workers given influenza vaccination,Percentage,51,2674,,10/01/2024,03/31/2025
19047F,SOUTHEAST LOUISIANA VETERANS HEALTH CARE SYSTEM,2400 CANAL STREET,NEW ORLEANS,LA,70119,ORLEANS,(800) 935-8387,Emergency Department,OP-18b,"Average (median) time patients spent in the emergency department before leaving from the visit, excluding patients transferred to another facility or psychiatric care/mental health patients. A lower number of minutes is better",Minutes,Not Available,Not Available,5,10/01/2024,09/30/2025
19047F,SOUTHEAST LOUISIANA VETERANS HEALTH CARE SYSTEM,2400 CANAL STREET,NEW ORLEANS,LA,70119,ORLEANS,(800) 935-8387,Emergency Department,OP-18c,Average (median) time psychiatric/mental health patients spent in the emergency department before leaving from the visit. A lower number of minutes is better,Minutes,Not Available,Not Available,5,10/01/2024,09/30/2025
19047F,SOUTHEAST LOUISIANA VETERANS HEALTH CARE SYSTEM,2400 CANAL STREET,NEW ORLEANS,LA,70119,ORLEANS,(800) 935-8387,Emergency Department,OP-22,Left before being seen,Percentage,1,23428,,01/01/2024,12/31/2024
19047F,SOUTHEAST LOUISIANA VETERANS HEALTH CARE SYSTEM,2400 CANAL STREET,NEW ORLEANS,LA,70119,ORLEANS,(800) 935-8387,Emergency Department,OP-23,Head CT results,Percentage,Not Available,Not Available,5,10/01/2024,09/30/2025
19047F,SOUTHEAST LOUISIANA VETERANS HEALTH CARE SYSTEM,2400 CANAL STREET,NEW ORLEANS,LA,70119,ORLEANS,(800) 935-8387,Colonoscopy care,OP-29,Endoscopy/polyp surveillance: appropriate follow-up interval for normal colonoscopy in average risk patients,Percentage,94,51,,01/01/2024,12/31/2024
19047F,SOUTHEAST LOUISIANA VETERANS HEALTH CARE SYSTEM,2400 CANAL STREET,NEW ORLEANS,LA,70119,ORLEANS,(800) 935-8387,Sepsis Care,SEP-1,Appropriate care for severe sepsis and septic shock,Percentage,62,136,,10/01/2024,09/30/2025
19047F,SOUTHEAST LOUISIANA VETERANS HEALTH CARE SYSTEM,2400 CANAL STREET,NEW ORLEANS,LA,70119,ORLEANS,(800) 935-8387,Electronic Clinical Quality Measure,STK-02,Discharged on Antithrombotic Therapy,Percentage,100,34,,01/01/2024,12/31/2024
19047F,SOUTHEAST LOUISIANA VETERANS HEALTH CARE SYSTEM,2400 CANAL STREET,NEW ORLEANS,LA,70119,ORLEANS,(800) 935-8387,Electronic Clinical Quality Measure,VTE-1,Venous Thromboembolism Prophylaxis,Percentage,71,1859,,01/01/2024,12/31/2024
19047F,SOUTHEAST LOUISIANA VETERANS HEALTH CARE SYSTEM,2400 CANAL STREET,NEW ORLEANS,LA,70119,ORLEANS,(800) 935-8387,Electronic Clinical Quality Measure,VTE-2,Intensive Care Unit Venous Thromboembolism Prophylaxis,Percentage,71,520,,01/01/2024,12/31/2024
19048F,OVERTON BROOKS VA MEDICAL CENTER (SHREVEPORT),510 EAST STONER AVENUE,SHREVEPORT,LA,71101,CADDO,(318) 424-6037,Emergency Department,EDV,Emergency department volume,Text,low,,,01/01/2024,12/31/2024
19048F,OVERTON BROOKS VA MEDICAL CENTER (SHREVEPORT),510 EAST STONER AVENUE,SHREVEPORT,LA,71101,CADDO,(318) 424-6037,Healthcare Personnel Vaccination,IMM-3,Healthcare workers given influenza vaccination,Percentage,79,1889,,10/01/2024,03/31/2025
19048F,OVERTON BROOKS VA MEDICAL CENTER (SHREVEPORT),510 EAST STONER AVENUE,SHREVEPORT,LA,71101,CADDO,(318) 424-6037,Emergency Department,OP-18b,"Average (median) time patients spent in the emergency department before leaving from the visit, excluding patients transferred to another facility or psychiatric care/mental health patients. A lower number of minutes is better",Minutes,Not Available,Not Available,5,10/01/2024,09/30/2025
19048F,OVERTON BROOKS VA MEDICAL CENTER (SHREVEPORT),510 EAST STONER AVENUE,SHREVEPORT,LA,71101,CADDO,(318) 424-6037,Emergency Department,OP-18c,Average (median) time psychiatric/mental health patients spent in the emergency department before leaving from the visit. A lower number of minutes is better,Minutes,Not Available,Not Available,5,10/01/2024,09/30/2025
19048F,OVERTON BROOKS VA MEDICAL CENTER (SHREVEPORT),510 EAST STONER AVENUE,SHREVEPORT,LA,71101,CADDO,(318) 424-6037,Emergency Department,OP-22,Left before being seen,Percentage,1,15331,,01/01/2024,12/31/2024
19048F,OVERTON BROOKS VA MEDICAL CENTER (SHREVEPORT),510 EAST STONER AVENUE,SHREVEPORT,LA,71101,CADDO,(318) 424-6037,Emergency Department,OP-23,Head CT results,Percentage,Not Available,Not Available,5,10/01/2024,09/30/2025
19048F,OVERTON BROOKS VA MEDICAL CENTER (SHREVEPORT),510 EAST STONER AVENUE,SHREVEPORT,LA,71101,CADDO,(318) 424-6037,Colonoscopy care,OP-29,Endoscopy/polyp surveillance: appropriate follow-up interval for normal colonoscopy in average risk patients,Percentage,Not Available,Not Available,1,01/01/2024,12/31/2024
19048F,OVERTON BROOKS VA MEDICAL CENTER (SHREVEPORT),510 EAST STONER AVENUE,SHREVEPORT,LA,71101,CADDO,(318) 424-6037,Sepsis Care,SEP-1,Appropriate care for severe sepsis and septic shock,Percentage,75,67,,10/01/2024,09/30/2025
19048F,OVERTON BROOKS VA MEDICAL CENTER (SHREVEPORT),510 EAST STONER AVENUE,SHREVEPORT,LA,71101,CADDO,(318) 424-6037,Electronic Clinical Quality Measure,STK-02,Discharged on Antithrombotic Therapy,Percentage,100,27,,01/01/2024,12/31/2024
19048F,OVERTON BROOKS VA MEDICAL CENTER (SHREVEPORT),510 EAST STONER AVENUE,SHREVEPORT,LA,71101,CADDO,(318) 424-6037,Electronic Clinical Quality Measure,VTE-1,Venous Thromboembolism Prophylaxis,Percentage,75,1016,,01/01/2024,12/31/2024
19048F,OVERTON BROOKS VA MEDICAL CENTER (SHREVEPORT),510 EAST STONER AVENUE,SHREVEPORT,LA,71101,CADDO,(318) 424-6037,Electronic Clinical Quality Measure,VTE-2,Intensive Care Unit Venous Thromboembolism Prophylaxis,Percentage,71,255,,01/01/2024,12/31/2024
20003F,TOGUS VA MEDICAL CENTER,1 VA CENTER,AUGUSTA,ME,04330,KENNEBEC,(207) 623-8411,Emergency Department,EDV,Emergency department volume,Text,low,,,01/01/2024,12/31/2024
20003F,TOGUS VA MEDICAL CENTER,1 VA CENTER,AUGUSTA,ME,04330,KENNEBEC,(207) 623-8411,Healthcare Personnel Vaccination,IMM-3,Healthcare workers given influenza vaccination,Percentage,88,1921,,10/01/2024,03/31/2025
20003F,TOGUS VA MEDICAL CENTER,1 VA CENTER,AUGUSTA,ME,04330,KENNEBEC,(207) 623-8411,Emergency Department,OP-18b,"Average (median) time patients spent in the emergency department before leaving from the visit, excluding patients transferred to another facility or psychiatric care/mental health patients. A lower number of minutes is better",Minutes,Not Available,Not Available,5,10/01/2024,09/30/2025
20003F,TOGUS VA MEDICAL CENTER,1 VA CENTER,AUGUSTA,ME,04330,KENNEBEC,(207) 623-8411,Emergency Department,OP-18c,Average (median) time psychiatric/mental health patients spent in the emergency department before leaving from the visit. A lower number of minutes is better,Minutes,Not Available,Not Available,5,10/01/2024,09/30/2025
20003F,TOGUS VA MEDICAL CENTER,1 VA CENTER,AUGUSTA,ME,04330,KENNEBEC,(207) 623-8411,Emergency Department,OP-22,Left before being seen,Percentage,1,13045,,01/01/2024,12/31/2024
20003F,TOGUS VA MEDICAL CENTER,1 VA CENTER,AUGUSTA,ME,04330,KENNEBEC,(207) 623-8411,Emergency Department,OP-23,Head CT results,Percentage,Not Available,Not Available,5,10/01/2024,09/30/2025
20003F,TOGUS VA MEDICAL CENTER,1 VA CENTER,AUGUSTA,ME,04330,KENNEBEC,(207) 623-8411,Colonoscopy care,OP-29,Endoscopy/polyp surveillance: appropriate follow-up interval for normal colonoscopy in average risk patients,Percentage,100,52,,01/01/2024,12/31/2024
20003F,TOGUS VA MEDICAL CENTER,1 VA CENTER,AUGUSTA,ME,04330,KENNEBEC,(207) 623-8411,Sepsis Care,SEP-1,Appropriate care for severe sepsis and septic shock,Percentage,50,32,,10/01/2024,09/30/2025
20003F,TOGUS VA MEDICAL CENTER,1 VA CENTER,AUGUSTA,ME,04330,KENNEBEC,(207) 623-8411,Electronic Clinical Quality Measure,STK-02,Discharged on Antithrombotic Therapy,Percentage,92,26,,01/01/2024,12/31/2024
20003F,TOGUS VA MEDICAL CENTER,1 VA CENTER,AUGUSTA,ME,04330,KENNEBEC,(207) 623-8411,Electronic Clinical Quality Measure,VTE-1,Venous Thromboembolism Prophylaxis,Percentage,85,760,,01/01/2024,12/31/2024
20003F,TOGUS VA MEDICAL CENTER,1 VA CENTER,AUGUSTA,ME,04330,KENNEBEC,(207) 623-8411,Electronic Clinical Quality Measure,VTE-2,Intensive Care Unit Venous Thromboembolism Prophylaxis,Percentage,72,353,,01/01/2024,12/31/2024
21010F,VA MARYLAND HEALTHCARE SYSTEM - PERRY POINT,VA MEDICAL CENTER,PERRY POINT,MD,21902,CECIL,(410) 642-2411,Emergency Department,EDV,Emergency department volume,Text,Not Available,,5,01/01/2024,12/31/2024
21010F,VA MARYLAND HEALTHCARE SYSTEM - PERRY POINT,VA MEDICAL CENTER,PERRY POINT,MD,21902,CECIL,(410) 642-2411,Healthcare Personnel Vaccination,IMM-3,Healthcare workers given influenza vaccination,Percentage,Not Available,Not Available,5,10/01/2024,03/31/2025
21010F,VA MARYLAND HEALTHCARE SYSTEM - PERRY POINT,VA MEDICAL CENTER,PERRY POINT,MD,21902,CECIL,(410) 642-2411,Emergency Department,OP-18b,"Average (median) time patients spent in the emergency department before leaving from the visit, excluding patients transferred to another facility or psychiatric care/mental health patients. A lower number of minutes is better",Minutes,Not Available,Not Available,"5, 24",10/01/2024,09/30/2025
21010F,VA MARYLAND HEALTHCARE SYSTEM - PERRY POINT,VA MEDICAL CENTER,PERRY POINT,MD,21902,CECIL,(410) 642-2411,Emergency Department,OP-18c,Average (median) time psychiatric/mental health patients spent in the emergency department before leaving from the visit. A lower number of minutes is better,Minutes,Not Available,Not Available,"5, 24",10/01/2024,09/30/2025
21010F,VA MARYLAND HEALTHCARE SYSTEM - PERRY POINT,VA MEDICAL CENTER,PERRY POINT,MD,21902,CECIL,(410) 642-2411,Emergency Department,OP-22,Left before being seen,Percentage,Not Available,Not Available,"5, 24",01/01/2024,12/31/2024
21010F,VA MARYLAND HEALTHCARE SYSTEM - PERRY POINT,VA MEDICAL CENTER,PERRY POINT,MD,21902,CECIL,(410) 642-2411,Emergency Department,OP-23,Head CT results,Percentage,Not Available,Not Available,"5, 24",10/01/2024,09/30/2025
21010F,VA MARYLAND HEALTHCARE SYSTEM - PERRY POINT,VA MEDICAL CENTER,PERRY POINT,MD,21902,CECIL,(410) 642-2411,Colonoscopy care,OP-29,Endoscopy/polyp surveillance: appropriate follow-up interval for normal colonoscopy in average risk patients,Percentage,Not Available,Not Available,"5, 24",01/01/2024,12/31/2024
21010F,VA MARYLAND HEALTHCARE SYSTEM - PERRY POINT,VA MEDICAL CENTER,PERRY POINT,MD,21902,CECIL,(410) 642-2411,Sepsis Care,SEP-1,Appropriate care for severe sepsis and septic shock,Percentage,Not Available,Not Available,"5, 24",10/01/2024,09/30/2025
21010F,VA MARYLAND HEALTHCARE SYSTEM - PERRY POINT,VA MEDICAL CENTER,PERRY POINT,MD,21902,CECIL,(410) 642-2411,Electronic Clinical Quality Measure,STK-02,Discharged on Antithrombotic Therapy,Percentage,Not Available,Not Available,"5, 24",01/01/2024,12/31/2024
21010F,VA MARYLAND HEALTHCARE SYSTEM - PERRY POINT,VA MEDICAL CENTER,PERRY POINT,MD,21902,CECIL,(410) 642-2411,Electronic Clinical Quality Measure,VTE-1,Venous Thromboembolism Prophylaxis,Percentage,Not Available,Not Available,"5, 24",01/01/2024,12/31/2024
21010F,VA MARYLAND HEALTHCARE SYSTEM - PERRY POINT,VA MEDICAL CENTER,PERRY POINT,MD,21902,CECIL,(410) 642-2411,Electronic Clinical Quality Measure,VTE-2,Intensive Care Unit Venous Thromboembolism Prophylaxis,Percentage,Not Available,Not Available,"5, 24",01/01/2024,12/31/2024
21020F,VA MARYLAND HEALTHCARE SYSTEM - BALTIMORE,10 NORTH GREENE STREET,BALTIMORE,MD,21201,BALTIMORE CITY,(410) 605-7016,Emergency Department,EDV,Emergency department volume,Text,medium,,,01/01/2024,12/31/2024
21020F,VA MARYLAND HEALTHCARE SYSTEM - BALTIMORE,10 NORTH GREENE STREET,BALTIMORE,MD,21201,BALTIMORE CITY,(410) 605-7016,Healthcare Personnel Vaccination,IMM-3,Healthcare workers given influenza vaccination,Percentage,78,3737,,10/01/2024,03/31/2025
21020F,VA MARYLAND HEALTHCARE SYSTEM - BALTIMORE,10 NORTH GREENE STREET,BALTIMORE,MD,21201,BALTIMORE CITY,(410) 605-7016,Emergency Department,OP-18b,"Average (median) time patients spent in the emergency department before leaving from the visit, excluding patients transferred to another facility or psychiatric care/mental health patients. A lower number of minutes is better",Minutes,Not Available,Not Available,5,10/01/2024,09/30/2025
21020F,VA MARYLAND HEALTHCARE SYSTEM - BALTIMORE,10 NORTH GREENE STREET,BALTIMORE,MD,21201,BALTIMORE CITY,(410) 605-7016,Emergency Department,OP-18c,Average (median) time psychiatric/mental health patients spent in the emergency department before leaving from the visit. A lower number of minutes is better,Minutes,Not Available,Not Available,5,10/01/2024,09/30/2025
21020F,VA MARYLAND HEALTHCARE SYSTEM - BALTIMORE,10 NORTH GREENE STREET,BALTIMORE,MD,21201,BALTIMORE CITY,(410) 605-7016,Emergency Department,OP-22,Left before being seen,Percentage,3,20341,,01/01/2024,12/31/2024
21020F,VA MARYLAND HEALTHCARE SYSTEM - BALTIMORE,10 NORTH GREENE STREET,BALTIMORE,MD,21201,BALTIMORE CITY,(410) 605-7016,Emergency Department,OP-23,Head CT results,Percentage,Not Available,Not Available,5,10/01/2024,09/30/2025
21020F,VA MARYLAND HEALTHCARE SYSTEM - BALTIMORE,10 NORTH GREENE STREET,BALTIMORE,MD,21201,BALTIMORE CITY,(410) 605-7016,Colonoscopy care,OP-29,Endoscopy/polyp surveillance: appropriate follow-up interval for normal colonoscopy in average risk patients,Percentage,98,47,,01/01/2024,12/31/2024
21020F,VA MARYLAND HEALTHCARE SYSTEM - BALTIMORE,10 NORTH GREENE STREET,BALTIMORE,MD,21201,BALTIMORE CITY,(410) 605-7016,Sepsis Care,SEP-1,Appropriate care for severe sepsis and septic shock,Percentage,33,63,,10/01/2024,09/30/2025
21020F,VA MARYLAND HEALTHCARE SYSTEM - BALTIMORE,10 NORTH GREENE STREET,BALTIMORE,MD,21201,BALTIMORE CITY,(410) 605-7016,Electronic Clinical Quality Measure,STK-02,Discharged on Antithrombotic Therapy,Percentage,96,48,,01/01/2024,12/31/2024
21020F,VA MARYLAND HEALTHCARE SYSTEM - BALTIMORE,10 NORTH GREENE STREET,BALTIMORE,MD,21201,BALTIMORE CITY,(410) 605-7016,Electronic Clinical Quality Measure,VTE-1,Venous Thromboembolism Prophylaxis,Percentage,76,2218,,01/01/2024,12/31/2024
21020F,VA MARYLAND HEALTHCARE SYSTEM - BALTIMORE,10 NORTH GREENE STREET,BALTIMORE,MD,21201,BALTIMORE CITY,(410) 605-7016,Electronic Clinical Quality Measure,VTE-2,Intensive Care Unit Venous Thromboembolism Prophylaxis,Percentage,77,500,,01/01/2024,12/31/2024
22001F,BEDFORD VA MEDICAL CENTER,200 SPRINGS ROAD,BEDFORD,MA,01730,MIDDLESEX,(781) 275-7500,Emergency Department,EDV,Emergency department volume,Text,low,,,01/01/2024,12/31/2024
22001F,BEDFORD VA MEDICAL CENTER,200 SPRINGS ROAD,BEDFORD,MA,01730,MIDDLESEX,(781) 275-7500,Healthcare Personnel Vaccination,IMM-3,Healthcare workers given influenza vaccination,Percentage,83,1513,,10/01/2024,03/31/2025
22001F,BEDFORD VA MEDICAL CENTER,200 SPRINGS ROAD,BEDFORD,MA,01730,MIDDLESEX,(781) 275-7500,Emergency Department,OP-18b,"Average (median) time patients spent in the emergency department before leaving from the visit, excluding patients transferred to another facility or psychiatric care/mental health patients. A lower number of minutes is better",Minutes,Not Available,Not Available,5,10/01/2024,09/30/2025
22001F,BEDFORD VA MEDICAL CENTER,200 SPRINGS ROAD,BEDFORD,MA,01730,MIDDLESEX,(781) 275-7500,Emergency Department,OP-18c,Average (median) time psychiatric/mental health patients spent in the emergency department before leaving from the visit. A lower number of minutes is better,Minutes,Not Available,Not Available,5,10/01/2024,09/30/2025
22001F,BEDFORD VA MEDICAL CENTER,200 SPRINGS ROAD,BEDFORD,MA,01730,MIDDLESEX,(781) 275-7500,Emergency Department,OP-22,Left before being seen,Percentage,1,4732,,01/01/2024,12/31/2024
22001F,BEDFORD VA MEDICAL CENTER,200 SPRINGS ROAD,BEDFORD,MA,01730,MIDDLESEX,(781) 275-7500,Emergency Department,OP-23,Head CT results,Percentage,Not Available,Not Available,5,10/01/2024,09/30/2025
22001F,BEDFORD VA MEDICAL CENTER,200 SPRINGS ROAD,BEDFORD,MA,01730,MIDDLESEX,(781) 275-7500,Colonoscopy care,OP-29,Endoscopy/polyp surveillance: appropriate follow-up interval for normal colonoscopy in average risk patients,Percentage,Not Available,Not Available,5,01/01/2024,12/31/2024
22001F,BEDFORD VA MEDICAL CENTER,200 SPRINGS ROAD,BEDFORD,MA,01730,MIDDLESEX,(781) 275-7500,Sepsis Care,SEP-1,Appropriate care for severe sepsis and septic shock,Percentage,Not Available,Not Available,5,10/01/2024,09/30/2025
22001F,BEDFORD VA MEDICAL CENTER,200 SPRINGS ROAD,BEDFORD,MA,01730,MIDDLESEX,(781) 275-7500,Electronic Clinical Quality Measure,STK-02,Discharged on Antithrombotic Therapy,Percentage,Not Available,Not Available,5,01/01/2024,12/31/2024
22001F,BEDFORD VA MEDICAL CENTER,200 SPRINGS ROAD,BEDFORD,MA,01730,MIDDLESEX,(781) 275-7500,Electronic Clinical Quality Measure,VTE-1,Venous Thromboembolism Prophylaxis,Percentage,Not Available,Not Available,5,01/01/2024,12/31/2024
22001F,BEDFORD VA MEDICAL CENTER,200 SPRINGS ROAD,BEDFORD,MA,01730,MIDDLESEX,(781) 275-7500,Electronic Clinical Quality Measure,VTE-2,Intensive Care Unit Venous Thromboembolism Prophylaxis,Percentage,Not Available,Not Available,5,01/01/2024,12/31/2024
22009F,NORTHAMPTON VA MEDICAL CENTER,421 N MAIN ST,LEEDS,MA,01053,HAMPSHIRE,(413) 584-4040,Emergency Department,EDV,Emergency department volume,Text,Not Available,,5,01/01/2024,12/31/2024
22009F,NORTHAMPTON VA MEDICAL CENTER,421 N MAIN ST,LEEDS,MA,01053,HAMPSHIRE,(413) 584-4040,Healthcare Personnel Vaccination,IMM-3,Healthcare workers given influenza vaccination,Percentage,91,1091,,10/01/2024,03/31/2025
22009F,NORTHAMPTON VA MEDICAL CENTER,421 N MAIN ST,LEEDS,MA,01053,HAMPSHIRE,(413) 584-4040,Emergency Department,OP-18b,"Average (median) time patients spent in the emergency department before leaving from the visit, excluding patients transferred to another facility or psychiatric care/mental health patients. A lower number of minutes is better",Minutes,Not Available,Not Available,5,10/01/2024,09/30/2025
22009F,NORTHAMPTON VA MEDICAL CENTER,421 N MAIN ST,LEEDS,MA,01053,HAMPSHIRE,(413) 584-4040,Emergency Department,OP-18c,Average (median) time psychiatric/mental health patients spent in the emergency department before leaving from the visit. A lower number of minutes is better,Minutes,Not Available,Not Available,5,10/01/2024,09/30/2025
22009F,NORTHAMPTON VA MEDICAL CENTER,421 N MAIN ST,LEEDS,MA,01053,HAMPSHIRE,(413) 584-4040,Emergency Department,OP-22,Left before being seen,Percentage,Not Available,Not Available,5,01/01/2024,12/31/2024
22009F,NORTHAMPTON VA MEDICAL CENTER,421 N MAIN ST,LEEDS,MA,01053,HAMPSHIRE,(413) 584-4040,Emergency Department,OP-23,Head CT results,Percentage,Not Available,Not Available,5,10/01/2024,09/30/2025
22009F,NORTHAMPTON VA MEDICAL CENTER,421 N MAIN ST,LEEDS,MA,01053,HAMPSHIRE,(413) 584-4040,Colonoscopy care,OP-29,Endoscopy/polyp surveillance: appropriate follow-up interval for normal colonoscopy in average risk patients,Percentage,Not Available,Not Available,5,01/01/2024,12/31/2024
22009F,NORTHAMPTON VA MEDICAL CENTER,421 N MAIN ST,LEEDS,MA,01053,HAMPSHIRE,(413) 584-4040,Sepsis Care,SEP-1,Appropriate care for severe sepsis and septic shock,Percentage,Not Available,Not Available,5,10/01/2024,09/30/2025
22009F,NORTHAMPTON VA MEDICAL CENTER,421 N MAIN ST,LEEDS,MA,01053,HAMPSHIRE,(413) 584-4040,Electronic Clinical Quality Measure,STK-02,Discharged on Antithrombotic Therapy,Percentage,Not Available,Not Available,5,01/01/2024,12/31/2024
22009F,NORTHAMPTON VA MEDICAL CENTER,421 N MAIN ST,LEEDS,MA,01053,HAMPSHIRE,(413) 584-4040,Electronic Clinical Quality Measure,VTE-1,Venous Thromboembolism Prophylaxis,Percentage,Not Available,Not Available,5,01/01/2024,12/31/2024
22009F,NORTHAMPTON VA MEDICAL CENTER,421 N MAIN ST,LEEDS,MA,01053,HAMPSHIRE,(413) 584-4040,Electronic Clinical Quality Measure,VTE-2,Intensive Care Unit Venous Thromboembolism Prophylaxis,Percentage,Not Available,Not Available,5,01/01/2024,12/31/2024
22010F,VA BOSTON HEALTHCARE SYSTEM - JAMAICA PLAIN,150 S. HUNTINGTON AVENUE,JAMAICA PLAIN,MA,02130,SUFFOLK,(617) 232-9500,Emergency Department,EDV,Emergency department volume,Text,low,,,01/01/2024,12/31/2024
22010F,VA BOSTON HEALTHCARE SYSTEM - JAMAICA PLAIN,150 S. HUNTINGTON AVENUE,JAMAICA PLAIN,MA,02130,SUFFOLK,(617) 232-9500,Healthcare Personnel Vaccination,IMM-3,Healthcare workers given influenza vaccination,Percentage,84,4906,,10/01/2024,03/31/2025
22010F,VA BOSTON HEALTHCARE SYSTEM - JAMAICA PLAIN,150 S. HUNTINGTON AVENUE,JAMAICA PLAIN,MA,02130,SUFFOLK,(617) 232-9500,Emergency Department,OP-18b,"Average (median) time patients spent in the emergency department before leaving from the visit, excluding patients transferred to another facility or psychiatric care/mental health patients. A lower number of minutes is better",Minutes,184,65,,10/01/2024,09/30/2025
22010F,VA BOSTON HEALTHCARE SYSTEM - JAMAICA PLAIN,150 S. HUNTINGTON AVENUE,JAMAICA PLAIN,MA,02130,SUFFOLK,(617) 232-9500,Emergency Department,OP-18c,Average (median) time psychiatric/mental health patients spent in the emergency department before leaving from the visit. A lower number of minutes is better,Minutes,356,12,,10/01/2024,09/30/2025
22010F,VA BOSTON HEALTHCARE SYSTEM - JAMAICA PLAIN,150 S. HUNTINGTON AVENUE,JAMAICA PLAIN,MA,02130,SUFFOLK,(617) 232-9500,Emergency Department,OP-22,Left before being seen,Percentage,0,5650,,01/01/2024,12/31/2024
22010F,VA BOSTON HEALTHCARE SYSTEM - JAMAICA PLAIN,150 S. HUNTINGTON AVENUE,JAMAICA PLAIN,MA,02130,SUFFOLK,(617) 232-9500,Emergency Department,OP-23,Head CT results,Percentage,Not Available,Not Available,1,10/01/2024,09/30/2025
22010F,VA BOSTON HEALTHCARE SYSTEM - JAMAICA PLAIN,150 S. HUNTINGTON AVENUE,JAMAICA PLAIN,MA,02130,SUFFOLK,(617) 232-9500,Colonoscopy care,OP-29,Endoscopy/polyp surveillance: appropriate follow-up interval for normal colonoscopy in average risk patients,Percentage,100,22,,01/01/2024,12/31/2024
22010F,VA BOSTON HEALTHCARE SYSTEM - JAMAICA PLAIN,150 S. HUNTINGTON AVENUE,JAMAICA PLAIN,MA,02130,SUFFOLK,(617) 232-9500,Sepsis Care,SEP-1,Appropriate care for severe sepsis and septic shock,Percentage,57,56,,10/01/2024,09/30/2025
22010F,VA BOSTON HEALTHCARE SYSTEM - JAMAICA PLAIN,150 S. HUNTINGTON AVENUE,JAMAICA PLAIN,MA,02130,SUFFOLK,(617) 232-9500,Electronic Clinical Quality Measure,STK-02,Discharged on Antithrombotic Therapy,Percentage,95,44,,01/01/2024,12/31/2024
22010F,VA BOSTON HEALTHCARE SYSTEM - JAMAICA PLAIN,150 S. HUNTINGTON AVENUE,JAMAICA PLAIN,MA,02130,SUFFOLK,(617) 232-9500,Electronic Clinical Quality Measure,VTE-1,Venous Thromboembolism Prophylaxis,Percentage,77,3794,,01/01/2024,12/31/2024
22010F,VA BOSTON HEALTHCARE SYSTEM - JAMAICA PLAIN,150 S. HUNTINGTON AVENUE,JAMAICA PLAIN,MA,02130,SUFFOLK,(617) 232-9500,Electronic Clinical Quality Measure,VTE-2,Intensive Care Unit Venous Thromboembolism Prophylaxis,Percentage,70,590,,01/01/2024,12/31/2024
23005F,IRON MOUNTAIN MI VA MEDICAL CENTER,325 EAST H STREET,IRON MOUNTAIN,MI,49801,DICKINSON,(906) 774-3300,Emergency Department,EDV,Emergency department volume,Text,low,,,01/01/2024,12/31/2024
23005F,IRON MOUNTAIN MI VA MEDICAL CENTER,325 EAST H STREET,IRON MOUNTAIN,MI,49801,DICKINSON,(906) 774-3300,Healthcare Personnel Vaccination,IMM-3,Healthcare workers given influenza vaccination,Percentage,82,840,,10/01/2024,03/31/2025
23005F,IRON MOUNTAIN MI VA MEDICAL CENTER,325 EAST H STREET,IRON MOUNTAIN,MI,49801,DICKINSON,(906) 774-3300,Emergency Department,OP-18b,"Average (median) time patients spent in the emergency department before leaving from the visit, excluding patients transferred to another facility or psychiatric care/mental health patients. A lower number of minutes is better",Minutes,Not Available,Not Available,5,10/01/2024,09/30/2025
23005F,IRON MOUNTAIN MI VA MEDICAL CENTER,325 EAST H STREET,IRON MOUNTAIN,MI,49801,DICKINSON,(906) 774-3300,Emergency Department,OP-18c,Average (median) time psychiatric/mental health patients spent in the emergency department before leaving from the visit. A lower number of minutes is better,Minutes,Not Available,Not Available,5,10/01/2024,09/30/2025
23005F,IRON MOUNTAIN MI VA MEDICAL CENTER,325 EAST H STREET,IRON MOUNTAIN,MI,49801,DICKINSON,(906) 774-3300,Emergency Department,OP-22,Left before being seen,Percentage,0,3469,,01/01/2024,12/31/2024
23005F,IRON MOUNTAIN MI VA MEDICAL CENTER,325 EAST H STREET,IRON MOUNTAIN,MI,49801,DICKINSON,(906) 774-3300,Emergency Department,OP-23,Head CT results,Percentage,Not Available,Not Available,5,10/01/2024,09/30/2025
23005F,IRON MOUNTAIN MI VA MEDICAL CENTER,325 EAST H STREET,IRON MOUNTAIN,MI,49801,DICKINSON,(906) 774-3300,Colonoscopy care,OP-29,Endoscopy/polyp surveillance: appropriate follow-up interval for normal colonoscopy in average risk patients,Percentage,Not Available,Not Available,1,01/01/2024,12/31/2024
23005F,IRON MOUNTAIN MI VA MEDICAL CENTER,325 EAST H STREET,IRON MOUNTAIN,MI,49801,DICKINSON,(906) 774-3300,Sepsis Care,SEP-1,Appropriate care for severe sepsis and septic shock,Percentage,Not Available,Not Available,1,10/01/2024,09/30/2025
23005F,IRON MOUNTAIN MI VA MEDICAL CENTER,325 EAST H STREET,IRON MOUNTAIN,MI,49801,DICKINSON,(906) 774-3300,Electronic Clinical Quality Measure,STK-02,Discharged on Antithrombotic Therapy,Percentage,Not Available,Not Available,5,01/01/2024,12/31/2024
23005F,IRON MOUNTAIN MI VA MEDICAL CENTER,325 EAST H STREET,IRON MOUNTAIN,MI,49801,DICKINSON,(906) 774-3300,Electronic Clinical Quality Measure,VTE-1,Venous Thromboembolism Prophylaxis,Percentage,71,109,,01/01/2024,12/31/2024
23005F,IRON MOUNTAIN MI VA MEDICAL CENTER,325 EAST H STREET,IRON MOUNTAIN,MI,49801,DICKINSON,(906) 774-3300,Electronic Clinical Quality Measure,VTE-2,Intensive Care Unit Venous Thromboembolism Prophylaxis,Percentage,Not Available,Not Available,5,01/01/2024,12/31/2024
23011F,VA ANN ARBOR HEALTHCARE SYSTEM,2215 FULLER ROAD,ANN ARBOR,MI,48105,WASHTENAW,(734) 769-7100,Emergency Department,EDV,Emergency department volume,Text,low,,,01/01/2024,12/31/2024
23011F,VA ANN ARBOR HEALTHCARE SYSTEM,2215 FULLER ROAD,ANN ARBOR,MI,48105,WASHTENAW,(734) 769-7100,Healthcare Personnel Vaccination,IMM-3,Healthcare workers given influenza vaccination,Percentage,87,3628,,10/01/2024,03/31/2025
23011F,VA ANN ARBOR HEALTHCARE SYSTEM,2215 FULLER ROAD,ANN ARBOR,MI,48105,WASHTENAW,(734) 769-7100,Emergency Department,OP-18b,"Average (median) time patients spent in the emergency department before leaving from the visit, excluding patients transferred to another facility or psychiatric care/mental health patients. A lower number of minutes is better",Minutes,Not Available,Not Available,5,10/01/2024,09/30/2025
23011F,VA ANN ARBOR HEALTHCARE SYSTEM,2215 FULLER ROAD,ANN ARBOR,MI,48105,WASHTENAW,(734) 769-7100,Emergency Department,OP-18c,Average (median) time psychiatric/mental health patients spent in the emergency department before leaving from the visit. A lower number of minutes is better,Minutes,Not Available,Not Available,5,10/01/2024,09/30/2025
23011F,VA ANN ARBOR HEALTHCARE SYSTEM,2215 FULLER ROAD,ANN ARBOR,MI,48105,WASHTENAW,(734) 769-7100,Emergency Department,OP-22,Left before being seen,Percentage,1,17956,,01/01/2024,12/31/2024
23011F,VA ANN ARBOR HEALTHCARE SYSTEM,2215 FULLER ROAD,ANN ARBOR,MI,48105,WASHTENAW,(734) 769-7100,Emergency Department,OP-23,Head CT results,Percentage,Not Available,Not Available,5,10/01/2024,09/30/2025
23011F,VA ANN ARBOR HEALTHCARE SYSTEM,2215 FULLER ROAD,ANN ARBOR,MI,48105,WASHTENAW,(734) 769-7100,Colonoscopy care,OP-29,Endoscopy/polyp surveillance: appropriate follow-up interval for normal colonoscopy in average risk patients,Percentage,95,43,,01/01/2024,12/31/2024
23011F,VA ANN ARBOR HEALTHCARE SYSTEM,2215 FULLER ROAD,ANN ARBOR,MI,48105,WASHTENAW,(734) 769-7100,Sepsis Care,SEP-1,Appropriate care for severe sepsis and septic shock,Percentage,53,86,,10/01/2024,09/30/2025
23011F,VA ANN ARBOR HEALTHCARE SYSTEM,2215 FULLER ROAD,ANN ARBOR,MI,48105,WASHTENAW,(734) 769-7100,Electronic Clinical Quality Measure,STK-02,Discharged on Antithrombotic Therapy,Percentage,100,40,,01/01/2024,12/31/2024
23011F,VA ANN ARBOR HEALTHCARE SYSTEM,2215 FULLER ROAD,ANN ARBOR,MI,48105,WASHTENAW,(734) 769-7100,Electronic Clinical Quality Measure,VTE-1,Venous Thromboembolism Prophylaxis,Percentage,77,2800,,01/01/2024,12/31/2024
23011F,VA ANN ARBOR HEALTHCARE SYSTEM,2215 FULLER ROAD,ANN ARBOR,MI,48105,WASHTENAW,(734) 769-7100,Electronic Clinical Quality Measure,VTE-2,Intensive Care Unit Venous Thromboembolism Prophylaxis,Percentage,66,581,,01/01/2024,12/31/2024
23012F,BATTLE CREEK VA MEDICAL CENTER,5500 ARMSTRONG RD.,BATTLE CREEK,MI,49037,CALHOUN,(269) 966-5600,Emergency Department,EDV,Emergency department volume,Text,low,,,01/01/2024,12/31/2024
23012F,BATTLE CREEK VA MEDICAL CENTER,5500 ARMSTRONG RD.,BATTLE CREEK,MI,49037,CALHOUN,(269) 966-5600,Healthcare Personnel Vaccination,IMM-3,Healthcare workers given influenza vaccination,Percentage,78,2053,,10/01/2024,03/31/2025
23012F,BATTLE CREEK VA MEDICAL CENTER,5500 ARMSTRONG RD.,BATTLE CREEK,MI,49037,CALHOUN,(269) 966-5600,Emergency Department,OP-18b,"Average (median) time patients spent in the emergency department before leaving from the visit, excluding patients transferred to another facility or psychiatric care/mental health patients. A lower number of minutes is better",Minutes,Not Available,Not Available,5,10/01/2024,09/30/2025
23012F,BATTLE CREEK VA MEDICAL CENTER,5500 ARMSTRONG RD.,BATTLE CREEK,MI,49037,CALHOUN,(269) 966-5600,Emergency Department,OP-18c,Average (median) time psychiatric/mental health patients spent in the emergency department before leaving from the visit. A lower number of minutes is better,Minutes,Not Available,Not Available,5,10/01/2024,09/30/2025
23012F,BATTLE CREEK VA MEDICAL CENTER,5500 ARMSTRONG RD.,BATTLE CREEK,MI,49037,CALHOUN,(269) 966-5600,Emergency Department,OP-22,Left before being seen,Percentage,1,7122,,01/01/2024,12/31/2024
23012F,BATTLE CREEK VA MEDICAL CENTER,5500 ARMSTRONG RD.,BATTLE CREEK,MI,49037,CALHOUN,(269) 966-5600,Emergency Department,OP-23,Head CT results,Percentage,Not Available,Not Available,5,10/01/2024,09/30/2025
23012F,BATTLE CREEK VA MEDICAL CENTER,5500 ARMSTRONG RD.,BATTLE CREEK,MI,49037,CALHOUN,(269) 966-5600,Colonoscopy care,OP-29,Endoscopy/polyp surveillance: appropriate follow-up interval for normal colonoscopy in average risk patients,Percentage,76,25,,01/01/2024,12/31/2024
23012F,BATTLE CREEK VA MEDICAL CENTER,5500 ARMSTRONG RD.,BATTLE CREEK,MI,49037,CALHOUN,(269) 966-5600,Sepsis Care,SEP-1,Appropriate care for severe sepsis and septic shock,Percentage,Not Available,Not Available,5,10/01/2024,09/30/2025
23012F,BATTLE CREEK VA MEDICAL CENTER,5500 ARMSTRONG RD.,BATTLE CREEK,MI,49037,CALHOUN,(269) 966-5600,Electronic Clinical Quality Measure,STK-02,Discharged on Antithrombotic Therapy,Percentage,Not Available,Not Available,5,01/01/2024,12/31/2024
23012F,BATTLE CREEK VA MEDICAL CENTER,5500 ARMSTRONG RD.,BATTLE CREEK,MI,49037,CALHOUN,(269) 966-5600,Electronic Clinical Quality Measure,VTE-1,Venous Thromboembolism Prophylaxis,Percentage,21,29,,01/01/2024,12/31/2024
23012F,BATTLE CREEK VA MEDICAL CENTER,5500 ARMSTRONG RD.,BATTLE CREEK,MI,49037,CALHOUN,(269) 966-5600,Electronic Clinical Quality Measure,VTE-2,Intensive Care Unit Venous Thromboembolism Prophylaxis,Percentage,Not Available,Not Available,5,01/01/2024,12/31/2024
23037F,DETROIT (JOHN D. DINGELL) VA MEDICAL CENTER,4646 JOHN R.,DETROIT,MI,48201,WAYNE,(313) 576-1000,Emergency Department,EDV,Emergency department volume,Text,medium,,,01/01/2024,12/31/2024
23037F,DETROIT (JOHN D. DINGELL) VA MEDICAL CENTER,4646 JOHN R.,DETROIT,MI,48201,WAYNE,(313) 576-1000,Healthcare Personnel Vaccination,IMM-3,Healthcare workers given influenza vaccination,Percentage,82,2586,,10/01/2024,03/31/2025
23037F,DETROIT (JOHN D. DINGELL) VA MEDICAL CENTER,4646 JOHN R.,DETROIT,MI,48201,WAYNE,(313) 576-1000,Emergency Department,OP-18b,"Average (median) time patients spent in the emergency department before leaving from the visit, excluding patients transferred to another facility or psychiatric care/mental health patients. A lower number of minutes is better",Minutes,Not Available,Not Available,5,10/01/2024,09/30/2025
23037F,DETROIT (JOHN D. DINGELL) VA MEDICAL CENTER,4646 JOHN R.,DETROIT,MI,48201,WAYNE,(313) 576-1000,Emergency Department,OP-18c,Average (median) time psychiatric/mental health patients spent in the emergency department before leaving from the visit. A lower number of minutes is better,Minutes,Not Available,Not Available,5,10/01/2024,09/30/2025
23037F,DETROIT (JOHN D. DINGELL) VA MEDICAL CENTER,4646 JOHN R.,DETROIT,MI,48201,WAYNE,(313) 576-1000,Emergency Department,OP-22,Left before being seen,Percentage,1,20304,,01/01/2024,12/31/2024
23037F,DETROIT (JOHN D. DINGELL) VA MEDICAL CENTER,4646 JOHN R.,DETROIT,MI,48201,WAYNE,(313) 576-1000,Emergency Department,OP-23,Head CT results,Percentage,Not Available,Not Available,5,10/01/2024,09/30/2025
23037F,DETROIT (JOHN D. DINGELL) VA MEDICAL CENTER,4646 JOHN R.,DETROIT,MI,48201,WAYNE,(313) 576-1000,Colonoscopy care,OP-29,Endoscopy/polyp surveillance: appropriate follow-up interval for normal colonoscopy in average risk patients,Percentage,100,41,,01/01/2024,12/31/2024
23037F,DETROIT (JOHN D. DINGELL) VA MEDICAL CENTER,4646 JOHN R.,DETROIT,MI,48201,WAYNE,(313) 576-1000,Sepsis Care,SEP-1,Appropriate care for severe sepsis and septic shock,Percentage,47,108,,10/01/2024,09/30/2025
23037F,DETROIT (JOHN D. DINGELL) VA MEDICAL CENTER,4646 JOHN R.,DETROIT,MI,48201,WAYNE,(313) 576-1000,Electronic Clinical Quality Measure,STK-02,Discharged on Antithrombotic Therapy,Percentage,100,41,,01/01/2024,12/31/2024
23037F,DETROIT (JOHN D. DINGELL) VA MEDICAL CENTER,4646 JOHN R.,DETROIT,MI,48201,WAYNE,(313) 576-1000,Electronic Clinical Quality Measure,VTE-1,Venous Thromboembolism Prophylaxis,Percentage,83,2177,,01/01/2024,12/31/2024
23037F,DETROIT (JOHN D. DINGELL) VA MEDICAL CENTER,4646 JOHN R.,DETROIT,MI,48201,WAYNE,(313) 576-1000,Electronic Clinical Quality Measure,VTE-2,Intensive Care Unit Venous Thromboembolism Prophylaxis,Percentage,79,330,,01/01/2024,12/31/2024
24002F,ST CLOUD VA MEDICAL CENTER,4801 VETERANS DRIVE,ST. CLOUD,MN,56303,STEARNS,(320) 252-1670,Emergency Department,EDV,Emergency department volume,Text,low,,,01/01/2024,12/31/2024
24002F,ST CLOUD VA MEDICAL CENTER,4801 VETERANS DRIVE,ST. CLOUD,MN,56303,STEARNS,(320) 252-1670,Healthcare Personnel Vaccination,IMM-3,Healthcare workers given influenza vaccination,Percentage,79,2070,,10/01/2024,03/31/2025
24002F,ST CLOUD VA MEDICAL CENTER,4801 VETERANS DRIVE,ST. CLOUD,MN,56303,STEARNS,(320) 252-1670,Emergency Department,OP-18b,"Average (median) time patients spent in the emergency department before leaving from the visit, excluding patients transferred to another facility or psychiatric care/mental health patients. A lower number of minutes is better",Minutes,Not Available,Not Available,5,10/01/2024,09/30/2025
24002F,ST CLOUD VA MEDICAL CENTER,4801 VETERANS DRIVE,ST. CLOUD,MN,56303,STEARNS,(320) 252-1670,Emergency Department,OP-18c,Average (median) time psychiatric/mental health patients spent in the emergency department before leaving from the visit. A lower number of minutes is better,Minutes,Not Available,Not Available,5,10/01/2024,09/30/2025
24002F,ST CLOUD VA MEDICAL CENTER,4801 VETERANS DRIVE,ST. CLOUD,MN,56303,STEARNS,(320) 252-1670,Emergency Department,OP-22,Left before being seen,Percentage,1,12483,,01/01/2024,12/31/2024
24002F,ST CLOUD VA MEDICAL CENTER,4801 VETERANS DRIVE,ST. CLOUD,MN,56303,STEARNS,(320) 252-1670,Emergency Department,OP-23,Head CT results,Percentage,Not Available,Not Available,5,10/01/2024,09/30/2025
24002F,ST CLOUD VA MEDICAL CENTER,4801 VETERANS DRIVE,ST. CLOUD,MN,56303,STEARNS,(320) 252-1670,Colonoscopy care,OP-29,Endoscopy/polyp surveillance: appropriate follow-up interval for normal colonoscopy in average risk patients,Percentage,100,19,,01/01/2024,12/31/2024
24002F,ST CLOUD VA MEDICAL CENTER,4801 VETERANS DRIVE,ST. CLOUD,MN,56303,STEARNS,(320) 252-1670,Sepsis Care,SEP-1,Appropriate care for severe sepsis and septic shock,Percentage,Not Available,Not Available,5,10/01/2024,09/30/2025
24002F,ST CLOUD VA MEDICAL CENTER,4801 VETERANS DRIVE,ST. CLOUD,MN,56303,STEARNS,(320) 252-1670,Electronic Clinical Quality Measure,STK-02,Discharged on Antithrombotic Therapy,Percentage,Not Available,Not Available,5,01/01/2024,12/31/2024
24002F,ST CLOUD VA MEDICAL CENTER,4801 VETERANS DRIVE,ST. CLOUD,MN,56303,STEARNS,(320) 252-1670,Electronic Clinical Quality Measure,VTE-1,Venous Thromboembolism Prophylaxis,Percentage,Not Available,Not Available,5,01/01/2024,12/31/2024
24002F,ST CLOUD VA MEDICAL CENTER,4801 VETERANS DRIVE,ST. CLOUD,MN,56303,STEARNS,(320) 252-1670,Electronic Clinical Quality Measure,VTE-2,Intensive Care Unit Venous Thromboembolism Prophylaxis,Percentage,Not Available,Not Available,5,01/01/2024,12/31/2024
24003F,MINNEAPOLIS VA MEDICAL CENTER,ONE VETERANS DRIVE,MINNEAPOLIS,MN,55417,HENNEPIN,(612) 725-2000,Emergency Department,EDV,Emergency department volume,Text,medium,,,01/01/2024,12/31/2024
24003F,MINNEAPOLIS VA MEDICAL CENTER,ONE VETERANS DRIVE,MINNEAPOLIS,MN,55417,HENNEPIN,(612) 725-2000,Healthcare Personnel Vaccination,IMM-3,Healthcare workers given influenza vaccination,Percentage,87,4826,,10/01/2024,03/31/2025
24003F,MINNEAPOLIS VA MEDICAL CENTER,ONE VETERANS DRIVE,MINNEAPOLIS,MN,55417,HENNEPIN,(612) 725-2000,Emergency Department,OP-18b,"Average (median) time patients spent in the emergency department before leaving from the visit, excluding patients transferred to another facility or psychiatric care/mental health patients. A lower number of minutes is better",Minutes,Not Available,Not Available,1,10/01/2024,09/30/2025
24003F,MINNEAPOLIS VA MEDICAL CENTER,ONE VETERANS DRIVE,MINNEAPOLIS,MN,55417,HENNEPIN,(612) 725-2000,Emergency Department,OP-18c,Average (median) time psychiatric/mental health patients spent in the emergency department before leaving from the visit. A lower number of minutes is better,Minutes,198,14,,10/01/2024,09/30/2025
24003F,MINNEAPOLIS VA MEDICAL CENTER,ONE VETERANS DRIVE,MINNEAPOLIS,MN,55417,HENNEPIN,(612) 725-2000,Emergency Department,OP-22,Left before being seen,Percentage,1,30562,,01/01/2024,12/31/2024
24003F,MINNEAPOLIS VA MEDICAL CENTER,ONE VETERANS DRIVE,MINNEAPOLIS,MN,55417,HENNEPIN,(612) 725-2000,Emergency Department,OP-23,Head CT results,Percentage,55,11,,10/01/2024,09/30/2025
24003F,MINNEAPOLIS VA MEDICAL CENTER,ONE VETERANS DRIVE,MINNEAPOLIS,MN,55417,HENNEPIN,(612) 725-2000,Colonoscopy care,OP-29,Endoscopy/polyp surveillance: appropriate follow-up interval for normal colonoscopy in average risk patients,Percentage,88,16,,01/01/2024,12/31/2024
24003F,MINNEAPOLIS VA MEDICAL CENTER,ONE VETERANS DRIVE,MINNEAPOLIS,MN,55417,HENNEPIN,(612) 725-2000,Sepsis Care,SEP-1,Appropriate care for severe sepsis and septic shock,Percentage,83,123,,10/01/2024,09/30/2025
24003F,MINNEAPOLIS VA MEDICAL CENTER,ONE VETERANS DRIVE,MINNEAPOLIS,MN,55417,HENNEPIN,(612) 725-2000,Electronic Clinical Quality Measure,STK-02,Discharged on Antithrombotic Therapy,Percentage,100,70,,01/01/2024,12/31/2024
24003F,MINNEAPOLIS VA MEDICAL CENTER,ONE VETERANS DRIVE,MINNEAPOLIS,MN,55417,HENNEPIN,(612) 725-2000,Electronic Clinical Quality Measure,VTE-1,Venous Thromboembolism Prophylaxis,Percentage,56,3497,,01/01/2024,12/31/2024
24003F,MINNEAPOLIS VA MEDICAL CENTER,ONE VETERANS DRIVE,MINNEAPOLIS,MN,55417,HENNEPIN,(612) 725-2000,Electronic Clinical Quality Measure,VTE-2,Intensive Care Unit Venous Thromboembolism Prophylaxis,Percentage,53,588,,01/01/2024,12/31/2024
25042F,VA GULF COAST HEALTHCARE SYSTEM,400 VETERANS AVENUE,BILOXI,MS,39531,HARRISON,(228) 523-5000,Emergency Department,EDV,Emergency department volume,Text,low,,,01/01/2024,12/31/2024
25042F,VA GULF COAST HEALTHCARE SYSTEM,400 VETERANS AVENUE,BILOXI,MS,39531,HARRISON,(228) 523-5000,Healthcare Personnel Vaccination,IMM-3,Healthcare workers given influenza vaccination,Percentage,79,3103,,10/01/2024,03/31/2025
25042F,VA GULF COAST HEALTHCARE SYSTEM,400 VETERANS AVENUE,BILOXI,MS,39531,HARRISON,(228) 523-5000,Emergency Department,OP-18b,"Average (median) time patients spent in the emergency department before leaving from the visit, excluding patients transferred to another facility or psychiatric care/mental health patients. A lower number of minutes is better",Minutes,Not Available,Not Available,5,10/01/2024,09/30/2025
25042F,VA GULF COAST HEALTHCARE SYSTEM,400 VETERANS AVENUE,BILOXI,MS,39531,HARRISON,(228) 523-5000,Emergency Department,OP-18c,Average (median) time psychiatric/mental health patients spent in the emergency department before leaving from the visit. A lower number of minutes is better,Minutes,Not Available,Not Available,5,10/01/2024,09/30/2025
25042F,VA GULF COAST HEALTHCARE SYSTEM,400 VETERANS AVENUE,BILOXI,MS,39531,HARRISON,(228) 523-5000,Emergency Department,OP-22,Left before being seen,Percentage,1,12598,,01/01/2024,12/31/2024
25042F,VA GULF COAST HEALTHCARE SYSTEM,400 VETERANS AVENUE,BILOXI,MS,39531,HARRISON,(228) 523-5000,Emergency Department,OP-23,Head CT results,Percentage,Not Available,Not Available,5,10/01/2024,09/30/2025
25042F,VA GULF COAST HEALTHCARE SYSTEM,400 VETERANS AVENUE,BILOXI,MS,39531,HARRISON,(228) 523-5000,Colonoscopy care,OP-29,Endoscopy/polyp surveillance: appropriate follow-up interval for normal colonoscopy in average risk patients,Percentage,97,36,,01/01/2024,12/31/2024
25042F,VA GULF COAST HEALTHCARE SYSTEM,400 VETERANS AVENUE,BILOXI,MS,39531,HARRISON,(228) 523-5000,Sepsis Care,SEP-1,Appropriate care for severe sepsis and septic shock,Percentage,44,43,,10/01/2024,09/30/2025
25042F,VA GULF COAST HEALTHCARE SYSTEM,400 VETERANS AVENUE,BILOXI,MS,39531,HARRISON,(228) 523-5000,Electronic Clinical Quality Measure,STK-02,Discharged on Antithrombotic Therapy,Percentage,Not Available,Not Available,1,01/01/2024,12/31/2024
25042F,VA GULF COAST HEALTHCARE SYSTEM,400 VETERANS AVENUE,BILOXI,MS,39531,HARRISON,(228) 523-5000,Electronic Clinical Quality Measure,VTE-1,Venous Thromboembolism Prophylaxis,Percentage,76,466,,01/01/2024,12/31/2024
25042F,VA GULF COAST HEALTHCARE SYSTEM,400 VETERANS AVENUE,BILOXI,MS,39531,HARRISON,(228) 523-5000,Electronic Clinical Quality Measure,VTE-2,Intensive Care Unit Venous Thromboembolism Prophylaxis,Percentage,71,59,,01/01/2024,12/31/2024
25043F,G. V. (SONNY) MONTGOMERY VA MEDICAL CENTER (JACKSON),1500 E. WOODROW WILSON DRIVE,JACKSON,MS,39216,HINDS,(601) 362-4471,Emergency Department,EDV,Emergency department volume,Text,low,,,01/01/2024,12/31/2024
25043F,G. V. (SONNY) MONTGOMERY VA MEDICAL CENTER (JACKSON),1500 E. WOODROW WILSON DRIVE,JACKSON,MS,39216,HINDS,(601) 362-4471,Healthcare Personnel Vaccination,IMM-3,Healthcare workers given influenza vaccination,Percentage,77,1999,,10/01/2024,03/31/2025
25043F,G. V. (SONNY) MONTGOMERY VA MEDICAL CENTER (JACKSON),1500 E. WOODROW WILSON DRIVE,JACKSON,MS,39216,HINDS,(601) 362-4471,Emergency Department,OP-18b,"Average (median) time patients spent in the emergency department before leaving from the visit, excluding patients transferred to another facility or psychiatric care/mental health patients. A lower number of minutes is better",Minutes,Not Available,Not Available,5,10/01/2024,09/30/2025
25043F,G. V. (SONNY) MONTGOMERY VA MEDICAL CENTER (JACKSON),1500 E. WOODROW WILSON DRIVE,JACKSON,MS,39216,HINDS,(601) 362-4471,Emergency Department,OP-18c,Average (median) time psychiatric/mental health patients spent in the emergency department before leaving from the visit. A lower number of minutes is better,Minutes,Not Available,Not Available,5,10/01/2024,09/30/2025
25043F,G. V. (SONNY) MONTGOMERY VA MEDICAL CENTER (JACKSON),1500 E. WOODROW WILSON DRIVE,JACKSON,MS,39216,HINDS,(601) 362-4471,Emergency Department,OP-22,Left before being seen,Percentage,2,15536,,01/01/2024,12/31/2024
25043F,G. V. (SONNY) MONTGOMERY VA MEDICAL CENTER (JACKSON),1500 E. WOODROW WILSON DRIVE,JACKSON,MS,39216,HINDS,(601) 362-4471,Emergency Department,OP-23,Head CT results,Percentage,Not Available,Not Available,5,10/01/2024,09/30/2025
25043F,G. V. (SONNY) MONTGOMERY VA MEDICAL CENTER (JACKSON),1500 E. WOODROW WILSON DRIVE,JACKSON,MS,39216,HINDS,(601) 362-4471,Colonoscopy care,OP-29,Endoscopy/polyp surveillance: appropriate follow-up interval for normal colonoscopy in average risk patients,Percentage,64,28,,01/01/2024,12/31/2024
25043F,G. V. (SONNY) MONTGOMERY VA MEDICAL CENTER (JACKSON),1500 E. WOODROW WILSON DRIVE,JACKSON,MS,39216,HINDS,(601) 362-4471,Sepsis Care,SEP-1,Appropriate care for severe sepsis and septic shock,Percentage,33,76,,10/01/2024,09/30/2025
25043F,G. V. (SONNY) MONTGOMERY VA MEDICAL CENTER (JACKSON),1500 E. WOODROW WILSON DRIVE,JACKSON,MS,39216,HINDS,(601) 362-4471,Electronic Clinical Quality Measure,STK-02,Discharged on Antithrombotic Therapy,Percentage,100,27,,01/01/2024,12/31/2024
25043F,G. V. (SONNY) MONTGOMERY VA MEDICAL CENTER (JACKSON),1500 E. WOODROW WILSON DRIVE,JACKSON,MS,39216,HINDS,(601) 362-4471,Electronic Clinical Quality Measure,VTE-1,Venous Thromboembolism Prophylaxis,Percentage,80,1145,,01/01/2024,12/31/2024
25043F,G. V. (SONNY) MONTGOMERY VA MEDICAL CENTER (JACKSON),1500 E. WOODROW WILSON DRIVE,JACKSON,MS,39216,HINDS,(601) 362-4471,Electronic Clinical Quality Measure,VTE-2,Intensive Care Unit Venous Thromboembolism Prophylaxis,Percentage,86,153,,01/01/2024,12/31/2024
26004F,KANSAS CITY VA MEDICAL CENTER,4801 LINWOOD BLVD.,KANSAS CITY,MO,64128,JACKSON,(816) 861-4700,Emergency Department,EDV,Emergency department volume,Text,medium,,,01/01/2024,12/31/2024
26004F,KANSAS CITY VA MEDICAL CENTER,4801 LINWOOD BLVD.,KANSAS CITY,MO,64128,JACKSON,(816) 861-4700,Healthcare Personnel Vaccination,IMM-3,Healthcare workers given influenza vaccination,Percentage,83,2530,,10/01/2024,03/31/2025
26004F,KANSAS CITY VA MEDICAL CENTER,4801 LINWOOD BLVD.,KANSAS CITY,MO,64128,JACKSON,(816) 861-4700,Emergency Department,OP-18b,"Average (median) time patients spent in the emergency department before leaving from the visit, excluding patients transferred to another facility or psychiatric care/mental health patients. A lower number of minutes is better",Minutes,Not Available,Not Available,5,10/01/2024,09/30/2025
26004F,KANSAS CITY VA MEDICAL CENTER,4801 LINWOOD BLVD.,KANSAS CITY,MO,64128,JACKSON,(816) 861-4700,Emergency Department,OP-18c,Average (median) time psychiatric/mental health patients spent in the emergency department before leaving from the visit. A lower number of minutes is better,Minutes,Not Available,Not Available,5,10/01/2024,09/30/2025
26004F,KANSAS CITY VA MEDICAL CENTER,4801 LINWOOD BLVD.,KANSAS CITY,MO,64128,JACKSON,(816) 861-4700,Emergency Department,OP-22,Left before being seen,Percentage,2,21772,,01/01/2024,12/31/2024
26004F,KANSAS CITY VA MEDICAL CENTER,4801 LINWOOD BLVD.,KANSAS CITY,MO,64128,JACKSON,(816) 861-4700,Emergency Department,OP-23,Head CT results,Percentage,Not Available,Not Available,5,10/01/2024,09/30/2025
26004F,KANSAS CITY VA MEDICAL CENTER,4801 LINWOOD BLVD.,KANSAS CITY,MO,64128,JACKSON,(816) 861-4700,Colonoscopy care,OP-29,Endoscopy/polyp surveillance: appropriate follow-up interval for normal colonoscopy in average risk patients,Percentage,100,25,,01/01/2024,12/31/2024
26004F,KANSAS CITY VA MEDICAL CENTER,4801 LINWOOD BLVD.,KANSAS CITY,MO,64128,JACKSON,(816) 861-4700,Sepsis Care,SEP-1,Appropriate care for severe sepsis and septic shock,Percentage,70,115,,10/01/2024,09/30/2025
26004F,KANSAS CITY VA MEDICAL CENTER,4801 LINWOOD BLVD.,KANSAS CITY,MO,64128,JACKSON,(816) 861-4700,Electronic Clinical Quality Measure,STK-02,Discharged on Antithrombotic Therapy,Percentage,98,60,,01/01/2024,12/31/2024
26004F,KANSAS CITY VA MEDICAL CENTER,4801 LINWOOD BLVD.,KANSAS CITY,MO,64128,JACKSON,(816) 861-4700,Electronic Clinical Quality Measure,VTE-1,Venous Thromboembolism Prophylaxis,Percentage,77,3094,,01/01/2024,12/31/2024
26004F,KANSAS CITY VA MEDICAL CENTER,4801 LINWOOD BLVD.,KANSAS CITY,MO,64128,JACKSON,(816) 861-4700,Electronic Clinical Quality Measure,VTE-2,Intensive Care Unit Venous Thromboembolism Prophylaxis,Percentage,68,467,,01/01/2024,12/31/2024
26007F,POPLAR BLUFF VA MEDICAL CENTER,1500 N. WESTWOOD BLVD.,POPLAR BLUFF,MO,63901,BUTLER,(573) 686-4151,Emergency Department,EDV,Emergency department volume,Text,low,,,01/01/2024,12/31/2024
26007F,POPLAR BLUFF VA MEDICAL CENTER,1500 N. WESTWOOD BLVD.,POPLAR BLUFF,MO,63901,BUTLER,(573) 686-4151,Healthcare Personnel Vaccination,IMM-3,Healthcare workers given influenza vaccination,Percentage,70,1117,,10/01/2024,03/31/2025
26007F,POPLAR BLUFF VA MEDICAL CENTER,1500 N. WESTWOOD BLVD.,POPLAR BLUFF,MO,63901,BUTLER,(573) 686-4151,Emergency Department,OP-18b,"Average (median) time patients spent in the emergency department before leaving from the visit, excluding patients transferred to another facility or psychiatric care/mental health patients. A lower number of minutes is better",Minutes,Not Available,Not Available,5,10/01/2024,09/30/2025
26007F,POPLAR BLUFF VA MEDICAL CENTER,1500 N. WESTWOOD BLVD.,POPLAR BLUFF,MO,63901,BUTLER,(573) 686-4151,Emergency Department,OP-18c,Average (median) time psychiatric/mental health patients spent in the emergency department before leaving from the visit. A lower number of minutes is better,Minutes,Not Available,Not Available,5,10/01/2024,09/30/2025
26007F,POPLAR BLUFF VA MEDICAL CENTER,1500 N. WESTWOOD BLVD.,POPLAR BLUFF,MO,63901,BUTLER,(573) 686-4151,Emergency Department,OP-22,Left before being seen,Percentage,1,8192,,01/01/2024,12/31/2024
26007F,POPLAR BLUFF VA MEDICAL CENTER,1500 N. WESTWOOD BLVD.,POPLAR BLUFF,MO,63901,BUTLER,(573) 686-4151,Emergency Department,OP-23,Head CT results,Percentage,Not Available,Not Available,5,10/01/2024,09/30/2025
26007F,POPLAR BLUFF VA MEDICAL CENTER,1500 N. WESTWOOD BLVD.,POPLAR BLUFF,MO,63901,BUTLER,(573) 686-4151,Colonoscopy care,OP-29,Endoscopy/polyp surveillance: appropriate follow-up interval for normal colonoscopy in average risk patients,Percentage,Not Available,Not Available,5,01/01/2024,12/31/2024
26007F,POPLAR BLUFF VA MEDICAL CENTER,1500 N. WESTWOOD BLVD.,POPLAR BLUFF,MO,63901,BUTLER,(573) 686-4151,Sepsis Care,SEP-1,Appropriate care for severe sepsis and septic shock,Percentage,Not Available,Not Available,1,10/01/2024,09/30/2025
26007F,POPLAR BLUFF VA MEDICAL CENTER,1500 N. WESTWOOD BLVD.,POPLAR BLUFF,MO,63901,BUTLER,(573) 686-4151,Electronic Clinical Quality Measure,STK-02,Discharged on Antithrombotic Therapy,Percentage,Not Available,Not Available,1,01/01/2024,12/31/2024
26007F,POPLAR BLUFF VA MEDICAL CENTER,1500 N. WESTWOOD BLVD.,POPLAR BLUFF,MO,63901,BUTLER,(573) 686-4151,Electronic Clinical Quality Measure,VTE-1,Venous Thromboembolism Prophylaxis,Percentage,73,115,,01/01/2024,12/31/2024
26007F,POPLAR BLUFF VA MEDICAL CENTER,1500 N. WESTWOOD BLVD.,POPLAR BLUFF,MO,63901,BUTLER,(573) 686-4151,Electronic Clinical Quality Measure,VTE-2,Intensive Care Unit Venous Thromboembolism Prophylaxis,Percentage,Not Available,Not Available,5,01/01/2024,12/31/2024
26009F,ST LOUIS-JOHN COCHRAN VA MEDICAL CENTER,915 NORTH GRAND,ST. LOUIS,MO,63106,ST. LOUIS,(314) 652-4100,Emergency Department,EDV,Emergency department volume,Text,medium,,,01/01/2024,12/31/2024
26009F,ST LOUIS-JOHN COCHRAN VA MEDICAL CENTER,915 NORTH GRAND,ST. LOUIS,MO,63106,ST. LOUIS,(314) 652-4100,Healthcare Personnel Vaccination,IMM-3,Healthcare workers given influenza vaccination,Percentage,84,3534,,10/01/2024,03/31/2025
26009F,ST LOUIS-JOHN COCHRAN VA MEDICAL CENTER,915 NORTH GRAND,ST. LOUIS,MO,63106,ST. LOUIS,(314) 652-4100,Emergency Department,OP-18b,"Average (median) time patients spent in the emergency department before leaving from the visit, excluding patients transferred to another facility or psychiatric care/mental health patients. A lower number of minutes is better",Minutes,Not Available,Not Available,5,10/01/2024,09/30/2025
26009F,ST LOUIS-JOHN COCHRAN VA MEDICAL CENTER,915 NORTH GRAND,ST. LOUIS,MO,63106,ST. LOUIS,(314) 652-4100,Emergency Department,OP-18c,Average (median) time psychiatric/mental health patients spent in the emergency department before leaving from the visit. A lower number of minutes is better,Minutes,Not Available,Not Available,5,10/01/2024,09/30/2025
26009F,ST LOUIS-JOHN COCHRAN VA MEDICAL CENTER,915 NORTH GRAND,ST. LOUIS,MO,63106,ST. LOUIS,(314) 652-4100,Emergency Department,OP-22,Left before being seen,Percentage,2,23521,,01/01/2024,12/31/2024
26009F,ST LOUIS-JOHN COCHRAN VA MEDICAL CENTER,915 NORTH GRAND,ST. LOUIS,MO,63106,ST. LOUIS,(314) 652-4100,Emergency Department,OP-23,Head CT results,Percentage,Not Available,Not Available,5,10/01/2024,09/30/2025
26009F,ST LOUIS-JOHN COCHRAN VA MEDICAL CENTER,915 NORTH GRAND,ST. LOUIS,MO,63106,ST. LOUIS,(314) 652-4100,Colonoscopy care,OP-29,Endoscopy/polyp surveillance: appropriate follow-up interval for normal colonoscopy in average risk patients,Percentage,94,35,,01/01/2024,12/31/2024
26009F,ST LOUIS-JOHN COCHRAN VA MEDICAL CENTER,915 NORTH GRAND,ST. LOUIS,MO,63106,ST. LOUIS,(314) 652-4100,Sepsis Care,SEP-1,Appropriate care for severe sepsis and septic shock,Percentage,37,104,,10/01/2024,09/30/2025
26009F,ST LOUIS-JOHN COCHRAN VA MEDICAL CENTER,915 NORTH GRAND,ST. LOUIS,MO,63106,ST. LOUIS,(314) 652-4100,Electronic Clinical Quality Measure,STK-02,Discharged on Antithrombotic Therapy,Percentage,92,40,,01/01/2024,12/31/2024
26009F,ST LOUIS-JOHN COCHRAN VA MEDICAL CENTER,915 NORTH GRAND,ST. LOUIS,MO,63106,ST. LOUIS,(314) 652-4100,Electronic Clinical Quality Measure,VTE-1,Venous Thromboembolism Prophylaxis,Percentage,76,3086,,01/01/2024,12/31/2024
26009F,ST LOUIS-JOHN COCHRAN VA MEDICAL CENTER,915 NORTH GRAND,ST. LOUIS,MO,63106,ST. LOUIS,(314) 652-4100,Electronic Clinical Quality Measure,VTE-2,Intensive Care Unit Venous Thromboembolism Prophylaxis,Percentage,75,350,,01/01/2024,12/31/2024
26023F,COLUMBIA MO VA MEDICAL CENTER,800 HOSPITAL DR,COLUMBIA,MO,65201,BOONE,(573) 814-6000,Emergency Department,EDV,Emergency department volume,Text,low,,,01/01/2024,12/31/2024
26023F,COLUMBIA MO VA MEDICAL CENTER,800 HOSPITAL DR,COLUMBIA,MO,65201,BOONE,(573) 814-6000,Healthcare Personnel Vaccination,IMM-3,Healthcare workers given influenza vaccination,Percentage,84,2049,,10/01/2024,03/31/2025
26023F,COLUMBIA MO VA MEDICAL CENTER,800 HOSPITAL DR,COLUMBIA,MO,65201,BOONE,(573) 814-6000,Emergency Department,OP-18b,"Average (median) time patients spent in the emergency department before leaving from the visit, excluding patients transferred to another facility or psychiatric care/mental health patients. A lower number of minutes is better",Minutes,Not Available,Not Available,5,10/01/2024,09/30/2025
26023F,COLUMBIA MO VA MEDICAL CENTER,800 HOSPITAL DR,COLUMBIA,MO,65201,BOONE,(573) 814-6000,Emergency Department,OP-18c,Average (median) time psychiatric/mental health patients spent in the emergency department before leaving from the visit. A lower number of minutes is better,Minutes,Not Available,Not Available,5,10/01/2024,09/30/2025
26023F,COLUMBIA MO VA MEDICAL CENTER,800 HOSPITAL DR,COLUMBIA,MO,65201,BOONE,(573) 814-6000,Emergency Department,OP-22,Left before being seen,Percentage,0,13890,,01/01/2024,12/31/2024
26023F,COLUMBIA MO VA MEDICAL CENTER,800 HOSPITAL DR,COLUMBIA,MO,65201,BOONE,(573) 814-6000,Emergency Department,OP-23,Head CT results,Percentage,Not Available,Not Available,5,10/01/2024,09/30/2025
26023F,COLUMBIA MO VA MEDICAL CENTER,800 HOSPITAL DR,COLUMBIA,MO,65201,BOONE,(573) 814-6000,Colonoscopy care,OP-29,Endoscopy/polyp surveillance: appropriate follow-up interval for normal colonoscopy in average risk patients,Percentage,Not Available,Not Available,5,01/01/2024,12/31/2024
26023F,COLUMBIA MO VA MEDICAL CENTER,800 HOSPITAL DR,COLUMBIA,MO,65201,BOONE,(573) 814-6000,Sepsis Care,SEP-1,Appropriate care for severe sepsis and septic shock,Percentage,86,71,,10/01/2024,09/30/2025
26023F,COLUMBIA MO VA MEDICAL CENTER,800 HOSPITAL DR,COLUMBIA,MO,65201,BOONE,(573) 814-6000,Electronic Clinical Quality Measure,STK-02,Discharged on Antithrombotic Therapy,Percentage,Not Available,Not Available,1,01/01/2024,12/31/2024
26023F,COLUMBIA MO VA MEDICAL CENTER,800 HOSPITAL DR,COLUMBIA,MO,65201,BOONE,(573) 814-6000,Electronic Clinical Quality Measure,VTE-1,Venous Thromboembolism Prophylaxis,Percentage,82,2305,,01/01/2024,12/31/2024
26023F,COLUMBIA MO VA MEDICAL CENTER,800 HOSPITAL DR,COLUMBIA,MO,65201,BOONE,(573) 814-6000,Electronic Clinical Quality Measure,VTE-2,Intensive Care Unit Venous Thromboembolism Prophylaxis,Percentage,81,416,,01/01/2024,12/31/2024
27003F,VA MONTANA HEALTHCARE SYSTEM,3687 VETERANS DRIVE,FORT HARRISON,MT,59636,LEWIS AND CLARK,(406) 447-7900,Emergency Department,EDV,Emergency department volume,Text,low,,,01/01/2024,12/31/2024
27003F,VA MONTANA HEALTHCARE SYSTEM,3687 VETERANS DRIVE,FORT HARRISON,MT,59636,LEWIS AND CLARK,(406) 447-7900,Healthcare Personnel Vaccination,IMM-3,Healthcare workers given influenza vaccination,Percentage,83,1656,,10/01/2024,03/31/2025
27003F,VA MONTANA HEALTHCARE SYSTEM,3687 VETERANS DRIVE,FORT HARRISON,MT,59636,LEWIS AND CLARK,(406) 447-7900,Emergency Department,OP-18b,"Average (median) time patients spent in the emergency department before leaving from the visit, excluding patients transferred to another facility or psychiatric care/mental health patients. A lower number of minutes is better",Minutes,Not Available,Not Available,5,10/01/2024,09/30/2025
27003F,VA MONTANA HEALTHCARE SYSTEM,3687 VETERANS DRIVE,FORT HARRISON,MT,59636,LEWIS AND CLARK,(406) 447-7900,Emergency Department,OP-18c,Average (median) time psychiatric/mental health patients spent in the emergency department before leaving from the visit. A lower number of minutes is better,Minutes,Not Available,Not Available,5,10/01/2024,09/30/2025
27003F,VA MONTANA HEALTHCARE SYSTEM,3687 VETERANS DRIVE,FORT HARRISON,MT,59636,LEWIS AND CLARK,(406) 447-7900,Emergency Department,OP-22,Left before being seen,Percentage,0,4958,,01/01/2024,12/31/2024
27003F,VA MONTANA HEALTHCARE SYSTEM,3687 VETERANS DRIVE,FORT HARRISON,MT,59636,LEWIS AND CLARK,(406) 447-7900,Emergency Department,OP-23,Head CT results,Percentage,Not Available,Not Available,5,10/01/2024,09/30/2025
27003F,VA MONTANA HEALTHCARE SYSTEM,3687 VETERANS DRIVE,FORT HARRISON,MT,59636,LEWIS AND CLARK,(406) 447-7900,Colonoscopy care,OP-29,Endoscopy/polyp surveillance: appropriate follow-up interval for normal colonoscopy in average risk patients,Percentage,98,49,,01/01/2024,12/31/2024
27003F,VA MONTANA HEALTHCARE SYSTEM,3687 VETERANS DRIVE,FORT HARRISON,MT,59636,LEWIS AND CLARK,(406) 447-7900,Sepsis Care,SEP-1,Appropriate care for severe sepsis and septic shock,Percentage,74,19,,10/01/2024,09/30/2025
27003F,VA MONTANA HEALTHCARE SYSTEM,3687 VETERANS DRIVE,FORT HARRISON,MT,59636,LEWIS AND CLARK,(406) 447-7900,Electronic Clinical Quality Measure,STK-02,Discharged on Antithrombotic Therapy,Percentage,Not Available,Not Available,1,01/01/2024,12/31/2024
27003F,VA MONTANA HEALTHCARE SYSTEM,3687 VETERANS DRIVE,FORT HARRISON,MT,59636,LEWIS AND CLARK,(406) 447-7900,Electronic Clinical Quality Measure,VTE-1,Venous Thromboembolism Prophylaxis,Percentage,77,403,,01/01/2024,12/31/2024
27003F,VA MONTANA HEALTHCARE SYSTEM,3687 VETERANS DRIVE,FORT HARRISON,MT,59636,LEWIS AND CLARK,(406) 447-7900,Electronic Clinical Quality Measure,VTE-2,Intensive Care Unit Venous Thromboembolism Prophylaxis,Percentage,74,42,,01/01/2024,12/31/2024
28006F,OMAHA VA MEDICAL CENTER (VA NEBRASKA WESTERN IOWA HEALTHCARE SYSTEM),4101 WOOLWORTH AVENUE,OMAHA,NE,68105,DOUGLAS,(402) 346-8800,Emergency Department,EDV,Emergency department volume,Text,low,,,01/01/2024,12/31/2024
28006F,OMAHA VA MEDICAL CENTER (VA NEBRASKA WESTERN IOWA HEALTHCARE SYSTEM),4101 WOOLWORTH AVENUE,OMAHA,NE,68105,DOUGLAS,(402) 346-8800,Healthcare Personnel Vaccination,IMM-3,Healthcare workers given influenza vaccination,Percentage,59,2674,,10/01/2024,03/31/2025
28006F,OMAHA VA MEDICAL CENTER (VA NEBRASKA WESTERN IOWA HEALTHCARE SYSTEM),4101 WOOLWORTH AVENUE,OMAHA,NE,68105,DOUGLAS,(402) 346-8800,Emergency Department,OP-18b,"Average (median) time patients spent in the emergency department before leaving from the visit, excluding patients transferred to another facility or psychiatric care/mental health patients. A lower number of minutes is better",Minutes,Not Available,Not Available,5,10/01/2024,09/30/2025
28006F,OMAHA VA MEDICAL CENTER (VA NEBRASKA WESTERN IOWA HEALTHCARE SYSTEM),4101 WOOLWORTH AVENUE,OMAHA,NE,68105,DOUGLAS,(402) 346-8800,Emergency Department,OP-18c,Average (median) time psychiatric/mental health patients spent in the emergency department before leaving from the visit. A lower number of minutes is better,Minutes,Not Available,Not Available,5,10/01/2024,09/30/2025
28006F,OMAHA VA MEDICAL CENTER (VA NEBRASKA WESTERN IOWA HEALTHCARE SYSTEM),4101 WOOLWORTH AVENUE,OMAHA,NE,68105,DOUGLAS,(402) 346-8800,Emergency Department,OP-22,Left before being seen,Percentage,1,16035,,01/01/2024,12/31/2024
28006F,OMAHA VA MEDICAL CENTER (VA NEBRASKA WESTERN IOWA HEALTHCARE SYSTEM),4101 WOOLWORTH AVENUE,OMAHA,NE,68105,DOUGLAS,(402) 346-8800,Emergency Department,OP-23,Head CT results,Percentage,Not Available,Not Available,5,10/01/2024,09/30/2025
28006F,OMAHA VA MEDICAL CENTER (VA NEBRASKA WESTERN IOWA HEALTHCARE SYSTEM),4101 WOOLWORTH AVENUE,OMAHA,NE,68105,DOUGLAS,(402) 346-8800,Colonoscopy care,OP-29,Endoscopy/polyp surveillance: appropriate follow-up interval for normal colonoscopy in average risk patients,Percentage,95,41,,01/01/2024,12/31/2024
28006F,OMAHA VA MEDICAL CENTER (VA NEBRASKA WESTERN IOWA HEALTHCARE SYSTEM),4101 WOOLWORTH AVENUE,OMAHA,NE,68105,DOUGLAS,(402) 346-8800,Sepsis Care,SEP-1,Appropriate care for severe sepsis and septic shock,Percentage,84,93,,10/01/2024,09/30/2025
28006F,OMAHA VA MEDICAL CENTER (VA NEBRASKA WESTERN IOWA HEALTHCARE SYSTEM),4101 WOOLWORTH AVENUE,OMAHA,NE,68105,DOUGLAS,(402) 346-8800,Electronic Clinical Quality Measure,STK-02,Discharged on Antithrombotic Therapy,Percentage,97,29,,01/01/2024,12/31/2024
28006F,OMAHA VA MEDICAL CENTER (VA NEBRASKA WESTERN IOWA HEALTHCARE SYSTEM),4101 WOOLWORTH AVENUE,OMAHA,NE,68105,DOUGLAS,(402) 346-8800,Electronic Clinical Quality Measure,VTE-1,Venous Thromboembolism Prophylaxis,Percentage,90,1452,,01/01/2024,12/31/2024
28006F,OMAHA VA MEDICAL CENTER (VA NEBRASKA WESTERN IOWA HEALTHCARE SYSTEM),4101 WOOLWORTH AVENUE,OMAHA,NE,68105,DOUGLAS,(402) 346-8800,Electronic Clinical Quality Measure,VTE-2,Intensive Care Unit Venous Thromboembolism Prophylaxis,Percentage,85,386,,01/01/2024,12/31/2024
29002F,VA SIERRA NEVADA HEALTHCARE SYSTEM,975 KIRMAN AVENUE,RENO,NV,89502,WASHOE,(775) 328-1263,Emergency Department,EDV,Emergency department volume,Text,low,,,01/01/2024,12/31/2024
29002F,VA SIERRA NEVADA HEALTHCARE SYSTEM,975 KIRMAN AVENUE,RENO,NV,89502,WASHOE,(775) 328-1263,Healthcare Personnel Vaccination,IMM-3,Healthcare workers given influenza vaccination,Percentage,87,1832,,10/01/2024,03/31/2025
29002F,VA SIERRA NEVADA HEALTHCARE SYSTEM,975 KIRMAN AVENUE,RENO,NV,89502,WASHOE,(775) 328-1263,Emergency Department,OP-18b,"Average (median) time patients spent in the emergency department before leaving from the visit, excluding patients transferred to another facility or psychiatric care/mental health patients. A lower number of minutes is better",Minutes,Not Available,Not Available,5,10/01/2024,09/30/2025
29002F,VA SIERRA NEVADA HEALTHCARE SYSTEM,975 KIRMAN AVENUE,RENO,NV,89502,WASHOE,(775) 328-1263,Emergency Department,OP-18c,Average (median) time psychiatric/mental health patients spent in the emergency department before leaving from the visit. A lower number of minutes is better,Minutes,Not Available,Not Available,5,10/01/2024,09/30/2025
29002F,VA SIERRA NEVADA HEALTHCARE SYSTEM,975 KIRMAN AVENUE,RENO,NV,89502,WASHOE,(775) 328-1263,Emergency Department,OP-22,Left before being seen,Percentage,0,17720,,01/01/2024,12/31/2024
29002F,VA SIERRA NEVADA HEALTHCARE SYSTEM,975 KIRMAN AVENUE,RENO,NV,89502,WASHOE,(775) 328-1263,Emergency Department,OP-23,Head CT results,Percentage,Not Available,Not Available,5,10/01/2024,09/30/2025
29002F,VA SIERRA NEVADA HEALTHCARE SYSTEM,975 KIRMAN AVENUE,RENO,NV,89502,WASHOE,(775) 328-1263,Colonoscopy care,OP-29,Endoscopy/polyp surveillance: appropriate follow-up interval for normal colonoscopy in average risk patients,Percentage,100,37,,01/01/2024,12/31/2024
29002F,VA SIERRA NEVADA HEALTHCARE SYSTEM,975 KIRMAN AVENUE,RENO,NV,89502,WASHOE,(775) 328-1263,Sepsis Care,SEP-1,Appropriate care for severe sepsis and septic shock,Percentage,85,128,,10/01/2024,09/30/2025
29002F,VA SIERRA NEVADA HEALTHCARE SYSTEM,975 KIRMAN AVENUE,RENO,NV,89502,WASHOE,(775) 328-1263,Electronic Clinical Quality Measure,STK-02,Discharged on Antithrombotic Therapy,Percentage,94,32,,01/01/2024,12/31/2024
29002F,VA SIERRA NEVADA HEALTHCARE SYSTEM,975 KIRMAN AVENUE,RENO,NV,89502,WASHOE,(775) 328-1263,Electronic Clinical Quality Measure,VTE-1,Venous Thromboembolism Prophylaxis,Percentage,85,1679,,01/01/2024,12/31/2024
29002F,VA SIERRA NEVADA HEALTHCARE SYSTEM,975 KIRMAN AVENUE,RENO,NV,89502,WASHOE,(775) 328-1263,Electronic Clinical Quality Measure,VTE-2,Intensive Care Unit Venous Thromboembolism Prophylaxis,Percentage,77,212,,01/01/2024,12/31/2024
29004F,VA SOUTHERN NEVADA HEALTHCARE SYSTEM,6900 NORTH PECOS ROAD,N. LAS VEGAS,NV,89086,CLARK,(702) 791-9024,Emergency Department,EDV,Emergency department volume,Text,high,,,01/01/2024,12/31/2024
29004F,VA SOUTHERN NEVADA HEALTHCARE SYSTEM,6900 NORTH PECOS ROAD,N. LAS VEGAS,NV,89086,CLARK,(702) 791-9024,Healthcare Personnel Vaccination,IMM-3,Healthcare workers given influenza vaccination,Percentage,84,3675,,10/01/2024,03/31/2025
29004F,VA SOUTHERN NEVADA HEALTHCARE SYSTEM,6900 NORTH PECOS ROAD,N. LAS VEGAS,NV,89086,CLARK,(702) 791-9024,Emergency Department,OP-18b,"Average (median) time patients spent in the emergency department before leaving from the visit, excluding patients transferred to another facility or psychiatric care/mental health patients. A lower number of minutes is better",Minutes,Not Available,Not Available,5,10/01/2024,09/30/2025
29004F,VA SOUTHERN NEVADA HEALTHCARE SYSTEM,6900 NORTH PECOS ROAD,N. LAS VEGAS,NV,89086,CLARK,(702) 791-9024,Emergency Department,OP-18c,Average (median) time psychiatric/mental health patients spent in the emergency department before leaving from the visit. A lower number of minutes is better,Minutes,Not Available,Not Available,5,10/01/2024,09/30/2025
29004F,VA SOUTHERN NEVADA HEALTHCARE SYSTEM,6900 NORTH PECOS ROAD,N. LAS VEGAS,NV,89086,CLARK,(702) 791-9024,Emergency Department,OP-22,Left before being seen,Percentage,1,41523,,01/01/2024,12/31/2024
29004F,VA SOUTHERN NEVADA HEALTHCARE SYSTEM,6900 NORTH PECOS ROAD,N. LAS VEGAS,NV,89086,CLARK,(702) 791-9024,Emergency Department,OP-23,Head CT results,Percentage,Not Available,Not Available,5,10/01/2024,09/30/2025
29004F,VA SOUTHERN NEVADA HEALTHCARE SYSTEM,6900 NORTH PECOS ROAD,N. LAS VEGAS,NV,89086,CLARK,(702) 791-9024,Colonoscopy care,OP-29,Endoscopy/polyp surveillance: appropriate follow-up interval for normal colonoscopy in average risk patients,Percentage,Not Available,Not Available,1,01/01/2024,12/31/2024
29004F,VA SOUTHERN NEVADA HEALTHCARE SYSTEM,6900 NORTH PECOS ROAD,N. LAS VEGAS,NV,89086,CLARK,(702) 791-9024,Sepsis Care,SEP-1,Appropriate care for severe sepsis and septic shock,Percentage,84,101,,10/01/2024,09/30/2025
29004F,VA SOUTHERN NEVADA HEALTHCARE SYSTEM,6900 NORTH PECOS ROAD,N. LAS VEGAS,NV,89086,CLARK,(702) 791-9024,Electronic Clinical Quality Measure,STK-02,Discharged on Antithrombotic Therapy,Percentage,92,53,,01/01/2024,12/31/2024
29004F,VA SOUTHERN NEVADA HEALTHCARE SYSTEM,6900 NORTH PECOS ROAD,N. LAS VEGAS,NV,89086,CLARK,(702) 791-9024,Electronic Clinical Quality Measure,VTE-1,Venous Thromboembolism Prophylaxis,Percentage,89,3053,,01/01/2024,12/31/2024
29004F,VA SOUTHERN NEVADA HEALTHCARE SYSTEM,6900 NORTH PECOS ROAD,N. LAS VEGAS,NV,89086,CLARK,(702) 791-9024,Electronic Clinical Quality Measure,VTE-2,Intensive Care Unit Venous Thromboembolism Prophylaxis,Percentage,86,302,,01/01/2024,12/31/2024
31001F,VA NEW JERSEY HEALTH CARE SYSTEM,385 TREMONT AVENUE,EAST ORANGE,NJ,07018,ESSEX,(973) 676-1000,Emergency Department,EDV,Emergency department volume,Text,low,,,01/01/2024,12/31/2024
31001F,VA NEW JERSEY HEALTH CARE SYSTEM,385 TREMONT AVENUE,EAST ORANGE,NJ,07018,ESSEX,(973) 676-1000,Healthcare Personnel Vaccination,IMM-3,Healthcare workers given influenza vaccination,Percentage,65,3023,,10/01/2024,03/31/2025
31001F,VA NEW JERSEY HEALTH CARE SYSTEM,385 TREMONT AVENUE,EAST ORANGE,NJ,07018,ESSEX,(973) 676-1000,Emergency Department,OP-18b,"Average (median) time patients spent in the emergency department before leaving from the visit, excluding patients transferred to another facility or psychiatric care/mental health patients. A lower number of minutes is better",Minutes,Not Available,Not Available,5,10/01/2024,09/30/2025
31001F,VA NEW JERSEY HEALTH CARE SYSTEM,385 TREMONT AVENUE,EAST ORANGE,NJ,07018,ESSEX,(973) 676-1000,Emergency Department,OP-18c,Average (median) time psychiatric/mental health patients spent in the emergency department before leaving from the visit. A lower number of minutes is better,Minutes,Not Available,Not Available,5,10/01/2024,09/30/2025
31001F,VA NEW JERSEY HEALTH CARE SYSTEM,385 TREMONT AVENUE,EAST ORANGE,NJ,07018,ESSEX,(973) 676-1000,Emergency Department,OP-22,Left before being seen,Percentage,1,14759,,01/01/2024,12/31/2024
31001F,VA NEW JERSEY HEALTH CARE SYSTEM,385 TREMONT AVENUE,EAST ORANGE,NJ,07018,ESSEX,(973) 676-1000,Emergency Department,OP-23,Head CT results,Percentage,Not Available,Not Available,5,10/01/2024,09/30/2025
31001F,VA NEW JERSEY HEALTH CARE SYSTEM,385 TREMONT AVENUE,EAST ORANGE,NJ,07018,ESSEX,(973) 676-1000,Colonoscopy care,OP-29,Endoscopy/polyp surveillance: appropriate follow-up interval for normal colonoscopy in average risk patients,Percentage,69,36,,01/01/2024,12/31/2024
31001F,VA NEW JERSEY HEALTH CARE SYSTEM,385 TREMONT AVENUE,EAST ORANGE,NJ,07018,ESSEX,(973) 676-1000,Sepsis Care,SEP-1,Appropriate care for severe sepsis and septic shock,Percentage,57,118,,10/01/2024,09/30/2025
31001F,VA NEW JERSEY HEALTH CARE SYSTEM,385 TREMONT AVENUE,EAST ORANGE,NJ,07018,ESSEX,(973) 676-1000,Electronic Clinical Quality Measure,STK-02,Discharged on Antithrombotic Therapy,Percentage,Not Available,Not Available,1,01/01/2024,12/31/2024
31001F,VA NEW JERSEY HEALTH CARE SYSTEM,385 TREMONT AVENUE,EAST ORANGE,NJ,07018,ESSEX,(973) 676-1000,Electronic Clinical Quality Measure,VTE-1,Venous Thromboembolism Prophylaxis,Percentage,87,2182,,01/01/2024,12/31/2024
31001F,VA NEW JERSEY HEALTH CARE SYSTEM,385 TREMONT AVENUE,EAST ORANGE,NJ,07018,ESSEX,(973) 676-1000,Electronic Clinical Quality Measure,VTE-2,Intensive Care Unit Venous Thromboembolism Prophylaxis,Percentage,86,183,,01/01/2024,12/31/2024
32005F,VA NEW MEXICO HEALTHCARE SYSTEM,1501 SAN PEDRO DRIVE SE,ALBUQUERQUE,NM,87108,BERNALILLO,(505) 256-2889,Emergency Department,EDV,Emergency department volume,Text,medium,,,01/01/2024,12/31/2024
32005F,VA NEW MEXICO HEALTHCARE SYSTEM,1501 SAN PEDRO DRIVE SE,ALBUQUERQUE,NM,87108,BERNALILLO,(505) 256-2889,Healthcare Personnel Vaccination,IMM-3,Healthcare workers given influenza vaccination,Percentage,83,3053,,10/01/2024,03/31/2025
32005F,VA NEW MEXICO HEALTHCARE SYSTEM,1501 SAN PEDRO DRIVE SE,ALBUQUERQUE,NM,87108,BERNALILLO,(505) 256-2889,Emergency Department,OP-18b,"Average (median) time patients spent in the emergency department before leaving from the visit, excluding patients transferred to another facility or psychiatric care/mental health patients. A lower number of minutes is better",Minutes,Not Available,Not Available,5,10/01/2024,09/30/2025
32005F,VA NEW MEXICO HEALTHCARE SYSTEM,1501 SAN PEDRO DRIVE SE,ALBUQUERQUE,NM,87108,BERNALILLO,(505) 256-2889,Emergency Department,OP-18c,Average (median) time psychiatric/mental health patients spent in the emergency department before leaving from the visit. A lower number of minutes is better,Minutes,Not Available,Not Available,5,10/01/2024,09/30/2025
32005F,VA NEW MEXICO HEALTHCARE SYSTEM,1501 SAN PEDRO DRIVE SE,ALBUQUERQUE,NM,87108,BERNALILLO,(505) 256-2889,Emergency Department,OP-22,Left before being seen,Percentage,3,24113,,01/01/2024,12/31/2024
32005F,VA NEW MEXICO HEALTHCARE SYSTEM,1501 SAN PEDRO DRIVE SE,ALBUQUERQUE,NM,87108,BERNALILLO,(505) 256-2889,Emergency Department,OP-23,Head CT results,Percentage,Not Available,Not Available,5,10/01/2024,09/30/2025
32005F,VA NEW MEXICO HEALTHCARE SYSTEM,1501 SAN PEDRO DRIVE SE,ALBUQUERQUE,NM,87108,BERNALILLO,(505) 256-2889,Colonoscopy care,OP-29,Endoscopy/polyp surveillance: appropriate follow-up interval for normal colonoscopy in average risk patients,Percentage,79,33,,01/01/2024,12/31/2024
32005F,VA NEW MEXICO HEALTHCARE SYSTEM,1501 SAN PEDRO DRIVE SE,ALBUQUERQUE,NM,87108,BERNALILLO,(505) 256-2889,Sepsis Care,SEP-1,Appropriate care for severe sepsis and septic shock,Percentage,43,159,,10/01/2024,09/30/2025
32005F,VA NEW MEXICO HEALTHCARE SYSTEM,1501 SAN PEDRO DRIVE SE,ALBUQUERQUE,NM,87108,BERNALILLO,(505) 256-2889,Electronic Clinical Quality Measure,STK-02,Discharged on Antithrombotic Therapy,Percentage,100,43,,01/01/2024,12/31/2024
32005F,VA NEW MEXICO HEALTHCARE SYSTEM,1501 SAN PEDRO DRIVE SE,ALBUQUERQUE,NM,87108,BERNALILLO,(505) 256-2889,Electronic Clinical Quality Measure,VTE-1,Venous Thromboembolism Prophylaxis,Percentage,72,2575,,01/01/2024,12/31/2024
32005F,VA NEW MEXICO HEALTHCARE SYSTEM,1501 SAN PEDRO DRIVE SE,ALBUQUERQUE,NM,87108,BERNALILLO,(505) 256-2889,Electronic Clinical Quality Measure,VTE-2,Intensive Care Unit Venous Thromboembolism Prophylaxis,Percentage,72,345,,01/01/2024,12/31/2024
33009F,ALBANY VA MEDICAL CENTER,113 HOLLAND AVENUE,ALBANY,NY,12208,ALBANY,(518) 626-5000,Emergency Department,EDV,Emergency department volume,Text,low,,,01/01/2024,12/31/2024
33009F,ALBANY VA MEDICAL CENTER,113 HOLLAND AVENUE,ALBANY,NY,12208,ALBANY,(518) 626-5000,Healthcare Personnel Vaccination,IMM-3,Healthcare workers given influenza vaccination,Percentage,82,1522,,10/01/2024,03/31/2025
33009F,ALBANY VA MEDICAL CENTER,113 HOLLAND AVENUE,ALBANY,NY,12208,ALBANY,(518) 626-5000,Emergency Department,OP-18b,"Average (median) time patients spent in the emergency department before leaving from the visit, excluding patients transferred to another facility or psychiatric care/mental health patients. A lower number of minutes is better",Minutes,Not Available,Not Available,5,10/01/2024,09/30/2025
33009F,ALBANY VA MEDICAL CENTER,113 HOLLAND AVENUE,ALBANY,NY,12208,ALBANY,(518) 626-5000,Emergency Department,OP-18c,Average (median) time psychiatric/mental health patients spent in the emergency department before leaving from the visit. A lower number of minutes is better,Minutes,Not Available,Not Available,5,10/01/2024,09/30/2025
33009F,ALBANY VA MEDICAL CENTER,113 HOLLAND AVENUE,ALBANY,NY,12208,ALBANY,(518) 626-5000,Emergency Department,OP-22,Left before being seen,Percentage,1,11744,,01/01/2024,12/31/2024
33009F,ALBANY VA MEDICAL CENTER,113 HOLLAND AVENUE,ALBANY,NY,12208,ALBANY,(518) 626-5000,Emergency Department,OP-23,Head CT results,Percentage,Not Available,Not Available,5,10/01/2024,09/30/2025
33009F,ALBANY VA MEDICAL CENTER,113 HOLLAND AVENUE,ALBANY,NY,12208,ALBANY,(518) 626-5000,Colonoscopy care,OP-29,Endoscopy/polyp surveillance: appropriate follow-up interval for normal colonoscopy in average risk patients,Percentage,Not Available,Not Available,5,01/01/2024,12/31/2024
33009F,ALBANY VA MEDICAL CENTER,113 HOLLAND AVENUE,ALBANY,NY,12208,ALBANY,(518) 626-5000,Sepsis Care,SEP-1,Appropriate care for severe sepsis and septic shock,Percentage,47,91,,10/01/2024,09/30/2025
33009F,ALBANY VA MEDICAL CENTER,113 HOLLAND AVENUE,ALBANY,NY,12208,ALBANY,(518) 626-5000,Electronic Clinical Quality Measure,STK-02,Discharged on Antithrombotic Therapy,Percentage,97,29,,01/01/2024,12/31/2024
33009F,ALBANY VA MEDICAL CENTER,113 HOLLAND AVENUE,ALBANY,NY,12208,ALBANY,(518) 626-5000,Electronic Clinical Quality Measure,VTE-1,Venous Thromboembolism Prophylaxis,Percentage,85,1413,,01/01/2024,12/31/2024
33009F,ALBANY VA MEDICAL CENTER,113 HOLLAND AVENUE,ALBANY,NY,12208,ALBANY,(518) 626-5000,Electronic Clinical Quality Measure,VTE-2,Intensive Care Unit Venous Thromboembolism Prophylaxis,Percentage,82,206,,01/01/2024,12/31/2024
33011F,BATH VA MEDICAL CENTER,76 VETERANS AVE.,BATH,NY,14810,STEUBEN,(607) 664-4000,Emergency Department,EDV,Emergency department volume,Text,low,,,01/01/2024,12/31/2024
33011F,BATH VA MEDICAL CENTER,76 VETERANS AVE.,BATH,NY,14810,STEUBEN,(607) 664-4000,Healthcare Personnel Vaccination,IMM-3,Healthcare workers given influenza vaccination,Percentage,84,1684,,10/01/2024,03/31/2025
33011F,BATH VA MEDICAL CENTER,76 VETERANS AVE.,BATH,NY,14810,STEUBEN,(607) 664-4000,Emergency Department,OP-18b,"Average (median) time patients spent in the emergency department before leaving from the visit, excluding patients transferred to another facility or psychiatric care/mental health patients. A lower number of minutes is better",Minutes,Not Available,Not Available,5,10/01/2024,09/30/2025
33011F,BATH VA MEDICAL CENTER,76 VETERANS AVE.,BATH,NY,14810,STEUBEN,(607) 664-4000,Emergency Department,OP-18c,Average (median) time psychiatric/mental health patients spent in the emergency department before leaving from the visit. A lower number of minutes is better,Minutes,Not Available,Not Available,5,10/01/2024,09/30/2025
33011F,BATH VA MEDICAL CENTER,76 VETERANS AVE.,BATH,NY,14810,STEUBEN,(607) 664-4000,Emergency Department,OP-22,Left before being seen,Percentage,1,3905,,01/01/2024,12/31/2024
33011F,BATH VA MEDICAL CENTER,76 VETERANS AVE.,BATH,NY,14810,STEUBEN,(607) 664-4000,Emergency Department,OP-23,Head CT results,Percentage,Not Available,Not Available,5,10/01/2024,09/30/2025
33011F,BATH VA MEDICAL CENTER,76 VETERANS AVE.,BATH,NY,14810,STEUBEN,(607) 664-4000,Colonoscopy care,OP-29,Endoscopy/polyp surveillance: appropriate follow-up interval for normal colonoscopy in average risk patients,Percentage,Not Available,Not Available,5,01/01/2024,12/31/2024
33011F,BATH VA MEDICAL CENTER,76 VETERANS AVE.,BATH,NY,14810,STEUBEN,(607) 664-4000,Sepsis Care,SEP-1,Appropriate care for severe sepsis and septic shock,Percentage,Not Available,Not Available,5,10/01/2024,09/30/2025
33011F,BATH VA MEDICAL CENTER,76 VETERANS AVE.,BATH,NY,14810,STEUBEN,(607) 664-4000,Electronic Clinical Quality Measure,STK-02,Discharged on Antithrombotic Therapy,Percentage,Not Available,Not Available,5,01/01/2024,12/31/2024
33011F,BATH VA MEDICAL CENTER,76 VETERANS AVE.,BATH,NY,14810,STEUBEN,(607) 664-4000,Electronic Clinical Quality Measure,VTE-1,Venous Thromboembolism Prophylaxis,Percentage,Not Available,Not Available,1,01/01/2024,12/31/2024
33011F,BATH VA MEDICAL CENTER,76 VETERANS AVE.,BATH,NY,14810,STEUBEN,(607) 664-4000,Electronic Clinical Quality Measure,VTE-2,Intensive Care Unit Venous Thromboembolism Prophylaxis,Percentage,Not Available,Not Available,5,01/01/2024,12/31/2024
33012F,UPSTATE NEW YORK VA HEALTHCARE SYSTEM (WESTERN NY VA HEALTHCARE SYSTEM),3495 BAILEY AVENUE,BUFFALO,NY,14215,ERIE,(716) 862-3611,Emergency Department,EDV,Emergency department volume,Text,low,,,01/01/2024,12/31/2024
33012F,UPSTATE NEW YORK VA HEALTHCARE SYSTEM (WESTERN NY VA HEALTHCARE SYSTEM),3495 BAILEY AVENUE,BUFFALO,NY,14215,ERIE,(716) 862-3611,Healthcare Personnel Vaccination,IMM-3,Healthcare workers given influenza vaccination,Percentage,72,2249,,10/01/2024,03/31/2025
33012F,UPSTATE NEW YORK VA HEALTHCARE SYSTEM (WESTERN NY VA HEALTHCARE SYSTEM),3495 BAILEY AVENUE,BUFFALO,NY,14215,ERIE,(716) 862-3611,Emergency Department,OP-18b,"Average (median) time patients spent in the emergency department before leaving from the visit, excluding patients transferred to another facility or psychiatric care/mental health patients. A lower number of minutes is better",Minutes,Not Available,Not Available,5,10/01/2024,09/30/2025
33012F,UPSTATE NEW YORK VA HEALTHCARE SYSTEM (WESTERN NY VA HEALTHCARE SYSTEM),3495 BAILEY AVENUE,BUFFALO,NY,14215,ERIE,(716) 862-3611,Emergency Department,OP-18c,Average (median) time psychiatric/mental health patients spent in the emergency department before leaving from the visit. A lower number of minutes is better,Minutes,Not Available,Not Available,5,10/01/2024,09/30/2025
33012F,UPSTATE NEW YORK VA HEALTHCARE SYSTEM (WESTERN NY VA HEALTHCARE SYSTEM),3495 BAILEY AVENUE,BUFFALO,NY,14215,ERIE,(716) 862-3611,Emergency Department,OP-22,Left before being seen,Percentage,1,15818,,01/01/2024,12/31/2024
33012F,UPSTATE NEW YORK VA HEALTHCARE SYSTEM (WESTERN NY VA HEALTHCARE SYSTEM),3495 BAILEY AVENUE,BUFFALO,NY,14215,ERIE,(716) 862-3611,Emergency Department,OP-23,Head CT results,Percentage,Not Available,Not Available,5,10/01/2024,09/30/2025
33012F,UPSTATE NEW YORK VA HEALTHCARE SYSTEM (WESTERN NY VA HEALTHCARE SYSTEM),3495 BAILEY AVENUE,BUFFALO,NY,14215,ERIE,(716) 862-3611,Colonoscopy care,OP-29,Endoscopy/polyp surveillance: appropriate follow-up interval for normal colonoscopy in average risk patients,Percentage,98,49,,01/01/2024,12/31/2024
33012F,UPSTATE NEW YORK VA HEALTHCARE SYSTEM (WESTERN NY VA HEALTHCARE SYSTEM),3495 BAILEY AVENUE,BUFFALO,NY,14215,ERIE,(716) 862-3611,Sepsis Care,SEP-1,Appropriate care for severe sepsis and septic shock,Percentage,45,136,,10/01/2024,09/30/2025
33012F,UPSTATE NEW YORK VA HEALTHCARE SYSTEM (WESTERN NY VA HEALTHCARE SYSTEM),3495 BAILEY AVENUE,BUFFALO,NY,14215,ERIE,(716) 862-3611,Electronic Clinical Quality Measure,STK-02,Discharged on Antithrombotic Therapy,Percentage,Not Available,Not Available,1,01/01/2024,12/31/2024
33012F,UPSTATE NEW YORK VA HEALTHCARE SYSTEM (WESTERN NY VA HEALTHCARE SYSTEM),3495 BAILEY AVENUE,BUFFALO,NY,14215,ERIE,(716) 862-3611,Electronic Clinical Quality Measure,VTE-1,Venous Thromboembolism Prophylaxis,Percentage,83,2184,,01/01/2024,12/31/2024
33012F,UPSTATE NEW YORK VA HEALTHCARE SYSTEM (WESTERN NY VA HEALTHCARE SYSTEM),3495 BAILEY AVENUE,BUFFALO,NY,14215,ERIE,(716) 862-3611,Electronic Clinical Quality Measure,VTE-2,Intensive Care Unit Venous Thromboembolism Prophylaxis,Percentage,79,518,,01/01/2024,12/31/2024
33015F,VA HUDSON VALLEY HEALTHCARE SYSTEM,2094 ALBANY POST ROAD,MONTROSE,NY,10548,WESTCHESTER,(914) 737-4400,Emergency Department,EDV,Emergency department volume,Text,low,,,01/01/2024,12/31/2024
33015F,VA HUDSON VALLEY HEALTHCARE SYSTEM,2094 ALBANY POST ROAD,MONTROSE,NY,10548,WESTCHESTER,(914) 737-4400,Healthcare Personnel Vaccination,IMM-3,Healthcare workers given influenza vaccination,Percentage,71,1418,,10/01/2024,03/31/2025
33015F,VA HUDSON VALLEY HEALTHCARE SYSTEM,2094 ALBANY POST ROAD,MONTROSE,NY,10548,WESTCHESTER,(914) 737-4400,Emergency Department,OP-18b,"Average (median) time patients spent in the emergency department before leaving from the visit, excluding patients transferred to another facility or psychiatric care/mental health patients. A lower number of minutes is better",Minutes,Not Available,Not Available,5,10/01/2024,09/30/2025
33015F,VA HUDSON VALLEY HEALTHCARE SYSTEM,2094 ALBANY POST ROAD,MONTROSE,NY,10548,WESTCHESTER,(914) 737-4400,Emergency Department,OP-18c,Average (median) time psychiatric/mental health patients spent in the emergency department before leaving from the visit. A lower number of minutes is better,Minutes,Not Available,Not Available,5,10/01/2024,09/30/2025
33015F,VA HUDSON VALLEY HEALTHCARE SYSTEM,2094 ALBANY POST ROAD,MONTROSE,NY,10548,WESTCHESTER,(914) 737-4400,Emergency Department,OP-22,Left before being seen,Percentage,1,2034,,01/01/2024,12/31/2024
33015F,VA HUDSON VALLEY HEALTHCARE SYSTEM,2094 ALBANY POST ROAD,MONTROSE,NY,10548,WESTCHESTER,(914) 737-4400,Emergency Department,OP-23,Head CT results,Percentage,Not Available,Not Available,5,10/01/2024,09/30/2025
33015F,VA HUDSON VALLEY HEALTHCARE SYSTEM,2094 ALBANY POST ROAD,MONTROSE,NY,10548,WESTCHESTER,(914) 737-4400,Colonoscopy care,OP-29,Endoscopy/polyp surveillance: appropriate follow-up interval for normal colonoscopy in average risk patients,Percentage,100,21,,01/01/2024,12/31/2024
33015F,VA HUDSON VALLEY HEALTHCARE SYSTEM,2094 ALBANY POST ROAD,MONTROSE,NY,10548,WESTCHESTER,(914) 737-4400,Sepsis Care,SEP-1,Appropriate care for severe sepsis and septic shock,Percentage,Not Available,Not Available,5,10/01/2024,09/30/2025
33015F,VA HUDSON VALLEY HEALTHCARE SYSTEM,2094 ALBANY POST ROAD,MONTROSE,NY,10548,WESTCHESTER,(914) 737-4400,Electronic Clinical Quality Measure,STK-02,Discharged on Antithrombotic Therapy,Percentage,Not Available,Not Available,1,01/01/2024,12/31/2024
33015F,VA HUDSON VALLEY HEALTHCARE SYSTEM,2094 ALBANY POST ROAD,MONTROSE,NY,10548,WESTCHESTER,(914) 737-4400,Electronic Clinical Quality Measure,VTE-1,Venous Thromboembolism Prophylaxis,Percentage,64,211,,01/01/2024,12/31/2024
33015F,VA HUDSON VALLEY HEALTHCARE SYSTEM,2094 ALBANY POST ROAD,MONTROSE,NY,10548,WESTCHESTER,(914) 737-4400,Electronic Clinical Quality Measure,VTE-2,Intensive Care Unit Venous Thromboembolism Prophylaxis,Percentage,Not Available,Not Available,5,01/01/2024,12/31/2024
33016F,BRONX VA MEDICAL CENTER,130 WEST KINGSBRIDGE ROAD,BRONX,NY,10468,BRONX,(718) 584-9000,Emergency Department,EDV,Emergency department volume,Text,low,,,01/01/2024,12/31/2024
33016F,BRONX VA MEDICAL CENTER,130 WEST KINGSBRIDGE ROAD,BRONX,NY,10468,BRONX,(718) 584-9000,Healthcare Personnel Vaccination,IMM-3,Healthcare workers given influenza vaccination,Percentage,75,1816,,10/01/2024,03/31/2025
33016F,BRONX VA MEDICAL CENTER,130 WEST KINGSBRIDGE ROAD,BRONX,NY,10468,BRONX,(718) 584-9000,Emergency Department,OP-18b,"Average (median) time patients spent in the emergency department before leaving from the visit, excluding patients transferred to another facility or psychiatric care/mental health patients. A lower number of minutes is better",Minutes,Not Available,Not Available,5,10/01/2024,09/30/2025
33016F,BRONX VA MEDICAL CENTER,130 WEST KINGSBRIDGE ROAD,BRONX,NY,10468,BRONX,(718) 584-9000,Emergency Department,OP-18c,Average (median) time psychiatric/mental health patients spent in the emergency department before leaving from the visit. A lower number of minutes is better,Minutes,Not Available,Not Available,5,10/01/2024,09/30/2025
33016F,BRONX VA MEDICAL CENTER,130 WEST KINGSBRIDGE ROAD,BRONX,NY,10468,BRONX,(718) 584-9000,Emergency Department,OP-22,Left before being seen,Percentage,1,11662,,01/01/2024,12/31/2024
33016F,BRONX VA MEDICAL CENTER,130 WEST KINGSBRIDGE ROAD,BRONX,NY,10468,BRONX,(718) 584-9000,Emergency Department,OP-23,Head CT results,Percentage,Not Available,Not Available,5,10/01/2024,09/30/2025
33016F,BRONX VA MEDICAL CENTER,130 WEST KINGSBRIDGE ROAD,BRONX,NY,10468,BRONX,(718) 584-9000,Colonoscopy care,OP-29,Endoscopy/polyp surveillance: appropriate follow-up interval for normal colonoscopy in average risk patients,Percentage,97,36,,01/01/2024,12/31/2024
33016F,BRONX VA MEDICAL CENTER,130 WEST KINGSBRIDGE ROAD,BRONX,NY,10468,BRONX,(718) 584-9000,Sepsis Care,SEP-1,Appropriate care for severe sepsis and septic shock,Percentage,85,61,,10/01/2024,09/30/2025
33016F,BRONX VA MEDICAL CENTER,130 WEST KINGSBRIDGE ROAD,BRONX,NY,10468,BRONX,(718) 584-9000,Electronic Clinical Quality Measure,STK-02,Discharged on Antithrombotic Therapy,Percentage,Not Available,Not Available,1,01/01/2024,12/31/2024
33016F,BRONX VA MEDICAL CENTER,130 WEST KINGSBRIDGE ROAD,BRONX,NY,10468,BRONX,(718) 584-9000,Electronic Clinical Quality Measure,VTE-1,Venous Thromboembolism Prophylaxis,Percentage,67,1008,,01/01/2024,12/31/2024
33016F,BRONX VA MEDICAL CENTER,130 WEST KINGSBRIDGE ROAD,BRONX,NY,10468,BRONX,(718) 584-9000,Electronic Clinical Quality Measure,VTE-2,Intensive Care Unit Venous Thromboembolism Prophylaxis,Percentage,61,365,,01/01/2024,12/31/2024
33017F,VA NEW YORK HARBOR HEALTHCARE SYSTEM - NY DIV.,423 EAST 23RD STREET,NEW YORK,NY,10010,NEW YORK,(212) 686-7500,Emergency Department,EDV,Emergency department volume,Text,low,,,01/01/2024,12/31/2024
33017F,VA NEW YORK HARBOR HEALTHCARE SYSTEM - NY DIV.,423 EAST 23RD STREET,NEW YORK,NY,10010,NEW YORK,(212) 686-7500,Healthcare Personnel Vaccination,IMM-3,Healthcare workers given influenza vaccination,Percentage,65,3197,,10/01/2024,03/31/2025
33017F,VA NEW YORK HARBOR HEALTHCARE SYSTEM - NY DIV.,423 EAST 23RD STREET,NEW YORK,NY,10010,NEW YORK,(212) 686-7500,Emergency Department,OP-18b,"Average (median) time patients spent in the emergency department before leaving from the visit, excluding patients transferred to another facility or psychiatric care/mental health patients. A lower number of minutes is better",Minutes,Not Available,Not Available,5,10/01/2024,09/30/2025
33017F,VA NEW YORK HARBOR HEALTHCARE SYSTEM - NY DIV.,423 EAST 23RD STREET,NEW YORK,NY,10010,NEW YORK,(212) 686-7500,Emergency Department,OP-18c,Average (median) time psychiatric/mental health patients spent in the emergency department before leaving from the visit. A lower number of minutes is better,Minutes,Not Available,Not Available,5,10/01/2024,09/30/2025
33017F,VA NEW YORK HARBOR HEALTHCARE SYSTEM - NY DIV.,423 EAST 23RD STREET,NEW YORK,NY,10010,NEW YORK,(212) 686-7500,Emergency Department,OP-22,Left before being seen,Percentage,1,9798,,01/01/2024,12/31/2024
33017F,VA NEW YORK HARBOR HEALTHCARE SYSTEM - NY DIV.,423 EAST 23RD STREET,NEW YORK,NY,10010,NEW YORK,(212) 686-7500,Emergency Department,OP-23,Head CT results,Percentage,Not Available,Not Available,5,10/01/2024,09/30/2025
33017F,VA NEW YORK HARBOR HEALTHCARE SYSTEM - NY DIV.,423 EAST 23RD STREET,NEW YORK,NY,10010,NEW YORK,(212) 686-7500,Colonoscopy care,OP-29,Endoscopy/polyp surveillance: appropriate follow-up interval for normal colonoscopy in average risk patients,Percentage,94,54,,01/01/2024,12/31/2024
33017F,VA NEW YORK HARBOR HEALTHCARE SYSTEM - NY DIV.,423 EAST 23RD STREET,NEW YORK,NY,10010,NEW YORK,(212) 686-7500,Sepsis Care,SEP-1,Appropriate care for severe sepsis and septic shock,Percentage,46,147,,10/01/2024,09/30/2025
33017F,VA NEW YORK HARBOR HEALTHCARE SYSTEM - NY DIV.,423 EAST 23RD STREET,NEW YORK,NY,10010,NEW YORK,(212) 686-7500,Electronic Clinical Quality Measure,STK-02,Discharged on Antithrombotic Therapy,Percentage,87,54,,01/01/2024,12/31/2024
33017F,VA NEW YORK HARBOR HEALTHCARE SYSTEM - NY DIV.,423 EAST 23RD STREET,NEW YORK,NY,10010,NEW YORK,(212) 686-7500,Electronic Clinical Quality Measure,VTE-1,Venous Thromboembolism Prophylaxis,Percentage,81,2630,,01/01/2024,12/31/2024
33017F,VA NEW YORK HARBOR HEALTHCARE SYSTEM - NY DIV.,423 EAST 23RD STREET,NEW YORK,NY,10010,NEW YORK,(212) 686-7500,Electronic Clinical Quality Measure,VTE-2,Intensive Care Unit Venous Thromboembolism Prophylaxis,Percentage,80,1037,,01/01/2024,12/31/2024
33019F,NORTHPORT VA MEDICAL CENTER,79 MIDDLEVILLE ROAD,NORTHPORT,NY,11768,SUFFOLK,(516) 261-4400,Emergency Department,EDV,Emergency department volume,Text,low,,,01/01/2024,12/31/2024
33019F,NORTHPORT VA MEDICAL CENTER,79 MIDDLEVILLE ROAD,NORTHPORT,NY,11768,SUFFOLK,(516) 261-4400,Healthcare Personnel Vaccination,IMM-3,Healthcare workers given influenza vaccination,Percentage,67,1819,,10/01/2024,03/31/2025
33019F,NORTHPORT VA MEDICAL CENTER,79 MIDDLEVILLE ROAD,NORTHPORT,NY,11768,SUFFOLK,(516) 261-4400,Emergency Department,OP-18b,"Average (median) time patients spent in the emergency department before leaving from the visit, excluding patients transferred to another facility or psychiatric care/mental health patients. A lower number of minutes is better",Minutes,Not Available,Not Available,5,10/01/2024,09/30/2025
33019F,NORTHPORT VA MEDICAL CENTER,79 MIDDLEVILLE ROAD,NORTHPORT,NY,11768,SUFFOLK,(516) 261-4400,Emergency Department,OP-18c,Average (median) time psychiatric/mental health patients spent in the emergency department before leaving from the visit. A lower number of minutes is better,Minutes,Not Available,Not Available,5,10/01/2024,09/30/2025
33019F,NORTHPORT VA MEDICAL CENTER,79 MIDDLEVILLE ROAD,NORTHPORT,NY,11768,SUFFOLK,(516) 261-4400,Emergency Department,OP-22,Left before being seen,Percentage,0,10391,,01/01/2024,12/31/2024
33019F,NORTHPORT VA MEDICAL CENTER,79 MIDDLEVILLE ROAD,NORTHPORT,NY,11768,SUFFOLK,(516) 261-4400,Emergency Department,OP-23,Head CT results,Percentage,Not Available,Not Available,5,10/01/2024,09/30/2025
33019F,NORTHPORT VA MEDICAL CENTER,79 MIDDLEVILLE ROAD,NORTHPORT,NY,11768,SUFFOLK,(516) 261-4400,Colonoscopy care,OP-29,Endoscopy/polyp surveillance: appropriate follow-up interval for normal colonoscopy in average risk patients,Percentage,100,39,,01/01/2024,12/31/2024
33019F,NORTHPORT VA MEDICAL CENTER,79 MIDDLEVILLE ROAD,NORTHPORT,NY,11768,SUFFOLK,(516) 261-4400,Sepsis Care,SEP-1,Appropriate care for severe sepsis and septic shock,Percentage,72,46,,10/01/2024,09/30/2025
33019F,NORTHPORT VA MEDICAL CENTER,79 MIDDLEVILLE ROAD,NORTHPORT,NY,11768,SUFFOLK,(516) 261-4400,Electronic Clinical Quality Measure,STK-02,Discharged on Antithrombotic Therapy,Percentage,Not Available,Not Available,1,01/01/2024,12/31/2024
33019F,NORTHPORT VA MEDICAL CENTER,79 MIDDLEVILLE ROAD,NORTHPORT,NY,11768,SUFFOLK,(516) 261-4400,Electronic Clinical Quality Measure,VTE-1,Venous Thromboembolism Prophylaxis,Percentage,86,825,,01/01/2024,12/31/2024
33019F,NORTHPORT VA MEDICAL CENTER,79 MIDDLEVILLE ROAD,NORTHPORT,NY,11768,SUFFOLK,(516) 261-4400,Electronic Clinical Quality Measure,VTE-2,Intensive Care Unit Venous Thromboembolism Prophylaxis,Percentage,81,189,,01/01/2024,12/31/2024
33020F,VA NEW YORK HARBOR HEALTHCARE SYSTEM - BROOKLYN,800 POLY PLACE,BROOKLYN,NY,11209,KINGS,(718) 836-6600,Emergency Department,EDV,Emergency department volume,Text,low,,,01/01/2024,12/31/2024
33020F,VA NEW YORK HARBOR HEALTHCARE SYSTEM - BROOKLYN,800 POLY PLACE,BROOKLYN,NY,11209,KINGS,(718) 836-6600,Healthcare Personnel Vaccination,IMM-3,Healthcare workers given influenza vaccination,Percentage,Not Available,Not Available,5,10/01/2024,03/31/2025
33020F,VA NEW YORK HARBOR HEALTHCARE SYSTEM - BROOKLYN,800 POLY PLACE,BROOKLYN,NY,11209,KINGS,(718) 836-6600,Emergency Department,OP-18b,"Average (median) time patients spent in the emergency department before leaving from the visit, excluding patients transferred to another facility or psychiatric care/mental health patients. A lower number of minutes is better",Minutes,Not Available,Not Available,"5, 24",10/01/2024,09/30/2025
33020F,VA NEW YORK HARBOR HEALTHCARE SYSTEM - BROOKLYN,800 POLY PLACE,BROOKLYN,NY,11209,KINGS,(718) 836-6600,Emergency Department,OP-18c,Average (median) time psychiatric/mental health patients spent in the emergency department before leaving from the visit. A lower number of minutes is better,Minutes,Not Available,Not Available,"5, 24",10/01/2024,09/30/2025
33020F,VA NEW YORK HARBOR HEALTHCARE SYSTEM - BROOKLYN,800 POLY PLACE,BROOKLYN,NY,11209,KINGS,(718) 836-6600,Emergency Department,OP-22,Left before being seen,Percentage,0,9712,24,01/01/2024,12/31/2024
33020F,VA NEW YORK HARBOR HEALTHCARE SYSTEM - BROOKLYN,800 POLY PLACE,BROOKLYN,NY,11209,KINGS,(718) 836-6600,Emergency Department,OP-23,Head CT results,Percentage,Not Available,Not Available,"5, 24",10/01/2024,09/30/2025
33020F,VA NEW YORK HARBOR HEALTHCARE SYSTEM - BROOKLYN,800 POLY PLACE,BROOKLYN,NY,11209,KINGS,(718) 836-6600,Colonoscopy care,OP-29,Endoscopy/polyp surveillance: appropriate follow-up interval for normal colonoscopy in average risk patients,Percentage,Not Available,Not Available,"5, 24",01/01/2024,12/31/2024
33020F,VA NEW YORK HARBOR HEALTHCARE SYSTEM - BROOKLYN,800 POLY PLACE,BROOKLYN,NY,11209,KINGS,(718) 836-6600,Sepsis Care,SEP-1,Appropriate care for severe sepsis and septic shock,Percentage,Not Available,Not Available,"5, 24",10/01/2024,09/30/2025
33020F,VA NEW YORK HARBOR HEALTHCARE SYSTEM - BROOKLYN,800 POLY PLACE,BROOKLYN,NY,11209,KINGS,(718) 836-6600,Electronic Clinical Quality Measure,STK-02,Discharged on Antithrombotic Therapy,Percentage,Not Available,Not Available,"5, 24",01/01/2024,12/31/2024
33020F,VA NEW YORK HARBOR HEALTHCARE SYSTEM - BROOKLYN,800 POLY PLACE,BROOKLYN,NY,11209,KINGS,(718) 836-6600,Electronic Clinical Quality Measure,VTE-1,Venous Thromboembolism Prophylaxis,Percentage,Not Available,Not Available,"5, 24",01/01/2024,12/31/2024
33020F,VA NEW YORK HARBOR HEALTHCARE SYSTEM - BROOKLYN,800 POLY PLACE,BROOKLYN,NY,11209,KINGS,(718) 836-6600,Electronic Clinical Quality Measure,VTE-2,Intensive Care Unit Venous Thromboembolism Prophylaxis,Percentage,Not Available,Not Available,"5, 24",01/01/2024,12/31/2024
33024F,SYRACUSE VA MEDICAL CENTER,800 IRVING AVE.,SYRACUSE,NY,13210,ONONDAGA,(315) 425-4400,Emergency Department,EDV,Emergency department volume,Text,low,,,01/01/2024,12/31/2024
33024F,SYRACUSE VA MEDICAL CENTER,800 IRVING AVE.,SYRACUSE,NY,13210,ONONDAGA,(315) 425-4400,Healthcare Personnel Vaccination,IMM-3,Healthcare workers given influenza vaccination,Percentage,84,1916,,10/01/2024,03/31/2025
33024F,SYRACUSE VA MEDICAL CENTER,800 IRVING AVE.,SYRACUSE,NY,13210,ONONDAGA,(315) 425-4400,Emergency Department,OP-18b,"Average (median) time patients spent in the emergency department before leaving from the visit, excluding patients transferred to another facility or psychiatric care/mental health patients. A lower number of minutes is better",Minutes,Not Available,Not Available,5,10/01/2024,09/30/2025
33024F,SYRACUSE VA MEDICAL CENTER,800 IRVING AVE.,SYRACUSE,NY,13210,ONONDAGA,(315) 425-4400,Emergency Department,OP-18c,Average (median) time psychiatric/mental health patients spent in the emergency department before leaving from the visit. A lower number of minutes is better,Minutes,Not Available,Not Available,5,10/01/2024,09/30/2025
33024F,SYRACUSE VA MEDICAL CENTER,800 IRVING AVE.,SYRACUSE,NY,13210,ONONDAGA,(315) 425-4400,Emergency Department,OP-22,Left before being seen,Percentage,1,13184,,01/01/2024,12/31/2024
33024F,SYRACUSE VA MEDICAL CENTER,800 IRVING AVE.,SYRACUSE,NY,13210,ONONDAGA,(315) 425-4400,Emergency Department,OP-23,Head CT results,Percentage,Not Available,Not Available,5,10/01/2024,09/30/2025
33024F,SYRACUSE VA MEDICAL CENTER,800 IRVING AVE.,SYRACUSE,NY,13210,ONONDAGA,(315) 425-4400,Colonoscopy care,OP-29,Endoscopy/polyp surveillance: appropriate follow-up interval for normal colonoscopy in average risk patients,Percentage,Not Available,Not Available,5,01/01/2024,12/31/2024
33024F,SYRACUSE VA MEDICAL CENTER,800 IRVING AVE.,SYRACUSE,NY,13210,ONONDAGA,(315) 425-4400,Sepsis Care,SEP-1,Appropriate care for severe sepsis and septic shock,Percentage,67,100,,10/01/2024,09/30/2025
33024F,SYRACUSE VA MEDICAL CENTER,800 IRVING AVE.,SYRACUSE,NY,13210,ONONDAGA,(315) 425-4400,Electronic Clinical Quality Measure,STK-02,Discharged on Antithrombotic Therapy,Percentage,100,29,,01/01/2024,12/31/2024
33024F,SYRACUSE VA MEDICAL CENTER,800 IRVING AVE.,SYRACUSE,NY,13210,ONONDAGA,(315) 425-4400,Electronic Clinical Quality Measure,VTE-1,Venous Thromboembolism Prophylaxis,Percentage,81,1785,,01/01/2024,12/31/2024
33024F,SYRACUSE VA MEDICAL CENTER,800 IRVING AVE.,SYRACUSE,NY,13210,ONONDAGA,(315) 425-4400,Electronic Clinical Quality Measure,VTE-2,Intensive Care Unit Venous Thromboembolism Prophylaxis,Percentage,80,357,,01/01/2024,12/31/2024
34012F,DURHAM VA MEDICAL CENTER,508 FULTON STREET,DURHAM,NC,27705,DURHAM,(919) 286-0411,Emergency Department,EDV,Emergency department volume,Text,medium,,,01/01/2024,12/31/2024
34012F,DURHAM VA MEDICAL CENTER,508 FULTON STREET,DURHAM,NC,27705,DURHAM,(919) 286-0411,Healthcare Personnel Vaccination,IMM-3,Healthcare workers given influenza vaccination,Percentage,83,4231,,10/01/2024,03/31/2025
34012F,DURHAM VA MEDICAL CENTER,508 FULTON STREET,DURHAM,NC,27705,DURHAM,(919) 286-0411,Emergency Department,OP-18b,"Average (median) time patients spent in the emergency department before leaving from the visit, excluding patients transferred to another facility or psychiatric care/mental health patients. A lower number of minutes is better",Minutes,240,165,,10/01/2024,09/30/2025
34012F,DURHAM VA MEDICAL CENTER,508 FULTON STREET,DURHAM,NC,27705,DURHAM,(919) 286-0411,Emergency Department,OP-18c,Average (median) time psychiatric/mental health patients spent in the emergency department before leaving from the visit. A lower number of minutes is better,Minutes,Not Available,Not Available,1,10/01/2024,09/30/2025
34012F,DURHAM VA MEDICAL CENTER,508 FULTON STREET,DURHAM,NC,27705,DURHAM,(919) 286-0411,Emergency Department,OP-22,Left before being seen,Percentage,2,27026,,01/01/2024,12/31/2024
34012F,DURHAM VA MEDICAL CENTER,508 FULTON STREET,DURHAM,NC,27705,DURHAM,(919) 286-0411,Emergency Department,OP-23,Head CT results,Percentage,Not Available,Not Available,5,10/01/2024,09/30/2025
34012F,DURHAM VA MEDICAL CENTER,508 FULTON STREET,DURHAM,NC,27705,DURHAM,(919) 286-0411,Colonoscopy care,OP-29,Endoscopy/polyp surveillance: appropriate follow-up interval for normal colonoscopy in average risk patients,Percentage,92,24,,01/01/2024,12/31/2024
34012F,DURHAM VA MEDICAL CENTER,508 FULTON STREET,DURHAM,NC,27705,DURHAM,(919) 286-0411,Sepsis Care,SEP-1,Appropriate care for severe sepsis and septic shock,Percentage,51,125,,10/01/2024,09/30/2025
34012F,DURHAM VA MEDICAL CENTER,508 FULTON STREET,DURHAM,NC,27705,DURHAM,(919) 286-0411,Electronic Clinical Quality Measure,STK-02,Discharged on Antithrombotic Therapy,Percentage,100,63,,01/01/2024,12/31/2024
34012F,DURHAM VA MEDICAL CENTER,508 FULTON STREET,DURHAM,NC,27705,DURHAM,(919) 286-0411,Electronic Clinical Quality Measure,VTE-1,Venous Thromboembolism Prophylaxis,Percentage,73,2606,,01/01/2024,12/31/2024
34012F,DURHAM VA MEDICAL CENTER,508 FULTON STREET,DURHAM,NC,27705,DURHAM,(919) 286-0411,Electronic Clinical Quality Measure,VTE-2,Intensive Care Unit Venous Thromboembolism Prophylaxis,Percentage,78,987,,01/01/2024,12/31/2024
34013F,FAYETTEVILLE NC VA MEDICAL CENTER,2300 RAMSEY STREET,FAYETTEVILLE,NC,28301,CUMBERLAND,(910) 488-2120,Emergency Department,EDV,Emergency department volume,Text,medium,,,01/01/2024,12/31/2024
34013F,FAYETTEVILLE NC VA MEDICAL CENTER,2300 RAMSEY STREET,FAYETTEVILLE,NC,28301,CUMBERLAND,(910) 488-2120,Healthcare Personnel Vaccination,IMM-3,Healthcare workers given influenza vaccination,Percentage,79,2986,,10/01/2024,03/31/2025
34013F,FAYETTEVILLE NC VA MEDICAL CENTER,2300 RAMSEY STREET,FAYETTEVILLE,NC,28301,CUMBERLAND,(910) 488-2120,Emergency Department,OP-18b,"Average (median) time patients spent in the emergency department before leaving from the visit, excluding patients transferred to another facility or psychiatric care/mental health patients. A lower number of minutes is better",Minutes,Not Available,Not Available,5,10/01/2024,09/30/2025
34013F,FAYETTEVILLE NC VA MEDICAL CENTER,2300 RAMSEY STREET,FAYETTEVILLE,NC,28301,CUMBERLAND,(910) 488-2120,Emergency Department,OP-18c,Average (median) time psychiatric/mental health patients spent in the emergency department before leaving from the visit. A lower number of minutes is better,Minutes,Not Available,Not Available,5,10/01/2024,09/30/2025
34013F,FAYETTEVILLE NC VA MEDICAL CENTER,2300 RAMSEY STREET,FAYETTEVILLE,NC,28301,CUMBERLAND,(910) 488-2120,Emergency Department,OP-22,Left before being seen,Percentage,1,32255,,01/01/2024,12/31/2024
34013F,FAYETTEVILLE NC VA MEDICAL CENTER,2300 RAMSEY STREET,FAYETTEVILLE,NC,28301,CUMBERLAND,(910) 488-2120,Emergency Department,OP-23,Head CT results,Percentage,Not Available,Not Available,5,10/01/2024,09/30/2025
34013F,FAYETTEVILLE NC VA MEDICAL CENTER,2300 RAMSEY STREET,FAYETTEVILLE,NC,28301,CUMBERLAND,(910) 488-2120,Colonoscopy care,OP-29,Endoscopy/polyp surveillance: appropriate follow-up interval for normal colonoscopy in average risk patients,Percentage,71,48,,01/01/2024,12/31/2024
34013F,FAYETTEVILLE NC VA MEDICAL CENTER,2300 RAMSEY STREET,FAYETTEVILLE,NC,28301,CUMBERLAND,(910) 488-2120,Sepsis Care,SEP-1,Appropriate care for severe sepsis and septic shock,Percentage,80,44,,10/01/2024,09/30/2025
34013F,FAYETTEVILLE NC VA MEDICAL CENTER,2300 RAMSEY STREET,FAYETTEVILLE,NC,28301,CUMBERLAND,(910) 488-2120,Electronic Clinical Quality Measure,STK-02,Discharged on Antithrombotic Therapy,Percentage,Not Available,Not Available,1,01/01/2024,12/31/2024
34013F,FAYETTEVILLE NC VA MEDICAL CENTER,2300 RAMSEY STREET,FAYETTEVILLE,NC,28301,CUMBERLAND,(910) 488-2120,Electronic Clinical Quality Measure,VTE-1,Venous Thromboembolism Prophylaxis,Percentage,81,701,,01/01/2024,12/31/2024
34013F,FAYETTEVILLE NC VA MEDICAL CENTER,2300 RAMSEY STREET,FAYETTEVILLE,NC,28301,CUMBERLAND,(910) 488-2120,Electronic Clinical Quality Measure,VTE-2,Intensive Care Unit Venous Thromboembolism Prophylaxis,Percentage,87,178,,01/01/2024,12/31/2024
34017F,W.G. (BILL) HEFNER SALISBURY VA MEDICAL CENTER (SALSBURY),1601 BRENNER AVENUE,SALISBURY,NC,28144,ROWAN,(704) 638-9000,Emergency Department,EDV,Emergency department volume,Text,low,,,01/01/2024,12/31/2024
34017F,W.G. (BILL) HEFNER SALISBURY VA MEDICAL CENTER (SALSBURY),1601 BRENNER AVENUE,SALISBURY,NC,28144,ROWAN,(704) 638-9000,Healthcare Personnel Vaccination,IMM-3,Healthcare workers given influenza vaccination,Percentage,82,3971,,10/01/2024,03/31/2025
34017F,W.G. (BILL) HEFNER SALISBURY VA MEDICAL CENTER (SALSBURY),1601 BRENNER AVENUE,SALISBURY,NC,28144,ROWAN,(704) 638-9000,Emergency Department,OP-18b,"Average (median) time patients spent in the emergency department before leaving from the visit, excluding patients transferred to another facility or psychiatric care/mental health patients. A lower number of minutes is better",Minutes,144,220,,10/01/2024,09/30/2025
34017F,W.G. (BILL) HEFNER SALISBURY VA MEDICAL CENTER (SALSBURY),1601 BRENNER AVENUE,SALISBURY,NC,28144,ROWAN,(704) 638-9000,Emergency Department,OP-18c,Average (median) time psychiatric/mental health patients spent in the emergency department before leaving from the visit. A lower number of minutes is better,Minutes,239,37,,10/01/2024,09/30/2025
34017F,W.G. (BILL) HEFNER SALISBURY VA MEDICAL CENTER (SALSBURY),1601 BRENNER AVENUE,SALISBURY,NC,28144,ROWAN,(704) 638-9000,Emergency Department,OP-22,Left before being seen,Percentage,1,16924,,01/01/2024,12/31/2024
34017F,W.G. (BILL) HEFNER SALISBURY VA MEDICAL CENTER (SALSBURY),1601 BRENNER AVENUE,SALISBURY,NC,28144,ROWAN,(704) 638-9000,Emergency Department,OP-23,Head CT results,Percentage,Not Available,Not Available,5,10/01/2024,09/30/2025
34017F,W.G. (BILL) HEFNER SALISBURY VA MEDICAL CENTER (SALSBURY),1601 BRENNER AVENUE,SALISBURY,NC,28144,ROWAN,(704) 638-9000,Colonoscopy care,OP-29,Endoscopy/polyp surveillance: appropriate follow-up interval for normal colonoscopy in average risk patients,Percentage,94,35,,01/01/2024,12/31/2024
34017F,W.G. (BILL) HEFNER SALISBURY VA MEDICAL CENTER (SALSBURY),1601 BRENNER AVENUE,SALISBURY,NC,28144,ROWAN,(704) 638-9000,Sepsis Care,SEP-1,Appropriate care for severe sepsis and septic shock,Percentage,53,43,,10/01/2024,09/30/2025
34017F,W.G. (BILL) HEFNER SALISBURY VA MEDICAL CENTER (SALSBURY),1601 BRENNER AVENUE,SALISBURY,NC,28144,ROWAN,(704) 638-9000,Electronic Clinical Quality Measure,STK-02,Discharged on Antithrombotic Therapy,Percentage,95,41,,01/01/2024,12/31/2024
34017F,W.G. (BILL) HEFNER SALISBURY VA MEDICAL CENTER (SALSBURY),1601 BRENNER AVENUE,SALISBURY,NC,28144,ROWAN,(704) 638-9000,Electronic Clinical Quality Measure,VTE-1,Venous Thromboembolism Prophylaxis,Percentage,85,1223,,01/01/2024,12/31/2024
34017F,W.G. (BILL) HEFNER SALISBURY VA MEDICAL CENTER (SALSBURY),1601 BRENNER AVENUE,SALISBURY,NC,28144,ROWAN,(704) 638-9000,Electronic Clinical Quality Measure,VTE-2,Intensive Care Unit Venous Thromboembolism Prophylaxis,Percentage,77,297,,01/01/2024,12/31/2024
34036F,ASHEVILLE-OTEEN VA MEDICAL CENTER,1100 TUNNEL ROAD,ASHEVILLE,NC,28805,BUNCOMBE,(828) 298-7911,Emergency Department,EDV,Emergency department volume,Text,low,,,01/01/2024,12/31/2024
34036F,ASHEVILLE-OTEEN VA MEDICAL CENTER,1100 TUNNEL ROAD,ASHEVILLE,NC,28805,BUNCOMBE,(828) 298-7911,Healthcare Personnel Vaccination,IMM-3,Healthcare workers given influenza vaccination,Percentage,86,2569,,10/01/2024,03/31/2025
34036F,ASHEVILLE-OTEEN VA MEDICAL CENTER,1100 TUNNEL ROAD,ASHEVILLE,NC,28805,BUNCOMBE,(828) 298-7911,Emergency Department,OP-18b,"Average (median) time patients spent in the emergency department before leaving from the visit, excluding patients transferred to another facility or psychiatric care/mental health patients. A lower number of minutes is better",Minutes,Not Available,Not Available,5,10/01/2024,09/30/2025
34036F,ASHEVILLE-OTEEN VA MEDICAL CENTER,1100 TUNNEL ROAD,ASHEVILLE,NC,28805,BUNCOMBE,(828) 298-7911,Emergency Department,OP-18c,Average (median) time psychiatric/mental health patients spent in the emergency department before leaving from the visit. A lower number of minutes is better,Minutes,Not Available,Not Available,5,10/01/2024,09/30/2025
34036F,ASHEVILLE-OTEEN VA MEDICAL CENTER,1100 TUNNEL ROAD,ASHEVILLE,NC,28805,BUNCOMBE,(828) 298-7911,Emergency Department,OP-22,Left before being seen,Percentage,1,19970,,01/01/2024,12/31/2024
34036F,ASHEVILLE-OTEEN VA MEDICAL CENTER,1100 TUNNEL ROAD,ASHEVILLE,NC,28805,BUNCOMBE,(828) 298-7911,Emergency Department,OP-23,Head CT results,Percentage,Not Available,Not Available,5,10/01/2024,09/30/2025
34036F,ASHEVILLE-OTEEN VA MEDICAL CENTER,1100 TUNNEL ROAD,ASHEVILLE,NC,28805,BUNCOMBE,(828) 298-7911,Colonoscopy care,OP-29,Endoscopy/polyp surveillance: appropriate follow-up interval for normal colonoscopy in average risk patients,Percentage,94,35,,01/01/2024,12/31/2024
34036F,ASHEVILLE-OTEEN VA MEDICAL CENTER,1100 TUNNEL ROAD,ASHEVILLE,NC,28805,BUNCOMBE,(828) 298-7911,Sepsis Care,SEP-1,Appropriate care for severe sepsis and septic shock,Percentage,63,131,,10/01/2024,09/30/2025
34036F,ASHEVILLE-OTEEN VA MEDICAL CENTER,1100 TUNNEL ROAD,ASHEVILLE,NC,28805,BUNCOMBE,(828) 298-7911,Electronic Clinical Quality Measure,STK-02,Discharged on Antithrombotic Therapy,Percentage,100,43,,01/01/2024,12/31/2024
34036F,ASHEVILLE-OTEEN VA MEDICAL CENTER,1100 TUNNEL ROAD,ASHEVILLE,NC,28805,BUNCOMBE,(828) 298-7911,Electronic Clinical Quality Measure,VTE-1,Venous Thromboembolism Prophylaxis,Percentage,81,1778,,01/01/2024,12/31/2024
34036F,ASHEVILLE-OTEEN VA MEDICAL CENTER,1100 TUNNEL ROAD,ASHEVILLE,NC,28805,BUNCOMBE,(828) 298-7911,Electronic Clinical Quality Measure,VTE-2,Intensive Care Unit Venous Thromboembolism Prophylaxis,Percentage,90,504,,01/01/2024,12/31/2024
35002F,FARGO VA MEDICAL CENTER,2101 ELM STREET,FARGO,ND,58102,CASS,(701) 232-3241,Emergency Department,EDV,Emergency department volume,Text,low,,,01/01/2024,12/31/2024
35002F,FARGO VA MEDICAL CENTER,2101 ELM STREET,FARGO,ND,58102,CASS,(701) 232-3241,Healthcare Personnel Vaccination,IMM-3,Healthcare workers given influenza vaccination,Percentage,91,1478,,10/01/2024,03/31/2025
35002F,FARGO VA MEDICAL CENTER,2101 ELM STREET,FARGO,ND,58102,CASS,(701) 232-3241,Emergency Department,OP-18b,"Average (median) time patients spent in the emergency department before leaving from the visit, excluding patients transferred to another facility or psychiatric care/mental health patients. A lower number of minutes is better",Minutes,Not Available,Not Available,5,10/01/2024,09/30/2025
35002F,FARGO VA MEDICAL CENTER,2101 ELM STREET,FARGO,ND,58102,CASS,(701) 232-3241,Emergency Department,OP-18c,Average (median) time psychiatric/mental health patients spent in the emergency department before leaving from the visit. A lower number of minutes is better,Minutes,Not Available,Not Available,5,10/01/2024,09/30/2025
35002F,FARGO VA MEDICAL CENTER,2101 ELM STREET,FARGO,ND,58102,CASS,(701) 232-3241,Emergency Department,OP-22,Left before being seen,Percentage,1,9819,,01/01/2024,12/31/2024
35002F,FARGO VA MEDICAL CENTER,2101 ELM STREET,FARGO,ND,58102,CASS,(701) 232-3241,Emergency Department,OP-23,Head CT results,Percentage,Not Available,Not Available,5,10/01/2024,09/30/2025
35002F,FARGO VA MEDICAL CENTER,2101 ELM STREET,FARGO,ND,58102,CASS,(701) 232-3241,Colonoscopy care,OP-29,Endoscopy/polyp surveillance: appropriate follow-up interval for normal colonoscopy in average risk patients,Percentage,72,18,,01/01/2024,12/31/2024
35002F,FARGO VA MEDICAL CENTER,2101 ELM STREET,FARGO,ND,58102,CASS,(701) 232-3241,Sepsis Care,SEP-1,Appropriate care for severe sepsis and septic shock,Percentage,71,41,,10/01/2024,09/30/2025
35002F,FARGO VA MEDICAL CENTER,2101 ELM STREET,FARGO,ND,58102,CASS,(701) 232-3241,Electronic Clinical Quality Measure,STK-02,Discharged on Antithrombotic Therapy,Percentage,Not Available,Not Available,1,01/01/2024,12/31/2024
35002F,FARGO VA MEDICAL CENTER,2101 ELM STREET,FARGO,ND,58102,CASS,(701) 232-3241,Electronic Clinical Quality Measure,VTE-1,Venous Thromboembolism Prophylaxis,Percentage,85,677,,01/01/2024,12/31/2024
35002F,FARGO VA MEDICAL CENTER,2101 ELM STREET,FARGO,ND,58102,CASS,(701) 232-3241,Electronic Clinical Quality Measure,VTE-2,Intensive Care Unit Venous Thromboembolism Prophylaxis,Percentage,76,110,,01/01/2024,12/31/2024
36001F,LOUIS STOKES CLEVELAND VA MEDICAL CENTER,10701 EAST BLVD,CLEVELAND,OH,44106,CUYAHOGA,(216) 791-3800,Emergency Department,EDV,Emergency department volume,Text,medium,,,01/01/2024,12/31/2024
36001F,LOUIS STOKES CLEVELAND VA MEDICAL CENTER,10701 EAST BLVD,CLEVELAND,OH,44106,CUYAHOGA,(216) 791-3800,Healthcare Personnel Vaccination,IMM-3,Healthcare workers given influenza vaccination,Percentage,81,6294,,10/01/2024,03/31/2025
36001F,LOUIS STOKES CLEVELAND VA MEDICAL CENTER,10701 EAST BLVD,CLEVELAND,OH,44106,CUYAHOGA,(216) 791-3800,Emergency Department,OP-18b,"Average (median) time patients spent in the emergency department before leaving from the visit, excluding patients transferred to another facility or psychiatric care/mental health patients. A lower number of minutes is better",Minutes,173,124,,10/01/2024,09/30/2025
36001F,LOUIS STOKES CLEVELAND VA MEDICAL CENTER,10701 EAST BLVD,CLEVELAND,OH,44106,CUYAHOGA,(216) 791-3800,Emergency Department,OP-18c,Average (median) time psychiatric/mental health patients spent in the emergency department before leaving from the visit. A lower number of minutes is better,Minutes,311,25,,10/01/2024,09/30/2025
36001F,LOUIS STOKES CLEVELAND VA MEDICAL CENTER,10701 EAST BLVD,CLEVELAND,OH,44106,CUYAHOGA,(216) 791-3800,Emergency Department,OP-22,Left before being seen,Percentage,1,24691,,01/01/2024,12/31/2024
36001F,LOUIS STOKES CLEVELAND VA MEDICAL CENTER,10701 EAST BLVD,CLEVELAND,OH,44106,CUYAHOGA,(216) 791-3800,Emergency Department,OP-23,Head CT results,Percentage,Not Available,Not Available,1,10/01/2024,09/30/2025
36001F,LOUIS STOKES CLEVELAND VA MEDICAL CENTER,10701 EAST BLVD,CLEVELAND,OH,44106,CUYAHOGA,(216) 791-3800,Colonoscopy care,OP-29,Endoscopy/polyp surveillance: appropriate follow-up interval for normal colonoscopy in average risk patients,Percentage,96,45,,01/01/2024,12/31/2024
36001F,LOUIS STOKES CLEVELAND VA MEDICAL CENTER,10701 EAST BLVD,CLEVELAND,OH,44106,CUYAHOGA,(216) 791-3800,Sepsis Care,SEP-1,Appropriate care for severe sepsis and septic shock,Percentage,51,134,,10/01/2024,09/30/2025
36001F,LOUIS STOKES CLEVELAND VA MEDICAL CENTER,10701 EAST BLVD,CLEVELAND,OH,44106,CUYAHOGA,(216) 791-3800,Electronic Clinical Quality Measure,STK-02,Discharged on Antithrombotic Therapy,Percentage,98,54,,01/01/2024,12/31/2024
36001F,LOUIS STOKES CLEVELAND VA MEDICAL CENTER,10701 EAST BLVD,CLEVELAND,OH,44106,CUYAHOGA,(216) 791-3800,Electronic Clinical Quality Measure,VTE-1,Venous Thromboembolism Prophylaxis,Percentage,77,4990,,01/01/2024,12/31/2024
36001F,LOUIS STOKES CLEVELAND VA MEDICAL CENTER,10701 EAST BLVD,CLEVELAND,OH,44106,CUYAHOGA,(216) 791-3800,Electronic Clinical Quality Measure,VTE-2,Intensive Care Unit Venous Thromboembolism Prophylaxis,Percentage,83,1223,,01/01/2024,12/31/2024
36003F,CINCINNATI VA MEDICAL CENTER,3200 VINE STREET,CINCINNATI,OH,45220,HAMILTON,(513) 861-3100,Emergency Department,EDV,Emergency department volume,Text,medium,,,01/01/2024,12/31/2024
36003F,CINCINNATI VA MEDICAL CENTER,3200 VINE STREET,CINCINNATI,OH,45220,HAMILTON,(513) 861-3100,Healthcare Personnel Vaccination,IMM-3,Healthcare workers given influenza vaccination,Percentage,88,2791,,10/01/2024,03/31/2025
36003F,CINCINNATI VA MEDICAL CENTER,3200 VINE STREET,CINCINNATI,OH,45220,HAMILTON,(513) 861-3100,Emergency Department,OP-18b,"Average (median) time patients spent in the emergency department before leaving from the visit, excluding patients transferred to another facility or psychiatric care/mental health patients. A lower number of minutes is better",Minutes,Not Available,Not Available,5,10/01/2024,09/30/2025
36003F,CINCINNATI VA MEDICAL CENTER,3200 VINE STREET,CINCINNATI,OH,45220,HAMILTON,(513) 861-3100,Emergency Department,OP-18c,Average (median) time psychiatric/mental health patients spent in the emergency department before leaving from the visit. A lower number of minutes is better,Minutes,Not Available,Not Available,5,10/01/2024,09/30/2025
36003F,CINCINNATI VA MEDICAL CENTER,3200 VINE STREET,CINCINNATI,OH,45220,HAMILTON,(513) 861-3100,Emergency Department,OP-22,Left before being seen,Percentage,1,22044,,01/01/2024,12/31/2024
36003F,CINCINNATI VA MEDICAL CENTER,3200 VINE STREET,CINCINNATI,OH,45220,HAMILTON,(513) 861-3100,Emergency Department,OP-23,Head CT results,Percentage,Not Available,Not Available,5,10/01/2024,09/30/2025
36003F,CINCINNATI VA MEDICAL CENTER,3200 VINE STREET,CINCINNATI,OH,45220,HAMILTON,(513) 861-3100,Colonoscopy care,OP-29,Endoscopy/polyp surveillance: appropriate follow-up interval for normal colonoscopy in average risk patients,Percentage,96,52,,01/01/2024,12/31/2024
36003F,CINCINNATI VA MEDICAL CENTER,3200 VINE STREET,CINCINNATI,OH,45220,HAMILTON,(513) 861-3100,Sepsis Care,SEP-1,Appropriate care for severe sepsis and septic shock,Percentage,49,89,,10/01/2024,09/30/2025
36003F,CINCINNATI VA MEDICAL CENTER,3200 VINE STREET,CINCINNATI,OH,45220,HAMILTON,(513) 861-3100,Electronic Clinical Quality Measure,STK-02,Discharged on Antithrombotic Therapy,Percentage,98,43,,01/01/2024,12/31/2024
36003F,CINCINNATI VA MEDICAL CENTER,3200 VINE STREET,CINCINNATI,OH,45220,HAMILTON,(513) 861-3100,Electronic Clinical Quality Measure,VTE-1,Venous Thromboembolism Prophylaxis,Percentage,89,2953,,01/01/2024,12/31/2024
36003F,CINCINNATI VA MEDICAL CENTER,3200 VINE STREET,CINCINNATI,OH,45220,HAMILTON,(513) 861-3100,Electronic Clinical Quality Measure,VTE-2,Intensive Care Unit Venous Thromboembolism Prophylaxis,Percentage,88,708,,01/01/2024,12/31/2024
36007F,DAYTON VA MEDICAL CENTER,4100 WEST THIRD STREET,DAYTON,OH,45428,MONTGOMERY,(937) 268-6511,Emergency Department,EDV,Emergency department volume,Text,low,,,01/01/2024,12/31/2024
36007F,DAYTON VA MEDICAL CENTER,4100 WEST THIRD STREET,DAYTON,OH,45428,MONTGOMERY,(937) 268-6511,Healthcare Personnel Vaccination,IMM-3,Healthcare workers given influenza vaccination,Percentage,82,3079,,10/01/2024,03/31/2025
36007F,DAYTON VA MEDICAL CENTER,4100 WEST THIRD STREET,DAYTON,OH,45428,MONTGOMERY,(937) 268-6511,Emergency Department,OP-18b,"Average (median) time patients spent in the emergency department before leaving from the visit, excluding patients transferred to another facility or psychiatric care/mental health patients. A lower number of minutes is better",Minutes,Not Available,Not Available,5,10/01/2024,09/30/2025
36007F,DAYTON VA MEDICAL CENTER,4100 WEST THIRD STREET,DAYTON,OH,45428,MONTGOMERY,(937) 268-6511,Emergency Department,OP-18c,Average (median) time psychiatric/mental health patients spent in the emergency department before leaving from the visit. A lower number of minutes is better,Minutes,Not Available,Not Available,5,10/01/2024,09/30/2025
36007F,DAYTON VA MEDICAL CENTER,4100 WEST THIRD STREET,DAYTON,OH,45428,MONTGOMERY,(937) 268-6511,Emergency Department,OP-22,Left before being seen,Percentage,0,18667,,01/01/2024,12/31/2024
36007F,DAYTON VA MEDICAL CENTER,4100 WEST THIRD STREET,DAYTON,OH,45428,MONTGOMERY,(937) 268-6511,Emergency Department,OP-23,Head CT results,Percentage,Not Available,Not Available,5,10/01/2024,09/30/2025
36007F,DAYTON VA MEDICAL CENTER,4100 WEST THIRD STREET,DAYTON,OH,45428,MONTGOMERY,(937) 268-6511,Colonoscopy care,OP-29,Endoscopy/polyp surveillance: appropriate follow-up interval for normal colonoscopy in average risk patients,Percentage,98,48,,01/01/2024,12/31/2024
36007F,DAYTON VA MEDICAL CENTER,4100 WEST THIRD STREET,DAYTON,OH,45428,MONTGOMERY,(937) 268-6511,Sepsis Care,SEP-1,Appropriate care for severe sepsis and septic shock,Percentage,60,65,,10/01/2024,09/30/2025
36007F,DAYTON VA MEDICAL CENTER,4100 WEST THIRD STREET,DAYTON,OH,45428,MONTGOMERY,(937) 268-6511,Electronic Clinical Quality Measure,STK-02,Discharged on Antithrombotic Therapy,Percentage,100,27,,01/01/2024,12/31/2024
36007F,DAYTON VA MEDICAL CENTER,4100 WEST THIRD STREET,DAYTON,OH,45428,MONTGOMERY,(937) 268-6511,Electronic Clinical Quality Measure,VTE-1,Venous Thromboembolism Prophylaxis,Percentage,82,1415,,01/01/2024,12/31/2024
36007F,DAYTON VA MEDICAL CENTER,4100 WEST THIRD STREET,DAYTON,OH,45428,MONTGOMERY,(937) 268-6511,Electronic Clinical Quality Measure,VTE-2,Intensive Care Unit Venous Thromboembolism Prophylaxis,Percentage,86,130,,01/01/2024,12/31/2024
36008F,CHILLICOTHE VA MEDICAL CENTER,17273 STATE ROUTE 104,CHILLICOTHE,OH,45601,ROSS,(740) 773-1141,Emergency Department,EDV,Emergency department volume,Text,low,,,01/01/2024,12/31/2024
36008F,CHILLICOTHE VA MEDICAL CENTER,17273 STATE ROUTE 104,CHILLICOTHE,OH,45601,ROSS,(740) 773-1141,Healthcare Personnel Vaccination,IMM-3,Healthcare workers given influenza vaccination,Percentage,83,1645,,10/01/2024,03/31/2025
36008F,CHILLICOTHE VA MEDICAL CENTER,17273 STATE ROUTE 104,CHILLICOTHE,OH,45601,ROSS,(740) 773-1141,Emergency Department,OP-18b,"Average (median) time patients spent in the emergency department before leaving from the visit, excluding patients transferred to another facility or psychiatric care/mental health patients. A lower number of minutes is better",Minutes,Not Available,Not Available,5,10/01/2024,09/30/2025
36008F,CHILLICOTHE VA MEDICAL CENTER,17273 STATE ROUTE 104,CHILLICOTHE,OH,45601,ROSS,(740) 773-1141,Emergency Department,OP-18c,Average (median) time psychiatric/mental health patients spent in the emergency department before leaving from the visit. A lower number of minutes is better,Minutes,Not Available,Not Available,5,10/01/2024,09/30/2025
36008F,CHILLICOTHE VA MEDICAL CENTER,17273 STATE ROUTE 104,CHILLICOTHE,OH,45601,ROSS,(740) 773-1141,Emergency Department,OP-22,Left before being seen,Percentage,0,8498,,01/01/2024,12/31/2024
36008F,CHILLICOTHE VA MEDICAL CENTER,17273 STATE ROUTE 104,CHILLICOTHE,OH,45601,ROSS,(740) 773-1141,Emergency Department,OP-23,Head CT results,Percentage,Not Available,Not Available,5,10/01/2024,09/30/2025
36008F,CHILLICOTHE VA MEDICAL CENTER,17273 STATE ROUTE 104,CHILLICOTHE,OH,45601,ROSS,(740) 773-1141,Colonoscopy care,OP-29,Endoscopy/polyp surveillance: appropriate follow-up interval for normal colonoscopy in average risk patients,Percentage,Not Available,Not Available,1,01/01/2024,12/31/2024
36008F,CHILLICOTHE VA MEDICAL CENTER,17273 STATE ROUTE 104,CHILLICOTHE,OH,45601,ROSS,(740) 773-1141,Sepsis Care,SEP-1,Appropriate care for severe sepsis and septic shock,Percentage,Not Available,Not Available,5,10/01/2024,09/30/2025
36008F,CHILLICOTHE VA MEDICAL CENTER,17273 STATE ROUTE 104,CHILLICOTHE,OH,45601,ROSS,(740) 773-1141,Electronic Clinical Quality Measure,STK-02,Discharged on Antithrombotic Therapy,Percentage,Not Available,Not Available,5,01/01/2024,12/31/2024
36008F,CHILLICOTHE VA MEDICAL CENTER,17273 STATE ROUTE 104,CHILLICOTHE,OH,45601,ROSS,(740) 773-1141,Electronic Clinical Quality Measure,VTE-1,Venous Thromboembolism Prophylaxis,Percentage,Not Available,Not Available,1,01/01/2024,12/31/2024
36008F,CHILLICOTHE VA MEDICAL CENTER,17273 STATE ROUTE 104,CHILLICOTHE,OH,45601,ROSS,(740) 773-1141,Electronic Clinical Quality Measure,VTE-2,Intensive Care Unit Venous Thromboembolism Prophylaxis,Percentage,Not Available,Not Available,5,01/01/2024,12/31/2024
37012F,MUSKOGEE VA MEDICAL CENTER,1011 HONOR HEIGHTS DRIVE,MUSKOGEE,OK,74401,MUSKOGEE,(918) 577-3000,Emergency Department,EDV,Emergency department volume,Text,low,,,01/01/2024,12/31/2024
37012F,MUSKOGEE VA MEDICAL CENTER,1011 HONOR HEIGHTS DRIVE,MUSKOGEE,OK,74401,MUSKOGEE,(918) 577-3000,Healthcare Personnel Vaccination,IMM-3,Healthcare workers given influenza vaccination,Percentage,81,2140,,10/01/2024,03/31/2025
37012F,MUSKOGEE VA MEDICAL CENTER,1011 HONOR HEIGHTS DRIVE,MUSKOGEE,OK,74401,MUSKOGEE,(918) 577-3000,Emergency Department,OP-18b,"Average (median) time patients spent in the emergency department before leaving from the visit, excluding patients transferred to another facility or psychiatric care/mental health patients. A lower number of minutes is better",Minutes,Not Available,Not Available,5,10/01/2024,09/30/2025
37012F,MUSKOGEE VA MEDICAL CENTER,1011 HONOR HEIGHTS DRIVE,MUSKOGEE,OK,74401,MUSKOGEE,(918) 577-3000,Emergency Department,OP-18c,Average (median) time psychiatric/mental health patients spent in the emergency department before leaving from the visit. A lower number of minutes is better,Minutes,Not Available,Not Available,5,10/01/2024,09/30/2025
37012F,MUSKOGEE VA MEDICAL CENTER,1011 HONOR HEIGHTS DRIVE,MUSKOGEE,OK,74401,MUSKOGEE,(918) 577-3000,Emergency Department,OP-22,Left before being seen,Percentage,1,11545,,01/01/2024,12/31/2024
37012F,MUSKOGEE VA MEDICAL CENTER,1011 HONOR HEIGHTS DRIVE,MUSKOGEE,OK,74401,MUSKOGEE,(918) 577-3000,Emergency Department,OP-23,Head CT results,Percentage,Not Available,Not Available,5,10/01/2024,09/30/2025
37012F,MUSKOGEE VA MEDICAL CENTER,1011 HONOR HEIGHTS DRIVE,MUSKOGEE,OK,74401,MUSKOGEE,(918) 577-3000,Colonoscopy care,OP-29,Endoscopy/polyp surveillance: appropriate follow-up interval for normal colonoscopy in average risk patients,Percentage,98,48,,01/01/2024,12/31/2024
37012F,MUSKOGEE VA MEDICAL CENTER,1011 HONOR HEIGHTS DRIVE,MUSKOGEE,OK,74401,MUSKOGEE,(918) 577-3000,Sepsis Care,SEP-1,Appropriate care for severe sepsis and septic shock,Percentage,59,69,,10/01/2024,09/30/2025
37012F,MUSKOGEE VA MEDICAL CENTER,1011 HONOR HEIGHTS DRIVE,MUSKOGEE,OK,74401,MUSKOGEE,(918) 577-3000,Electronic Clinical Quality Measure,STK-02,Discharged on Antithrombotic Therapy,Percentage,Not Available,Not Available,1,01/01/2024,12/31/2024
37012F,MUSKOGEE VA MEDICAL CENTER,1011 HONOR HEIGHTS DRIVE,MUSKOGEE,OK,74401,MUSKOGEE,(918) 577-3000,Electronic Clinical Quality Measure,VTE-1,Venous Thromboembolism Prophylaxis,Percentage,75,1121,,01/01/2024,12/31/2024
37012F,MUSKOGEE VA MEDICAL CENTER,1011 HONOR HEIGHTS DRIVE,MUSKOGEE,OK,74401,MUSKOGEE,(918) 577-3000,Electronic Clinical Quality Measure,VTE-2,Intensive Care Unit Venous Thromboembolism Prophylaxis,Percentage,73,194,,01/01/2024,12/31/2024
37014F,OKLAHOMA CITY VA MEDICAL CENTER,921 NE 13TH STREET,OKLAHOMA CITY,OK,73104,OKLAHOMA,(405) 270-0501,Emergency Department,EDV,Emergency department volume,Text,medium,,,01/01/2024,12/31/2024
37014F,OKLAHOMA CITY VA MEDICAL CENTER,921 NE 13TH STREET,OKLAHOMA CITY,OK,73104,OKLAHOMA,(405) 270-0501,Healthcare Personnel Vaccination,IMM-3,Healthcare workers given influenza vaccination,Percentage,74,3266,,10/01/2024,03/31/2025
37014F,OKLAHOMA CITY VA MEDICAL CENTER,921 NE 13TH STREET,OKLAHOMA CITY,OK,73104,OKLAHOMA,(405) 270-0501,Emergency Department,OP-18b,"Average (median) time patients spent in the emergency department before leaving from the visit, excluding patients transferred to another facility or psychiatric care/mental health patients. A lower number of minutes is better",Minutes,Not Available,Not Available,5,10/01/2024,09/30/2025
37014F,OKLAHOMA CITY VA MEDICAL CENTER,921 NE 13TH STREET,OKLAHOMA CITY,OK,73104,OKLAHOMA,(405) 270-0501,Emergency Department,OP-18c,Average (median) time psychiatric/mental health patients spent in the emergency department before leaving from the visit. A lower number of minutes is better,Minutes,Not Available,Not Available,5,10/01/2024,09/30/2025
37014F,OKLAHOMA CITY VA MEDICAL CENTER,921 NE 13TH STREET,OKLAHOMA CITY,OK,73104,OKLAHOMA,(405) 270-0501,Emergency Department,OP-22,Left before being seen,Percentage,1,22918,,01/01/2024,12/31/2024
37014F,OKLAHOMA CITY VA MEDICAL CENTER,921 NE 13TH STREET,OKLAHOMA CITY,OK,73104,OKLAHOMA,(405) 270-0501,Emergency Department,OP-23,Head CT results,Percentage,Not Available,Not Available,5,10/01/2024,09/30/2025
37014F,OKLAHOMA CITY VA MEDICAL CENTER,921 NE 13TH STREET,OKLAHOMA CITY,OK,73104,OKLAHOMA,(405) 270-0501,Colonoscopy care,OP-29,Endoscopy/polyp surveillance: appropriate follow-up interval for normal colonoscopy in average risk patients,Percentage,76,34,,01/01/2024,12/31/2024
37014F,OKLAHOMA CITY VA MEDICAL CENTER,921 NE 13TH STREET,OKLAHOMA CITY,OK,73104,OKLAHOMA,(405) 270-0501,Sepsis Care,SEP-1,Appropriate care for severe sepsis and septic shock,Percentage,56,105,,10/01/2024,09/30/2025
37014F,OKLAHOMA CITY VA MEDICAL CENTER,921 NE 13TH STREET,OKLAHOMA CITY,OK,73104,OKLAHOMA,(405) 270-0501,Electronic Clinical Quality Measure,STK-02,Discharged on Antithrombotic Therapy,Percentage,94,79,,01/01/2024,12/31/2024
37014F,OKLAHOMA CITY VA MEDICAL CENTER,921 NE 13TH STREET,OKLAHOMA CITY,OK,73104,OKLAHOMA,(405) 270-0501,Electronic Clinical Quality Measure,VTE-1,Venous Thromboembolism Prophylaxis,Percentage,70,3100,,01/01/2024,12/31/2024
37014F,OKLAHOMA CITY VA MEDICAL CENTER,921 NE 13TH STREET,OKLAHOMA CITY,OK,73104,OKLAHOMA,(405) 270-0501,Electronic Clinical Quality Measure,VTE-2,Intensive Care Unit Venous Thromboembolism Prophylaxis,Percentage,73,588,,01/01/2024,12/31/2024
38003F,PORTLAND VA MEDICAL CENTER,3710 SW US VETERANS HOSPITAL,PORTLAND,OR,97239,MULTNOMAH,(503) 220-8262,Emergency Department,EDV,Emergency department volume,Text,medium,,,01/01/2024,12/31/2024
38003F,PORTLAND VA MEDICAL CENTER,3710 SW US VETERANS HOSPITAL,PORTLAND,OR,97239,MULTNOMAH,(503) 220-8262,Healthcare Personnel Vaccination,IMM-3,Healthcare workers given influenza vaccination,Percentage,88,4207,,10/01/2024,03/31/2025
38003F,PORTLAND VA MEDICAL CENTER,3710 SW US VETERANS HOSPITAL,PORTLAND,OR,97239,MULTNOMAH,(503) 220-8262,Emergency Department,OP-18b,"Average (median) time patients spent in the emergency department before leaving from the visit, excluding patients transferred to another facility or psychiatric care/mental health patients. A lower number of minutes is better",Minutes,193,279,,10/01/2024,09/30/2025
38003F,PORTLAND VA MEDICAL CENTER,3710 SW US VETERANS HOSPITAL,PORTLAND,OR,97239,MULTNOMAH,(503) 220-8262,Emergency Department,OP-18c,Average (median) time psychiatric/mental health patients spent in the emergency department before leaving from the visit. A lower number of minutes is better,Minutes,252,14,,10/01/2024,09/30/2025
38003F,PORTLAND VA MEDICAL CENTER,3710 SW US VETERANS HOSPITAL,PORTLAND,OR,97239,MULTNOMAH,(503) 220-8262,Emergency Department,OP-22,Left before being seen,Percentage,1,23389,,01/01/2024,12/31/2024
38003F,PORTLAND VA MEDICAL CENTER,3710 SW US VETERANS HOSPITAL,PORTLAND,OR,97239,MULTNOMAH,(503) 220-8262,Emergency Department,OP-23,Head CT results,Percentage,Not Available,Not Available,5,10/01/2024,09/30/2025
38003F,PORTLAND VA MEDICAL CENTER,3710 SW US VETERANS HOSPITAL,PORTLAND,OR,97239,MULTNOMAH,(503) 220-8262,Colonoscopy care,OP-29,Endoscopy/polyp surveillance: appropriate follow-up interval for normal colonoscopy in average risk patients,Percentage,100,15,,01/01/2024,12/31/2024
38003F,PORTLAND VA MEDICAL CENTER,3710 SW US VETERANS HOSPITAL,PORTLAND,OR,97239,MULTNOMAH,(503) 220-8262,Sepsis Care,SEP-1,Appropriate care for severe sepsis and septic shock,Percentage,63,152,,10/01/2024,09/30/2025
38003F,PORTLAND VA MEDICAL CENTER,3710 SW US VETERANS HOSPITAL,PORTLAND,OR,97239,MULTNOMAH,(503) 220-8262,Electronic Clinical Quality Measure,STK-02,Discharged on Antithrombotic Therapy,Percentage,91,64,,01/01/2024,12/31/2024
38003F,PORTLAND VA MEDICAL CENTER,3710 SW US VETERANS HOSPITAL,PORTLAND,OR,97239,MULTNOMAH,(503) 220-8262,Electronic Clinical Quality Measure,VTE-1,Venous Thromboembolism Prophylaxis,Percentage,73,3283,,01/01/2024,12/31/2024
38003F,PORTLAND VA MEDICAL CENTER,3710 SW US VETERANS HOSPITAL,PORTLAND,OR,97239,MULTNOMAH,(503) 220-8262,Electronic Clinical Quality Measure,VTE-2,Intensive Care Unit Venous Thromboembolism Prophylaxis,Percentage,72,872,,01/01/2024,12/31/2024
38004F,VA ROSEBURG HEALTHCARE SYSTEM,913 NW GARDEN VALLEY BLVD.,ROSEBURG,OR,97471,DOUGLAS,(541) 440-1000,Emergency Department,EDV,Emergency department volume,Text,low,,,01/01/2024,12/31/2024
38004F,VA ROSEBURG HEALTHCARE SYSTEM,913 NW GARDEN VALLEY BLVD.,ROSEBURG,OR,97471,DOUGLAS,(541) 440-1000,Healthcare Personnel Vaccination,IMM-3,Healthcare workers given influenza vaccination,Percentage,59,1359,,10/01/2024,03/31/2025
38004F,VA ROSEBURG HEALTHCARE SYSTEM,913 NW GARDEN VALLEY BLVD.,ROSEBURG,OR,97471,DOUGLAS,(541) 440-1000,Emergency Department,OP-18b,"Average (median) time patients spent in the emergency department before leaving from the visit, excluding patients transferred to another facility or psychiatric care/mental health patients. A lower number of minutes is better",Minutes,Not Available,Not Available,5,10/01/2024,09/30/2025
38004F,VA ROSEBURG HEALTHCARE SYSTEM,913 NW GARDEN VALLEY BLVD.,ROSEBURG,OR,97471,DOUGLAS,(541) 440-1000,Emergency Department,OP-18c,Average (median) time psychiatric/mental health patients spent in the emergency department before leaving from the visit. A lower number of minutes is better,Minutes,Not Available,Not Available,5,10/01/2024,09/30/2025
38004F,VA ROSEBURG HEALTHCARE SYSTEM,913 NW GARDEN VALLEY BLVD.,ROSEBURG,OR,97471,DOUGLAS,(541) 440-1000,Emergency Department,OP-22,Left before being seen,Percentage,1,10044,,01/01/2024,12/31/2024
38004F,VA ROSEBURG HEALTHCARE SYSTEM,913 NW GARDEN VALLEY BLVD.,ROSEBURG,OR,97471,DOUGLAS,(541) 440-1000,Emergency Department,OP-23,Head CT results,Percentage,Not Available,Not Available,5,10/01/2024,09/30/2025
38004F,VA ROSEBURG HEALTHCARE SYSTEM,913 NW GARDEN VALLEY BLVD.,ROSEBURG,OR,97471,DOUGLAS,(541) 440-1000,Colonoscopy care,OP-29,Endoscopy/polyp surveillance: appropriate follow-up interval for normal colonoscopy in average risk patients,Percentage,100,41,,01/01/2024,12/31/2024
38004F,VA ROSEBURG HEALTHCARE SYSTEM,913 NW GARDEN VALLEY BLVD.,ROSEBURG,OR,97471,DOUGLAS,(541) 440-1000,Sepsis Care,SEP-1,Appropriate care for severe sepsis and septic shock,Percentage,Not Available,Not Available,5,10/01/2024,09/30/2025
38004F,VA ROSEBURG HEALTHCARE SYSTEM,913 NW GARDEN VALLEY BLVD.,ROSEBURG,OR,97471,DOUGLAS,(541) 440-1000,Electronic Clinical Quality Measure,STK-02,Discharged on Antithrombotic Therapy,Percentage,Not Available,Not Available,5,01/01/2024,12/31/2024
38004F,VA ROSEBURG HEALTHCARE SYSTEM,913 NW GARDEN VALLEY BLVD.,ROSEBURG,OR,97471,DOUGLAS,(541) 440-1000,Electronic Clinical Quality Measure,VTE-1,Venous Thromboembolism Prophylaxis,Percentage,Not Available,Not Available,5,01/01/2024,12/31/2024
38004F,VA ROSEBURG HEALTHCARE SYSTEM,913 NW GARDEN VALLEY BLVD.,ROSEBURG,OR,97471,DOUGLAS,(541) 440-1000,Electronic Clinical Quality Measure,VTE-2,Intensive Care Unit Venous Thromboembolism Prophylaxis,Percentage,Not Available,Not Available,5,01/01/2024,12/31/2024
39001F,JAMES E. VAN ZANDT VA MEDICAL CENTER (ALTOONA),2907 PLEASANT VALLEY BOULEVARD,ALTOONA,PA,16602,BLAIR,(814) 943-8164,Emergency Department,EDV,Emergency department volume,Text,low,,,01/01/2024,12/31/2024
39001F,JAMES E. VAN ZANDT VA MEDICAL CENTER (ALTOONA),2907 PLEASANT VALLEY BOULEVARD,ALTOONA,PA,16602,BLAIR,(814) 943-8164,Healthcare Personnel Vaccination,IMM-3,Healthcare workers given influenza vaccination,Percentage,89,1328,,10/01/2024,03/31/2025
39001F,JAMES E. VAN ZANDT VA MEDICAL CENTER (ALTOONA),2907 PLEASANT VALLEY BOULEVARD,ALTOONA,PA,16602,BLAIR,(814) 943-8164,Emergency Department,OP-18b,"Average (median) time patients spent in the emergency department before leaving from the visit, excluding patients transferred to another facility or psychiatric care/mental health patients. A lower number of minutes is better",Minutes,Not Available,Not Available,5,10/01/2024,09/30/2025
39001F,JAMES E. VAN ZANDT VA MEDICAL CENTER (ALTOONA),2907 PLEASANT VALLEY BOULEVARD,ALTOONA,PA,16602,BLAIR,(814) 943-8164,Emergency Department,OP-18c,Average (median) time psychiatric/mental health patients spent in the emergency department before leaving from the visit. A lower number of minutes is better,Minutes,Not Available,Not Available,5,10/01/2024,09/30/2025
39001F,JAMES E. VAN ZANDT VA MEDICAL CENTER (ALTOONA),2907 PLEASANT VALLEY BOULEVARD,ALTOONA,PA,16602,BLAIR,(814) 943-8164,Emergency Department,OP-22,Left before being seen,Percentage,1,7554,,01/01/2024,12/31/2024
39001F,JAMES E. VAN ZANDT VA MEDICAL CENTER (ALTOONA),2907 PLEASANT VALLEY BOULEVARD,ALTOONA,PA,16602,BLAIR,(814) 943-8164,Emergency Department,OP-23,Head CT results,Percentage,Not Available,Not Available,5,10/01/2024,09/30/2025
39001F,JAMES E. VAN ZANDT VA MEDICAL CENTER (ALTOONA),2907 PLEASANT VALLEY BOULEVARD,ALTOONA,PA,16602,BLAIR,(814) 943-8164,Colonoscopy care,OP-29,Endoscopy/polyp surveillance: appropriate follow-up interval for normal colonoscopy in average risk patients,Percentage,98,54,,01/01/2024,12/31/2024
39001F,JAMES E. VAN ZANDT VA MEDICAL CENTER (ALTOONA),2907 PLEASANT VALLEY BOULEVARD,ALTOONA,PA,16602,BLAIR,(814) 943-8164,Sepsis Care,SEP-1,Appropriate care for severe sepsis and septic shock,Percentage,Not Available,Not Available,1,10/01/2024,09/30/2025
39001F,JAMES E. VAN ZANDT VA MEDICAL CENTER (ALTOONA),2907 PLEASANT VALLEY BOULEVARD,ALTOONA,PA,16602,BLAIR,(814) 943-8164,Electronic Clinical Quality Measure,STK-02,Discharged on Antithrombotic Therapy,Percentage,Not Available,Not Available,1,01/01/2024,12/31/2024
39001F,JAMES E. VAN ZANDT VA MEDICAL CENTER (ALTOONA),2907 PLEASANT VALLEY BOULEVARD,ALTOONA,PA,16602,BLAIR,(814) 943-8164,Electronic Clinical Quality Measure,VTE-1,Venous Thromboembolism Prophylaxis,Percentage,86,308,,01/01/2024,12/31/2024
39001F,JAMES E. VAN ZANDT VA MEDICAL CENTER (ALTOONA),2907 PLEASANT VALLEY BOULEVARD,ALTOONA,PA,16602,BLAIR,(814) 943-8164,Electronic Clinical Quality Measure,VTE-2,Intensive Care Unit Venous Thromboembolism Prophylaxis,Percentage,Not Available,Not Available,5,01/01/2024,12/31/2024
39004F,COATESVILLE VA MEDICAL CENTER,1400 BLACK HORSE HILL ROAD,COATESVILLE,PA,19320,CHESTER,(610) 384-7711,Emergency Department,EDV,Emergency department volume,Text,low,,,01/01/2024,12/31/2024
39004F,COATESVILLE VA MEDICAL CENTER,1400 BLACK HORSE HILL ROAD,COATESVILLE,PA,19320,CHESTER,(610) 384-7711,Healthcare Personnel Vaccination,IMM-3,Healthcare workers given influenza vaccination,Percentage,75,1179,,10/01/2024,03/31/2025
39004F,COATESVILLE VA MEDICAL CENTER,1400 BLACK HORSE HILL ROAD,COATESVILLE,PA,19320,CHESTER,(610) 384-7711,Emergency Department,OP-18b,"Average (median) time patients spent in the emergency department before leaving from the visit, excluding patients transferred to another facility or psychiatric care/mental health patients. A lower number of minutes is better",Minutes,Not Available,Not Available,5,10/01/2024,09/30/2025
39004F,COATESVILLE VA MEDICAL CENTER,1400 BLACK HORSE HILL ROAD,COATESVILLE,PA,19320,CHESTER,(610) 384-7711,Emergency Department,OP-18c,Average (median) time psychiatric/mental health patients spent in the emergency department before leaving from the visit. A lower number of minutes is better,Minutes,Not Available,Not Available,5,10/01/2024,09/30/2025
39004F,COATESVILLE VA MEDICAL CENTER,1400 BLACK HORSE HILL ROAD,COATESVILLE,PA,19320,CHESTER,(610) 384-7711,Emergency Department,OP-22,Left before being seen,Percentage,0,4289,,01/01/2024,12/31/2024
39004F,COATESVILLE VA MEDICAL CENTER,1400 BLACK HORSE HILL ROAD,COATESVILLE,PA,19320,CHESTER,(610) 384-7711,Emergency Department,OP-23,Head CT results,Percentage,Not Available,Not Available,5,10/01/2024,09/30/2025
39004F,COATESVILLE VA MEDICAL CENTER,1400 BLACK HORSE HILL ROAD,COATESVILLE,PA,19320,CHESTER,(610) 384-7711,Colonoscopy care,OP-29,Endoscopy/polyp surveillance: appropriate follow-up interval for normal colonoscopy in average risk patients,Percentage,Not Available,Not Available,5,01/01/2024,12/31/2024
39004F,COATESVILLE VA MEDICAL CENTER,1400 BLACK HORSE HILL ROAD,COATESVILLE,PA,19320,CHESTER,(610) 384-7711,Sepsis Care,SEP-1,Appropriate care for severe sepsis and septic shock,Percentage,Not Available,Not Available,5,10/01/2024,09/30/2025
39004F,COATESVILLE VA MEDICAL CENTER,1400 BLACK HORSE HILL ROAD,COATESVILLE,PA,19320,CHESTER,(610) 384-7711,Electronic Clinical Quality Measure,STK-02,Discharged on Antithrombotic Therapy,Percentage,Not Available,Not Available,5,01/01/2024,12/31/2024
39004F,COATESVILLE VA MEDICAL CENTER,1400 BLACK HORSE HILL ROAD,COATESVILLE,PA,19320,CHESTER,(610) 384-7711,Electronic Clinical Quality Measure,VTE-1,Venous Thromboembolism Prophylaxis,Percentage,Not Available,Not Available,5,01/01/2024,12/31/2024
39004F,COATESVILLE VA MEDICAL CENTER,1400 BLACK HORSE HILL ROAD,COATESVILLE,PA,19320,CHESTER,(610) 384-7711,Electronic Clinical Quality Measure,VTE-2,Intensive Care Unit Venous Thromboembolism Prophylaxis,Percentage,Not Available,Not Available,5,01/01/2024,12/31/2024
39005F,ERIE VA MEDICAL CENTER,135 EAST 38TH STREET,ERIE,PA,16504,ERIE,(814) 860-2576,Emergency Department,EDV,Emergency department volume,Text,low,,,01/01/2024,12/31/2024
39005F,ERIE VA MEDICAL CENTER,135 EAST 38TH STREET,ERIE,PA,16504,ERIE,(814) 860-2576,Healthcare Personnel Vaccination,IMM-3,Healthcare workers given influenza vaccination,Percentage,90,915,,10/01/2024,03/31/2025
39005F,ERIE VA MEDICAL CENTER,135 EAST 38TH STREET,ERIE,PA,16504,ERIE,(814) 860-2576,Emergency Department,OP-18b,"Average (median) time patients spent in the emergency department before leaving from the visit, excluding patients transferred to another facility or psychiatric care/mental health patients. A lower number of minutes is better",Minutes,Not Available,Not Available,5,10/01/2024,09/30/2025
39005F,ERIE VA MEDICAL CENTER,135 EAST 38TH STREET,ERIE,PA,16504,ERIE,(814) 860-2576,Emergency Department,OP-18c,Average (median) time psychiatric/mental health patients spent in the emergency department before leaving from the visit. A lower number of minutes is better,Minutes,Not Available,Not Available,5,10/01/2024,09/30/2025
39005F,ERIE VA MEDICAL CENTER,135 EAST 38TH STREET,ERIE,PA,16504,ERIE,(814) 860-2576,Emergency Department,OP-22,Left before being seen,Percentage,1,7331,,01/01/2024,12/31/2024
39005F,ERIE VA MEDICAL CENTER,135 EAST 38TH STREET,ERIE,PA,16504,ERIE,(814) 860-2576,Emergency Department,OP-23,Head CT results,Percentage,Not Available,Not Available,5,10/01/2024,09/30/2025
39005F,ERIE VA MEDICAL CENTER,135 EAST 38TH STREET,ERIE,PA,16504,ERIE,(814) 860-2576,Colonoscopy care,OP-29,Endoscopy/polyp surveillance: appropriate follow-up interval for normal colonoscopy in average risk patients,Percentage,94,50,,01/01/2024,12/31/2024
39005F,ERIE VA MEDICAL CENTER,135 EAST 38TH STREET,ERIE,PA,16504,ERIE,(814) 860-2576,Sepsis Care,SEP-1,Appropriate care for severe sepsis and septic shock,Percentage,Not Available,Not Available,5,10/01/2024,09/30/2025
39005F,ERIE VA MEDICAL CENTER,135 EAST 38TH STREET,ERIE,PA,16504,ERIE,(814) 860-2576,Electronic Clinical Quality Measure,STK-02,Discharged on Antithrombotic Therapy,Percentage,Not Available,Not Available,5,01/01/2024,12/31/2024
39005F,ERIE VA MEDICAL CENTER,135 EAST 38TH STREET,ERIE,PA,16504,ERIE,(814) 860-2576,Electronic Clinical Quality Measure,VTE-1,Venous Thromboembolism Prophylaxis,Percentage,Not Available,Not Available,1,01/01/2024,12/31/2024
39005F,ERIE VA MEDICAL CENTER,135 EAST 38TH STREET,ERIE,PA,16504,ERIE,(814) 860-2576,Electronic Clinical Quality Measure,VTE-2,Intensive Care Unit Venous Thromboembolism Prophylaxis,Percentage,Not Available,Not Available,5,01/01/2024,12/31/2024
39006F,LEBANON VA MEDICAL CENTER,1700 SOUTH LINCOLN AVENUE,LEBANON,PA,17042,LEBANON,(717) 228-5901,Emergency Department,EDV,Emergency department volume,Text,low,,,01/01/2024,12/31/2024
39006F,LEBANON VA MEDICAL CENTER,1700 SOUTH LINCOLN AVENUE,LEBANON,PA,17042,LEBANON,(717) 228-5901,Healthcare Personnel Vaccination,IMM-3,Healthcare workers given influenza vaccination,Percentage,84,2257,,10/01/2024,03/31/2025
39006F,LEBANON VA MEDICAL CENTER,1700 SOUTH LINCOLN AVENUE,LEBANON,PA,17042,LEBANON,(717) 228-5901,Emergency Department,OP-18b,"Average (median) time patients spent in the emergency department before leaving from the visit, excluding patients transferred to another facility or psychiatric care/mental health patients. A lower number of minutes is better",Minutes,Not Available,Not Available,5,10/01/2024,09/30/2025
39006F,LEBANON VA MEDICAL CENTER,1700 SOUTH LINCOLN AVENUE,LEBANON,PA,17042,LEBANON,(717) 228-5901,Emergency Department,OP-18c,Average (median) time psychiatric/mental health patients spent in the emergency department before leaving from the visit. A lower number of minutes is better,Minutes,Not Available,Not Available,5,10/01/2024,09/30/2025
39006F,LEBANON VA MEDICAL CENTER,1700 SOUTH LINCOLN AVENUE,LEBANON,PA,17042,LEBANON,(717) 228-5901,Emergency Department,OP-22,Left before being seen,Percentage,1,11390,,01/01/2024,12/31/2024
39006F,LEBANON VA MEDICAL CENTER,1700 SOUTH LINCOLN AVENUE,LEBANON,PA,17042,LEBANON,(717) 228-5901,Emergency Department,OP-23,Head CT results,Percentage,Not Available,Not Available,5,10/01/2024,09/30/2025
39006F,LEBANON VA MEDICAL CENTER,1700 SOUTH LINCOLN AVENUE,LEBANON,PA,17042,LEBANON,(717) 228-5901,Colonoscopy care,OP-29,Endoscopy/polyp surveillance: appropriate follow-up interval for normal colonoscopy in average risk patients,Percentage,100,37,,01/01/2024,12/31/2024
39006F,LEBANON VA MEDICAL CENTER,1700 SOUTH LINCOLN AVENUE,LEBANON,PA,17042,LEBANON,(717) 228-5901,Sepsis Care,SEP-1,Appropriate care for severe sepsis and septic shock,Percentage,77,69,,10/01/2024,09/30/2025
39006F,LEBANON VA MEDICAL CENTER,1700 SOUTH LINCOLN AVENUE,LEBANON,PA,17042,LEBANON,(717) 228-5901,Electronic Clinical Quality Measure,STK-02,Discharged on Antithrombotic Therapy,Percentage,Not Available,Not Available,1,01/01/2024,12/31/2024
39006F,LEBANON VA MEDICAL CENTER,1700 SOUTH LINCOLN AVENUE,LEBANON,PA,17042,LEBANON,(717) 228-5901,Electronic Clinical Quality Measure,VTE-1,Venous Thromboembolism Prophylaxis,Percentage,81,875,,01/01/2024,12/31/2024
39006F,LEBANON VA MEDICAL CENTER,1700 SOUTH LINCOLN AVENUE,LEBANON,PA,17042,LEBANON,(717) 228-5901,Electronic Clinical Quality Measure,VTE-2,Intensive Care Unit Venous Thromboembolism Prophylaxis,Percentage,76,25,,01/01/2024,12/31/2024
39009F,PHILADELPHIA VA MEDICAL CENTER,3900 WOODLAND AVENUE,PHILADELPHIA,PA,19104,PHILADELPHIA,(215) 823-5857,Emergency Department,EDV,Emergency department volume,Text,medium,,,01/01/2024,12/31/2024
39009F,PHILADELPHIA VA MEDICAL CENTER,3900 WOODLAND AVENUE,PHILADELPHIA,PA,19104,PHILADELPHIA,(215) 823-5857,Healthcare Personnel Vaccination,IMM-3,Healthcare workers given influenza vaccination,Percentage,90,3134,,10/01/2024,03/31/2025
39009F,PHILADELPHIA VA MEDICAL CENTER,3900 WOODLAND AVENUE,PHILADELPHIA,PA,19104,PHILADELPHIA,(215) 823-5857,Emergency Department,OP-18b,"Average (median) time patients spent in the emergency department before leaving from the visit, excluding patients transferred to another facility or psychiatric care/mental health patients. A lower number of minutes is better",Minutes,Not Available,Not Available,5,10/01/2024,09/30/2025
39009F,PHILADELPHIA VA MEDICAL CENTER,3900 WOODLAND AVENUE,PHILADELPHIA,PA,19104,PHILADELPHIA,(215) 823-5857,Emergency Department,OP-18c,Average (median) time psychiatric/mental health patients spent in the emergency department before leaving from the visit. A lower number of minutes is better,Minutes,Not Available,Not Available,5,10/01/2024,09/30/2025
39009F,PHILADELPHIA VA MEDICAL CENTER,3900 WOODLAND AVENUE,PHILADELPHIA,PA,19104,PHILADELPHIA,(215) 823-5857,Emergency Department,OP-22,Left before being seen,Percentage,1,21268,,01/01/2024,12/31/2024
39009F,PHILADELPHIA VA MEDICAL CENTER,3900 WOODLAND AVENUE,PHILADELPHIA,PA,19104,PHILADELPHIA,(215) 823-5857,Emergency Department,OP-23,Head CT results,Percentage,Not Available,Not Available,5,10/01/2024,09/30/2025
39009F,PHILADELPHIA VA MEDICAL CENTER,3900 WOODLAND AVENUE,PHILADELPHIA,PA,19104,PHILADELPHIA,(215) 823-5857,Colonoscopy care,OP-29,Endoscopy/polyp surveillance: appropriate follow-up interval for normal colonoscopy in average risk patients,Percentage,83,12,,01/01/2024,12/31/2024
39009F,PHILADELPHIA VA MEDICAL CENTER,3900 WOODLAND AVENUE,PHILADELPHIA,PA,19104,PHILADELPHIA,(215) 823-5857,Sepsis Care,SEP-1,Appropriate care for severe sepsis and septic shock,Percentage,85,117,,10/01/2024,09/30/2025
39009F,PHILADELPHIA VA MEDICAL CENTER,3900 WOODLAND AVENUE,PHILADELPHIA,PA,19104,PHILADELPHIA,(215) 823-5857,Electronic Clinical Quality Measure,STK-02,Discharged on Antithrombotic Therapy,Percentage,97,37,,01/01/2024,12/31/2024
39009F,PHILADELPHIA VA MEDICAL CENTER,3900 WOODLAND AVENUE,PHILADELPHIA,PA,19104,PHILADELPHIA,(215) 823-5857,Electronic Clinical Quality Measure,VTE-1,Venous Thromboembolism Prophylaxis,Percentage,83,2029,,01/01/2024,12/31/2024
39009F,PHILADELPHIA VA MEDICAL CENTER,3900 WOODLAND AVENUE,PHILADELPHIA,PA,19104,PHILADELPHIA,(215) 823-5857,Electronic Clinical Quality Measure,VTE-2,Intensive Care Unit Venous Thromboembolism Prophylaxis,Percentage,82,469,,01/01/2024,12/31/2024
39012F,VA PITTSBURGH HEALTHCARE SYSTEM - UNIV DR,UNIVERSITY DRIVE,PITTSBURGH,PA,15240,ALLEGHENY,(412) 688-6100,Emergency Department,EDV,Emergency department volume,Text,low,,,01/01/2024,12/31/2024
39012F,VA PITTSBURGH HEALTHCARE SYSTEM - UNIV DR,UNIVERSITY DRIVE,PITTSBURGH,PA,15240,ALLEGHENY,(412) 688-6100,Healthcare Personnel Vaccination,IMM-3,Healthcare workers given influenza vaccination,Percentage,84,4703,,10/01/2024,03/31/2025
39012F,VA PITTSBURGH HEALTHCARE SYSTEM - UNIV DR,UNIVERSITY DRIVE,PITTSBURGH,PA,15240,ALLEGHENY,(412) 688-6100,Emergency Department,OP-18b,"Average (median) time patients spent in the emergency department before leaving from the visit, excluding patients transferred to another facility or psychiatric care/mental health patients. A lower number of minutes is better",Minutes,137,266,,10/01/2024,09/30/2025
39012F,VA PITTSBURGH HEALTHCARE SYSTEM - UNIV DR,UNIVERSITY DRIVE,PITTSBURGH,PA,15240,ALLEGHENY,(412) 688-6100,Emergency Department,OP-18c,Average (median) time psychiatric/mental health patients spent in the emergency department before leaving from the visit. A lower number of minutes is better,Minutes,215,37,,10/01/2024,09/30/2025
39012F,VA PITTSBURGH HEALTHCARE SYSTEM - UNIV DR,UNIVERSITY DRIVE,PITTSBURGH,PA,15240,ALLEGHENY,(412) 688-6100,Emergency Department,OP-22,Left before being seen,Percentage,0,17928,,01/01/2024,12/31/2024
39012F,VA PITTSBURGH HEALTHCARE SYSTEM - UNIV DR,UNIVERSITY DRIVE,PITTSBURGH,PA,15240,ALLEGHENY,(412) 688-6100,Emergency Department,OP-23,Head CT results,Percentage,Not Available,Not Available,1,10/01/2024,09/30/2025
39012F,VA PITTSBURGH HEALTHCARE SYSTEM - UNIV DR,UNIVERSITY DRIVE,PITTSBURGH,PA,15240,ALLEGHENY,(412) 688-6100,Colonoscopy care,OP-29,Endoscopy/polyp surveillance: appropriate follow-up interval for normal colonoscopy in average risk patients,Percentage,90,42,,01/01/2024,12/31/2024
39012F,VA PITTSBURGH HEALTHCARE SYSTEM - UNIV DR,UNIVERSITY DRIVE,PITTSBURGH,PA,15240,ALLEGHENY,(412) 688-6100,Sepsis Care,SEP-1,Appropriate care for severe sepsis and septic shock,Percentage,82,140,,10/01/2024,09/30/2025
39012F,VA PITTSBURGH HEALTHCARE SYSTEM - UNIV DR,UNIVERSITY DRIVE,PITTSBURGH,PA,15240,ALLEGHENY,(412) 688-6100,Electronic Clinical Quality Measure,STK-02,Discharged on Antithrombotic Therapy,Percentage,100,39,,01/01/2024,12/31/2024
39012F,VA PITTSBURGH HEALTHCARE SYSTEM - UNIV DR,UNIVERSITY DRIVE,PITTSBURGH,PA,15240,ALLEGHENY,(412) 688-6100,Electronic Clinical Quality Measure,VTE-1,Venous Thromboembolism Prophylaxis,Percentage,80,3747,,01/01/2024,12/31/2024
39012F,VA PITTSBURGH HEALTHCARE SYSTEM - UNIV DR,UNIVERSITY DRIVE,PITTSBURGH,PA,15240,ALLEGHENY,(412) 688-6100,Electronic Clinical Quality Measure,VTE-2,Intensive Care Unit Venous Thromboembolism Prophylaxis,Percentage,75,1050,,01/01/2024,12/31/2024
39013F,WILKES BARRE VA MEDICAL CENTER,1111 EAST END BOULEVARD,WILKES-BARRE,PA,18711,LUZERNE,(570) 824-3521,Emergency Department,EDV,Emergency department volume,Text,low,,,01/01/2024,12/31/2024
39013F,WILKES BARRE VA MEDICAL CENTER,1111 EAST END BOULEVARD,WILKES-BARRE,PA,18711,LUZERNE,(570) 824-3521,Healthcare Personnel Vaccination,IMM-3,Healthcare workers given influenza vaccination,Percentage,80,1633,,10/01/2024,03/31/2025
39013F,WILKES BARRE VA MEDICAL CENTER,1111 EAST END BOULEVARD,WILKES-BARRE,PA,18711,LUZERNE,(570) 824-3521,Emergency Department,OP-18b,"Average (median) time patients spent in the emergency department before leaving from the visit, excluding patients transferred to another facility or psychiatric care/mental health patients. A lower number of minutes is better",Minutes,Not Available,Not Available,5,10/01/2024,09/30/2025
39013F,WILKES BARRE VA MEDICAL CENTER,1111 EAST END BOULEVARD,WILKES-BARRE,PA,18711,LUZERNE,(570) 824-3521,Emergency Department,OP-18c,Average (median) time psychiatric/mental health patients spent in the emergency department before leaving from the visit. A lower number of minutes is better,Minutes,Not Available,Not Available,5,10/01/2024,09/30/2025
39013F,WILKES BARRE VA MEDICAL CENTER,1111 EAST END BOULEVARD,WILKES-BARRE,PA,18711,LUZERNE,(570) 824-3521,Emergency Department,OP-22,Left before being seen,Percentage,0,10383,,01/01/2024,12/31/2024
39013F,WILKES BARRE VA MEDICAL CENTER,1111 EAST END BOULEVARD,WILKES-BARRE,PA,18711,LUZERNE,(570) 824-3521,Emergency Department,OP-23,Head CT results,Percentage,Not Available,Not Available,5,10/01/2024,09/30/2025
39013F,WILKES BARRE VA MEDICAL CENTER,1111 EAST END BOULEVARD,WILKES-BARRE,PA,18711,LUZERNE,(570) 824-3521,Colonoscopy care,OP-29,Endoscopy/polyp surveillance: appropriate follow-up interval for normal colonoscopy in average risk patients,Percentage,83,36,,01/01/2024,12/31/2024
39013F,WILKES BARRE VA MEDICAL CENTER,1111 EAST END BOULEVARD,WILKES-BARRE,PA,18711,LUZERNE,(570) 824-3521,Sepsis Care,SEP-1,Appropriate care for severe sepsis and septic shock,Percentage,61,36,,10/01/2024,09/30/2025
39013F,WILKES BARRE VA MEDICAL CENTER,1111 EAST END BOULEVARD,WILKES-BARRE,PA,18711,LUZERNE,(570) 824-3521,Electronic Clinical Quality Measure,STK-02,Discharged on Antithrombotic Therapy,Percentage,Not Available,Not Available,1,01/01/2024,12/31/2024
39013F,WILKES BARRE VA MEDICAL CENTER,1111 EAST END BOULEVARD,WILKES-BARRE,PA,18711,LUZERNE,(570) 824-3521,Electronic Clinical Quality Measure,VTE-1,Venous Thromboembolism Prophylaxis,Percentage,90,958,,01/01/2024,12/31/2024
39013F,WILKES BARRE VA MEDICAL CENTER,1111 EAST END BOULEVARD,WILKES-BARRE,PA,18711,LUZERNE,(570) 824-3521,Electronic Clinical Quality Measure,VTE-2,Intensive Care Unit Venous Thromboembolism Prophylaxis,Percentage,86,195,,01/01/2024,12/31/2024
40003F,SAN JUAN VA MEDICAL CENTER,10 CALLE CASIA,SAN JUAN,PR,00921,SAN JUAN,(800) 449-8729,Emergency Department,EDV,Emergency department volume,Text,high,,,01/01/2024,12/31/2024
40003F,SAN JUAN VA MEDICAL CENTER,10 CALLE CASIA,SAN JUAN,PR,00921,SAN JUAN,(800) 449-8729,Healthcare Personnel Vaccination,IMM-3,Healthcare workers given influenza vaccination,Percentage,77,4182,,10/01/2024,03/31/2025
40003F,SAN JUAN VA MEDICAL CENTER,10 CALLE CASIA,SAN JUAN,PR,00921,SAN JUAN,(800) 449-8729,Emergency Department,OP-18b,"Average (median) time patients spent in the emergency department before leaving from the visit, excluding patients transferred to another facility or psychiatric care/mental health patients. A lower number of minutes is better",Minutes,Not Available,Not Available,1,10/01/2024,09/30/2025
40003F,SAN JUAN VA MEDICAL CENTER,10 CALLE CASIA,SAN JUAN,PR,00921,SAN JUAN,(800) 449-8729,Emergency Department,OP-18c,Average (median) time psychiatric/mental health patients spent in the emergency department before leaving from the visit. A lower number of minutes is better,Minutes,Not Available,Not Available,1,10/01/2024,09/30/2025
40003F,SAN JUAN VA MEDICAL CENTER,10 CALLE CASIA,SAN JUAN,PR,00921,SAN JUAN,(800) 449-8729,Emergency Department,OP-22,Left before being seen,Percentage,2,40533,,01/01/2024,12/31/2024
40003F,SAN JUAN VA MEDICAL CENTER,10 CALLE CASIA,SAN JUAN,PR,00921,SAN JUAN,(800) 449-8729,Emergency Department,OP-23,Head CT results,Percentage,Not Available,Not Available,1,10/01/2024,09/30/2025
40003F,SAN JUAN VA MEDICAL CENTER,10 CALLE CASIA,SAN JUAN,PR,00921,SAN JUAN,(800) 449-8729,Colonoscopy care,OP-29,Endoscopy/polyp surveillance: appropriate follow-up interval for normal colonoscopy in average risk patients,Percentage,97,34,,01/01/2024,12/31/2024
40003F,SAN JUAN VA MEDICAL CENTER,10 CALLE CASIA,SAN JUAN,PR,00921,SAN JUAN,(800) 449-8729,Sepsis Care,SEP-1,Appropriate care for severe sepsis and septic shock,Percentage,69,112,,10/01/2024,09/30/2025
40003F,SAN JUAN VA MEDICAL CENTER,10 CALLE CASIA,SAN JUAN,PR,00921,SAN JUAN,(800) 449-8729,Electronic Clinical Quality Measure,STK-02,Discharged on Antithrombotic Therapy,Percentage,96,98,,01/01/2024,12/31/2024
40003F,SAN JUAN VA MEDICAL CENTER,10 CALLE CASIA,SAN JUAN,PR,00921,SAN JUAN,(800) 449-8729,Electronic Clinical Quality Measure,VTE-1,Venous Thromboembolism Prophylaxis,Percentage,83,5059,,01/01/2024,12/31/2024
40003F,SAN JUAN VA MEDICAL CENTER,10 CALLE CASIA,SAN JUAN,PR,00921,SAN JUAN,(800) 449-8729,Electronic Clinical Quality Measure,VTE-2,Intensive Care Unit Venous Thromboembolism Prophylaxis,Percentage,78,1450,,01/01/2024,12/31/2024
41005F,PROVIDENCE VA MEDICAL CENTER,830 CHALKSTONE AVENUE,PROVIDENCE,RI,02908,PROVIDENCE,(401) 457-3042,Emergency Department,EDV,Emergency department volume,Text,low,,,01/01/2024,12/31/2024
41005F,PROVIDENCE VA MEDICAL CENTER,830 CHALKSTONE AVENUE,PROVIDENCE,RI,02908,PROVIDENCE,(401) 457-3042,Healthcare Personnel Vaccination,IMM-3,Healthcare workers given influenza vaccination,Percentage,90,1768,,10/01/2024,03/31/2025
41005F,PROVIDENCE VA MEDICAL CENTER,830 CHALKSTONE AVENUE,PROVIDENCE,RI,02908,PROVIDENCE,(401) 457-3042,Emergency Department,OP-18b,"Average (median) time patients spent in the emergency department before leaving from the visit, excluding patients transferred to another facility or psychiatric care/mental health patients. A lower number of minutes is better",Minutes,Not Available,Not Available,5,10/01/2024,09/30/2025
41005F,PROVIDENCE VA MEDICAL CENTER,830 CHALKSTONE AVENUE,PROVIDENCE,RI,02908,PROVIDENCE,(401) 457-3042,Emergency Department,OP-18c,Average (median) time psychiatric/mental health patients spent in the emergency department before leaving from the visit. A lower number of minutes is better,Minutes,Not Available,Not Available,5,10/01/2024,09/30/2025
41005F,PROVIDENCE VA MEDICAL CENTER,830 CHALKSTONE AVENUE,PROVIDENCE,RI,02908,PROVIDENCE,(401) 457-3042,Emergency Department,OP-22,Left before being seen,Percentage,2,18592,,01/01/2024,12/31/2024
41005F,PROVIDENCE VA MEDICAL CENTER,830 CHALKSTONE AVENUE,PROVIDENCE,RI,02908,PROVIDENCE,(401) 457-3042,Emergency Department,OP-23,Head CT results,Percentage,Not Available,Not Available,5,10/01/2024,09/30/2025
41005F,PROVIDENCE VA MEDICAL CENTER,830 CHALKSTONE AVENUE,PROVIDENCE,RI,02908,PROVIDENCE,(401) 457-3042,Colonoscopy care,OP-29,Endoscopy/polyp surveillance: appropriate follow-up interval for normal colonoscopy in average risk patients,Percentage,Not Available,Not Available,1,01/01/2024,12/31/2024
41005F,PROVIDENCE VA MEDICAL CENTER,830 CHALKSTONE AVENUE,PROVIDENCE,RI,02908,PROVIDENCE,(401) 457-3042,Sepsis Care,SEP-1,Appropriate care for severe sepsis and septic shock,Percentage,80,50,,10/01/2024,09/30/2025
41005F,PROVIDENCE VA MEDICAL CENTER,830 CHALKSTONE AVENUE,PROVIDENCE,RI,02908,PROVIDENCE,(401) 457-3042,Electronic Clinical Quality Measure,STK-02,Discharged on Antithrombotic Therapy,Percentage,Not Available,Not Available,1,01/01/2024,12/31/2024
41005F,PROVIDENCE VA MEDICAL CENTER,830 CHALKSTONE AVENUE,PROVIDENCE,RI,02908,PROVIDENCE,(401) 457-3042,Electronic Clinical Quality Measure,VTE-1,Venous Thromboembolism Prophylaxis,Percentage,83,1659,,01/01/2024,12/31/2024
41005F,PROVIDENCE VA MEDICAL CENTER,830 CHALKSTONE AVENUE,PROVIDENCE,RI,02908,PROVIDENCE,(401) 457-3042,Electronic Clinical Quality Measure,VTE-2,Intensive Care Unit Venous Thromboembolism Prophylaxis,Percentage,89,87,,01/01/2024,12/31/2024
42011F,COLUMBIA SC VA MEDICAL CENTER,6439 GARNERS FERRY ROAD,COLUMBIA,SC,29209,RICHLAND,(803) 695-7980,Emergency Department,EDV,Emergency department volume,Text,medium,,,01/01/2024,12/31/2024
42011F,COLUMBIA SC VA MEDICAL CENTER,6439 GARNERS FERRY ROAD,COLUMBIA,SC,29209,RICHLAND,(803) 695-7980,Healthcare Personnel Vaccination,IMM-3,Healthcare workers given influenza vaccination,Percentage,86,3078,,10/01/2024,03/31/2025
42011F,COLUMBIA SC VA MEDICAL CENTER,6439 GARNERS FERRY ROAD,COLUMBIA,SC,29209,RICHLAND,(803) 695-7980,Emergency Department,OP-18b,"Average (median) time patients spent in the emergency department before leaving from the visit, excluding patients transferred to another facility or psychiatric care/mental health patients. A lower number of minutes is better",Minutes,Not Available,Not Available,5,10/01/2024,09/30/2025
42011F,COLUMBIA SC VA MEDICAL CENTER,6439 GARNERS FERRY ROAD,COLUMBIA,SC,29209,RICHLAND,(803) 695-7980,Emergency Department,OP-18c,Average (median) time psychiatric/mental health patients spent in the emergency department before leaving from the visit. A lower number of minutes is better,Minutes,Not Available,Not Available,5,10/01/2024,09/30/2025
42011F,COLUMBIA SC VA MEDICAL CENTER,6439 GARNERS FERRY ROAD,COLUMBIA,SC,29209,RICHLAND,(803) 695-7980,Emergency Department,OP-22,Left before being seen,Percentage,2,32413,,01/01/2024,12/31/2024
42011F,COLUMBIA SC VA MEDICAL CENTER,6439 GARNERS FERRY ROAD,COLUMBIA,SC,29209,RICHLAND,(803) 695-7980,Emergency Department,OP-23,Head CT results,Percentage,Not Available,Not Available,5,10/01/2024,09/30/2025
42011F,COLUMBIA SC VA MEDICAL CENTER,6439 GARNERS FERRY ROAD,COLUMBIA,SC,29209,RICHLAND,(803) 695-7980,Colonoscopy care,OP-29,Endoscopy/polyp surveillance: appropriate follow-up interval for normal colonoscopy in average risk patients,Percentage,95,44,,01/01/2024,12/31/2024
42011F,COLUMBIA SC VA MEDICAL CENTER,6439 GARNERS FERRY ROAD,COLUMBIA,SC,29209,RICHLAND,(803) 695-7980,Sepsis Care,SEP-1,Appropriate care for severe sepsis and septic shock,Percentage,49,89,,10/01/2024,09/30/2025
42011F,COLUMBIA SC VA MEDICAL CENTER,6439 GARNERS FERRY ROAD,COLUMBIA,SC,29209,RICHLAND,(803) 695-7980,Electronic Clinical Quality Measure,STK-02,Discharged on Antithrombotic Therapy,Percentage,100,28,,01/01/2024,12/31/2024
42011F,COLUMBIA SC VA MEDICAL CENTER,6439 GARNERS FERRY ROAD,COLUMBIA,SC,29209,RICHLAND,(803) 695-7980,Electronic Clinical Quality Measure,VTE-1,Venous Thromboembolism Prophylaxis,Percentage,85,1195,,01/01/2024,12/31/2024
42011F,COLUMBIA SC VA MEDICAL CENTER,6439 GARNERS FERRY ROAD,COLUMBIA,SC,29209,RICHLAND,(803) 695-7980,Electronic Clinical Quality Measure,VTE-2,Intensive Care Unit Venous Thromboembolism Prophylaxis,Percentage,80,314,,01/01/2024,12/31/2024
42029F,CHARLESTON VA MEDICAL CENTER,109 BEE STREET,CHARLESTON,SC,29401,CHARLESTON,(843) 577-5011,Emergency Department,EDV,Emergency department volume,Text,medium,,,01/01/2024,12/31/2024
42029F,CHARLESTON VA MEDICAL CENTER,109 BEE STREET,CHARLESTON,SC,29401,CHARLESTON,(843) 577-5011,Healthcare Personnel Vaccination,IMM-3,Healthcare workers given influenza vaccination,Percentage,88,3669,,10/01/2024,03/31/2025
42029F,CHARLESTON VA MEDICAL CENTER,109 BEE STREET,CHARLESTON,SC,29401,CHARLESTON,(843) 577-5011,Emergency Department,OP-18b,"Average (median) time patients spent in the emergency department before leaving from the visit, excluding patients transferred to another facility or psychiatric care/mental health patients. A lower number of minutes is better",Minutes,110,279,,10/01/2024,09/30/2025
42029F,CHARLESTON VA MEDICAL CENTER,109 BEE STREET,CHARLESTON,SC,29401,CHARLESTON,(843) 577-5011,Emergency Department,OP-18c,Average (median) time psychiatric/mental health patients spent in the emergency department before leaving from the visit. A lower number of minutes is better,Minutes,224,27,,10/01/2024,09/30/2025
42029F,CHARLESTON VA MEDICAL CENTER,109 BEE STREET,CHARLESTON,SC,29401,CHARLESTON,(843) 577-5011,Emergency Department,OP-22,Left before being seen,Percentage,1,23907,,01/01/2024,12/31/2024
42029F,CHARLESTON VA MEDICAL CENTER,109 BEE STREET,CHARLESTON,SC,29401,CHARLESTON,(843) 577-5011,Emergency Department,OP-23,Head CT results,Percentage,Not Available,Not Available,1,10/01/2024,09/30/2025
42029F,CHARLESTON VA MEDICAL CENTER,109 BEE STREET,CHARLESTON,SC,29401,CHARLESTON,(843) 577-5011,Colonoscopy care,OP-29,Endoscopy/polyp surveillance: appropriate follow-up interval for normal colonoscopy in average risk patients,Percentage,97,37,,01/01/2024,12/31/2024
42029F,CHARLESTON VA MEDICAL CENTER,109 BEE STREET,CHARLESTON,SC,29401,CHARLESTON,(843) 577-5011,Sepsis Care,SEP-1,Appropriate care for severe sepsis and septic shock,Percentage,41,127,,10/01/2024,09/30/2025
42029F,CHARLESTON VA MEDICAL CENTER,109 BEE STREET,CHARLESTON,SC,29401,CHARLESTON,(843) 577-5011,Electronic Clinical Quality Measure,STK-02,Discharged on Antithrombotic Therapy,Percentage,99,69,,01/01/2024,12/31/2024
42029F,CHARLESTON VA MEDICAL CENTER,109 BEE STREET,CHARLESTON,SC,29401,CHARLESTON,(843) 577-5011,Electronic Clinical Quality Measure,VTE-1,Venous Thromboembolism Prophylaxis,Percentage,78,2071,,01/01/2024,12/31/2024
42029F,CHARLESTON VA MEDICAL CENTER,109 BEE STREET,CHARLESTON,SC,29401,CHARLESTON,(843) 577-5011,Electronic Clinical Quality Measure,VTE-2,Intensive Care Unit Venous Thromboembolism Prophylaxis,Percentage,76,752,,01/01/2024,12/31/2024
43002F,VA BLACK HILLS HEALTHCARE SYSTEM,113 COMANCHE ROAD,FORT MEADE,SD,57741,MEADE,(605) 347-2511,Emergency Department,EDV,Emergency department volume,Text,low,,,01/01/2024,12/31/2024
43002F,VA BLACK HILLS HEALTHCARE SYSTEM,113 COMANCHE ROAD,FORT MEADE,SD,57741,MEADE,(605) 347-2511,Healthcare Personnel Vaccination,IMM-3,Healthcare workers given influenza vaccination,Percentage,80,1323,,10/01/2024,03/31/2025
43002F,VA BLACK HILLS HEALTHCARE SYSTEM,113 COMANCHE ROAD,FORT MEADE,SD,57741,MEADE,(605) 347-2511,Emergency Department,OP-18b,"Average (median) time patients spent in the emergency department before leaving from the visit, excluding patients transferred to another facility or psychiatric care/mental health patients. A lower number of minutes is better",Minutes,Not Available,Not Available,5,10/01/2024,09/30/2025
43002F,VA BLACK HILLS HEALTHCARE SYSTEM,113 COMANCHE ROAD,FORT MEADE,SD,57741,MEADE,(605) 347-2511,Emergency Department,OP-18c,Average (median) time psychiatric/mental health patients spent in the emergency department before leaving from the visit. A lower number of minutes is better,Minutes,Not Available,Not Available,5,10/01/2024,09/30/2025
43002F,VA BLACK HILLS HEALTHCARE SYSTEM,113 COMANCHE ROAD,FORT MEADE,SD,57741,MEADE,(605) 347-2511,Emergency Department,OP-22,Left before being seen,Percentage,1,5864,,01/01/2024,12/31/2024
43002F,VA BLACK HILLS HEALTHCARE SYSTEM,113 COMANCHE ROAD,FORT MEADE,SD,57741,MEADE,(605) 347-2511,Emergency Department,OP-23,Head CT results,Percentage,Not Available,Not Available,5,10/01/2024,09/30/2025
43002F,VA BLACK HILLS HEALTHCARE SYSTEM,113 COMANCHE ROAD,FORT MEADE,SD,57741,MEADE,(605) 347-2511,Colonoscopy care,OP-29,Endoscopy/polyp surveillance: appropriate follow-up interval for normal colonoscopy in average risk patients,Percentage,94,17,,01/01/2024,12/31/2024
43002F,VA BLACK HILLS HEALTHCARE SYSTEM,113 COMANCHE ROAD,FORT MEADE,SD,57741,MEADE,(605) 347-2511,Sepsis Care,SEP-1,Appropriate care for severe sepsis and septic shock,Percentage,Not Available,Not Available,1,10/01/2024,09/30/2025
43002F,VA BLACK HILLS HEALTHCARE SYSTEM,113 COMANCHE ROAD,FORT MEADE,SD,57741,MEADE,(605) 347-2511,Electronic Clinical Quality Measure,STK-02,Discharged on Antithrombotic Therapy,Percentage,Not Available,Not Available,1,01/01/2024,12/31/2024
43002F,VA BLACK HILLS HEALTHCARE SYSTEM,113 COMANCHE ROAD,FORT MEADE,SD,57741,MEADE,(605) 347-2511,Electronic Clinical Quality Measure,VTE-1,Venous Thromboembolism Prophylaxis,Percentage,75,332,,01/01/2024,12/31/2024
43002F,VA BLACK HILLS HEALTHCARE SYSTEM,113 COMANCHE ROAD,FORT MEADE,SD,57741,MEADE,(605) 347-2511,Electronic Clinical Quality Measure,VTE-2,Intensive Care Unit Venous Thromboembolism Prophylaxis,Percentage,85,48,,01/01/2024,12/31/2024
43005F,SIOUX FALLS VA MEDICAL CENTER,2501 WEST 22ND STREET,SIOUX FALLS,SD,57117,MINNEHAHA,(605) 336-3230,Emergency Department,EDV,Emergency department volume,Text,low,,,01/01/2024,12/31/2024
43005F,SIOUX FALLS VA MEDICAL CENTER,2501 WEST 22ND STREET,SIOUX FALLS,SD,57117,MINNEHAHA,(605) 336-3230,Healthcare Personnel Vaccination,IMM-3,Healthcare workers given influenza vaccination,Percentage,60,1397,,10/01/2024,03/31/2025
43005F,SIOUX FALLS VA MEDICAL CENTER,2501 WEST 22ND STREET,SIOUX FALLS,SD,57117,MINNEHAHA,(605) 336-3230,Emergency Department,OP-18b,"Average (median) time patients spent in the emergency department before leaving from the visit, excluding patients transferred to another facility or psychiatric care/mental health patients. A lower number of minutes is better",Minutes,Not Available,Not Available,5,10/01/2024,09/30/2025
43005F,SIOUX FALLS VA MEDICAL CENTER,2501 WEST 22ND STREET,SIOUX FALLS,SD,57117,MINNEHAHA,(605) 336-3230,Emergency Department,OP-18c,Average (median) time psychiatric/mental health patients spent in the emergency department before leaving from the visit. A lower number of minutes is better,Minutes,Not Available,Not Available,5,10/01/2024,09/30/2025
43005F,SIOUX FALLS VA MEDICAL CENTER,2501 WEST 22ND STREET,SIOUX FALLS,SD,57117,MINNEHAHA,(605) 336-3230,Emergency Department,OP-22,Left before being seen,Percentage,0,7750,,01/01/2024,12/31/2024
43005F,SIOUX FALLS VA MEDICAL CENTER,2501 WEST 22ND STREET,SIOUX FALLS,SD,57117,MINNEHAHA,(605) 336-3230,Emergency Department,OP-23,Head CT results,Percentage,Not Available,Not Available,5,10/01/2024,09/30/2025
43005F,SIOUX FALLS VA MEDICAL CENTER,2501 WEST 22ND STREET,SIOUX FALLS,SD,57117,MINNEHAHA,(605) 336-3230,Colonoscopy care,OP-29,Endoscopy/polyp surveillance: appropriate follow-up interval for normal colonoscopy in average risk patients,Percentage,100,46,,01/01/2024,12/31/2024
43005F,SIOUX FALLS VA MEDICAL CENTER,2501 WEST 22ND STREET,SIOUX FALLS,SD,57117,MINNEHAHA,(605) 336-3230,Sepsis Care,SEP-1,Appropriate care for severe sepsis and septic shock,Percentage,62,48,,10/01/2024,09/30/2025
43005F,SIOUX FALLS VA MEDICAL CENTER,2501 WEST 22ND STREET,SIOUX FALLS,SD,57117,MINNEHAHA,(605) 336-3230,Electronic Clinical Quality Measure,STK-02,Discharged on Antithrombotic Therapy,Percentage,Not Available,Not Available,1,01/01/2024,12/31/2024
43005F,SIOUX FALLS VA MEDICAL CENTER,2501 WEST 22ND STREET,SIOUX FALLS,SD,57117,MINNEHAHA,(605) 336-3230,Electronic Clinical Quality Measure,VTE-1,Venous Thromboembolism Prophylaxis,Percentage,77,443,,01/01/2024,12/31/2024
43005F,SIOUX FALLS VA MEDICAL CENTER,2501 WEST 22ND STREET,SIOUX FALLS,SD,57117,MINNEHAHA,(605) 336-3230,Electronic Clinical Quality Measure,VTE-2,Intensive Care Unit Venous Thromboembolism Prophylaxis,Percentage,83,112,,01/01/2024,12/31/2024
44013F,MEMPHIS VA MEDICAL CENTER,116 N PAULINE ST,MEMPHIS,TN,38105,SHELBY,(901) 523-8990,Emergency Department,EDV,Emergency department volume,Text,medium,,,01/01/2024,12/31/2024
44013F,MEMPHIS VA MEDICAL CENTER,116 N PAULINE ST,MEMPHIS,TN,38105,SHELBY,(901) 523-8990,Healthcare Personnel Vaccination,IMM-3,Healthcare workers given influenza vaccination,Percentage,86,2633,,10/01/2024,03/31/2025
44013F,MEMPHIS VA MEDICAL CENTER,116 N PAULINE ST,MEMPHIS,TN,38105,SHELBY,(901) 523-8990,Emergency Department,OP-18b,"Average (median) time patients spent in the emergency department before leaving from the visit, excluding patients transferred to another facility or psychiatric care/mental health patients. A lower number of minutes is better",Minutes,248,100,,10/01/2024,09/30/2025
44013F,MEMPHIS VA MEDICAL CENTER,116 N PAULINE ST,MEMPHIS,TN,38105,SHELBY,(901) 523-8990,Emergency Department,OP-18c,Average (median) time psychiatric/mental health patients spent in the emergency department before leaving from the visit. A lower number of minutes is better,Minutes,357,27,,10/01/2024,09/30/2025
44013F,MEMPHIS VA MEDICAL CENTER,116 N PAULINE ST,MEMPHIS,TN,38105,SHELBY,(901) 523-8990,Emergency Department,OP-22,Left before being seen,Percentage,1,24215,,01/01/2024,12/31/2024
44013F,MEMPHIS VA MEDICAL CENTER,116 N PAULINE ST,MEMPHIS,TN,38105,SHELBY,(901) 523-8990,Emergency Department,OP-23,Head CT results,Percentage,Not Available,Not Available,1,10/01/2024,09/30/2025
44013F,MEMPHIS VA MEDICAL CENTER,116 N PAULINE ST,MEMPHIS,TN,38105,SHELBY,(901) 523-8990,Colonoscopy care,OP-29,Endoscopy/polyp surveillance: appropriate follow-up interval for normal colonoscopy in average risk patients,Percentage,96,45,,01/01/2024,12/31/2024
44013F,MEMPHIS VA MEDICAL CENTER,116 N PAULINE ST,MEMPHIS,TN,38105,SHELBY,(901) 523-8990,Sepsis Care,SEP-1,Appropriate care for severe sepsis and septic shock,Percentage,80,140,,10/01/2024,09/30/2025
44013F,MEMPHIS VA MEDICAL CENTER,116 N PAULINE ST,MEMPHIS,TN,38105,SHELBY,(901) 523-8990,Electronic Clinical Quality Measure,STK-02,Discharged on Antithrombotic Therapy,Percentage,100,50,,01/01/2024,12/31/2024
44013F,MEMPHIS VA MEDICAL CENTER,116 N PAULINE ST,MEMPHIS,TN,38105,SHELBY,(901) 523-8990,Electronic Clinical Quality Measure,VTE-1,Venous Thromboembolism Prophylaxis,Percentage,88,2043,,01/01/2024,12/31/2024
44013F,MEMPHIS VA MEDICAL CENTER,116 N PAULINE ST,MEMPHIS,TN,38105,SHELBY,(901) 523-8990,Electronic Clinical Quality Measure,VTE-2,Intensive Care Unit Venous Thromboembolism Prophylaxis,Percentage,84,732,,01/01/2024,12/31/2024
44016F,MOUNTAIN HOME VA MEDICAL CENTER,CORNER OF LAMONT STREET AND VETERANS WAY,MOUNTAIN HOME,TN,37684,WASHINGTON,(423) 926-1171,Emergency Department,EDV,Emergency department volume,Text,medium,,,01/01/2024,12/31/2024
44016F,MOUNTAIN HOME VA MEDICAL CENTER,CORNER OF LAMONT STREET AND VETERANS WAY,MOUNTAIN HOME,TN,37684,WASHINGTON,(423) 926-1171,Healthcare Personnel Vaccination,IMM-3,Healthcare workers given influenza vaccination,Percentage,78,2988,,10/01/2024,03/31/2025
44016F,MOUNTAIN HOME VA MEDICAL CENTER,CORNER OF LAMONT STREET AND VETERANS WAY,MOUNTAIN HOME,TN,37684,WASHINGTON,(423) 926-1171,Emergency Department,OP-18b,"Average (median) time patients spent in the emergency department before leaving from the visit, excluding patients transferred to another facility or psychiatric care/mental health patients. A lower number of minutes is better",Minutes,Not Available,Not Available,5,10/01/2024,09/30/2025
44016F,MOUNTAIN HOME VA MEDICAL CENTER,CORNER OF LAMONT STREET AND VETERANS WAY,MOUNTAIN HOME,TN,37684,WASHINGTON,(423) 926-1171,Emergency Department,OP-18c,Average (median) time psychiatric/mental health patients spent in the emergency department before leaving from the visit. A lower number of minutes is better,Minutes,Not Available,Not Available,5,10/01/2024,09/30/2025
44016F,MOUNTAIN HOME VA MEDICAL CENTER,CORNER OF LAMONT STREET AND VETERANS WAY,MOUNTAIN HOME,TN,37684,WASHINGTON,(423) 926-1171,Emergency Department,OP-22,Left before being seen,Percentage,1,24556,,01/01/2024,12/31/2024
44016F,MOUNTAIN HOME VA MEDICAL CENTER,CORNER OF LAMONT STREET AND VETERANS WAY,MOUNTAIN HOME,TN,37684,WASHINGTON,(423) 926-1171,Emergency Department,OP-23,Head CT results,Percentage,Not Available,Not Available,5,10/01/2024,09/30/2025
44016F,MOUNTAIN HOME VA MEDICAL CENTER,CORNER OF LAMONT STREET AND VETERANS WAY,MOUNTAIN HOME,TN,37684,WASHINGTON,(423) 926-1171,Colonoscopy care,OP-29,Endoscopy/polyp surveillance: appropriate follow-up interval for normal colonoscopy in average risk patients,Percentage,98,40,,01/01/2024,12/31/2024
44016F,MOUNTAIN HOME VA MEDICAL CENTER,CORNER OF LAMONT STREET AND VETERANS WAY,MOUNTAIN HOME,TN,37684,WASHINGTON,(423) 926-1171,Sepsis Care,SEP-1,Appropriate care for severe sepsis and septic shock,Percentage,46,119,,10/01/2024,09/30/2025
44016F,MOUNTAIN HOME VA MEDICAL CENTER,CORNER OF LAMONT STREET AND VETERANS WAY,MOUNTAIN HOME,TN,37684,WASHINGTON,(423) 926-1171,Electronic Clinical Quality Measure,STK-02,Discharged on Antithrombotic Therapy,Percentage,100,25,,01/01/2024,12/31/2024
44016F,MOUNTAIN HOME VA MEDICAL CENTER,CORNER OF LAMONT STREET AND VETERANS WAY,MOUNTAIN HOME,TN,37684,WASHINGTON,(423) 926-1171,Electronic Clinical Quality Measure,VTE-1,Venous Thromboembolism Prophylaxis,Percentage,94,2612,,01/01/2024,12/31/2024
44016F,MOUNTAIN HOME VA MEDICAL CENTER,CORNER OF LAMONT STREET AND VETERANS WAY,MOUNTAIN HOME,TN,37684,WASHINGTON,(423) 926-1171,Electronic Clinical Quality Measure,VTE-2,Intensive Care Unit Venous Thromboembolism Prophylaxis,Percentage,93,429,,01/01/2024,12/31/2024
44017F,VA MIDDLE TENNESSEE HEALTHCARE SYSTEM - MURFREESBORO,3400 LEBANON PIKE,MURFREESBORO,TN,37129,RUTHERFORD,(615) 867-6000,Emergency Department,EDV,Emergency department volume,Text,low,,,01/01/2024,12/31/2024
44017F,VA MIDDLE TENNESSEE HEALTHCARE SYSTEM - MURFREESBORO,3400 LEBANON PIKE,MURFREESBORO,TN,37129,RUTHERFORD,(615) 867-6000,Healthcare Personnel Vaccination,IMM-3,Healthcare workers given influenza vaccination,Percentage,Not Available,Not Available,5,10/01/2024,03/31/2025
44017F,VA MIDDLE TENNESSEE HEALTHCARE SYSTEM - MURFREESBORO,3400 LEBANON PIKE,MURFREESBORO,TN,37129,RUTHERFORD,(615) 867-6000,Emergency Department,OP-18b,"Average (median) time patients spent in the emergency department before leaving from the visit, excluding patients transferred to another facility or psychiatric care/mental health patients. A lower number of minutes is better",Minutes,Not Available,Not Available,"5, 24",10/01/2024,09/30/2025
44017F,VA MIDDLE TENNESSEE HEALTHCARE SYSTEM - MURFREESBORO,3400 LEBANON PIKE,MURFREESBORO,TN,37129,RUTHERFORD,(615) 867-6000,Emergency Department,OP-18c,Average (median) time psychiatric/mental health patients spent in the emergency department before leaving from the visit. A lower number of minutes is better,Minutes,Not Available,Not Available,"5, 24",10/01/2024,09/30/2025
44017F,VA MIDDLE TENNESSEE HEALTHCARE SYSTEM - MURFREESBORO,3400 LEBANON PIKE,MURFREESBORO,TN,37129,RUTHERFORD,(615) 867-6000,Emergency Department,OP-22,Left before being seen,Percentage,1,14985,24,01/01/2024,12/31/2024
44017F,VA MIDDLE TENNESSEE HEALTHCARE SYSTEM - MURFREESBORO,3400 LEBANON PIKE,MURFREESBORO,TN,37129,RUTHERFORD,(615) 867-6000,Emergency Department,OP-23,Head CT results,Percentage,Not Available,Not Available,"5, 24",10/01/2024,09/30/2025
44017F,VA MIDDLE TENNESSEE HEALTHCARE SYSTEM - MURFREESBORO,3400 LEBANON PIKE,MURFREESBORO,TN,37129,RUTHERFORD,(615) 867-6000,Colonoscopy care,OP-29,Endoscopy/polyp surveillance: appropriate follow-up interval for normal colonoscopy in average risk patients,Percentage,Not Available,Not Available,"5, 24",01/01/2024,12/31/2024
44017F,VA MIDDLE TENNESSEE HEALTHCARE SYSTEM - MURFREESBORO,3400 LEBANON PIKE,MURFREESBORO,TN,37129,RUTHERFORD,(615) 867-6000,Sepsis Care,SEP-1,Appropriate care for severe sepsis and septic shock,Percentage,Not Available,Not Available,"5, 24",10/01/2024,09/30/2025
44017F,VA MIDDLE TENNESSEE HEALTHCARE SYSTEM - MURFREESBORO,3400 LEBANON PIKE,MURFREESBORO,TN,37129,RUTHERFORD,(615) 867-6000,Electronic Clinical Quality Measure,STK-02,Discharged on Antithrombotic Therapy,Percentage,Not Available,Not Available,"5, 24",01/01/2024,12/31/2024
44017F,VA MIDDLE TENNESSEE HEALTHCARE SYSTEM - MURFREESBORO,3400 LEBANON PIKE,MURFREESBORO,TN,37129,RUTHERFORD,(615) 867-6000,Electronic Clinical Quality Measure,VTE-1,Venous Thromboembolism Prophylaxis,Percentage,Not Available,Not Available,"5, 24",01/01/2024,12/31/2024
44017F,VA MIDDLE TENNESSEE HEALTHCARE SYSTEM - MURFREESBORO,3400 LEBANON PIKE,MURFREESBORO,TN,37129,RUTHERFORD,(615) 867-6000,Electronic Clinical Quality Measure,VTE-2,Intensive Care Unit Venous Thromboembolism Prophylaxis,Percentage,Not Available,Not Available,"5, 24",01/01/2024,12/31/2024
44018F,VA MIDDLE TENNESSEE HEALTHCARE SYSTEM,1310 24TH AVENUE SOUTH,NASHVILLE,TN,37212,DAVIDSON,(615) 327-5332,Emergency Department,EDV,Emergency department volume,Text,medium,,,01/01/2024,12/31/2024
44018F,VA MIDDLE TENNESSEE HEALTHCARE SYSTEM,1310 24TH AVENUE SOUTH,NASHVILLE,TN,37212,DAVIDSON,(615) 327-5332,Healthcare Personnel Vaccination,IMM-3,Healthcare workers given influenza vaccination,Percentage,71,5362,,10/01/2024,03/31/2025
44018F,VA MIDDLE TENNESSEE HEALTHCARE SYSTEM,1310 24TH AVENUE SOUTH,NASHVILLE,TN,37212,DAVIDSON,(615) 327-5332,Emergency Department,OP-18b,"Average (median) time patients spent in the emergency department before leaving from the visit, excluding patients transferred to another facility or psychiatric care/mental health patients. A lower number of minutes is better",Minutes,145,101,,10/01/2024,09/30/2025
44018F,VA MIDDLE TENNESSEE HEALTHCARE SYSTEM,1310 24TH AVENUE SOUTH,NASHVILLE,TN,37212,DAVIDSON,(615) 327-5332,Emergency Department,OP-18c,Average (median) time psychiatric/mental health patients spent in the emergency department before leaving from the visit. A lower number of minutes is better,Minutes,340,22,,10/01/2024,09/30/2025
44018F,VA MIDDLE TENNESSEE HEALTHCARE SYSTEM,1310 24TH AVENUE SOUTH,NASHVILLE,TN,37212,DAVIDSON,(615) 327-5332,Emergency Department,OP-22,Left before being seen,Percentage,1,21372,,01/01/2024,12/31/2024
44018F,VA MIDDLE TENNESSEE HEALTHCARE SYSTEM,1310 24TH AVENUE SOUTH,NASHVILLE,TN,37212,DAVIDSON,(615) 327-5332,Emergency Department,OP-23,Head CT results,Percentage,Not Available,Not Available,5,10/01/2024,09/30/2025
44018F,VA MIDDLE TENNESSEE HEALTHCARE SYSTEM,1310 24TH AVENUE SOUTH,NASHVILLE,TN,37212,DAVIDSON,(615) 327-5332,Colonoscopy care,OP-29,Endoscopy/polyp surveillance: appropriate follow-up interval for normal colonoscopy in average risk patients,Percentage,96,28,,01/01/2024,12/31/2024
44018F,VA MIDDLE TENNESSEE HEALTHCARE SYSTEM,1310 24TH AVENUE SOUTH,NASHVILLE,TN,37212,DAVIDSON,(615) 327-5332,Sepsis Care,SEP-1,Appropriate care for severe sepsis and septic shock,Percentage,54,121,,10/01/2024,09/30/2025
44018F,VA MIDDLE TENNESSEE HEALTHCARE SYSTEM,1310 24TH AVENUE SOUTH,NASHVILLE,TN,37212,DAVIDSON,(615) 327-5332,Electronic Clinical Quality Measure,STK-02,Discharged on Antithrombotic Therapy,Percentage,95,61,,01/01/2024,12/31/2024
44018F,VA MIDDLE TENNESSEE HEALTHCARE SYSTEM,1310 24TH AVENUE SOUTH,NASHVILLE,TN,37212,DAVIDSON,(615) 327-5332,Electronic Clinical Quality Measure,VTE-1,Venous Thromboembolism Prophylaxis,Percentage,69,3534,,01/01/2024,12/31/2024
44018F,VA MIDDLE TENNESSEE HEALTHCARE SYSTEM,1310 24TH AVENUE SOUTH,NASHVILLE,TN,37212,DAVIDSON,(615) 327-5332,Electronic Clinical Quality Measure,VTE-2,Intensive Care Unit Venous Thromboembolism Prophylaxis,Percentage,77,519,,01/01/2024,12/31/2024
45060F,VA AMARILLO HEALTHCARE SYSTEM,6010 AMARILLO BLVD. WEST,AMARILLO,TX,79106,POTTER,(806) 355-9703,Emergency Department,EDV,Emergency department volume,Text,low,,,01/01/2024,12/31/2024
45060F,VA AMARILLO HEALTHCARE SYSTEM,6010 AMARILLO BLVD. WEST,AMARILLO,TX,79106,POTTER,(806) 355-9703,Healthcare Personnel Vaccination,IMM-3,Healthcare workers given influenza vaccination,Percentage,80,1678,,10/01/2024,03/31/2025
45060F,VA AMARILLO HEALTHCARE SYSTEM,6010 AMARILLO BLVD. WEST,AMARILLO,TX,79106,POTTER,(806) 355-9703,Emergency Department,OP-18b,"Average (median) time patients spent in the emergency department before leaving from the visit, excluding patients transferred to another facility or psychiatric care/mental health patients. A lower number of minutes is better",Minutes,Not Available,Not Available,5,10/01/2024,09/30/2025
45060F,VA AMARILLO HEALTHCARE SYSTEM,6010 AMARILLO BLVD. WEST,AMARILLO,TX,79106,POTTER,(806) 355-9703,Emergency Department,OP-18c,Average (median) time psychiatric/mental health patients spent in the emergency department before leaving from the visit. A lower number of minutes is better,Minutes,Not Available,Not Available,5,10/01/2024,09/30/2025
45060F,VA AMARILLO HEALTHCARE SYSTEM,6010 AMARILLO BLVD. WEST,AMARILLO,TX,79106,POTTER,(806) 355-9703,Emergency Department,OP-22,Left before being seen,Percentage,0,9448,,01/01/2024,12/31/2024
45060F,VA AMARILLO HEALTHCARE SYSTEM,6010 AMARILLO BLVD. WEST,AMARILLO,TX,79106,POTTER,(806) 355-9703,Emergency Department,OP-23,Head CT results,Percentage,Not Available,Not Available,5,10/01/2024,09/30/2025
45060F,VA AMARILLO HEALTHCARE SYSTEM,6010 AMARILLO BLVD. WEST,AMARILLO,TX,79106,POTTER,(806) 355-9703,Colonoscopy care,OP-29,Endoscopy/polyp surveillance: appropriate follow-up interval for normal colonoscopy in average risk patients,Percentage,100,42,,01/01/2024,12/31/2024
45060F,VA AMARILLO HEALTHCARE SYSTEM,6010 AMARILLO BLVD. WEST,AMARILLO,TX,79106,POTTER,(806) 355-9703,Sepsis Care,SEP-1,Appropriate care for severe sepsis and septic shock,Percentage,69,61,,10/01/2024,09/30/2025
45060F,VA AMARILLO HEALTHCARE SYSTEM,6010 AMARILLO BLVD. WEST,AMARILLO,TX,79106,POTTER,(806) 355-9703,Electronic Clinical Quality Measure,STK-02,Discharged on Antithrombotic Therapy,Percentage,Not Available,Not Available,1,01/01/2024,12/31/2024
45060F,VA AMARILLO HEALTHCARE SYSTEM,6010 AMARILLO BLVD. WEST,AMARILLO,TX,79106,POTTER,(806) 355-9703,Electronic Clinical Quality Measure,VTE-1,Venous Thromboembolism Prophylaxis,Percentage,82,873,,01/01/2024,12/31/2024
45060F,VA AMARILLO HEALTHCARE SYSTEM,6010 AMARILLO BLVD. WEST,AMARILLO,TX,79106,POTTER,(806) 355-9703,Electronic Clinical Quality Measure,VTE-2,Intensive Care Unit Venous Thromboembolism Prophylaxis,Percentage,71,428,,01/01/2024,12/31/2024
45066F,DALLAS VA MEDICAL CENTER (VA NORTH TEXAS HEALTHCARE SYSTEM),4500 S. LANCASTER ROAD,DALLAS,TX,75216,DALLAS,(214) 742-8387,Emergency Department,EDV,Emergency department volume,Text,high,,,01/01/2024,12/31/2024
45066F,DALLAS VA MEDICAL CENTER (VA NORTH TEXAS HEALTHCARE SYSTEM),4500 S. LANCASTER ROAD,DALLAS,TX,75216,DALLAS,(214) 742-8387,Healthcare Personnel Vaccination,IMM-3,Healthcare workers given influenza vaccination,Percentage,76,6726,,10/01/2024,03/31/2025
45066F,DALLAS VA MEDICAL CENTER (VA NORTH TEXAS HEALTHCARE SYSTEM),4500 S. LANCASTER ROAD,DALLAS,TX,75216,DALLAS,(214) 742-8387,Emergency Department,OP-18b,"Average (median) time patients spent in the emergency department before leaving from the visit, excluding patients transferred to another facility or psychiatric care/mental health patients. A lower number of minutes is better",Minutes,140,265,,10/01/2024,09/30/2025
45066F,DALLAS VA MEDICAL CENTER (VA NORTH TEXAS HEALTHCARE SYSTEM),4500 S. LANCASTER ROAD,DALLAS,TX,75216,DALLAS,(214) 742-8387,Emergency Department,OP-18c,Average (median) time psychiatric/mental health patients spent in the emergency department before leaving from the visit. A lower number of minutes is better,Minutes,361,20,,10/01/2024,09/30/2025
45066F,DALLAS VA MEDICAL CENTER (VA NORTH TEXAS HEALTHCARE SYSTEM),4500 S. LANCASTER ROAD,DALLAS,TX,75216,DALLAS,(214) 742-8387,Emergency Department,OP-22,Left before being seen,Percentage,2,43511,,01/01/2024,12/31/2024
45066F,DALLAS VA MEDICAL CENTER (VA NORTH TEXAS HEALTHCARE SYSTEM),4500 S. LANCASTER ROAD,DALLAS,TX,75216,DALLAS,(214) 742-8387,Emergency Department,OP-23,Head CT results,Percentage,Not Available,Not Available,1,10/01/2024,09/30/2025
45066F,DALLAS VA MEDICAL CENTER (VA NORTH TEXAS HEALTHCARE SYSTEM),4500 S. LANCASTER ROAD,DALLAS,TX,75216,DALLAS,(214) 742-8387,Colonoscopy care,OP-29,Endoscopy/polyp surveillance: appropriate follow-up interval for normal colonoscopy in average risk patients,Percentage,94,35,,01/01/2024,12/31/2024
45066F,DALLAS VA MEDICAL CENTER (VA NORTH TEXAS HEALTHCARE SYSTEM),4500 S. LANCASTER ROAD,DALLAS,TX,75216,DALLAS,(214) 742-8387,Sepsis Care,SEP-1,Appropriate care for severe sepsis and septic shock,Percentage,44,106,,10/01/2024,09/30/2025
45066F,DALLAS VA MEDICAL CENTER (VA NORTH TEXAS HEALTHCARE SYSTEM),4500 S. LANCASTER ROAD,DALLAS,TX,75216,DALLAS,(214) 742-8387,Electronic Clinical Quality Measure,STK-02,Discharged on Antithrombotic Therapy,Percentage,99,106,,01/01/2024,12/31/2024
45066F,DALLAS VA MEDICAL CENTER (VA NORTH TEXAS HEALTHCARE SYSTEM),4500 S. LANCASTER ROAD,DALLAS,TX,75216,DALLAS,(214) 742-8387,Electronic Clinical Quality Measure,VTE-1,Venous Thromboembolism Prophylaxis,Percentage,70,5136,,01/01/2024,12/31/2024
45066F,DALLAS VA MEDICAL CENTER (VA NORTH TEXAS HEALTHCARE SYSTEM),4500 S. LANCASTER ROAD,DALLAS,TX,75216,DALLAS,(214) 742-8387,Electronic Clinical Quality Measure,VTE-2,Intensive Care Unit Venous Thromboembolism Prophylaxis,Percentage,79,1088,,01/01/2024,12/31/2024
45074F,HOUSTON VA MEDICAL CENTER,2002 HOLCOMBE BLVD.,HOUSTON,TX,77030,HARRIS,(713) 794-7100,Emergency Department,EDV,Emergency department volume,Text,high,,,01/01/2024,12/31/2024
45074F,HOUSTON VA MEDICAL CENTER,2002 HOLCOMBE BLVD.,HOUSTON,TX,77030,HARRIS,(713) 794-7100,Healthcare Personnel Vaccination,IMM-3,Healthcare workers given influenza vaccination,Percentage,83,6219,,10/01/2024,03/31/2025
45074F,HOUSTON VA MEDICAL CENTER,2002 HOLCOMBE BLVD.,HOUSTON,TX,77030,HARRIS,(713) 794-7100,Emergency Department,OP-18b,"Average (median) time patients spent in the emergency department before leaving from the visit, excluding patients transferred to another facility or psychiatric care/mental health patients. A lower number of minutes is better",Minutes,139,278,,10/01/2024,09/30/2025
45074F,HOUSTON VA MEDICAL CENTER,2002 HOLCOMBE BLVD.,HOUSTON,TX,77030,HARRIS,(713) 794-7100,Emergency Department,OP-18c,Average (median) time psychiatric/mental health patients spent in the emergency department before leaving from the visit. A lower number of minutes is better,Minutes,230,39,,10/01/2024,09/30/2025
45074F,HOUSTON VA MEDICAL CENTER,2002 HOLCOMBE BLVD.,HOUSTON,TX,77030,HARRIS,(713) 794-7100,Emergency Department,OP-22,Left before being seen,Percentage,1,46507,,01/01/2024,12/31/2024
45074F,HOUSTON VA MEDICAL CENTER,2002 HOLCOMBE BLVD.,HOUSTON,TX,77030,HARRIS,(713) 794-7100,Emergency Department,OP-23,Head CT results,Percentage,46,13,,10/01/2024,09/30/2025
45074F,HOUSTON VA MEDICAL CENTER,2002 HOLCOMBE BLVD.,HOUSTON,TX,77030,HARRIS,(713) 794-7100,Colonoscopy care,OP-29,Endoscopy/polyp surveillance: appropriate follow-up interval for normal colonoscopy in average risk patients,Percentage,93,29,,01/01/2024,12/31/2024
45074F,HOUSTON VA MEDICAL CENTER,2002 HOLCOMBE BLVD.,HOUSTON,TX,77030,HARRIS,(713) 794-7100,Sepsis Care,SEP-1,Appropriate care for severe sepsis and septic shock,Percentage,46,142,,10/01/2024,09/30/2025
45074F,HOUSTON VA MEDICAL CENTER,2002 HOLCOMBE BLVD.,HOUSTON,TX,77030,HARRIS,(713) 794-7100,Electronic Clinical Quality Measure,STK-02,Discharged on Antithrombotic Therapy,Percentage,98,130,,01/01/2024,12/31/2024
45074F,HOUSTON VA MEDICAL CENTER,2002 HOLCOMBE BLVD.,HOUSTON,TX,77030,HARRIS,(713) 794-7100,Electronic Clinical Quality Measure,VTE-1,Venous Thromboembolism Prophylaxis,Percentage,77,6091,,01/01/2024,12/31/2024
45074F,HOUSTON VA MEDICAL CENTER,2002 HOLCOMBE BLVD.,HOUSTON,TX,77030,HARRIS,(713) 794-7100,Electronic Clinical Quality Measure,VTE-2,Intensive Care Unit Venous Thromboembolism Prophylaxis,Percentage,68,1221,,01/01/2024,12/31/2024
45086F,TEMPLE VA MEDICAL CENTER (VA CENTRAL TEXAS HEALTHCARE SYSTEM),1901 VETERANS MEMORIAL DRIVE,TEMPLE,TX,76504,BELL,(254) 778-4811,Emergency Department,EDV,Emergency department volume,Text,medium,,,01/01/2024,12/31/2024
45086F,TEMPLE VA MEDICAL CENTER (VA CENTRAL TEXAS HEALTHCARE SYSTEM),1901 VETERANS MEMORIAL DRIVE,TEMPLE,TX,76504,BELL,(254) 778-4811,Healthcare Personnel Vaccination,IMM-3,Healthcare workers given influenza vaccination,Percentage,73,4702,,10/01/2024,03/31/2025
45086F,TEMPLE VA MEDICAL CENTER (VA CENTRAL TEXAS HEALTHCARE SYSTEM),1901 VETERANS MEMORIAL DRIVE,TEMPLE,TX,76504,BELL,(254) 778-4811,Emergency Department,OP-18b,"Average (median) time patients spent in the emergency department before leaving from the visit, excluding patients transferred to another facility or psychiatric care/mental health patients. A lower number of minutes is better",Minutes,158,178,,10/01/2024,09/30/2025
45086F,TEMPLE VA MEDICAL CENTER (VA CENTRAL TEXAS HEALTHCARE SYSTEM),1901 VETERANS MEMORIAL DRIVE,TEMPLE,TX,76504,BELL,(254) 778-4811,Emergency Department,OP-18c,Average (median) time psychiatric/mental health patients spent in the emergency department before leaving from the visit. A lower number of minutes is better,Minutes,238,18,,10/01/2024,09/30/2025
45086F,TEMPLE VA MEDICAL CENTER (VA CENTRAL TEXAS HEALTHCARE SYSTEM),1901 VETERANS MEMORIAL DRIVE,TEMPLE,TX,76504,BELL,(254) 778-4811,Emergency Department,OP-22,Left before being seen,Percentage,3,25470,,01/01/2024,12/31/2024
45086F,TEMPLE VA MEDICAL CENTER (VA CENTRAL TEXAS HEALTHCARE SYSTEM),1901 VETERANS MEMORIAL DRIVE,TEMPLE,TX,76504,BELL,(254) 778-4811,Emergency Department,OP-23,Head CT results,Percentage,Not Available,Not Available,1,10/01/2024,09/30/2025
45086F,TEMPLE VA MEDICAL CENTER (VA CENTRAL TEXAS HEALTHCARE SYSTEM),1901 VETERANS MEMORIAL DRIVE,TEMPLE,TX,76504,BELL,(254) 778-4811,Colonoscopy care,OP-29,Endoscopy/polyp surveillance: appropriate follow-up interval for normal colonoscopy in average risk patients,Percentage,100,43,,01/01/2024,12/31/2024
45086F,TEMPLE VA MEDICAL CENTER (VA CENTRAL TEXAS HEALTHCARE SYSTEM),1901 VETERANS MEMORIAL DRIVE,TEMPLE,TX,76504,BELL,(254) 778-4811,Sepsis Care,SEP-1,Appropriate care for severe sepsis and septic shock,Percentage,75,72,,10/01/2024,09/30/2025
45086F,TEMPLE VA MEDICAL CENTER (VA CENTRAL TEXAS HEALTHCARE SYSTEM),1901 VETERANS MEMORIAL DRIVE,TEMPLE,TX,76504,BELL,(254) 778-4811,Electronic Clinical Quality Measure,STK-02,Discharged on Antithrombotic Therapy,Percentage,100,31,,01/01/2024,12/31/2024
45086F,TEMPLE VA MEDICAL CENTER (VA CENTRAL TEXAS HEALTHCARE SYSTEM),1901 VETERANS MEMORIAL DRIVE,TEMPLE,TX,76504,BELL,(254) 778-4811,Electronic Clinical Quality Measure,VTE-1,Venous Thromboembolism Prophylaxis,Percentage,90,2023,,01/01/2024,12/31/2024
45086F,TEMPLE VA MEDICAL CENTER (VA CENTRAL TEXAS HEALTHCARE SYSTEM),1901 VETERANS MEMORIAL DRIVE,TEMPLE,TX,76504,BELL,(254) 778-4811,Electronic Clinical Quality Measure,VTE-2,Intensive Care Unit Venous Thromboembolism Prophylaxis,Percentage,87,303,,01/01/2024,12/31/2024
45090F,SAN ANTONIO VA MEDICAL CENTER (VA SOUTH TEXAS HEALTHCARE SYSTEM),7400 MERTON MINTER BLVD.,SAN ANTONIO,TX,78229,BEXAR,(210) 617-5300,Emergency Department,EDV,Emergency department volume,Text,high,,,01/01/2024,12/31/2024
45090F,SAN ANTONIO VA MEDICAL CENTER (VA SOUTH TEXAS HEALTHCARE SYSTEM),7400 MERTON MINTER BLVD.,SAN ANTONIO,TX,78229,BEXAR,(210) 617-5300,Healthcare Personnel Vaccination,IMM-3,Healthcare workers given influenza vaccination,Percentage,89,5833,,10/01/2024,03/31/2025
45090F,SAN ANTONIO VA MEDICAL CENTER (VA SOUTH TEXAS HEALTHCARE SYSTEM),7400 MERTON MINTER BLVD.,SAN ANTONIO,TX,78229,BEXAR,(210) 617-5300,Emergency Department,OP-18b,"Average (median) time patients spent in the emergency department before leaving from the visit, excluding patients transferred to another facility or psychiatric care/mental health patients. A lower number of minutes is better",Minutes,223,241,,10/01/2024,09/30/2025
45090F,SAN ANTONIO VA MEDICAL CENTER (VA SOUTH TEXAS HEALTHCARE SYSTEM),7400 MERTON MINTER BLVD.,SAN ANTONIO,TX,78229,BEXAR,(210) 617-5300,Emergency Department,OP-18c,Average (median) time psychiatric/mental health patients spent in the emergency department before leaving from the visit. A lower number of minutes is better,Minutes,359,29,,10/01/2024,09/30/2025
45090F,SAN ANTONIO VA MEDICAL CENTER (VA SOUTH TEXAS HEALTHCARE SYSTEM),7400 MERTON MINTER BLVD.,SAN ANTONIO,TX,78229,BEXAR,(210) 617-5300,Emergency Department,OP-22,Left before being seen,Percentage,3,44920,,01/01/2024,12/31/2024
45090F,SAN ANTONIO VA MEDICAL CENTER (VA SOUTH TEXAS HEALTHCARE SYSTEM),7400 MERTON MINTER BLVD.,SAN ANTONIO,TX,78229,BEXAR,(210) 617-5300,Emergency Department,OP-23,Head CT results,Percentage,Not Available,Not Available,1,10/01/2024,09/30/2025
45090F,SAN ANTONIO VA MEDICAL CENTER (VA SOUTH TEXAS HEALTHCARE SYSTEM),7400 MERTON MINTER BLVD.,SAN ANTONIO,TX,78229,BEXAR,(210) 617-5300,Colonoscopy care,OP-29,Endoscopy/polyp surveillance: appropriate follow-up interval for normal colonoscopy in average risk patients,Percentage,100,32,,01/01/2024,12/31/2024
45090F,SAN ANTONIO VA MEDICAL CENTER (VA SOUTH TEXAS HEALTHCARE SYSTEM),7400 MERTON MINTER BLVD.,SAN ANTONIO,TX,78229,BEXAR,(210) 617-5300,Sepsis Care,SEP-1,Appropriate care for severe sepsis and septic shock,Percentage,63,98,,10/01/2024,09/30/2025
45090F,SAN ANTONIO VA MEDICAL CENTER (VA SOUTH TEXAS HEALTHCARE SYSTEM),7400 MERTON MINTER BLVD.,SAN ANTONIO,TX,78229,BEXAR,(210) 617-5300,Electronic Clinical Quality Measure,STK-02,Discharged on Antithrombotic Therapy,Percentage,99,96,,01/01/2024,12/31/2024
45090F,SAN ANTONIO VA MEDICAL CENTER (VA SOUTH TEXAS HEALTHCARE SYSTEM),7400 MERTON MINTER BLVD.,SAN ANTONIO,TX,78229,BEXAR,(210) 617-5300,Electronic Clinical Quality Measure,VTE-1,Venous Thromboembolism Prophylaxis,Percentage,73,3811,,01/01/2024,12/31/2024
45090F,SAN ANTONIO VA MEDICAL CENTER (VA SOUTH TEXAS HEALTHCARE SYSTEM),7400 MERTON MINTER BLVD.,SAN ANTONIO,TX,78229,BEXAR,(210) 617-5300,Electronic Clinical Quality Measure,VTE-2,Intensive Care Unit Venous Thromboembolism Prophylaxis,Percentage,97,745,,01/01/2024,12/31/2024
46002F,VA SALT LAKE CITY HEALTHCARE - GEORGE E. WAHLEN VA MEDICAL CENTER,500 FOOTHILL BLVD.,SALT LAKE CITY,UT,84148,SALT LAKE,(801) 584-1211,Emergency Department,EDV,Emergency department volume,Text,low,,,01/01/2024,12/31/2024
46002F,VA SALT LAKE CITY HEALTHCARE - GEORGE E. WAHLEN VA MEDICAL CENTER,500 FOOTHILL BLVD.,SALT LAKE CITY,UT,84148,SALT LAKE,(801) 584-1211,Healthcare Personnel Vaccination,IMM-3,Healthcare workers given influenza vaccination,Percentage,86,2951,,10/01/2024,03/31/2025
46002F,VA SALT LAKE CITY HEALTHCARE - GEORGE E. WAHLEN VA MEDICAL CENTER,500 FOOTHILL BLVD.,SALT LAKE CITY,UT,84148,SALT LAKE,(801) 584-1211,Emergency Department,OP-18b,"Average (median) time patients spent in the emergency department before leaving from the visit, excluding patients transferred to another facility or psychiatric care/mental health patients. A lower number of minutes is better",Minutes,Not Available,Not Available,5,10/01/2024,09/30/2025
46002F,VA SALT LAKE CITY HEALTHCARE - GEORGE E. WAHLEN VA MEDICAL CENTER,500 FOOTHILL BLVD.,SALT LAKE CITY,UT,84148,SALT LAKE,(801) 584-1211,Emergency Department,OP-18c,Average (median) time psychiatric/mental health patients spent in the emergency department before leaving from the visit. A lower number of minutes is better,Minutes,Not Available,Not Available,1,10/01/2024,09/30/2025
46002F,VA SALT LAKE CITY HEALTHCARE - GEORGE E. WAHLEN VA MEDICAL CENTER,500 FOOTHILL BLVD.,SALT LAKE CITY,UT,84148,SALT LAKE,(801) 584-1211,Emergency Department,OP-22,Left before being seen,Percentage,1,16941,,01/01/2024,12/31/2024
46002F,VA SALT LAKE CITY HEALTHCARE - GEORGE E. WAHLEN VA MEDICAL CENTER,500 FOOTHILL BLVD.,SALT LAKE CITY,UT,84148,SALT LAKE,(801) 584-1211,Emergency Department,OP-23,Head CT results,Percentage,Not Available,Not Available,1,10/01/2024,09/30/2025
46002F,VA SALT LAKE CITY HEALTHCARE - GEORGE E. WAHLEN VA MEDICAL CENTER,500 FOOTHILL BLVD.,SALT LAKE CITY,UT,84148,SALT LAKE,(801) 584-1211,Colonoscopy care,OP-29,Endoscopy/polyp surveillance: appropriate follow-up interval for normal colonoscopy in average risk patients,Percentage,96,55,,01/01/2024,12/31/2024
46002F,VA SALT LAKE CITY HEALTHCARE - GEORGE E. WAHLEN VA MEDICAL CENTER,500 FOOTHILL BLVD.,SALT LAKE CITY,UT,84148,SALT LAKE,(801) 584-1211,Sepsis Care,SEP-1,Appropriate care for severe sepsis and septic shock,Percentage,71,79,,10/01/2024,09/30/2025
46002F,VA SALT LAKE CITY HEALTHCARE - GEORGE E. WAHLEN VA MEDICAL CENTER,500 FOOTHILL BLVD.,SALT LAKE CITY,UT,84148,SALT LAKE,(801) 584-1211,Electronic Clinical Quality Measure,STK-02,Discharged on Antithrombotic Therapy,Percentage,100,34,,01/01/2024,12/31/2024
46002F,VA SALT LAKE CITY HEALTHCARE - GEORGE E. WAHLEN VA MEDICAL CENTER,500 FOOTHILL BLVD.,SALT LAKE CITY,UT,84148,SALT LAKE,(801) 584-1211,Electronic Clinical Quality Measure,VTE-1,Venous Thromboembolism Prophylaxis,Percentage,66,1706,,01/01/2024,12/31/2024
46002F,VA SALT LAKE CITY HEALTHCARE - GEORGE E. WAHLEN VA MEDICAL CENTER,500 FOOTHILL BLVD.,SALT LAKE CITY,UT,84148,SALT LAKE,(801) 584-1211,Electronic Clinical Quality Measure,VTE-2,Intensive Care Unit Venous Thromboembolism Prophylaxis,Percentage,71,470,,01/01/2024,12/31/2024
47001F,WHITE RIVER JCT VA MEDICAL CENTER,163 VETERANS DRIVE,WHITE RIVER JUNCTION,VT,05009,WINDSOR,(802) 295-9363,Emergency Department,EDV,Emergency department volume,Text,low,,,01/01/2024,12/31/2024
47001F,WHITE RIVER JCT VA MEDICAL CENTER,163 VETERANS DRIVE,WHITE RIVER JUNCTION,VT,05009,WINDSOR,(802) 295-9363,Healthcare Personnel Vaccination,IMM-3,Healthcare workers given influenza vaccination,Percentage,89,1285,,10/01/2024,03/31/2025
47001F,WHITE RIVER JCT VA MEDICAL CENTER,163 VETERANS DRIVE,WHITE RIVER JUNCTION,VT,05009,WINDSOR,(802) 295-9363,Emergency Department,OP-18b,"Average (median) time patients spent in the emergency department before leaving from the visit, excluding patients transferred to another facility or psychiatric care/mental health patients. A lower number of minutes is better",Minutes,Not Available,Not Available,5,10/01/2024,09/30/2025
47001F,WHITE RIVER JCT VA MEDICAL CENTER,163 VETERANS DRIVE,WHITE RIVER JUNCTION,VT,05009,WINDSOR,(802) 295-9363,Emergency Department,OP-18c,Average (median) time psychiatric/mental health patients spent in the emergency department before leaving from the visit. A lower number of minutes is better,Minutes,Not Available,Not Available,5,10/01/2024,09/30/2025
47001F,WHITE RIVER JCT VA MEDICAL CENTER,163 VETERANS DRIVE,WHITE RIVER JUNCTION,VT,05009,WINDSOR,(802) 295-9363,Emergency Department,OP-22,Left before being seen,Percentage,1,6388,,01/01/2024,12/31/2024
47001F,WHITE RIVER JCT VA MEDICAL CENTER,163 VETERANS DRIVE,WHITE RIVER JUNCTION,VT,05009,WINDSOR,(802) 295-9363,Emergency Department,OP-23,Head CT results,Percentage,Not Available,Not Available,5,10/01/2024,09/30/2025
47001F,WHITE RIVER JCT VA MEDICAL CENTER,163 VETERANS DRIVE,WHITE RIVER JUNCTION,VT,05009,WINDSOR,(802) 295-9363,Colonoscopy care,OP-29,Endoscopy/polyp surveillance: appropriate follow-up interval for normal colonoscopy in average risk patients,Percentage,100,19,,01/01/2024,12/31/2024
47001F,WHITE RIVER JCT VA MEDICAL CENTER,163 VETERANS DRIVE,WHITE RIVER JUNCTION,VT,05009,WINDSOR,(802) 295-9363,Sepsis Care,SEP-1,Appropriate care for severe sepsis and septic shock,Percentage,55,31,,10/01/2024,09/30/2025
47001F,WHITE RIVER JCT VA MEDICAL CENTER,163 VETERANS DRIVE,WHITE RIVER JUNCTION,VT,05009,WINDSOR,(802) 295-9363,Electronic Clinical Quality Measure,STK-02,Discharged on Antithrombotic Therapy,Percentage,Not Available,Not Available,1,01/01/2024,12/31/2024
47001F,WHITE RIVER JCT VA MEDICAL CENTER,163 VETERANS DRIVE,WHITE RIVER JUNCTION,VT,05009,WINDSOR,(802) 295-9363,Electronic Clinical Quality Measure,VTE-1,Venous Thromboembolism Prophylaxis,Percentage,69,657,,01/01/2024,12/31/2024
47001F,WHITE RIVER JCT VA MEDICAL CENTER,163 VETERANS DRIVE,WHITE RIVER JUNCTION,VT,05009,WINDSOR,(802) 295-9363,Electronic Clinical Quality Measure,VTE-2,Intensive Care Unit Venous Thromboembolism Prophylaxis,Percentage,58,163,,01/01/2024,12/31/2024
49006F,HAMPTON VA MEDICAL CENTER,100 EMANCIPATION DRIVE,HAMPTON,VA,23667,HAMPTON CITY,(757) 722-9961,Emergency Department,EDV,Emergency department volume,Text,medium,,,01/01/2024,12/31/2024
49006F,HAMPTON VA MEDICAL CENTER,100 EMANCIPATION DRIVE,HAMPTON,VA,23667,HAMPTON CITY,(757) 722-9961,Healthcare Personnel Vaccination,IMM-3,Healthcare workers given influenza vaccination,Percentage,80,2984,,10/01/2024,03/31/2025
49006F,HAMPTON VA MEDICAL CENTER,100 EMANCIPATION DRIVE,HAMPTON,VA,23667,HAMPTON CITY,(757) 722-9961,Emergency Department,OP-18b,"Average (median) time patients spent in the emergency department before leaving from the visit, excluding patients transferred to another facility or psychiatric care/mental health patients. A lower number of minutes is better",Minutes,Not Available,Not Available,5,10/01/2024,09/30/2025
49006F,HAMPTON VA MEDICAL CENTER,100 EMANCIPATION DRIVE,HAMPTON,VA,23667,HAMPTON CITY,(757) 722-9961,Emergency Department,OP-18c,Average (median) time psychiatric/mental health patients spent in the emergency department before leaving from the visit. A lower number of minutes is better,Minutes,Not Available,Not Available,5,10/01/2024,09/30/2025
49006F,HAMPTON VA MEDICAL CENTER,100 EMANCIPATION DRIVE,HAMPTON,VA,23667,HAMPTON CITY,(757) 722-9961,Emergency Department,OP-22,Left before being seen,Percentage,2,28153,,01/01/2024,12/31/2024
49006F,HAMPTON VA MEDICAL CENTER,100 EMANCIPATION DRIVE,HAMPTON,VA,23667,HAMPTON CITY,(757) 722-9961,Emergency Department,OP-23,Head CT results,Percentage,Not Available,Not Available,5,10/01/2024,09/30/2025
49006F,HAMPTON VA MEDICAL CENTER,100 EMANCIPATION DRIVE,HAMPTON,VA,23667,HAMPTON CITY,(757) 722-9961,Colonoscopy care,OP-29,Endoscopy/polyp surveillance: appropriate follow-up interval for normal colonoscopy in average risk patients,Percentage,91,34,,01/01/2024,12/31/2024
49006F,HAMPTON VA MEDICAL CENTER,100 EMANCIPATION DRIVE,HAMPTON,VA,23667,HAMPTON CITY,(757) 722-9961,Sepsis Care,SEP-1,Appropriate care for severe sepsis and septic shock,Percentage,48,60,,10/01/2024,09/30/2025
49006F,HAMPTON VA MEDICAL CENTER,100 EMANCIPATION DRIVE,HAMPTON,VA,23667,HAMPTON CITY,(757) 722-9961,Electronic Clinical Quality Measure,STK-02,Discharged on Antithrombotic Therapy,Percentage,Not Available,Not Available,1,01/01/2024,12/31/2024
49006F,HAMPTON VA MEDICAL CENTER,100 EMANCIPATION DRIVE,HAMPTON,VA,23667,HAMPTON CITY,(757) 722-9961,Electronic Clinical Quality Measure,VTE-1,Venous Thromboembolism Prophylaxis,Percentage,76,626,,01/01/2024,12/31/2024
49006F,HAMPTON VA MEDICAL CENTER,100 EMANCIPATION DRIVE,HAMPTON,VA,23667,HAMPTON CITY,(757) 722-9961,Electronic Clinical Quality Measure,VTE-2,Intensive Care Unit Venous Thromboembolism Prophylaxis,Percentage,76,254,,01/01/2024,12/31/2024
49010F,RICHMOND VA MEDICAL CENTER,1201 BROAD ROCK BOULEVARD,RICHMOND,VA,23249,RICHMOND CITY,(804) 675-5000,Emergency Department,EDV,Emergency department volume,Text,medium,,,01/01/2024,12/31/2024
49010F,RICHMOND VA MEDICAL CENTER,1201 BROAD ROCK BOULEVARD,RICHMOND,VA,23249,RICHMOND CITY,(804) 675-5000,Healthcare Personnel Vaccination,IMM-3,Healthcare workers given influenza vaccination,Percentage,77,4545,,10/01/2024,03/31/2025
49010F,RICHMOND VA MEDICAL CENTER,1201 BROAD ROCK BOULEVARD,RICHMOND,VA,23249,RICHMOND CITY,(804) 675-5000,Emergency Department,OP-18b,"Average (median) time patients spent in the emergency department before leaving from the visit, excluding patients transferred to another facility or psychiatric care/mental health patients. A lower number of minutes is better",Minutes,185,301,,10/01/2024,09/30/2025
49010F,RICHMOND VA MEDICAL CENTER,1201 BROAD ROCK BOULEVARD,RICHMOND,VA,23249,RICHMOND CITY,(804) 675-5000,Emergency Department,OP-18c,Average (median) time psychiatric/mental health patients spent in the emergency department before leaving from the visit. A lower number of minutes is better,Minutes,263,19,,10/01/2024,09/30/2025
49010F,RICHMOND VA MEDICAL CENTER,1201 BROAD ROCK BOULEVARD,RICHMOND,VA,23249,RICHMOND CITY,(804) 675-5000,Emergency Department,OP-22,Left before being seen,Percentage,1,25957,,01/01/2024,12/31/2024
49010F,RICHMOND VA MEDICAL CENTER,1201 BROAD ROCK BOULEVARD,RICHMOND,VA,23249,RICHMOND CITY,(804) 675-5000,Emergency Department,OP-23,Head CT results,Percentage,Not Available,Not Available,1,10/01/2024,09/30/2025
49010F,RICHMOND VA MEDICAL CENTER,1201 BROAD ROCK BOULEVARD,RICHMOND,VA,23249,RICHMOND CITY,(804) 675-5000,Colonoscopy care,OP-29,Endoscopy/polyp surveillance: appropriate follow-up interval for normal colonoscopy in average risk patients,Percentage,100,41,,01/01/2024,12/31/2024
49010F,RICHMOND VA MEDICAL CENTER,1201 BROAD ROCK BOULEVARD,RICHMOND,VA,23249,RICHMOND CITY,(804) 675-5000,Sepsis Care,SEP-1,Appropriate care for severe sepsis and septic shock,Percentage,75,150,,10/01/2024,09/30/2025
49010F,RICHMOND VA MEDICAL CENTER,1201 BROAD ROCK BOULEVARD,RICHMOND,VA,23249,RICHMOND CITY,(804) 675-5000,Electronic Clinical Quality Measure,STK-02,Discharged on Antithrombotic Therapy,Percentage,100,40,,01/01/2024,12/31/2024
49010F,RICHMOND VA MEDICAL CENTER,1201 BROAD ROCK BOULEVARD,RICHMOND,VA,23249,RICHMOND CITY,(804) 675-5000,Electronic Clinical Quality Measure,VTE-1,Venous Thromboembolism Prophylaxis,Percentage,80,2438,,01/01/2024,12/31/2024
49010F,RICHMOND VA MEDICAL CENTER,1201 BROAD ROCK BOULEVARD,RICHMOND,VA,23249,RICHMOND CITY,(804) 675-5000,Electronic Clinical Quality Measure,VTE-2,Intensive Care Unit Venous Thromboembolism Prophylaxis,Percentage,79,533,,01/01/2024,12/31/2024
49011F,SALEM VA MEDICAL CENTER,1970 ROANOKE BOULEVARD,SALEM,VA,24153,SALEM CITY,(540) 982-2463,Emergency Department,EDV,Emergency department volume,Text,medium,,,01/01/2024,12/31/2024
49011F,SALEM VA MEDICAL CENTER,1970 ROANOKE BOULEVARD,SALEM,VA,24153,SALEM CITY,(540) 982-2463,Healthcare Personnel Vaccination,IMM-3,Healthcare workers given influenza vaccination,Percentage,81,1941,,10/01/2024,03/31/2025
49011F,SALEM VA MEDICAL CENTER,1970 ROANOKE BOULEVARD,SALEM,VA,24153,SALEM CITY,(540) 982-2463,Emergency Department,OP-18b,"Average (median) time patients spent in the emergency department before leaving from the visit, excluding patients transferred to another facility or psychiatric care/mental health patients. A lower number of minutes is better",Minutes,Not Available,Not Available,5,10/01/2024,09/30/2025
49011F,SALEM VA MEDICAL CENTER,1970 ROANOKE BOULEVARD,SALEM,VA,24153,SALEM CITY,(540) 982-2463,Emergency Department,OP-18c,Average (median) time psychiatric/mental health patients spent in the emergency department before leaving from the visit. A lower number of minutes is better,Minutes,Not Available,Not Available,5,10/01/2024,09/30/2025
49011F,SALEM VA MEDICAL CENTER,1970 ROANOKE BOULEVARD,SALEM,VA,24153,SALEM CITY,(540) 982-2463,Emergency Department,OP-22,Left before being seen,Percentage,1,22428,,01/01/2024,12/31/2024
49011F,SALEM VA MEDICAL CENTER,1970 ROANOKE BOULEVARD,SALEM,VA,24153,SALEM CITY,(540) 982-2463,Emergency Department,OP-23,Head CT results,Percentage,Not Available,Not Available,5,10/01/2024,09/30/2025
49011F,SALEM VA MEDICAL CENTER,1970 ROANOKE BOULEVARD,SALEM,VA,24153,SALEM CITY,(540) 982-2463,Colonoscopy care,OP-29,Endoscopy/polyp surveillance: appropriate follow-up interval for normal colonoscopy in average risk patients,Percentage,100,40,,01/01/2024,12/31/2024
49011F,SALEM VA MEDICAL CENTER,1970 ROANOKE BOULEVARD,SALEM,VA,24153,SALEM CITY,(540) 982-2463,Sepsis Care,SEP-1,Appropriate care for severe sepsis and septic shock,Percentage,70,73,,10/01/2024,09/30/2025
49011F,SALEM VA MEDICAL CENTER,1970 ROANOKE BOULEVARD,SALEM,VA,24153,SALEM CITY,(540) 982-2463,Electronic Clinical Quality Measure,STK-02,Discharged on Antithrombotic Therapy,Percentage,86,43,,01/01/2024,12/31/2024
49011F,SALEM VA MEDICAL CENTER,1970 ROANOKE BOULEVARD,SALEM,VA,24153,SALEM CITY,(540) 982-2463,Electronic Clinical Quality Measure,VTE-1,Venous Thromboembolism Prophylaxis,Percentage,72,1273,,01/01/2024,12/31/2024
49011F,SALEM VA MEDICAL CENTER,1970 ROANOKE BOULEVARD,SALEM,VA,24153,SALEM CITY,(540) 982-2463,Electronic Clinical Quality Measure,VTE-2,Intensive Care Unit Venous Thromboembolism Prophylaxis,Percentage,78,266,,01/01/2024,12/31/2024
50011F,SPOKANE VA MEDICAL CENTER,4815 N. ASSEMBLY STREET,SPOKANE,WA,99205,SPOKANE,(509) 434-7000,Emergency Department,EDV,Emergency department volume,Text,low,,,01/01/2024,12/31/2024
50011F,SPOKANE VA MEDICAL CENTER,4815 N. ASSEMBLY STREET,SPOKANE,WA,99205,SPOKANE,(509) 434-7000,Healthcare Personnel Vaccination,IMM-3,Healthcare workers given influenza vaccination,Percentage,79,1529,,10/01/2024,03/31/2025
50011F,SPOKANE VA MEDICAL CENTER,4815 N. ASSEMBLY STREET,SPOKANE,WA,99205,SPOKANE,(509) 434-7000,Emergency Department,OP-18b,"Average (median) time patients spent in the emergency department before leaving from the visit, excluding patients transferred to another facility or psychiatric care/mental health patients. A lower number of minutes is better",Minutes,Not Available,Not Available,5,10/01/2024,09/30/2025
50011F,SPOKANE VA MEDICAL CENTER,4815 N. ASSEMBLY STREET,SPOKANE,WA,99205,SPOKANE,(509) 434-7000,Emergency Department,OP-18c,Average (median) time psychiatric/mental health patients spent in the emergency department before leaving from the visit. A lower number of minutes is better,Minutes,Not Available,Not Available,5,10/01/2024,09/30/2025
50011F,SPOKANE VA MEDICAL CENTER,4815 N. ASSEMBLY STREET,SPOKANE,WA,99205,SPOKANE,(509) 434-7000,Emergency Department,OP-22,Left before being seen,Percentage,1,19465,,01/01/2024,12/31/2024
50011F,SPOKANE VA MEDICAL CENTER,4815 N. ASSEMBLY STREET,SPOKANE,WA,99205,SPOKANE,(509) 434-7000,Emergency Department,OP-23,Head CT results,Percentage,Not Available,Not Available,5,10/01/2024,09/30/2025
50011F,SPOKANE VA MEDICAL CENTER,4815 N. ASSEMBLY STREET,SPOKANE,WA,99205,SPOKANE,(509) 434-7000,Colonoscopy care,OP-29,Endoscopy/polyp surveillance: appropriate follow-up interval for normal colonoscopy in average risk patients,Percentage,100,26,,01/01/2024,12/31/2024
50011F,SPOKANE VA MEDICAL CENTER,4815 N. ASSEMBLY STREET,SPOKANE,WA,99205,SPOKANE,(509) 434-7000,Sepsis Care,SEP-1,Appropriate care for severe sepsis and septic shock,Percentage,64,47,,10/01/2024,09/30/2025
50011F,SPOKANE VA MEDICAL CENTER,4815 N. ASSEMBLY STREET,SPOKANE,WA,99205,SPOKANE,(509) 434-7000,Electronic Clinical Quality Measure,STK-02,Discharged on Antithrombotic Therapy,Percentage,Not Available,Not Available,5,01/01/2024,12/31/2024
50011F,SPOKANE VA MEDICAL CENTER,4815 N. ASSEMBLY STREET,SPOKANE,WA,99205,SPOKANE,(509) 434-7000,Electronic Clinical Quality Measure,VTE-1,Venous Thromboembolism Prophylaxis,Percentage,Not Available,Not Available,5,01/01/2024,12/31/2024
50011F,SPOKANE VA MEDICAL CENTER,4815 N. ASSEMBLY STREET,SPOKANE,WA,99205,SPOKANE,(509) 434-7000,Electronic Clinical Quality Measure,VTE-2,Intensive Care Unit Venous Thromboembolism Prophylaxis,Percentage,Not Available,Not Available,5,01/01/2024,12/31/2024
50030F,SEATTLE VA MEDICAL CENTER (VA PUGET SOUND HEALTHCARE SYSTEM),1660 S. COLUMBIAN WAY,SEATTLE,WA,98108,KING,(206) 764-2299,Emergency Department,EDV,Emergency department volume,Text,low,,,01/01/2024,12/31/2024
50030F,SEATTLE VA MEDICAL CENTER (VA PUGET SOUND HEALTHCARE SYSTEM),1660 S. COLUMBIAN WAY,SEATTLE,WA,98108,KING,(206) 764-2299,Healthcare Personnel Vaccination,IMM-3,Healthcare workers given influenza vaccination,Percentage,88,4803,,10/01/2024,03/31/2025
50030F,SEATTLE VA MEDICAL CENTER (VA PUGET SOUND HEALTHCARE SYSTEM),1660 S. COLUMBIAN WAY,SEATTLE,WA,98108,KING,(206) 764-2299,Emergency Department,OP-18b,"Average (median) time patients spent in the emergency department before leaving from the visit, excluding patients transferred to another facility or psychiatric care/mental health patients. A lower number of minutes is better",Minutes,123,136,,10/01/2024,09/30/2025
50030F,SEATTLE VA MEDICAL CENTER (VA PUGET SOUND HEALTHCARE SYSTEM),1660 S. COLUMBIAN WAY,SEATTLE,WA,98108,KING,(206) 764-2299,Emergency Department,OP-18c,Average (median) time psychiatric/mental health patients spent in the emergency department before leaving from the visit. A lower number of minutes is better,Minutes,311,19,,10/01/2024,09/30/2025
50030F,SEATTLE VA MEDICAL CENTER (VA PUGET SOUND HEALTHCARE SYSTEM),1660 S. COLUMBIAN WAY,SEATTLE,WA,98108,KING,(206) 764-2299,Emergency Department,OP-22,Left before being seen,Percentage,1,18964,,01/01/2024,12/31/2024
50030F,SEATTLE VA MEDICAL CENTER (VA PUGET SOUND HEALTHCARE SYSTEM),1660 S. COLUMBIAN WAY,SEATTLE,WA,98108,KING,(206) 764-2299,Emergency Department,OP-23,Head CT results,Percentage,Not Available,Not Available,1,10/01/2024,09/30/2025
50030F,SEATTLE VA MEDICAL CENTER (VA PUGET SOUND HEALTHCARE SYSTEM),1660 S. COLUMBIAN WAY,SEATTLE,WA,98108,KING,(206) 764-2299,Colonoscopy care,OP-29,Endoscopy/polyp surveillance: appropriate follow-up interval for normal colonoscopy in average risk patients,Percentage,92,12,,01/01/2024,12/31/2024
50030F,SEATTLE VA MEDICAL CENTER (VA PUGET SOUND HEALTHCARE SYSTEM),1660 S. COLUMBIAN WAY,SEATTLE,WA,98108,KING,(206) 764-2299,Sepsis Care,SEP-1,Appropriate care for severe sepsis and septic shock,Percentage,54,122,,10/01/2024,09/30/2025
50030F,SEATTLE VA MEDICAL CENTER (VA PUGET SOUND HEALTHCARE SYSTEM),1660 S. COLUMBIAN WAY,SEATTLE,WA,98108,KING,(206) 764-2299,Electronic Clinical Quality Measure,STK-02,Discharged on Antithrombotic Therapy,Percentage,100,28,,01/01/2024,12/31/2024
50030F,SEATTLE VA MEDICAL CENTER (VA PUGET SOUND HEALTHCARE SYSTEM),1660 S. COLUMBIAN WAY,SEATTLE,WA,98108,KING,(206) 764-2299,Electronic Clinical Quality Measure,VTE-1,Venous Thromboembolism Prophylaxis,Percentage,80,2086,,01/01/2024,12/31/2024
50030F,SEATTLE VA MEDICAL CENTER (VA PUGET SOUND HEALTHCARE SYSTEM),1660 S. COLUMBIAN WAY,SEATTLE,WA,98108,KING,(206) 764-2299,Electronic Clinical Quality Measure,VTE-2,Intensive Care Unit Venous Thromboembolism Prophylaxis,Percentage,77,568,,01/01/2024,12/31/2024
51002F,BECKLEY VA MEDICAL CENTER,200 VETERANS AVENUE,BECKLEY,WV,25801,RALEIGH,(304) 255-2121,Emergency Department,EDV,Emergency department volume,Text,low,,,01/01/2024,12/31/2024
51002F,BECKLEY VA MEDICAL CENTER,200 VETERANS AVENUE,BECKLEY,WV,25801,RALEIGH,(304) 255-2121,Healthcare Personnel Vaccination,IMM-3,Healthcare workers given influenza vaccination,Percentage,85,929,,10/01/2024,03/31/2025
51002F,BECKLEY VA MEDICAL CENTER,200 VETERANS AVENUE,BECKLEY,WV,25801,RALEIGH,(304) 255-2121,Emergency Department,OP-18b,"Average (median) time patients spent in the emergency department before leaving from the visit, excluding patients transferred to another facility or psychiatric care/mental health patients. A lower number of minutes is better",Minutes,Not Available,Not Available,5,10/01/2024,09/30/2025
51002F,BECKLEY VA MEDICAL CENTER,200 VETERANS AVENUE,BECKLEY,WV,25801,RALEIGH,(304) 255-2121,Emergency Department,OP-18c,Average (median) time psychiatric/mental health patients spent in the emergency department before leaving from the visit. A lower number of minutes is better,Minutes,Not Available,Not Available,5,10/01/2024,09/30/2025
51002F,BECKLEY VA MEDICAL CENTER,200 VETERANS AVENUE,BECKLEY,WV,25801,RALEIGH,(304) 255-2121,Emergency Department,OP-22,Left before being seen,Percentage,0,10018,,01/01/2024,12/31/2024
51002F,BECKLEY VA MEDICAL CENTER,200 VETERANS AVENUE,BECKLEY,WV,25801,RALEIGH,(304) 255-2121,Emergency Department,OP-23,Head CT results,Percentage,Not Available,Not Available,5,10/01/2024,09/30/2025
51002F,BECKLEY VA MEDICAL CENTER,200 VETERANS AVENUE,BECKLEY,WV,25801,RALEIGH,(304) 255-2121,Colonoscopy care,OP-29,Endoscopy/polyp surveillance: appropriate follow-up interval for normal colonoscopy in average risk patients,Percentage,64,14,,01/01/2024,12/31/2024
51002F,BECKLEY VA MEDICAL CENTER,200 VETERANS AVENUE,BECKLEY,WV,25801,RALEIGH,(304) 255-2121,Sepsis Care,SEP-1,Appropriate care for severe sepsis and septic shock,Percentage,54,46,,10/01/2024,09/30/2025
51002F,BECKLEY VA MEDICAL CENTER,200 VETERANS AVENUE,BECKLEY,WV,25801,RALEIGH,(304) 255-2121,Electronic Clinical Quality Measure,STK-02,Discharged on Antithrombotic Therapy,Percentage,Not Available,Not Available,1,01/01/2024,12/31/2024
51002F,BECKLEY VA MEDICAL CENTER,200 VETERANS AVENUE,BECKLEY,WV,25801,RALEIGH,(304) 255-2121,Electronic Clinical Quality Measure,VTE-1,Venous Thromboembolism Prophylaxis,Percentage,85,373,,01/01/2024,12/31/2024
51002F,BECKLEY VA MEDICAL CENTER,200 VETERANS AVENUE,BECKLEY,WV,25801,RALEIGH,(304) 255-2121,Electronic Clinical Quality Measure,VTE-2,Intensive Care Unit Venous Thromboembolism Prophylaxis,Percentage,Not Available,Not Available,1,01/01/2024,12/31/2024
51003F,CLARKSBURG VA MEDICAL CENTER,1 MEDICAL CENTER DRIVE,CLARKSBURG,WV,26301,HARRISON,(304) 623-3461,Emergency Department,EDV,Emergency department volume,Text,low,,,01/01/2024,12/31/2024
51003F,CLARKSBURG VA MEDICAL CENTER,1 MEDICAL CENTER DRIVE,CLARKSBURG,WV,26301,HARRISON,(304) 623-3461,Healthcare Personnel Vaccination,IMM-3,Healthcare workers given influenza vaccination,Percentage,75,1286,,10/01/2024,03/31/2025
51003F,CLARKSBURG VA MEDICAL CENTER,1 MEDICAL CENTER DRIVE,CLARKSBURG,WV,26301,HARRISON,(304) 623-3461,Emergency Department,OP-18b,"Average (median) time patients spent in the emergency department before leaving from the visit, excluding patients transferred to another facility or psychiatric care/mental health patients. A lower number of minutes is better",Minutes,Not Available,Not Available,5,10/01/2024,09/30/2025
51003F,CLARKSBURG VA MEDICAL CENTER,1 MEDICAL CENTER DRIVE,CLARKSBURG,WV,26301,HARRISON,(304) 623-3461,Emergency Department,OP-18c,Average (median) time psychiatric/mental health patients spent in the emergency department before leaving from the visit. A lower number of minutes is better,Minutes,Not Available,Not Available,5,10/01/2024,09/30/2025
51003F,CLARKSBURG VA MEDICAL CENTER,1 MEDICAL CENTER DRIVE,CLARKSBURG,WV,26301,HARRISON,(304) 623-3461,Emergency Department,OP-22,Left before being seen,Percentage,1,10226,,01/01/2024,12/31/2024
51003F,CLARKSBURG VA MEDICAL CENTER,1 MEDICAL CENTER DRIVE,CLARKSBURG,WV,26301,HARRISON,(304) 623-3461,Emergency Department,OP-23,Head CT results,Percentage,Not Available,Not Available,5,10/01/2024,09/30/2025
51003F,CLARKSBURG VA MEDICAL CENTER,1 MEDICAL CENTER DRIVE,CLARKSBURG,WV,26301,HARRISON,(304) 623-3461,Colonoscopy care,OP-29,Endoscopy/polyp surveillance: appropriate follow-up interval for normal colonoscopy in average risk patients,Percentage,94,47,,01/01/2024,12/31/2024
51003F,CLARKSBURG VA MEDICAL CENTER,1 MEDICAL CENTER DRIVE,CLARKSBURG,WV,26301,HARRISON,(304) 623-3461,Sepsis Care,SEP-1,Appropriate care for severe sepsis and septic shock,Percentage,68,82,,10/01/2024,09/30/2025
51003F,CLARKSBURG VA MEDICAL CENTER,1 MEDICAL CENTER DRIVE,CLARKSBURG,WV,26301,HARRISON,(304) 623-3461,Electronic Clinical Quality Measure,STK-02,Discharged on Antithrombotic Therapy,Percentage,Not Available,Not Available,1,01/01/2024,12/31/2024
51003F,CLARKSBURG VA MEDICAL CENTER,1 MEDICAL CENTER DRIVE,CLARKSBURG,WV,26301,HARRISON,(304) 623-3461,Electronic Clinical Quality Measure,VTE-1,Venous Thromboembolism Prophylaxis,Percentage,85,975,,01/01/2024,12/31/2024
51003F,CLARKSBURG VA MEDICAL CENTER,1 MEDICAL CENTER DRIVE,CLARKSBURG,WV,26301,HARRISON,(304) 623-3461,Electronic Clinical Quality Measure,VTE-2,Intensive Care Unit Venous Thromboembolism Prophylaxis,Percentage,76,76,,01/01/2024,12/31/2024
51004F,HUNTINGTON VA MEDICAL CENTER,1540 SPRING VALLEY ROAD,HUNTINGTON,WV,25704,WAYNE,(304) 429-0241,Emergency Department,EDV,Emergency department volume,Text,low,,,01/01/2024,12/31/2024
51004F,HUNTINGTON VA MEDICAL CENTER,1540 SPRING VALLEY ROAD,HUNTINGTON,WV,25704,WAYNE,(304) 429-0241,Healthcare Personnel Vaccination,IMM-3,Healthcare workers given influenza vaccination,Percentage,71,1614,,10/01/2024,03/31/2025
51004F,HUNTINGTON VA MEDICAL CENTER,1540 SPRING VALLEY ROAD,HUNTINGTON,WV,25704,WAYNE,(304) 429-0241,Emergency Department,OP-18b,"Average (median) time patients spent in the emergency department before leaving from the visit, excluding patients transferred to another facility or psychiatric care/mental health patients. A lower number of minutes is better",Minutes,Not Available,Not Available,5,10/01/2024,09/30/2025
51004F,HUNTINGTON VA MEDICAL CENTER,1540 SPRING VALLEY ROAD,HUNTINGTON,WV,25704,WAYNE,(304) 429-0241,Emergency Department,OP-18c,Average (median) time psychiatric/mental health patients spent in the emergency department before leaving from the visit. A lower number of minutes is better,Minutes,Not Available,Not Available,5,10/01/2024,09/30/2025
51004F,HUNTINGTON VA MEDICAL CENTER,1540 SPRING VALLEY ROAD,HUNTINGTON,WV,25704,WAYNE,(304) 429-0241,Emergency Department,OP-22,Left before being seen,Percentage,1,10315,,01/01/2024,12/31/2024
51004F,HUNTINGTON VA MEDICAL CENTER,1540 SPRING VALLEY ROAD,HUNTINGTON,WV,25704,WAYNE,(304) 429-0241,Emergency Department,OP-23,Head CT results,Percentage,Not Available,Not Available,5,10/01/2024,09/30/2025
51004F,HUNTINGTON VA MEDICAL CENTER,1540 SPRING VALLEY ROAD,HUNTINGTON,WV,25704,WAYNE,(304) 429-0241,Colonoscopy care,OP-29,Endoscopy/polyp surveillance: appropriate follow-up interval for normal colonoscopy in average risk patients,Percentage,86,50,,01/01/2024,12/31/2024
51004F,HUNTINGTON VA MEDICAL CENTER,1540 SPRING VALLEY ROAD,HUNTINGTON,WV,25704,WAYNE,(304) 429-0241,Sepsis Care,SEP-1,Appropriate care for severe sepsis and septic shock,Percentage,47,51,,10/01/2024,09/30/2025
51004F,HUNTINGTON VA MEDICAL CENTER,1540 SPRING VALLEY ROAD,HUNTINGTON,WV,25704,WAYNE,(304) 429-0241,Electronic Clinical Quality Measure,STK-02,Discharged on Antithrombotic Therapy,Percentage,Not Available,Not Available,1,01/01/2024,12/31/2024
51004F,HUNTINGTON VA MEDICAL CENTER,1540 SPRING VALLEY ROAD,HUNTINGTON,WV,25704,WAYNE,(304) 429-0241,Electronic Clinical Quality Measure,VTE-1,Venous Thromboembolism Prophylaxis,Percentage,88,1167,,01/01/2024,12/31/2024
51004F,HUNTINGTON VA MEDICAL CENTER,1540 SPRING VALLEY ROAD,HUNTINGTON,WV,25704,WAYNE,(304) 429-0241,Electronic Clinical Quality Measure,VTE-2,Intensive Care Unit Venous Thromboembolism Prophylaxis,Percentage,86,140,,01/01/2024,12/31/2024
51005F,MARTINSBURG VA MEDICAL CENTER,510 BUTLER AVE.,MARTINSBURG,WV,25405,BERKELEY,(304) 263-0811,Emergency Department,EDV,Emergency department volume,Text,low,,,01/01/2024,12/31/2024
51005F,MARTINSBURG VA MEDICAL CENTER,510 BUTLER AVE.,MARTINSBURG,WV,25405,BERKELEY,(304) 263-0811,Healthcare Personnel Vaccination,IMM-3,Healthcare workers given influenza vaccination,Percentage,80,2172,,10/01/2024,03/31/2025
51005F,MARTINSBURG VA MEDICAL CENTER,510 BUTLER AVE.,MARTINSBURG,WV,25405,BERKELEY,(304) 263-0811,Emergency Department,OP-18b,"Average (median) time patients spent in the emergency department before leaving from the visit, excluding patients transferred to another facility or psychiatric care/mental health patients. A lower number of minutes is better",Minutes,Not Available,Not Available,5,10/01/2024,09/30/2025
51005F,MARTINSBURG VA MEDICAL CENTER,510 BUTLER AVE.,MARTINSBURG,WV,25405,BERKELEY,(304) 263-0811,Emergency Department,OP-18c,Average (median) time psychiatric/mental health patients spent in the emergency department before leaving from the visit. A lower number of minutes is better,Minutes,Not Available,Not Available,5,10/01/2024,09/30/2025
51005F,MARTINSBURG VA MEDICAL CENTER,510 BUTLER AVE.,MARTINSBURG,WV,25405,BERKELEY,(304) 263-0811,Emergency Department,OP-22,Left before being seen,Percentage,2,12609,,01/01/2024,12/31/2024
51005F,MARTINSBURG VA MEDICAL CENTER,510 BUTLER AVE.,MARTINSBURG,WV,25405,BERKELEY,(304) 263-0811,Emergency Department,OP-23,Head CT results,Percentage,Not Available,Not Available,5,10/01/2024,09/30/2025
51005F,MARTINSBURG VA MEDICAL CENTER,510 BUTLER AVE.,MARTINSBURG,WV,25405,BERKELEY,(304) 263-0811,Colonoscopy care,OP-29,Endoscopy/polyp surveillance: appropriate follow-up interval for normal colonoscopy in average risk patients,Percentage,86,58,,01/01/2024,12/31/2024
51005F,MARTINSBURG VA MEDICAL CENTER,510 BUTLER AVE.,MARTINSBURG,WV,25405,BERKELEY,(304) 263-0811,Sepsis Care,SEP-1,Appropriate care for severe sepsis and septic shock,Percentage,47,51,,10/01/2024,09/30/2025
51005F,MARTINSBURG VA MEDICAL CENTER,510 BUTLER AVE.,MARTINSBURG,WV,25405,BERKELEY,(304) 263-0811,Electronic Clinical Quality Measure,STK-02,Discharged on Antithrombotic Therapy,Percentage,Not Available,Not Available,1,01/01/2024,12/31/2024
51005F,MARTINSBURG VA MEDICAL CENTER,510 BUTLER AVE.,MARTINSBURG,WV,25405,BERKELEY,(304) 263-0811,Electronic Clinical Quality Measure,VTE-1,Venous Thromboembolism Prophylaxis,Percentage,83,851,,01/01/2024,12/31/2024
51005F,MARTINSBURG VA MEDICAL CENTER,510 BUTLER AVE.,MARTINSBURG,WV,25405,BERKELEY,(304) 263-0811,Electronic Clinical Quality Measure,VTE-2,Intensive Care Unit Venous Thromboembolism Prophylaxis,Percentage,77,189,,01/01/2024,12/31/2024
52002F,TOMAH VA MEDICAL CENTER,500 EAST VETERANS STREET,TOMAH,WI,54660,MONROE,(608) 372-3971,Emergency Department,EDV,Emergency department volume,Text,low,,,01/01/2024,12/31/2024
52002F,TOMAH VA MEDICAL CENTER,500 EAST VETERANS STREET,TOMAH,WI,54660,MONROE,(608) 372-3971,Healthcare Personnel Vaccination,IMM-3,Healthcare workers given influenza vaccination,Percentage,79,1429,,10/01/2024,03/31/2025
52002F,TOMAH VA MEDICAL CENTER,500 EAST VETERANS STREET,TOMAH,WI,54660,MONROE,(608) 372-3971,Emergency Department,OP-18b,"Average (median) time patients spent in the emergency department before leaving from the visit, excluding patients transferred to another facility or psychiatric care/mental health patients. A lower number of minutes is better",Minutes,Not Available,Not Available,5,10/01/2024,09/30/2025
52002F,TOMAH VA MEDICAL CENTER,500 EAST VETERANS STREET,TOMAH,WI,54660,MONROE,(608) 372-3971,Emergency Department,OP-18c,Average (median) time psychiatric/mental health patients spent in the emergency department before leaving from the visit. A lower number of minutes is better,Minutes,Not Available,Not Available,5,10/01/2024,09/30/2025
52002F,TOMAH VA MEDICAL CENTER,500 EAST VETERANS STREET,TOMAH,WI,54660,MONROE,(608) 372-3971,Emergency Department,OP-22,Left before being seen,Percentage,0,4637,,01/01/2024,12/31/2024
52002F,TOMAH VA MEDICAL CENTER,500 EAST VETERANS STREET,TOMAH,WI,54660,MONROE,(608) 372-3971,Emergency Department,OP-23,Head CT results,Percentage,Not Available,Not Available,5,10/01/2024,09/30/2025
52002F,TOMAH VA MEDICAL CENTER,500 EAST VETERANS STREET,TOMAH,WI,54660,MONROE,(608) 372-3971,Colonoscopy care,OP-29,Endoscopy/polyp surveillance: appropriate follow-up interval for normal colonoscopy in average risk patients,Percentage,Not Available,Not Available,5,01/01/2024,12/31/2024
52002F,TOMAH VA MEDICAL CENTER,500 EAST VETERANS STREET,TOMAH,WI,54660,MONROE,(608) 372-3971,Sepsis Care,SEP-1,Appropriate care for severe sepsis and septic shock,Percentage,Not Available,Not Available,5,10/01/2024,09/30/2025
52002F,TOMAH VA MEDICAL CENTER,500 EAST VETERANS STREET,TOMAH,WI,54660,MONROE,(608) 372-3971,Electronic Clinical Quality Measure,STK-02,Discharged on Antithrombotic Therapy,Percentage,Not Available,Not Available,5,01/01/2024,12/31/2024
52002F,TOMAH VA MEDICAL CENTER,500 EAST VETERANS STREET,TOMAH,WI,54660,MONROE,(608) 372-3971,Electronic Clinical Quality Measure,VTE-1,Venous Thromboembolism Prophylaxis,Percentage,58,93,,01/01/2024,12/31/2024
52002F,TOMAH VA MEDICAL CENTER,500 EAST VETERANS STREET,TOMAH,WI,54660,MONROE,(608) 372-3971,Electronic Clinical Quality Measure,VTE-2,Intensive Care Unit Venous Thromboembolism Prophylaxis,Percentage,Not Available,Not Available,5,01/01/2024,12/31/2024
52003F,MILWAUKEE VA MEDICAL CENTER,5000 W. NATIONAL AVENUE,MILWAUKEE,WI,53295,MILWAUKEE,(414) 384-2000,Emergency Department,EDV,Emergency department volume,Text,medium,,,01/01/2024,12/31/2024
52003F,MILWAUKEE VA MEDICAL CENTER,5000 W. NATIONAL AVENUE,MILWAUKEE,WI,53295,MILWAUKEE,(414) 384-2000,Healthcare Personnel Vaccination,IMM-3,Healthcare workers given influenza vaccination,Percentage,90,4527,,10/01/2024,03/31/2025
52003F,MILWAUKEE VA MEDICAL CENTER,5000 W. NATIONAL AVENUE,MILWAUKEE,WI,53295,MILWAUKEE,(414) 384-2000,Emergency Department,OP-18b,"Average (median) time patients spent in the emergency department before leaving from the visit, excluding patients transferred to another facility or psychiatric care/mental health patients. A lower number of minutes is better",Minutes,148,202,,10/01/2024,09/30/2025
52003F,MILWAUKEE VA MEDICAL CENTER,5000 W. NATIONAL AVENUE,MILWAUKEE,WI,53295,MILWAUKEE,(414) 384-2000,Emergency Department,OP-18c,Average (median) time psychiatric/mental health patients spent in the emergency department before leaving from the visit. A lower number of minutes is better,Minutes,205,34,,10/01/2024,09/30/2025
52003F,MILWAUKEE VA MEDICAL CENTER,5000 W. NATIONAL AVENUE,MILWAUKEE,WI,53295,MILWAUKEE,(414) 384-2000,Emergency Department,OP-22,Left before being seen,Percentage,2,24016,,01/01/2024,12/31/2024
52003F,MILWAUKEE VA MEDICAL CENTER,5000 W. NATIONAL AVENUE,MILWAUKEE,WI,53295,MILWAUKEE,(414) 384-2000,Emergency Department,OP-23,Head CT results,Percentage,Not Available,Not Available,1,10/01/2024,09/30/2025
52003F,MILWAUKEE VA MEDICAL CENTER,5000 W. NATIONAL AVENUE,MILWAUKEE,WI,53295,MILWAUKEE,(414) 384-2000,Colonoscopy care,OP-29,Endoscopy/polyp surveillance: appropriate follow-up interval for normal colonoscopy in average risk patients,Percentage,100,35,,01/01/2024,12/31/2024
52003F,MILWAUKEE VA MEDICAL CENTER,5000 W. NATIONAL AVENUE,MILWAUKEE,WI,53295,MILWAUKEE,(414) 384-2000,Sepsis Care,SEP-1,Appropriate care for severe sepsis and septic shock,Percentage,63,139,,10/01/2024,09/30/2025
52003F,MILWAUKEE VA MEDICAL CENTER,5000 W. NATIONAL AVENUE,MILWAUKEE,WI,53295,MILWAUKEE,(414) 384-2000,Electronic Clinical Quality Measure,STK-02,Discharged on Antithrombotic Therapy,Percentage,100,43,,01/01/2024,12/31/2024
52003F,MILWAUKEE VA MEDICAL CENTER,5000 W. NATIONAL AVENUE,MILWAUKEE,WI,53295,MILWAUKEE,(414) 384-2000,Electronic Clinical Quality Measure,VTE-1,Venous Thromboembolism Prophylaxis,Percentage,75,3085,,01/01/2024,12/31/2024
52003F,MILWAUKEE VA MEDICAL CENTER,5000 W. NATIONAL AVENUE,MILWAUKEE,WI,53295,MILWAUKEE,(414) 384-2000,Electronic Clinical Quality Measure,VTE-2,Intensive Care Unit Venous Thromboembolism Prophylaxis,Percentage,70,468,,01/01/2024,12/31/2024
52004F,MADISON VA MEDICAL CENTER,2500 OVERLOOK TERRACE,MADISON,WI,53705,DANE,(608) 256-1901,Emergency Department,EDV,Emergency department volume,Text,low,,,01/01/2024,12/31/2024
52004F,MADISON VA MEDICAL CENTER,2500 OVERLOOK TERRACE,MADISON,WI,53705,DANE,(608) 256-1901,Healthcare Personnel Vaccination,IMM-3,Healthcare workers given influenza vaccination,Percentage,91,2733,,10/01/2024,03/31/2025
52004F,MADISON VA MEDICAL CENTER,2500 OVERLOOK TERRACE,MADISON,WI,53705,DANE,(608) 256-1901,Emergency Department,OP-18b,"Average (median) time patients spent in the emergency department before leaving from the visit, excluding patients transferred to another facility or psychiatric care/mental health patients. A lower number of minutes is better",Minutes,Not Available,Not Available,5,10/01/2024,09/30/2025
52004F,MADISON VA MEDICAL CENTER,2500 OVERLOOK TERRACE,MADISON,WI,53705,DANE,(608) 256-1901,Emergency Department,OP-18c,Average (median) time psychiatric/mental health patients spent in the emergency department before leaving from the visit. A lower number of minutes is better,Minutes,Not Available,Not Available,5,10/01/2024,09/30/2025
52004F,MADISON VA MEDICAL CENTER,2500 OVERLOOK TERRACE,MADISON,WI,53705,DANE,(608) 256-1901,Emergency Department,OP-22,Left before being seen,Percentage,0,14376,,01/01/2024,12/31/2024
52004F,MADISON VA MEDICAL CENTER,2500 OVERLOOK TERRACE,MADISON,WI,53705,DANE,(608) 256-1901,Emergency Department,OP-23,Head CT results,Percentage,Not Available,Not Available,5,10/01/2024,09/30/2025
52004F,MADISON VA MEDICAL CENTER,2500 OVERLOOK TERRACE,MADISON,WI,53705,DANE,(608) 256-1901,Colonoscopy care,OP-29,Endoscopy/polyp surveillance: appropriate follow-up interval for normal colonoscopy in average risk patients,Percentage,79,29,,01/01/2024,12/31/2024
52004F,MADISON VA MEDICAL CENTER,2500 OVERLOOK TERRACE,MADISON,WI,53705,DANE,(608) 256-1901,Sepsis Care,SEP-1,Appropriate care for severe sepsis and septic shock,Percentage,73,104,,10/01/2024,09/30/2025
52004F,MADISON VA MEDICAL CENTER,2500 OVERLOOK TERRACE,MADISON,WI,53705,DANE,(608) 256-1901,Electronic Clinical Quality Measure,STK-02,Discharged on Antithrombotic Therapy,Percentage,97,39,,01/01/2024,12/31/2024
52004F,MADISON VA MEDICAL CENTER,2500 OVERLOOK TERRACE,MADISON,WI,53705,DANE,(608) 256-1901,Electronic Clinical Quality Measure,VTE-1,Venous Thromboembolism Prophylaxis,Percentage,77,2342,,01/01/2024,12/31/2024
52004F,MADISON VA MEDICAL CENTER,2500 OVERLOOK TERRACE,MADISON,WI,53705,DANE,(608) 256-1901,Electronic Clinical Quality Measure,VTE-2,Intensive Care Unit Venous Thromboembolism Prophylaxis,Percentage,72,297,,01/01/2024,12/31/2024
53004F,CHEYENNE VA MEDICAL CENTER,2360 E. PERSHING BLVD.,CHEYENNE,WY,82001,LARAMIE,(307) 778-7300,Emergency Department,EDV,Emergency department volume,Text,low,,,01/01/2024,12/31/2024
53004F,CHEYENNE VA MEDICAL CENTER,2360 E. PERSHING BLVD.,CHEYENNE,WY,82001,LARAMIE,(307) 778-7300,Healthcare Personnel Vaccination,IMM-3,Healthcare workers given influenza vaccination,Percentage,88,1368,,10/01/2024,03/31/2025
53004F,CHEYENNE VA MEDICAL CENTER,2360 E. PERSHING BLVD.,CHEYENNE,WY,82001,LARAMIE,(307) 778-7300,Emergency Department,OP-18b,"Average (median) time patients spent in the emergency department before leaving from the visit, excluding patients transferred to another facility or psychiatric care/mental health patients. A lower number of minutes is better",Minutes,Not Available,Not Available,5,10/01/2024,09/30/2025
53004F,CHEYENNE VA MEDICAL CENTER,2360 E. PERSHING BLVD.,CHEYENNE,WY,82001,LARAMIE,(307) 778-7300,Emergency Department,OP-18c,Average (median) time psychiatric/mental health patients spent in the emergency department before leaving from the visit. A lower number of minutes is better,Minutes,Not Available,Not Available,5,10/01/2024,09/30/2025
53004F,CHEYENNE VA MEDICAL CENTER,2360 E. PERSHING BLVD.,CHEYENNE,WY,82001,LARAMIE,(307) 778-7300,Emergency Department,OP-22,Left before being seen,Percentage,0,6319,,01/01/2024,12/31/2024
53004F,CHEYENNE VA MEDICAL CENTER,2360 E. PERSHING BLVD.,CHEYENNE,WY,82001,LARAMIE,(307) 778-7300,Emergency Department,OP-23,Head CT results,Percentage,Not Available,Not Available,5,10/01/2024,09/30/2025
53004F,CHEYENNE VA MEDICAL CENTER,2360 E. PERSHING BLVD.,CHEYENNE,WY,82001,LARAMIE,(307) 778-7300,Colonoscopy care,OP-29,Endoscopy/polyp surveillance: appropriate follow-up interval for normal colonoscopy in average risk patients,Percentage,100,13,,01/01/2024,12/31/2024
53004F,CHEYENNE VA MEDICAL CENTER,2360 E. PERSHING BLVD.,CHEYENNE,WY,82001,LARAMIE,(307) 778-7300,Sepsis Care,SEP-1,Appropriate care for severe sepsis and septic shock,Percentage,57,14,,10/01/2024,09/30/2025
53004F,CHEYENNE VA MEDICAL CENTER,2360 E. PERSHING BLVD.,CHEYENNE,WY,82001,LARAMIE,(307) 778-7300,Electronic Clinical Quality Measure,STK-02,Discharged on Antithrombotic Therapy,Percentage,Not Available,Not Available,1,01/01/2024,12/31/2024
53004F,CHEYENNE VA MEDICAL CENTER,2360 E. PERSHING BLVD.,CHEYENNE,WY,82001,LARAMIE,(307) 778-7300,Electronic Clinical Quality Measure,VTE-1,Venous Thromboembolism Prophylaxis,Percentage,83,449,,01/01/2024,12/31/2024
53004F,CHEYENNE VA MEDICAL CENTER,2360 E. PERSHING BLVD.,CHEYENNE,WY,82001,LARAMIE,(307) 778-7300,Electronic Clinical Quality Measure,VTE-2,Intensive Care Unit Venous Thromboembolism Prophylaxis,Percentage,62,32,,01/01/2024,12/31/2024
53005F,SHERIDAN VA MEDICAL CENTER,1898 FORT ROAD,SHERIDAN,WY,82801,SHERIDAN,(307) 672-1675,Emergency Department,EDV,Emergency department volume,Text,Not Available,,5,01/01/2024,12/31/2024
53005F,SHERIDAN VA MEDICAL CENTER,1898 FORT ROAD,SHERIDAN,WY,82801,SHERIDAN,(307) 672-1675,Healthcare Personnel Vaccination,IMM-3,Healthcare workers given influenza vaccination,Percentage,71,792,,10/01/2024,03/31/2025
53005F,SHERIDAN VA MEDICAL CENTER,1898 FORT ROAD,SHERIDAN,WY,82801,SHERIDAN,(307) 672-1675,Emergency Department,OP-18b,"Average (median) time patients spent in the emergency department before leaving from the visit, excluding patients transferred to another facility or psychiatric care/mental health patients. A lower number of minutes is better",Minutes,Not Available,Not Available,5,10/01/2024,09/30/2025
53005F,SHERIDAN VA MEDICAL CENTER,1898 FORT ROAD,SHERIDAN,WY,82801,SHERIDAN,(307) 672-1675,Emergency Department,OP-18c,Average (median) time psychiatric/mental health patients spent in the emergency department before leaving from the visit. A lower number of minutes is better,Minutes,Not Available,Not Available,5,10/01/2024,09/30/2025
53005F,SHERIDAN VA MEDICAL CENTER,1898 FORT ROAD,SHERIDAN,WY,82801,SHERIDAN,(307) 672-1675,Emergency Department,OP-22,Left before being seen,Percentage,Not Available,Not Available,5,01/01/2024,12/31/2024
53005F,SHERIDAN VA MEDICAL CENTER,1898 FORT ROAD,SHERIDAN,WY,82801,SHERIDAN,(307) 672-1675,Emergency Department,OP-23,Head CT results,Percentage,Not Available,Not Available,5,10/01/2024,09/30/2025
53005F,SHERIDAN VA MEDICAL CENTER,1898 FORT ROAD,SHERIDAN,WY,82801,SHERIDAN,(307) 672-1675,Colonoscopy care,OP-29,Endoscopy/polyp surveillance: appropriate follow-up interval for normal colonoscopy in average risk patients,Percentage,Not Available,Not Available,5,01/01/2024,12/31/2024
53005F,SHERIDAN VA MEDICAL CENTER,1898 FORT ROAD,SHERIDAN,WY,82801,SHERIDAN,(307) 672-1675,Sepsis Care,SEP-1,Appropriate care for severe sepsis and septic shock,Percentage,Not Available,Not Available,5,10/01/2024,09/30/2025
53005F,SHERIDAN VA MEDICAL CENTER,1898 FORT ROAD,SHERIDAN,WY,82801,SHERIDAN,(307) 672-1675,Electronic Clinical Quality Measure,STK-02,Discharged on Antithrombotic Therapy,Percentage,Not Available,Not Available,1,01/01/2024,12/31/2024
53005F,SHERIDAN VA MEDICAL CENTER,1898 FORT ROAD,SHERIDAN,WY,82801,SHERIDAN,(307) 672-1675,Electronic Clinical Quality Measure,VTE-1,Venous Thromboembolism Prophylaxis,Percentage,69,127,,01/01/2024,12/31/2024
53005F,SHERIDAN VA MEDICAL CENTER,1898 FORT ROAD,SHERIDAN,WY,82801,SHERIDAN,(307) 672-1675,Electronic Clinical Quality Measure,VTE-2,Intensive Care Unit Venous Thromboembolism Prophylaxis,Percentage,Not Available,Not Available,5,01/01/2024,12/31/2024
