state,measure_id,hcahps_question,hcahps_answer_description,hcahps_answer_percent,start_date,end_date
AK,H_COMP_1_A_P,"Patients who reported that their nurses ""Always"" communicated well","Nurses ""always"" communicated well",81,10/01/2024,09/30/2025
AK,H_COMP_1_SN_P,"Patients who reported that their nurses ""Sometimes"" or ""Never"" communicated well","Nurses ""sometimes"" or ""never"" communicated well",3,10/01/2024,09/30/2025
AK,H_COMP_1_U_P,"Patients who reported that their nurses ""Usually"" communicated well","Nurses ""usually"" communicated well",16,10/01/2024,09/30/2025
AK,H_NURSE_RESPECT_A_P,"Patients who reported that their nurses ""Always"" treated them with courtesy and respect","Nurses ""always"" treated them with courtesy and  respect",88,10/01/2024,09/30/2025
AK,H_NURSE_RESPECT_SN_P,"Patients who reported that their nurses ""Sometimes"" or ""Never""  treated them with courtesy and respect","Nurses ""sometimes"" or ""never"" treated them with courtesy and  respect",2,10/01/2024,09/30/2025
AK,H_NURSE_RESPECT_U_P,"Patients who reported that their nurses ""Usually""  treated them with courtesy and respect","Nurses ""usually""  treated them with courtesy and  respect",10,10/01/2024,09/30/2025
AK,H_NURSE_LISTEN_A_P,"Patients who reported that their nurses ""Always"" listened carefully to them","Nurses ""always"" listened carefully",77,10/01/2024,09/30/2025
AK,H_NURSE_LISTEN_SN_P,"Patients who reported that their nurses ""Sometimes"" or ""Never"" listened carefully to them","Nurses ""sometimes"" or ""never"" listened carefully",4,10/01/2024,09/30/2025
AK,H_NURSE_LISTEN_U_P,"Patients who reported that their nurses ""Usually"" listened carefully to them","Nurses ""usually"" listened carefully",19,10/01/2024,09/30/2025
AK,H_NURSE_EXPLAIN_A_P,"Patients who reported that their nurses ""Always"" explained things in a way they could understand","Nurses ""always"" explained things so they could understand",76,10/01/2024,09/30/2025
AK,H_NURSE_EXPLAIN_SN_P,"Patients who reported that their nurses ""Sometimes"" or ""Never"" explained things in a way they could understand","Nurses ""sometimes"" or ""never"" explained things so they could understand",5,10/01/2024,09/30/2025
AK,H_NURSE_EXPLAIN_U_P,"Patients who reported that their nurses ""Usually"" explained things in a way they could understand","Nurses ""usually"" explained things so they could understand",19,10/01/2024,09/30/2025
AK,H_COMP_2_A_P,"Patients who reported that their doctors ""Always"" communicated well","Doctors ""always"" communicated well",80,10/01/2024,09/30/2025
AK,H_COMP_2_SN_P,"Patients who reported that their doctors ""Sometimes"" or ""Never"" communicated well","Doctors ""sometimes"" or ""never"" communicated well",4,10/01/2024,09/30/2025
AK,H_COMP_2_U_P,"Patients who reported that their doctors ""Usually"" communicated well","Doctors ""usually"" communicated well",16,10/01/2024,09/30/2025
AK,H_DOCTOR_RESPECT_A_P,"Patients who reported that their doctors ""Always"" treated them with courtesy and respect","Doctors ""always"" treated them with courtesy and  respect",87,10/01/2024,09/30/2025
AK,H_DOCTOR_RESPECT_SN_P,"Patients who reported that their doctors ""Sometimes"" or ""Never""  treated them with courtesy and respect","Doctors ""sometimes"" or ""never"" treated them with courtesy and  respect",3,10/01/2024,09/30/2025
AK,H_DOCTOR_RESPECT_U_P,"Patients who reported that their doctors ""Usually""  treated them with courtesy and respect","Doctors ""usually""  treated them with courtesy and  respect",10,10/01/2024,09/30/2025
AK,H_DOCTOR_LISTEN_A_P,"Patients who reported that their doctors ""Always"" listened carefully to them","Doctors ""always"" listened carefully",79,10/01/2024,09/30/2025
AK,H_DOCTOR_LISTEN_SN_P,"Patients who reported that their doctors ""Sometimes"" or ""Never"" listened carefully to them","Doctors ""sometimes"" or ""never"" listened carefully",4,10/01/2024,09/30/2025
AK,H_DOCTOR_LISTEN_U_P,"Patients who reported that their doctors ""Usually"" listened carefully to them","Doctors ""usually"" listened carefully",17,10/01/2024,09/30/2025
AK,H_DOCTOR_EXPLAIN_A_P,"Patients who reported that their doctors ""Always"" explained things in a way they could understand","Doctors ""always"" explained things so they could understand",75,10/01/2024,09/30/2025
AK,H_DOCTOR_EXPLAIN_SN_P,"Patients who reported that their doctors ""Sometimes"" or ""Never"" explained things in a way they could understand","Doctors ""sometimes"" or ""never"" explained things so they could understand",5,10/01/2024,09/30/2025
AK,H_DOCTOR_EXPLAIN_U_P,"Patients who reported that their doctors ""Usually"" explained things in a way they could understand","Doctors ""usually"" explained things so they could understand",20,10/01/2024,09/30/2025
AK,H_COMP_5_A_P,"Patients who reported that staff ""Always"" explained about medicines before giving it to them","Staff ""always"" explained",64,10/01/2024,09/30/2025
AK,H_COMP_5_SN_P,"Patients who reported that staff ""Sometimes"" or ""Never"" explained about medicines before giving it to them","Staff ""sometimes"" or ""never"" explained",17,10/01/2024,09/30/2025
AK,H_COMP_5_U_P,"Patients who reported that staff ""Usually"" explained about medicines before giving it to them","Staff ""usually"" explained",19,10/01/2024,09/30/2025
AK,H_MED_FOR_A_P,"Patients who reported that when receiving new medication the staff ""Always"" communicated what the medication was for","Staff ""always"" explained new medications",75,10/01/2024,09/30/2025
AK,H_MED_FOR_SN_P,"Patients who reported that when receiving new medication the staff ""Sometimes"" or ""Never"" communicated what the medication was for","Staff ""sometimes"" or ""never"" explained new medications",9,10/01/2024,09/30/2025
AK,H_MED_FOR_U_P,"Patients who reported that when receiving new medication the staff ""Usually"" communicated what the medication was for.","Staff ""usually"" explained new medications",16,10/01/2024,09/30/2025
AK,H_SIDE_EFFECTS_A_P,"Patients who reported that when receiving new medication the staff ""Always"" discussed possible side effects","Staff ""always"" explained possible side effects",52,10/01/2024,09/30/2025
AK,H_SIDE_EFFECTS_SN_P,"Patients who reported that when receiving new medication the staff ""Sometimes"" or ""Never"" discussed possible side effects","Staff ""sometimes"" or ""never"" explained possible side effects",25,10/01/2024,09/30/2025
AK,H_SIDE_EFFECTS_U_P,"Patients who reported that when receiving new medication the staff ""Usually"" discussed possible side effects","Staff ""usually"" explained possible side effects",23,10/01/2024,09/30/2025
AK,H_COMP_6_N_P,"Patients who reported that NO, they were not given information about what to do during their recovery at home","No, staff ""did not"" give patients this information",12,10/01/2024,09/30/2025
AK,H_COMP_6_Y_P,"Patients who reported that YES, they were given information about what to do during their recovery at home","Yes, staff ""did"" give patients this information",88,10/01/2024,09/30/2025
AK,H_DISCH_HELP_N_P,"Patients who reported that NO, they did not discuss whether they would need help after discharge","No, staff ""did not"" give patients information about help after discharge",13,10/01/2024,09/30/2025
AK,H_DISCH_HELP_Y_P,"Patients who reported that YES, they did discuss whether they would need help after discharge","Yes, staff ""did"" give patients information about help after discharge",87,10/01/2024,09/30/2025
AK,H_SYMPTOMS_N_P,"Patients who reported that NO, they did not receive written information about possible symptoms to look out for after discharge","No, staff ""did not"" give patients information about possible symptoms",12,10/01/2024,09/30/2025
AK,H_SYMPTOMS_Y_P,"Patients who reported that YES, they did receive written information about possible symptoms to look out for after discharge","Yes, staff ""did"" give patients information about possible symptoms",88,10/01/2024,09/30/2025
AK,H_CLEAN_HSP_A_P,"Patients who reported that their room and bathroom were ""Always"" clean","Room was ""always"" clean",73,10/01/2024,09/30/2025
AK,H_CLEAN_HSP_SN_P,"Patients who reported that their room and bathroom were ""Sometimes"" or ""Never"" clean","Room was ""sometimes"" or ""never"" clean",7,10/01/2024,09/30/2025
AK,H_CLEAN_HSP_U_P,"Patients who reported that their room and bathroom were ""Usually"" clean","Room was ""usually"" clean",20,10/01/2024,09/30/2025
AK,H_QUIET_HSP_A_P,"Patients who reported that the area around their room was ""Always"" quiet at night","""Always"" quiet at night",60,10/01/2024,09/30/2025
AK,H_QUIET_HSP_SN_P,"Patients who reported that the area around their room was ""Sometimes"" or ""Never"" quiet at night","""Sometimes"" or ""never"" quiet at night",9,10/01/2024,09/30/2025
AK,H_QUIET_HSP_U_P,"Patients who reported that the area around their room was ""Usually"" quiet at night","""Usually"" quiet at night",31,10/01/2024,09/30/2025
AK,H_HSP_RATING_0_6,Patients who gave their hospital a rating of 6 or lower on a scale from 0 (lowest) to 10 (highest),"Patients who gave a rating of ""6"" or lower (low)",6,10/01/2024,09/30/2025
AK,H_HSP_RATING_7_8,Patients who gave their hospital a rating of 7 or 8 on a scale from 0 (lowest) to 10 (highest),"Patients who gave a rating of ""7"" or ""8"" (medium)",22,10/01/2024,09/30/2025
AK,H_HSP_RATING_9_10,Patients who gave their hospital a rating of 9 or 10 on a scale from 0 (lowest) to 10 (highest),"Patients who gave a rating of ""9"" or ""10"" (high)",72,10/01/2024,09/30/2025
AK,H_RECMND_DN,"Patients who reported NO, they would probably not or definitely not recommend the hospital","""NO"", patients would not recommend the hospital (they probably would not or definitely would not recommend it)",4,10/01/2024,09/30/2025
AK,H_RECMND_DY,"Patients who reported YES, they would definitely recommend the hospital","""YES"", patients would definitely recommend the hospital",74,10/01/2024,09/30/2025
AK,H_RECMND_PY,"Patients who reported YES, they would probably recommend the hospital","""YES"", patients would probably recommend the hospital",22,10/01/2024,09/30/2025
AL,H_COMP_1_A_P,"Patients who reported that their nurses ""Always"" communicated well","Nurses ""always"" communicated well",80,10/01/2024,09/30/2025
AL,H_COMP_1_SN_P,"Patients who reported that their nurses ""Sometimes"" or ""Never"" communicated well","Nurses ""sometimes"" or ""never"" communicated well",5,10/01/2024,09/30/2025
AL,H_COMP_1_U_P,"Patients who reported that their nurses ""Usually"" communicated well","Nurses ""usually"" communicated well",15,10/01/2024,09/30/2025
AL,H_NURSE_RESPECT_A_P,"Patients who reported that their nurses ""Always"" treated them with courtesy and respect","Nurses ""always"" treated them with courtesy and  respect",85,10/01/2024,09/30/2025
AL,H_NURSE_RESPECT_SN_P,"Patients who reported that their nurses ""Sometimes"" or ""Never""  treated them with courtesy and respect","Nurses ""sometimes"" or ""never"" treated them with courtesy and  respect",4,10/01/2024,09/30/2025
AL,H_NURSE_RESPECT_U_P,"Patients who reported that their nurses ""Usually""  treated them with courtesy and respect","Nurses ""usually""  treated them with courtesy and  respect",11,10/01/2024,09/30/2025
AL,H_NURSE_LISTEN_A_P,"Patients who reported that their nurses ""Always"" listened carefully to them","Nurses ""always"" listened carefully",78,10/01/2024,09/30/2025
AL,H_NURSE_LISTEN_SN_P,"Patients who reported that their nurses ""Sometimes"" or ""Never"" listened carefully to them","Nurses ""sometimes"" or ""never"" listened carefully",5,10/01/2024,09/30/2025
AL,H_NURSE_LISTEN_U_P,"Patients who reported that their nurses ""Usually"" listened carefully to them","Nurses ""usually"" listened carefully",17,10/01/2024,09/30/2025
AL,H_NURSE_EXPLAIN_A_P,"Patients who reported that their nurses ""Always"" explained things in a way they could understand","Nurses ""always"" explained things so they could understand",76,10/01/2024,09/30/2025
AL,H_NURSE_EXPLAIN_SN_P,"Patients who reported that their nurses ""Sometimes"" or ""Never"" explained things in a way they could understand","Nurses ""sometimes"" or ""never"" explained things so they could understand",6,10/01/2024,09/30/2025
AL,H_NURSE_EXPLAIN_U_P,"Patients who reported that their nurses ""Usually"" explained things in a way they could understand","Nurses ""usually"" explained things so they could understand",18,10/01/2024,09/30/2025
AL,H_COMP_2_A_P,"Patients who reported that their doctors ""Always"" communicated well","Doctors ""always"" communicated well",82,10/01/2024,09/30/2025
AL,H_COMP_2_SN_P,"Patients who reported that their doctors ""Sometimes"" or ""Never"" communicated well","Doctors ""sometimes"" or ""never"" communicated well",5,10/01/2024,09/30/2025
AL,H_COMP_2_U_P,"Patients who reported that their doctors ""Usually"" communicated well","Doctors ""usually"" communicated well",13,10/01/2024,09/30/2025
AL,H_DOCTOR_RESPECT_A_P,"Patients who reported that their doctors ""Always"" treated them with courtesy and respect","Doctors ""always"" treated them with courtesy and  respect",86,10/01/2024,09/30/2025
AL,H_DOCTOR_RESPECT_SN_P,"Patients who reported that their doctors ""Sometimes"" or ""Never""  treated them with courtesy and respect","Doctors ""sometimes"" or ""never"" treated them with courtesy and  respect",4,10/01/2024,09/30/2025
AL,H_DOCTOR_RESPECT_U_P,"Patients who reported that their doctors ""Usually""  treated them with courtesy and respect","Doctors ""usually""  treated them with courtesy and  respect",10,10/01/2024,09/30/2025
AL,H_DOCTOR_LISTEN_A_P,"Patients who reported that their doctors ""Always"" listened carefully to them","Doctors ""always"" listened carefully",80,10/01/2024,09/30/2025
AL,H_DOCTOR_LISTEN_SN_P,"Patients who reported that their doctors ""Sometimes"" or ""Never"" listened carefully to them","Doctors ""sometimes"" or ""never"" listened carefully",5,10/01/2024,09/30/2025
AL,H_DOCTOR_LISTEN_U_P,"Patients who reported that their doctors ""Usually"" listened carefully to them","Doctors ""usually"" listened carefully",15,10/01/2024,09/30/2025
AL,H_DOCTOR_EXPLAIN_A_P,"Patients who reported that their doctors ""Always"" explained things in a way they could understand","Doctors ""always"" explained things so they could understand",77,10/01/2024,09/30/2025
AL,H_DOCTOR_EXPLAIN_SN_P,"Patients who reported that their doctors ""Sometimes"" or ""Never"" explained things in a way they could understand","Doctors ""sometimes"" or ""never"" explained things so they could understand",6,10/01/2024,09/30/2025
AL,H_DOCTOR_EXPLAIN_U_P,"Patients who reported that their doctors ""Usually"" explained things in a way they could understand","Doctors ""usually"" explained things so they could understand",17,10/01/2024,09/30/2025
AL,H_COMP_5_A_P,"Patients who reported that staff ""Always"" explained about medicines before giving it to them","Staff ""always"" explained",62,10/01/2024,09/30/2025
AL,H_COMP_5_SN_P,"Patients who reported that staff ""Sometimes"" or ""Never"" explained about medicines before giving it to them","Staff ""sometimes"" or ""never"" explained",20,10/01/2024,09/30/2025
AL,H_COMP_5_U_P,"Patients who reported that staff ""Usually"" explained about medicines before giving it to them","Staff ""usually"" explained",18,10/01/2024,09/30/2025
AL,H_MED_FOR_A_P,"Patients who reported that when receiving new medication the staff ""Always"" communicated what the medication was for","Staff ""always"" explained new medications",75,10/01/2024,09/30/2025
AL,H_MED_FOR_SN_P,"Patients who reported that when receiving new medication the staff ""Sometimes"" or ""Never"" communicated what the medication was for","Staff ""sometimes"" or ""never"" explained new medications",10,10/01/2024,09/30/2025
AL,H_MED_FOR_U_P,"Patients who reported that when receiving new medication the staff ""Usually"" communicated what the medication was for.","Staff ""usually"" explained new medications",15,10/01/2024,09/30/2025
AL,H_SIDE_EFFECTS_A_P,"Patients who reported that when receiving new medication the staff ""Always"" discussed possible side effects","Staff ""always"" explained possible side effects",49,10/01/2024,09/30/2025
AL,H_SIDE_EFFECTS_SN_P,"Patients who reported that when receiving new medication the staff ""Sometimes"" or ""Never"" discussed possible side effects","Staff ""sometimes"" or ""never"" explained possible side effects",29,10/01/2024,09/30/2025
AL,H_SIDE_EFFECTS_U_P,"Patients who reported that when receiving new medication the staff ""Usually"" discussed possible side effects","Staff ""usually"" explained possible side effects",22,10/01/2024,09/30/2025
AL,H_COMP_6_N_P,"Patients who reported that NO, they were not given information about what to do during their recovery at home","No, staff ""did not"" give patients this information",15,10/01/2024,09/30/2025
AL,H_COMP_6_Y_P,"Patients who reported that YES, they were given information about what to do during their recovery at home","Yes, staff ""did"" give patients this information",85,10/01/2024,09/30/2025
AL,H_DISCH_HELP_N_P,"Patients who reported that NO, they did not discuss whether they would need help after discharge","No, staff ""did not"" give patients information about help after discharge",16,10/01/2024,09/30/2025
AL,H_DISCH_HELP_Y_P,"Patients who reported that YES, they did discuss whether they would need help after discharge","Yes, staff ""did"" give patients information about help after discharge",84,10/01/2024,09/30/2025
AL,H_SYMPTOMS_N_P,"Patients who reported that NO, they did not receive written information about possible symptoms to look out for after discharge","No, staff ""did not"" give patients information about possible symptoms",13,10/01/2024,09/30/2025
AL,H_SYMPTOMS_Y_P,"Patients who reported that YES, they did receive written information about possible symptoms to look out for after discharge","Yes, staff ""did"" give patients information about possible symptoms",87,10/01/2024,09/30/2025
AL,H_CLEAN_HSP_A_P,"Patients who reported that their room and bathroom were ""Always"" clean","Room was ""always"" clean",71,10/01/2024,09/30/2025
AL,H_CLEAN_HSP_SN_P,"Patients who reported that their room and bathroom were ""Sometimes"" or ""Never"" clean","Room was ""sometimes"" or ""never"" clean",11,10/01/2024,09/30/2025
AL,H_CLEAN_HSP_U_P,"Patients who reported that their room and bathroom were ""Usually"" clean","Room was ""usually"" clean",18,10/01/2024,09/30/2025
AL,H_QUIET_HSP_A_P,"Patients who reported that the area around their room was ""Always"" quiet at night","""Always"" quiet at night",67,10/01/2024,09/30/2025
AL,H_QUIET_HSP_SN_P,"Patients who reported that the area around their room was ""Sometimes"" or ""Never"" quiet at night","""Sometimes"" or ""never"" quiet at night",7,10/01/2024,09/30/2025
AL,H_QUIET_HSP_U_P,"Patients who reported that the area around their room was ""Usually"" quiet at night","""Usually"" quiet at night",26,10/01/2024,09/30/2025
AL,H_HSP_RATING_0_6,Patients who gave their hospital a rating of 6 or lower on a scale from 0 (lowest) to 10 (highest),"Patients who gave a rating of ""6"" or lower (low)",9,10/01/2024,09/30/2025
AL,H_HSP_RATING_7_8,Patients who gave their hospital a rating of 7 or 8 on a scale from 0 (lowest) to 10 (highest),"Patients who gave a rating of ""7"" or ""8"" (medium)",21,10/01/2024,09/30/2025
AL,H_HSP_RATING_9_10,Patients who gave their hospital a rating of 9 or 10 on a scale from 0 (lowest) to 10 (highest),"Patients who gave a rating of ""9"" or ""10"" (high)",70,10/01/2024,09/30/2025
AL,H_RECMND_DN,"Patients who reported NO, they would probably not or definitely not recommend the hospital","""NO"", patients would not recommend the hospital (they probably would not or definitely would not recommend it)",6,10/01/2024,09/30/2025
AL,H_RECMND_DY,"Patients who reported YES, they would definitely recommend the hospital","""YES"", patients would definitely recommend the hospital",71,10/01/2024,09/30/2025
AL,H_RECMND_PY,"Patients who reported YES, they would probably recommend the hospital","""YES"", patients would probably recommend the hospital",23,10/01/2024,09/30/2025
AR,H_COMP_1_A_P,"Patients who reported that their nurses ""Always"" communicated well","Nurses ""always"" communicated well",81,10/01/2024,09/30/2025
AR,H_COMP_1_SN_P,"Patients who reported that their nurses ""Sometimes"" or ""Never"" communicated well","Nurses ""sometimes"" or ""never"" communicated well",4,10/01/2024,09/30/2025
AR,H_COMP_1_U_P,"Patients who reported that their nurses ""Usually"" communicated well","Nurses ""usually"" communicated well",15,10/01/2024,09/30/2025
AR,H_NURSE_RESPECT_A_P,"Patients who reported that their nurses ""Always"" treated them with courtesy and respect","Nurses ""always"" treated them with courtesy and  respect",88,10/01/2024,09/30/2025
AR,H_NURSE_RESPECT_SN_P,"Patients who reported that their nurses ""Sometimes"" or ""Never""  treated them with courtesy and respect","Nurses ""sometimes"" or ""never"" treated them with courtesy and  respect",2,10/01/2024,09/30/2025
AR,H_NURSE_RESPECT_U_P,"Patients who reported that their nurses ""Usually""  treated them with courtesy and respect","Nurses ""usually""  treated them with courtesy and  respect",10,10/01/2024,09/30/2025
AR,H_NURSE_LISTEN_A_P,"Patients who reported that their nurses ""Always"" listened carefully to them","Nurses ""always"" listened carefully",79,10/01/2024,09/30/2025
AR,H_NURSE_LISTEN_SN_P,"Patients who reported that their nurses ""Sometimes"" or ""Never"" listened carefully to them","Nurses ""sometimes"" or ""never"" listened carefully",4,10/01/2024,09/30/2025
AR,H_NURSE_LISTEN_U_P,"Patients who reported that their nurses ""Usually"" listened carefully to them","Nurses ""usually"" listened carefully",17,10/01/2024,09/30/2025
AR,H_NURSE_EXPLAIN_A_P,"Patients who reported that their nurses ""Always"" explained things in a way they could understand","Nurses ""always"" explained things so they could understand",76,10/01/2024,09/30/2025
AR,H_NURSE_EXPLAIN_SN_P,"Patients who reported that their nurses ""Sometimes"" or ""Never"" explained things in a way they could understand","Nurses ""sometimes"" or ""never"" explained things so they could understand",5,10/01/2024,09/30/2025
AR,H_NURSE_EXPLAIN_U_P,"Patients who reported that their nurses ""Usually"" explained things in a way they could understand","Nurses ""usually"" explained things so they could understand",19,10/01/2024,09/30/2025
AR,H_COMP_2_A_P,"Patients who reported that their doctors ""Always"" communicated well","Doctors ""always"" communicated well",82,10/01/2024,09/30/2025
AR,H_COMP_2_SN_P,"Patients who reported that their doctors ""Sometimes"" or ""Never"" communicated well","Doctors ""sometimes"" or ""never"" communicated well",5,10/01/2024,09/30/2025
AR,H_COMP_2_U_P,"Patients who reported that their doctors ""Usually"" communicated well","Doctors ""usually"" communicated well",13,10/01/2024,09/30/2025
AR,H_DOCTOR_RESPECT_A_P,"Patients who reported that their doctors ""Always"" treated them with courtesy and respect","Doctors ""always"" treated them with courtesy and  respect",88,10/01/2024,09/30/2025
AR,H_DOCTOR_RESPECT_SN_P,"Patients who reported that their doctors ""Sometimes"" or ""Never""  treated them with courtesy and respect","Doctors ""sometimes"" or ""never"" treated them with courtesy and  respect",3,10/01/2024,09/30/2025
AR,H_DOCTOR_RESPECT_U_P,"Patients who reported that their doctors ""Usually""  treated them with courtesy and respect","Doctors ""usually""  treated them with courtesy and  respect",9,10/01/2024,09/30/2025
AR,H_DOCTOR_LISTEN_A_P,"Patients who reported that their doctors ""Always"" listened carefully to them","Doctors ""always"" listened carefully",81,10/01/2024,09/30/2025
AR,H_DOCTOR_LISTEN_SN_P,"Patients who reported that their doctors ""Sometimes"" or ""Never"" listened carefully to them","Doctors ""sometimes"" or ""never"" listened carefully",5,10/01/2024,09/30/2025
AR,H_DOCTOR_LISTEN_U_P,"Patients who reported that their doctors ""Usually"" listened carefully to them","Doctors ""usually"" listened carefully",14,10/01/2024,09/30/2025
AR,H_DOCTOR_EXPLAIN_A_P,"Patients who reported that their doctors ""Always"" explained things in a way they could understand","Doctors ""always"" explained things so they could understand",77,10/01/2024,09/30/2025
AR,H_DOCTOR_EXPLAIN_SN_P,"Patients who reported that their doctors ""Sometimes"" or ""Never"" explained things in a way they could understand","Doctors ""sometimes"" or ""never"" explained things so they could understand",6,10/01/2024,09/30/2025
AR,H_DOCTOR_EXPLAIN_U_P,"Patients who reported that their doctors ""Usually"" explained things in a way they could understand","Doctors ""usually"" explained things so they could understand",17,10/01/2024,09/30/2025
AR,H_COMP_5_A_P,"Patients who reported that staff ""Always"" explained about medicines before giving it to them","Staff ""always"" explained",64,10/01/2024,09/30/2025
AR,H_COMP_5_SN_P,"Patients who reported that staff ""Sometimes"" or ""Never"" explained about medicines before giving it to them","Staff ""sometimes"" or ""never"" explained",18,10/01/2024,09/30/2025
AR,H_COMP_5_U_P,"Patients who reported that staff ""Usually"" explained about medicines before giving it to them","Staff ""usually"" explained",18,10/01/2024,09/30/2025
AR,H_MED_FOR_A_P,"Patients who reported that when receiving new medication the staff ""Always"" communicated what the medication was for","Staff ""always"" explained new medications",77,10/01/2024,09/30/2025
AR,H_MED_FOR_SN_P,"Patients who reported that when receiving new medication the staff ""Sometimes"" or ""Never"" communicated what the medication was for","Staff ""sometimes"" or ""never"" explained new medications",9,10/01/2024,09/30/2025
AR,H_MED_FOR_U_P,"Patients who reported that when receiving new medication the staff ""Usually"" communicated what the medication was for.","Staff ""usually"" explained new medications",14,10/01/2024,09/30/2025
AR,H_SIDE_EFFECTS_A_P,"Patients who reported that when receiving new medication the staff ""Always"" discussed possible side effects","Staff ""always"" explained possible side effects",51,10/01/2024,09/30/2025
AR,H_SIDE_EFFECTS_SN_P,"Patients who reported that when receiving new medication the staff ""Sometimes"" or ""Never"" discussed possible side effects","Staff ""sometimes"" or ""never"" explained possible side effects",27,10/01/2024,09/30/2025
AR,H_SIDE_EFFECTS_U_P,"Patients who reported that when receiving new medication the staff ""Usually"" discussed possible side effects","Staff ""usually"" explained possible side effects",22,10/01/2024,09/30/2025
AR,H_COMP_6_N_P,"Patients who reported that NO, they were not given information about what to do during their recovery at home","No, staff ""did not"" give patients this information",15,10/01/2024,09/30/2025
AR,H_COMP_6_Y_P,"Patients who reported that YES, they were given information about what to do during their recovery at home","Yes, staff ""did"" give patients this information",85,10/01/2024,09/30/2025
AR,H_DISCH_HELP_N_P,"Patients who reported that NO, they did not discuss whether they would need help after discharge","No, staff ""did not"" give patients information about help after discharge",16,10/01/2024,09/30/2025
AR,H_DISCH_HELP_Y_P,"Patients who reported that YES, they did discuss whether they would need help after discharge","Yes, staff ""did"" give patients information about help after discharge",84,10/01/2024,09/30/2025
AR,H_SYMPTOMS_N_P,"Patients who reported that NO, they did not receive written information about possible symptoms to look out for after discharge","No, staff ""did not"" give patients information about possible symptoms",13,10/01/2024,09/30/2025
AR,H_SYMPTOMS_Y_P,"Patients who reported that YES, they did receive written information about possible symptoms to look out for after discharge","Yes, staff ""did"" give patients information about possible symptoms",87,10/01/2024,09/30/2025
AR,H_CLEAN_HSP_A_P,"Patients who reported that their room and bathroom were ""Always"" clean","Room was ""always"" clean",74,10/01/2024,09/30/2025
AR,H_CLEAN_HSP_SN_P,"Patients who reported that their room and bathroom were ""Sometimes"" or ""Never"" clean","Room was ""sometimes"" or ""never"" clean",9,10/01/2024,09/30/2025
AR,H_CLEAN_HSP_U_P,"Patients who reported that their room and bathroom were ""Usually"" clean","Room was ""usually"" clean",17,10/01/2024,09/30/2025
AR,H_QUIET_HSP_A_P,"Patients who reported that the area around their room was ""Always"" quiet at night","""Always"" quiet at night",66,10/01/2024,09/30/2025
AR,H_QUIET_HSP_SN_P,"Patients who reported that the area around their room was ""Sometimes"" or ""Never"" quiet at night","""Sometimes"" or ""never"" quiet at night",7,10/01/2024,09/30/2025
AR,H_QUIET_HSP_U_P,"Patients who reported that the area around their room was ""Usually"" quiet at night","""Usually"" quiet at night",27,10/01/2024,09/30/2025
AR,H_HSP_RATING_0_6,Patients who gave their hospital a rating of 6 or lower on a scale from 0 (lowest) to 10 (highest),"Patients who gave a rating of ""6"" or lower (low)",8,10/01/2024,09/30/2025
AR,H_HSP_RATING_7_8,Patients who gave their hospital a rating of 7 or 8 on a scale from 0 (lowest) to 10 (highest),"Patients who gave a rating of ""7"" or ""8"" (medium)",19,10/01/2024,09/30/2025
AR,H_HSP_RATING_9_10,Patients who gave their hospital a rating of 9 or 10 on a scale from 0 (lowest) to 10 (highest),"Patients who gave a rating of ""9"" or ""10"" (high)",73,10/01/2024,09/30/2025
AR,H_RECMND_DN,"Patients who reported NO, they would probably not or definitely not recommend the hospital","""NO"", patients would not recommend the hospital (they probably would not or definitely would not recommend it)",5,10/01/2024,09/30/2025
AR,H_RECMND_DY,"Patients who reported YES, they would definitely recommend the hospital","""YES"", patients would definitely recommend the hospital",71,10/01/2024,09/30/2025
AR,H_RECMND_PY,"Patients who reported YES, they would probably recommend the hospital","""YES"", patients would probably recommend the hospital",24,10/01/2024,09/30/2025
AS,H_COMP_1_A_P,"Patients who reported that their nurses ""Always"" communicated well","Nurses ""always"" communicated well",Not Available,10/01/2024,09/30/2025
AS,H_COMP_1_SN_P,"Patients who reported that their nurses ""Sometimes"" or ""Never"" communicated well","Nurses ""sometimes"" or ""never"" communicated well",Not Available,10/01/2024,09/30/2025
AS,H_COMP_1_U_P,"Patients who reported that their nurses ""Usually"" communicated well","Nurses ""usually"" communicated well",Not Available,10/01/2024,09/30/2025
AS,H_NURSE_RESPECT_A_P,"Patients who reported that their nurses ""Always"" treated them with courtesy and respect","Nurses ""always"" treated them with courtesy and  respect",Not Available,10/01/2024,09/30/2025
AS,H_NURSE_RESPECT_SN_P,"Patients who reported that their nurses ""Sometimes"" or ""Never""  treated them with courtesy and respect","Nurses ""sometimes"" or ""never"" treated them with courtesy and  respect",Not Available,10/01/2024,09/30/2025
AS,H_NURSE_RESPECT_U_P,"Patients who reported that their nurses ""Usually""  treated them with courtesy and respect","Nurses ""usually""  treated them with courtesy and  respect",Not Available,10/01/2024,09/30/2025
AS,H_NURSE_LISTEN_A_P,"Patients who reported that their nurses ""Always"" listened carefully to them","Nurses ""always"" listened carefully",Not Available,10/01/2024,09/30/2025
AS,H_NURSE_LISTEN_SN_P,"Patients who reported that their nurses ""Sometimes"" or ""Never"" listened carefully to them","Nurses ""sometimes"" or ""never"" listened carefully",Not Available,10/01/2024,09/30/2025
AS,H_NURSE_LISTEN_U_P,"Patients who reported that their nurses ""Usually"" listened carefully to them","Nurses ""usually"" listened carefully",Not Available,10/01/2024,09/30/2025
AS,H_NURSE_EXPLAIN_A_P,"Patients who reported that their nurses ""Always"" explained things in a way they could understand","Nurses ""always"" explained things so they could understand",Not Available,10/01/2024,09/30/2025
AS,H_NURSE_EXPLAIN_SN_P,"Patients who reported that their nurses ""Sometimes"" or ""Never"" explained things in a way they could understand","Nurses ""sometimes"" or ""never"" explained things so they could understand",Not Available,10/01/2024,09/30/2025
AS,H_NURSE_EXPLAIN_U_P,"Patients who reported that their nurses ""Usually"" explained things in a way they could understand","Nurses ""usually"" explained things so they could understand",Not Available,10/01/2024,09/30/2025
AS,H_COMP_2_A_P,"Patients who reported that their doctors ""Always"" communicated well","Doctors ""always"" communicated well",Not Available,10/01/2024,09/30/2025
AS,H_COMP_2_SN_P,"Patients who reported that their doctors ""Sometimes"" or ""Never"" communicated well","Doctors ""sometimes"" or ""never"" communicated well",Not Available,10/01/2024,09/30/2025
AS,H_COMP_2_U_P,"Patients who reported that their doctors ""Usually"" communicated well","Doctors ""usually"" communicated well",Not Available,10/01/2024,09/30/2025
AS,H_DOCTOR_RESPECT_A_P,"Patients who reported that their doctors ""Always"" treated them with courtesy and respect","Doctors ""always"" treated them with courtesy and  respect",Not Available,10/01/2024,09/30/2025
AS,H_DOCTOR_RESPECT_SN_P,"Patients who reported that their doctors ""Sometimes"" or ""Never""  treated them with courtesy and respect","Doctors ""sometimes"" or ""never"" treated them with courtesy and  respect",Not Available,10/01/2024,09/30/2025
AS,H_DOCTOR_RESPECT_U_P,"Patients who reported that their doctors ""Usually""  treated them with courtesy and respect","Doctors ""usually""  treated them with courtesy and  respect",Not Available,10/01/2024,09/30/2025
AS,H_DOCTOR_LISTEN_A_P,"Patients who reported that their doctors ""Always"" listened carefully to them","Doctors ""always"" listened carefully",Not Available,10/01/2024,09/30/2025
AS,H_DOCTOR_LISTEN_SN_P,"Patients who reported that their doctors ""Sometimes"" or ""Never"" listened carefully to them","Doctors ""sometimes"" or ""never"" listened carefully",Not Available,10/01/2024,09/30/2025
AS,H_DOCTOR_LISTEN_U_P,"Patients who reported that their doctors ""Usually"" listened carefully to them","Doctors ""usually"" listened carefully",Not Available,10/01/2024,09/30/2025
AS,H_DOCTOR_EXPLAIN_A_P,"Patients who reported that their doctors ""Always"" explained things in a way they could understand","Doctors ""always"" explained things so they could understand",Not Available,10/01/2024,09/30/2025
AS,H_DOCTOR_EXPLAIN_SN_P,"Patients who reported that their doctors ""Sometimes"" or ""Never"" explained things in a way they could understand","Doctors ""sometimes"" or ""never"" explained things so they could understand",Not Available,10/01/2024,09/30/2025
AS,H_DOCTOR_EXPLAIN_U_P,"Patients who reported that their doctors ""Usually"" explained things in a way they could understand","Doctors ""usually"" explained things so they could understand",Not Available,10/01/2024,09/30/2025
AS,H_COMP_5_A_P,"Patients who reported that staff ""Always"" explained about medicines before giving it to them","Staff ""always"" explained",Not Available,10/01/2024,09/30/2025
AS,H_COMP_5_SN_P,"Patients who reported that staff ""Sometimes"" or ""Never"" explained about medicines before giving it to them","Staff ""sometimes"" or ""never"" explained",Not Available,10/01/2024,09/30/2025
AS,H_COMP_5_U_P,"Patients who reported that staff ""Usually"" explained about medicines before giving it to them","Staff ""usually"" explained",Not Available,10/01/2024,09/30/2025
AS,H_MED_FOR_A_P,"Patients who reported that when receiving new medication the staff ""Always"" communicated what the medication was for","Staff ""always"" explained new medications",Not Available,10/01/2024,09/30/2025
AS,H_MED_FOR_SN_P,"Patients who reported that when receiving new medication the staff ""Sometimes"" or ""Never"" communicated what the medication was for","Staff ""sometimes"" or ""never"" explained new medications",Not Available,10/01/2024,09/30/2025
AS,H_MED_FOR_U_P,"Patients who reported that when receiving new medication the staff ""Usually"" communicated what the medication was for.","Staff ""usually"" explained new medications",Not Available,10/01/2024,09/30/2025
AS,H_SIDE_EFFECTS_A_P,"Patients who reported that when receiving new medication the staff ""Always"" discussed possible side effects","Staff ""always"" explained possible side effects",Not Available,10/01/2024,09/30/2025
AS,H_SIDE_EFFECTS_SN_P,"Patients who reported that when receiving new medication the staff ""Sometimes"" or ""Never"" discussed possible side effects","Staff ""sometimes"" or ""never"" explained possible side effects",Not Available,10/01/2024,09/30/2025
AS,H_SIDE_EFFECTS_U_P,"Patients who reported that when receiving new medication the staff ""Usually"" discussed possible side effects","Staff ""usually"" explained possible side effects",Not Available,10/01/2024,09/30/2025
AS,H_COMP_6_N_P,"Patients who reported that NO, they were not given information about what to do during their recovery at home","No, staff ""did not"" give patients this information",Not Available,10/01/2024,09/30/2025
AS,H_COMP_6_Y_P,"Patients who reported that YES, they were given information about what to do during their recovery at home","Yes, staff ""did"" give patients this information",Not Available,10/01/2024,09/30/2025
AS,H_DISCH_HELP_N_P,"Patients who reported that NO, they did not discuss whether they would need help after discharge","No, staff ""did not"" give patients information about help after discharge",Not Available,10/01/2024,09/30/2025
AS,H_DISCH_HELP_Y_P,"Patients who reported that YES, they did discuss whether they would need help after discharge","Yes, staff ""did"" give patients information about help after discharge",Not Available,10/01/2024,09/30/2025
AS,H_SYMPTOMS_N_P,"Patients who reported that NO, they did not receive written information about possible symptoms to look out for after discharge","No, staff ""did not"" give patients information about possible symptoms",Not Available,10/01/2024,09/30/2025
AS,H_SYMPTOMS_Y_P,"Patients who reported that YES, they did receive written information about possible symptoms to look out for after discharge","Yes, staff ""did"" give patients information about possible symptoms",Not Available,10/01/2024,09/30/2025
AS,H_CLEAN_HSP_A_P,"Patients who reported that their room and bathroom were ""Always"" clean","Room was ""always"" clean",Not Available,10/01/2024,09/30/2025
AS,H_CLEAN_HSP_SN_P,"Patients who reported that their room and bathroom were ""Sometimes"" or ""Never"" clean","Room was ""sometimes"" or ""never"" clean",Not Available,10/01/2024,09/30/2025
AS,H_CLEAN_HSP_U_P,"Patients who reported that their room and bathroom were ""Usually"" clean","Room was ""usually"" clean",Not Available,10/01/2024,09/30/2025
AS,H_QUIET_HSP_A_P,"Patients who reported that the area around their room was ""Always"" quiet at night","""Always"" quiet at night",Not Available,10/01/2024,09/30/2025
AS,H_QUIET_HSP_SN_P,"Patients who reported that the area around their room was ""Sometimes"" or ""Never"" quiet at night","""Sometimes"" or ""never"" quiet at night",Not Available,10/01/2024,09/30/2025
AS,H_QUIET_HSP_U_P,"Patients who reported that the area around their room was ""Usually"" quiet at night","""Usually"" quiet at night",Not Available,10/01/2024,09/30/2025
AS,H_HSP_RATING_0_6,Patients who gave their hospital a rating of 6 or lower on a scale from 0 (lowest) to 10 (highest),"Patients who gave a rating of ""6"" or lower (low)",Not Available,10/01/2024,09/30/2025
AS,H_HSP_RATING_7_8,Patients who gave their hospital a rating of 7 or 8 on a scale from 0 (lowest) to 10 (highest),"Patients who gave a rating of ""7"" or ""8"" (medium)",Not Available,10/01/2024,09/30/2025
AS,H_HSP_RATING_9_10,Patients who gave their hospital a rating of 9 or 10 on a scale from 0 (lowest) to 10 (highest),"Patients who gave a rating of ""9"" or ""10"" (high)",Not Available,10/01/2024,09/30/2025
AS,H_RECMND_DN,"Patients who reported NO, they would probably not or definitely not recommend the hospital","""NO"", patients would not recommend the hospital (they probably would not or definitely would not recommend it)",Not Available,10/01/2024,09/30/2025
AS,H_RECMND_DY,"Patients who reported YES, they would definitely recommend the hospital","""YES"", patients would definitely recommend the hospital",Not Available,10/01/2024,09/30/2025
AS,H_RECMND_PY,"Patients who reported YES, they would probably recommend the hospital","""YES"", patients would probably recommend the hospital",Not Available,10/01/2024,09/30/2025
AZ,H_COMP_1_A_P,"Patients who reported that their nurses ""Always"" communicated well","Nurses ""always"" communicated well",77,10/01/2024,09/30/2025
AZ,H_COMP_1_SN_P,"Patients who reported that their nurses ""Sometimes"" or ""Never"" communicated well","Nurses ""sometimes"" or ""never"" communicated well",5,10/01/2024,09/30/2025
AZ,H_COMP_1_U_P,"Patients who reported that their nurses ""Usually"" communicated well","Nurses ""usually"" communicated well",18,10/01/2024,09/30/2025
AZ,H_NURSE_RESPECT_A_P,"Patients who reported that their nurses ""Always"" treated them with courtesy and respect","Nurses ""always"" treated them with courtesy and  respect",84,10/01/2024,09/30/2025
AZ,H_NURSE_RESPECT_SN_P,"Patients who reported that their nurses ""Sometimes"" or ""Never""  treated them with courtesy and respect","Nurses ""sometimes"" or ""never"" treated them with courtesy and  respect",3,10/01/2024,09/30/2025
AZ,H_NURSE_RESPECT_U_P,"Patients who reported that their nurses ""Usually""  treated them with courtesy and respect","Nurses ""usually""  treated them with courtesy and  respect",13,10/01/2024,09/30/2025
AZ,H_NURSE_LISTEN_A_P,"Patients who reported that their nurses ""Always"" listened carefully to them","Nurses ""always"" listened carefully",74,10/01/2024,09/30/2025
AZ,H_NURSE_LISTEN_SN_P,"Patients who reported that their nurses ""Sometimes"" or ""Never"" listened carefully to them","Nurses ""sometimes"" or ""never"" listened carefully",5,10/01/2024,09/30/2025
AZ,H_NURSE_LISTEN_U_P,"Patients who reported that their nurses ""Usually"" listened carefully to them","Nurses ""usually"" listened carefully",21,10/01/2024,09/30/2025
AZ,H_NURSE_EXPLAIN_A_P,"Patients who reported that their nurses ""Always"" explained things in a way they could understand","Nurses ""always"" explained things so they could understand",73,10/01/2024,09/30/2025
AZ,H_NURSE_EXPLAIN_SN_P,"Patients who reported that their nurses ""Sometimes"" or ""Never"" explained things in a way they could understand","Nurses ""sometimes"" or ""never"" explained things so they could understand",7,10/01/2024,09/30/2025
AZ,H_NURSE_EXPLAIN_U_P,"Patients who reported that their nurses ""Usually"" explained things in a way they could understand","Nurses ""usually"" explained things so they could understand",20,10/01/2024,09/30/2025
AZ,H_COMP_2_A_P,"Patients who reported that their doctors ""Always"" communicated well","Doctors ""always"" communicated well",76,10/01/2024,09/30/2025
AZ,H_COMP_2_SN_P,"Patients who reported that their doctors ""Sometimes"" or ""Never"" communicated well","Doctors ""sometimes"" or ""never"" communicated well",7,10/01/2024,09/30/2025
AZ,H_COMP_2_U_P,"Patients who reported that their doctors ""Usually"" communicated well","Doctors ""usually"" communicated well",17,10/01/2024,09/30/2025
AZ,H_DOCTOR_RESPECT_A_P,"Patients who reported that their doctors ""Always"" treated them with courtesy and respect","Doctors ""always"" treated them with courtesy and  respect",82,10/01/2024,09/30/2025
AZ,H_DOCTOR_RESPECT_SN_P,"Patients who reported that their doctors ""Sometimes"" or ""Never""  treated them with courtesy and respect","Doctors ""sometimes"" or ""never"" treated them with courtesy and  respect",5,10/01/2024,09/30/2025
AZ,H_DOCTOR_RESPECT_U_P,"Patients who reported that their doctors ""Usually""  treated them with courtesy and respect","Doctors ""usually""  treated them with courtesy and  respect",13,10/01/2024,09/30/2025
AZ,H_DOCTOR_LISTEN_A_P,"Patients who reported that their doctors ""Always"" listened carefully to them","Doctors ""always"" listened carefully",74,10/01/2024,09/30/2025
AZ,H_DOCTOR_LISTEN_SN_P,"Patients who reported that their doctors ""Sometimes"" or ""Never"" listened carefully to them","Doctors ""sometimes"" or ""never"" listened carefully",8,10/01/2024,09/30/2025
AZ,H_DOCTOR_LISTEN_U_P,"Patients who reported that their doctors ""Usually"" listened carefully to them","Doctors ""usually"" listened carefully",18,10/01/2024,09/30/2025
AZ,H_DOCTOR_EXPLAIN_A_P,"Patients who reported that their doctors ""Always"" explained things in a way they could understand","Doctors ""always"" explained things so they could understand",71,10/01/2024,09/30/2025
AZ,H_DOCTOR_EXPLAIN_SN_P,"Patients who reported that their doctors ""Sometimes"" or ""Never"" explained things in a way they could understand","Doctors ""sometimes"" or ""never"" explained things so they could understand",9,10/01/2024,09/30/2025
AZ,H_DOCTOR_EXPLAIN_U_P,"Patients who reported that their doctors ""Usually"" explained things in a way they could understand","Doctors ""usually"" explained things so they could understand",20,10/01/2024,09/30/2025
AZ,H_COMP_5_A_P,"Patients who reported that staff ""Always"" explained about medicines before giving it to them","Staff ""always"" explained",60,10/01/2024,09/30/2025
AZ,H_COMP_5_SN_P,"Patients who reported that staff ""Sometimes"" or ""Never"" explained about medicines before giving it to them","Staff ""sometimes"" or ""never"" explained",21,10/01/2024,09/30/2025
AZ,H_COMP_5_U_P,"Patients who reported that staff ""Usually"" explained about medicines before giving it to them","Staff ""usually"" explained",19,10/01/2024,09/30/2025
AZ,H_MED_FOR_A_P,"Patients who reported that when receiving new medication the staff ""Always"" communicated what the medication was for","Staff ""always"" explained new medications",74,10/01/2024,09/30/2025
AZ,H_MED_FOR_SN_P,"Patients who reported that when receiving new medication the staff ""Sometimes"" or ""Never"" communicated what the medication was for","Staff ""sometimes"" or ""never"" explained new medications",11,10/01/2024,09/30/2025
AZ,H_MED_FOR_U_P,"Patients who reported that when receiving new medication the staff ""Usually"" communicated what the medication was for.","Staff ""usually"" explained new medications",15,10/01/2024,09/30/2025
AZ,H_SIDE_EFFECTS_A_P,"Patients who reported that when receiving new medication the staff ""Always"" discussed possible side effects","Staff ""always"" explained possible side effects",46,10/01/2024,09/30/2025
AZ,H_SIDE_EFFECTS_SN_P,"Patients who reported that when receiving new medication the staff ""Sometimes"" or ""Never"" discussed possible side effects","Staff ""sometimes"" or ""never"" explained possible side effects",32,10/01/2024,09/30/2025
AZ,H_SIDE_EFFECTS_U_P,"Patients who reported that when receiving new medication the staff ""Usually"" discussed possible side effects","Staff ""usually"" explained possible side effects",22,10/01/2024,09/30/2025
AZ,H_COMP_6_N_P,"Patients who reported that NO, they were not given information about what to do during their recovery at home","No, staff ""did not"" give patients this information",16,10/01/2024,09/30/2025
AZ,H_COMP_6_Y_P,"Patients who reported that YES, they were given information about what to do during their recovery at home","Yes, staff ""did"" give patients this information",84,10/01/2024,09/30/2025
AZ,H_DISCH_HELP_N_P,"Patients who reported that NO, they did not discuss whether they would need help after discharge","No, staff ""did not"" give patients information about help after discharge",18,10/01/2024,09/30/2025
AZ,H_DISCH_HELP_Y_P,"Patients who reported that YES, they did discuss whether they would need help after discharge","Yes, staff ""did"" give patients information about help after discharge",82,10/01/2024,09/30/2025
AZ,H_SYMPTOMS_N_P,"Patients who reported that NO, they did not receive written information about possible symptoms to look out for after discharge","No, staff ""did not"" give patients information about possible symptoms",14,10/01/2024,09/30/2025
AZ,H_SYMPTOMS_Y_P,"Patients who reported that YES, they did receive written information about possible symptoms to look out for after discharge","Yes, staff ""did"" give patients information about possible symptoms",86,10/01/2024,09/30/2025
AZ,H_CLEAN_HSP_A_P,"Patients who reported that their room and bathroom were ""Always"" clean","Room was ""always"" clean",70,10/01/2024,09/30/2025
AZ,H_CLEAN_HSP_SN_P,"Patients who reported that their room and bathroom were ""Sometimes"" or ""Never"" clean","Room was ""sometimes"" or ""never"" clean",11,10/01/2024,09/30/2025
AZ,H_CLEAN_HSP_U_P,"Patients who reported that their room and bathroom were ""Usually"" clean","Room was ""usually"" clean",19,10/01/2024,09/30/2025
AZ,H_QUIET_HSP_A_P,"Patients who reported that the area around their room was ""Always"" quiet at night","""Always"" quiet at night",56,10/01/2024,09/30/2025
AZ,H_QUIET_HSP_SN_P,"Patients who reported that the area around their room was ""Sometimes"" or ""Never"" quiet at night","""Sometimes"" or ""never"" quiet at night",12,10/01/2024,09/30/2025
AZ,H_QUIET_HSP_U_P,"Patients who reported that the area around their room was ""Usually"" quiet at night","""Usually"" quiet at night",32,10/01/2024,09/30/2025
AZ,H_HSP_RATING_0_6,Patients who gave their hospital a rating of 6 or lower on a scale from 0 (lowest) to 10 (highest),"Patients who gave a rating of ""6"" or lower (low)",10,10/01/2024,09/30/2025
AZ,H_HSP_RATING_7_8,Patients who gave their hospital a rating of 7 or 8 on a scale from 0 (lowest) to 10 (highest),"Patients who gave a rating of ""7"" or ""8"" (medium)",22,10/01/2024,09/30/2025
AZ,H_HSP_RATING_9_10,Patients who gave their hospital a rating of 9 or 10 on a scale from 0 (lowest) to 10 (highest),"Patients who gave a rating of ""9"" or ""10"" (high)",68,10/01/2024,09/30/2025
AZ,H_RECMND_DN,"Patients who reported NO, they would probably not or definitely not recommend the hospital","""NO"", patients would not recommend the hospital (they probably would not or definitely would not recommend it)",7,10/01/2024,09/30/2025
AZ,H_RECMND_DY,"Patients who reported YES, they would definitely recommend the hospital","""YES"", patients would definitely recommend the hospital",68,10/01/2024,09/30/2025
AZ,H_RECMND_PY,"Patients who reported YES, they would probably recommend the hospital","""YES"", patients would probably recommend the hospital",25,10/01/2024,09/30/2025
CA,H_COMP_1_A_P,"Patients who reported that their nurses ""Always"" communicated well","Nurses ""always"" communicated well",76,10/01/2024,09/30/2025
CA,H_COMP_1_SN_P,"Patients who reported that their nurses ""Sometimes"" or ""Never"" communicated well","Nurses ""sometimes"" or ""never"" communicated well",6,10/01/2024,09/30/2025
CA,H_COMP_1_U_P,"Patients who reported that their nurses ""Usually"" communicated well","Nurses ""usually"" communicated well",18,10/01/2024,09/30/2025
CA,H_NURSE_RESPECT_A_P,"Patients who reported that their nurses ""Always"" treated them with courtesy and respect","Nurses ""always"" treated them with courtesy and  respect",83,10/01/2024,09/30/2025
CA,H_NURSE_RESPECT_SN_P,"Patients who reported that their nurses ""Sometimes"" or ""Never""  treated them with courtesy and respect","Nurses ""sometimes"" or ""never"" treated them with courtesy and  respect",4,10/01/2024,09/30/2025
CA,H_NURSE_RESPECT_U_P,"Patients who reported that their nurses ""Usually""  treated them with courtesy and respect","Nurses ""usually""  treated them with courtesy and  respect",13,10/01/2024,09/30/2025
CA,H_NURSE_LISTEN_A_P,"Patients who reported that their nurses ""Always"" listened carefully to them","Nurses ""always"" listened carefully",73,10/01/2024,09/30/2025
CA,H_NURSE_LISTEN_SN_P,"Patients who reported that their nurses ""Sometimes"" or ""Never"" listened carefully to them","Nurses ""sometimes"" or ""never"" listened carefully",6,10/01/2024,09/30/2025
CA,H_NURSE_LISTEN_U_P,"Patients who reported that their nurses ""Usually"" listened carefully to them","Nurses ""usually"" listened carefully",21,10/01/2024,09/30/2025
CA,H_NURSE_EXPLAIN_A_P,"Patients who reported that their nurses ""Always"" explained things in a way they could understand","Nurses ""always"" explained things so they could understand",71,10/01/2024,09/30/2025
CA,H_NURSE_EXPLAIN_SN_P,"Patients who reported that their nurses ""Sometimes"" or ""Never"" explained things in a way they could understand","Nurses ""sometimes"" or ""never"" explained things so they could understand",7,10/01/2024,09/30/2025
CA,H_NURSE_EXPLAIN_U_P,"Patients who reported that their nurses ""Usually"" explained things in a way they could understand","Nurses ""usually"" explained things so they could understand",22,10/01/2024,09/30/2025
CA,H_COMP_2_A_P,"Patients who reported that their doctors ""Always"" communicated well","Doctors ""always"" communicated well",76,10/01/2024,09/30/2025
CA,H_COMP_2_SN_P,"Patients who reported that their doctors ""Sometimes"" or ""Never"" communicated well","Doctors ""sometimes"" or ""never"" communicated well",7,10/01/2024,09/30/2025
CA,H_COMP_2_U_P,"Patients who reported that their doctors ""Usually"" communicated well","Doctors ""usually"" communicated well",17,10/01/2024,09/30/2025
CA,H_DOCTOR_RESPECT_A_P,"Patients who reported that their doctors ""Always"" treated them with courtesy and respect","Doctors ""always"" treated them with courtesy and  respect",82,10/01/2024,09/30/2025
CA,H_DOCTOR_RESPECT_SN_P,"Patients who reported that their doctors ""Sometimes"" or ""Never""  treated them with courtesy and respect","Doctors ""sometimes"" or ""never"" treated them with courtesy and  respect",5,10/01/2024,09/30/2025
CA,H_DOCTOR_RESPECT_U_P,"Patients who reported that their doctors ""Usually""  treated them with courtesy and respect","Doctors ""usually""  treated them with courtesy and  respect",13,10/01/2024,09/30/2025
CA,H_DOCTOR_LISTEN_A_P,"Patients who reported that their doctors ""Always"" listened carefully to them","Doctors ""always"" listened carefully",74,10/01/2024,09/30/2025
CA,H_DOCTOR_LISTEN_SN_P,"Patients who reported that their doctors ""Sometimes"" or ""Never"" listened carefully to them","Doctors ""sometimes"" or ""never"" listened carefully",8,10/01/2024,09/30/2025
CA,H_DOCTOR_LISTEN_U_P,"Patients who reported that their doctors ""Usually"" listened carefully to them","Doctors ""usually"" listened carefully",18,10/01/2024,09/30/2025
CA,H_DOCTOR_EXPLAIN_A_P,"Patients who reported that their doctors ""Always"" explained things in a way they could understand","Doctors ""always"" explained things so they could understand",71,10/01/2024,09/30/2025
CA,H_DOCTOR_EXPLAIN_SN_P,"Patients who reported that their doctors ""Sometimes"" or ""Never"" explained things in a way they could understand","Doctors ""sometimes"" or ""never"" explained things so they could understand",9,10/01/2024,09/30/2025
CA,H_DOCTOR_EXPLAIN_U_P,"Patients who reported that their doctors ""Usually"" explained things in a way they could understand","Doctors ""usually"" explained things so they could understand",20,10/01/2024,09/30/2025
CA,H_COMP_5_A_P,"Patients who reported that staff ""Always"" explained about medicines before giving it to them","Staff ""always"" explained",59,10/01/2024,09/30/2025
CA,H_COMP_5_SN_P,"Patients who reported that staff ""Sometimes"" or ""Never"" explained about medicines before giving it to them","Staff ""sometimes"" or ""never"" explained",22,10/01/2024,09/30/2025
CA,H_COMP_5_U_P,"Patients who reported that staff ""Usually"" explained about medicines before giving it to them","Staff ""usually"" explained",19,10/01/2024,09/30/2025
CA,H_MED_FOR_A_P,"Patients who reported that when receiving new medication the staff ""Always"" communicated what the medication was for","Staff ""always"" explained new medications",72,10/01/2024,09/30/2025
CA,H_MED_FOR_SN_P,"Patients who reported that when receiving new medication the staff ""Sometimes"" or ""Never"" communicated what the medication was for","Staff ""sometimes"" or ""never"" explained new medications",11,10/01/2024,09/30/2025
CA,H_MED_FOR_U_P,"Patients who reported that when receiving new medication the staff ""Usually"" communicated what the medication was for.","Staff ""usually"" explained new medications",17,10/01/2024,09/30/2025
CA,H_SIDE_EFFECTS_A_P,"Patients who reported that when receiving new medication the staff ""Always"" discussed possible side effects","Staff ""always"" explained possible side effects",46,10/01/2024,09/30/2025
CA,H_SIDE_EFFECTS_SN_P,"Patients who reported that when receiving new medication the staff ""Sometimes"" or ""Never"" discussed possible side effects","Staff ""sometimes"" or ""never"" explained possible side effects",32,10/01/2024,09/30/2025
CA,H_SIDE_EFFECTS_U_P,"Patients who reported that when receiving new medication the staff ""Usually"" discussed possible side effects","Staff ""usually"" explained possible side effects",22,10/01/2024,09/30/2025
CA,H_COMP_6_N_P,"Patients who reported that NO, they were not given information about what to do during their recovery at home","No, staff ""did not"" give patients this information",15,10/01/2024,09/30/2025
CA,H_COMP_6_Y_P,"Patients who reported that YES, they were given information about what to do during their recovery at home","Yes, staff ""did"" give patients this information",85,10/01/2024,09/30/2025
CA,H_DISCH_HELP_N_P,"Patients who reported that NO, they did not discuss whether they would need help after discharge","No, staff ""did not"" give patients information about help after discharge",16,10/01/2024,09/30/2025
CA,H_DISCH_HELP_Y_P,"Patients who reported that YES, they did discuss whether they would need help after discharge","Yes, staff ""did"" give patients information about help after discharge",84,10/01/2024,09/30/2025
CA,H_SYMPTOMS_N_P,"Patients who reported that NO, they did not receive written information about possible symptoms to look out for after discharge","No, staff ""did not"" give patients information about possible symptoms",14,10/01/2024,09/30/2025
CA,H_SYMPTOMS_Y_P,"Patients who reported that YES, they did receive written information about possible symptoms to look out for after discharge","Yes, staff ""did"" give patients information about possible symptoms",86,10/01/2024,09/30/2025
CA,H_CLEAN_HSP_A_P,"Patients who reported that their room and bathroom were ""Always"" clean","Room was ""always"" clean",72,10/01/2024,09/30/2025
CA,H_CLEAN_HSP_SN_P,"Patients who reported that their room and bathroom were ""Sometimes"" or ""Never"" clean","Room was ""sometimes"" or ""never"" clean",9,10/01/2024,09/30/2025
CA,H_CLEAN_HSP_U_P,"Patients who reported that their room and bathroom were ""Usually"" clean","Room was ""usually"" clean",19,10/01/2024,09/30/2025
CA,H_QUIET_HSP_A_P,"Patients who reported that the area around their room was ""Always"" quiet at night","""Always"" quiet at night",48,10/01/2024,09/30/2025
CA,H_QUIET_HSP_SN_P,"Patients who reported that the area around their room was ""Sometimes"" or ""Never"" quiet at night","""Sometimes"" or ""never"" quiet at night",18,10/01/2024,09/30/2025
CA,H_QUIET_HSP_U_P,"Patients who reported that the area around their room was ""Usually"" quiet at night","""Usually"" quiet at night",34,10/01/2024,09/30/2025
CA,H_HSP_RATING_0_6,Patients who gave their hospital a rating of 6 or lower on a scale from 0 (lowest) to 10 (highest),"Patients who gave a rating of ""6"" or lower (low)",10,10/01/2024,09/30/2025
CA,H_HSP_RATING_7_8,Patients who gave their hospital a rating of 7 or 8 on a scale from 0 (lowest) to 10 (highest),"Patients who gave a rating of ""7"" or ""8"" (medium)",22,10/01/2024,09/30/2025
CA,H_HSP_RATING_9_10,Patients who gave their hospital a rating of 9 or 10 on a scale from 0 (lowest) to 10 (highest),"Patients who gave a rating of ""9"" or ""10"" (high)",68,10/01/2024,09/30/2025
CA,H_RECMND_DN,"Patients who reported NO, they would probably not or definitely not recommend the hospital","""NO"", patients would not recommend the hospital (they probably would not or definitely would not recommend it)",8,10/01/2024,09/30/2025
CA,H_RECMND_DY,"Patients who reported YES, they would definitely recommend the hospital","""YES"", patients would definitely recommend the hospital",69,10/01/2024,09/30/2025
CA,H_RECMND_PY,"Patients who reported YES, they would probably recommend the hospital","""YES"", patients would probably recommend the hospital",23,10/01/2024,09/30/2025
CO,H_COMP_1_A_P,"Patients who reported that their nurses ""Always"" communicated well","Nurses ""always"" communicated well",80,10/01/2024,09/30/2025
CO,H_COMP_1_SN_P,"Patients who reported that their nurses ""Sometimes"" or ""Never"" communicated well","Nurses ""sometimes"" or ""never"" communicated well",4,10/01/2024,09/30/2025
CO,H_COMP_1_U_P,"Patients who reported that their nurses ""Usually"" communicated well","Nurses ""usually"" communicated well",16,10/01/2024,09/30/2025
CO,H_NURSE_RESPECT_A_P,"Patients who reported that their nurses ""Always"" treated them with courtesy and respect","Nurses ""always"" treated them with courtesy and  respect",87,10/01/2024,09/30/2025
CO,H_NURSE_RESPECT_SN_P,"Patients who reported that their nurses ""Sometimes"" or ""Never""  treated them with courtesy and respect","Nurses ""sometimes"" or ""never"" treated them with courtesy and  respect",2,10/01/2024,09/30/2025
CO,H_NURSE_RESPECT_U_P,"Patients who reported that their nurses ""Usually""  treated them with courtesy and respect","Nurses ""usually""  treated them with courtesy and  respect",11,10/01/2024,09/30/2025
CO,H_NURSE_LISTEN_A_P,"Patients who reported that their nurses ""Always"" listened carefully to them","Nurses ""always"" listened carefully",77,10/01/2024,09/30/2025
CO,H_NURSE_LISTEN_SN_P,"Patients who reported that their nurses ""Sometimes"" or ""Never"" listened carefully to them","Nurses ""sometimes"" or ""never"" listened carefully",4,10/01/2024,09/30/2025
CO,H_NURSE_LISTEN_U_P,"Patients who reported that their nurses ""Usually"" listened carefully to them","Nurses ""usually"" listened carefully",19,10/01/2024,09/30/2025
CO,H_NURSE_EXPLAIN_A_P,"Patients who reported that their nurses ""Always"" explained things in a way they could understand","Nurses ""always"" explained things so they could understand",75,10/01/2024,09/30/2025
CO,H_NURSE_EXPLAIN_SN_P,"Patients who reported that their nurses ""Sometimes"" or ""Never"" explained things in a way they could understand","Nurses ""sometimes"" or ""never"" explained things so they could understand",5,10/01/2024,09/30/2025
CO,H_NURSE_EXPLAIN_U_P,"Patients who reported that their nurses ""Usually"" explained things in a way they could understand","Nurses ""usually"" explained things so they could understand",20,10/01/2024,09/30/2025
CO,H_COMP_2_A_P,"Patients who reported that their doctors ""Always"" communicated well","Doctors ""always"" communicated well",80,10/01/2024,09/30/2025
CO,H_COMP_2_SN_P,"Patients who reported that their doctors ""Sometimes"" or ""Never"" communicated well","Doctors ""sometimes"" or ""never"" communicated well",5,10/01/2024,09/30/2025
CO,H_COMP_2_U_P,"Patients who reported that their doctors ""Usually"" communicated well","Doctors ""usually"" communicated well",15,10/01/2024,09/30/2025
CO,H_DOCTOR_RESPECT_A_P,"Patients who reported that their doctors ""Always"" treated them with courtesy and respect","Doctors ""always"" treated them with courtesy and  respect",87,10/01/2024,09/30/2025
CO,H_DOCTOR_RESPECT_SN_P,"Patients who reported that their doctors ""Sometimes"" or ""Never""  treated them with courtesy and respect","Doctors ""sometimes"" or ""never"" treated them with courtesy and  respect",3,10/01/2024,09/30/2025
CO,H_DOCTOR_RESPECT_U_P,"Patients who reported that their doctors ""Usually""  treated them with courtesy and respect","Doctors ""usually""  treated them with courtesy and  respect",10,10/01/2024,09/30/2025
CO,H_DOCTOR_LISTEN_A_P,"Patients who reported that their doctors ""Always"" listened carefully to them","Doctors ""always"" listened carefully",79,10/01/2024,09/30/2025
CO,H_DOCTOR_LISTEN_SN_P,"Patients who reported that their doctors ""Sometimes"" or ""Never"" listened carefully to them","Doctors ""sometimes"" or ""never"" listened carefully",5,10/01/2024,09/30/2025
CO,H_DOCTOR_LISTEN_U_P,"Patients who reported that their doctors ""Usually"" listened carefully to them","Doctors ""usually"" listened carefully",16,10/01/2024,09/30/2025
CO,H_DOCTOR_EXPLAIN_A_P,"Patients who reported that their doctors ""Always"" explained things in a way they could understand","Doctors ""always"" explained things so they could understand",75,10/01/2024,09/30/2025
CO,H_DOCTOR_EXPLAIN_SN_P,"Patients who reported that their doctors ""Sometimes"" or ""Never"" explained things in a way they could understand","Doctors ""sometimes"" or ""never"" explained things so they could understand",6,10/01/2024,09/30/2025
CO,H_DOCTOR_EXPLAIN_U_P,"Patients who reported that their doctors ""Usually"" explained things in a way they could understand","Doctors ""usually"" explained things so they could understand",19,10/01/2024,09/30/2025
CO,H_COMP_5_A_P,"Patients who reported that staff ""Always"" explained about medicines before giving it to them","Staff ""always"" explained",63,10/01/2024,09/30/2025
CO,H_COMP_5_SN_P,"Patients who reported that staff ""Sometimes"" or ""Never"" explained about medicines before giving it to them","Staff ""sometimes"" or ""never"" explained",18,10/01/2024,09/30/2025
CO,H_COMP_5_U_P,"Patients who reported that staff ""Usually"" explained about medicines before giving it to them","Staff ""usually"" explained",19,10/01/2024,09/30/2025
CO,H_MED_FOR_A_P,"Patients who reported that when receiving new medication the staff ""Always"" communicated what the medication was for","Staff ""always"" explained new medications",76,10/01/2024,09/30/2025
CO,H_MED_FOR_SN_P,"Patients who reported that when receiving new medication the staff ""Sometimes"" or ""Never"" communicated what the medication was for","Staff ""sometimes"" or ""never"" explained new medications",9,10/01/2024,09/30/2025
CO,H_MED_FOR_U_P,"Patients who reported that when receiving new medication the staff ""Usually"" communicated what the medication was for.","Staff ""usually"" explained new medications",15,10/01/2024,09/30/2025
CO,H_SIDE_EFFECTS_A_P,"Patients who reported that when receiving new medication the staff ""Always"" discussed possible side effects","Staff ""always"" explained possible side effects",50,10/01/2024,09/30/2025
CO,H_SIDE_EFFECTS_SN_P,"Patients who reported that when receiving new medication the staff ""Sometimes"" or ""Never"" discussed possible side effects","Staff ""sometimes"" or ""never"" explained possible side effects",28,10/01/2024,09/30/2025
CO,H_SIDE_EFFECTS_U_P,"Patients who reported that when receiving new medication the staff ""Usually"" discussed possible side effects","Staff ""usually"" explained possible side effects",22,10/01/2024,09/30/2025
CO,H_COMP_6_N_P,"Patients who reported that NO, they were not given information about what to do during their recovery at home","No, staff ""did not"" give patients this information",13,10/01/2024,09/30/2025
CO,H_COMP_6_Y_P,"Patients who reported that YES, they were given information about what to do during their recovery at home","Yes, staff ""did"" give patients this information",87,10/01/2024,09/30/2025
CO,H_DISCH_HELP_N_P,"Patients who reported that NO, they did not discuss whether they would need help after discharge","No, staff ""did not"" give patients information about help after discharge",14,10/01/2024,09/30/2025
CO,H_DISCH_HELP_Y_P,"Patients who reported that YES, they did discuss whether they would need help after discharge","Yes, staff ""did"" give patients information about help after discharge",86,10/01/2024,09/30/2025
CO,H_SYMPTOMS_N_P,"Patients who reported that NO, they did not receive written information about possible symptoms to look out for after discharge","No, staff ""did not"" give patients information about possible symptoms",11,10/01/2024,09/30/2025
CO,H_SYMPTOMS_Y_P,"Patients who reported that YES, they did receive written information about possible symptoms to look out for after discharge","Yes, staff ""did"" give patients information about possible symptoms",89,10/01/2024,09/30/2025
CO,H_CLEAN_HSP_A_P,"Patients who reported that their room and bathroom were ""Always"" clean","Room was ""always"" clean",75,10/01/2024,09/30/2025
CO,H_CLEAN_HSP_SN_P,"Patients who reported that their room and bathroom were ""Sometimes"" or ""Never"" clean","Room was ""sometimes"" or ""never"" clean",8,10/01/2024,09/30/2025
CO,H_CLEAN_HSP_U_P,"Patients who reported that their room and bathroom were ""Usually"" clean","Room was ""usually"" clean",17,10/01/2024,09/30/2025
CO,H_QUIET_HSP_A_P,"Patients who reported that the area around their room was ""Always"" quiet at night","""Always"" quiet at night",62,10/01/2024,09/30/2025
CO,H_QUIET_HSP_SN_P,"Patients who reported that the area around their room was ""Sometimes"" or ""Never"" quiet at night","""Sometimes"" or ""never"" quiet at night",8,10/01/2024,09/30/2025
CO,H_QUIET_HSP_U_P,"Patients who reported that the area around their room was ""Usually"" quiet at night","""Usually"" quiet at night",30,10/01/2024,09/30/2025
CO,H_HSP_RATING_0_6,Patients who gave their hospital a rating of 6 or lower on a scale from 0 (lowest) to 10 (highest),"Patients who gave a rating of ""6"" or lower (low)",7,10/01/2024,09/30/2025
CO,H_HSP_RATING_7_8,Patients who gave their hospital a rating of 7 or 8 on a scale from 0 (lowest) to 10 (highest),"Patients who gave a rating of ""7"" or ""8"" (medium)",19,10/01/2024,09/30/2025
CO,H_HSP_RATING_9_10,Patients who gave their hospital a rating of 9 or 10 on a scale from 0 (lowest) to 10 (highest),"Patients who gave a rating of ""9"" or ""10"" (high)",74,10/01/2024,09/30/2025
CO,H_RECMND_DN,"Patients who reported NO, they would probably not or definitely not recommend the hospital","""NO"", patients would not recommend the hospital (they probably would not or definitely would not recommend it)",5,10/01/2024,09/30/2025
CO,H_RECMND_DY,"Patients who reported YES, they would definitely recommend the hospital","""YES"", patients would definitely recommend the hospital",75,10/01/2024,09/30/2025
CO,H_RECMND_PY,"Patients who reported YES, they would probably recommend the hospital","""YES"", patients would probably recommend the hospital",20,10/01/2024,09/30/2025
CT,H_COMP_1_A_P,"Patients who reported that their nurses ""Always"" communicated well","Nurses ""always"" communicated well",78,10/01/2024,09/30/2025
CT,H_COMP_1_SN_P,"Patients who reported that their nurses ""Sometimes"" or ""Never"" communicated well","Nurses ""sometimes"" or ""never"" communicated well",5,10/01/2024,09/30/2025
CT,H_COMP_1_U_P,"Patients who reported that their nurses ""Usually"" communicated well","Nurses ""usually"" communicated well",17,10/01/2024,09/30/2025
CT,H_NURSE_RESPECT_A_P,"Patients who reported that their nurses ""Always"" treated them with courtesy and respect","Nurses ""always"" treated them with courtesy and  respect",84,10/01/2024,09/30/2025
CT,H_NURSE_RESPECT_SN_P,"Patients who reported that their nurses ""Sometimes"" or ""Never""  treated them with courtesy and respect","Nurses ""sometimes"" or ""never"" treated them with courtesy and  respect",3,10/01/2024,09/30/2025
CT,H_NURSE_RESPECT_U_P,"Patients who reported that their nurses ""Usually""  treated them with courtesy and respect","Nurses ""usually""  treated them with courtesy and  respect",13,10/01/2024,09/30/2025
CT,H_NURSE_LISTEN_A_P,"Patients who reported that their nurses ""Always"" listened carefully to them","Nurses ""always"" listened carefully",75,10/01/2024,09/30/2025
CT,H_NURSE_LISTEN_SN_P,"Patients who reported that their nurses ""Sometimes"" or ""Never"" listened carefully to them","Nurses ""sometimes"" or ""never"" listened carefully",5,10/01/2024,09/30/2025
CT,H_NURSE_LISTEN_U_P,"Patients who reported that their nurses ""Usually"" listened carefully to them","Nurses ""usually"" listened carefully",20,10/01/2024,09/30/2025
CT,H_NURSE_EXPLAIN_A_P,"Patients who reported that their nurses ""Always"" explained things in a way they could understand","Nurses ""always"" explained things so they could understand",74,10/01/2024,09/30/2025
CT,H_NURSE_EXPLAIN_SN_P,"Patients who reported that their nurses ""Sometimes"" or ""Never"" explained things in a way they could understand","Nurses ""sometimes"" or ""never"" explained things so they could understand",6,10/01/2024,09/30/2025
CT,H_NURSE_EXPLAIN_U_P,"Patients who reported that their nurses ""Usually"" explained things in a way they could understand","Nurses ""usually"" explained things so they could understand",20,10/01/2024,09/30/2025
CT,H_COMP_2_A_P,"Patients who reported that their doctors ""Always"" communicated well","Doctors ""always"" communicated well",77,10/01/2024,09/30/2025
CT,H_COMP_2_SN_P,"Patients who reported that their doctors ""Sometimes"" or ""Never"" communicated well","Doctors ""sometimes"" or ""never"" communicated well",6,10/01/2024,09/30/2025
CT,H_COMP_2_U_P,"Patients who reported that their doctors ""Usually"" communicated well","Doctors ""usually"" communicated well",17,10/01/2024,09/30/2025
CT,H_DOCTOR_RESPECT_A_P,"Patients who reported that their doctors ""Always"" treated them with courtesy and respect","Doctors ""always"" treated them with courtesy and  respect",84,10/01/2024,09/30/2025
CT,H_DOCTOR_RESPECT_SN_P,"Patients who reported that their doctors ""Sometimes"" or ""Never""  treated them with courtesy and respect","Doctors ""sometimes"" or ""never"" treated them with courtesy and  respect",4,10/01/2024,09/30/2025
CT,H_DOCTOR_RESPECT_U_P,"Patients who reported that their doctors ""Usually""  treated them with courtesy and respect","Doctors ""usually""  treated them with courtesy and  respect",12,10/01/2024,09/30/2025
CT,H_DOCTOR_LISTEN_A_P,"Patients who reported that their doctors ""Always"" listened carefully to them","Doctors ""always"" listened carefully",75,10/01/2024,09/30/2025
CT,H_DOCTOR_LISTEN_SN_P,"Patients who reported that their doctors ""Sometimes"" or ""Never"" listened carefully to them","Doctors ""sometimes"" or ""never"" listened carefully",7,10/01/2024,09/30/2025
CT,H_DOCTOR_LISTEN_U_P,"Patients who reported that their doctors ""Usually"" listened carefully to them","Doctors ""usually"" listened carefully",18,10/01/2024,09/30/2025
CT,H_DOCTOR_EXPLAIN_A_P,"Patients who reported that their doctors ""Always"" explained things in a way they could understand","Doctors ""always"" explained things so they could understand",73,10/01/2024,09/30/2025
CT,H_DOCTOR_EXPLAIN_SN_P,"Patients who reported that their doctors ""Sometimes"" or ""Never"" explained things in a way they could understand","Doctors ""sometimes"" or ""never"" explained things so they could understand",7,10/01/2024,09/30/2025
CT,H_DOCTOR_EXPLAIN_U_P,"Patients who reported that their doctors ""Usually"" explained things in a way they could understand","Doctors ""usually"" explained things so they could understand",20,10/01/2024,09/30/2025
CT,H_COMP_5_A_P,"Patients who reported that staff ""Always"" explained about medicines before giving it to them","Staff ""always"" explained",59,10/01/2024,09/30/2025
CT,H_COMP_5_SN_P,"Patients who reported that staff ""Sometimes"" or ""Never"" explained about medicines before giving it to them","Staff ""sometimes"" or ""never"" explained",22,10/01/2024,09/30/2025
CT,H_COMP_5_U_P,"Patients who reported that staff ""Usually"" explained about medicines before giving it to them","Staff ""usually"" explained",19,10/01/2024,09/30/2025
CT,H_MED_FOR_A_P,"Patients who reported that when receiving new medication the staff ""Always"" communicated what the medication was for","Staff ""always"" explained new medications",73,10/01/2024,09/30/2025
CT,H_MED_FOR_SN_P,"Patients who reported that when receiving new medication the staff ""Sometimes"" or ""Never"" communicated what the medication was for","Staff ""sometimes"" or ""never"" explained new medications",11,10/01/2024,09/30/2025
CT,H_MED_FOR_U_P,"Patients who reported that when receiving new medication the staff ""Usually"" communicated what the medication was for.","Staff ""usually"" explained new medications",16,10/01/2024,09/30/2025
CT,H_SIDE_EFFECTS_A_P,"Patients who reported that when receiving new medication the staff ""Always"" discussed possible side effects","Staff ""always"" explained possible side effects",44,10/01/2024,09/30/2025
CT,H_SIDE_EFFECTS_SN_P,"Patients who reported that when receiving new medication the staff ""Sometimes"" or ""Never"" discussed possible side effects","Staff ""sometimes"" or ""never"" explained possible side effects",33,10/01/2024,09/30/2025
CT,H_SIDE_EFFECTS_U_P,"Patients who reported that when receiving new medication the staff ""Usually"" discussed possible side effects","Staff ""usually"" explained possible side effects",23,10/01/2024,09/30/2025
CT,H_COMP_6_N_P,"Patients who reported that NO, they were not given information about what to do during their recovery at home","No, staff ""did not"" give patients this information",13,10/01/2024,09/30/2025
CT,H_COMP_6_Y_P,"Patients who reported that YES, they were given information about what to do during their recovery at home","Yes, staff ""did"" give patients this information",87,10/01/2024,09/30/2025
CT,H_DISCH_HELP_N_P,"Patients who reported that NO, they did not discuss whether they would need help after discharge","No, staff ""did not"" give patients information about help after discharge",14,10/01/2024,09/30/2025
CT,H_DISCH_HELP_Y_P,"Patients who reported that YES, they did discuss whether they would need help after discharge","Yes, staff ""did"" give patients information about help after discharge",86,10/01/2024,09/30/2025
CT,H_SYMPTOMS_N_P,"Patients who reported that NO, they did not receive written information about possible symptoms to look out for after discharge","No, staff ""did not"" give patients information about possible symptoms",13,10/01/2024,09/30/2025
CT,H_SYMPTOMS_Y_P,"Patients who reported that YES, they did receive written information about possible symptoms to look out for after discharge","Yes, staff ""did"" give patients information about possible symptoms",87,10/01/2024,09/30/2025
CT,H_CLEAN_HSP_A_P,"Patients who reported that their room and bathroom were ""Always"" clean","Room was ""always"" clean",71,10/01/2024,09/30/2025
CT,H_CLEAN_HSP_SN_P,"Patients who reported that their room and bathroom were ""Sometimes"" or ""Never"" clean","Room was ""sometimes"" or ""never"" clean",9,10/01/2024,09/30/2025
CT,H_CLEAN_HSP_U_P,"Patients who reported that their room and bathroom were ""Usually"" clean","Room was ""usually"" clean",20,10/01/2024,09/30/2025
CT,H_QUIET_HSP_A_P,"Patients who reported that the area around their room was ""Always"" quiet at night","""Always"" quiet at night",48,10/01/2024,09/30/2025
CT,H_QUIET_HSP_SN_P,"Patients who reported that the area around their room was ""Sometimes"" or ""Never"" quiet at night","""Sometimes"" or ""never"" quiet at night",16,10/01/2024,09/30/2025
CT,H_QUIET_HSP_U_P,"Patients who reported that the area around their room was ""Usually"" quiet at night","""Usually"" quiet at night",36,10/01/2024,09/30/2025
CT,H_HSP_RATING_0_6,Patients who gave their hospital a rating of 6 or lower on a scale from 0 (lowest) to 10 (highest),"Patients who gave a rating of ""6"" or lower (low)",10,10/01/2024,09/30/2025
CT,H_HSP_RATING_7_8,Patients who gave their hospital a rating of 7 or 8 on a scale from 0 (lowest) to 10 (highest),"Patients who gave a rating of ""7"" or ""8"" (medium)",24,10/01/2024,09/30/2025
CT,H_HSP_RATING_9_10,Patients who gave their hospital a rating of 9 or 10 on a scale from 0 (lowest) to 10 (highest),"Patients who gave a rating of ""9"" or ""10"" (high)",66,10/01/2024,09/30/2025
CT,H_RECMND_DN,"Patients who reported NO, they would probably not or definitely not recommend the hospital","""NO"", patients would not recommend the hospital (they probably would not or definitely would not recommend it)",7,10/01/2024,09/30/2025
CT,H_RECMND_DY,"Patients who reported YES, they would definitely recommend the hospital","""YES"", patients would definitely recommend the hospital",68,10/01/2024,09/30/2025
CT,H_RECMND_PY,"Patients who reported YES, they would probably recommend the hospital","""YES"", patients would probably recommend the hospital",25,10/01/2024,09/30/2025
DC,H_COMP_1_A_P,"Patients who reported that their nurses ""Always"" communicated well","Nurses ""always"" communicated well",72,10/01/2024,09/30/2025
DC,H_COMP_1_SN_P,"Patients who reported that their nurses ""Sometimes"" or ""Never"" communicated well","Nurses ""sometimes"" or ""never"" communicated well",9,10/01/2024,09/30/2025
DC,H_COMP_1_U_P,"Patients who reported that their nurses ""Usually"" communicated well","Nurses ""usually"" communicated well",19,10/01/2024,09/30/2025
DC,H_NURSE_RESPECT_A_P,"Patients who reported that their nurses ""Always"" treated them with courtesy and respect","Nurses ""always"" treated them with courtesy and  respect",80,10/01/2024,09/30/2025
DC,H_NURSE_RESPECT_SN_P,"Patients who reported that their nurses ""Sometimes"" or ""Never""  treated them with courtesy and respect","Nurses ""sometimes"" or ""never"" treated them with courtesy and  respect",6,10/01/2024,09/30/2025
DC,H_NURSE_RESPECT_U_P,"Patients who reported that their nurses ""Usually""  treated them with courtesy and respect","Nurses ""usually""  treated them with courtesy and  respect",14,10/01/2024,09/30/2025
DC,H_NURSE_LISTEN_A_P,"Patients who reported that their nurses ""Always"" listened carefully to them","Nurses ""always"" listened carefully",69,10/01/2024,09/30/2025
DC,H_NURSE_LISTEN_SN_P,"Patients who reported that their nurses ""Sometimes"" or ""Never"" listened carefully to them","Nurses ""sometimes"" or ""never"" listened carefully",9,10/01/2024,09/30/2025
DC,H_NURSE_LISTEN_U_P,"Patients who reported that their nurses ""Usually"" listened carefully to them","Nurses ""usually"" listened carefully",22,10/01/2024,09/30/2025
DC,H_NURSE_EXPLAIN_A_P,"Patients who reported that their nurses ""Always"" explained things in a way they could understand","Nurses ""always"" explained things so they could understand",67,10/01/2024,09/30/2025
DC,H_NURSE_EXPLAIN_SN_P,"Patients who reported that their nurses ""Sometimes"" or ""Never"" explained things in a way they could understand","Nurses ""sometimes"" or ""never"" explained things so they could understand",10,10/01/2024,09/30/2025
DC,H_NURSE_EXPLAIN_U_P,"Patients who reported that their nurses ""Usually"" explained things in a way they could understand","Nurses ""usually"" explained things so they could understand",23,10/01/2024,09/30/2025
DC,H_COMP_2_A_P,"Patients who reported that their doctors ""Always"" communicated well","Doctors ""always"" communicated well",78,10/01/2024,09/30/2025
DC,H_COMP_2_SN_P,"Patients who reported that their doctors ""Sometimes"" or ""Never"" communicated well","Doctors ""sometimes"" or ""never"" communicated well",6,10/01/2024,09/30/2025
DC,H_COMP_2_U_P,"Patients who reported that their doctors ""Usually"" communicated well","Doctors ""usually"" communicated well",16,10/01/2024,09/30/2025
DC,H_DOCTOR_RESPECT_A_P,"Patients who reported that their doctors ""Always"" treated them with courtesy and respect","Doctors ""always"" treated them with courtesy and  respect",85,10/01/2024,09/30/2025
DC,H_DOCTOR_RESPECT_SN_P,"Patients who reported that their doctors ""Sometimes"" or ""Never""  treated them with courtesy and respect","Doctors ""sometimes"" or ""never"" treated them with courtesy and  respect",4,10/01/2024,09/30/2025
DC,H_DOCTOR_RESPECT_U_P,"Patients who reported that their doctors ""Usually""  treated them with courtesy and respect","Doctors ""usually""  treated them with courtesy and  respect",11,10/01/2024,09/30/2025
DC,H_DOCTOR_LISTEN_A_P,"Patients who reported that their doctors ""Always"" listened carefully to them","Doctors ""always"" listened carefully",77,10/01/2024,09/30/2025
DC,H_DOCTOR_LISTEN_SN_P,"Patients who reported that their doctors ""Sometimes"" or ""Never"" listened carefully to them","Doctors ""sometimes"" or ""never"" listened carefully",7,10/01/2024,09/30/2025
DC,H_DOCTOR_LISTEN_U_P,"Patients who reported that their doctors ""Usually"" listened carefully to them","Doctors ""usually"" listened carefully",16,10/01/2024,09/30/2025
DC,H_DOCTOR_EXPLAIN_A_P,"Patients who reported that their doctors ""Always"" explained things in a way they could understand","Doctors ""always"" explained things so they could understand",73,10/01/2024,09/30/2025
DC,H_DOCTOR_EXPLAIN_SN_P,"Patients who reported that their doctors ""Sometimes"" or ""Never"" explained things in a way they could understand","Doctors ""sometimes"" or ""never"" explained things so they could understand",8,10/01/2024,09/30/2025
DC,H_DOCTOR_EXPLAIN_U_P,"Patients who reported that their doctors ""Usually"" explained things in a way they could understand","Doctors ""usually"" explained things so they could understand",19,10/01/2024,09/30/2025
DC,H_COMP_5_A_P,"Patients who reported that staff ""Always"" explained about medicines before giving it to them","Staff ""always"" explained",55,10/01/2024,09/30/2025
DC,H_COMP_5_SN_P,"Patients who reported that staff ""Sometimes"" or ""Never"" explained about medicines before giving it to them","Staff ""sometimes"" or ""never"" explained",25,10/01/2024,09/30/2025
DC,H_COMP_5_U_P,"Patients who reported that staff ""Usually"" explained about medicines before giving it to them","Staff ""usually"" explained",20,10/01/2024,09/30/2025
DC,H_MED_FOR_A_P,"Patients who reported that when receiving new medication the staff ""Always"" communicated what the medication was for","Staff ""always"" explained new medications",70,10/01/2024,09/30/2025
DC,H_MED_FOR_SN_P,"Patients who reported that when receiving new medication the staff ""Sometimes"" or ""Never"" communicated what the medication was for","Staff ""sometimes"" or ""never"" explained new medications",13,10/01/2024,09/30/2025
DC,H_MED_FOR_U_P,"Patients who reported that when receiving new medication the staff ""Usually"" communicated what the medication was for.","Staff ""usually"" explained new medications",17,10/01/2024,09/30/2025
DC,H_SIDE_EFFECTS_A_P,"Patients who reported that when receiving new medication the staff ""Always"" discussed possible side effects","Staff ""always"" explained possible side effects",41,10/01/2024,09/30/2025
DC,H_SIDE_EFFECTS_SN_P,"Patients who reported that when receiving new medication the staff ""Sometimes"" or ""Never"" discussed possible side effects","Staff ""sometimes"" or ""never"" explained possible side effects",37,10/01/2024,09/30/2025
DC,H_SIDE_EFFECTS_U_P,"Patients who reported that when receiving new medication the staff ""Usually"" discussed possible side effects","Staff ""usually"" explained possible side effects",22,10/01/2024,09/30/2025
DC,H_COMP_6_N_P,"Patients who reported that NO, they were not given information about what to do during their recovery at home","No, staff ""did not"" give patients this information",17,10/01/2024,09/30/2025
DC,H_COMP_6_Y_P,"Patients who reported that YES, they were given information about what to do during their recovery at home","Yes, staff ""did"" give patients this information",83,10/01/2024,09/30/2025
DC,H_DISCH_HELP_N_P,"Patients who reported that NO, they did not discuss whether they would need help after discharge","No, staff ""did not"" give patients information about help after discharge",19,10/01/2024,09/30/2025
DC,H_DISCH_HELP_Y_P,"Patients who reported that YES, they did discuss whether they would need help after discharge","Yes, staff ""did"" give patients information about help after discharge",81,10/01/2024,09/30/2025
DC,H_SYMPTOMS_N_P,"Patients who reported that NO, they did not receive written information about possible symptoms to look out for after discharge","No, staff ""did not"" give patients information about possible symptoms",15,10/01/2024,09/30/2025
DC,H_SYMPTOMS_Y_P,"Patients who reported that YES, they did receive written information about possible symptoms to look out for after discharge","Yes, staff ""did"" give patients information about possible symptoms",85,10/01/2024,09/30/2025
DC,H_CLEAN_HSP_A_P,"Patients who reported that their room and bathroom were ""Always"" clean","Room was ""always"" clean",65,10/01/2024,09/30/2025
DC,H_CLEAN_HSP_SN_P,"Patients who reported that their room and bathroom were ""Sometimes"" or ""Never"" clean","Room was ""sometimes"" or ""never"" clean",13,10/01/2024,09/30/2025
DC,H_CLEAN_HSP_U_P,"Patients who reported that their room and bathroom were ""Usually"" clean","Room was ""usually"" clean",22,10/01/2024,09/30/2025
DC,H_QUIET_HSP_A_P,"Patients who reported that the area around their room was ""Always"" quiet at night","""Always"" quiet at night",53,10/01/2024,09/30/2025
DC,H_QUIET_HSP_SN_P,"Patients who reported that the area around their room was ""Sometimes"" or ""Never"" quiet at night","""Sometimes"" or ""never"" quiet at night",16,10/01/2024,09/30/2025
DC,H_QUIET_HSP_U_P,"Patients who reported that the area around their room was ""Usually"" quiet at night","""Usually"" quiet at night",31,10/01/2024,09/30/2025
DC,H_HSP_RATING_0_6,Patients who gave their hospital a rating of 6 or lower on a scale from 0 (lowest) to 10 (highest),"Patients who gave a rating of ""6"" or lower (low)",12,10/01/2024,09/30/2025
DC,H_HSP_RATING_7_8,Patients who gave their hospital a rating of 7 or 8 on a scale from 0 (lowest) to 10 (highest),"Patients who gave a rating of ""7"" or ""8"" (medium)",24,10/01/2024,09/30/2025
DC,H_HSP_RATING_9_10,Patients who gave their hospital a rating of 9 or 10 on a scale from 0 (lowest) to 10 (highest),"Patients who gave a rating of ""9"" or ""10"" (high)",64,10/01/2024,09/30/2025
DC,H_RECMND_DN,"Patients who reported NO, they would probably not or definitely not recommend the hospital","""NO"", patients would not recommend the hospital (they probably would not or definitely would not recommend it)",10,10/01/2024,09/30/2025
DC,H_RECMND_DY,"Patients who reported YES, they would definitely recommend the hospital","""YES"", patients would definitely recommend the hospital",65,10/01/2024,09/30/2025
DC,H_RECMND_PY,"Patients who reported YES, they would probably recommend the hospital","""YES"", patients would probably recommend the hospital",25,10/01/2024,09/30/2025
DE,H_COMP_1_A_P,"Patients who reported that their nurses ""Always"" communicated well","Nurses ""always"" communicated well",77,10/01/2024,09/30/2025
DE,H_COMP_1_SN_P,"Patients who reported that their nurses ""Sometimes"" or ""Never"" communicated well","Nurses ""sometimes"" or ""never"" communicated well",5,10/01/2024,09/30/2025
DE,H_COMP_1_U_P,"Patients who reported that their nurses ""Usually"" communicated well","Nurses ""usually"" communicated well",18,10/01/2024,09/30/2025
DE,H_NURSE_RESPECT_A_P,"Patients who reported that their nurses ""Always"" treated them with courtesy and respect","Nurses ""always"" treated them with courtesy and  respect",84,10/01/2024,09/30/2025
DE,H_NURSE_RESPECT_SN_P,"Patients who reported that their nurses ""Sometimes"" or ""Never""  treated them with courtesy and respect","Nurses ""sometimes"" or ""never"" treated them with courtesy and  respect",3,10/01/2024,09/30/2025
DE,H_NURSE_RESPECT_U_P,"Patients who reported that their nurses ""Usually""  treated them with courtesy and respect","Nurses ""usually""  treated them with courtesy and  respect",13,10/01/2024,09/30/2025
DE,H_NURSE_LISTEN_A_P,"Patients who reported that their nurses ""Always"" listened carefully to them","Nurses ""always"" listened carefully",74,10/01/2024,09/30/2025
DE,H_NURSE_LISTEN_SN_P,"Patients who reported that their nurses ""Sometimes"" or ""Never"" listened carefully to them","Nurses ""sometimes"" or ""never"" listened carefully",5,10/01/2024,09/30/2025
DE,H_NURSE_LISTEN_U_P,"Patients who reported that their nurses ""Usually"" listened carefully to them","Nurses ""usually"" listened carefully",21,10/01/2024,09/30/2025
DE,H_NURSE_EXPLAIN_A_P,"Patients who reported that their nurses ""Always"" explained things in a way they could understand","Nurses ""always"" explained things so they could understand",73,10/01/2024,09/30/2025
DE,H_NURSE_EXPLAIN_SN_P,"Patients who reported that their nurses ""Sometimes"" or ""Never"" explained things in a way they could understand","Nurses ""sometimes"" or ""never"" explained things so they could understand",7,10/01/2024,09/30/2025
DE,H_NURSE_EXPLAIN_U_P,"Patients who reported that their nurses ""Usually"" explained things in a way they could understand","Nurses ""usually"" explained things so they could understand",20,10/01/2024,09/30/2025
DE,H_COMP_2_A_P,"Patients who reported that their doctors ""Always"" communicated well","Doctors ""always"" communicated well",76,10/01/2024,09/30/2025
DE,H_COMP_2_SN_P,"Patients who reported that their doctors ""Sometimes"" or ""Never"" communicated well","Doctors ""sometimes"" or ""never"" communicated well",6,10/01/2024,09/30/2025
DE,H_COMP_2_U_P,"Patients who reported that their doctors ""Usually"" communicated well","Doctors ""usually"" communicated well",18,10/01/2024,09/30/2025
DE,H_DOCTOR_RESPECT_A_P,"Patients who reported that their doctors ""Always"" treated them with courtesy and respect","Doctors ""always"" treated them with courtesy and  respect",83,10/01/2024,09/30/2025
DE,H_DOCTOR_RESPECT_SN_P,"Patients who reported that their doctors ""Sometimes"" or ""Never""  treated them with courtesy and respect","Doctors ""sometimes"" or ""never"" treated them with courtesy and  respect",4,10/01/2024,09/30/2025
DE,H_DOCTOR_RESPECT_U_P,"Patients who reported that their doctors ""Usually""  treated them with courtesy and respect","Doctors ""usually""  treated them with courtesy and  respect",13,10/01/2024,09/30/2025
DE,H_DOCTOR_LISTEN_A_P,"Patients who reported that their doctors ""Always"" listened carefully to them","Doctors ""always"" listened carefully",74,10/01/2024,09/30/2025
DE,H_DOCTOR_LISTEN_SN_P,"Patients who reported that their doctors ""Sometimes"" or ""Never"" listened carefully to them","Doctors ""sometimes"" or ""never"" listened carefully",7,10/01/2024,09/30/2025
DE,H_DOCTOR_LISTEN_U_P,"Patients who reported that their doctors ""Usually"" listened carefully to them","Doctors ""usually"" listened carefully",19,10/01/2024,09/30/2025
DE,H_DOCTOR_EXPLAIN_A_P,"Patients who reported that their doctors ""Always"" explained things in a way they could understand","Doctors ""always"" explained things so they could understand",71,10/01/2024,09/30/2025
DE,H_DOCTOR_EXPLAIN_SN_P,"Patients who reported that their doctors ""Sometimes"" or ""Never"" explained things in a way they could understand","Doctors ""sometimes"" or ""never"" explained things so they could understand",8,10/01/2024,09/30/2025
DE,H_DOCTOR_EXPLAIN_U_P,"Patients who reported that their doctors ""Usually"" explained things in a way they could understand","Doctors ""usually"" explained things so they could understand",21,10/01/2024,09/30/2025
DE,H_COMP_5_A_P,"Patients who reported that staff ""Always"" explained about medicines before giving it to them","Staff ""always"" explained",57,10/01/2024,09/30/2025
DE,H_COMP_5_SN_P,"Patients who reported that staff ""Sometimes"" or ""Never"" explained about medicines before giving it to them","Staff ""sometimes"" or ""never"" explained",23,10/01/2024,09/30/2025
DE,H_COMP_5_U_P,"Patients who reported that staff ""Usually"" explained about medicines before giving it to them","Staff ""usually"" explained",20,10/01/2024,09/30/2025
DE,H_MED_FOR_A_P,"Patients who reported that when receiving new medication the staff ""Always"" communicated what the medication was for","Staff ""always"" explained new medications",72,10/01/2024,09/30/2025
DE,H_MED_FOR_SN_P,"Patients who reported that when receiving new medication the staff ""Sometimes"" or ""Never"" communicated what the medication was for","Staff ""sometimes"" or ""never"" explained new medications",11,10/01/2024,09/30/2025
DE,H_MED_FOR_U_P,"Patients who reported that when receiving new medication the staff ""Usually"" communicated what the medication was for.","Staff ""usually"" explained new medications",17,10/01/2024,09/30/2025
DE,H_SIDE_EFFECTS_A_P,"Patients who reported that when receiving new medication the staff ""Always"" discussed possible side effects","Staff ""always"" explained possible side effects",43,10/01/2024,09/30/2025
DE,H_SIDE_EFFECTS_SN_P,"Patients who reported that when receiving new medication the staff ""Sometimes"" or ""Never"" discussed possible side effects","Staff ""sometimes"" or ""never"" explained possible side effects",35,10/01/2024,09/30/2025
DE,H_SIDE_EFFECTS_U_P,"Patients who reported that when receiving new medication the staff ""Usually"" discussed possible side effects","Staff ""usually"" explained possible side effects",22,10/01/2024,09/30/2025
DE,H_COMP_6_N_P,"Patients who reported that NO, they were not given information about what to do during their recovery at home","No, staff ""did not"" give patients this information",14,10/01/2024,09/30/2025
DE,H_COMP_6_Y_P,"Patients who reported that YES, they were given information about what to do during their recovery at home","Yes, staff ""did"" give patients this information",86,10/01/2024,09/30/2025
DE,H_DISCH_HELP_N_P,"Patients who reported that NO, they did not discuss whether they would need help after discharge","No, staff ""did not"" give patients information about help after discharge",16,10/01/2024,09/30/2025
DE,H_DISCH_HELP_Y_P,"Patients who reported that YES, they did discuss whether they would need help after discharge","Yes, staff ""did"" give patients information about help after discharge",84,10/01/2024,09/30/2025
DE,H_SYMPTOMS_N_P,"Patients who reported that NO, they did not receive written information about possible symptoms to look out for after discharge","No, staff ""did not"" give patients information about possible symptoms",12,10/01/2024,09/30/2025
DE,H_SYMPTOMS_Y_P,"Patients who reported that YES, they did receive written information about possible symptoms to look out for after discharge","Yes, staff ""did"" give patients information about possible symptoms",88,10/01/2024,09/30/2025
DE,H_CLEAN_HSP_A_P,"Patients who reported that their room and bathroom were ""Always"" clean","Room was ""always"" clean",65,10/01/2024,09/30/2025
DE,H_CLEAN_HSP_SN_P,"Patients who reported that their room and bathroom were ""Sometimes"" or ""Never"" clean","Room was ""sometimes"" or ""never"" clean",13,10/01/2024,09/30/2025
DE,H_CLEAN_HSP_U_P,"Patients who reported that their room and bathroom were ""Usually"" clean","Room was ""usually"" clean",22,10/01/2024,09/30/2025
DE,H_QUIET_HSP_A_P,"Patients who reported that the area around their room was ""Always"" quiet at night","""Always"" quiet at night",51,10/01/2024,09/30/2025
DE,H_QUIET_HSP_SN_P,"Patients who reported that the area around their room was ""Sometimes"" or ""Never"" quiet at night","""Sometimes"" or ""never"" quiet at night",15,10/01/2024,09/30/2025
DE,H_QUIET_HSP_U_P,"Patients who reported that the area around their room was ""Usually"" quiet at night","""Usually"" quiet at night",34,10/01/2024,09/30/2025
DE,H_HSP_RATING_0_6,Patients who gave their hospital a rating of 6 or lower on a scale from 0 (lowest) to 10 (highest),"Patients who gave a rating of ""6"" or lower (low)",11,10/01/2024,09/30/2025
DE,H_HSP_RATING_7_8,Patients who gave their hospital a rating of 7 or 8 on a scale from 0 (lowest) to 10 (highest),"Patients who gave a rating of ""7"" or ""8"" (medium)",24,10/01/2024,09/30/2025
DE,H_HSP_RATING_9_10,Patients who gave their hospital a rating of 9 or 10 on a scale from 0 (lowest) to 10 (highest),"Patients who gave a rating of ""9"" or ""10"" (high)",65,10/01/2024,09/30/2025
DE,H_RECMND_DN,"Patients who reported NO, they would probably not or definitely not recommend the hospital","""NO"", patients would not recommend the hospital (they probably would not or definitely would not recommend it)",7,10/01/2024,09/30/2025
DE,H_RECMND_DY,"Patients who reported YES, they would definitely recommend the hospital","""YES"", patients would definitely recommend the hospital",64,10/01/2024,09/30/2025
DE,H_RECMND_PY,"Patients who reported YES, they would probably recommend the hospital","""YES"", patients would probably recommend the hospital",29,10/01/2024,09/30/2025
FL,H_COMP_1_A_P,"Patients who reported that their nurses ""Always"" communicated well","Nurses ""always"" communicated well",76,10/01/2024,09/30/2025
FL,H_COMP_1_SN_P,"Patients who reported that their nurses ""Sometimes"" or ""Never"" communicated well","Nurses ""sometimes"" or ""never"" communicated well",6,10/01/2024,09/30/2025
FL,H_COMP_1_U_P,"Patients who reported that their nurses ""Usually"" communicated well","Nurses ""usually"" communicated well",18,10/01/2024,09/30/2025
FL,H_NURSE_RESPECT_A_P,"Patients who reported that their nurses ""Always"" treated them with courtesy and respect","Nurses ""always"" treated them with courtesy and  respect",83,10/01/2024,09/30/2025
FL,H_NURSE_RESPECT_SN_P,"Patients who reported that their nurses ""Sometimes"" or ""Never""  treated them with courtesy and respect","Nurses ""sometimes"" or ""never"" treated them with courtesy and  respect",4,10/01/2024,09/30/2025
FL,H_NURSE_RESPECT_U_P,"Patients who reported that their nurses ""Usually""  treated them with courtesy and respect","Nurses ""usually""  treated them with courtesy and  respect",13,10/01/2024,09/30/2025
FL,H_NURSE_LISTEN_A_P,"Patients who reported that their nurses ""Always"" listened carefully to them","Nurses ""always"" listened carefully",73,10/01/2024,09/30/2025
FL,H_NURSE_LISTEN_SN_P,"Patients who reported that their nurses ""Sometimes"" or ""Never"" listened carefully to them","Nurses ""sometimes"" or ""never"" listened carefully",7,10/01/2024,09/30/2025
FL,H_NURSE_LISTEN_U_P,"Patients who reported that their nurses ""Usually"" listened carefully to them","Nurses ""usually"" listened carefully",20,10/01/2024,09/30/2025
FL,H_NURSE_EXPLAIN_A_P,"Patients who reported that their nurses ""Always"" explained things in a way they could understand","Nurses ""always"" explained things so they could understand",72,10/01/2024,09/30/2025
FL,H_NURSE_EXPLAIN_SN_P,"Patients who reported that their nurses ""Sometimes"" or ""Never"" explained things in a way they could understand","Nurses ""sometimes"" or ""never"" explained things so they could understand",8,10/01/2024,09/30/2025
FL,H_NURSE_EXPLAIN_U_P,"Patients who reported that their nurses ""Usually"" explained things in a way they could understand","Nurses ""usually"" explained things so they could understand",20,10/01/2024,09/30/2025
FL,H_COMP_2_A_P,"Patients who reported that their doctors ""Always"" communicated well","Doctors ""always"" communicated well",75,10/01/2024,09/30/2025
FL,H_COMP_2_SN_P,"Patients who reported that their doctors ""Sometimes"" or ""Never"" communicated well","Doctors ""sometimes"" or ""never"" communicated well",8,10/01/2024,09/30/2025
FL,H_COMP_2_U_P,"Patients who reported that their doctors ""Usually"" communicated well","Doctors ""usually"" communicated well",17,10/01/2024,09/30/2025
FL,H_DOCTOR_RESPECT_A_P,"Patients who reported that their doctors ""Always"" treated them with courtesy and respect","Doctors ""always"" treated them with courtesy and  respect",82,10/01/2024,09/30/2025
FL,H_DOCTOR_RESPECT_SN_P,"Patients who reported that their doctors ""Sometimes"" or ""Never""  treated them with courtesy and respect","Doctors ""sometimes"" or ""never"" treated them with courtesy and  respect",5,10/01/2024,09/30/2025
FL,H_DOCTOR_RESPECT_U_P,"Patients who reported that their doctors ""Usually""  treated them with courtesy and respect","Doctors ""usually""  treated them with courtesy and  respect",13,10/01/2024,09/30/2025
FL,H_DOCTOR_LISTEN_A_P,"Patients who reported that their doctors ""Always"" listened carefully to them","Doctors ""always"" listened carefully",73,10/01/2024,09/30/2025
FL,H_DOCTOR_LISTEN_SN_P,"Patients who reported that their doctors ""Sometimes"" or ""Never"" listened carefully to them","Doctors ""sometimes"" or ""never"" listened carefully",8,10/01/2024,09/30/2025
FL,H_DOCTOR_LISTEN_U_P,"Patients who reported that their doctors ""Usually"" listened carefully to them","Doctors ""usually"" listened carefully",19,10/01/2024,09/30/2025
FL,H_DOCTOR_EXPLAIN_A_P,"Patients who reported that their doctors ""Always"" explained things in a way they could understand","Doctors ""always"" explained things so they could understand",71,10/01/2024,09/30/2025
FL,H_DOCTOR_EXPLAIN_SN_P,"Patients who reported that their doctors ""Sometimes"" or ""Never"" explained things in a way they could understand","Doctors ""sometimes"" or ""never"" explained things so they could understand",9,10/01/2024,09/30/2025
FL,H_DOCTOR_EXPLAIN_U_P,"Patients who reported that their doctors ""Usually"" explained things in a way they could understand","Doctors ""usually"" explained things so they could understand",20,10/01/2024,09/30/2025
FL,H_COMP_5_A_P,"Patients who reported that staff ""Always"" explained about medicines before giving it to them","Staff ""always"" explained",58,10/01/2024,09/30/2025
FL,H_COMP_5_SN_P,"Patients who reported that staff ""Sometimes"" or ""Never"" explained about medicines before giving it to them","Staff ""sometimes"" or ""never"" explained",23,10/01/2024,09/30/2025
FL,H_COMP_5_U_P,"Patients who reported that staff ""Usually"" explained about medicines before giving it to them","Staff ""usually"" explained",19,10/01/2024,09/30/2025
FL,H_MED_FOR_A_P,"Patients who reported that when receiving new medication the staff ""Always"" communicated what the medication was for","Staff ""always"" explained new medications",72,10/01/2024,09/30/2025
FL,H_MED_FOR_SN_P,"Patients who reported that when receiving new medication the staff ""Sometimes"" or ""Never"" communicated what the medication was for","Staff ""sometimes"" or ""never"" explained new medications",12,10/01/2024,09/30/2025
FL,H_MED_FOR_U_P,"Patients who reported that when receiving new medication the staff ""Usually"" communicated what the medication was for.","Staff ""usually"" explained new medications",16,10/01/2024,09/30/2025
FL,H_SIDE_EFFECTS_A_P,"Patients who reported that when receiving new medication the staff ""Always"" discussed possible side effects","Staff ""always"" explained possible side effects",44,10/01/2024,09/30/2025
FL,H_SIDE_EFFECTS_SN_P,"Patients who reported that when receiving new medication the staff ""Sometimes"" or ""Never"" discussed possible side effects","Staff ""sometimes"" or ""never"" explained possible side effects",35,10/01/2024,09/30/2025
FL,H_SIDE_EFFECTS_U_P,"Patients who reported that when receiving new medication the staff ""Usually"" discussed possible side effects","Staff ""usually"" explained possible side effects",21,10/01/2024,09/30/2025
FL,H_COMP_6_N_P,"Patients who reported that NO, they were not given information about what to do during their recovery at home","No, staff ""did not"" give patients this information",17,10/01/2024,09/30/2025
FL,H_COMP_6_Y_P,"Patients who reported that YES, they were given information about what to do during their recovery at home","Yes, staff ""did"" give patients this information",83,10/01/2024,09/30/2025
FL,H_DISCH_HELP_N_P,"Patients who reported that NO, they did not discuss whether they would need help after discharge","No, staff ""did not"" give patients information about help after discharge",18,10/01/2024,09/30/2025
FL,H_DISCH_HELP_Y_P,"Patients who reported that YES, they did discuss whether they would need help after discharge","Yes, staff ""did"" give patients information about help after discharge",82,10/01/2024,09/30/2025
FL,H_SYMPTOMS_N_P,"Patients who reported that NO, they did not receive written information about possible symptoms to look out for after discharge","No, staff ""did not"" give patients information about possible symptoms",15,10/01/2024,09/30/2025
FL,H_SYMPTOMS_Y_P,"Patients who reported that YES, they did receive written information about possible symptoms to look out for after discharge","Yes, staff ""did"" give patients information about possible symptoms",85,10/01/2024,09/30/2025
FL,H_CLEAN_HSP_A_P,"Patients who reported that their room and bathroom were ""Always"" clean","Room was ""always"" clean",72,10/01/2024,09/30/2025
FL,H_CLEAN_HSP_SN_P,"Patients who reported that their room and bathroom were ""Sometimes"" or ""Never"" clean","Room was ""sometimes"" or ""never"" clean",10,10/01/2024,09/30/2025
FL,H_CLEAN_HSP_U_P,"Patients who reported that their room and bathroom were ""Usually"" clean","Room was ""usually"" clean",18,10/01/2024,09/30/2025
FL,H_QUIET_HSP_A_P,"Patients who reported that the area around their room was ""Always"" quiet at night","""Always"" quiet at night",56,10/01/2024,09/30/2025
FL,H_QUIET_HSP_SN_P,"Patients who reported that the area around their room was ""Sometimes"" or ""Never"" quiet at night","""Sometimes"" or ""never"" quiet at night",13,10/01/2024,09/30/2025
FL,H_QUIET_HSP_U_P,"Patients who reported that the area around their room was ""Usually"" quiet at night","""Usually"" quiet at night",31,10/01/2024,09/30/2025
FL,H_HSP_RATING_0_6,Patients who gave their hospital a rating of 6 or lower on a scale from 0 (lowest) to 10 (highest),"Patients who gave a rating of ""6"" or lower (low)",11,10/01/2024,09/30/2025
FL,H_HSP_RATING_7_8,Patients who gave their hospital a rating of 7 or 8 on a scale from 0 (lowest) to 10 (highest),"Patients who gave a rating of ""7"" or ""8"" (medium)",21,10/01/2024,09/30/2025
FL,H_HSP_RATING_9_10,Patients who gave their hospital a rating of 9 or 10 on a scale from 0 (lowest) to 10 (highest),"Patients who gave a rating of ""9"" or ""10"" (high)",68,10/01/2024,09/30/2025
FL,H_RECMND_DN,"Patients who reported NO, they would probably not or definitely not recommend the hospital","""NO"", patients would not recommend the hospital (they probably would not or definitely would not recommend it)",8,10/01/2024,09/30/2025
FL,H_RECMND_DY,"Patients who reported YES, they would definitely recommend the hospital","""YES"", patients would definitely recommend the hospital",69,10/01/2024,09/30/2025
FL,H_RECMND_PY,"Patients who reported YES, they would probably recommend the hospital","""YES"", patients would probably recommend the hospital",23,10/01/2024,09/30/2025
GA,H_COMP_1_A_P,"Patients who reported that their nurses ""Always"" communicated well","Nurses ""always"" communicated well",79,10/01/2024,09/30/2025
GA,H_COMP_1_SN_P,"Patients who reported that their nurses ""Sometimes"" or ""Never"" communicated well","Nurses ""sometimes"" or ""never"" communicated well",5,10/01/2024,09/30/2025
GA,H_COMP_1_U_P,"Patients who reported that their nurses ""Usually"" communicated well","Nurses ""usually"" communicated well",16,10/01/2024,09/30/2025
GA,H_NURSE_RESPECT_A_P,"Patients who reported that their nurses ""Always"" treated them with courtesy and respect","Nurses ""always"" treated them with courtesy and  respect",85,10/01/2024,09/30/2025
GA,H_NURSE_RESPECT_SN_P,"Patients who reported that their nurses ""Sometimes"" or ""Never""  treated them with courtesy and respect","Nurses ""sometimes"" or ""never"" treated them with courtesy and  respect",3,10/01/2024,09/30/2025
GA,H_NURSE_RESPECT_U_P,"Patients who reported that their nurses ""Usually""  treated them with courtesy and respect","Nurses ""usually""  treated them with courtesy and  respect",12,10/01/2024,09/30/2025
GA,H_NURSE_LISTEN_A_P,"Patients who reported that their nurses ""Always"" listened carefully to them","Nurses ""always"" listened carefully",76,10/01/2024,09/30/2025
GA,H_NURSE_LISTEN_SN_P,"Patients who reported that their nurses ""Sometimes"" or ""Never"" listened carefully to them","Nurses ""sometimes"" or ""never"" listened carefully",5,10/01/2024,09/30/2025
GA,H_NURSE_LISTEN_U_P,"Patients who reported that their nurses ""Usually"" listened carefully to them","Nurses ""usually"" listened carefully",19,10/01/2024,09/30/2025
GA,H_NURSE_EXPLAIN_A_P,"Patients who reported that their nurses ""Always"" explained things in a way they could understand","Nurses ""always"" explained things so they could understand",75,10/01/2024,09/30/2025
GA,H_NURSE_EXPLAIN_SN_P,"Patients who reported that their nurses ""Sometimes"" or ""Never"" explained things in a way they could understand","Nurses ""sometimes"" or ""never"" explained things so they could understand",6,10/01/2024,09/30/2025
GA,H_NURSE_EXPLAIN_U_P,"Patients who reported that their nurses ""Usually"" explained things in a way they could understand","Nurses ""usually"" explained things so they could understand",19,10/01/2024,09/30/2025
GA,H_COMP_2_A_P,"Patients who reported that their doctors ""Always"" communicated well","Doctors ""always"" communicated well",79,10/01/2024,09/30/2025
GA,H_COMP_2_SN_P,"Patients who reported that their doctors ""Sometimes"" or ""Never"" communicated well","Doctors ""sometimes"" or ""never"" communicated well",6,10/01/2024,09/30/2025
GA,H_COMP_2_U_P,"Patients who reported that their doctors ""Usually"" communicated well","Doctors ""usually"" communicated well",15,10/01/2024,09/30/2025
GA,H_DOCTOR_RESPECT_A_P,"Patients who reported that their doctors ""Always"" treated them with courtesy and respect","Doctors ""always"" treated them with courtesy and  respect",85,10/01/2024,09/30/2025
GA,H_DOCTOR_RESPECT_SN_P,"Patients who reported that their doctors ""Sometimes"" or ""Never""  treated them with courtesy and respect","Doctors ""sometimes"" or ""never"" treated them with courtesy and  respect",4,10/01/2024,09/30/2025
GA,H_DOCTOR_RESPECT_U_P,"Patients who reported that their doctors ""Usually""  treated them with courtesy and respect","Doctors ""usually""  treated them with courtesy and  respect",11,10/01/2024,09/30/2025
GA,H_DOCTOR_LISTEN_A_P,"Patients who reported that their doctors ""Always"" listened carefully to them","Doctors ""always"" listened carefully",78,10/01/2024,09/30/2025
GA,H_DOCTOR_LISTEN_SN_P,"Patients who reported that their doctors ""Sometimes"" or ""Never"" listened carefully to them","Doctors ""sometimes"" or ""never"" listened carefully",6,10/01/2024,09/30/2025
GA,H_DOCTOR_LISTEN_U_P,"Patients who reported that their doctors ""Usually"" listened carefully to them","Doctors ""usually"" listened carefully",16,10/01/2024,09/30/2025
GA,H_DOCTOR_EXPLAIN_A_P,"Patients who reported that their doctors ""Always"" explained things in a way they could understand","Doctors ""always"" explained things so they could understand",75,10/01/2024,09/30/2025
GA,H_DOCTOR_EXPLAIN_SN_P,"Patients who reported that their doctors ""Sometimes"" or ""Never"" explained things in a way they could understand","Doctors ""sometimes"" or ""never"" explained things so they could understand",7,10/01/2024,09/30/2025
GA,H_DOCTOR_EXPLAIN_U_P,"Patients who reported that their doctors ""Usually"" explained things in a way they could understand","Doctors ""usually"" explained things so they could understand",18,10/01/2024,09/30/2025
GA,H_COMP_5_A_P,"Patients who reported that staff ""Always"" explained about medicines before giving it to them","Staff ""always"" explained",60,10/01/2024,09/30/2025
GA,H_COMP_5_SN_P,"Patients who reported that staff ""Sometimes"" or ""Never"" explained about medicines before giving it to them","Staff ""sometimes"" or ""never"" explained",21,10/01/2024,09/30/2025
GA,H_COMP_5_U_P,"Patients who reported that staff ""Usually"" explained about medicines before giving it to them","Staff ""usually"" explained",19,10/01/2024,09/30/2025
GA,H_MED_FOR_A_P,"Patients who reported that when receiving new medication the staff ""Always"" communicated what the medication was for","Staff ""always"" explained new medications",74,10/01/2024,09/30/2025
GA,H_MED_FOR_SN_P,"Patients who reported that when receiving new medication the staff ""Sometimes"" or ""Never"" communicated what the medication was for","Staff ""sometimes"" or ""never"" explained new medications",11,10/01/2024,09/30/2025
GA,H_MED_FOR_U_P,"Patients who reported that when receiving new medication the staff ""Usually"" communicated what the medication was for.","Staff ""usually"" explained new medications",15,10/01/2024,09/30/2025
GA,H_SIDE_EFFECTS_A_P,"Patients who reported that when receiving new medication the staff ""Always"" discussed possible side effects","Staff ""always"" explained possible side effects",46,10/01/2024,09/30/2025
GA,H_SIDE_EFFECTS_SN_P,"Patients who reported that when receiving new medication the staff ""Sometimes"" or ""Never"" discussed possible side effects","Staff ""sometimes"" or ""never"" explained possible side effects",33,10/01/2024,09/30/2025
GA,H_SIDE_EFFECTS_U_P,"Patients who reported that when receiving new medication the staff ""Usually"" discussed possible side effects","Staff ""usually"" explained possible side effects",21,10/01/2024,09/30/2025
GA,H_COMP_6_N_P,"Patients who reported that NO, they were not given information about what to do during their recovery at home","No, staff ""did not"" give patients this information",15,10/01/2024,09/30/2025
GA,H_COMP_6_Y_P,"Patients who reported that YES, they were given information about what to do during their recovery at home","Yes, staff ""did"" give patients this information",85,10/01/2024,09/30/2025
GA,H_DISCH_HELP_N_P,"Patients who reported that NO, they did not discuss whether they would need help after discharge","No, staff ""did not"" give patients information about help after discharge",17,10/01/2024,09/30/2025
GA,H_DISCH_HELP_Y_P,"Patients who reported that YES, they did discuss whether they would need help after discharge","Yes, staff ""did"" give patients information about help after discharge",83,10/01/2024,09/30/2025
GA,H_SYMPTOMS_N_P,"Patients who reported that NO, they did not receive written information about possible symptoms to look out for after discharge","No, staff ""did not"" give patients information about possible symptoms",13,10/01/2024,09/30/2025
GA,H_SYMPTOMS_Y_P,"Patients who reported that YES, they did receive written information about possible symptoms to look out for after discharge","Yes, staff ""did"" give patients information about possible symptoms",87,10/01/2024,09/30/2025
GA,H_CLEAN_HSP_A_P,"Patients who reported that their room and bathroom were ""Always"" clean","Room was ""always"" clean",72,10/01/2024,09/30/2025
GA,H_CLEAN_HSP_SN_P,"Patients who reported that their room and bathroom were ""Sometimes"" or ""Never"" clean","Room was ""sometimes"" or ""never"" clean",10,10/01/2024,09/30/2025
GA,H_CLEAN_HSP_U_P,"Patients who reported that their room and bathroom were ""Usually"" clean","Room was ""usually"" clean",18,10/01/2024,09/30/2025
GA,H_QUIET_HSP_A_P,"Patients who reported that the area around their room was ""Always"" quiet at night","""Always"" quiet at night",64,10/01/2024,09/30/2025
GA,H_QUIET_HSP_SN_P,"Patients who reported that the area around their room was ""Sometimes"" or ""Never"" quiet at night","""Sometimes"" or ""never"" quiet at night",8,10/01/2024,09/30/2025
GA,H_QUIET_HSP_U_P,"Patients who reported that the area around their room was ""Usually"" quiet at night","""Usually"" quiet at night",28,10/01/2024,09/30/2025
GA,H_HSP_RATING_0_6,Patients who gave their hospital a rating of 6 or lower on a scale from 0 (lowest) to 10 (highest),"Patients who gave a rating of ""6"" or lower (low)",9,10/01/2024,09/30/2025
GA,H_HSP_RATING_7_8,Patients who gave their hospital a rating of 7 or 8 on a scale from 0 (lowest) to 10 (highest),"Patients who gave a rating of ""7"" or ""8"" (medium)",20,10/01/2024,09/30/2025
GA,H_HSP_RATING_9_10,Patients who gave their hospital a rating of 9 or 10 on a scale from 0 (lowest) to 10 (highest),"Patients who gave a rating of ""9"" or ""10"" (high)",71,10/01/2024,09/30/2025
GA,H_RECMND_DN,"Patients who reported NO, they would probably not or definitely not recommend the hospital","""NO"", patients would not recommend the hospital (they probably would not or definitely would not recommend it)",6,10/01/2024,09/30/2025
GA,H_RECMND_DY,"Patients who reported YES, they would definitely recommend the hospital","""YES"", patients would definitely recommend the hospital",71,10/01/2024,09/30/2025
GA,H_RECMND_PY,"Patients who reported YES, they would probably recommend the hospital","""YES"", patients would probably recommend the hospital",23,10/01/2024,09/30/2025
GU,H_COMP_1_A_P,"Patients who reported that their nurses ""Always"" communicated well","Nurses ""always"" communicated well",Not Available,10/01/2024,09/30/2025
GU,H_COMP_1_SN_P,"Patients who reported that their nurses ""Sometimes"" or ""Never"" communicated well","Nurses ""sometimes"" or ""never"" communicated well",Not Available,10/01/2024,09/30/2025
GU,H_COMP_1_U_P,"Patients who reported that their nurses ""Usually"" communicated well","Nurses ""usually"" communicated well",Not Available,10/01/2024,09/30/2025
GU,H_NURSE_RESPECT_A_P,"Patients who reported that their nurses ""Always"" treated them with courtesy and respect","Nurses ""always"" treated them with courtesy and  respect",Not Available,10/01/2024,09/30/2025
GU,H_NURSE_RESPECT_SN_P,"Patients who reported that their nurses ""Sometimes"" or ""Never""  treated them with courtesy and respect","Nurses ""sometimes"" or ""never"" treated them with courtesy and  respect",Not Available,10/01/2024,09/30/2025
GU,H_NURSE_RESPECT_U_P,"Patients who reported that their nurses ""Usually""  treated them with courtesy and respect","Nurses ""usually""  treated them with courtesy and  respect",Not Available,10/01/2024,09/30/2025
GU,H_NURSE_LISTEN_A_P,"Patients who reported that their nurses ""Always"" listened carefully to them","Nurses ""always"" listened carefully",Not Available,10/01/2024,09/30/2025
GU,H_NURSE_LISTEN_SN_P,"Patients who reported that their nurses ""Sometimes"" or ""Never"" listened carefully to them","Nurses ""sometimes"" or ""never"" listened carefully",Not Available,10/01/2024,09/30/2025
GU,H_NURSE_LISTEN_U_P,"Patients who reported that their nurses ""Usually"" listened carefully to them","Nurses ""usually"" listened carefully",Not Available,10/01/2024,09/30/2025
GU,H_NURSE_EXPLAIN_A_P,"Patients who reported that their nurses ""Always"" explained things in a way they could understand","Nurses ""always"" explained things so they could understand",Not Available,10/01/2024,09/30/2025
GU,H_NURSE_EXPLAIN_SN_P,"Patients who reported that their nurses ""Sometimes"" or ""Never"" explained things in a way they could understand","Nurses ""sometimes"" or ""never"" explained things so they could understand",Not Available,10/01/2024,09/30/2025
GU,H_NURSE_EXPLAIN_U_P,"Patients who reported that their nurses ""Usually"" explained things in a way they could understand","Nurses ""usually"" explained things so they could understand",Not Available,10/01/2024,09/30/2025
GU,H_COMP_2_A_P,"Patients who reported that their doctors ""Always"" communicated well","Doctors ""always"" communicated well",Not Available,10/01/2024,09/30/2025
GU,H_COMP_2_SN_P,"Patients who reported that their doctors ""Sometimes"" or ""Never"" communicated well","Doctors ""sometimes"" or ""never"" communicated well",Not Available,10/01/2024,09/30/2025
GU,H_COMP_2_U_P,"Patients who reported that their doctors ""Usually"" communicated well","Doctors ""usually"" communicated well",Not Available,10/01/2024,09/30/2025
GU,H_DOCTOR_RESPECT_A_P,"Patients who reported that their doctors ""Always"" treated them with courtesy and respect","Doctors ""always"" treated them with courtesy and  respect",Not Available,10/01/2024,09/30/2025
GU,H_DOCTOR_RESPECT_SN_P,"Patients who reported that their doctors ""Sometimes"" or ""Never""  treated them with courtesy and respect","Doctors ""sometimes"" or ""never"" treated them with courtesy and  respect",Not Available,10/01/2024,09/30/2025
GU,H_DOCTOR_RESPECT_U_P,"Patients who reported that their doctors ""Usually""  treated them with courtesy and respect","Doctors ""usually""  treated them with courtesy and  respect",Not Available,10/01/2024,09/30/2025
GU,H_DOCTOR_LISTEN_A_P,"Patients who reported that their doctors ""Always"" listened carefully to them","Doctors ""always"" listened carefully",Not Available,10/01/2024,09/30/2025
GU,H_DOCTOR_LISTEN_SN_P,"Patients who reported that their doctors ""Sometimes"" or ""Never"" listened carefully to them","Doctors ""sometimes"" or ""never"" listened carefully",Not Available,10/01/2024,09/30/2025
GU,H_DOCTOR_LISTEN_U_P,"Patients who reported that their doctors ""Usually"" listened carefully to them","Doctors ""usually"" listened carefully",Not Available,10/01/2024,09/30/2025
GU,H_DOCTOR_EXPLAIN_A_P,"Patients who reported that their doctors ""Always"" explained things in a way they could understand","Doctors ""always"" explained things so they could understand",Not Available,10/01/2024,09/30/2025
GU,H_DOCTOR_EXPLAIN_SN_P,"Patients who reported that their doctors ""Sometimes"" or ""Never"" explained things in a way they could understand","Doctors ""sometimes"" or ""never"" explained things so they could understand",Not Available,10/01/2024,09/30/2025
GU,H_DOCTOR_EXPLAIN_U_P,"Patients who reported that their doctors ""Usually"" explained things in a way they could understand","Doctors ""usually"" explained things so they could understand",Not Available,10/01/2024,09/30/2025
GU,H_COMP_5_A_P,"Patients who reported that staff ""Always"" explained about medicines before giving it to them","Staff ""always"" explained",Not Available,10/01/2024,09/30/2025
GU,H_COMP_5_SN_P,"Patients who reported that staff ""Sometimes"" or ""Never"" explained about medicines before giving it to them","Staff ""sometimes"" or ""never"" explained",Not Available,10/01/2024,09/30/2025
GU,H_COMP_5_U_P,"Patients who reported that staff ""Usually"" explained about medicines before giving it to them","Staff ""usually"" explained",Not Available,10/01/2024,09/30/2025
GU,H_MED_FOR_A_P,"Patients who reported that when receiving new medication the staff ""Always"" communicated what the medication was for","Staff ""always"" explained new medications",Not Available,10/01/2024,09/30/2025
GU,H_MED_FOR_SN_P,"Patients who reported that when receiving new medication the staff ""Sometimes"" or ""Never"" communicated what the medication was for","Staff ""sometimes"" or ""never"" explained new medications",Not Available,10/01/2024,09/30/2025
GU,H_MED_FOR_U_P,"Patients who reported that when receiving new medication the staff ""Usually"" communicated what the medication was for.","Staff ""usually"" explained new medications",Not Available,10/01/2024,09/30/2025
GU,H_SIDE_EFFECTS_A_P,"Patients who reported that when receiving new medication the staff ""Always"" discussed possible side effects","Staff ""always"" explained possible side effects",Not Available,10/01/2024,09/30/2025
GU,H_SIDE_EFFECTS_SN_P,"Patients who reported that when receiving new medication the staff ""Sometimes"" or ""Never"" discussed possible side effects","Staff ""sometimes"" or ""never"" explained possible side effects",Not Available,10/01/2024,09/30/2025
GU,H_SIDE_EFFECTS_U_P,"Patients who reported that when receiving new medication the staff ""Usually"" discussed possible side effects","Staff ""usually"" explained possible side effects",Not Available,10/01/2024,09/30/2025
GU,H_COMP_6_N_P,"Patients who reported that NO, they were not given information about what to do during their recovery at home","No, staff ""did not"" give patients this information",Not Available,10/01/2024,09/30/2025
GU,H_COMP_6_Y_P,"Patients who reported that YES, they were given information about what to do during their recovery at home","Yes, staff ""did"" give patients this information",Not Available,10/01/2024,09/30/2025
GU,H_DISCH_HELP_N_P,"Patients who reported that NO, they did not discuss whether they would need help after discharge","No, staff ""did not"" give patients information about help after discharge",Not Available,10/01/2024,09/30/2025
GU,H_DISCH_HELP_Y_P,"Patients who reported that YES, they did discuss whether they would need help after discharge","Yes, staff ""did"" give patients information about help after discharge",Not Available,10/01/2024,09/30/2025
GU,H_SYMPTOMS_N_P,"Patients who reported that NO, they did not receive written information about possible symptoms to look out for after discharge","No, staff ""did not"" give patients information about possible symptoms",Not Available,10/01/2024,09/30/2025
GU,H_SYMPTOMS_Y_P,"Patients who reported that YES, they did receive written information about possible symptoms to look out for after discharge","Yes, staff ""did"" give patients information about possible symptoms",Not Available,10/01/2024,09/30/2025
GU,H_CLEAN_HSP_A_P,"Patients who reported that their room and bathroom were ""Always"" clean","Room was ""always"" clean",Not Available,10/01/2024,09/30/2025
GU,H_CLEAN_HSP_SN_P,"Patients who reported that their room and bathroom were ""Sometimes"" or ""Never"" clean","Room was ""sometimes"" or ""never"" clean",Not Available,10/01/2024,09/30/2025
GU,H_CLEAN_HSP_U_P,"Patients who reported that their room and bathroom were ""Usually"" clean","Room was ""usually"" clean",Not Available,10/01/2024,09/30/2025
GU,H_QUIET_HSP_A_P,"Patients who reported that the area around their room was ""Always"" quiet at night","""Always"" quiet at night",Not Available,10/01/2024,09/30/2025
GU,H_QUIET_HSP_SN_P,"Patients who reported that the area around their room was ""Sometimes"" or ""Never"" quiet at night","""Sometimes"" or ""never"" quiet at night",Not Available,10/01/2024,09/30/2025
GU,H_QUIET_HSP_U_P,"Patients who reported that the area around their room was ""Usually"" quiet at night","""Usually"" quiet at night",Not Available,10/01/2024,09/30/2025
GU,H_HSP_RATING_0_6,Patients who gave their hospital a rating of 6 or lower on a scale from 0 (lowest) to 10 (highest),"Patients who gave a rating of ""6"" or lower (low)",Not Available,10/01/2024,09/30/2025
GU,H_HSP_RATING_7_8,Patients who gave their hospital a rating of 7 or 8 on a scale from 0 (lowest) to 10 (highest),"Patients who gave a rating of ""7"" or ""8"" (medium)",Not Available,10/01/2024,09/30/2025
GU,H_HSP_RATING_9_10,Patients who gave their hospital a rating of 9 or 10 on a scale from 0 (lowest) to 10 (highest),"Patients who gave a rating of ""9"" or ""10"" (high)",Not Available,10/01/2024,09/30/2025
GU,H_RECMND_DN,"Patients who reported NO, they would probably not or definitely not recommend the hospital","""NO"", patients would not recommend the hospital (they probably would not or definitely would not recommend it)",Not Available,10/01/2024,09/30/2025
GU,H_RECMND_DY,"Patients who reported YES, they would definitely recommend the hospital","""YES"", patients would definitely recommend the hospital",Not Available,10/01/2024,09/30/2025
GU,H_RECMND_PY,"Patients who reported YES, they would probably recommend the hospital","""YES"", patients would probably recommend the hospital",Not Available,10/01/2024,09/30/2025
HI,H_COMP_1_A_P,"Patients who reported that their nurses ""Always"" communicated well","Nurses ""always"" communicated well",79,10/01/2024,09/30/2025
HI,H_COMP_1_SN_P,"Patients who reported that their nurses ""Sometimes"" or ""Never"" communicated well","Nurses ""sometimes"" or ""never"" communicated well",4,10/01/2024,09/30/2025
HI,H_COMP_1_U_P,"Patients who reported that their nurses ""Usually"" communicated well","Nurses ""usually"" communicated well",17,10/01/2024,09/30/2025
HI,H_NURSE_RESPECT_A_P,"Patients who reported that their nurses ""Always"" treated them with courtesy and respect","Nurses ""always"" treated them with courtesy and  respect",85,10/01/2024,09/30/2025
HI,H_NURSE_RESPECT_SN_P,"Patients who reported that their nurses ""Sometimes"" or ""Never""  treated them with courtesy and respect","Nurses ""sometimes"" or ""never"" treated them with courtesy and  respect",3,10/01/2024,09/30/2025
HI,H_NURSE_RESPECT_U_P,"Patients who reported that their nurses ""Usually""  treated them with courtesy and respect","Nurses ""usually""  treated them with courtesy and  respect",12,10/01/2024,09/30/2025
HI,H_NURSE_LISTEN_A_P,"Patients who reported that their nurses ""Always"" listened carefully to them","Nurses ""always"" listened carefully",77,10/01/2024,09/30/2025
HI,H_NURSE_LISTEN_SN_P,"Patients who reported that their nurses ""Sometimes"" or ""Never"" listened carefully to them","Nurses ""sometimes"" or ""never"" listened carefully",4,10/01/2024,09/30/2025
HI,H_NURSE_LISTEN_U_P,"Patients who reported that their nurses ""Usually"" listened carefully to them","Nurses ""usually"" listened carefully",19,10/01/2024,09/30/2025
HI,H_NURSE_EXPLAIN_A_P,"Patients who reported that their nurses ""Always"" explained things in a way they could understand","Nurses ""always"" explained things so they could understand",75,10/01/2024,09/30/2025
HI,H_NURSE_EXPLAIN_SN_P,"Patients who reported that their nurses ""Sometimes"" or ""Never"" explained things in a way they could understand","Nurses ""sometimes"" or ""never"" explained things so they could understand",6,10/01/2024,09/30/2025
HI,H_NURSE_EXPLAIN_U_P,"Patients who reported that their nurses ""Usually"" explained things in a way they could understand","Nurses ""usually"" explained things so they could understand",19,10/01/2024,09/30/2025
HI,H_COMP_2_A_P,"Patients who reported that their doctors ""Always"" communicated well","Doctors ""always"" communicated well",80,10/01/2024,09/30/2025
HI,H_COMP_2_SN_P,"Patients who reported that their doctors ""Sometimes"" or ""Never"" communicated well","Doctors ""sometimes"" or ""never"" communicated well",5,10/01/2024,09/30/2025
HI,H_COMP_2_U_P,"Patients who reported that their doctors ""Usually"" communicated well","Doctors ""usually"" communicated well",15,10/01/2024,09/30/2025
HI,H_DOCTOR_RESPECT_A_P,"Patients who reported that their doctors ""Always"" treated them with courtesy and respect","Doctors ""always"" treated them with courtesy and  respect",85,10/01/2024,09/30/2025
HI,H_DOCTOR_RESPECT_SN_P,"Patients who reported that their doctors ""Sometimes"" or ""Never""  treated them with courtesy and respect","Doctors ""sometimes"" or ""never"" treated them with courtesy and  respect",4,10/01/2024,09/30/2025
HI,H_DOCTOR_RESPECT_U_P,"Patients who reported that their doctors ""Usually""  treated them with courtesy and respect","Doctors ""usually""  treated them with courtesy and  respect",11,10/01/2024,09/30/2025
HI,H_DOCTOR_LISTEN_A_P,"Patients who reported that their doctors ""Always"" listened carefully to them","Doctors ""always"" listened carefully",79,10/01/2024,09/30/2025
HI,H_DOCTOR_LISTEN_SN_P,"Patients who reported that their doctors ""Sometimes"" or ""Never"" listened carefully to them","Doctors ""sometimes"" or ""never"" listened carefully",5,10/01/2024,09/30/2025
HI,H_DOCTOR_LISTEN_U_P,"Patients who reported that their doctors ""Usually"" listened carefully to them","Doctors ""usually"" listened carefully",16,10/01/2024,09/30/2025
HI,H_DOCTOR_EXPLAIN_A_P,"Patients who reported that their doctors ""Always"" explained things in a way they could understand","Doctors ""always"" explained things so they could understand",75,10/01/2024,09/30/2025
HI,H_DOCTOR_EXPLAIN_SN_P,"Patients who reported that their doctors ""Sometimes"" or ""Never"" explained things in a way they could understand","Doctors ""sometimes"" or ""never"" explained things so they could understand",7,10/01/2024,09/30/2025
HI,H_DOCTOR_EXPLAIN_U_P,"Patients who reported that their doctors ""Usually"" explained things in a way they could understand","Doctors ""usually"" explained things so they could understand",18,10/01/2024,09/30/2025
HI,H_COMP_5_A_P,"Patients who reported that staff ""Always"" explained about medicines before giving it to them","Staff ""always"" explained",62,10/01/2024,09/30/2025
HI,H_COMP_5_SN_P,"Patients who reported that staff ""Sometimes"" or ""Never"" explained about medicines before giving it to them","Staff ""sometimes"" or ""never"" explained",17,10/01/2024,09/30/2025
HI,H_COMP_5_U_P,"Patients who reported that staff ""Usually"" explained about medicines before giving it to them","Staff ""usually"" explained",21,10/01/2024,09/30/2025
HI,H_MED_FOR_A_P,"Patients who reported that when receiving new medication the staff ""Always"" communicated what the medication was for","Staff ""always"" explained new medications",74,10/01/2024,09/30/2025
HI,H_MED_FOR_SN_P,"Patients who reported that when receiving new medication the staff ""Sometimes"" or ""Never"" communicated what the medication was for","Staff ""sometimes"" or ""never"" explained new medications",8,10/01/2024,09/30/2025
HI,H_MED_FOR_U_P,"Patients who reported that when receiving new medication the staff ""Usually"" communicated what the medication was for.","Staff ""usually"" explained new medications",18,10/01/2024,09/30/2025
HI,H_SIDE_EFFECTS_A_P,"Patients who reported that when receiving new medication the staff ""Always"" discussed possible side effects","Staff ""always"" explained possible side effects",49,10/01/2024,09/30/2025
HI,H_SIDE_EFFECTS_SN_P,"Patients who reported that when receiving new medication the staff ""Sometimes"" or ""Never"" discussed possible side effects","Staff ""sometimes"" or ""never"" explained possible side effects",27,10/01/2024,09/30/2025
HI,H_SIDE_EFFECTS_U_P,"Patients who reported that when receiving new medication the staff ""Usually"" discussed possible side effects","Staff ""usually"" explained possible side effects",24,10/01/2024,09/30/2025
HI,H_COMP_6_N_P,"Patients who reported that NO, they were not given information about what to do during their recovery at home","No, staff ""did not"" give patients this information",13,10/01/2024,09/30/2025
HI,H_COMP_6_Y_P,"Patients who reported that YES, they were given information about what to do during their recovery at home","Yes, staff ""did"" give patients this information",87,10/01/2024,09/30/2025
HI,H_DISCH_HELP_N_P,"Patients who reported that NO, they did not discuss whether they would need help after discharge","No, staff ""did not"" give patients information about help after discharge",14,10/01/2024,09/30/2025
HI,H_DISCH_HELP_Y_P,"Patients who reported that YES, they did discuss whether they would need help after discharge","Yes, staff ""did"" give patients information about help after discharge",86,10/01/2024,09/30/2025
HI,H_SYMPTOMS_N_P,"Patients who reported that NO, they did not receive written information about possible symptoms to look out for after discharge","No, staff ""did not"" give patients information about possible symptoms",13,10/01/2024,09/30/2025
HI,H_SYMPTOMS_Y_P,"Patients who reported that YES, they did receive written information about possible symptoms to look out for after discharge","Yes, staff ""did"" give patients information about possible symptoms",87,10/01/2024,09/30/2025
HI,H_CLEAN_HSP_A_P,"Patients who reported that their room and bathroom were ""Always"" clean","Room was ""always"" clean",76,10/01/2024,09/30/2025
HI,H_CLEAN_HSP_SN_P,"Patients who reported that their room and bathroom were ""Sometimes"" or ""Never"" clean","Room was ""sometimes"" or ""never"" clean",7,10/01/2024,09/30/2025
HI,H_CLEAN_HSP_U_P,"Patients who reported that their room and bathroom were ""Usually"" clean","Room was ""usually"" clean",17,10/01/2024,09/30/2025
HI,H_QUIET_HSP_A_P,"Patients who reported that the area around their room was ""Always"" quiet at night","""Always"" quiet at night",54,10/01/2024,09/30/2025
HI,H_QUIET_HSP_SN_P,"Patients who reported that the area around their room was ""Sometimes"" or ""Never"" quiet at night","""Sometimes"" or ""never"" quiet at night",12,10/01/2024,09/30/2025
HI,H_QUIET_HSP_U_P,"Patients who reported that the area around their room was ""Usually"" quiet at night","""Usually"" quiet at night",34,10/01/2024,09/30/2025
HI,H_HSP_RATING_0_6,Patients who gave their hospital a rating of 6 or lower on a scale from 0 (lowest) to 10 (highest),"Patients who gave a rating of ""6"" or lower (low)",8,10/01/2024,09/30/2025
HI,H_HSP_RATING_7_8,Patients who gave their hospital a rating of 7 or 8 on a scale from 0 (lowest) to 10 (highest),"Patients who gave a rating of ""7"" or ""8"" (medium)",21,10/01/2024,09/30/2025
HI,H_HSP_RATING_9_10,Patients who gave their hospital a rating of 9 or 10 on a scale from 0 (lowest) to 10 (highest),"Patients who gave a rating of ""9"" or ""10"" (high)",71,10/01/2024,09/30/2025
HI,H_RECMND_DN,"Patients who reported NO, they would probably not or definitely not recommend the hospital","""NO"", patients would not recommend the hospital (they probably would not or definitely would not recommend it)",5,10/01/2024,09/30/2025
HI,H_RECMND_DY,"Patients who reported YES, they would definitely recommend the hospital","""YES"", patients would definitely recommend the hospital",72,10/01/2024,09/30/2025
HI,H_RECMND_PY,"Patients who reported YES, they would probably recommend the hospital","""YES"", patients would probably recommend the hospital",23,10/01/2024,09/30/2025
IA,H_COMP_1_A_P,"Patients who reported that their nurses ""Always"" communicated well","Nurses ""always"" communicated well",83,10/01/2024,09/30/2025
IA,H_COMP_1_SN_P,"Patients who reported that their nurses ""Sometimes"" or ""Never"" communicated well","Nurses ""sometimes"" or ""never"" communicated well",3,10/01/2024,09/30/2025
IA,H_COMP_1_U_P,"Patients who reported that their nurses ""Usually"" communicated well","Nurses ""usually"" communicated well",14,10/01/2024,09/30/2025
IA,H_NURSE_RESPECT_A_P,"Patients who reported that their nurses ""Always"" treated them with courtesy and respect","Nurses ""always"" treated them with courtesy and  respect",89,10/01/2024,09/30/2025
IA,H_NURSE_RESPECT_SN_P,"Patients who reported that their nurses ""Sometimes"" or ""Never""  treated them with courtesy and respect","Nurses ""sometimes"" or ""never"" treated them with courtesy and  respect",2,10/01/2024,09/30/2025
IA,H_NURSE_RESPECT_U_P,"Patients who reported that their nurses ""Usually""  treated them with courtesy and respect","Nurses ""usually""  treated them with courtesy and  respect",9,10/01/2024,09/30/2025
IA,H_NURSE_LISTEN_A_P,"Patients who reported that their nurses ""Always"" listened carefully to them","Nurses ""always"" listened carefully",81,10/01/2024,09/30/2025
IA,H_NURSE_LISTEN_SN_P,"Patients who reported that their nurses ""Sometimes"" or ""Never"" listened carefully to them","Nurses ""sometimes"" or ""never"" listened carefully",3,10/01/2024,09/30/2025
IA,H_NURSE_LISTEN_U_P,"Patients who reported that their nurses ""Usually"" listened carefully to them","Nurses ""usually"" listened carefully",16,10/01/2024,09/30/2025
IA,H_NURSE_EXPLAIN_A_P,"Patients who reported that their nurses ""Always"" explained things in a way they could understand","Nurses ""always"" explained things so they could understand",78,10/01/2024,09/30/2025
IA,H_NURSE_EXPLAIN_SN_P,"Patients who reported that their nurses ""Sometimes"" or ""Never"" explained things in a way they could understand","Nurses ""sometimes"" or ""never"" explained things so they could understand",3,10/01/2024,09/30/2025
IA,H_NURSE_EXPLAIN_U_P,"Patients who reported that their nurses ""Usually"" explained things in a way they could understand","Nurses ""usually"" explained things so they could understand",19,10/01/2024,09/30/2025
IA,H_COMP_2_A_P,"Patients who reported that their doctors ""Always"" communicated well","Doctors ""always"" communicated well",82,10/01/2024,09/30/2025
IA,H_COMP_2_SN_P,"Patients who reported that their doctors ""Sometimes"" or ""Never"" communicated well","Doctors ""sometimes"" or ""never"" communicated well",4,10/01/2024,09/30/2025
IA,H_COMP_2_U_P,"Patients who reported that their doctors ""Usually"" communicated well","Doctors ""usually"" communicated well",14,10/01/2024,09/30/2025
IA,H_DOCTOR_RESPECT_A_P,"Patients who reported that their doctors ""Always"" treated them with courtesy and respect","Doctors ""always"" treated them with courtesy and  respect",88,10/01/2024,09/30/2025
IA,H_DOCTOR_RESPECT_SN_P,"Patients who reported that their doctors ""Sometimes"" or ""Never""  treated them with courtesy and respect","Doctors ""sometimes"" or ""never"" treated them with courtesy and  respect",3,10/01/2024,09/30/2025
IA,H_DOCTOR_RESPECT_U_P,"Patients who reported that their doctors ""Usually""  treated them with courtesy and respect","Doctors ""usually""  treated them with courtesy and  respect",9,10/01/2024,09/30/2025
IA,H_DOCTOR_LISTEN_A_P,"Patients who reported that their doctors ""Always"" listened carefully to them","Doctors ""always"" listened carefully",81,10/01/2024,09/30/2025
IA,H_DOCTOR_LISTEN_SN_P,"Patients who reported that their doctors ""Sometimes"" or ""Never"" listened carefully to them","Doctors ""sometimes"" or ""never"" listened carefully",4,10/01/2024,09/30/2025
IA,H_DOCTOR_LISTEN_U_P,"Patients who reported that their doctors ""Usually"" listened carefully to them","Doctors ""usually"" listened carefully",15,10/01/2024,09/30/2025
IA,H_DOCTOR_EXPLAIN_A_P,"Patients who reported that their doctors ""Always"" explained things in a way they could understand","Doctors ""always"" explained things so they could understand",77,10/01/2024,09/30/2025
IA,H_DOCTOR_EXPLAIN_SN_P,"Patients who reported that their doctors ""Sometimes"" or ""Never"" explained things in a way they could understand","Doctors ""sometimes"" or ""never"" explained things so they could understand",5,10/01/2024,09/30/2025
IA,H_DOCTOR_EXPLAIN_U_P,"Patients who reported that their doctors ""Usually"" explained things in a way they could understand","Doctors ""usually"" explained things so they could understand",18,10/01/2024,09/30/2025
IA,H_COMP_5_A_P,"Patients who reported that staff ""Always"" explained about medicines before giving it to them","Staff ""always"" explained",65,10/01/2024,09/30/2025
IA,H_COMP_5_SN_P,"Patients who reported that staff ""Sometimes"" or ""Never"" explained about medicines before giving it to them","Staff ""sometimes"" or ""never"" explained",15,10/01/2024,09/30/2025
IA,H_COMP_5_U_P,"Patients who reported that staff ""Usually"" explained about medicines before giving it to them","Staff ""usually"" explained",20,10/01/2024,09/30/2025
IA,H_MED_FOR_A_P,"Patients who reported that when receiving new medication the staff ""Always"" communicated what the medication was for","Staff ""always"" explained new medications",77,10/01/2024,09/30/2025
IA,H_MED_FOR_SN_P,"Patients who reported that when receiving new medication the staff ""Sometimes"" or ""Never"" communicated what the medication was for","Staff ""sometimes"" or ""never"" explained new medications",8,10/01/2024,09/30/2025
IA,H_MED_FOR_U_P,"Patients who reported that when receiving new medication the staff ""Usually"" communicated what the medication was for.","Staff ""usually"" explained new medications",15,10/01/2024,09/30/2025
IA,H_SIDE_EFFECTS_A_P,"Patients who reported that when receiving new medication the staff ""Always"" discussed possible side effects","Staff ""always"" explained possible side effects",53,10/01/2024,09/30/2025
IA,H_SIDE_EFFECTS_SN_P,"Patients who reported that when receiving new medication the staff ""Sometimes"" or ""Never"" discussed possible side effects","Staff ""sometimes"" or ""never"" explained possible side effects",23,10/01/2024,09/30/2025
IA,H_SIDE_EFFECTS_U_P,"Patients who reported that when receiving new medication the staff ""Usually"" discussed possible side effects","Staff ""usually"" explained possible side effects",24,10/01/2024,09/30/2025
IA,H_COMP_6_N_P,"Patients who reported that NO, they were not given information about what to do during their recovery at home","No, staff ""did not"" give patients this information",11,10/01/2024,09/30/2025
IA,H_COMP_6_Y_P,"Patients who reported that YES, they were given information about what to do during their recovery at home","Yes, staff ""did"" give patients this information",89,10/01/2024,09/30/2025
IA,H_DISCH_HELP_N_P,"Patients who reported that NO, they did not discuss whether they would need help after discharge","No, staff ""did not"" give patients information about help after discharge",12,10/01/2024,09/30/2025
IA,H_DISCH_HELP_Y_P,"Patients who reported that YES, they did discuss whether they would need help after discharge","Yes, staff ""did"" give patients information about help after discharge",88,10/01/2024,09/30/2025
IA,H_SYMPTOMS_N_P,"Patients who reported that NO, they did not receive written information about possible symptoms to look out for after discharge","No, staff ""did not"" give patients information about possible symptoms",11,10/01/2024,09/30/2025
IA,H_SYMPTOMS_Y_P,"Patients who reported that YES, they did receive written information about possible symptoms to look out for after discharge","Yes, staff ""did"" give patients information about possible symptoms",89,10/01/2024,09/30/2025
IA,H_CLEAN_HSP_A_P,"Patients who reported that their room and bathroom were ""Always"" clean","Room was ""always"" clean",78,10/01/2024,09/30/2025
IA,H_CLEAN_HSP_SN_P,"Patients who reported that their room and bathroom were ""Sometimes"" or ""Never"" clean","Room was ""sometimes"" or ""never"" clean",6,10/01/2024,09/30/2025
IA,H_CLEAN_HSP_U_P,"Patients who reported that their room and bathroom were ""Usually"" clean","Room was ""usually"" clean",16,10/01/2024,09/30/2025
IA,H_QUIET_HSP_A_P,"Patients who reported that the area around their room was ""Always"" quiet at night","""Always"" quiet at night",65,10/01/2024,09/30/2025
IA,H_QUIET_HSP_SN_P,"Patients who reported that the area around their room was ""Sometimes"" or ""Never"" quiet at night","""Sometimes"" or ""never"" quiet at night",6,10/01/2024,09/30/2025
IA,H_QUIET_HSP_U_P,"Patients who reported that the area around their room was ""Usually"" quiet at night","""Usually"" quiet at night",29,10/01/2024,09/30/2025
IA,H_HSP_RATING_0_6,Patients who gave their hospital a rating of 6 or lower on a scale from 0 (lowest) to 10 (highest),"Patients who gave a rating of ""6"" or lower (low)",6,10/01/2024,09/30/2025
IA,H_HSP_RATING_7_8,Patients who gave their hospital a rating of 7 or 8 on a scale from 0 (lowest) to 10 (highest),"Patients who gave a rating of ""7"" or ""8"" (medium)",16,10/01/2024,09/30/2025
IA,H_HSP_RATING_9_10,Patients who gave their hospital a rating of 9 or 10 on a scale from 0 (lowest) to 10 (highest),"Patients who gave a rating of ""9"" or ""10"" (high)",78,10/01/2024,09/30/2025
IA,H_RECMND_DN,"Patients who reported NO, they would probably not or definitely not recommend the hospital","""NO"", patients would not recommend the hospital (they probably would not or definitely would not recommend it)",4,10/01/2024,09/30/2025
IA,H_RECMND_DY,"Patients who reported YES, they would definitely recommend the hospital","""YES"", patients would definitely recommend the hospital",76,10/01/2024,09/30/2025
IA,H_RECMND_PY,"Patients who reported YES, they would probably recommend the hospital","""YES"", patients would probably recommend the hospital",20,10/01/2024,09/30/2025
ID,H_COMP_1_A_P,"Patients who reported that their nurses ""Always"" communicated well","Nurses ""always"" communicated well",82,10/01/2024,09/30/2025
ID,H_COMP_1_SN_P,"Patients who reported that their nurses ""Sometimes"" or ""Never"" communicated well","Nurses ""sometimes"" or ""never"" communicated well",3,10/01/2024,09/30/2025
ID,H_COMP_1_U_P,"Patients who reported that their nurses ""Usually"" communicated well","Nurses ""usually"" communicated well",15,10/01/2024,09/30/2025
ID,H_NURSE_RESPECT_A_P,"Patients who reported that their nurses ""Always"" treated them with courtesy and respect","Nurses ""always"" treated them with courtesy and  respect",89,10/01/2024,09/30/2025
ID,H_NURSE_RESPECT_SN_P,"Patients who reported that their nurses ""Sometimes"" or ""Never""  treated them with courtesy and respect","Nurses ""sometimes"" or ""never"" treated them with courtesy and  respect",1,10/01/2024,09/30/2025
ID,H_NURSE_RESPECT_U_P,"Patients who reported that their nurses ""Usually""  treated them with courtesy and respect","Nurses ""usually""  treated them with courtesy and  respect",10,10/01/2024,09/30/2025
ID,H_NURSE_LISTEN_A_P,"Patients who reported that their nurses ""Always"" listened carefully to them","Nurses ""always"" listened carefully",79,10/01/2024,09/30/2025
ID,H_NURSE_LISTEN_SN_P,"Patients who reported that their nurses ""Sometimes"" or ""Never"" listened carefully to them","Nurses ""sometimes"" or ""never"" listened carefully",3,10/01/2024,09/30/2025
ID,H_NURSE_LISTEN_U_P,"Patients who reported that their nurses ""Usually"" listened carefully to them","Nurses ""usually"" listened carefully",18,10/01/2024,09/30/2025
ID,H_NURSE_EXPLAIN_A_P,"Patients who reported that their nurses ""Always"" explained things in a way they could understand","Nurses ""always"" explained things so they could understand",77,10/01/2024,09/30/2025
ID,H_NURSE_EXPLAIN_SN_P,"Patients who reported that their nurses ""Sometimes"" or ""Never"" explained things in a way they could understand","Nurses ""sometimes"" or ""never"" explained things so they could understand",4,10/01/2024,09/30/2025
ID,H_NURSE_EXPLAIN_U_P,"Patients who reported that their nurses ""Usually"" explained things in a way they could understand","Nurses ""usually"" explained things so they could understand",19,10/01/2024,09/30/2025
ID,H_COMP_2_A_P,"Patients who reported that their doctors ""Always"" communicated well","Doctors ""always"" communicated well",83,10/01/2024,09/30/2025
ID,H_COMP_2_SN_P,"Patients who reported that their doctors ""Sometimes"" or ""Never"" communicated well","Doctors ""sometimes"" or ""never"" communicated well",4,10/01/2024,09/30/2025
ID,H_COMP_2_U_P,"Patients who reported that their doctors ""Usually"" communicated well","Doctors ""usually"" communicated well",13,10/01/2024,09/30/2025
ID,H_DOCTOR_RESPECT_A_P,"Patients who reported that their doctors ""Always"" treated them with courtesy and respect","Doctors ""always"" treated them with courtesy and  respect",89,10/01/2024,09/30/2025
ID,H_DOCTOR_RESPECT_SN_P,"Patients who reported that their doctors ""Sometimes"" or ""Never""  treated them with courtesy and respect","Doctors ""sometimes"" or ""never"" treated them with courtesy and  respect",3,10/01/2024,09/30/2025
ID,H_DOCTOR_RESPECT_U_P,"Patients who reported that their doctors ""Usually""  treated them with courtesy and respect","Doctors ""usually""  treated them with courtesy and  respect",8,10/01/2024,09/30/2025
ID,H_DOCTOR_LISTEN_A_P,"Patients who reported that their doctors ""Always"" listened carefully to them","Doctors ""always"" listened carefully",82,10/01/2024,09/30/2025
ID,H_DOCTOR_LISTEN_SN_P,"Patients who reported that their doctors ""Sometimes"" or ""Never"" listened carefully to them","Doctors ""sometimes"" or ""never"" listened carefully",4,10/01/2024,09/30/2025
ID,H_DOCTOR_LISTEN_U_P,"Patients who reported that their doctors ""Usually"" listened carefully to them","Doctors ""usually"" listened carefully",14,10/01/2024,09/30/2025
ID,H_DOCTOR_EXPLAIN_A_P,"Patients who reported that their doctors ""Always"" explained things in a way they could understand","Doctors ""always"" explained things so they could understand",78,10/01/2024,09/30/2025
ID,H_DOCTOR_EXPLAIN_SN_P,"Patients who reported that their doctors ""Sometimes"" or ""Never"" explained things in a way they could understand","Doctors ""sometimes"" or ""never"" explained things so they could understand",5,10/01/2024,09/30/2025
ID,H_DOCTOR_EXPLAIN_U_P,"Patients who reported that their doctors ""Usually"" explained things in a way they could understand","Doctors ""usually"" explained things so they could understand",17,10/01/2024,09/30/2025
ID,H_COMP_5_A_P,"Patients who reported that staff ""Always"" explained about medicines before giving it to them","Staff ""always"" explained",65,10/01/2024,09/30/2025
ID,H_COMP_5_SN_P,"Patients who reported that staff ""Sometimes"" or ""Never"" explained about medicines before giving it to them","Staff ""sometimes"" or ""never"" explained",16,10/01/2024,09/30/2025
ID,H_COMP_5_U_P,"Patients who reported that staff ""Usually"" explained about medicines before giving it to them","Staff ""usually"" explained",19,10/01/2024,09/30/2025
ID,H_MED_FOR_A_P,"Patients who reported that when receiving new medication the staff ""Always"" communicated what the medication was for","Staff ""always"" explained new medications",78,10/01/2024,09/30/2025
ID,H_MED_FOR_SN_P,"Patients who reported that when receiving new medication the staff ""Sometimes"" or ""Never"" communicated what the medication was for","Staff ""sometimes"" or ""never"" explained new medications",7,10/01/2024,09/30/2025
ID,H_MED_FOR_U_P,"Patients who reported that when receiving new medication the staff ""Usually"" communicated what the medication was for.","Staff ""usually"" explained new medications",15,10/01/2024,09/30/2025
ID,H_SIDE_EFFECTS_A_P,"Patients who reported that when receiving new medication the staff ""Always"" discussed possible side effects","Staff ""always"" explained possible side effects",51,10/01/2024,09/30/2025
ID,H_SIDE_EFFECTS_SN_P,"Patients who reported that when receiving new medication the staff ""Sometimes"" or ""Never"" discussed possible side effects","Staff ""sometimes"" or ""never"" explained possible side effects",25,10/01/2024,09/30/2025
ID,H_SIDE_EFFECTS_U_P,"Patients who reported that when receiving new medication the staff ""Usually"" discussed possible side effects","Staff ""usually"" explained possible side effects",24,10/01/2024,09/30/2025
ID,H_COMP_6_N_P,"Patients who reported that NO, they were not given information about what to do during their recovery at home","No, staff ""did not"" give patients this information",10,10/01/2024,09/30/2025
ID,H_COMP_6_Y_P,"Patients who reported that YES, they were given information about what to do during their recovery at home","Yes, staff ""did"" give patients this information",90,10/01/2024,09/30/2025
ID,H_DISCH_HELP_N_P,"Patients who reported that NO, they did not discuss whether they would need help after discharge","No, staff ""did not"" give patients information about help after discharge",10,10/01/2024,09/30/2025
ID,H_DISCH_HELP_Y_P,"Patients who reported that YES, they did discuss whether they would need help after discharge","Yes, staff ""did"" give patients information about help after discharge",90,10/01/2024,09/30/2025
ID,H_SYMPTOMS_N_P,"Patients who reported that NO, they did not receive written information about possible symptoms to look out for after discharge","No, staff ""did not"" give patients information about possible symptoms",10,10/01/2024,09/30/2025
ID,H_SYMPTOMS_Y_P,"Patients who reported that YES, they did receive written information about possible symptoms to look out for after discharge","Yes, staff ""did"" give patients information about possible symptoms",90,10/01/2024,09/30/2025
ID,H_CLEAN_HSP_A_P,"Patients who reported that their room and bathroom were ""Always"" clean","Room was ""always"" clean",76,10/01/2024,09/30/2025
ID,H_CLEAN_HSP_SN_P,"Patients who reported that their room and bathroom were ""Sometimes"" or ""Never"" clean","Room was ""sometimes"" or ""never"" clean",7,10/01/2024,09/30/2025
ID,H_CLEAN_HSP_U_P,"Patients who reported that their room and bathroom were ""Usually"" clean","Room was ""usually"" clean",17,10/01/2024,09/30/2025
ID,H_QUIET_HSP_A_P,"Patients who reported that the area around their room was ""Always"" quiet at night","""Always"" quiet at night",63,10/01/2024,09/30/2025
ID,H_QUIET_HSP_SN_P,"Patients who reported that the area around their room was ""Sometimes"" or ""Never"" quiet at night","""Sometimes"" or ""never"" quiet at night",7,10/01/2024,09/30/2025
ID,H_QUIET_HSP_U_P,"Patients who reported that the area around their room was ""Usually"" quiet at night","""Usually"" quiet at night",30,10/01/2024,09/30/2025
ID,H_HSP_RATING_0_6,Patients who gave their hospital a rating of 6 or lower on a scale from 0 (lowest) to 10 (highest),"Patients who gave a rating of ""6"" or lower (low)",6,10/01/2024,09/30/2025
ID,H_HSP_RATING_7_8,Patients who gave their hospital a rating of 7 or 8 on a scale from 0 (lowest) to 10 (highest),"Patients who gave a rating of ""7"" or ""8"" (medium)",19,10/01/2024,09/30/2025
ID,H_HSP_RATING_9_10,Patients who gave their hospital a rating of 9 or 10 on a scale from 0 (lowest) to 10 (highest),"Patients who gave a rating of ""9"" or ""10"" (high)",75,10/01/2024,09/30/2025
ID,H_RECMND_DN,"Patients who reported NO, they would probably not or definitely not recommend the hospital","""NO"", patients would not recommend the hospital (they probably would not or definitely would not recommend it)",4,10/01/2024,09/30/2025
ID,H_RECMND_DY,"Patients who reported YES, they would definitely recommend the hospital","""YES"", patients would definitely recommend the hospital",75,10/01/2024,09/30/2025
ID,H_RECMND_PY,"Patients who reported YES, they would probably recommend the hospital","""YES"", patients would probably recommend the hospital",21,10/01/2024,09/30/2025
IL,H_COMP_1_A_P,"Patients who reported that their nurses ""Always"" communicated well","Nurses ""always"" communicated well",79,10/01/2024,09/30/2025
IL,H_COMP_1_SN_P,"Patients who reported that their nurses ""Sometimes"" or ""Never"" communicated well","Nurses ""sometimes"" or ""never"" communicated well",5,10/01/2024,09/30/2025
IL,H_COMP_1_U_P,"Patients who reported that their nurses ""Usually"" communicated well","Nurses ""usually"" communicated well",16,10/01/2024,09/30/2025
IL,H_NURSE_RESPECT_A_P,"Patients who reported that their nurses ""Always"" treated them with courtesy and respect","Nurses ""always"" treated them with courtesy and  respect",85,10/01/2024,09/30/2025
IL,H_NURSE_RESPECT_SN_P,"Patients who reported that their nurses ""Sometimes"" or ""Never""  treated them with courtesy and respect","Nurses ""sometimes"" or ""never"" treated them with courtesy and  respect",3,10/01/2024,09/30/2025
IL,H_NURSE_RESPECT_U_P,"Patients who reported that their nurses ""Usually""  treated them with courtesy and respect","Nurses ""usually""  treated them with courtesy and  respect",12,10/01/2024,09/30/2025
IL,H_NURSE_LISTEN_A_P,"Patients who reported that their nurses ""Always"" listened carefully to them","Nurses ""always"" listened carefully",77,10/01/2024,09/30/2025
IL,H_NURSE_LISTEN_SN_P,"Patients who reported that their nurses ""Sometimes"" or ""Never"" listened carefully to them","Nurses ""sometimes"" or ""never"" listened carefully",5,10/01/2024,09/30/2025
IL,H_NURSE_LISTEN_U_P,"Patients who reported that their nurses ""Usually"" listened carefully to them","Nurses ""usually"" listened carefully",18,10/01/2024,09/30/2025
IL,H_NURSE_EXPLAIN_A_P,"Patients who reported that their nurses ""Always"" explained things in a way they could understand","Nurses ""always"" explained things so they could understand",75,10/01/2024,09/30/2025
IL,H_NURSE_EXPLAIN_SN_P,"Patients who reported that their nurses ""Sometimes"" or ""Never"" explained things in a way they could understand","Nurses ""sometimes"" or ""never"" explained things so they could understand",6,10/01/2024,09/30/2025
IL,H_NURSE_EXPLAIN_U_P,"Patients who reported that their nurses ""Usually"" explained things in a way they could understand","Nurses ""usually"" explained things so they could understand",19,10/01/2024,09/30/2025
IL,H_COMP_2_A_P,"Patients who reported that their doctors ""Always"" communicated well","Doctors ""always"" communicated well",79,10/01/2024,09/30/2025
IL,H_COMP_2_SN_P,"Patients who reported that their doctors ""Sometimes"" or ""Never"" communicated well","Doctors ""sometimes"" or ""never"" communicated well",6,10/01/2024,09/30/2025
IL,H_COMP_2_U_P,"Patients who reported that their doctors ""Usually"" communicated well","Doctors ""usually"" communicated well",15,10/01/2024,09/30/2025
IL,H_DOCTOR_RESPECT_A_P,"Patients who reported that their doctors ""Always"" treated them with courtesy and respect","Doctors ""always"" treated them with courtesy and  respect",84,10/01/2024,09/30/2025
IL,H_DOCTOR_RESPECT_SN_P,"Patients who reported that their doctors ""Sometimes"" or ""Never""  treated them with courtesy and respect","Doctors ""sometimes"" or ""never"" treated them with courtesy and  respect",4,10/01/2024,09/30/2025
IL,H_DOCTOR_RESPECT_U_P,"Patients who reported that their doctors ""Usually""  treated them with courtesy and respect","Doctors ""usually""  treated them with courtesy and  respect",12,10/01/2024,09/30/2025
IL,H_DOCTOR_LISTEN_A_P,"Patients who reported that their doctors ""Always"" listened carefully to them","Doctors ""always"" listened carefully",78,10/01/2024,09/30/2025
IL,H_DOCTOR_LISTEN_SN_P,"Patients who reported that their doctors ""Sometimes"" or ""Never"" listened carefully to them","Doctors ""sometimes"" or ""never"" listened carefully",6,10/01/2024,09/30/2025
IL,H_DOCTOR_LISTEN_U_P,"Patients who reported that their doctors ""Usually"" listened carefully to them","Doctors ""usually"" listened carefully",16,10/01/2024,09/30/2025
IL,H_DOCTOR_EXPLAIN_A_P,"Patients who reported that their doctors ""Always"" explained things in a way they could understand","Doctors ""always"" explained things so they could understand",74,10/01/2024,09/30/2025
IL,H_DOCTOR_EXPLAIN_SN_P,"Patients who reported that their doctors ""Sometimes"" or ""Never"" explained things in a way they could understand","Doctors ""sometimes"" or ""never"" explained things so they could understand",7,10/01/2024,09/30/2025
IL,H_DOCTOR_EXPLAIN_U_P,"Patients who reported that their doctors ""Usually"" explained things in a way they could understand","Doctors ""usually"" explained things so they could understand",19,10/01/2024,09/30/2025
IL,H_COMP_5_A_P,"Patients who reported that staff ""Always"" explained about medicines before giving it to them","Staff ""always"" explained",61,10/01/2024,09/30/2025
IL,H_COMP_5_SN_P,"Patients who reported that staff ""Sometimes"" or ""Never"" explained about medicines before giving it to them","Staff ""sometimes"" or ""never"" explained",20,10/01/2024,09/30/2025
IL,H_COMP_5_U_P,"Patients who reported that staff ""Usually"" explained about medicines before giving it to them","Staff ""usually"" explained",19,10/01/2024,09/30/2025
IL,H_MED_FOR_A_P,"Patients who reported that when receiving new medication the staff ""Always"" communicated what the medication was for","Staff ""always"" explained new medications",75,10/01/2024,09/30/2025
IL,H_MED_FOR_SN_P,"Patients who reported that when receiving new medication the staff ""Sometimes"" or ""Never"" communicated what the medication was for","Staff ""sometimes"" or ""never"" explained new medications",10,10/01/2024,09/30/2025
IL,H_MED_FOR_U_P,"Patients who reported that when receiving new medication the staff ""Usually"" communicated what the medication was for.","Staff ""usually"" explained new medications",15,10/01/2024,09/30/2025
IL,H_SIDE_EFFECTS_A_P,"Patients who reported that when receiving new medication the staff ""Always"" discussed possible side effects","Staff ""always"" explained possible side effects",48,10/01/2024,09/30/2025
IL,H_SIDE_EFFECTS_SN_P,"Patients who reported that when receiving new medication the staff ""Sometimes"" or ""Never"" discussed possible side effects","Staff ""sometimes"" or ""never"" explained possible side effects",30,10/01/2024,09/30/2025
IL,H_SIDE_EFFECTS_U_P,"Patients who reported that when receiving new medication the staff ""Usually"" discussed possible side effects","Staff ""usually"" explained possible side effects",22,10/01/2024,09/30/2025
IL,H_COMP_6_N_P,"Patients who reported that NO, they were not given information about what to do during their recovery at home","No, staff ""did not"" give patients this information",14,10/01/2024,09/30/2025
IL,H_COMP_6_Y_P,"Patients who reported that YES, they were given information about what to do during their recovery at home","Yes, staff ""did"" give patients this information",86,10/01/2024,09/30/2025
IL,H_DISCH_HELP_N_P,"Patients who reported that NO, they did not discuss whether they would need help after discharge","No, staff ""did not"" give patients information about help after discharge",15,10/01/2024,09/30/2025
IL,H_DISCH_HELP_Y_P,"Patients who reported that YES, they did discuss whether they would need help after discharge","Yes, staff ""did"" give patients information about help after discharge",85,10/01/2024,09/30/2025
IL,H_SYMPTOMS_N_P,"Patients who reported that NO, they did not receive written information about possible symptoms to look out for after discharge","No, staff ""did not"" give patients information about possible symptoms",13,10/01/2024,09/30/2025
IL,H_SYMPTOMS_Y_P,"Patients who reported that YES, they did receive written information about possible symptoms to look out for after discharge","Yes, staff ""did"" give patients information about possible symptoms",87,10/01/2024,09/30/2025
IL,H_CLEAN_HSP_A_P,"Patients who reported that their room and bathroom were ""Always"" clean","Room was ""always"" clean",73,10/01/2024,09/30/2025
IL,H_CLEAN_HSP_SN_P,"Patients who reported that their room and bathroom were ""Sometimes"" or ""Never"" clean","Room was ""sometimes"" or ""never"" clean",9,10/01/2024,09/30/2025
IL,H_CLEAN_HSP_U_P,"Patients who reported that their room and bathroom were ""Usually"" clean","Room was ""usually"" clean",18,10/01/2024,09/30/2025
IL,H_QUIET_HSP_A_P,"Patients who reported that the area around their room was ""Always"" quiet at night","""Always"" quiet at night",59,10/01/2024,09/30/2025
IL,H_QUIET_HSP_SN_P,"Patients who reported that the area around their room was ""Sometimes"" or ""Never"" quiet at night","""Sometimes"" or ""never"" quiet at night",10,10/01/2024,09/30/2025
IL,H_QUIET_HSP_U_P,"Patients who reported that the area around their room was ""Usually"" quiet at night","""Usually"" quiet at night",31,10/01/2024,09/30/2025
IL,H_HSP_RATING_0_6,Patients who gave their hospital a rating of 6 or lower on a scale from 0 (lowest) to 10 (highest),"Patients who gave a rating of ""6"" or lower (low)",9,10/01/2024,09/30/2025
IL,H_HSP_RATING_7_8,Patients who gave their hospital a rating of 7 or 8 on a scale from 0 (lowest) to 10 (highest),"Patients who gave a rating of ""7"" or ""8"" (medium)",21,10/01/2024,09/30/2025
IL,H_HSP_RATING_9_10,Patients who gave their hospital a rating of 9 or 10 on a scale from 0 (lowest) to 10 (highest),"Patients who gave a rating of ""9"" or ""10"" (high)",70,10/01/2024,09/30/2025
IL,H_RECMND_DN,"Patients who reported NO, they would probably not or definitely not recommend the hospital","""NO"", patients would not recommend the hospital (they probably would not or definitely would not recommend it)",7,10/01/2024,09/30/2025
IL,H_RECMND_DY,"Patients who reported YES, they would definitely recommend the hospital","""YES"", patients would definitely recommend the hospital",69,10/01/2024,09/30/2025
IL,H_RECMND_PY,"Patients who reported YES, they would probably recommend the hospital","""YES"", patients would probably recommend the hospital",24,10/01/2024,09/30/2025
IN,H_COMP_1_A_P,"Patients who reported that their nurses ""Always"" communicated well","Nurses ""always"" communicated well",80,10/01/2024,09/30/2025
IN,H_COMP_1_SN_P,"Patients who reported that their nurses ""Sometimes"" or ""Never"" communicated well","Nurses ""sometimes"" or ""never"" communicated well",4,10/01/2024,09/30/2025
IN,H_COMP_1_U_P,"Patients who reported that their nurses ""Usually"" communicated well","Nurses ""usually"" communicated well",16,10/01/2024,09/30/2025
IN,H_NURSE_RESPECT_A_P,"Patients who reported that their nurses ""Always"" treated them with courtesy and respect","Nurses ""always"" treated them with courtesy and  respect",87,10/01/2024,09/30/2025
IN,H_NURSE_RESPECT_SN_P,"Patients who reported that their nurses ""Sometimes"" or ""Never""  treated them with courtesy and respect","Nurses ""sometimes"" or ""never"" treated them with courtesy and  respect",2,10/01/2024,09/30/2025
IN,H_NURSE_RESPECT_U_P,"Patients who reported that their nurses ""Usually""  treated them with courtesy and respect","Nurses ""usually""  treated them with courtesy and  respect",11,10/01/2024,09/30/2025
IN,H_NURSE_LISTEN_A_P,"Patients who reported that their nurses ""Always"" listened carefully to them","Nurses ""always"" listened carefully",77,10/01/2024,09/30/2025
IN,H_NURSE_LISTEN_SN_P,"Patients who reported that their nurses ""Sometimes"" or ""Never"" listened carefully to them","Nurses ""sometimes"" or ""never"" listened carefully",4,10/01/2024,09/30/2025
IN,H_NURSE_LISTEN_U_P,"Patients who reported that their nurses ""Usually"" listened carefully to them","Nurses ""usually"" listened carefully",19,10/01/2024,09/30/2025
IN,H_NURSE_EXPLAIN_A_P,"Patients who reported that their nurses ""Always"" explained things in a way they could understand","Nurses ""always"" explained things so they could understand",75,10/01/2024,09/30/2025
IN,H_NURSE_EXPLAIN_SN_P,"Patients who reported that their nurses ""Sometimes"" or ""Never"" explained things in a way they could understand","Nurses ""sometimes"" or ""never"" explained things so they could understand",5,10/01/2024,09/30/2025
IN,H_NURSE_EXPLAIN_U_P,"Patients who reported that their nurses ""Usually"" explained things in a way they could understand","Nurses ""usually"" explained things so they could understand",20,10/01/2024,09/30/2025
IN,H_COMP_2_A_P,"Patients who reported that their doctors ""Always"" communicated well","Doctors ""always"" communicated well",79,10/01/2024,09/30/2025
IN,H_COMP_2_SN_P,"Patients who reported that their doctors ""Sometimes"" or ""Never"" communicated well","Doctors ""sometimes"" or ""never"" communicated well",5,10/01/2024,09/30/2025
IN,H_COMP_2_U_P,"Patients who reported that their doctors ""Usually"" communicated well","Doctors ""usually"" communicated well",16,10/01/2024,09/30/2025
IN,H_DOCTOR_RESPECT_A_P,"Patients who reported that their doctors ""Always"" treated them with courtesy and respect","Doctors ""always"" treated them with courtesy and  respect",85,10/01/2024,09/30/2025
IN,H_DOCTOR_RESPECT_SN_P,"Patients who reported that their doctors ""Sometimes"" or ""Never""  treated them with courtesy and respect","Doctors ""sometimes"" or ""never"" treated them with courtesy and  respect",3,10/01/2024,09/30/2025
IN,H_DOCTOR_RESPECT_U_P,"Patients who reported that their doctors ""Usually""  treated them with courtesy and respect","Doctors ""usually""  treated them with courtesy and  respect",12,10/01/2024,09/30/2025
IN,H_DOCTOR_LISTEN_A_P,"Patients who reported that their doctors ""Always"" listened carefully to them","Doctors ""always"" listened carefully",77,10/01/2024,09/30/2025
IN,H_DOCTOR_LISTEN_SN_P,"Patients who reported that their doctors ""Sometimes"" or ""Never"" listened carefully to them","Doctors ""sometimes"" or ""never"" listened carefully",5,10/01/2024,09/30/2025
IN,H_DOCTOR_LISTEN_U_P,"Patients who reported that their doctors ""Usually"" listened carefully to them","Doctors ""usually"" listened carefully",18,10/01/2024,09/30/2025
IN,H_DOCTOR_EXPLAIN_A_P,"Patients who reported that their doctors ""Always"" explained things in a way they could understand","Doctors ""always"" explained things so they could understand",74,10/01/2024,09/30/2025
IN,H_DOCTOR_EXPLAIN_SN_P,"Patients who reported that their doctors ""Sometimes"" or ""Never"" explained things in a way they could understand","Doctors ""sometimes"" or ""never"" explained things so they could understand",6,10/01/2024,09/30/2025
IN,H_DOCTOR_EXPLAIN_U_P,"Patients who reported that their doctors ""Usually"" explained things in a way they could understand","Doctors ""usually"" explained things so they could understand",20,10/01/2024,09/30/2025
IN,H_COMP_5_A_P,"Patients who reported that staff ""Always"" explained about medicines before giving it to them","Staff ""always"" explained",60,10/01/2024,09/30/2025
IN,H_COMP_5_SN_P,"Patients who reported that staff ""Sometimes"" or ""Never"" explained about medicines before giving it to them","Staff ""sometimes"" or ""never"" explained",20,10/01/2024,09/30/2025
IN,H_COMP_5_U_P,"Patients who reported that staff ""Usually"" explained about medicines before giving it to them","Staff ""usually"" explained",20,10/01/2024,09/30/2025
IN,H_MED_FOR_A_P,"Patients who reported that when receiving new medication the staff ""Always"" communicated what the medication was for","Staff ""always"" explained new medications",74,10/01/2024,09/30/2025
IN,H_MED_FOR_SN_P,"Patients who reported that when receiving new medication the staff ""Sometimes"" or ""Never"" communicated what the medication was for","Staff ""sometimes"" or ""never"" explained new medications",10,10/01/2024,09/30/2025
IN,H_MED_FOR_U_P,"Patients who reported that when receiving new medication the staff ""Usually"" communicated what the medication was for.","Staff ""usually"" explained new medications",16,10/01/2024,09/30/2025
IN,H_SIDE_EFFECTS_A_P,"Patients who reported that when receiving new medication the staff ""Always"" discussed possible side effects","Staff ""always"" explained possible side effects",46,10/01/2024,09/30/2025
IN,H_SIDE_EFFECTS_SN_P,"Patients who reported that when receiving new medication the staff ""Sometimes"" or ""Never"" discussed possible side effects","Staff ""sometimes"" or ""never"" explained possible side effects",31,10/01/2024,09/30/2025
IN,H_SIDE_EFFECTS_U_P,"Patients who reported that when receiving new medication the staff ""Usually"" discussed possible side effects","Staff ""usually"" explained possible side effects",23,10/01/2024,09/30/2025
IN,H_COMP_6_N_P,"Patients who reported that NO, they were not given information about what to do during their recovery at home","No, staff ""did not"" give patients this information",13,10/01/2024,09/30/2025
IN,H_COMP_6_Y_P,"Patients who reported that YES, they were given information about what to do during their recovery at home","Yes, staff ""did"" give patients this information",87,10/01/2024,09/30/2025
IN,H_DISCH_HELP_N_P,"Patients who reported that NO, they did not discuss whether they would need help after discharge","No, staff ""did not"" give patients information about help after discharge",14,10/01/2024,09/30/2025
IN,H_DISCH_HELP_Y_P,"Patients who reported that YES, they did discuss whether they would need help after discharge","Yes, staff ""did"" give patients information about help after discharge",86,10/01/2024,09/30/2025
IN,H_SYMPTOMS_N_P,"Patients who reported that NO, they did not receive written information about possible symptoms to look out for after discharge","No, staff ""did not"" give patients information about possible symptoms",12,10/01/2024,09/30/2025
IN,H_SYMPTOMS_Y_P,"Patients who reported that YES, they did receive written information about possible symptoms to look out for after discharge","Yes, staff ""did"" give patients information about possible symptoms",88,10/01/2024,09/30/2025
IN,H_CLEAN_HSP_A_P,"Patients who reported that their room and bathroom were ""Always"" clean","Room was ""always"" clean",73,10/01/2024,09/30/2025
IN,H_CLEAN_HSP_SN_P,"Patients who reported that their room and bathroom were ""Sometimes"" or ""Never"" clean","Room was ""sometimes"" or ""never"" clean",8,10/01/2024,09/30/2025
IN,H_CLEAN_HSP_U_P,"Patients who reported that their room and bathroom were ""Usually"" clean","Room was ""usually"" clean",19,10/01/2024,09/30/2025
IN,H_QUIET_HSP_A_P,"Patients who reported that the area around their room was ""Always"" quiet at night","""Always"" quiet at night",60,10/01/2024,09/30/2025
IN,H_QUIET_HSP_SN_P,"Patients who reported that the area around their room was ""Sometimes"" or ""Never"" quiet at night","""Sometimes"" or ""never"" quiet at night",8,10/01/2024,09/30/2025
IN,H_QUIET_HSP_U_P,"Patients who reported that the area around their room was ""Usually"" quiet at night","""Usually"" quiet at night",32,10/01/2024,09/30/2025
IN,H_HSP_RATING_0_6,Patients who gave their hospital a rating of 6 or lower on a scale from 0 (lowest) to 10 (highest),"Patients who gave a rating of ""6"" or lower (low)",7,10/01/2024,09/30/2025
IN,H_HSP_RATING_7_8,Patients who gave their hospital a rating of 7 or 8 on a scale from 0 (lowest) to 10 (highest),"Patients who gave a rating of ""7"" or ""8"" (medium)",20,10/01/2024,09/30/2025
IN,H_HSP_RATING_9_10,Patients who gave their hospital a rating of 9 or 10 on a scale from 0 (lowest) to 10 (highest),"Patients who gave a rating of ""9"" or ""10"" (high)",73,10/01/2024,09/30/2025
IN,H_RECMND_DN,"Patients who reported NO, they would probably not or definitely not recommend the hospital","""NO"", patients would not recommend the hospital (they probably would not or definitely would not recommend it)",5,10/01/2024,09/30/2025
IN,H_RECMND_DY,"Patients who reported YES, they would definitely recommend the hospital","""YES"", patients would definitely recommend the hospital",71,10/01/2024,09/30/2025
IN,H_RECMND_PY,"Patients who reported YES, they would probably recommend the hospital","""YES"", patients would probably recommend the hospital",24,10/01/2024,09/30/2025
KS,H_COMP_1_A_P,"Patients who reported that their nurses ""Always"" communicated well","Nurses ""always"" communicated well",83,10/01/2024,09/30/2025
KS,H_COMP_1_SN_P,"Patients who reported that their nurses ""Sometimes"" or ""Never"" communicated well","Nurses ""sometimes"" or ""never"" communicated well",3,10/01/2024,09/30/2025
KS,H_COMP_1_U_P,"Patients who reported that their nurses ""Usually"" communicated well","Nurses ""usually"" communicated well",14,10/01/2024,09/30/2025
KS,H_NURSE_RESPECT_A_P,"Patients who reported that their nurses ""Always"" treated them with courtesy and respect","Nurses ""always"" treated them with courtesy and  respect",89,10/01/2024,09/30/2025
KS,H_NURSE_RESPECT_SN_P,"Patients who reported that their nurses ""Sometimes"" or ""Never""  treated them with courtesy and respect","Nurses ""sometimes"" or ""never"" treated them with courtesy and  respect",2,10/01/2024,09/30/2025
KS,H_NURSE_RESPECT_U_P,"Patients who reported that their nurses ""Usually""  treated them with courtesy and respect","Nurses ""usually""  treated them with courtesy and  respect",9,10/01/2024,09/30/2025
KS,H_NURSE_LISTEN_A_P,"Patients who reported that their nurses ""Always"" listened carefully to them","Nurses ""always"" listened carefully",81,10/01/2024,09/30/2025
KS,H_NURSE_LISTEN_SN_P,"Patients who reported that their nurses ""Sometimes"" or ""Never"" listened carefully to them","Nurses ""sometimes"" or ""never"" listened carefully",3,10/01/2024,09/30/2025
KS,H_NURSE_LISTEN_U_P,"Patients who reported that their nurses ""Usually"" listened carefully to them","Nurses ""usually"" listened carefully",16,10/01/2024,09/30/2025
KS,H_NURSE_EXPLAIN_A_P,"Patients who reported that their nurses ""Always"" explained things in a way they could understand","Nurses ""always"" explained things so they could understand",78,10/01/2024,09/30/2025
KS,H_NURSE_EXPLAIN_SN_P,"Patients who reported that their nurses ""Sometimes"" or ""Never"" explained things in a way they could understand","Nurses ""sometimes"" or ""never"" explained things so they could understand",4,10/01/2024,09/30/2025
KS,H_NURSE_EXPLAIN_U_P,"Patients who reported that their nurses ""Usually"" explained things in a way they could understand","Nurses ""usually"" explained things so they could understand",18,10/01/2024,09/30/2025
KS,H_COMP_2_A_P,"Patients who reported that their doctors ""Always"" communicated well","Doctors ""always"" communicated well",84,10/01/2024,09/30/2025
KS,H_COMP_2_SN_P,"Patients who reported that their doctors ""Sometimes"" or ""Never"" communicated well","Doctors ""sometimes"" or ""never"" communicated well",3,10/01/2024,09/30/2025
KS,H_COMP_2_U_P,"Patients who reported that their doctors ""Usually"" communicated well","Doctors ""usually"" communicated well",13,10/01/2024,09/30/2025
KS,H_DOCTOR_RESPECT_A_P,"Patients who reported that their doctors ""Always"" treated them with courtesy and respect","Doctors ""always"" treated them with courtesy and  respect",89,10/01/2024,09/30/2025
KS,H_DOCTOR_RESPECT_SN_P,"Patients who reported that their doctors ""Sometimes"" or ""Never""  treated them with courtesy and respect","Doctors ""sometimes"" or ""never"" treated them with courtesy and  respect",2,10/01/2024,09/30/2025
KS,H_DOCTOR_RESPECT_U_P,"Patients who reported that their doctors ""Usually""  treated them with courtesy and respect","Doctors ""usually""  treated them with courtesy and  respect",9,10/01/2024,09/30/2025
KS,H_DOCTOR_LISTEN_A_P,"Patients who reported that their doctors ""Always"" listened carefully to them","Doctors ""always"" listened carefully",83,10/01/2024,09/30/2025
KS,H_DOCTOR_LISTEN_SN_P,"Patients who reported that their doctors ""Sometimes"" or ""Never"" listened carefully to them","Doctors ""sometimes"" or ""never"" listened carefully",4,10/01/2024,09/30/2025
KS,H_DOCTOR_LISTEN_U_P,"Patients who reported that their doctors ""Usually"" listened carefully to them","Doctors ""usually"" listened carefully",13,10/01/2024,09/30/2025
KS,H_DOCTOR_EXPLAIN_A_P,"Patients who reported that their doctors ""Always"" explained things in a way they could understand","Doctors ""always"" explained things so they could understand",79,10/01/2024,09/30/2025
KS,H_DOCTOR_EXPLAIN_SN_P,"Patients who reported that their doctors ""Sometimes"" or ""Never"" explained things in a way they could understand","Doctors ""sometimes"" or ""never"" explained things so they could understand",4,10/01/2024,09/30/2025
KS,H_DOCTOR_EXPLAIN_U_P,"Patients who reported that their doctors ""Usually"" explained things in a way they could understand","Doctors ""usually"" explained things so they could understand",17,10/01/2024,09/30/2025
KS,H_COMP_5_A_P,"Patients who reported that staff ""Always"" explained about medicines before giving it to them","Staff ""always"" explained",66,10/01/2024,09/30/2025
KS,H_COMP_5_SN_P,"Patients who reported that staff ""Sometimes"" or ""Never"" explained about medicines before giving it to them","Staff ""sometimes"" or ""never"" explained",16,10/01/2024,09/30/2025
KS,H_COMP_5_U_P,"Patients who reported that staff ""Usually"" explained about medicines before giving it to them","Staff ""usually"" explained",18,10/01/2024,09/30/2025
KS,H_MED_FOR_A_P,"Patients who reported that when receiving new medication the staff ""Always"" communicated what the medication was for","Staff ""always"" explained new medications",78,10/01/2024,09/30/2025
KS,H_MED_FOR_SN_P,"Patients who reported that when receiving new medication the staff ""Sometimes"" or ""Never"" communicated what the medication was for","Staff ""sometimes"" or ""never"" explained new medications",7,10/01/2024,09/30/2025
KS,H_MED_FOR_U_P,"Patients who reported that when receiving new medication the staff ""Usually"" communicated what the medication was for.","Staff ""usually"" explained new medications",15,10/01/2024,09/30/2025
KS,H_SIDE_EFFECTS_A_P,"Patients who reported that when receiving new medication the staff ""Always"" discussed possible side effects","Staff ""always"" explained possible side effects",54,10/01/2024,09/30/2025
KS,H_SIDE_EFFECTS_SN_P,"Patients who reported that when receiving new medication the staff ""Sometimes"" or ""Never"" discussed possible side effects","Staff ""sometimes"" or ""never"" explained possible side effects",25,10/01/2024,09/30/2025
KS,H_SIDE_EFFECTS_U_P,"Patients who reported that when receiving new medication the staff ""Usually"" discussed possible side effects","Staff ""usually"" explained possible side effects",21,10/01/2024,09/30/2025
KS,H_COMP_6_N_P,"Patients who reported that NO, they were not given information about what to do during their recovery at home","No, staff ""did not"" give patients this information",11,10/01/2024,09/30/2025
KS,H_COMP_6_Y_P,"Patients who reported that YES, they were given information about what to do during their recovery at home","Yes, staff ""did"" give patients this information",89,10/01/2024,09/30/2025
KS,H_DISCH_HELP_N_P,"Patients who reported that NO, they did not discuss whether they would need help after discharge","No, staff ""did not"" give patients information about help after discharge",13,10/01/2024,09/30/2025
KS,H_DISCH_HELP_Y_P,"Patients who reported that YES, they did discuss whether they would need help after discharge","Yes, staff ""did"" give patients information about help after discharge",87,10/01/2024,09/30/2025
KS,H_SYMPTOMS_N_P,"Patients who reported that NO, they did not receive written information about possible symptoms to look out for after discharge","No, staff ""did not"" give patients information about possible symptoms",10,10/01/2024,09/30/2025
KS,H_SYMPTOMS_Y_P,"Patients who reported that YES, they did receive written information about possible symptoms to look out for after discharge","Yes, staff ""did"" give patients information about possible symptoms",90,10/01/2024,09/30/2025
KS,H_CLEAN_HSP_A_P,"Patients who reported that their room and bathroom were ""Always"" clean","Room was ""always"" clean",80,10/01/2024,09/30/2025
KS,H_CLEAN_HSP_SN_P,"Patients who reported that their room and bathroom were ""Sometimes"" or ""Never"" clean","Room was ""sometimes"" or ""never"" clean",6,10/01/2024,09/30/2025
KS,H_CLEAN_HSP_U_P,"Patients who reported that their room and bathroom were ""Usually"" clean","Room was ""usually"" clean",14,10/01/2024,09/30/2025
KS,H_QUIET_HSP_A_P,"Patients who reported that the area around their room was ""Always"" quiet at night","""Always"" quiet at night",67,10/01/2024,09/30/2025
KS,H_QUIET_HSP_SN_P,"Patients who reported that the area around their room was ""Sometimes"" or ""Never"" quiet at night","""Sometimes"" or ""never"" quiet at night",5,10/01/2024,09/30/2025
KS,H_QUIET_HSP_U_P,"Patients who reported that the area around their room was ""Usually"" quiet at night","""Usually"" quiet at night",28,10/01/2024,09/30/2025
KS,H_HSP_RATING_0_6,Patients who gave their hospital a rating of 6 or lower on a scale from 0 (lowest) to 10 (highest),"Patients who gave a rating of ""6"" or lower (low)",5,10/01/2024,09/30/2025
KS,H_HSP_RATING_7_8,Patients who gave their hospital a rating of 7 or 8 on a scale from 0 (lowest) to 10 (highest),"Patients who gave a rating of ""7"" or ""8"" (medium)",16,10/01/2024,09/30/2025
KS,H_HSP_RATING_9_10,Patients who gave their hospital a rating of 9 or 10 on a scale from 0 (lowest) to 10 (highest),"Patients who gave a rating of ""9"" or ""10"" (high)",79,10/01/2024,09/30/2025
KS,H_RECMND_DN,"Patients who reported NO, they would probably not or definitely not recommend the hospital","""NO"", patients would not recommend the hospital (they probably would not or definitely would not recommend it)",3,10/01/2024,09/30/2025
KS,H_RECMND_DY,"Patients who reported YES, they would definitely recommend the hospital","""YES"", patients would definitely recommend the hospital",78,10/01/2024,09/30/2025
KS,H_RECMND_PY,"Patients who reported YES, they would probably recommend the hospital","""YES"", patients would probably recommend the hospital",19,10/01/2024,09/30/2025
KY,H_COMP_1_A_P,"Patients who reported that their nurses ""Always"" communicated well","Nurses ""always"" communicated well",82,10/01/2024,09/30/2025
KY,H_COMP_1_SN_P,"Patients who reported that their nurses ""Sometimes"" or ""Never"" communicated well","Nurses ""sometimes"" or ""never"" communicated well",4,10/01/2024,09/30/2025
KY,H_COMP_1_U_P,"Patients who reported that their nurses ""Usually"" communicated well","Nurses ""usually"" communicated well",14,10/01/2024,09/30/2025
KY,H_NURSE_RESPECT_A_P,"Patients who reported that their nurses ""Always"" treated them with courtesy and respect","Nurses ""always"" treated them with courtesy and  respect",88,10/01/2024,09/30/2025
KY,H_NURSE_RESPECT_SN_P,"Patients who reported that their nurses ""Sometimes"" or ""Never""  treated them with courtesy and respect","Nurses ""sometimes"" or ""never"" treated them with courtesy and  respect",3,10/01/2024,09/30/2025
KY,H_NURSE_RESPECT_U_P,"Patients who reported that their nurses ""Usually""  treated them with courtesy and respect","Nurses ""usually""  treated them with courtesy and  respect",9,10/01/2024,09/30/2025
KY,H_NURSE_LISTEN_A_P,"Patients who reported that their nurses ""Always"" listened carefully to them","Nurses ""always"" listened carefully",80,10/01/2024,09/30/2025
KY,H_NURSE_LISTEN_SN_P,"Patients who reported that their nurses ""Sometimes"" or ""Never"" listened carefully to them","Nurses ""sometimes"" or ""never"" listened carefully",4,10/01/2024,09/30/2025
KY,H_NURSE_LISTEN_U_P,"Patients who reported that their nurses ""Usually"" listened carefully to them","Nurses ""usually"" listened carefully",16,10/01/2024,09/30/2025
KY,H_NURSE_EXPLAIN_A_P,"Patients who reported that their nurses ""Always"" explained things in a way they could understand","Nurses ""always"" explained things so they could understand",78,10/01/2024,09/30/2025
KY,H_NURSE_EXPLAIN_SN_P,"Patients who reported that their nurses ""Sometimes"" or ""Never"" explained things in a way they could understand","Nurses ""sometimes"" or ""never"" explained things so they could understand",5,10/01/2024,09/30/2025
KY,H_NURSE_EXPLAIN_U_P,"Patients who reported that their nurses ""Usually"" explained things in a way they could understand","Nurses ""usually"" explained things so they could understand",17,10/01/2024,09/30/2025
KY,H_COMP_2_A_P,"Patients who reported that their doctors ""Always"" communicated well","Doctors ""always"" communicated well",82,10/01/2024,09/30/2025
KY,H_COMP_2_SN_P,"Patients who reported that their doctors ""Sometimes"" or ""Never"" communicated well","Doctors ""sometimes"" or ""never"" communicated well",5,10/01/2024,09/30/2025
KY,H_COMP_2_U_P,"Patients who reported that their doctors ""Usually"" communicated well","Doctors ""usually"" communicated well",13,10/01/2024,09/30/2025
KY,H_DOCTOR_RESPECT_A_P,"Patients who reported that their doctors ""Always"" treated them with courtesy and respect","Doctors ""always"" treated them with courtesy and  respect",88,10/01/2024,09/30/2025
KY,H_DOCTOR_RESPECT_SN_P,"Patients who reported that their doctors ""Sometimes"" or ""Never""  treated them with courtesy and respect","Doctors ""sometimes"" or ""never"" treated them with courtesy and  respect",3,10/01/2024,09/30/2025
KY,H_DOCTOR_RESPECT_U_P,"Patients who reported that their doctors ""Usually""  treated them with courtesy and respect","Doctors ""usually""  treated them with courtesy and  respect",9,10/01/2024,09/30/2025
KY,H_DOCTOR_LISTEN_A_P,"Patients who reported that their doctors ""Always"" listened carefully to them","Doctors ""always"" listened carefully",80,10/01/2024,09/30/2025
KY,H_DOCTOR_LISTEN_SN_P,"Patients who reported that their doctors ""Sometimes"" or ""Never"" listened carefully to them","Doctors ""sometimes"" or ""never"" listened carefully",5,10/01/2024,09/30/2025
KY,H_DOCTOR_LISTEN_U_P,"Patients who reported that their doctors ""Usually"" listened carefully to them","Doctors ""usually"" listened carefully",15,10/01/2024,09/30/2025
KY,H_DOCTOR_EXPLAIN_A_P,"Patients who reported that their doctors ""Always"" explained things in a way they could understand","Doctors ""always"" explained things so they could understand",77,10/01/2024,09/30/2025
KY,H_DOCTOR_EXPLAIN_SN_P,"Patients who reported that their doctors ""Sometimes"" or ""Never"" explained things in a way they could understand","Doctors ""sometimes"" or ""never"" explained things so they could understand",6,10/01/2024,09/30/2025
KY,H_DOCTOR_EXPLAIN_U_P,"Patients who reported that their doctors ""Usually"" explained things in a way they could understand","Doctors ""usually"" explained things so they could understand",17,10/01/2024,09/30/2025
KY,H_COMP_5_A_P,"Patients who reported that staff ""Always"" explained about medicines before giving it to them","Staff ""always"" explained",63,10/01/2024,09/30/2025
KY,H_COMP_5_SN_P,"Patients who reported that staff ""Sometimes"" or ""Never"" explained about medicines before giving it to them","Staff ""sometimes"" or ""never"" explained",19,10/01/2024,09/30/2025
KY,H_COMP_5_U_P,"Patients who reported that staff ""Usually"" explained about medicines before giving it to them","Staff ""usually"" explained",18,10/01/2024,09/30/2025
KY,H_MED_FOR_A_P,"Patients who reported that when receiving new medication the staff ""Always"" communicated what the medication was for","Staff ""always"" explained new medications",75,10/01/2024,09/30/2025
KY,H_MED_FOR_SN_P,"Patients who reported that when receiving new medication the staff ""Sometimes"" or ""Never"" communicated what the medication was for","Staff ""sometimes"" or ""never"" explained new medications",10,10/01/2024,09/30/2025
KY,H_MED_FOR_U_P,"Patients who reported that when receiving new medication the staff ""Usually"" communicated what the medication was for.","Staff ""usually"" explained new medications",15,10/01/2024,09/30/2025
KY,H_SIDE_EFFECTS_A_P,"Patients who reported that when receiving new medication the staff ""Always"" discussed possible side effects","Staff ""always"" explained possible side effects",51,10/01/2024,09/30/2025
KY,H_SIDE_EFFECTS_SN_P,"Patients who reported that when receiving new medication the staff ""Sometimes"" or ""Never"" discussed possible side effects","Staff ""sometimes"" or ""never"" explained possible side effects",28,10/01/2024,09/30/2025
KY,H_SIDE_EFFECTS_U_P,"Patients who reported that when receiving new medication the staff ""Usually"" discussed possible side effects","Staff ""usually"" explained possible side effects",21,10/01/2024,09/30/2025
KY,H_COMP_6_N_P,"Patients who reported that NO, they were not given information about what to do during their recovery at home","No, staff ""did not"" give patients this information",13,10/01/2024,09/30/2025
KY,H_COMP_6_Y_P,"Patients who reported that YES, they were given information about what to do during their recovery at home","Yes, staff ""did"" give patients this information",87,10/01/2024,09/30/2025
KY,H_DISCH_HELP_N_P,"Patients who reported that NO, they did not discuss whether they would need help after discharge","No, staff ""did not"" give patients information about help after discharge",15,10/01/2024,09/30/2025
KY,H_DISCH_HELP_Y_P,"Patients who reported that YES, they did discuss whether they would need help after discharge","Yes, staff ""did"" give patients information about help after discharge",85,10/01/2024,09/30/2025
KY,H_SYMPTOMS_N_P,"Patients who reported that NO, they did not receive written information about possible symptoms to look out for after discharge","No, staff ""did not"" give patients information about possible symptoms",12,10/01/2024,09/30/2025
KY,H_SYMPTOMS_Y_P,"Patients who reported that YES, they did receive written information about possible symptoms to look out for after discharge","Yes, staff ""did"" give patients information about possible symptoms",88,10/01/2024,09/30/2025
KY,H_CLEAN_HSP_A_P,"Patients who reported that their room and bathroom were ""Always"" clean","Room was ""always"" clean",75,10/01/2024,09/30/2025
KY,H_CLEAN_HSP_SN_P,"Patients who reported that their room and bathroom were ""Sometimes"" or ""Never"" clean","Room was ""sometimes"" or ""never"" clean",8,10/01/2024,09/30/2025
KY,H_CLEAN_HSP_U_P,"Patients who reported that their room and bathroom were ""Usually"" clean","Room was ""usually"" clean",17,10/01/2024,09/30/2025
KY,H_QUIET_HSP_A_P,"Patients who reported that the area around their room was ""Always"" quiet at night","""Always"" quiet at night",62,10/01/2024,09/30/2025
KY,H_QUIET_HSP_SN_P,"Patients who reported that the area around their room was ""Sometimes"" or ""Never"" quiet at night","""Sometimes"" or ""never"" quiet at night",8,10/01/2024,09/30/2025
KY,H_QUIET_HSP_U_P,"Patients who reported that the area around their room was ""Usually"" quiet at night","""Usually"" quiet at night",30,10/01/2024,09/30/2025
KY,H_HSP_RATING_0_6,Patients who gave their hospital a rating of 6 or lower on a scale from 0 (lowest) to 10 (highest),"Patients who gave a rating of ""6"" or lower (low)",8,10/01/2024,09/30/2025
KY,H_HSP_RATING_7_8,Patients who gave their hospital a rating of 7 or 8 on a scale from 0 (lowest) to 10 (highest),"Patients who gave a rating of ""7"" or ""8"" (medium)",19,10/01/2024,09/30/2025
KY,H_HSP_RATING_9_10,Patients who gave their hospital a rating of 9 or 10 on a scale from 0 (lowest) to 10 (highest),"Patients who gave a rating of ""9"" or ""10"" (high)",73,10/01/2024,09/30/2025
KY,H_RECMND_DN,"Patients who reported NO, they would probably not or definitely not recommend the hospital","""NO"", patients would not recommend the hospital (they probably would not or definitely would not recommend it)",5,10/01/2024,09/30/2025
KY,H_RECMND_DY,"Patients who reported YES, they would definitely recommend the hospital","""YES"", patients would definitely recommend the hospital",71,10/01/2024,09/30/2025
KY,H_RECMND_PY,"Patients who reported YES, they would probably recommend the hospital","""YES"", patients would probably recommend the hospital",24,10/01/2024,09/30/2025
LA,H_COMP_1_A_P,"Patients who reported that their nurses ""Always"" communicated well","Nurses ""always"" communicated well",84,10/01/2024,09/30/2025
LA,H_COMP_1_SN_P,"Patients who reported that their nurses ""Sometimes"" or ""Never"" communicated well","Nurses ""sometimes"" or ""never"" communicated well",4,10/01/2024,09/30/2025
LA,H_COMP_1_U_P,"Patients who reported that their nurses ""Usually"" communicated well","Nurses ""usually"" communicated well",12,10/01/2024,09/30/2025
LA,H_NURSE_RESPECT_A_P,"Patients who reported that their nurses ""Always"" treated them with courtesy and respect","Nurses ""always"" treated them with courtesy and  respect",89,10/01/2024,09/30/2025
LA,H_NURSE_RESPECT_SN_P,"Patients who reported that their nurses ""Sometimes"" or ""Never""  treated them with courtesy and respect","Nurses ""sometimes"" or ""never"" treated them with courtesy and  respect",3,10/01/2024,09/30/2025
LA,H_NURSE_RESPECT_U_P,"Patients who reported that their nurses ""Usually""  treated them with courtesy and respect","Nurses ""usually""  treated them with courtesy and  respect",8,10/01/2024,09/30/2025
LA,H_NURSE_LISTEN_A_P,"Patients who reported that their nurses ""Always"" listened carefully to them","Nurses ""always"" listened carefully",81,10/01/2024,09/30/2025
LA,H_NURSE_LISTEN_SN_P,"Patients who reported that their nurses ""Sometimes"" or ""Never"" listened carefully to them","Nurses ""sometimes"" or ""never"" listened carefully",4,10/01/2024,09/30/2025
LA,H_NURSE_LISTEN_U_P,"Patients who reported that their nurses ""Usually"" listened carefully to them","Nurses ""usually"" listened carefully",15,10/01/2024,09/30/2025
LA,H_NURSE_EXPLAIN_A_P,"Patients who reported that their nurses ""Always"" explained things in a way they could understand","Nurses ""always"" explained things so they could understand",80,10/01/2024,09/30/2025
LA,H_NURSE_EXPLAIN_SN_P,"Patients who reported that their nurses ""Sometimes"" or ""Never"" explained things in a way they could understand","Nurses ""sometimes"" or ""never"" explained things so they could understand",5,10/01/2024,09/30/2025
LA,H_NURSE_EXPLAIN_U_P,"Patients who reported that their nurses ""Usually"" explained things in a way they could understand","Nurses ""usually"" explained things so they could understand",15,10/01/2024,09/30/2025
LA,H_COMP_2_A_P,"Patients who reported that their doctors ""Always"" communicated well","Doctors ""always"" communicated well",85,10/01/2024,09/30/2025
LA,H_COMP_2_SN_P,"Patients who reported that their doctors ""Sometimes"" or ""Never"" communicated well","Doctors ""sometimes"" or ""never"" communicated well",4,10/01/2024,09/30/2025
LA,H_COMP_2_U_P,"Patients who reported that their doctors ""Usually"" communicated well","Doctors ""usually"" communicated well",11,10/01/2024,09/30/2025
LA,H_DOCTOR_RESPECT_A_P,"Patients who reported that their doctors ""Always"" treated them with courtesy and respect","Doctors ""always"" treated them with courtesy and  respect",89,10/01/2024,09/30/2025
LA,H_DOCTOR_RESPECT_SN_P,"Patients who reported that their doctors ""Sometimes"" or ""Never""  treated them with courtesy and respect","Doctors ""sometimes"" or ""never"" treated them with courtesy and  respect",3,10/01/2024,09/30/2025
LA,H_DOCTOR_RESPECT_U_P,"Patients who reported that their doctors ""Usually""  treated them with courtesy and respect","Doctors ""usually""  treated them with courtesy and  respect",8,10/01/2024,09/30/2025
LA,H_DOCTOR_LISTEN_A_P,"Patients who reported that their doctors ""Always"" listened carefully to them","Doctors ""always"" listened carefully",83,10/01/2024,09/30/2025
LA,H_DOCTOR_LISTEN_SN_P,"Patients who reported that their doctors ""Sometimes"" or ""Never"" listened carefully to them","Doctors ""sometimes"" or ""never"" listened carefully",5,10/01/2024,09/30/2025
LA,H_DOCTOR_LISTEN_U_P,"Patients who reported that their doctors ""Usually"" listened carefully to them","Doctors ""usually"" listened carefully",12,10/01/2024,09/30/2025
LA,H_DOCTOR_EXPLAIN_A_P,"Patients who reported that their doctors ""Always"" explained things in a way they could understand","Doctors ""always"" explained things so they could understand",81,10/01/2024,09/30/2025
LA,H_DOCTOR_EXPLAIN_SN_P,"Patients who reported that their doctors ""Sometimes"" or ""Never"" explained things in a way they could understand","Doctors ""sometimes"" or ""never"" explained things so they could understand",5,10/01/2024,09/30/2025
LA,H_DOCTOR_EXPLAIN_U_P,"Patients who reported that their doctors ""Usually"" explained things in a way they could understand","Doctors ""usually"" explained things so they could understand",14,10/01/2024,09/30/2025
LA,H_COMP_5_A_P,"Patients who reported that staff ""Always"" explained about medicines before giving it to them","Staff ""always"" explained",67,10/01/2024,09/30/2025
LA,H_COMP_5_SN_P,"Patients who reported that staff ""Sometimes"" or ""Never"" explained about medicines before giving it to them","Staff ""sometimes"" or ""never"" explained",17,10/01/2024,09/30/2025
LA,H_COMP_5_U_P,"Patients who reported that staff ""Usually"" explained about medicines before giving it to them","Staff ""usually"" explained",16,10/01/2024,09/30/2025
LA,H_MED_FOR_A_P,"Patients who reported that when receiving new medication the staff ""Always"" communicated what the medication was for","Staff ""always"" explained new medications",79,10/01/2024,09/30/2025
LA,H_MED_FOR_SN_P,"Patients who reported that when receiving new medication the staff ""Sometimes"" or ""Never"" communicated what the medication was for","Staff ""sometimes"" or ""never"" explained new medications",8,10/01/2024,09/30/2025
LA,H_MED_FOR_U_P,"Patients who reported that when receiving new medication the staff ""Usually"" communicated what the medication was for.","Staff ""usually"" explained new medications",13,10/01/2024,09/30/2025
LA,H_SIDE_EFFECTS_A_P,"Patients who reported that when receiving new medication the staff ""Always"" discussed possible side effects","Staff ""always"" explained possible side effects",54,10/01/2024,09/30/2025
LA,H_SIDE_EFFECTS_SN_P,"Patients who reported that when receiving new medication the staff ""Sometimes"" or ""Never"" discussed possible side effects","Staff ""sometimes"" or ""never"" explained possible side effects",26,10/01/2024,09/30/2025
LA,H_SIDE_EFFECTS_U_P,"Patients who reported that when receiving new medication the staff ""Usually"" discussed possible side effects","Staff ""usually"" explained possible side effects",20,10/01/2024,09/30/2025
LA,H_COMP_6_N_P,"Patients who reported that NO, they were not given information about what to do during their recovery at home","No, staff ""did not"" give patients this information",13,10/01/2024,09/30/2025
LA,H_COMP_6_Y_P,"Patients who reported that YES, they were given information about what to do during their recovery at home","Yes, staff ""did"" give patients this information",87,10/01/2024,09/30/2025
LA,H_DISCH_HELP_N_P,"Patients who reported that NO, they did not discuss whether they would need help after discharge","No, staff ""did not"" give patients information about help after discharge",15,10/01/2024,09/30/2025
LA,H_DISCH_HELP_Y_P,"Patients who reported that YES, they did discuss whether they would need help after discharge","Yes, staff ""did"" give patients information about help after discharge",85,10/01/2024,09/30/2025
LA,H_SYMPTOMS_N_P,"Patients who reported that NO, they did not receive written information about possible symptoms to look out for after discharge","No, staff ""did not"" give patients information about possible symptoms",12,10/01/2024,09/30/2025
LA,H_SYMPTOMS_Y_P,"Patients who reported that YES, they did receive written information about possible symptoms to look out for after discharge","Yes, staff ""did"" give patients information about possible symptoms",88,10/01/2024,09/30/2025
LA,H_CLEAN_HSP_A_P,"Patients who reported that their room and bathroom were ""Always"" clean","Room was ""always"" clean",77,10/01/2024,09/30/2025
LA,H_CLEAN_HSP_SN_P,"Patients who reported that their room and bathroom were ""Sometimes"" or ""Never"" clean","Room was ""sometimes"" or ""never"" clean",8,10/01/2024,09/30/2025
LA,H_CLEAN_HSP_U_P,"Patients who reported that their room and bathroom were ""Usually"" clean","Room was ""usually"" clean",15,10/01/2024,09/30/2025
LA,H_QUIET_HSP_A_P,"Patients who reported that the area around their room was ""Always"" quiet at night","""Always"" quiet at night",71,10/01/2024,09/30/2025
LA,H_QUIET_HSP_SN_P,"Patients who reported that the area around their room was ""Sometimes"" or ""Never"" quiet at night","""Sometimes"" or ""never"" quiet at night",6,10/01/2024,09/30/2025
LA,H_QUIET_HSP_U_P,"Patients who reported that the area around their room was ""Usually"" quiet at night","""Usually"" quiet at night",23,10/01/2024,09/30/2025
LA,H_HSP_RATING_0_6,Patients who gave their hospital a rating of 6 or lower on a scale from 0 (lowest) to 10 (highest),"Patients who gave a rating of ""6"" or lower (low)",7,10/01/2024,09/30/2025
LA,H_HSP_RATING_7_8,Patients who gave their hospital a rating of 7 or 8 on a scale from 0 (lowest) to 10 (highest),"Patients who gave a rating of ""7"" or ""8"" (medium)",17,10/01/2024,09/30/2025
LA,H_HSP_RATING_9_10,Patients who gave their hospital a rating of 9 or 10 on a scale from 0 (lowest) to 10 (highest),"Patients who gave a rating of ""9"" or ""10"" (high)",76,10/01/2024,09/30/2025
LA,H_RECMND_DN,"Patients who reported NO, they would probably not or definitely not recommend the hospital","""NO"", patients would not recommend the hospital (they probably would not or definitely would not recommend it)",5,10/01/2024,09/30/2025
LA,H_RECMND_DY,"Patients who reported YES, they would definitely recommend the hospital","""YES"", patients would definitely recommend the hospital",75,10/01/2024,09/30/2025
LA,H_RECMND_PY,"Patients who reported YES, they would probably recommend the hospital","""YES"", patients would probably recommend the hospital",20,10/01/2024,09/30/2025
MA,H_COMP_1_A_P,"Patients who reported that their nurses ""Always"" communicated well","Nurses ""always"" communicated well",79,10/01/2024,09/30/2025
MA,H_COMP_1_SN_P,"Patients who reported that their nurses ""Sometimes"" or ""Never"" communicated well","Nurses ""sometimes"" or ""never"" communicated well",5,10/01/2024,09/30/2025
MA,H_COMP_1_U_P,"Patients who reported that their nurses ""Usually"" communicated well","Nurses ""usually"" communicated well",16,10/01/2024,09/30/2025
MA,H_NURSE_RESPECT_A_P,"Patients who reported that their nurses ""Always"" treated them with courtesy and respect","Nurses ""always"" treated them with courtesy and  respect",85,10/01/2024,09/30/2025
MA,H_NURSE_RESPECT_SN_P,"Patients who reported that their nurses ""Sometimes"" or ""Never""  treated them with courtesy and respect","Nurses ""sometimes"" or ""never"" treated them with courtesy and  respect",3,10/01/2024,09/30/2025
MA,H_NURSE_RESPECT_U_P,"Patients who reported that their nurses ""Usually""  treated them with courtesy and respect","Nurses ""usually""  treated them with courtesy and  respect",12,10/01/2024,09/30/2025
MA,H_NURSE_LISTEN_A_P,"Patients who reported that their nurses ""Always"" listened carefully to them","Nurses ""always"" listened carefully",77,10/01/2024,09/30/2025
MA,H_NURSE_LISTEN_SN_P,"Patients who reported that their nurses ""Sometimes"" or ""Never"" listened carefully to them","Nurses ""sometimes"" or ""never"" listened carefully",5,10/01/2024,09/30/2025
MA,H_NURSE_LISTEN_U_P,"Patients who reported that their nurses ""Usually"" listened carefully to them","Nurses ""usually"" listened carefully",18,10/01/2024,09/30/2025
MA,H_NURSE_EXPLAIN_A_P,"Patients who reported that their nurses ""Always"" explained things in a way they could understand","Nurses ""always"" explained things so they could understand",76,10/01/2024,09/30/2025
MA,H_NURSE_EXPLAIN_SN_P,"Patients who reported that their nurses ""Sometimes"" or ""Never"" explained things in a way they could understand","Nurses ""sometimes"" or ""never"" explained things so they could understand",6,10/01/2024,09/30/2025
MA,H_NURSE_EXPLAIN_U_P,"Patients who reported that their nurses ""Usually"" explained things in a way they could understand","Nurses ""usually"" explained things so they could understand",18,10/01/2024,09/30/2025
MA,H_COMP_2_A_P,"Patients who reported that their doctors ""Always"" communicated well","Doctors ""always"" communicated well",79,10/01/2024,09/30/2025
MA,H_COMP_2_SN_P,"Patients who reported that their doctors ""Sometimes"" or ""Never"" communicated well","Doctors ""sometimes"" or ""never"" communicated well",6,10/01/2024,09/30/2025
MA,H_COMP_2_U_P,"Patients who reported that their doctors ""Usually"" communicated well","Doctors ""usually"" communicated well",15,10/01/2024,09/30/2025
MA,H_DOCTOR_RESPECT_A_P,"Patients who reported that their doctors ""Always"" treated them with courtesy and respect","Doctors ""always"" treated them with courtesy and  respect",85,10/01/2024,09/30/2025
MA,H_DOCTOR_RESPECT_SN_P,"Patients who reported that their doctors ""Sometimes"" or ""Never""  treated them with courtesy and respect","Doctors ""sometimes"" or ""never"" treated them with courtesy and  respect",4,10/01/2024,09/30/2025
MA,H_DOCTOR_RESPECT_U_P,"Patients who reported that their doctors ""Usually""  treated them with courtesy and respect","Doctors ""usually""  treated them with courtesy and  respect",11,10/01/2024,09/30/2025
MA,H_DOCTOR_LISTEN_A_P,"Patients who reported that their doctors ""Always"" listened carefully to them","Doctors ""always"" listened carefully",77,10/01/2024,09/30/2025
MA,H_DOCTOR_LISTEN_SN_P,"Patients who reported that their doctors ""Sometimes"" or ""Never"" listened carefully to them","Doctors ""sometimes"" or ""never"" listened carefully",6,10/01/2024,09/30/2025
MA,H_DOCTOR_LISTEN_U_P,"Patients who reported that their doctors ""Usually"" listened carefully to them","Doctors ""usually"" listened carefully",17,10/01/2024,09/30/2025
MA,H_DOCTOR_EXPLAIN_A_P,"Patients who reported that their doctors ""Always"" explained things in a way they could understand","Doctors ""always"" explained things so they could understand",74,10/01/2024,09/30/2025
MA,H_DOCTOR_EXPLAIN_SN_P,"Patients who reported that their doctors ""Sometimes"" or ""Never"" explained things in a way they could understand","Doctors ""sometimes"" or ""never"" explained things so they could understand",7,10/01/2024,09/30/2025
MA,H_DOCTOR_EXPLAIN_U_P,"Patients who reported that their doctors ""Usually"" explained things in a way they could understand","Doctors ""usually"" explained things so they could understand",19,10/01/2024,09/30/2025
MA,H_COMP_5_A_P,"Patients who reported that staff ""Always"" explained about medicines before giving it to them","Staff ""always"" explained",61,10/01/2024,09/30/2025
MA,H_COMP_5_SN_P,"Patients who reported that staff ""Sometimes"" or ""Never"" explained about medicines before giving it to them","Staff ""sometimes"" or ""never"" explained",20,10/01/2024,09/30/2025
MA,H_COMP_5_U_P,"Patients who reported that staff ""Usually"" explained about medicines before giving it to them","Staff ""usually"" explained",19,10/01/2024,09/30/2025
MA,H_MED_FOR_A_P,"Patients who reported that when receiving new medication the staff ""Always"" communicated what the medication was for","Staff ""always"" explained new medications",74,10/01/2024,09/30/2025
MA,H_MED_FOR_SN_P,"Patients who reported that when receiving new medication the staff ""Sometimes"" or ""Never"" communicated what the medication was for","Staff ""sometimes"" or ""never"" explained new medications",10,10/01/2024,09/30/2025
MA,H_MED_FOR_U_P,"Patients who reported that when receiving new medication the staff ""Usually"" communicated what the medication was for.","Staff ""usually"" explained new medications",16,10/01/2024,09/30/2025
MA,H_SIDE_EFFECTS_A_P,"Patients who reported that when receiving new medication the staff ""Always"" discussed possible side effects","Staff ""always"" explained possible side effects",48,10/01/2024,09/30/2025
MA,H_SIDE_EFFECTS_SN_P,"Patients who reported that when receiving new medication the staff ""Sometimes"" or ""Never"" discussed possible side effects","Staff ""sometimes"" or ""never"" explained possible side effects",30,10/01/2024,09/30/2025
MA,H_SIDE_EFFECTS_U_P,"Patients who reported that when receiving new medication the staff ""Usually"" discussed possible side effects","Staff ""usually"" explained possible side effects",22,10/01/2024,09/30/2025
MA,H_COMP_6_N_P,"Patients who reported that NO, they were not given information about what to do during their recovery at home","No, staff ""did not"" give patients this information",13,10/01/2024,09/30/2025
MA,H_COMP_6_Y_P,"Patients who reported that YES, they were given information about what to do during their recovery at home","Yes, staff ""did"" give patients this information",87,10/01/2024,09/30/2025
MA,H_DISCH_HELP_N_P,"Patients who reported that NO, they did not discuss whether they would need help after discharge","No, staff ""did not"" give patients information about help after discharge",14,10/01/2024,09/30/2025
MA,H_DISCH_HELP_Y_P,"Patients who reported that YES, they did discuss whether they would need help after discharge","Yes, staff ""did"" give patients information about help after discharge",86,10/01/2024,09/30/2025
MA,H_SYMPTOMS_N_P,"Patients who reported that NO, they did not receive written information about possible symptoms to look out for after discharge","No, staff ""did not"" give patients information about possible symptoms",12,10/01/2024,09/30/2025
MA,H_SYMPTOMS_Y_P,"Patients who reported that YES, they did receive written information about possible symptoms to look out for after discharge","Yes, staff ""did"" give patients information about possible symptoms",88,10/01/2024,09/30/2025
MA,H_CLEAN_HSP_A_P,"Patients who reported that their room and bathroom were ""Always"" clean","Room was ""always"" clean",70,10/01/2024,09/30/2025
MA,H_CLEAN_HSP_SN_P,"Patients who reported that their room and bathroom were ""Sometimes"" or ""Never"" clean","Room was ""sometimes"" or ""never"" clean",10,10/01/2024,09/30/2025
MA,H_CLEAN_HSP_U_P,"Patients who reported that their room and bathroom were ""Usually"" clean","Room was ""usually"" clean",20,10/01/2024,09/30/2025
MA,H_QUIET_HSP_A_P,"Patients who reported that the area around their room was ""Always"" quiet at night","""Always"" quiet at night",48,10/01/2024,09/30/2025
MA,H_QUIET_HSP_SN_P,"Patients who reported that the area around their room was ""Sometimes"" or ""Never"" quiet at night","""Sometimes"" or ""never"" quiet at night",18,10/01/2024,09/30/2025
MA,H_QUIET_HSP_U_P,"Patients who reported that the area around their room was ""Usually"" quiet at night","""Usually"" quiet at night",34,10/01/2024,09/30/2025
MA,H_HSP_RATING_0_6,Patients who gave their hospital a rating of 6 or lower on a scale from 0 (lowest) to 10 (highest),"Patients who gave a rating of ""6"" or lower (low)",10,10/01/2024,09/30/2025
MA,H_HSP_RATING_7_8,Patients who gave their hospital a rating of 7 or 8 on a scale from 0 (lowest) to 10 (highest),"Patients who gave a rating of ""7"" or ""8"" (medium)",22,10/01/2024,09/30/2025
MA,H_HSP_RATING_9_10,Patients who gave their hospital a rating of 9 or 10 on a scale from 0 (lowest) to 10 (highest),"Patients who gave a rating of ""9"" or ""10"" (high)",68,10/01/2024,09/30/2025
MA,H_RECMND_DN,"Patients who reported NO, they would probably not or definitely not recommend the hospital","""NO"", patients would not recommend the hospital (they probably would not or definitely would not recommend it)",6,10/01/2024,09/30/2025
MA,H_RECMND_DY,"Patients who reported YES, they would definitely recommend the hospital","""YES"", patients would definitely recommend the hospital",70,10/01/2024,09/30/2025
MA,H_RECMND_PY,"Patients who reported YES, they would probably recommend the hospital","""YES"", patients would probably recommend the hospital",24,10/01/2024,09/30/2025
MD,H_COMP_1_A_P,"Patients who reported that their nurses ""Always"" communicated well","Nurses ""always"" communicated well",75,10/01/2024,09/30/2025
MD,H_COMP_1_SN_P,"Patients who reported that their nurses ""Sometimes"" or ""Never"" communicated well","Nurses ""sometimes"" or ""never"" communicated well",6,10/01/2024,09/30/2025
MD,H_COMP_1_U_P,"Patients who reported that their nurses ""Usually"" communicated well","Nurses ""usually"" communicated well",19,10/01/2024,09/30/2025
MD,H_NURSE_RESPECT_A_P,"Patients who reported that their nurses ""Always"" treated them with courtesy and respect","Nurses ""always"" treated them with courtesy and  respect",83,10/01/2024,09/30/2025
MD,H_NURSE_RESPECT_SN_P,"Patients who reported that their nurses ""Sometimes"" or ""Never""  treated them with courtesy and respect","Nurses ""sometimes"" or ""never"" treated them with courtesy and  respect",4,10/01/2024,09/30/2025
MD,H_NURSE_RESPECT_U_P,"Patients who reported that their nurses ""Usually""  treated them with courtesy and respect","Nurses ""usually""  treated them with courtesy and  respect",13,10/01/2024,09/30/2025
MD,H_NURSE_LISTEN_A_P,"Patients who reported that their nurses ""Always"" listened carefully to them","Nurses ""always"" listened carefully",73,10/01/2024,09/30/2025
MD,H_NURSE_LISTEN_SN_P,"Patients who reported that their nurses ""Sometimes"" or ""Never"" listened carefully to them","Nurses ""sometimes"" or ""never"" listened carefully",6,10/01/2024,09/30/2025
MD,H_NURSE_LISTEN_U_P,"Patients who reported that their nurses ""Usually"" listened carefully to them","Nurses ""usually"" listened carefully",21,10/01/2024,09/30/2025
MD,H_NURSE_EXPLAIN_A_P,"Patients who reported that their nurses ""Always"" explained things in a way they could understand","Nurses ""always"" explained things so they could understand",71,10/01/2024,09/30/2025
MD,H_NURSE_EXPLAIN_SN_P,"Patients who reported that their nurses ""Sometimes"" or ""Never"" explained things in a way they could understand","Nurses ""sometimes"" or ""never"" explained things so they could understand",7,10/01/2024,09/30/2025
MD,H_NURSE_EXPLAIN_U_P,"Patients who reported that their nurses ""Usually"" explained things in a way they could understand","Nurses ""usually"" explained things so they could understand",22,10/01/2024,09/30/2025
MD,H_COMP_2_A_P,"Patients who reported that their doctors ""Always"" communicated well","Doctors ""always"" communicated well",77,10/01/2024,09/30/2025
MD,H_COMP_2_SN_P,"Patients who reported that their doctors ""Sometimes"" or ""Never"" communicated well","Doctors ""sometimes"" or ""never"" communicated well",6,10/01/2024,09/30/2025
MD,H_COMP_2_U_P,"Patients who reported that their doctors ""Usually"" communicated well","Doctors ""usually"" communicated well",17,10/01/2024,09/30/2025
MD,H_DOCTOR_RESPECT_A_P,"Patients who reported that their doctors ""Always"" treated them with courtesy and respect","Doctors ""always"" treated them with courtesy and  respect",83,10/01/2024,09/30/2025
MD,H_DOCTOR_RESPECT_SN_P,"Patients who reported that their doctors ""Sometimes"" or ""Never""  treated them with courtesy and respect","Doctors ""sometimes"" or ""never"" treated them with courtesy and  respect",4,10/01/2024,09/30/2025
MD,H_DOCTOR_RESPECT_U_P,"Patients who reported that their doctors ""Usually""  treated them with courtesy and respect","Doctors ""usually""  treated them with courtesy and  respect",13,10/01/2024,09/30/2025
MD,H_DOCTOR_LISTEN_A_P,"Patients who reported that their doctors ""Always"" listened carefully to them","Doctors ""always"" listened carefully",75,10/01/2024,09/30/2025
MD,H_DOCTOR_LISTEN_SN_P,"Patients who reported that their doctors ""Sometimes"" or ""Never"" listened carefully to them","Doctors ""sometimes"" or ""never"" listened carefully",7,10/01/2024,09/30/2025
MD,H_DOCTOR_LISTEN_U_P,"Patients who reported that their doctors ""Usually"" listened carefully to them","Doctors ""usually"" listened carefully",18,10/01/2024,09/30/2025
MD,H_DOCTOR_EXPLAIN_A_P,"Patients who reported that their doctors ""Always"" explained things in a way they could understand","Doctors ""always"" explained things so they could understand",72,10/01/2024,09/30/2025
MD,H_DOCTOR_EXPLAIN_SN_P,"Patients who reported that their doctors ""Sometimes"" or ""Never"" explained things in a way they could understand","Doctors ""sometimes"" or ""never"" explained things so they could understand",8,10/01/2024,09/30/2025
MD,H_DOCTOR_EXPLAIN_U_P,"Patients who reported that their doctors ""Usually"" explained things in a way they could understand","Doctors ""usually"" explained things so they could understand",20,10/01/2024,09/30/2025
MD,H_COMP_5_A_P,"Patients who reported that staff ""Always"" explained about medicines before giving it to them","Staff ""always"" explained",57,10/01/2024,09/30/2025
MD,H_COMP_5_SN_P,"Patients who reported that staff ""Sometimes"" or ""Never"" explained about medicines before giving it to them","Staff ""sometimes"" or ""never"" explained",23,10/01/2024,09/30/2025
MD,H_COMP_5_U_P,"Patients who reported that staff ""Usually"" explained about medicines before giving it to them","Staff ""usually"" explained",20,10/01/2024,09/30/2025
MD,H_MED_FOR_A_P,"Patients who reported that when receiving new medication the staff ""Always"" communicated what the medication was for","Staff ""always"" explained new medications",72,10/01/2024,09/30/2025
MD,H_MED_FOR_SN_P,"Patients who reported that when receiving new medication the staff ""Sometimes"" or ""Never"" communicated what the medication was for","Staff ""sometimes"" or ""never"" explained new medications",11,10/01/2024,09/30/2025
MD,H_MED_FOR_U_P,"Patients who reported that when receiving new medication the staff ""Usually"" communicated what the medication was for.","Staff ""usually"" explained new medications",17,10/01/2024,09/30/2025
MD,H_SIDE_EFFECTS_A_P,"Patients who reported that when receiving new medication the staff ""Always"" discussed possible side effects","Staff ""always"" explained possible side effects",42,10/01/2024,09/30/2025
MD,H_SIDE_EFFECTS_SN_P,"Patients who reported that when receiving new medication the staff ""Sometimes"" or ""Never"" discussed possible side effects","Staff ""sometimes"" or ""never"" explained possible side effects",35,10/01/2024,09/30/2025
MD,H_SIDE_EFFECTS_U_P,"Patients who reported that when receiving new medication the staff ""Usually"" discussed possible side effects","Staff ""usually"" explained possible side effects",23,10/01/2024,09/30/2025
MD,H_COMP_6_N_P,"Patients who reported that NO, they were not given information about what to do during their recovery at home","No, staff ""did not"" give patients this information",14,10/01/2024,09/30/2025
MD,H_COMP_6_Y_P,"Patients who reported that YES, they were given information about what to do during their recovery at home","Yes, staff ""did"" give patients this information",86,10/01/2024,09/30/2025
MD,H_DISCH_HELP_N_P,"Patients who reported that NO, they did not discuss whether they would need help after discharge","No, staff ""did not"" give patients information about help after discharge",15,10/01/2024,09/30/2025
MD,H_DISCH_HELP_Y_P,"Patients who reported that YES, they did discuss whether they would need help after discharge","Yes, staff ""did"" give patients information about help after discharge",85,10/01/2024,09/30/2025
MD,H_SYMPTOMS_N_P,"Patients who reported that NO, they did not receive written information about possible symptoms to look out for after discharge","No, staff ""did not"" give patients information about possible symptoms",13,10/01/2024,09/30/2025
MD,H_SYMPTOMS_Y_P,"Patients who reported that YES, they did receive written information about possible symptoms to look out for after discharge","Yes, staff ""did"" give patients information about possible symptoms",87,10/01/2024,09/30/2025
MD,H_CLEAN_HSP_A_P,"Patients who reported that their room and bathroom were ""Always"" clean","Room was ""always"" clean",69,10/01/2024,09/30/2025
MD,H_CLEAN_HSP_SN_P,"Patients who reported that their room and bathroom were ""Sometimes"" or ""Never"" clean","Room was ""sometimes"" or ""never"" clean",10,10/01/2024,09/30/2025
MD,H_CLEAN_HSP_U_P,"Patients who reported that their room and bathroom were ""Usually"" clean","Room was ""usually"" clean",21,10/01/2024,09/30/2025
MD,H_QUIET_HSP_A_P,"Patients who reported that the area around their room was ""Always"" quiet at night","""Always"" quiet at night",54,10/01/2024,09/30/2025
MD,H_QUIET_HSP_SN_P,"Patients who reported that the area around their room was ""Sometimes"" or ""Never"" quiet at night","""Sometimes"" or ""never"" quiet at night",13,10/01/2024,09/30/2025
MD,H_QUIET_HSP_U_P,"Patients who reported that the area around their room was ""Usually"" quiet at night","""Usually"" quiet at night",33,10/01/2024,09/30/2025
MD,H_HSP_RATING_0_6,Patients who gave their hospital a rating of 6 or lower on a scale from 0 (lowest) to 10 (highest),"Patients who gave a rating of ""6"" or lower (low)",10,10/01/2024,09/30/2025
MD,H_HSP_RATING_7_8,Patients who gave their hospital a rating of 7 or 8 on a scale from 0 (lowest) to 10 (highest),"Patients who gave a rating of ""7"" or ""8"" (medium)",24,10/01/2024,09/30/2025
MD,H_HSP_RATING_9_10,Patients who gave their hospital a rating of 9 or 10 on a scale from 0 (lowest) to 10 (highest),"Patients who gave a rating of ""9"" or ""10"" (high)",66,10/01/2024,09/30/2025
MD,H_RECMND_DN,"Patients who reported NO, they would probably not or definitely not recommend the hospital","""NO"", patients would not recommend the hospital (they probably would not or definitely would not recommend it)",7,10/01/2024,09/30/2025
MD,H_RECMND_DY,"Patients who reported YES, they would definitely recommend the hospital","""YES"", patients would definitely recommend the hospital",66,10/01/2024,09/30/2025
MD,H_RECMND_PY,"Patients who reported YES, they would probably recommend the hospital","""YES"", patients would probably recommend the hospital",27,10/01/2024,09/30/2025
ME,H_COMP_1_A_P,"Patients who reported that their nurses ""Always"" communicated well","Nurses ""always"" communicated well",83,10/01/2024,09/30/2025
ME,H_COMP_1_SN_P,"Patients who reported that their nurses ""Sometimes"" or ""Never"" communicated well","Nurses ""sometimes"" or ""never"" communicated well",3,10/01/2024,09/30/2025
ME,H_COMP_1_U_P,"Patients who reported that their nurses ""Usually"" communicated well","Nurses ""usually"" communicated well",14,10/01/2024,09/30/2025
ME,H_NURSE_RESPECT_A_P,"Patients who reported that their nurses ""Always"" treated them with courtesy and respect","Nurses ""always"" treated them with courtesy and  respect",89,10/01/2024,09/30/2025
ME,H_NURSE_RESPECT_SN_P,"Patients who reported that their nurses ""Sometimes"" or ""Never""  treated them with courtesy and respect","Nurses ""sometimes"" or ""never"" treated them with courtesy and  respect",2,10/01/2024,09/30/2025
ME,H_NURSE_RESPECT_U_P,"Patients who reported that their nurses ""Usually""  treated them with courtesy and respect","Nurses ""usually""  treated them with courtesy and  respect",9,10/01/2024,09/30/2025
ME,H_NURSE_LISTEN_A_P,"Patients who reported that their nurses ""Always"" listened carefully to them","Nurses ""always"" listened carefully",80,10/01/2024,09/30/2025
ME,H_NURSE_LISTEN_SN_P,"Patients who reported that their nurses ""Sometimes"" or ""Never"" listened carefully to them","Nurses ""sometimes"" or ""never"" listened carefully",3,10/01/2024,09/30/2025
ME,H_NURSE_LISTEN_U_P,"Patients who reported that their nurses ""Usually"" listened carefully to them","Nurses ""usually"" listened carefully",17,10/01/2024,09/30/2025
ME,H_NURSE_EXPLAIN_A_P,"Patients who reported that their nurses ""Always"" explained things in a way they could understand","Nurses ""always"" explained things so they could understand",78,10/01/2024,09/30/2025
ME,H_NURSE_EXPLAIN_SN_P,"Patients who reported that their nurses ""Sometimes"" or ""Never"" explained things in a way they could understand","Nurses ""sometimes"" or ""never"" explained things so they could understand",4,10/01/2024,09/30/2025
ME,H_NURSE_EXPLAIN_U_P,"Patients who reported that their nurses ""Usually"" explained things in a way they could understand","Nurses ""usually"" explained things so they could understand",18,10/01/2024,09/30/2025
ME,H_COMP_2_A_P,"Patients who reported that their doctors ""Always"" communicated well","Doctors ""always"" communicated well",83,10/01/2024,09/30/2025
ME,H_COMP_2_SN_P,"Patients who reported that their doctors ""Sometimes"" or ""Never"" communicated well","Doctors ""sometimes"" or ""never"" communicated well",4,10/01/2024,09/30/2025
ME,H_COMP_2_U_P,"Patients who reported that their doctors ""Usually"" communicated well","Doctors ""usually"" communicated well",13,10/01/2024,09/30/2025
ME,H_DOCTOR_RESPECT_A_P,"Patients who reported that their doctors ""Always"" treated them with courtesy and respect","Doctors ""always"" treated them with courtesy and  respect",88,10/01/2024,09/30/2025
ME,H_DOCTOR_RESPECT_SN_P,"Patients who reported that their doctors ""Sometimes"" or ""Never""  treated them with courtesy and respect","Doctors ""sometimes"" or ""never"" treated them with courtesy and  respect",3,10/01/2024,09/30/2025
ME,H_DOCTOR_RESPECT_U_P,"Patients who reported that their doctors ""Usually""  treated them with courtesy and respect","Doctors ""usually""  treated them with courtesy and  respect",9,10/01/2024,09/30/2025
ME,H_DOCTOR_LISTEN_A_P,"Patients who reported that their doctors ""Always"" listened carefully to them","Doctors ""always"" listened carefully",81,10/01/2024,09/30/2025
ME,H_DOCTOR_LISTEN_SN_P,"Patients who reported that their doctors ""Sometimes"" or ""Never"" listened carefully to them","Doctors ""sometimes"" or ""never"" listened carefully",4,10/01/2024,09/30/2025
ME,H_DOCTOR_LISTEN_U_P,"Patients who reported that their doctors ""Usually"" listened carefully to them","Doctors ""usually"" listened carefully",15,10/01/2024,09/30/2025
ME,H_DOCTOR_EXPLAIN_A_P,"Patients who reported that their doctors ""Always"" explained things in a way they could understand","Doctors ""always"" explained things so they could understand",79,10/01/2024,09/30/2025
ME,H_DOCTOR_EXPLAIN_SN_P,"Patients who reported that their doctors ""Sometimes"" or ""Never"" explained things in a way they could understand","Doctors ""sometimes"" or ""never"" explained things so they could understand",5,10/01/2024,09/30/2025
ME,H_DOCTOR_EXPLAIN_U_P,"Patients who reported that their doctors ""Usually"" explained things in a way they could understand","Doctors ""usually"" explained things so they could understand",16,10/01/2024,09/30/2025
ME,H_COMP_5_A_P,"Patients who reported that staff ""Always"" explained about medicines before giving it to them","Staff ""always"" explained",65,10/01/2024,09/30/2025
ME,H_COMP_5_SN_P,"Patients who reported that staff ""Sometimes"" or ""Never"" explained about medicines before giving it to them","Staff ""sometimes"" or ""never"" explained",16,10/01/2024,09/30/2025
ME,H_COMP_5_U_P,"Patients who reported that staff ""Usually"" explained about medicines before giving it to them","Staff ""usually"" explained",19,10/01/2024,09/30/2025
ME,H_MED_FOR_A_P,"Patients who reported that when receiving new medication the staff ""Always"" communicated what the medication was for","Staff ""always"" explained new medications",78,10/01/2024,09/30/2025
ME,H_MED_FOR_SN_P,"Patients who reported that when receiving new medication the staff ""Sometimes"" or ""Never"" communicated what the medication was for","Staff ""sometimes"" or ""never"" explained new medications",7,10/01/2024,09/30/2025
ME,H_MED_FOR_U_P,"Patients who reported that when receiving new medication the staff ""Usually"" communicated what the medication was for.","Staff ""usually"" explained new medications",15,10/01/2024,09/30/2025
ME,H_SIDE_EFFECTS_A_P,"Patients who reported that when receiving new medication the staff ""Always"" discussed possible side effects","Staff ""always"" explained possible side effects",52,10/01/2024,09/30/2025
ME,H_SIDE_EFFECTS_SN_P,"Patients who reported that when receiving new medication the staff ""Sometimes"" or ""Never"" discussed possible side effects","Staff ""sometimes"" or ""never"" explained possible side effects",24,10/01/2024,09/30/2025
ME,H_SIDE_EFFECTS_U_P,"Patients who reported that when receiving new medication the staff ""Usually"" discussed possible side effects","Staff ""usually"" explained possible side effects",24,10/01/2024,09/30/2025
ME,H_COMP_6_N_P,"Patients who reported that NO, they were not given information about what to do during their recovery at home","No, staff ""did not"" give patients this information",12,10/01/2024,09/30/2025
ME,H_COMP_6_Y_P,"Patients who reported that YES, they were given information about what to do during their recovery at home","Yes, staff ""did"" give patients this information",88,10/01/2024,09/30/2025
ME,H_DISCH_HELP_N_P,"Patients who reported that NO, they did not discuss whether they would need help after discharge","No, staff ""did not"" give patients information about help after discharge",13,10/01/2024,09/30/2025
ME,H_DISCH_HELP_Y_P,"Patients who reported that YES, they did discuss whether they would need help after discharge","Yes, staff ""did"" give patients information about help after discharge",87,10/01/2024,09/30/2025
ME,H_SYMPTOMS_N_P,"Patients who reported that NO, they did not receive written information about possible symptoms to look out for after discharge","No, staff ""did not"" give patients information about possible symptoms",11,10/01/2024,09/30/2025
ME,H_SYMPTOMS_Y_P,"Patients who reported that YES, they did receive written information about possible symptoms to look out for after discharge","Yes, staff ""did"" give patients information about possible symptoms",89,10/01/2024,09/30/2025
ME,H_CLEAN_HSP_A_P,"Patients who reported that their room and bathroom were ""Always"" clean","Room was ""always"" clean",75,10/01/2024,09/30/2025
ME,H_CLEAN_HSP_SN_P,"Patients who reported that their room and bathroom were ""Sometimes"" or ""Never"" clean","Room was ""sometimes"" or ""never"" clean",7,10/01/2024,09/30/2025
ME,H_CLEAN_HSP_U_P,"Patients who reported that their room and bathroom were ""Usually"" clean","Room was ""usually"" clean",18,10/01/2024,09/30/2025
ME,H_QUIET_HSP_A_P,"Patients who reported that the area around their room was ""Always"" quiet at night","""Always"" quiet at night",57,10/01/2024,09/30/2025
ME,H_QUIET_HSP_SN_P,"Patients who reported that the area around their room was ""Sometimes"" or ""Never"" quiet at night","""Sometimes"" or ""never"" quiet at night",10,10/01/2024,09/30/2025
ME,H_QUIET_HSP_U_P,"Patients who reported that the area around their room was ""Usually"" quiet at night","""Usually"" quiet at night",33,10/01/2024,09/30/2025
ME,H_HSP_RATING_0_6,Patients who gave their hospital a rating of 6 or lower on a scale from 0 (lowest) to 10 (highest),"Patients who gave a rating of ""6"" or lower (low)",7,10/01/2024,09/30/2025
ME,H_HSP_RATING_7_8,Patients who gave their hospital a rating of 7 or 8 on a scale from 0 (lowest) to 10 (highest),"Patients who gave a rating of ""7"" or ""8"" (medium)",20,10/01/2024,09/30/2025
ME,H_HSP_RATING_9_10,Patients who gave their hospital a rating of 9 or 10 on a scale from 0 (lowest) to 10 (highest),"Patients who gave a rating of ""9"" or ""10"" (high)",73,10/01/2024,09/30/2025
ME,H_RECMND_DN,"Patients who reported NO, they would probably not or definitely not recommend the hospital","""NO"", patients would not recommend the hospital (they probably would not or definitely would not recommend it)",4,10/01/2024,09/30/2025
ME,H_RECMND_DY,"Patients who reported YES, they would definitely recommend the hospital","""YES"", patients would definitely recommend the hospital",72,10/01/2024,09/30/2025
ME,H_RECMND_PY,"Patients who reported YES, they would probably recommend the hospital","""YES"", patients would probably recommend the hospital",24,10/01/2024,09/30/2025
MI,H_COMP_1_A_P,"Patients who reported that their nurses ""Always"" communicated well","Nurses ""always"" communicated well",80,10/01/2024,09/30/2025
MI,H_COMP_1_SN_P,"Patients who reported that their nurses ""Sometimes"" or ""Never"" communicated well","Nurses ""sometimes"" or ""never"" communicated well",4,10/01/2024,09/30/2025
MI,H_COMP_1_U_P,"Patients who reported that their nurses ""Usually"" communicated well","Nurses ""usually"" communicated well",16,10/01/2024,09/30/2025
MI,H_NURSE_RESPECT_A_P,"Patients who reported that their nurses ""Always"" treated them with courtesy and respect","Nurses ""always"" treated them with courtesy and  respect",86,10/01/2024,09/30/2025
MI,H_NURSE_RESPECT_SN_P,"Patients who reported that their nurses ""Sometimes"" or ""Never""  treated them with courtesy and respect","Nurses ""sometimes"" or ""never"" treated them with courtesy and  respect",3,10/01/2024,09/30/2025
MI,H_NURSE_RESPECT_U_P,"Patients who reported that their nurses ""Usually""  treated them with courtesy and respect","Nurses ""usually""  treated them with courtesy and  respect",11,10/01/2024,09/30/2025
MI,H_NURSE_LISTEN_A_P,"Patients who reported that their nurses ""Always"" listened carefully to them","Nurses ""always"" listened carefully",77,10/01/2024,09/30/2025
MI,H_NURSE_LISTEN_SN_P,"Patients who reported that their nurses ""Sometimes"" or ""Never"" listened carefully to them","Nurses ""sometimes"" or ""never"" listened carefully",4,10/01/2024,09/30/2025
MI,H_NURSE_LISTEN_U_P,"Patients who reported that their nurses ""Usually"" listened carefully to them","Nurses ""usually"" listened carefully",19,10/01/2024,09/30/2025
MI,H_NURSE_EXPLAIN_A_P,"Patients who reported that their nurses ""Always"" explained things in a way they could understand","Nurses ""always"" explained things so they could understand",75,10/01/2024,09/30/2025
MI,H_NURSE_EXPLAIN_SN_P,"Patients who reported that their nurses ""Sometimes"" or ""Never"" explained things in a way they could understand","Nurses ""sometimes"" or ""never"" explained things so they could understand",5,10/01/2024,09/30/2025
MI,H_NURSE_EXPLAIN_U_P,"Patients who reported that their nurses ""Usually"" explained things in a way they could understand","Nurses ""usually"" explained things so they could understand",20,10/01/2024,09/30/2025
MI,H_COMP_2_A_P,"Patients who reported that their doctors ""Always"" communicated well","Doctors ""always"" communicated well",78,10/01/2024,09/30/2025
MI,H_COMP_2_SN_P,"Patients who reported that their doctors ""Sometimes"" or ""Never"" communicated well","Doctors ""sometimes"" or ""never"" communicated well",6,10/01/2024,09/30/2025
MI,H_COMP_2_U_P,"Patients who reported that their doctors ""Usually"" communicated well","Doctors ""usually"" communicated well",16,10/01/2024,09/30/2025
MI,H_DOCTOR_RESPECT_A_P,"Patients who reported that their doctors ""Always"" treated them with courtesy and respect","Doctors ""always"" treated them with courtesy and  respect",85,10/01/2024,09/30/2025
MI,H_DOCTOR_RESPECT_SN_P,"Patients who reported that their doctors ""Sometimes"" or ""Never""  treated them with courtesy and respect","Doctors ""sometimes"" or ""never"" treated them with courtesy and  respect",4,10/01/2024,09/30/2025
MI,H_DOCTOR_RESPECT_U_P,"Patients who reported that their doctors ""Usually""  treated them with courtesy and respect","Doctors ""usually""  treated them with courtesy and  respect",11,10/01/2024,09/30/2025
MI,H_DOCTOR_LISTEN_A_P,"Patients who reported that their doctors ""Always"" listened carefully to them","Doctors ""always"" listened carefully",76,10/01/2024,09/30/2025
MI,H_DOCTOR_LISTEN_SN_P,"Patients who reported that their doctors ""Sometimes"" or ""Never"" listened carefully to them","Doctors ""sometimes"" or ""never"" listened carefully",6,10/01/2024,09/30/2025
MI,H_DOCTOR_LISTEN_U_P,"Patients who reported that their doctors ""Usually"" listened carefully to them","Doctors ""usually"" listened carefully",18,10/01/2024,09/30/2025
MI,H_DOCTOR_EXPLAIN_A_P,"Patients who reported that their doctors ""Always"" explained things in a way they could understand","Doctors ""always"" explained things so they could understand",73,10/01/2024,09/30/2025
MI,H_DOCTOR_EXPLAIN_SN_P,"Patients who reported that their doctors ""Sometimes"" or ""Never"" explained things in a way they could understand","Doctors ""sometimes"" or ""never"" explained things so they could understand",7,10/01/2024,09/30/2025
MI,H_DOCTOR_EXPLAIN_U_P,"Patients who reported that their doctors ""Usually"" explained things in a way they could understand","Doctors ""usually"" explained things so they could understand",20,10/01/2024,09/30/2025
MI,H_COMP_5_A_P,"Patients who reported that staff ""Always"" explained about medicines before giving it to them","Staff ""always"" explained",61,10/01/2024,09/30/2025
MI,H_COMP_5_SN_P,"Patients who reported that staff ""Sometimes"" or ""Never"" explained about medicines before giving it to them","Staff ""sometimes"" or ""never"" explained",20,10/01/2024,09/30/2025
MI,H_COMP_5_U_P,"Patients who reported that staff ""Usually"" explained about medicines before giving it to them","Staff ""usually"" explained",19,10/01/2024,09/30/2025
MI,H_MED_FOR_A_P,"Patients who reported that when receiving new medication the staff ""Always"" communicated what the medication was for","Staff ""always"" explained new medications",75,10/01/2024,09/30/2025
MI,H_MED_FOR_SN_P,"Patients who reported that when receiving new medication the staff ""Sometimes"" or ""Never"" communicated what the medication was for","Staff ""sometimes"" or ""never"" explained new medications",9,10/01/2024,09/30/2025
MI,H_MED_FOR_U_P,"Patients who reported that when receiving new medication the staff ""Usually"" communicated what the medication was for.","Staff ""usually"" explained new medications",16,10/01/2024,09/30/2025
MI,H_SIDE_EFFECTS_A_P,"Patients who reported that when receiving new medication the staff ""Always"" discussed possible side effects","Staff ""always"" explained possible side effects",47,10/01/2024,09/30/2025
MI,H_SIDE_EFFECTS_SN_P,"Patients who reported that when receiving new medication the staff ""Sometimes"" or ""Never"" discussed possible side effects","Staff ""sometimes"" or ""never"" explained possible side effects",30,10/01/2024,09/30/2025
MI,H_SIDE_EFFECTS_U_P,"Patients who reported that when receiving new medication the staff ""Usually"" discussed possible side effects","Staff ""usually"" explained possible side effects",23,10/01/2024,09/30/2025
MI,H_COMP_6_N_P,"Patients who reported that NO, they were not given information about what to do during their recovery at home","No, staff ""did not"" give patients this information",13,10/01/2024,09/30/2025
MI,H_COMP_6_Y_P,"Patients who reported that YES, they were given information about what to do during their recovery at home","Yes, staff ""did"" give patients this information",87,10/01/2024,09/30/2025
MI,H_DISCH_HELP_N_P,"Patients who reported that NO, they did not discuss whether they would need help after discharge","No, staff ""did not"" give patients information about help after discharge",14,10/01/2024,09/30/2025
MI,H_DISCH_HELP_Y_P,"Patients who reported that YES, they did discuss whether they would need help after discharge","Yes, staff ""did"" give patients information about help after discharge",86,10/01/2024,09/30/2025
MI,H_SYMPTOMS_N_P,"Patients who reported that NO, they did not receive written information about possible symptoms to look out for after discharge","No, staff ""did not"" give patients information about possible symptoms",12,10/01/2024,09/30/2025
MI,H_SYMPTOMS_Y_P,"Patients who reported that YES, they did receive written information about possible symptoms to look out for after discharge","Yes, staff ""did"" give patients information about possible symptoms",88,10/01/2024,09/30/2025
MI,H_CLEAN_HSP_A_P,"Patients who reported that their room and bathroom were ""Always"" clean","Room was ""always"" clean",69,10/01/2024,09/30/2025
MI,H_CLEAN_HSP_SN_P,"Patients who reported that their room and bathroom were ""Sometimes"" or ""Never"" clean","Room was ""sometimes"" or ""never"" clean",11,10/01/2024,09/30/2025
MI,H_CLEAN_HSP_U_P,"Patients who reported that their room and bathroom were ""Usually"" clean","Room was ""usually"" clean",20,10/01/2024,09/30/2025
MI,H_QUIET_HSP_A_P,"Patients who reported that the area around their room was ""Always"" quiet at night","""Always"" quiet at night",57,10/01/2024,09/30/2025
MI,H_QUIET_HSP_SN_P,"Patients who reported that the area around their room was ""Sometimes"" or ""Never"" quiet at night","""Sometimes"" or ""never"" quiet at night",11,10/01/2024,09/30/2025
MI,H_QUIET_HSP_U_P,"Patients who reported that the area around their room was ""Usually"" quiet at night","""Usually"" quiet at night",32,10/01/2024,09/30/2025
MI,H_HSP_RATING_0_6,Patients who gave their hospital a rating of 6 or lower on a scale from 0 (lowest) to 10 (highest),"Patients who gave a rating of ""6"" or lower (low)",9,10/01/2024,09/30/2025
MI,H_HSP_RATING_7_8,Patients who gave their hospital a rating of 7 or 8 on a scale from 0 (lowest) to 10 (highest),"Patients who gave a rating of ""7"" or ""8"" (medium)",22,10/01/2024,09/30/2025
MI,H_HSP_RATING_9_10,Patients who gave their hospital a rating of 9 or 10 on a scale from 0 (lowest) to 10 (highest),"Patients who gave a rating of ""9"" or ""10"" (high)",69,10/01/2024,09/30/2025
MI,H_RECMND_DN,"Patients who reported NO, they would probably not or definitely not recommend the hospital","""NO"", patients would not recommend the hospital (they probably would not or definitely would not recommend it)",6,10/01/2024,09/30/2025
MI,H_RECMND_DY,"Patients who reported YES, they would definitely recommend the hospital","""YES"", patients would definitely recommend the hospital",69,10/01/2024,09/30/2025
MI,H_RECMND_PY,"Patients who reported YES, they would probably recommend the hospital","""YES"", patients would probably recommend the hospital",25,10/01/2024,09/30/2025
MN,H_COMP_1_A_P,"Patients who reported that their nurses ""Always"" communicated well","Nurses ""always"" communicated well",82,10/01/2024,09/30/2025
MN,H_COMP_1_SN_P,"Patients who reported that their nurses ""Sometimes"" or ""Never"" communicated well","Nurses ""sometimes"" or ""never"" communicated well",3,10/01/2024,09/30/2025
MN,H_COMP_1_U_P,"Patients who reported that their nurses ""Usually"" communicated well","Nurses ""usually"" communicated well",15,10/01/2024,09/30/2025
MN,H_NURSE_RESPECT_A_P,"Patients who reported that their nurses ""Always"" treated them with courtesy and respect","Nurses ""always"" treated them with courtesy and  respect",89,10/01/2024,09/30/2025
MN,H_NURSE_RESPECT_SN_P,"Patients who reported that their nurses ""Sometimes"" or ""Never""  treated them with courtesy and respect","Nurses ""sometimes"" or ""never"" treated them with courtesy and  respect",2,10/01/2024,09/30/2025
MN,H_NURSE_RESPECT_U_P,"Patients who reported that their nurses ""Usually""  treated them with courtesy and respect","Nurses ""usually""  treated them with courtesy and  respect",9,10/01/2024,09/30/2025
MN,H_NURSE_LISTEN_A_P,"Patients who reported that their nurses ""Always"" listened carefully to them","Nurses ""always"" listened carefully",80,10/01/2024,09/30/2025
MN,H_NURSE_LISTEN_SN_P,"Patients who reported that their nurses ""Sometimes"" or ""Never"" listened carefully to them","Nurses ""sometimes"" or ""never"" listened carefully",3,10/01/2024,09/30/2025
MN,H_NURSE_LISTEN_U_P,"Patients who reported that their nurses ""Usually"" listened carefully to them","Nurses ""usually"" listened carefully",17,10/01/2024,09/30/2025
MN,H_NURSE_EXPLAIN_A_P,"Patients who reported that their nurses ""Always"" explained things in a way they could understand","Nurses ""always"" explained things so they could understand",77,10/01/2024,09/30/2025
MN,H_NURSE_EXPLAIN_SN_P,"Patients who reported that their nurses ""Sometimes"" or ""Never"" explained things in a way they could understand","Nurses ""sometimes"" or ""never"" explained things so they could understand",4,10/01/2024,09/30/2025
MN,H_NURSE_EXPLAIN_U_P,"Patients who reported that their nurses ""Usually"" explained things in a way they could understand","Nurses ""usually"" explained things so they could understand",19,10/01/2024,09/30/2025
MN,H_COMP_2_A_P,"Patients who reported that their doctors ""Always"" communicated well","Doctors ""always"" communicated well",82,10/01/2024,09/30/2025
MN,H_COMP_2_SN_P,"Patients who reported that their doctors ""Sometimes"" or ""Never"" communicated well","Doctors ""sometimes"" or ""never"" communicated well",4,10/01/2024,09/30/2025
MN,H_COMP_2_U_P,"Patients who reported that their doctors ""Usually"" communicated well","Doctors ""usually"" communicated well",14,10/01/2024,09/30/2025
MN,H_DOCTOR_RESPECT_A_P,"Patients who reported that their doctors ""Always"" treated them with courtesy and respect","Doctors ""always"" treated them with courtesy and  respect",88,10/01/2024,09/30/2025
MN,H_DOCTOR_RESPECT_SN_P,"Patients who reported that their doctors ""Sometimes"" or ""Never""  treated them with courtesy and respect","Doctors ""sometimes"" or ""never"" treated them with courtesy and  respect",3,10/01/2024,09/30/2025
MN,H_DOCTOR_RESPECT_U_P,"Patients who reported that their doctors ""Usually""  treated them with courtesy and respect","Doctors ""usually""  treated them with courtesy and  respect",9,10/01/2024,09/30/2025
MN,H_DOCTOR_LISTEN_A_P,"Patients who reported that their doctors ""Always"" listened carefully to them","Doctors ""always"" listened carefully",82,10/01/2024,09/30/2025
MN,H_DOCTOR_LISTEN_SN_P,"Patients who reported that their doctors ""Sometimes"" or ""Never"" listened carefully to them","Doctors ""sometimes"" or ""never"" listened carefully",4,10/01/2024,09/30/2025
MN,H_DOCTOR_LISTEN_U_P,"Patients who reported that their doctors ""Usually"" listened carefully to them","Doctors ""usually"" listened carefully",14,10/01/2024,09/30/2025
MN,H_DOCTOR_EXPLAIN_A_P,"Patients who reported that their doctors ""Always"" explained things in a way they could understand","Doctors ""always"" explained things so they could understand",77,10/01/2024,09/30/2025
MN,H_DOCTOR_EXPLAIN_SN_P,"Patients who reported that their doctors ""Sometimes"" or ""Never"" explained things in a way they could understand","Doctors ""sometimes"" or ""never"" explained things so they could understand",5,10/01/2024,09/30/2025
MN,H_DOCTOR_EXPLAIN_U_P,"Patients who reported that their doctors ""Usually"" explained things in a way they could understand","Doctors ""usually"" explained things so they could understand",18,10/01/2024,09/30/2025
MN,H_COMP_5_A_P,"Patients who reported that staff ""Always"" explained about medicines before giving it to them","Staff ""always"" explained",65,10/01/2024,09/30/2025
MN,H_COMP_5_SN_P,"Patients who reported that staff ""Sometimes"" or ""Never"" explained about medicines before giving it to them","Staff ""sometimes"" or ""never"" explained",16,10/01/2024,09/30/2025
MN,H_COMP_5_U_P,"Patients who reported that staff ""Usually"" explained about medicines before giving it to them","Staff ""usually"" explained",19,10/01/2024,09/30/2025
MN,H_MED_FOR_A_P,"Patients who reported that when receiving new medication the staff ""Always"" communicated what the medication was for","Staff ""always"" explained new medications",78,10/01/2024,09/30/2025
MN,H_MED_FOR_SN_P,"Patients who reported that when receiving new medication the staff ""Sometimes"" or ""Never"" communicated what the medication was for","Staff ""sometimes"" or ""never"" explained new medications",7,10/01/2024,09/30/2025
MN,H_MED_FOR_U_P,"Patients who reported that when receiving new medication the staff ""Usually"" communicated what the medication was for.","Staff ""usually"" explained new medications",15,10/01/2024,09/30/2025
MN,H_SIDE_EFFECTS_A_P,"Patients who reported that when receiving new medication the staff ""Always"" discussed possible side effects","Staff ""always"" explained possible side effects",51,10/01/2024,09/30/2025
MN,H_SIDE_EFFECTS_SN_P,"Patients who reported that when receiving new medication the staff ""Sometimes"" or ""Never"" discussed possible side effects","Staff ""sometimes"" or ""never"" explained possible side effects",24,10/01/2024,09/30/2025
MN,H_SIDE_EFFECTS_U_P,"Patients who reported that when receiving new medication the staff ""Usually"" discussed possible side effects","Staff ""usually"" explained possible side effects",25,10/01/2024,09/30/2025
MN,H_COMP_6_N_P,"Patients who reported that NO, they were not given information about what to do during their recovery at home","No, staff ""did not"" give patients this information",11,10/01/2024,09/30/2025
MN,H_COMP_6_Y_P,"Patients who reported that YES, they were given information about what to do during their recovery at home","Yes, staff ""did"" give patients this information",89,10/01/2024,09/30/2025
MN,H_DISCH_HELP_N_P,"Patients who reported that NO, they did not discuss whether they would need help after discharge","No, staff ""did not"" give patients information about help after discharge",11,10/01/2024,09/30/2025
MN,H_DISCH_HELP_Y_P,"Patients who reported that YES, they did discuss whether they would need help after discharge","Yes, staff ""did"" give patients information about help after discharge",89,10/01/2024,09/30/2025
MN,H_SYMPTOMS_N_P,"Patients who reported that NO, they did not receive written information about possible symptoms to look out for after discharge","No, staff ""did not"" give patients information about possible symptoms",12,10/01/2024,09/30/2025
MN,H_SYMPTOMS_Y_P,"Patients who reported that YES, they did receive written information about possible symptoms to look out for after discharge","Yes, staff ""did"" give patients information about possible symptoms",88,10/01/2024,09/30/2025
MN,H_CLEAN_HSP_A_P,"Patients who reported that their room and bathroom were ""Always"" clean","Room was ""always"" clean",75,10/01/2024,09/30/2025
MN,H_CLEAN_HSP_SN_P,"Patients who reported that their room and bathroom were ""Sometimes"" or ""Never"" clean","Room was ""sometimes"" or ""never"" clean",8,10/01/2024,09/30/2025
MN,H_CLEAN_HSP_U_P,"Patients who reported that their room and bathroom were ""Usually"" clean","Room was ""usually"" clean",17,10/01/2024,09/30/2025
MN,H_QUIET_HSP_A_P,"Patients who reported that the area around their room was ""Always"" quiet at night","""Always"" quiet at night",66,10/01/2024,09/30/2025
MN,H_QUIET_HSP_SN_P,"Patients who reported that the area around their room was ""Sometimes"" or ""Never"" quiet at night","""Sometimes"" or ""never"" quiet at night",6,10/01/2024,09/30/2025
MN,H_QUIET_HSP_U_P,"Patients who reported that the area around their room was ""Usually"" quiet at night","""Usually"" quiet at night",28,10/01/2024,09/30/2025
MN,H_HSP_RATING_0_6,Patients who gave their hospital a rating of 6 or lower on a scale from 0 (lowest) to 10 (highest),"Patients who gave a rating of ""6"" or lower (low)",6,10/01/2024,09/30/2025
MN,H_HSP_RATING_7_8,Patients who gave their hospital a rating of 7 or 8 on a scale from 0 (lowest) to 10 (highest),"Patients who gave a rating of ""7"" or ""8"" (medium)",19,10/01/2024,09/30/2025
MN,H_HSP_RATING_9_10,Patients who gave their hospital a rating of 9 or 10 on a scale from 0 (lowest) to 10 (highest),"Patients who gave a rating of ""9"" or ""10"" (high)",75,10/01/2024,09/30/2025
MN,H_RECMND_DN,"Patients who reported NO, they would probably not or definitely not recommend the hospital","""NO"", patients would not recommend the hospital (they probably would not or definitely would not recommend it)",4,10/01/2024,09/30/2025
MN,H_RECMND_DY,"Patients who reported YES, they would definitely recommend the hospital","""YES"", patients would definitely recommend the hospital",74,10/01/2024,09/30/2025
MN,H_RECMND_PY,"Patients who reported YES, they would probably recommend the hospital","""YES"", patients would probably recommend the hospital",22,10/01/2024,09/30/2025
MO,H_COMP_1_A_P,"Patients who reported that their nurses ""Always"" communicated well","Nurses ""always"" communicated well",79,10/01/2024,09/30/2025
MO,H_COMP_1_SN_P,"Patients who reported that their nurses ""Sometimes"" or ""Never"" communicated well","Nurses ""sometimes"" or ""never"" communicated well",4,10/01/2024,09/30/2025
MO,H_COMP_1_U_P,"Patients who reported that their nurses ""Usually"" communicated well","Nurses ""usually"" communicated well",17,10/01/2024,09/30/2025
MO,H_NURSE_RESPECT_A_P,"Patients who reported that their nurses ""Always"" treated them with courtesy and respect","Nurses ""always"" treated them with courtesy and  respect",86,10/01/2024,09/30/2025
MO,H_NURSE_RESPECT_SN_P,"Patients who reported that their nurses ""Sometimes"" or ""Never""  treated them with courtesy and respect","Nurses ""sometimes"" or ""never"" treated them with courtesy and  respect",2,10/01/2024,09/30/2025
MO,H_NURSE_RESPECT_U_P,"Patients who reported that their nurses ""Usually""  treated them with courtesy and respect","Nurses ""usually""  treated them with courtesy and  respect",12,10/01/2024,09/30/2025
MO,H_NURSE_LISTEN_A_P,"Patients who reported that their nurses ""Always"" listened carefully to them","Nurses ""always"" listened carefully",77,10/01/2024,09/30/2025
MO,H_NURSE_LISTEN_SN_P,"Patients who reported that their nurses ""Sometimes"" or ""Never"" listened carefully to them","Nurses ""sometimes"" or ""never"" listened carefully",4,10/01/2024,09/30/2025
MO,H_NURSE_LISTEN_U_P,"Patients who reported that their nurses ""Usually"" listened carefully to them","Nurses ""usually"" listened carefully",19,10/01/2024,09/30/2025
MO,H_NURSE_EXPLAIN_A_P,"Patients who reported that their nurses ""Always"" explained things in a way they could understand","Nurses ""always"" explained things so they could understand",75,10/01/2024,09/30/2025
MO,H_NURSE_EXPLAIN_SN_P,"Patients who reported that their nurses ""Sometimes"" or ""Never"" explained things in a way they could understand","Nurses ""sometimes"" or ""never"" explained things so they could understand",5,10/01/2024,09/30/2025
MO,H_NURSE_EXPLAIN_U_P,"Patients who reported that their nurses ""Usually"" explained things in a way they could understand","Nurses ""usually"" explained things so they could understand",20,10/01/2024,09/30/2025
MO,H_COMP_2_A_P,"Patients who reported that their doctors ""Always"" communicated well","Doctors ""always"" communicated well",79,10/01/2024,09/30/2025
MO,H_COMP_2_SN_P,"Patients who reported that their doctors ""Sometimes"" or ""Never"" communicated well","Doctors ""sometimes"" or ""never"" communicated well",5,10/01/2024,09/30/2025
MO,H_COMP_2_U_P,"Patients who reported that their doctors ""Usually"" communicated well","Doctors ""usually"" communicated well",16,10/01/2024,09/30/2025
MO,H_DOCTOR_RESPECT_A_P,"Patients who reported that their doctors ""Always"" treated them with courtesy and respect","Doctors ""always"" treated them with courtesy and  respect",86,10/01/2024,09/30/2025
MO,H_DOCTOR_RESPECT_SN_P,"Patients who reported that their doctors ""Sometimes"" or ""Never""  treated them with courtesy and respect","Doctors ""sometimes"" or ""never"" treated them with courtesy and  respect",3,10/01/2024,09/30/2025
MO,H_DOCTOR_RESPECT_U_P,"Patients who reported that their doctors ""Usually""  treated them with courtesy and respect","Doctors ""usually""  treated them with courtesy and  respect",11,10/01/2024,09/30/2025
MO,H_DOCTOR_LISTEN_A_P,"Patients who reported that their doctors ""Always"" listened carefully to them","Doctors ""always"" listened carefully",78,10/01/2024,09/30/2025
MO,H_DOCTOR_LISTEN_SN_P,"Patients who reported that their doctors ""Sometimes"" or ""Never"" listened carefully to them","Doctors ""sometimes"" or ""never"" listened carefully",6,10/01/2024,09/30/2025
MO,H_DOCTOR_LISTEN_U_P,"Patients who reported that their doctors ""Usually"" listened carefully to them","Doctors ""usually"" listened carefully",16,10/01/2024,09/30/2025
MO,H_DOCTOR_EXPLAIN_A_P,"Patients who reported that their doctors ""Always"" explained things in a way they could understand","Doctors ""always"" explained things so they could understand",74,10/01/2024,09/30/2025
MO,H_DOCTOR_EXPLAIN_SN_P,"Patients who reported that their doctors ""Sometimes"" or ""Never"" explained things in a way they could understand","Doctors ""sometimes"" or ""never"" explained things so they could understand",6,10/01/2024,09/30/2025
MO,H_DOCTOR_EXPLAIN_U_P,"Patients who reported that their doctors ""Usually"" explained things in a way they could understand","Doctors ""usually"" explained things so they could understand",20,10/01/2024,09/30/2025
MO,H_COMP_5_A_P,"Patients who reported that staff ""Always"" explained about medicines before giving it to them","Staff ""always"" explained",61,10/01/2024,09/30/2025
MO,H_COMP_5_SN_P,"Patients who reported that staff ""Sometimes"" or ""Never"" explained about medicines before giving it to them","Staff ""sometimes"" or ""never"" explained",19,10/01/2024,09/30/2025
MO,H_COMP_5_U_P,"Patients who reported that staff ""Usually"" explained about medicines before giving it to them","Staff ""usually"" explained",20,10/01/2024,09/30/2025
MO,H_MED_FOR_A_P,"Patients who reported that when receiving new medication the staff ""Always"" communicated what the medication was for","Staff ""always"" explained new medications",74,10/01/2024,09/30/2025
MO,H_MED_FOR_SN_P,"Patients who reported that when receiving new medication the staff ""Sometimes"" or ""Never"" communicated what the medication was for","Staff ""sometimes"" or ""never"" explained new medications",10,10/01/2024,09/30/2025
MO,H_MED_FOR_U_P,"Patients who reported that when receiving new medication the staff ""Usually"" communicated what the medication was for.","Staff ""usually"" explained new medications",16,10/01/2024,09/30/2025
MO,H_SIDE_EFFECTS_A_P,"Patients who reported that when receiving new medication the staff ""Always"" discussed possible side effects","Staff ""always"" explained possible side effects",48,10/01/2024,09/30/2025
MO,H_SIDE_EFFECTS_SN_P,"Patients who reported that when receiving new medication the staff ""Sometimes"" or ""Never"" discussed possible side effects","Staff ""sometimes"" or ""never"" explained possible side effects",29,10/01/2024,09/30/2025
MO,H_SIDE_EFFECTS_U_P,"Patients who reported that when receiving new medication the staff ""Usually"" discussed possible side effects","Staff ""usually"" explained possible side effects",23,10/01/2024,09/30/2025
MO,H_COMP_6_N_P,"Patients who reported that NO, they were not given information about what to do during their recovery at home","No, staff ""did not"" give patients this information",13,10/01/2024,09/30/2025
MO,H_COMP_6_Y_P,"Patients who reported that YES, they were given information about what to do during their recovery at home","Yes, staff ""did"" give patients this information",87,10/01/2024,09/30/2025
MO,H_DISCH_HELP_N_P,"Patients who reported that NO, they did not discuss whether they would need help after discharge","No, staff ""did not"" give patients information about help after discharge",15,10/01/2024,09/30/2025
MO,H_DISCH_HELP_Y_P,"Patients who reported that YES, they did discuss whether they would need help after discharge","Yes, staff ""did"" give patients information about help after discharge",85,10/01/2024,09/30/2025
MO,H_SYMPTOMS_N_P,"Patients who reported that NO, they did not receive written information about possible symptoms to look out for after discharge","No, staff ""did not"" give patients information about possible symptoms",12,10/01/2024,09/30/2025
MO,H_SYMPTOMS_Y_P,"Patients who reported that YES, they did receive written information about possible symptoms to look out for after discharge","Yes, staff ""did"" give patients information about possible symptoms",88,10/01/2024,09/30/2025
MO,H_CLEAN_HSP_A_P,"Patients who reported that their room and bathroom were ""Always"" clean","Room was ""always"" clean",73,10/01/2024,09/30/2025
MO,H_CLEAN_HSP_SN_P,"Patients who reported that their room and bathroom were ""Sometimes"" or ""Never"" clean","Room was ""sometimes"" or ""never"" clean",9,10/01/2024,09/30/2025
MO,H_CLEAN_HSP_U_P,"Patients who reported that their room and bathroom were ""Usually"" clean","Room was ""usually"" clean",18,10/01/2024,09/30/2025
MO,H_QUIET_HSP_A_P,"Patients who reported that the area around their room was ""Always"" quiet at night","""Always"" quiet at night",61,10/01/2024,09/30/2025
MO,H_QUIET_HSP_SN_P,"Patients who reported that the area around their room was ""Sometimes"" or ""Never"" quiet at night","""Sometimes"" or ""never"" quiet at night",8,10/01/2024,09/30/2025
MO,H_QUIET_HSP_U_P,"Patients who reported that the area around their room was ""Usually"" quiet at night","""Usually"" quiet at night",31,10/01/2024,09/30/2025
MO,H_HSP_RATING_0_6,Patients who gave their hospital a rating of 6 or lower on a scale from 0 (lowest) to 10 (highest),"Patients who gave a rating of ""6"" or lower (low)",7,10/01/2024,09/30/2025
MO,H_HSP_RATING_7_8,Patients who gave their hospital a rating of 7 or 8 on a scale from 0 (lowest) to 10 (highest),"Patients who gave a rating of ""7"" or ""8"" (medium)",21,10/01/2024,09/30/2025
MO,H_HSP_RATING_9_10,Patients who gave their hospital a rating of 9 or 10 on a scale from 0 (lowest) to 10 (highest),"Patients who gave a rating of ""9"" or ""10"" (high)",72,10/01/2024,09/30/2025
MO,H_RECMND_DN,"Patients who reported NO, they would probably not or definitely not recommend the hospital","""NO"", patients would not recommend the hospital (they probably would not or definitely would not recommend it)",6,10/01/2024,09/30/2025
MO,H_RECMND_DY,"Patients who reported YES, they would definitely recommend the hospital","""YES"", patients would definitely recommend the hospital",71,10/01/2024,09/30/2025
MO,H_RECMND_PY,"Patients who reported YES, they would probably recommend the hospital","""YES"", patients would probably recommend the hospital",23,10/01/2024,09/30/2025
MP,H_COMP_1_A_P,"Patients who reported that their nurses ""Always"" communicated well","Nurses ""always"" communicated well",Not Available,10/01/2024,09/30/2025
MP,H_COMP_1_SN_P,"Patients who reported that their nurses ""Sometimes"" or ""Never"" communicated well","Nurses ""sometimes"" or ""never"" communicated well",Not Available,10/01/2024,09/30/2025
MP,H_COMP_1_U_P,"Patients who reported that their nurses ""Usually"" communicated well","Nurses ""usually"" communicated well",Not Available,10/01/2024,09/30/2025
MP,H_NURSE_RESPECT_A_P,"Patients who reported that their nurses ""Always"" treated them with courtesy and respect","Nurses ""always"" treated them with courtesy and  respect",Not Available,10/01/2024,09/30/2025
MP,H_NURSE_RESPECT_SN_P,"Patients who reported that their nurses ""Sometimes"" or ""Never""  treated them with courtesy and respect","Nurses ""sometimes"" or ""never"" treated them with courtesy and  respect",Not Available,10/01/2024,09/30/2025
MP,H_NURSE_RESPECT_U_P,"Patients who reported that their nurses ""Usually""  treated them with courtesy and respect","Nurses ""usually""  treated them with courtesy and  respect",Not Available,10/01/2024,09/30/2025
MP,H_NURSE_LISTEN_A_P,"Patients who reported that their nurses ""Always"" listened carefully to them","Nurses ""always"" listened carefully",Not Available,10/01/2024,09/30/2025
MP,H_NURSE_LISTEN_SN_P,"Patients who reported that their nurses ""Sometimes"" or ""Never"" listened carefully to them","Nurses ""sometimes"" or ""never"" listened carefully",Not Available,10/01/2024,09/30/2025
MP,H_NURSE_LISTEN_U_P,"Patients who reported that their nurses ""Usually"" listened carefully to them","Nurses ""usually"" listened carefully",Not Available,10/01/2024,09/30/2025
MP,H_NURSE_EXPLAIN_A_P,"Patients who reported that their nurses ""Always"" explained things in a way they could understand","Nurses ""always"" explained things so they could understand",Not Available,10/01/2024,09/30/2025
MP,H_NURSE_EXPLAIN_SN_P,"Patients who reported that their nurses ""Sometimes"" or ""Never"" explained things in a way they could understand","Nurses ""sometimes"" or ""never"" explained things so they could understand",Not Available,10/01/2024,09/30/2025
MP,H_NURSE_EXPLAIN_U_P,"Patients who reported that their nurses ""Usually"" explained things in a way they could understand","Nurses ""usually"" explained things so they could understand",Not Available,10/01/2024,09/30/2025
MP,H_COMP_2_A_P,"Patients who reported that their doctors ""Always"" communicated well","Doctors ""always"" communicated well",Not Available,10/01/2024,09/30/2025
MP,H_COMP_2_SN_P,"Patients who reported that their doctors ""Sometimes"" or ""Never"" communicated well","Doctors ""sometimes"" or ""never"" communicated well",Not Available,10/01/2024,09/30/2025
MP,H_COMP_2_U_P,"Patients who reported that their doctors ""Usually"" communicated well","Doctors ""usually"" communicated well",Not Available,10/01/2024,09/30/2025
MP,H_DOCTOR_RESPECT_A_P,"Patients who reported that their doctors ""Always"" treated them with courtesy and respect","Doctors ""always"" treated them with courtesy and  respect",Not Available,10/01/2024,09/30/2025
MP,H_DOCTOR_RESPECT_SN_P,"Patients who reported that their doctors ""Sometimes"" or ""Never""  treated them with courtesy and respect","Doctors ""sometimes"" or ""never"" treated them with courtesy and  respect",Not Available,10/01/2024,09/30/2025
MP,H_DOCTOR_RESPECT_U_P,"Patients who reported that their doctors ""Usually""  treated them with courtesy and respect","Doctors ""usually""  treated them with courtesy and  respect",Not Available,10/01/2024,09/30/2025
MP,H_DOCTOR_LISTEN_A_P,"Patients who reported that their doctors ""Always"" listened carefully to them","Doctors ""always"" listened carefully",Not Available,10/01/2024,09/30/2025
MP,H_DOCTOR_LISTEN_SN_P,"Patients who reported that their doctors ""Sometimes"" or ""Never"" listened carefully to them","Doctors ""sometimes"" or ""never"" listened carefully",Not Available,10/01/2024,09/30/2025
MP,H_DOCTOR_LISTEN_U_P,"Patients who reported that their doctors ""Usually"" listened carefully to them","Doctors ""usually"" listened carefully",Not Available,10/01/2024,09/30/2025
MP,H_DOCTOR_EXPLAIN_A_P,"Patients who reported that their doctors ""Always"" explained things in a way they could understand","Doctors ""always"" explained things so they could understand",Not Available,10/01/2024,09/30/2025
MP,H_DOCTOR_EXPLAIN_SN_P,"Patients who reported that their doctors ""Sometimes"" or ""Never"" explained things in a way they could understand","Doctors ""sometimes"" or ""never"" explained things so they could understand",Not Available,10/01/2024,09/30/2025
MP,H_DOCTOR_EXPLAIN_U_P,"Patients who reported that their doctors ""Usually"" explained things in a way they could understand","Doctors ""usually"" explained things so they could understand",Not Available,10/01/2024,09/30/2025
MP,H_COMP_5_A_P,"Patients who reported that staff ""Always"" explained about medicines before giving it to them","Staff ""always"" explained",Not Available,10/01/2024,09/30/2025
MP,H_COMP_5_SN_P,"Patients who reported that staff ""Sometimes"" or ""Never"" explained about medicines before giving it to them","Staff ""sometimes"" or ""never"" explained",Not Available,10/01/2024,09/30/2025
MP,H_COMP_5_U_P,"Patients who reported that staff ""Usually"" explained about medicines before giving it to them","Staff ""usually"" explained",Not Available,10/01/2024,09/30/2025
MP,H_MED_FOR_A_P,"Patients who reported that when receiving new medication the staff ""Always"" communicated what the medication was for","Staff ""always"" explained new medications",Not Available,10/01/2024,09/30/2025
MP,H_MED_FOR_SN_P,"Patients who reported that when receiving new medication the staff ""Sometimes"" or ""Never"" communicated what the medication was for","Staff ""sometimes"" or ""never"" explained new medications",Not Available,10/01/2024,09/30/2025
MP,H_MED_FOR_U_P,"Patients who reported that when receiving new medication the staff ""Usually"" communicated what the medication was for.","Staff ""usually"" explained new medications",Not Available,10/01/2024,09/30/2025
MP,H_SIDE_EFFECTS_A_P,"Patients who reported that when receiving new medication the staff ""Always"" discussed possible side effects","Staff ""always"" explained possible side effects",Not Available,10/01/2024,09/30/2025
MP,H_SIDE_EFFECTS_SN_P,"Patients who reported that when receiving new medication the staff ""Sometimes"" or ""Never"" discussed possible side effects","Staff ""sometimes"" or ""never"" explained possible side effects",Not Available,10/01/2024,09/30/2025
MP,H_SIDE_EFFECTS_U_P,"Patients who reported that when receiving new medication the staff ""Usually"" discussed possible side effects","Staff ""usually"" explained possible side effects",Not Available,10/01/2024,09/30/2025
MP,H_COMP_6_N_P,"Patients who reported that NO, they were not given information about what to do during their recovery at home","No, staff ""did not"" give patients this information",Not Available,10/01/2024,09/30/2025
MP,H_COMP_6_Y_P,"Patients who reported that YES, they were given information about what to do during their recovery at home","Yes, staff ""did"" give patients this information",Not Available,10/01/2024,09/30/2025
MP,H_DISCH_HELP_N_P,"Patients who reported that NO, they did not discuss whether they would need help after discharge","No, staff ""did not"" give patients information about help after discharge",Not Available,10/01/2024,09/30/2025
MP,H_DISCH_HELP_Y_P,"Patients who reported that YES, they did discuss whether they would need help after discharge","Yes, staff ""did"" give patients information about help after discharge",Not Available,10/01/2024,09/30/2025
MP,H_SYMPTOMS_N_P,"Patients who reported that NO, they did not receive written information about possible symptoms to look out for after discharge","No, staff ""did not"" give patients information about possible symptoms",Not Available,10/01/2024,09/30/2025
MP,H_SYMPTOMS_Y_P,"Patients who reported that YES, they did receive written information about possible symptoms to look out for after discharge","Yes, staff ""did"" give patients information about possible symptoms",Not Available,10/01/2024,09/30/2025
MP,H_CLEAN_HSP_A_P,"Patients who reported that their room and bathroom were ""Always"" clean","Room was ""always"" clean",Not Available,10/01/2024,09/30/2025
MP,H_CLEAN_HSP_SN_P,"Patients who reported that their room and bathroom were ""Sometimes"" or ""Never"" clean","Room was ""sometimes"" or ""never"" clean",Not Available,10/01/2024,09/30/2025
MP,H_CLEAN_HSP_U_P,"Patients who reported that their room and bathroom were ""Usually"" clean","Room was ""usually"" clean",Not Available,10/01/2024,09/30/2025
MP,H_QUIET_HSP_A_P,"Patients who reported that the area around their room was ""Always"" quiet at night","""Always"" quiet at night",Not Available,10/01/2024,09/30/2025
MP,H_QUIET_HSP_SN_P,"Patients who reported that the area around their room was ""Sometimes"" or ""Never"" quiet at night","""Sometimes"" or ""never"" quiet at night",Not Available,10/01/2024,09/30/2025
MP,H_QUIET_HSP_U_P,"Patients who reported that the area around their room was ""Usually"" quiet at night","""Usually"" quiet at night",Not Available,10/01/2024,09/30/2025
MP,H_HSP_RATING_0_6,Patients who gave their hospital a rating of 6 or lower on a scale from 0 (lowest) to 10 (highest),"Patients who gave a rating of ""6"" or lower (low)",Not Available,10/01/2024,09/30/2025
MP,H_HSP_RATING_7_8,Patients who gave their hospital a rating of 7 or 8 on a scale from 0 (lowest) to 10 (highest),"Patients who gave a rating of ""7"" or ""8"" (medium)",Not Available,10/01/2024,09/30/2025
MP,H_HSP_RATING_9_10,Patients who gave their hospital a rating of 9 or 10 on a scale from 0 (lowest) to 10 (highest),"Patients who gave a rating of ""9"" or ""10"" (high)",Not Available,10/01/2024,09/30/2025
MP,H_RECMND_DN,"Patients who reported NO, they would probably not or definitely not recommend the hospital","""NO"", patients would not recommend the hospital (they probably would not or definitely would not recommend it)",Not Available,10/01/2024,09/30/2025
MP,H_RECMND_DY,"Patients who reported YES, they would definitely recommend the hospital","""YES"", patients would definitely recommend the hospital",Not Available,10/01/2024,09/30/2025
MP,H_RECMND_PY,"Patients who reported YES, they would probably recommend the hospital","""YES"", patients would probably recommend the hospital",Not Available,10/01/2024,09/30/2025
MS,H_COMP_1_A_P,"Patients who reported that their nurses ""Always"" communicated well","Nurses ""always"" communicated well",83,10/01/2024,09/30/2025
MS,H_COMP_1_SN_P,"Patients who reported that their nurses ""Sometimes"" or ""Never"" communicated well","Nurses ""sometimes"" or ""never"" communicated well",4,10/01/2024,09/30/2025
MS,H_COMP_1_U_P,"Patients who reported that their nurses ""Usually"" communicated well","Nurses ""usually"" communicated well",13,10/01/2024,09/30/2025
MS,H_NURSE_RESPECT_A_P,"Patients who reported that their nurses ""Always"" treated them with courtesy and respect","Nurses ""always"" treated them with courtesy and  respect",88,10/01/2024,09/30/2025
MS,H_NURSE_RESPECT_SN_P,"Patients who reported that their nurses ""Sometimes"" or ""Never""  treated them with courtesy and respect","Nurses ""sometimes"" or ""never"" treated them with courtesy and  respect",3,10/01/2024,09/30/2025
MS,H_NURSE_RESPECT_U_P,"Patients who reported that their nurses ""Usually""  treated them with courtesy and respect","Nurses ""usually""  treated them with courtesy and  respect",9,10/01/2024,09/30/2025
MS,H_NURSE_LISTEN_A_P,"Patients who reported that their nurses ""Always"" listened carefully to them","Nurses ""always"" listened carefully",81,10/01/2024,09/30/2025
MS,H_NURSE_LISTEN_SN_P,"Patients who reported that their nurses ""Sometimes"" or ""Never"" listened carefully to them","Nurses ""sometimes"" or ""never"" listened carefully",5,10/01/2024,09/30/2025
MS,H_NURSE_LISTEN_U_P,"Patients who reported that their nurses ""Usually"" listened carefully to them","Nurses ""usually"" listened carefully",14,10/01/2024,09/30/2025
MS,H_NURSE_EXPLAIN_A_P,"Patients who reported that their nurses ""Always"" explained things in a way they could understand","Nurses ""always"" explained things so they could understand",79,10/01/2024,09/30/2025
MS,H_NURSE_EXPLAIN_SN_P,"Patients who reported that their nurses ""Sometimes"" or ""Never"" explained things in a way they could understand","Nurses ""sometimes"" or ""never"" explained things so they could understand",5,10/01/2024,09/30/2025
MS,H_NURSE_EXPLAIN_U_P,"Patients who reported that their nurses ""Usually"" explained things in a way they could understand","Nurses ""usually"" explained things so they could understand",16,10/01/2024,09/30/2025
MS,H_COMP_2_A_P,"Patients who reported that their doctors ""Always"" communicated well","Doctors ""always"" communicated well",84,10/01/2024,09/30/2025
MS,H_COMP_2_SN_P,"Patients who reported that their doctors ""Sometimes"" or ""Never"" communicated well","Doctors ""sometimes"" or ""never"" communicated well",4,10/01/2024,09/30/2025
MS,H_COMP_2_U_P,"Patients who reported that their doctors ""Usually"" communicated well","Doctors ""usually"" communicated well",12,10/01/2024,09/30/2025
MS,H_DOCTOR_RESPECT_A_P,"Patients who reported that their doctors ""Always"" treated them with courtesy and respect","Doctors ""always"" treated them with courtesy and  respect",88,10/01/2024,09/30/2025
MS,H_DOCTOR_RESPECT_SN_P,"Patients who reported that their doctors ""Sometimes"" or ""Never""  treated them with courtesy and respect","Doctors ""sometimes"" or ""never"" treated them with courtesy and  respect",3,10/01/2024,09/30/2025
MS,H_DOCTOR_RESPECT_U_P,"Patients who reported that their doctors ""Usually""  treated them with courtesy and respect","Doctors ""usually""  treated them with courtesy and  respect",9,10/01/2024,09/30/2025
MS,H_DOCTOR_LISTEN_A_P,"Patients who reported that their doctors ""Always"" listened carefully to them","Doctors ""always"" listened carefully",83,10/01/2024,09/30/2025
MS,H_DOCTOR_LISTEN_SN_P,"Patients who reported that their doctors ""Sometimes"" or ""Never"" listened carefully to them","Doctors ""sometimes"" or ""never"" listened carefully",5,10/01/2024,09/30/2025
MS,H_DOCTOR_LISTEN_U_P,"Patients who reported that their doctors ""Usually"" listened carefully to them","Doctors ""usually"" listened carefully",12,10/01/2024,09/30/2025
MS,H_DOCTOR_EXPLAIN_A_P,"Patients who reported that their doctors ""Always"" explained things in a way they could understand","Doctors ""always"" explained things so they could understand",80,10/01/2024,09/30/2025
MS,H_DOCTOR_EXPLAIN_SN_P,"Patients who reported that their doctors ""Sometimes"" or ""Never"" explained things in a way they could understand","Doctors ""sometimes"" or ""never"" explained things so they could understand",6,10/01/2024,09/30/2025
MS,H_DOCTOR_EXPLAIN_U_P,"Patients who reported that their doctors ""Usually"" explained things in a way they could understand","Doctors ""usually"" explained things so they could understand",14,10/01/2024,09/30/2025
MS,H_COMP_5_A_P,"Patients who reported that staff ""Always"" explained about medicines before giving it to them","Staff ""always"" explained",67,10/01/2024,09/30/2025
MS,H_COMP_5_SN_P,"Patients who reported that staff ""Sometimes"" or ""Never"" explained about medicines before giving it to them","Staff ""sometimes"" or ""never"" explained",17,10/01/2024,09/30/2025
MS,H_COMP_5_U_P,"Patients who reported that staff ""Usually"" explained about medicines before giving it to them","Staff ""usually"" explained",16,10/01/2024,09/30/2025
MS,H_MED_FOR_A_P,"Patients who reported that when receiving new medication the staff ""Always"" communicated what the medication was for","Staff ""always"" explained new medications",79,10/01/2024,09/30/2025
MS,H_MED_FOR_SN_P,"Patients who reported that when receiving new medication the staff ""Sometimes"" or ""Never"" communicated what the medication was for","Staff ""sometimes"" or ""never"" explained new medications",8,10/01/2024,09/30/2025
MS,H_MED_FOR_U_P,"Patients who reported that when receiving new medication the staff ""Usually"" communicated what the medication was for.","Staff ""usually"" explained new medications",13,10/01/2024,09/30/2025
MS,H_SIDE_EFFECTS_A_P,"Patients who reported that when receiving new medication the staff ""Always"" discussed possible side effects","Staff ""always"" explained possible side effects",54,10/01/2024,09/30/2025
MS,H_SIDE_EFFECTS_SN_P,"Patients who reported that when receiving new medication the staff ""Sometimes"" or ""Never"" discussed possible side effects","Staff ""sometimes"" or ""never"" explained possible side effects",27,10/01/2024,09/30/2025
MS,H_SIDE_EFFECTS_U_P,"Patients who reported that when receiving new medication the staff ""Usually"" discussed possible side effects","Staff ""usually"" explained possible side effects",19,10/01/2024,09/30/2025
MS,H_COMP_6_N_P,"Patients who reported that NO, they were not given information about what to do during their recovery at home","No, staff ""did not"" give patients this information",14,10/01/2024,09/30/2025
MS,H_COMP_6_Y_P,"Patients who reported that YES, they were given information about what to do during their recovery at home","Yes, staff ""did"" give patients this information",86,10/01/2024,09/30/2025
MS,H_DISCH_HELP_N_P,"Patients who reported that NO, they did not discuss whether they would need help after discharge","No, staff ""did not"" give patients information about help after discharge",14,10/01/2024,09/30/2025
MS,H_DISCH_HELP_Y_P,"Patients who reported that YES, they did discuss whether they would need help after discharge","Yes, staff ""did"" give patients information about help after discharge",86,10/01/2024,09/30/2025
MS,H_SYMPTOMS_N_P,"Patients who reported that NO, they did not receive written information about possible symptoms to look out for after discharge","No, staff ""did not"" give patients information about possible symptoms",13,10/01/2024,09/30/2025
MS,H_SYMPTOMS_Y_P,"Patients who reported that YES, they did receive written information about possible symptoms to look out for after discharge","Yes, staff ""did"" give patients information about possible symptoms",87,10/01/2024,09/30/2025
MS,H_CLEAN_HSP_A_P,"Patients who reported that their room and bathroom were ""Always"" clean","Room was ""always"" clean",73,10/01/2024,09/30/2025
MS,H_CLEAN_HSP_SN_P,"Patients who reported that their room and bathroom were ""Sometimes"" or ""Never"" clean","Room was ""sometimes"" or ""never"" clean",10,10/01/2024,09/30/2025
MS,H_CLEAN_HSP_U_P,"Patients who reported that their room and bathroom were ""Usually"" clean","Room was ""usually"" clean",17,10/01/2024,09/30/2025
MS,H_QUIET_HSP_A_P,"Patients who reported that the area around their room was ""Always"" quiet at night","""Always"" quiet at night",70,10/01/2024,09/30/2025
MS,H_QUIET_HSP_SN_P,"Patients who reported that the area around their room was ""Sometimes"" or ""Never"" quiet at night","""Sometimes"" or ""never"" quiet at night",6,10/01/2024,09/30/2025
MS,H_QUIET_HSP_U_P,"Patients who reported that the area around their room was ""Usually"" quiet at night","""Usually"" quiet at night",24,10/01/2024,09/30/2025
MS,H_HSP_RATING_0_6,Patients who gave their hospital a rating of 6 or lower on a scale from 0 (lowest) to 10 (highest),"Patients who gave a rating of ""6"" or lower (low)",7,10/01/2024,09/30/2025
MS,H_HSP_RATING_7_8,Patients who gave their hospital a rating of 7 or 8 on a scale from 0 (lowest) to 10 (highest),"Patients who gave a rating of ""7"" or ""8"" (medium)",20,10/01/2024,09/30/2025
MS,H_HSP_RATING_9_10,Patients who gave their hospital a rating of 9 or 10 on a scale from 0 (lowest) to 10 (highest),"Patients who gave a rating of ""9"" or ""10"" (high)",73,10/01/2024,09/30/2025
MS,H_RECMND_DN,"Patients who reported NO, they would probably not or definitely not recommend the hospital","""NO"", patients would not recommend the hospital (they probably would not or definitely would not recommend it)",5,10/01/2024,09/30/2025
MS,H_RECMND_DY,"Patients who reported YES, they would definitely recommend the hospital","""YES"", patients would definitely recommend the hospital",72,10/01/2024,09/30/2025
MS,H_RECMND_PY,"Patients who reported YES, they would probably recommend the hospital","""YES"", patients would probably recommend the hospital",23,10/01/2024,09/30/2025
MT,H_COMP_1_A_P,"Patients who reported that their nurses ""Always"" communicated well","Nurses ""always"" communicated well",82,10/01/2024,09/30/2025
MT,H_COMP_1_SN_P,"Patients who reported that their nurses ""Sometimes"" or ""Never"" communicated well","Nurses ""sometimes"" or ""never"" communicated well",3,10/01/2024,09/30/2025
MT,H_COMP_1_U_P,"Patients who reported that their nurses ""Usually"" communicated well","Nurses ""usually"" communicated well",15,10/01/2024,09/30/2025
MT,H_NURSE_RESPECT_A_P,"Patients who reported that their nurses ""Always"" treated them with courtesy and respect","Nurses ""always"" treated them with courtesy and  respect",89,10/01/2024,09/30/2025
MT,H_NURSE_RESPECT_SN_P,"Patients who reported that their nurses ""Sometimes"" or ""Never""  treated them with courtesy and respect","Nurses ""sometimes"" or ""never"" treated them with courtesy and  respect",1,10/01/2024,09/30/2025
MT,H_NURSE_RESPECT_U_P,"Patients who reported that their nurses ""Usually""  treated them with courtesy and respect","Nurses ""usually""  treated them with courtesy and  respect",10,10/01/2024,09/30/2025
MT,H_NURSE_LISTEN_A_P,"Patients who reported that their nurses ""Always"" listened carefully to them","Nurses ""always"" listened carefully",80,10/01/2024,09/30/2025
MT,H_NURSE_LISTEN_SN_P,"Patients who reported that their nurses ""Sometimes"" or ""Never"" listened carefully to them","Nurses ""sometimes"" or ""never"" listened carefully",3,10/01/2024,09/30/2025
MT,H_NURSE_LISTEN_U_P,"Patients who reported that their nurses ""Usually"" listened carefully to them","Nurses ""usually"" listened carefully",17,10/01/2024,09/30/2025
MT,H_NURSE_EXPLAIN_A_P,"Patients who reported that their nurses ""Always"" explained things in a way they could understand","Nurses ""always"" explained things so they could understand",76,10/01/2024,09/30/2025
MT,H_NURSE_EXPLAIN_SN_P,"Patients who reported that their nurses ""Sometimes"" or ""Never"" explained things in a way they could understand","Nurses ""sometimes"" or ""never"" explained things so they could understand",4,10/01/2024,09/30/2025
MT,H_NURSE_EXPLAIN_U_P,"Patients who reported that their nurses ""Usually"" explained things in a way they could understand","Nurses ""usually"" explained things so they could understand",20,10/01/2024,09/30/2025
MT,H_COMP_2_A_P,"Patients who reported that their doctors ""Always"" communicated well","Doctors ""always"" communicated well",82,10/01/2024,09/30/2025
MT,H_COMP_2_SN_P,"Patients who reported that their doctors ""Sometimes"" or ""Never"" communicated well","Doctors ""sometimes"" or ""never"" communicated well",4,10/01/2024,09/30/2025
MT,H_COMP_2_U_P,"Patients who reported that their doctors ""Usually"" communicated well","Doctors ""usually"" communicated well",14,10/01/2024,09/30/2025
MT,H_DOCTOR_RESPECT_A_P,"Patients who reported that their doctors ""Always"" treated them with courtesy and respect","Doctors ""always"" treated them with courtesy and  respect",88,10/01/2024,09/30/2025
MT,H_DOCTOR_RESPECT_SN_P,"Patients who reported that their doctors ""Sometimes"" or ""Never""  treated them with courtesy and respect","Doctors ""sometimes"" or ""never"" treated them with courtesy and  respect",2,10/01/2024,09/30/2025
MT,H_DOCTOR_RESPECT_U_P,"Patients who reported that their doctors ""Usually""  treated them with courtesy and respect","Doctors ""usually""  treated them with courtesy and  respect",10,10/01/2024,09/30/2025
MT,H_DOCTOR_LISTEN_A_P,"Patients who reported that their doctors ""Always"" listened carefully to them","Doctors ""always"" listened carefully",80,10/01/2024,09/30/2025
MT,H_DOCTOR_LISTEN_SN_P,"Patients who reported that their doctors ""Sometimes"" or ""Never"" listened carefully to them","Doctors ""sometimes"" or ""never"" listened carefully",4,10/01/2024,09/30/2025
MT,H_DOCTOR_LISTEN_U_P,"Patients who reported that their doctors ""Usually"" listened carefully to them","Doctors ""usually"" listened carefully",16,10/01/2024,09/30/2025
MT,H_DOCTOR_EXPLAIN_A_P,"Patients who reported that their doctors ""Always"" explained things in a way they could understand","Doctors ""always"" explained things so they could understand",77,10/01/2024,09/30/2025
MT,H_DOCTOR_EXPLAIN_SN_P,"Patients who reported that their doctors ""Sometimes"" or ""Never"" explained things in a way they could understand","Doctors ""sometimes"" or ""never"" explained things so they could understand",5,10/01/2024,09/30/2025
MT,H_DOCTOR_EXPLAIN_U_P,"Patients who reported that their doctors ""Usually"" explained things in a way they could understand","Doctors ""usually"" explained things so they could understand",18,10/01/2024,09/30/2025
MT,H_COMP_5_A_P,"Patients who reported that staff ""Always"" explained about medicines before giving it to them","Staff ""always"" explained",65,10/01/2024,09/30/2025
MT,H_COMP_5_SN_P,"Patients who reported that staff ""Sometimes"" or ""Never"" explained about medicines before giving it to them","Staff ""sometimes"" or ""never"" explained",17,10/01/2024,09/30/2025
MT,H_COMP_5_U_P,"Patients who reported that staff ""Usually"" explained about medicines before giving it to them","Staff ""usually"" explained",18,10/01/2024,09/30/2025
MT,H_MED_FOR_A_P,"Patients who reported that when receiving new medication the staff ""Always"" communicated what the medication was for","Staff ""always"" explained new medications",77,10/01/2024,09/30/2025
MT,H_MED_FOR_SN_P,"Patients who reported that when receiving new medication the staff ""Sometimes"" or ""Never"" communicated what the medication was for","Staff ""sometimes"" or ""never"" explained new medications",8,10/01/2024,09/30/2025
MT,H_MED_FOR_U_P,"Patients who reported that when receiving new medication the staff ""Usually"" communicated what the medication was for.","Staff ""usually"" explained new medications",15,10/01/2024,09/30/2025
MT,H_SIDE_EFFECTS_A_P,"Patients who reported that when receiving new medication the staff ""Always"" discussed possible side effects","Staff ""always"" explained possible side effects",52,10/01/2024,09/30/2025
MT,H_SIDE_EFFECTS_SN_P,"Patients who reported that when receiving new medication the staff ""Sometimes"" or ""Never"" discussed possible side effects","Staff ""sometimes"" or ""never"" explained possible side effects",26,10/01/2024,09/30/2025
MT,H_SIDE_EFFECTS_U_P,"Patients who reported that when receiving new medication the staff ""Usually"" discussed possible side effects","Staff ""usually"" explained possible side effects",22,10/01/2024,09/30/2025
MT,H_COMP_6_N_P,"Patients who reported that NO, they were not given information about what to do during their recovery at home","No, staff ""did not"" give patients this information",11,10/01/2024,09/30/2025
MT,H_COMP_6_Y_P,"Patients who reported that YES, they were given information about what to do during their recovery at home","Yes, staff ""did"" give patients this information",89,10/01/2024,09/30/2025
MT,H_DISCH_HELP_N_P,"Patients who reported that NO, they did not discuss whether they would need help after discharge","No, staff ""did not"" give patients information about help after discharge",13,10/01/2024,09/30/2025
MT,H_DISCH_HELP_Y_P,"Patients who reported that YES, they did discuss whether they would need help after discharge","Yes, staff ""did"" give patients information about help after discharge",87,10/01/2024,09/30/2025
MT,H_SYMPTOMS_N_P,"Patients who reported that NO, they did not receive written information about possible symptoms to look out for after discharge","No, staff ""did not"" give patients information about possible symptoms",11,10/01/2024,09/30/2025
MT,H_SYMPTOMS_Y_P,"Patients who reported that YES, they did receive written information about possible symptoms to look out for after discharge","Yes, staff ""did"" give patients information about possible symptoms",89,10/01/2024,09/30/2025
MT,H_CLEAN_HSP_A_P,"Patients who reported that their room and bathroom were ""Always"" clean","Room was ""always"" clean",74,10/01/2024,09/30/2025
MT,H_CLEAN_HSP_SN_P,"Patients who reported that their room and bathroom were ""Sometimes"" or ""Never"" clean","Room was ""sometimes"" or ""never"" clean",8,10/01/2024,09/30/2025
MT,H_CLEAN_HSP_U_P,"Patients who reported that their room and bathroom were ""Usually"" clean","Room was ""usually"" clean",18,10/01/2024,09/30/2025
MT,H_QUIET_HSP_A_P,"Patients who reported that the area around their room was ""Always"" quiet at night","""Always"" quiet at night",62,10/01/2024,09/30/2025
MT,H_QUIET_HSP_SN_P,"Patients who reported that the area around their room was ""Sometimes"" or ""Never"" quiet at night","""Sometimes"" or ""never"" quiet at night",6,10/01/2024,09/30/2025
MT,H_QUIET_HSP_U_P,"Patients who reported that the area around their room was ""Usually"" quiet at night","""Usually"" quiet at night",32,10/01/2024,09/30/2025
MT,H_HSP_RATING_0_6,Patients who gave their hospital a rating of 6 or lower on a scale from 0 (lowest) to 10 (highest),"Patients who gave a rating of ""6"" or lower (low)",6,10/01/2024,09/30/2025
MT,H_HSP_RATING_7_8,Patients who gave their hospital a rating of 7 or 8 on a scale from 0 (lowest) to 10 (highest),"Patients who gave a rating of ""7"" or ""8"" (medium)",20,10/01/2024,09/30/2025
MT,H_HSP_RATING_9_10,Patients who gave their hospital a rating of 9 or 10 on a scale from 0 (lowest) to 10 (highest),"Patients who gave a rating of ""9"" or ""10"" (high)",74,10/01/2024,09/30/2025
MT,H_RECMND_DN,"Patients who reported NO, they would probably not or definitely not recommend the hospital","""NO"", patients would not recommend the hospital (they probably would not or definitely would not recommend it)",3,10/01/2024,09/30/2025
MT,H_RECMND_DY,"Patients who reported YES, they would definitely recommend the hospital","""YES"", patients would definitely recommend the hospital",75,10/01/2024,09/30/2025
MT,H_RECMND_PY,"Patients who reported YES, they would probably recommend the hospital","""YES"", patients would probably recommend the hospital",22,10/01/2024,09/30/2025
NC,H_COMP_1_A_P,"Patients who reported that their nurses ""Always"" communicated well","Nurses ""always"" communicated well",80,10/01/2024,09/30/2025
NC,H_COMP_1_SN_P,"Patients who reported that their nurses ""Sometimes"" or ""Never"" communicated well","Nurses ""sometimes"" or ""never"" communicated well",4,10/01/2024,09/30/2025
NC,H_COMP_1_U_P,"Patients who reported that their nurses ""Usually"" communicated well","Nurses ""usually"" communicated well",16,10/01/2024,09/30/2025
NC,H_NURSE_RESPECT_A_P,"Patients who reported that their nurses ""Always"" treated them with courtesy and respect","Nurses ""always"" treated them with courtesy and  respect",86,10/01/2024,09/30/2025
NC,H_NURSE_RESPECT_SN_P,"Patients who reported that their nurses ""Sometimes"" or ""Never""  treated them with courtesy and respect","Nurses ""sometimes"" or ""never"" treated them with courtesy and  respect",3,10/01/2024,09/30/2025
NC,H_NURSE_RESPECT_U_P,"Patients who reported that their nurses ""Usually""  treated them with courtesy and respect","Nurses ""usually""  treated them with courtesy and  respect",11,10/01/2024,09/30/2025
NC,H_NURSE_LISTEN_A_P,"Patients who reported that their nurses ""Always"" listened carefully to them","Nurses ""always"" listened carefully",78,10/01/2024,09/30/2025
NC,H_NURSE_LISTEN_SN_P,"Patients who reported that their nurses ""Sometimes"" or ""Never"" listened carefully to them","Nurses ""sometimes"" or ""never"" listened carefully",4,10/01/2024,09/30/2025
NC,H_NURSE_LISTEN_U_P,"Patients who reported that their nurses ""Usually"" listened carefully to them","Nurses ""usually"" listened carefully",18,10/01/2024,09/30/2025
NC,H_NURSE_EXPLAIN_A_P,"Patients who reported that their nurses ""Always"" explained things in a way they could understand","Nurses ""always"" explained things so they could understand",76,10/01/2024,09/30/2025
NC,H_NURSE_EXPLAIN_SN_P,"Patients who reported that their nurses ""Sometimes"" or ""Never"" explained things in a way they could understand","Nurses ""sometimes"" or ""never"" explained things so they could understand",6,10/01/2024,09/30/2025
NC,H_NURSE_EXPLAIN_U_P,"Patients who reported that their nurses ""Usually"" explained things in a way they could understand","Nurses ""usually"" explained things so they could understand",18,10/01/2024,09/30/2025
NC,H_COMP_2_A_P,"Patients who reported that their doctors ""Always"" communicated well","Doctors ""always"" communicated well",81,10/01/2024,09/30/2025
NC,H_COMP_2_SN_P,"Patients who reported that their doctors ""Sometimes"" or ""Never"" communicated well","Doctors ""sometimes"" or ""never"" communicated well",5,10/01/2024,09/30/2025
NC,H_COMP_2_U_P,"Patients who reported that their doctors ""Usually"" communicated well","Doctors ""usually"" communicated well",14,10/01/2024,09/30/2025
NC,H_DOCTOR_RESPECT_A_P,"Patients who reported that their doctors ""Always"" treated them with courtesy and respect","Doctors ""always"" treated them with courtesy and  respect",86,10/01/2024,09/30/2025
NC,H_DOCTOR_RESPECT_SN_P,"Patients who reported that their doctors ""Sometimes"" or ""Never""  treated them with courtesy and respect","Doctors ""sometimes"" or ""never"" treated them with courtesy and  respect",3,10/01/2024,09/30/2025
NC,H_DOCTOR_RESPECT_U_P,"Patients who reported that their doctors ""Usually""  treated them with courtesy and respect","Doctors ""usually""  treated them with courtesy and  respect",11,10/01/2024,09/30/2025
NC,H_DOCTOR_LISTEN_A_P,"Patients who reported that their doctors ""Always"" listened carefully to them","Doctors ""always"" listened carefully",80,10/01/2024,09/30/2025
NC,H_DOCTOR_LISTEN_SN_P,"Patients who reported that their doctors ""Sometimes"" or ""Never"" listened carefully to them","Doctors ""sometimes"" or ""never"" listened carefully",5,10/01/2024,09/30/2025
NC,H_DOCTOR_LISTEN_U_P,"Patients who reported that their doctors ""Usually"" listened carefully to them","Doctors ""usually"" listened carefully",15,10/01/2024,09/30/2025
NC,H_DOCTOR_EXPLAIN_A_P,"Patients who reported that their doctors ""Always"" explained things in a way they could understand","Doctors ""always"" explained things so they could understand",76,10/01/2024,09/30/2025
NC,H_DOCTOR_EXPLAIN_SN_P,"Patients who reported that their doctors ""Sometimes"" or ""Never"" explained things in a way they could understand","Doctors ""sometimes"" or ""never"" explained things so they could understand",7,10/01/2024,09/30/2025
NC,H_DOCTOR_EXPLAIN_U_P,"Patients who reported that their doctors ""Usually"" explained things in a way they could understand","Doctors ""usually"" explained things so they could understand",17,10/01/2024,09/30/2025
NC,H_COMP_5_A_P,"Patients who reported that staff ""Always"" explained about medicines before giving it to them","Staff ""always"" explained",63,10/01/2024,09/30/2025
NC,H_COMP_5_SN_P,"Patients who reported that staff ""Sometimes"" or ""Never"" explained about medicines before giving it to them","Staff ""sometimes"" or ""never"" explained",19,10/01/2024,09/30/2025
NC,H_COMP_5_U_P,"Patients who reported that staff ""Usually"" explained about medicines before giving it to them","Staff ""usually"" explained",18,10/01/2024,09/30/2025
NC,H_MED_FOR_A_P,"Patients who reported that when receiving new medication the staff ""Always"" communicated what the medication was for","Staff ""always"" explained new medications",75,10/01/2024,09/30/2025
NC,H_MED_FOR_SN_P,"Patients who reported that when receiving new medication the staff ""Sometimes"" or ""Never"" communicated what the medication was for","Staff ""sometimes"" or ""never"" explained new medications",9,10/01/2024,09/30/2025
NC,H_MED_FOR_U_P,"Patients who reported that when receiving new medication the staff ""Usually"" communicated what the medication was for.","Staff ""usually"" explained new medications",16,10/01/2024,09/30/2025
NC,H_SIDE_EFFECTS_A_P,"Patients who reported that when receiving new medication the staff ""Always"" discussed possible side effects","Staff ""always"" explained possible side effects",49,10/01/2024,09/30/2025
NC,H_SIDE_EFFECTS_SN_P,"Patients who reported that when receiving new medication the staff ""Sometimes"" or ""Never"" discussed possible side effects","Staff ""sometimes"" or ""never"" explained possible side effects",29,10/01/2024,09/30/2025
NC,H_SIDE_EFFECTS_U_P,"Patients who reported that when receiving new medication the staff ""Usually"" discussed possible side effects","Staff ""usually"" explained possible side effects",22,10/01/2024,09/30/2025
NC,H_COMP_6_N_P,"Patients who reported that NO, they were not given information about what to do during their recovery at home","No, staff ""did not"" give patients this information",13,10/01/2024,09/30/2025
NC,H_COMP_6_Y_P,"Patients who reported that YES, they were given information about what to do during their recovery at home","Yes, staff ""did"" give patients this information",87,10/01/2024,09/30/2025
NC,H_DISCH_HELP_N_P,"Patients who reported that NO, they did not discuss whether they would need help after discharge","No, staff ""did not"" give patients information about help after discharge",14,10/01/2024,09/30/2025
NC,H_DISCH_HELP_Y_P,"Patients who reported that YES, they did discuss whether they would need help after discharge","Yes, staff ""did"" give patients information about help after discharge",86,10/01/2024,09/30/2025
NC,H_SYMPTOMS_N_P,"Patients who reported that NO, they did not receive written information about possible symptoms to look out for after discharge","No, staff ""did not"" give patients information about possible symptoms",13,10/01/2024,09/30/2025
NC,H_SYMPTOMS_Y_P,"Patients who reported that YES, they did receive written information about possible symptoms to look out for after discharge","Yes, staff ""did"" give patients information about possible symptoms",87,10/01/2024,09/30/2025
NC,H_CLEAN_HSP_A_P,"Patients who reported that their room and bathroom were ""Always"" clean","Room was ""always"" clean",71,10/01/2024,09/30/2025
NC,H_CLEAN_HSP_SN_P,"Patients who reported that their room and bathroom were ""Sometimes"" or ""Never"" clean","Room was ""sometimes"" or ""never"" clean",10,10/01/2024,09/30/2025
NC,H_CLEAN_HSP_U_P,"Patients who reported that their room and bathroom were ""Usually"" clean","Room was ""usually"" clean",19,10/01/2024,09/30/2025
NC,H_QUIET_HSP_A_P,"Patients who reported that the area around their room was ""Always"" quiet at night","""Always"" quiet at night",60,10/01/2024,09/30/2025
NC,H_QUIET_HSP_SN_P,"Patients who reported that the area around their room was ""Sometimes"" or ""Never"" quiet at night","""Sometimes"" or ""never"" quiet at night",9,10/01/2024,09/30/2025
NC,H_QUIET_HSP_U_P,"Patients who reported that the area around their room was ""Usually"" quiet at night","""Usually"" quiet at night",31,10/01/2024,09/30/2025
NC,H_HSP_RATING_0_6,Patients who gave their hospital a rating of 6 or lower on a scale from 0 (lowest) to 10 (highest),"Patients who gave a rating of ""6"" or lower (low)",8,10/01/2024,09/30/2025
NC,H_HSP_RATING_7_8,Patients who gave their hospital a rating of 7 or 8 on a scale from 0 (lowest) to 10 (highest),"Patients who gave a rating of ""7"" or ""8"" (medium)",21,10/01/2024,09/30/2025
NC,H_HSP_RATING_9_10,Patients who gave their hospital a rating of 9 or 10 on a scale from 0 (lowest) to 10 (highest),"Patients who gave a rating of ""9"" or ""10"" (high)",71,10/01/2024,09/30/2025
NC,H_RECMND_DN,"Patients who reported NO, they would probably not or definitely not recommend the hospital","""NO"", patients would not recommend the hospital (they probably would not or definitely would not recommend it)",6,10/01/2024,09/30/2025
NC,H_RECMND_DY,"Patients who reported YES, they would definitely recommend the hospital","""YES"", patients would definitely recommend the hospital",70,10/01/2024,09/30/2025
NC,H_RECMND_PY,"Patients who reported YES, they would probably recommend the hospital","""YES"", patients would probably recommend the hospital",24,10/01/2024,09/30/2025
ND,H_COMP_1_A_P,"Patients who reported that their nurses ""Always"" communicated well","Nurses ""always"" communicated well",83,10/01/2024,09/30/2025
ND,H_COMP_1_SN_P,"Patients who reported that their nurses ""Sometimes"" or ""Never"" communicated well","Nurses ""sometimes"" or ""never"" communicated well",2,10/01/2024,09/30/2025
ND,H_COMP_1_U_P,"Patients who reported that their nurses ""Usually"" communicated well","Nurses ""usually"" communicated well",15,10/01/2024,09/30/2025
ND,H_NURSE_RESPECT_A_P,"Patients who reported that their nurses ""Always"" treated them with courtesy and respect","Nurses ""always"" treated them with courtesy and  respect",89,10/01/2024,09/30/2025
ND,H_NURSE_RESPECT_SN_P,"Patients who reported that their nurses ""Sometimes"" or ""Never""  treated them with courtesy and respect","Nurses ""sometimes"" or ""never"" treated them with courtesy and  respect",2,10/01/2024,09/30/2025
ND,H_NURSE_RESPECT_U_P,"Patients who reported that their nurses ""Usually""  treated them with courtesy and respect","Nurses ""usually""  treated them with courtesy and  respect",9,10/01/2024,09/30/2025
ND,H_NURSE_LISTEN_A_P,"Patients who reported that their nurses ""Always"" listened carefully to them","Nurses ""always"" listened carefully",80,10/01/2024,09/30/2025
ND,H_NURSE_LISTEN_SN_P,"Patients who reported that their nurses ""Sometimes"" or ""Never"" listened carefully to them","Nurses ""sometimes"" or ""never"" listened carefully",2,10/01/2024,09/30/2025
ND,H_NURSE_LISTEN_U_P,"Patients who reported that their nurses ""Usually"" listened carefully to them","Nurses ""usually"" listened carefully",18,10/01/2024,09/30/2025
ND,H_NURSE_EXPLAIN_A_P,"Patients who reported that their nurses ""Always"" explained things in a way they could understand","Nurses ""always"" explained things so they could understand",77,10/01/2024,09/30/2025
ND,H_NURSE_EXPLAIN_SN_P,"Patients who reported that their nurses ""Sometimes"" or ""Never"" explained things in a way they could understand","Nurses ""sometimes"" or ""never"" explained things so they could understand",4,10/01/2024,09/30/2025
ND,H_NURSE_EXPLAIN_U_P,"Patients who reported that their nurses ""Usually"" explained things in a way they could understand","Nurses ""usually"" explained things so they could understand",19,10/01/2024,09/30/2025
ND,H_COMP_2_A_P,"Patients who reported that their doctors ""Always"" communicated well","Doctors ""always"" communicated well",84,10/01/2024,09/30/2025
ND,H_COMP_2_SN_P,"Patients who reported that their doctors ""Sometimes"" or ""Never"" communicated well","Doctors ""sometimes"" or ""never"" communicated well",3,10/01/2024,09/30/2025
ND,H_COMP_2_U_P,"Patients who reported that their doctors ""Usually"" communicated well","Doctors ""usually"" communicated well",13,10/01/2024,09/30/2025
ND,H_DOCTOR_RESPECT_A_P,"Patients who reported that their doctors ""Always"" treated them with courtesy and respect","Doctors ""always"" treated them with courtesy and  respect",89,10/01/2024,09/30/2025
ND,H_DOCTOR_RESPECT_SN_P,"Patients who reported that their doctors ""Sometimes"" or ""Never""  treated them with courtesy and respect","Doctors ""sometimes"" or ""never"" treated them with courtesy and  respect",2,10/01/2024,09/30/2025
ND,H_DOCTOR_RESPECT_U_P,"Patients who reported that their doctors ""Usually""  treated them with courtesy and respect","Doctors ""usually""  treated them with courtesy and  respect",9,10/01/2024,09/30/2025
ND,H_DOCTOR_LISTEN_A_P,"Patients who reported that their doctors ""Always"" listened carefully to them","Doctors ""always"" listened carefully",82,10/01/2024,09/30/2025
ND,H_DOCTOR_LISTEN_SN_P,"Patients who reported that their doctors ""Sometimes"" or ""Never"" listened carefully to them","Doctors ""sometimes"" or ""never"" listened carefully",4,10/01/2024,09/30/2025
ND,H_DOCTOR_LISTEN_U_P,"Patients who reported that their doctors ""Usually"" listened carefully to them","Doctors ""usually"" listened carefully",14,10/01/2024,09/30/2025
ND,H_DOCTOR_EXPLAIN_A_P,"Patients who reported that their doctors ""Always"" explained things in a way they could understand","Doctors ""always"" explained things so they could understand",78,10/01/2024,09/30/2025
ND,H_DOCTOR_EXPLAIN_SN_P,"Patients who reported that their doctors ""Sometimes"" or ""Never"" explained things in a way they could understand","Doctors ""sometimes"" or ""never"" explained things so they could understand",4,10/01/2024,09/30/2025
ND,H_DOCTOR_EXPLAIN_U_P,"Patients who reported that their doctors ""Usually"" explained things in a way they could understand","Doctors ""usually"" explained things so they could understand",18,10/01/2024,09/30/2025
ND,H_COMP_5_A_P,"Patients who reported that staff ""Always"" explained about medicines before giving it to them","Staff ""always"" explained",67,10/01/2024,09/30/2025
ND,H_COMP_5_SN_P,"Patients who reported that staff ""Sometimes"" or ""Never"" explained about medicines before giving it to them","Staff ""sometimes"" or ""never"" explained",14,10/01/2024,09/30/2025
ND,H_COMP_5_U_P,"Patients who reported that staff ""Usually"" explained about medicines before giving it to them","Staff ""usually"" explained",19,10/01/2024,09/30/2025
ND,H_MED_FOR_A_P,"Patients who reported that when receiving new medication the staff ""Always"" communicated what the medication was for","Staff ""always"" explained new medications",78,10/01/2024,09/30/2025
ND,H_MED_FOR_SN_P,"Patients who reported that when receiving new medication the staff ""Sometimes"" or ""Never"" communicated what the medication was for","Staff ""sometimes"" or ""never"" explained new medications",7,10/01/2024,09/30/2025
ND,H_MED_FOR_U_P,"Patients who reported that when receiving new medication the staff ""Usually"" communicated what the medication was for.","Staff ""usually"" explained new medications",15,10/01/2024,09/30/2025
ND,H_SIDE_EFFECTS_A_P,"Patients who reported that when receiving new medication the staff ""Always"" discussed possible side effects","Staff ""always"" explained possible side effects",55,10/01/2024,09/30/2025
ND,H_SIDE_EFFECTS_SN_P,"Patients who reported that when receiving new medication the staff ""Sometimes"" or ""Never"" discussed possible side effects","Staff ""sometimes"" or ""never"" explained possible side effects",22,10/01/2024,09/30/2025
ND,H_SIDE_EFFECTS_U_P,"Patients who reported that when receiving new medication the staff ""Usually"" discussed possible side effects","Staff ""usually"" explained possible side effects",23,10/01/2024,09/30/2025
ND,H_COMP_6_N_P,"Patients who reported that NO, they were not given information about what to do during their recovery at home","No, staff ""did not"" give patients this information",13,10/01/2024,09/30/2025
ND,H_COMP_6_Y_P,"Patients who reported that YES, they were given information about what to do during their recovery at home","Yes, staff ""did"" give patients this information",87,10/01/2024,09/30/2025
ND,H_DISCH_HELP_N_P,"Patients who reported that NO, they did not discuss whether they would need help after discharge","No, staff ""did not"" give patients information about help after discharge",14,10/01/2024,09/30/2025
ND,H_DISCH_HELP_Y_P,"Patients who reported that YES, they did discuss whether they would need help after discharge","Yes, staff ""did"" give patients information about help after discharge",86,10/01/2024,09/30/2025
ND,H_SYMPTOMS_N_P,"Patients who reported that NO, they did not receive written information about possible symptoms to look out for after discharge","No, staff ""did not"" give patients information about possible symptoms",13,10/01/2024,09/30/2025
ND,H_SYMPTOMS_Y_P,"Patients who reported that YES, they did receive written information about possible symptoms to look out for after discharge","Yes, staff ""did"" give patients information about possible symptoms",87,10/01/2024,09/30/2025
ND,H_CLEAN_HSP_A_P,"Patients who reported that their room and bathroom were ""Always"" clean","Room was ""always"" clean",75,10/01/2024,09/30/2025
ND,H_CLEAN_HSP_SN_P,"Patients who reported that their room and bathroom were ""Sometimes"" or ""Never"" clean","Room was ""sometimes"" or ""never"" clean",8,10/01/2024,09/30/2025
ND,H_CLEAN_HSP_U_P,"Patients who reported that their room and bathroom were ""Usually"" clean","Room was ""usually"" clean",17,10/01/2024,09/30/2025
ND,H_QUIET_HSP_A_P,"Patients who reported that the area around their room was ""Always"" quiet at night","""Always"" quiet at night",69,10/01/2024,09/30/2025
ND,H_QUIET_HSP_SN_P,"Patients who reported that the area around their room was ""Sometimes"" or ""Never"" quiet at night","""Sometimes"" or ""never"" quiet at night",5,10/01/2024,09/30/2025
ND,H_QUIET_HSP_U_P,"Patients who reported that the area around their room was ""Usually"" quiet at night","""Usually"" quiet at night",26,10/01/2024,09/30/2025
ND,H_HSP_RATING_0_6,Patients who gave their hospital a rating of 6 or lower on a scale from 0 (lowest) to 10 (highest),"Patients who gave a rating of ""6"" or lower (low)",6,10/01/2024,09/30/2025
ND,H_HSP_RATING_7_8,Patients who gave their hospital a rating of 7 or 8 on a scale from 0 (lowest) to 10 (highest),"Patients who gave a rating of ""7"" or ""8"" (medium)",18,10/01/2024,09/30/2025
ND,H_HSP_RATING_9_10,Patients who gave their hospital a rating of 9 or 10 on a scale from 0 (lowest) to 10 (highest),"Patients who gave a rating of ""9"" or ""10"" (high)",76,10/01/2024,09/30/2025
ND,H_RECMND_DN,"Patients who reported NO, they would probably not or definitely not recommend the hospital","""NO"", patients would not recommend the hospital (they probably would not or definitely would not recommend it)",3,10/01/2024,09/30/2025
ND,H_RECMND_DY,"Patients who reported YES, they would definitely recommend the hospital","""YES"", patients would definitely recommend the hospital",77,10/01/2024,09/30/2025
ND,H_RECMND_PY,"Patients who reported YES, they would probably recommend the hospital","""YES"", patients would probably recommend the hospital",20,10/01/2024,09/30/2025
NE,H_COMP_1_A_P,"Patients who reported that their nurses ""Always"" communicated well","Nurses ""always"" communicated well",84,10/01/2024,09/30/2025
NE,H_COMP_1_SN_P,"Patients who reported that their nurses ""Sometimes"" or ""Never"" communicated well","Nurses ""sometimes"" or ""never"" communicated well",2,10/01/2024,09/30/2025
NE,H_COMP_1_U_P,"Patients who reported that their nurses ""Usually"" communicated well","Nurses ""usually"" communicated well",14,10/01/2024,09/30/2025
NE,H_NURSE_RESPECT_A_P,"Patients who reported that their nurses ""Always"" treated them with courtesy and respect","Nurses ""always"" treated them with courtesy and  respect",90,10/01/2024,09/30/2025
NE,H_NURSE_RESPECT_SN_P,"Patients who reported that their nurses ""Sometimes"" or ""Never""  treated them with courtesy and respect","Nurses ""sometimes"" or ""never"" treated them with courtesy and  respect",1,10/01/2024,09/30/2025
NE,H_NURSE_RESPECT_U_P,"Patients who reported that their nurses ""Usually""  treated them with courtesy and respect","Nurses ""usually""  treated them with courtesy and  respect",9,10/01/2024,09/30/2025
NE,H_NURSE_LISTEN_A_P,"Patients who reported that their nurses ""Always"" listened carefully to them","Nurses ""always"" listened carefully",82,10/01/2024,09/30/2025
NE,H_NURSE_LISTEN_SN_P,"Patients who reported that their nurses ""Sometimes"" or ""Never"" listened carefully to them","Nurses ""sometimes"" or ""never"" listened carefully",3,10/01/2024,09/30/2025
NE,H_NURSE_LISTEN_U_P,"Patients who reported that their nurses ""Usually"" listened carefully to them","Nurses ""usually"" listened carefully",15,10/01/2024,09/30/2025
NE,H_NURSE_EXPLAIN_A_P,"Patients who reported that their nurses ""Always"" explained things in a way they could understand","Nurses ""always"" explained things so they could understand",78,10/01/2024,09/30/2025
NE,H_NURSE_EXPLAIN_SN_P,"Patients who reported that their nurses ""Sometimes"" or ""Never"" explained things in a way they could understand","Nurses ""sometimes"" or ""never"" explained things so they could understand",4,10/01/2024,09/30/2025
NE,H_NURSE_EXPLAIN_U_P,"Patients who reported that their nurses ""Usually"" explained things in a way they could understand","Nurses ""usually"" explained things so they could understand",18,10/01/2024,09/30/2025
NE,H_COMP_2_A_P,"Patients who reported that their doctors ""Always"" communicated well","Doctors ""always"" communicated well",84,10/01/2024,09/30/2025
NE,H_COMP_2_SN_P,"Patients who reported that their doctors ""Sometimes"" or ""Never"" communicated well","Doctors ""sometimes"" or ""never"" communicated well",3,10/01/2024,09/30/2025
NE,H_COMP_2_U_P,"Patients who reported that their doctors ""Usually"" communicated well","Doctors ""usually"" communicated well",13,10/01/2024,09/30/2025
NE,H_DOCTOR_RESPECT_A_P,"Patients who reported that their doctors ""Always"" treated them with courtesy and respect","Doctors ""always"" treated them with courtesy and  respect",90,10/01/2024,09/30/2025
NE,H_DOCTOR_RESPECT_SN_P,"Patients who reported that their doctors ""Sometimes"" or ""Never""  treated them with courtesy and respect","Doctors ""sometimes"" or ""never"" treated them with courtesy and  respect",2,10/01/2024,09/30/2025
NE,H_DOCTOR_RESPECT_U_P,"Patients who reported that their doctors ""Usually""  treated them with courtesy and respect","Doctors ""usually""  treated them with courtesy and  respect",8,10/01/2024,09/30/2025
NE,H_DOCTOR_LISTEN_A_P,"Patients who reported that their doctors ""Always"" listened carefully to them","Doctors ""always"" listened carefully",83,10/01/2024,09/30/2025
NE,H_DOCTOR_LISTEN_SN_P,"Patients who reported that their doctors ""Sometimes"" or ""Never"" listened carefully to them","Doctors ""sometimes"" or ""never"" listened carefully",3,10/01/2024,09/30/2025
NE,H_DOCTOR_LISTEN_U_P,"Patients who reported that their doctors ""Usually"" listened carefully to them","Doctors ""usually"" listened carefully",14,10/01/2024,09/30/2025
NE,H_DOCTOR_EXPLAIN_A_P,"Patients who reported that their doctors ""Always"" explained things in a way they could understand","Doctors ""always"" explained things so they could understand",79,10/01/2024,09/30/2025
NE,H_DOCTOR_EXPLAIN_SN_P,"Patients who reported that their doctors ""Sometimes"" or ""Never"" explained things in a way they could understand","Doctors ""sometimes"" or ""never"" explained things so they could understand",4,10/01/2024,09/30/2025
NE,H_DOCTOR_EXPLAIN_U_P,"Patients who reported that their doctors ""Usually"" explained things in a way they could understand","Doctors ""usually"" explained things so they could understand",17,10/01/2024,09/30/2025
NE,H_COMP_5_A_P,"Patients who reported that staff ""Always"" explained about medicines before giving it to them","Staff ""always"" explained",66,10/01/2024,09/30/2025
NE,H_COMP_5_SN_P,"Patients who reported that staff ""Sometimes"" or ""Never"" explained about medicines before giving it to them","Staff ""sometimes"" or ""never"" explained",15,10/01/2024,09/30/2025
NE,H_COMP_5_U_P,"Patients who reported that staff ""Usually"" explained about medicines before giving it to them","Staff ""usually"" explained",19,10/01/2024,09/30/2025
NE,H_MED_FOR_A_P,"Patients who reported that when receiving new medication the staff ""Always"" communicated what the medication was for","Staff ""always"" explained new medications",78,10/01/2024,09/30/2025
NE,H_MED_FOR_SN_P,"Patients who reported that when receiving new medication the staff ""Sometimes"" or ""Never"" communicated what the medication was for","Staff ""sometimes"" or ""never"" explained new medications",7,10/01/2024,09/30/2025
NE,H_MED_FOR_U_P,"Patients who reported that when receiving new medication the staff ""Usually"" communicated what the medication was for.","Staff ""usually"" explained new medications",15,10/01/2024,09/30/2025
NE,H_SIDE_EFFECTS_A_P,"Patients who reported that when receiving new medication the staff ""Always"" discussed possible side effects","Staff ""always"" explained possible side effects",54,10/01/2024,09/30/2025
NE,H_SIDE_EFFECTS_SN_P,"Patients who reported that when receiving new medication the staff ""Sometimes"" or ""Never"" discussed possible side effects","Staff ""sometimes"" or ""never"" explained possible side effects",23,10/01/2024,09/30/2025
NE,H_SIDE_EFFECTS_U_P,"Patients who reported that when receiving new medication the staff ""Usually"" discussed possible side effects","Staff ""usually"" explained possible side effects",23,10/01/2024,09/30/2025
NE,H_COMP_6_N_P,"Patients who reported that NO, they were not given information about what to do during their recovery at home","No, staff ""did not"" give patients this information",11,10/01/2024,09/30/2025
NE,H_COMP_6_Y_P,"Patients who reported that YES, they were given information about what to do during their recovery at home","Yes, staff ""did"" give patients this information",89,10/01/2024,09/30/2025
NE,H_DISCH_HELP_N_P,"Patients who reported that NO, they did not discuss whether they would need help after discharge","No, staff ""did not"" give patients information about help after discharge",12,10/01/2024,09/30/2025
NE,H_DISCH_HELP_Y_P,"Patients who reported that YES, they did discuss whether they would need help after discharge","Yes, staff ""did"" give patients information about help after discharge",88,10/01/2024,09/30/2025
NE,H_SYMPTOMS_N_P,"Patients who reported that NO, they did not receive written information about possible symptoms to look out for after discharge","No, staff ""did not"" give patients information about possible symptoms",11,10/01/2024,09/30/2025
NE,H_SYMPTOMS_Y_P,"Patients who reported that YES, they did receive written information about possible symptoms to look out for after discharge","Yes, staff ""did"" give patients information about possible symptoms",89,10/01/2024,09/30/2025
NE,H_CLEAN_HSP_A_P,"Patients who reported that their room and bathroom were ""Always"" clean","Room was ""always"" clean",78,10/01/2024,09/30/2025
NE,H_CLEAN_HSP_SN_P,"Patients who reported that their room and bathroom were ""Sometimes"" or ""Never"" clean","Room was ""sometimes"" or ""never"" clean",6,10/01/2024,09/30/2025
NE,H_CLEAN_HSP_U_P,"Patients who reported that their room and bathroom were ""Usually"" clean","Room was ""usually"" clean",16,10/01/2024,09/30/2025
NE,H_QUIET_HSP_A_P,"Patients who reported that the area around their room was ""Always"" quiet at night","""Always"" quiet at night",69,10/01/2024,09/30/2025
NE,H_QUIET_HSP_SN_P,"Patients who reported that the area around their room was ""Sometimes"" or ""Never"" quiet at night","""Sometimes"" or ""never"" quiet at night",5,10/01/2024,09/30/2025
NE,H_QUIET_HSP_U_P,"Patients who reported that the area around their room was ""Usually"" quiet at night","""Usually"" quiet at night",26,10/01/2024,09/30/2025
NE,H_HSP_RATING_0_6,Patients who gave their hospital a rating of 6 or lower on a scale from 0 (lowest) to 10 (highest),"Patients who gave a rating of ""6"" or lower (low)",5,10/01/2024,09/30/2025
NE,H_HSP_RATING_7_8,Patients who gave their hospital a rating of 7 or 8 on a scale from 0 (lowest) to 10 (highest),"Patients who gave a rating of ""7"" or ""8"" (medium)",16,10/01/2024,09/30/2025
NE,H_HSP_RATING_9_10,Patients who gave their hospital a rating of 9 or 10 on a scale from 0 (lowest) to 10 (highest),"Patients who gave a rating of ""9"" or ""10"" (high)",79,10/01/2024,09/30/2025
NE,H_RECMND_DN,"Patients who reported NO, they would probably not or definitely not recommend the hospital","""NO"", patients would not recommend the hospital (they probably would not or definitely would not recommend it)",3,10/01/2024,09/30/2025
NE,H_RECMND_DY,"Patients who reported YES, they would definitely recommend the hospital","""YES"", patients would definitely recommend the hospital",78,10/01/2024,09/30/2025
NE,H_RECMND_PY,"Patients who reported YES, they would probably recommend the hospital","""YES"", patients would probably recommend the hospital",19,10/01/2024,09/30/2025
NH,H_COMP_1_A_P,"Patients who reported that their nurses ""Always"" communicated well","Nurses ""always"" communicated well",82,10/01/2024,09/30/2025
NH,H_COMP_1_SN_P,"Patients who reported that their nurses ""Sometimes"" or ""Never"" communicated well","Nurses ""sometimes"" or ""never"" communicated well",3,10/01/2024,09/30/2025
NH,H_COMP_1_U_P,"Patients who reported that their nurses ""Usually"" communicated well","Nurses ""usually"" communicated well",15,10/01/2024,09/30/2025
NH,H_NURSE_RESPECT_A_P,"Patients who reported that their nurses ""Always"" treated them with courtesy and respect","Nurses ""always"" treated them with courtesy and  respect",89,10/01/2024,09/30/2025
NH,H_NURSE_RESPECT_SN_P,"Patients who reported that their nurses ""Sometimes"" or ""Never""  treated them with courtesy and respect","Nurses ""sometimes"" or ""never"" treated them with courtesy and  respect",2,10/01/2024,09/30/2025
NH,H_NURSE_RESPECT_U_P,"Patients who reported that their nurses ""Usually""  treated them with courtesy and respect","Nurses ""usually""  treated them with courtesy and  respect",9,10/01/2024,09/30/2025
NH,H_NURSE_LISTEN_A_P,"Patients who reported that their nurses ""Always"" listened carefully to them","Nurses ""always"" listened carefully",80,10/01/2024,09/30/2025
NH,H_NURSE_LISTEN_SN_P,"Patients who reported that their nurses ""Sometimes"" or ""Never"" listened carefully to them","Nurses ""sometimes"" or ""never"" listened carefully",3,10/01/2024,09/30/2025
NH,H_NURSE_LISTEN_U_P,"Patients who reported that their nurses ""Usually"" listened carefully to them","Nurses ""usually"" listened carefully",17,10/01/2024,09/30/2025
NH,H_NURSE_EXPLAIN_A_P,"Patients who reported that their nurses ""Always"" explained things in a way they could understand","Nurses ""always"" explained things so they could understand",77,10/01/2024,09/30/2025
NH,H_NURSE_EXPLAIN_SN_P,"Patients who reported that their nurses ""Sometimes"" or ""Never"" explained things in a way they could understand","Nurses ""sometimes"" or ""never"" explained things so they could understand",4,10/01/2024,09/30/2025
NH,H_NURSE_EXPLAIN_U_P,"Patients who reported that their nurses ""Usually"" explained things in a way they could understand","Nurses ""usually"" explained things so they could understand",19,10/01/2024,09/30/2025
NH,H_COMP_2_A_P,"Patients who reported that their doctors ""Always"" communicated well","Doctors ""always"" communicated well",81,10/01/2024,09/30/2025
NH,H_COMP_2_SN_P,"Patients who reported that their doctors ""Sometimes"" or ""Never"" communicated well","Doctors ""sometimes"" or ""never"" communicated well",5,10/01/2024,09/30/2025
NH,H_COMP_2_U_P,"Patients who reported that their doctors ""Usually"" communicated well","Doctors ""usually"" communicated well",14,10/01/2024,09/30/2025
NH,H_DOCTOR_RESPECT_A_P,"Patients who reported that their doctors ""Always"" treated them with courtesy and respect","Doctors ""always"" treated them with courtesy and  respect",87,10/01/2024,09/30/2025
NH,H_DOCTOR_RESPECT_SN_P,"Patients who reported that their doctors ""Sometimes"" or ""Never""  treated them with courtesy and respect","Doctors ""sometimes"" or ""never"" treated them with courtesy and  respect",3,10/01/2024,09/30/2025
NH,H_DOCTOR_RESPECT_U_P,"Patients who reported that their doctors ""Usually""  treated them with courtesy and respect","Doctors ""usually""  treated them with courtesy and  respect",10,10/01/2024,09/30/2025
NH,H_DOCTOR_LISTEN_A_P,"Patients who reported that their doctors ""Always"" listened carefully to them","Doctors ""always"" listened carefully",79,10/01/2024,09/30/2025
NH,H_DOCTOR_LISTEN_SN_P,"Patients who reported that their doctors ""Sometimes"" or ""Never"" listened carefully to them","Doctors ""sometimes"" or ""never"" listened carefully",5,10/01/2024,09/30/2025
NH,H_DOCTOR_LISTEN_U_P,"Patients who reported that their doctors ""Usually"" listened carefully to them","Doctors ""usually"" listened carefully",16,10/01/2024,09/30/2025
NH,H_DOCTOR_EXPLAIN_A_P,"Patients who reported that their doctors ""Always"" explained things in a way they could understand","Doctors ""always"" explained things so they could understand",76,10/01/2024,09/30/2025
NH,H_DOCTOR_EXPLAIN_SN_P,"Patients who reported that their doctors ""Sometimes"" or ""Never"" explained things in a way they could understand","Doctors ""sometimes"" or ""never"" explained things so they could understand",6,10/01/2024,09/30/2025
NH,H_DOCTOR_EXPLAIN_U_P,"Patients who reported that their doctors ""Usually"" explained things in a way they could understand","Doctors ""usually"" explained things so they could understand",18,10/01/2024,09/30/2025
NH,H_COMP_5_A_P,"Patients who reported that staff ""Always"" explained about medicines before giving it to them","Staff ""always"" explained",64,10/01/2024,09/30/2025
NH,H_COMP_5_SN_P,"Patients who reported that staff ""Sometimes"" or ""Never"" explained about medicines before giving it to them","Staff ""sometimes"" or ""never"" explained",17,10/01/2024,09/30/2025
NH,H_COMP_5_U_P,"Patients who reported that staff ""Usually"" explained about medicines before giving it to them","Staff ""usually"" explained",19,10/01/2024,09/30/2025
NH,H_MED_FOR_A_P,"Patients who reported that when receiving new medication the staff ""Always"" communicated what the medication was for","Staff ""always"" explained new medications",77,10/01/2024,09/30/2025
NH,H_MED_FOR_SN_P,"Patients who reported that when receiving new medication the staff ""Sometimes"" or ""Never"" communicated what the medication was for","Staff ""sometimes"" or ""never"" explained new medications",8,10/01/2024,09/30/2025
NH,H_MED_FOR_U_P,"Patients who reported that when receiving new medication the staff ""Usually"" communicated what the medication was for.","Staff ""usually"" explained new medications",15,10/01/2024,09/30/2025
NH,H_SIDE_EFFECTS_A_P,"Patients who reported that when receiving new medication the staff ""Always"" discussed possible side effects","Staff ""always"" explained possible side effects",51,10/01/2024,09/30/2025
NH,H_SIDE_EFFECTS_SN_P,"Patients who reported that when receiving new medication the staff ""Sometimes"" or ""Never"" discussed possible side effects","Staff ""sometimes"" or ""never"" explained possible side effects",27,10/01/2024,09/30/2025
NH,H_SIDE_EFFECTS_U_P,"Patients who reported that when receiving new medication the staff ""Usually"" discussed possible side effects","Staff ""usually"" explained possible side effects",22,10/01/2024,09/30/2025
NH,H_COMP_6_N_P,"Patients who reported that NO, they were not given information about what to do during their recovery at home","No, staff ""did not"" give patients this information",10,10/01/2024,09/30/2025
NH,H_COMP_6_Y_P,"Patients who reported that YES, they were given information about what to do during their recovery at home","Yes, staff ""did"" give patients this information",90,10/01/2024,09/30/2025
NH,H_DISCH_HELP_N_P,"Patients who reported that NO, they did not discuss whether they would need help after discharge","No, staff ""did not"" give patients information about help after discharge",11,10/01/2024,09/30/2025
NH,H_DISCH_HELP_Y_P,"Patients who reported that YES, they did discuss whether they would need help after discharge","Yes, staff ""did"" give patients information about help after discharge",89,10/01/2024,09/30/2025
NH,H_SYMPTOMS_N_P,"Patients who reported that NO, they did not receive written information about possible symptoms to look out for after discharge","No, staff ""did not"" give patients information about possible symptoms",10,10/01/2024,09/30/2025
NH,H_SYMPTOMS_Y_P,"Patients who reported that YES, they did receive written information about possible symptoms to look out for after discharge","Yes, staff ""did"" give patients information about possible symptoms",90,10/01/2024,09/30/2025
NH,H_CLEAN_HSP_A_P,"Patients who reported that their room and bathroom were ""Always"" clean","Room was ""always"" clean",76,10/01/2024,09/30/2025
NH,H_CLEAN_HSP_SN_P,"Patients who reported that their room and bathroom were ""Sometimes"" or ""Never"" clean","Room was ""sometimes"" or ""never"" clean",7,10/01/2024,09/30/2025
NH,H_CLEAN_HSP_U_P,"Patients who reported that their room and bathroom were ""Usually"" clean","Room was ""usually"" clean",17,10/01/2024,09/30/2025
NH,H_QUIET_HSP_A_P,"Patients who reported that the area around their room was ""Always"" quiet at night","""Always"" quiet at night",54,10/01/2024,09/30/2025
NH,H_QUIET_HSP_SN_P,"Patients who reported that the area around their room was ""Sometimes"" or ""Never"" quiet at night","""Sometimes"" or ""never"" quiet at night",11,10/01/2024,09/30/2025
NH,H_QUIET_HSP_U_P,"Patients who reported that the area around their room was ""Usually"" quiet at night","""Usually"" quiet at night",35,10/01/2024,09/30/2025
NH,H_HSP_RATING_0_6,Patients who gave their hospital a rating of 6 or lower on a scale from 0 (lowest) to 10 (highest),"Patients who gave a rating of ""6"" or lower (low)",7,10/01/2024,09/30/2025
NH,H_HSP_RATING_7_8,Patients who gave their hospital a rating of 7 or 8 on a scale from 0 (lowest) to 10 (highest),"Patients who gave a rating of ""7"" or ""8"" (medium)",20,10/01/2024,09/30/2025
NH,H_HSP_RATING_9_10,Patients who gave their hospital a rating of 9 or 10 on a scale from 0 (lowest) to 10 (highest),"Patients who gave a rating of ""9"" or ""10"" (high)",73,10/01/2024,09/30/2025
NH,H_RECMND_DN,"Patients who reported NO, they would probably not or definitely not recommend the hospital","""NO"", patients would not recommend the hospital (they probably would not or definitely would not recommend it)",5,10/01/2024,09/30/2025
NH,H_RECMND_DY,"Patients who reported YES, they would definitely recommend the hospital","""YES"", patients would definitely recommend the hospital",73,10/01/2024,09/30/2025
NH,H_RECMND_PY,"Patients who reported YES, they would probably recommend the hospital","""YES"", patients would probably recommend the hospital",22,10/01/2024,09/30/2025
NJ,H_COMP_1_A_P,"Patients who reported that their nurses ""Always"" communicated well","Nurses ""always"" communicated well",76,10/01/2024,09/30/2025
NJ,H_COMP_1_SN_P,"Patients who reported that their nurses ""Sometimes"" or ""Never"" communicated well","Nurses ""sometimes"" or ""never"" communicated well",6,10/01/2024,09/30/2025
NJ,H_COMP_1_U_P,"Patients who reported that their nurses ""Usually"" communicated well","Nurses ""usually"" communicated well",18,10/01/2024,09/30/2025
NJ,H_NURSE_RESPECT_A_P,"Patients who reported that their nurses ""Always"" treated them with courtesy and respect","Nurses ""always"" treated them with courtesy and  respect",83,10/01/2024,09/30/2025
NJ,H_NURSE_RESPECT_SN_P,"Patients who reported that their nurses ""Sometimes"" or ""Never""  treated them with courtesy and respect","Nurses ""sometimes"" or ""never"" treated them with courtesy and  respect",4,10/01/2024,09/30/2025
NJ,H_NURSE_RESPECT_U_P,"Patients who reported that their nurses ""Usually""  treated them with courtesy and respect","Nurses ""usually""  treated them with courtesy and  respect",13,10/01/2024,09/30/2025
NJ,H_NURSE_LISTEN_A_P,"Patients who reported that their nurses ""Always"" listened carefully to them","Nurses ""always"" listened carefully",74,10/01/2024,09/30/2025
NJ,H_NURSE_LISTEN_SN_P,"Patients who reported that their nurses ""Sometimes"" or ""Never"" listened carefully to them","Nurses ""sometimes"" or ""never"" listened carefully",6,10/01/2024,09/30/2025
NJ,H_NURSE_LISTEN_U_P,"Patients who reported that their nurses ""Usually"" listened carefully to them","Nurses ""usually"" listened carefully",20,10/01/2024,09/30/2025
NJ,H_NURSE_EXPLAIN_A_P,"Patients who reported that their nurses ""Always"" explained things in a way they could understand","Nurses ""always"" explained things so they could understand",72,10/01/2024,09/30/2025
NJ,H_NURSE_EXPLAIN_SN_P,"Patients who reported that their nurses ""Sometimes"" or ""Never"" explained things in a way they could understand","Nurses ""sometimes"" or ""never"" explained things so they could understand",8,10/01/2024,09/30/2025
NJ,H_NURSE_EXPLAIN_U_P,"Patients who reported that their nurses ""Usually"" explained things in a way they could understand","Nurses ""usually"" explained things so they could understand",20,10/01/2024,09/30/2025
NJ,H_COMP_2_A_P,"Patients who reported that their doctors ""Always"" communicated well","Doctors ""always"" communicated well",75,10/01/2024,09/30/2025
NJ,H_COMP_2_SN_P,"Patients who reported that their doctors ""Sometimes"" or ""Never"" communicated well","Doctors ""sometimes"" or ""never"" communicated well",7,10/01/2024,09/30/2025
NJ,H_COMP_2_U_P,"Patients who reported that their doctors ""Usually"" communicated well","Doctors ""usually"" communicated well",18,10/01/2024,09/30/2025
NJ,H_DOCTOR_RESPECT_A_P,"Patients who reported that their doctors ""Always"" treated them with courtesy and respect","Doctors ""always"" treated them with courtesy and  respect",82,10/01/2024,09/30/2025
NJ,H_DOCTOR_RESPECT_SN_P,"Patients who reported that their doctors ""Sometimes"" or ""Never""  treated them with courtesy and respect","Doctors ""sometimes"" or ""never"" treated them with courtesy and  respect",5,10/01/2024,09/30/2025
NJ,H_DOCTOR_RESPECT_U_P,"Patients who reported that their doctors ""Usually""  treated them with courtesy and respect","Doctors ""usually""  treated them with courtesy and  respect",13,10/01/2024,09/30/2025
NJ,H_DOCTOR_LISTEN_A_P,"Patients who reported that their doctors ""Always"" listened carefully to them","Doctors ""always"" listened carefully",74,10/01/2024,09/30/2025
NJ,H_DOCTOR_LISTEN_SN_P,"Patients who reported that their doctors ""Sometimes"" or ""Never"" listened carefully to them","Doctors ""sometimes"" or ""never"" listened carefully",7,10/01/2024,09/30/2025
NJ,H_DOCTOR_LISTEN_U_P,"Patients who reported that their doctors ""Usually"" listened carefully to them","Doctors ""usually"" listened carefully",19,10/01/2024,09/30/2025
NJ,H_DOCTOR_EXPLAIN_A_P,"Patients who reported that their doctors ""Always"" explained things in a way they could understand","Doctors ""always"" explained things so they could understand",70,10/01/2024,09/30/2025
NJ,H_DOCTOR_EXPLAIN_SN_P,"Patients who reported that their doctors ""Sometimes"" or ""Never"" explained things in a way they could understand","Doctors ""sometimes"" or ""never"" explained things so they could understand",9,10/01/2024,09/30/2025
NJ,H_DOCTOR_EXPLAIN_U_P,"Patients who reported that their doctors ""Usually"" explained things in a way they could understand","Doctors ""usually"" explained things so they could understand",21,10/01/2024,09/30/2025
NJ,H_COMP_5_A_P,"Patients who reported that staff ""Always"" explained about medicines before giving it to them","Staff ""always"" explained",58,10/01/2024,09/30/2025
NJ,H_COMP_5_SN_P,"Patients who reported that staff ""Sometimes"" or ""Never"" explained about medicines before giving it to them","Staff ""sometimes"" or ""never"" explained",23,10/01/2024,09/30/2025
NJ,H_COMP_5_U_P,"Patients who reported that staff ""Usually"" explained about medicines before giving it to them","Staff ""usually"" explained",19,10/01/2024,09/30/2025
NJ,H_MED_FOR_A_P,"Patients who reported that when receiving new medication the staff ""Always"" communicated what the medication was for","Staff ""always"" explained new medications",72,10/01/2024,09/30/2025
NJ,H_MED_FOR_SN_P,"Patients who reported that when receiving new medication the staff ""Sometimes"" or ""Never"" communicated what the medication was for","Staff ""sometimes"" or ""never"" explained new medications",11,10/01/2024,09/30/2025
NJ,H_MED_FOR_U_P,"Patients who reported that when receiving new medication the staff ""Usually"" communicated what the medication was for.","Staff ""usually"" explained new medications",17,10/01/2024,09/30/2025
NJ,H_SIDE_EFFECTS_A_P,"Patients who reported that when receiving new medication the staff ""Always"" discussed possible side effects","Staff ""always"" explained possible side effects",44,10/01/2024,09/30/2025
NJ,H_SIDE_EFFECTS_SN_P,"Patients who reported that when receiving new medication the staff ""Sometimes"" or ""Never"" discussed possible side effects","Staff ""sometimes"" or ""never"" explained possible side effects",34,10/01/2024,09/30/2025
NJ,H_SIDE_EFFECTS_U_P,"Patients who reported that when receiving new medication the staff ""Usually"" discussed possible side effects","Staff ""usually"" explained possible side effects",22,10/01/2024,09/30/2025
NJ,H_COMP_6_N_P,"Patients who reported that NO, they were not given information about what to do during their recovery at home","No, staff ""did not"" give patients this information",17,10/01/2024,09/30/2025
NJ,H_COMP_6_Y_P,"Patients who reported that YES, they were given information about what to do during their recovery at home","Yes, staff ""did"" give patients this information",83,10/01/2024,09/30/2025
NJ,H_DISCH_HELP_N_P,"Patients who reported that NO, they did not discuss whether they would need help after discharge","No, staff ""did not"" give patients information about help after discharge",18,10/01/2024,09/30/2025
NJ,H_DISCH_HELP_Y_P,"Patients who reported that YES, they did discuss whether they would need help after discharge","Yes, staff ""did"" give patients information about help after discharge",82,10/01/2024,09/30/2025
NJ,H_SYMPTOMS_N_P,"Patients who reported that NO, they did not receive written information about possible symptoms to look out for after discharge","No, staff ""did not"" give patients information about possible symptoms",15,10/01/2024,09/30/2025
NJ,H_SYMPTOMS_Y_P,"Patients who reported that YES, they did receive written information about possible symptoms to look out for after discharge","Yes, staff ""did"" give patients information about possible symptoms",85,10/01/2024,09/30/2025
NJ,H_CLEAN_HSP_A_P,"Patients who reported that their room and bathroom were ""Always"" clean","Room was ""always"" clean",69,10/01/2024,09/30/2025
NJ,H_CLEAN_HSP_SN_P,"Patients who reported that their room and bathroom were ""Sometimes"" or ""Never"" clean","Room was ""sometimes"" or ""never"" clean",10,10/01/2024,09/30/2025
NJ,H_CLEAN_HSP_U_P,"Patients who reported that their room and bathroom were ""Usually"" clean","Room was ""usually"" clean",21,10/01/2024,09/30/2025
NJ,H_QUIET_HSP_A_P,"Patients who reported that the area around their room was ""Always"" quiet at night","""Always"" quiet at night",49,10/01/2024,09/30/2025
NJ,H_QUIET_HSP_SN_P,"Patients who reported that the area around their room was ""Sometimes"" or ""Never"" quiet at night","""Sometimes"" or ""never"" quiet at night",17,10/01/2024,09/30/2025
NJ,H_QUIET_HSP_U_P,"Patients who reported that the area around their room was ""Usually"" quiet at night","""Usually"" quiet at night",34,10/01/2024,09/30/2025
NJ,H_HSP_RATING_0_6,Patients who gave their hospital a rating of 6 or lower on a scale from 0 (lowest) to 10 (highest),"Patients who gave a rating of ""6"" or lower (low)",11,10/01/2024,09/30/2025
NJ,H_HSP_RATING_7_8,Patients who gave their hospital a rating of 7 or 8 on a scale from 0 (lowest) to 10 (highest),"Patients who gave a rating of ""7"" or ""8"" (medium)",24,10/01/2024,09/30/2025
NJ,H_HSP_RATING_9_10,Patients who gave their hospital a rating of 9 or 10 on a scale from 0 (lowest) to 10 (highest),"Patients who gave a rating of ""9"" or ""10"" (high)",65,10/01/2024,09/30/2025
NJ,H_RECMND_DN,"Patients who reported NO, they would probably not or definitely not recommend the hospital","""NO"", patients would not recommend the hospital (they probably would not or definitely would not recommend it)",8,10/01/2024,09/30/2025
NJ,H_RECMND_DY,"Patients who reported YES, they would definitely recommend the hospital","""YES"", patients would definitely recommend the hospital",65,10/01/2024,09/30/2025
NJ,H_RECMND_PY,"Patients who reported YES, they would probably recommend the hospital","""YES"", patients would probably recommend the hospital",27,10/01/2024,09/30/2025
NM,H_COMP_1_A_P,"Patients who reported that their nurses ""Always"" communicated well","Nurses ""always"" communicated well",78,10/01/2024,09/30/2025
NM,H_COMP_1_SN_P,"Patients who reported that their nurses ""Sometimes"" or ""Never"" communicated well","Nurses ""sometimes"" or ""never"" communicated well",5,10/01/2024,09/30/2025
NM,H_COMP_1_U_P,"Patients who reported that their nurses ""Usually"" communicated well","Nurses ""usually"" communicated well",17,10/01/2024,09/30/2025
NM,H_NURSE_RESPECT_A_P,"Patients who reported that their nurses ""Always"" treated them with courtesy and respect","Nurses ""always"" treated them with courtesy and  respect",85,10/01/2024,09/30/2025
NM,H_NURSE_RESPECT_SN_P,"Patients who reported that their nurses ""Sometimes"" or ""Never""  treated them with courtesy and respect","Nurses ""sometimes"" or ""never"" treated them with courtesy and  respect",3,10/01/2024,09/30/2025
NM,H_NURSE_RESPECT_U_P,"Patients who reported that their nurses ""Usually""  treated them with courtesy and respect","Nurses ""usually""  treated them with courtesy and  respect",12,10/01/2024,09/30/2025
NM,H_NURSE_LISTEN_A_P,"Patients who reported that their nurses ""Always"" listened carefully to them","Nurses ""always"" listened carefully",75,10/01/2024,09/30/2025
NM,H_NURSE_LISTEN_SN_P,"Patients who reported that their nurses ""Sometimes"" or ""Never"" listened carefully to them","Nurses ""sometimes"" or ""never"" listened carefully",5,10/01/2024,09/30/2025
NM,H_NURSE_LISTEN_U_P,"Patients who reported that their nurses ""Usually"" listened carefully to them","Nurses ""usually"" listened carefully",20,10/01/2024,09/30/2025
NM,H_NURSE_EXPLAIN_A_P,"Patients who reported that their nurses ""Always"" explained things in a way they could understand","Nurses ""always"" explained things so they could understand",73,10/01/2024,09/30/2025
NM,H_NURSE_EXPLAIN_SN_P,"Patients who reported that their nurses ""Sometimes"" or ""Never"" explained things in a way they could understand","Nurses ""sometimes"" or ""never"" explained things so they could understand",6,10/01/2024,09/30/2025
NM,H_NURSE_EXPLAIN_U_P,"Patients who reported that their nurses ""Usually"" explained things in a way they could understand","Nurses ""usually"" explained things so they could understand",21,10/01/2024,09/30/2025
NM,H_COMP_2_A_P,"Patients who reported that their doctors ""Always"" communicated well","Doctors ""always"" communicated well",78,10/01/2024,09/30/2025
NM,H_COMP_2_SN_P,"Patients who reported that their doctors ""Sometimes"" or ""Never"" communicated well","Doctors ""sometimes"" or ""never"" communicated well",6,10/01/2024,09/30/2025
NM,H_COMP_2_U_P,"Patients who reported that their doctors ""Usually"" communicated well","Doctors ""usually"" communicated well",16,10/01/2024,09/30/2025
NM,H_DOCTOR_RESPECT_A_P,"Patients who reported that their doctors ""Always"" treated them with courtesy and respect","Doctors ""always"" treated them with courtesy and  respect",84,10/01/2024,09/30/2025
NM,H_DOCTOR_RESPECT_SN_P,"Patients who reported that their doctors ""Sometimes"" or ""Never""  treated them with courtesy and respect","Doctors ""sometimes"" or ""never"" treated them with courtesy and  respect",5,10/01/2024,09/30/2025
NM,H_DOCTOR_RESPECT_U_P,"Patients who reported that their doctors ""Usually""  treated them with courtesy and respect","Doctors ""usually""  treated them with courtesy and  respect",11,10/01/2024,09/30/2025
NM,H_DOCTOR_LISTEN_A_P,"Patients who reported that their doctors ""Always"" listened carefully to them","Doctors ""always"" listened carefully",76,10/01/2024,09/30/2025
NM,H_DOCTOR_LISTEN_SN_P,"Patients who reported that their doctors ""Sometimes"" or ""Never"" listened carefully to them","Doctors ""sometimes"" or ""never"" listened carefully",7,10/01/2024,09/30/2025
NM,H_DOCTOR_LISTEN_U_P,"Patients who reported that their doctors ""Usually"" listened carefully to them","Doctors ""usually"" listened carefully",17,10/01/2024,09/30/2025
NM,H_DOCTOR_EXPLAIN_A_P,"Patients who reported that their doctors ""Always"" explained things in a way they could understand","Doctors ""always"" explained things so they could understand",73,10/01/2024,09/30/2025
NM,H_DOCTOR_EXPLAIN_SN_P,"Patients who reported that their doctors ""Sometimes"" or ""Never"" explained things in a way they could understand","Doctors ""sometimes"" or ""never"" explained things so they could understand",8,10/01/2024,09/30/2025
NM,H_DOCTOR_EXPLAIN_U_P,"Patients who reported that their doctors ""Usually"" explained things in a way they could understand","Doctors ""usually"" explained things so they could understand",19,10/01/2024,09/30/2025
NM,H_COMP_5_A_P,"Patients who reported that staff ""Always"" explained about medicines before giving it to them","Staff ""always"" explained",62,10/01/2024,09/30/2025
NM,H_COMP_5_SN_P,"Patients who reported that staff ""Sometimes"" or ""Never"" explained about medicines before giving it to them","Staff ""sometimes"" or ""never"" explained",19,10/01/2024,09/30/2025
NM,H_COMP_5_U_P,"Patients who reported that staff ""Usually"" explained about medicines before giving it to them","Staff ""usually"" explained",19,10/01/2024,09/30/2025
NM,H_MED_FOR_A_P,"Patients who reported that when receiving new medication the staff ""Always"" communicated what the medication was for","Staff ""always"" explained new medications",73,10/01/2024,09/30/2025
NM,H_MED_FOR_SN_P,"Patients who reported that when receiving new medication the staff ""Sometimes"" or ""Never"" communicated what the medication was for","Staff ""sometimes"" or ""never"" explained new medications",10,10/01/2024,09/30/2025
NM,H_MED_FOR_U_P,"Patients who reported that when receiving new medication the staff ""Usually"" communicated what the medication was for.","Staff ""usually"" explained new medications",17,10/01/2024,09/30/2025
NM,H_SIDE_EFFECTS_A_P,"Patients who reported that when receiving new medication the staff ""Always"" discussed possible side effects","Staff ""always"" explained possible side effects",49,10/01/2024,09/30/2025
NM,H_SIDE_EFFECTS_SN_P,"Patients who reported that when receiving new medication the staff ""Sometimes"" or ""Never"" discussed possible side effects","Staff ""sometimes"" or ""never"" explained possible side effects",28,10/01/2024,09/30/2025
NM,H_SIDE_EFFECTS_U_P,"Patients who reported that when receiving new medication the staff ""Usually"" discussed possible side effects","Staff ""usually"" explained possible side effects",23,10/01/2024,09/30/2025
NM,H_COMP_6_N_P,"Patients who reported that NO, they were not given information about what to do during their recovery at home","No, staff ""did not"" give patients this information",17,10/01/2024,09/30/2025
NM,H_COMP_6_Y_P,"Patients who reported that YES, they were given information about what to do during their recovery at home","Yes, staff ""did"" give patients this information",83,10/01/2024,09/30/2025
NM,H_DISCH_HELP_N_P,"Patients who reported that NO, they did not discuss whether they would need help after discharge","No, staff ""did not"" give patients information about help after discharge",19,10/01/2024,09/30/2025
NM,H_DISCH_HELP_Y_P,"Patients who reported that YES, they did discuss whether they would need help after discharge","Yes, staff ""did"" give patients information about help after discharge",81,10/01/2024,09/30/2025
NM,H_SYMPTOMS_N_P,"Patients who reported that NO, they did not receive written information about possible symptoms to look out for after discharge","No, staff ""did not"" give patients information about possible symptoms",14,10/01/2024,09/30/2025
NM,H_SYMPTOMS_Y_P,"Patients who reported that YES, they did receive written information about possible symptoms to look out for after discharge","Yes, staff ""did"" give patients information about possible symptoms",86,10/01/2024,09/30/2025
NM,H_CLEAN_HSP_A_P,"Patients who reported that their room and bathroom were ""Always"" clean","Room was ""always"" clean",72,10/01/2024,09/30/2025
NM,H_CLEAN_HSP_SN_P,"Patients who reported that their room and bathroom were ""Sometimes"" or ""Never"" clean","Room was ""sometimes"" or ""never"" clean",9,10/01/2024,09/30/2025
NM,H_CLEAN_HSP_U_P,"Patients who reported that their room and bathroom were ""Usually"" clean","Room was ""usually"" clean",19,10/01/2024,09/30/2025
NM,H_QUIET_HSP_A_P,"Patients who reported that the area around their room was ""Always"" quiet at night","""Always"" quiet at night",60,10/01/2024,09/30/2025
NM,H_QUIET_HSP_SN_P,"Patients who reported that the area around their room was ""Sometimes"" or ""Never"" quiet at night","""Sometimes"" or ""never"" quiet at night",9,10/01/2024,09/30/2025
NM,H_QUIET_HSP_U_P,"Patients who reported that the area around their room was ""Usually"" quiet at night","""Usually"" quiet at night",31,10/01/2024,09/30/2025
NM,H_HSP_RATING_0_6,Patients who gave their hospital a rating of 6 or lower on a scale from 0 (lowest) to 10 (highest),"Patients who gave a rating of ""6"" or lower (low)",10,10/01/2024,09/30/2025
NM,H_HSP_RATING_7_8,Patients who gave their hospital a rating of 7 or 8 on a scale from 0 (lowest) to 10 (highest),"Patients who gave a rating of ""7"" or ""8"" (medium)",21,10/01/2024,09/30/2025
NM,H_HSP_RATING_9_10,Patients who gave their hospital a rating of 9 or 10 on a scale from 0 (lowest) to 10 (highest),"Patients who gave a rating of ""9"" or ""10"" (high)",69,10/01/2024,09/30/2025
NM,H_RECMND_DN,"Patients who reported NO, they would probably not or definitely not recommend the hospital","""NO"", patients would not recommend the hospital (they probably would not or definitely would not recommend it)",7,10/01/2024,09/30/2025
NM,H_RECMND_DY,"Patients who reported YES, they would definitely recommend the hospital","""YES"", patients would definitely recommend the hospital",66,10/01/2024,09/30/2025
NM,H_RECMND_PY,"Patients who reported YES, they would probably recommend the hospital","""YES"", patients would probably recommend the hospital",27,10/01/2024,09/30/2025
NV,H_COMP_1_A_P,"Patients who reported that their nurses ""Always"" communicated well","Nurses ""always"" communicated well",76,10/01/2024,09/30/2025
NV,H_COMP_1_SN_P,"Patients who reported that their nurses ""Sometimes"" or ""Never"" communicated well","Nurses ""sometimes"" or ""never"" communicated well",5,10/01/2024,09/30/2025
NV,H_COMP_1_U_P,"Patients who reported that their nurses ""Usually"" communicated well","Nurses ""usually"" communicated well",19,10/01/2024,09/30/2025
NV,H_NURSE_RESPECT_A_P,"Patients who reported that their nurses ""Always"" treated them with courtesy and respect","Nurses ""always"" treated them with courtesy and  respect",84,10/01/2024,09/30/2025
NV,H_NURSE_RESPECT_SN_P,"Patients who reported that their nurses ""Sometimes"" or ""Never""  treated them with courtesy and respect","Nurses ""sometimes"" or ""never"" treated them with courtesy and  respect",3,10/01/2024,09/30/2025
NV,H_NURSE_RESPECT_U_P,"Patients who reported that their nurses ""Usually""  treated them with courtesy and respect","Nurses ""usually""  treated them with courtesy and  respect",13,10/01/2024,09/30/2025
NV,H_NURSE_LISTEN_A_P,"Patients who reported that their nurses ""Always"" listened carefully to them","Nurses ""always"" listened carefully",73,10/01/2024,09/30/2025
NV,H_NURSE_LISTEN_SN_P,"Patients who reported that their nurses ""Sometimes"" or ""Never"" listened carefully to them","Nurses ""sometimes"" or ""never"" listened carefully",6,10/01/2024,09/30/2025
NV,H_NURSE_LISTEN_U_P,"Patients who reported that their nurses ""Usually"" listened carefully to them","Nurses ""usually"" listened carefully",21,10/01/2024,09/30/2025
NV,H_NURSE_EXPLAIN_A_P,"Patients who reported that their nurses ""Always"" explained things in a way they could understand","Nurses ""always"" explained things so they could understand",71,10/01/2024,09/30/2025
NV,H_NURSE_EXPLAIN_SN_P,"Patients who reported that their nurses ""Sometimes"" or ""Never"" explained things in a way they could understand","Nurses ""sometimes"" or ""never"" explained things so they could understand",7,10/01/2024,09/30/2025
NV,H_NURSE_EXPLAIN_U_P,"Patients who reported that their nurses ""Usually"" explained things in a way they could understand","Nurses ""usually"" explained things so they could understand",22,10/01/2024,09/30/2025
NV,H_COMP_2_A_P,"Patients who reported that their doctors ""Always"" communicated well","Doctors ""always"" communicated well",74,10/01/2024,09/30/2025
NV,H_COMP_2_SN_P,"Patients who reported that their doctors ""Sometimes"" or ""Never"" communicated well","Doctors ""sometimes"" or ""never"" communicated well",8,10/01/2024,09/30/2025
NV,H_COMP_2_U_P,"Patients who reported that their doctors ""Usually"" communicated well","Doctors ""usually"" communicated well",18,10/01/2024,09/30/2025
NV,H_DOCTOR_RESPECT_A_P,"Patients who reported that their doctors ""Always"" treated them with courtesy and respect","Doctors ""always"" treated them with courtesy and  respect",80,10/01/2024,09/30/2025
NV,H_DOCTOR_RESPECT_SN_P,"Patients who reported that their doctors ""Sometimes"" or ""Never""  treated them with courtesy and respect","Doctors ""sometimes"" or ""never"" treated them with courtesy and  respect",5,10/01/2024,09/30/2025
NV,H_DOCTOR_RESPECT_U_P,"Patients who reported that their doctors ""Usually""  treated them with courtesy and respect","Doctors ""usually""  treated them with courtesy and  respect",15,10/01/2024,09/30/2025
NV,H_DOCTOR_LISTEN_A_P,"Patients who reported that their doctors ""Always"" listened carefully to them","Doctors ""always"" listened carefully",71,10/01/2024,09/30/2025
NV,H_DOCTOR_LISTEN_SN_P,"Patients who reported that their doctors ""Sometimes"" or ""Never"" listened carefully to them","Doctors ""sometimes"" or ""never"" listened carefully",9,10/01/2024,09/30/2025
NV,H_DOCTOR_LISTEN_U_P,"Patients who reported that their doctors ""Usually"" listened carefully to them","Doctors ""usually"" listened carefully",20,10/01/2024,09/30/2025
NV,H_DOCTOR_EXPLAIN_A_P,"Patients who reported that their doctors ""Always"" explained things in a way they could understand","Doctors ""always"" explained things so they could understand",70,10/01/2024,09/30/2025
NV,H_DOCTOR_EXPLAIN_SN_P,"Patients who reported that their doctors ""Sometimes"" or ""Never"" explained things in a way they could understand","Doctors ""sometimes"" or ""never"" explained things so they could understand",9,10/01/2024,09/30/2025
NV,H_DOCTOR_EXPLAIN_U_P,"Patients who reported that their doctors ""Usually"" explained things in a way they could understand","Doctors ""usually"" explained things so they could understand",21,10/01/2024,09/30/2025
NV,H_COMP_5_A_P,"Patients who reported that staff ""Always"" explained about medicines before giving it to them","Staff ""always"" explained",59,10/01/2024,09/30/2025
NV,H_COMP_5_SN_P,"Patients who reported that staff ""Sometimes"" or ""Never"" explained about medicines before giving it to them","Staff ""sometimes"" or ""never"" explained",22,10/01/2024,09/30/2025
NV,H_COMP_5_U_P,"Patients who reported that staff ""Usually"" explained about medicines before giving it to them","Staff ""usually"" explained",19,10/01/2024,09/30/2025
NV,H_MED_FOR_A_P,"Patients who reported that when receiving new medication the staff ""Always"" communicated what the medication was for","Staff ""always"" explained new medications",72,10/01/2024,09/30/2025
NV,H_MED_FOR_SN_P,"Patients who reported that when receiving new medication the staff ""Sometimes"" or ""Never"" communicated what the medication was for","Staff ""sometimes"" or ""never"" explained new medications",12,10/01/2024,09/30/2025
NV,H_MED_FOR_U_P,"Patients who reported that when receiving new medication the staff ""Usually"" communicated what the medication was for.","Staff ""usually"" explained new medications",16,10/01/2024,09/30/2025
NV,H_SIDE_EFFECTS_A_P,"Patients who reported that when receiving new medication the staff ""Always"" discussed possible side effects","Staff ""always"" explained possible side effects",46,10/01/2024,09/30/2025
NV,H_SIDE_EFFECTS_SN_P,"Patients who reported that when receiving new medication the staff ""Sometimes"" or ""Never"" discussed possible side effects","Staff ""sometimes"" or ""never"" explained possible side effects",32,10/01/2024,09/30/2025
NV,H_SIDE_EFFECTS_U_P,"Patients who reported that when receiving new medication the staff ""Usually"" discussed possible side effects","Staff ""usually"" explained possible side effects",22,10/01/2024,09/30/2025
NV,H_COMP_6_N_P,"Patients who reported that NO, they were not given information about what to do during their recovery at home","No, staff ""did not"" give patients this information",16,10/01/2024,09/30/2025
NV,H_COMP_6_Y_P,"Patients who reported that YES, they were given information about what to do during their recovery at home","Yes, staff ""did"" give patients this information",84,10/01/2024,09/30/2025
NV,H_DISCH_HELP_N_P,"Patients who reported that NO, they did not discuss whether they would need help after discharge","No, staff ""did not"" give patients information about help after discharge",18,10/01/2024,09/30/2025
NV,H_DISCH_HELP_Y_P,"Patients who reported that YES, they did discuss whether they would need help after discharge","Yes, staff ""did"" give patients information about help after discharge",82,10/01/2024,09/30/2025
NV,H_SYMPTOMS_N_P,"Patients who reported that NO, they did not receive written information about possible symptoms to look out for after discharge","No, staff ""did not"" give patients information about possible symptoms",14,10/01/2024,09/30/2025
NV,H_SYMPTOMS_Y_P,"Patients who reported that YES, they did receive written information about possible symptoms to look out for after discharge","Yes, staff ""did"" give patients information about possible symptoms",86,10/01/2024,09/30/2025
NV,H_CLEAN_HSP_A_P,"Patients who reported that their room and bathroom were ""Always"" clean","Room was ""always"" clean",72,10/01/2024,09/30/2025
NV,H_CLEAN_HSP_SN_P,"Patients who reported that their room and bathroom were ""Sometimes"" or ""Never"" clean","Room was ""sometimes"" or ""never"" clean",9,10/01/2024,09/30/2025
NV,H_CLEAN_HSP_U_P,"Patients who reported that their room and bathroom were ""Usually"" clean","Room was ""usually"" clean",19,10/01/2024,09/30/2025
NV,H_QUIET_HSP_A_P,"Patients who reported that the area around their room was ""Always"" quiet at night","""Always"" quiet at night",55,10/01/2024,09/30/2025
NV,H_QUIET_HSP_SN_P,"Patients who reported that the area around their room was ""Sometimes"" or ""Never"" quiet at night","""Sometimes"" or ""never"" quiet at night",12,10/01/2024,09/30/2025
NV,H_QUIET_HSP_U_P,"Patients who reported that the area around their room was ""Usually"" quiet at night","""Usually"" quiet at night",33,10/01/2024,09/30/2025
NV,H_HSP_RATING_0_6,Patients who gave their hospital a rating of 6 or lower on a scale from 0 (lowest) to 10 (highest),"Patients who gave a rating of ""6"" or lower (low)",10,10/01/2024,09/30/2025
NV,H_HSP_RATING_7_8,Patients who gave their hospital a rating of 7 or 8 on a scale from 0 (lowest) to 10 (highest),"Patients who gave a rating of ""7"" or ""8"" (medium)",21,10/01/2024,09/30/2025
NV,H_HSP_RATING_9_10,Patients who gave their hospital a rating of 9 or 10 on a scale from 0 (lowest) to 10 (highest),"Patients who gave a rating of ""9"" or ""10"" (high)",69,10/01/2024,09/30/2025
NV,H_RECMND_DN,"Patients who reported NO, they would probably not or definitely not recommend the hospital","""NO"", patients would not recommend the hospital (they probably would not or definitely would not recommend it)",7,10/01/2024,09/30/2025
NV,H_RECMND_DY,"Patients who reported YES, they would definitely recommend the hospital","""YES"", patients would definitely recommend the hospital",69,10/01/2024,09/30/2025
NV,H_RECMND_PY,"Patients who reported YES, they would probably recommend the hospital","""YES"", patients would probably recommend the hospital",24,10/01/2024,09/30/2025
NY,H_COMP_1_A_P,"Patients who reported that their nurses ""Always"" communicated well","Nurses ""always"" communicated well",77,10/01/2024,09/30/2025
NY,H_COMP_1_SN_P,"Patients who reported that their nurses ""Sometimes"" or ""Never"" communicated well","Nurses ""sometimes"" or ""never"" communicated well",6,10/01/2024,09/30/2025
NY,H_COMP_1_U_P,"Patients who reported that their nurses ""Usually"" communicated well","Nurses ""usually"" communicated well",17,10/01/2024,09/30/2025
NY,H_NURSE_RESPECT_A_P,"Patients who reported that their nurses ""Always"" treated them with courtesy and respect","Nurses ""always"" treated them with courtesy and  respect",84,10/01/2024,09/30/2025
NY,H_NURSE_RESPECT_SN_P,"Patients who reported that their nurses ""Sometimes"" or ""Never""  treated them with courtesy and respect","Nurses ""sometimes"" or ""never"" treated them with courtesy and  respect",4,10/01/2024,09/30/2025
NY,H_NURSE_RESPECT_U_P,"Patients who reported that their nurses ""Usually""  treated them with courtesy and respect","Nurses ""usually""  treated them with courtesy and  respect",12,10/01/2024,09/30/2025
NY,H_NURSE_LISTEN_A_P,"Patients who reported that their nurses ""Always"" listened carefully to them","Nurses ""always"" listened carefully",74,10/01/2024,09/30/2025
NY,H_NURSE_LISTEN_SN_P,"Patients who reported that their nurses ""Sometimes"" or ""Never"" listened carefully to them","Nurses ""sometimes"" or ""never"" listened carefully",6,10/01/2024,09/30/2025
NY,H_NURSE_LISTEN_U_P,"Patients who reported that their nurses ""Usually"" listened carefully to them","Nurses ""usually"" listened carefully",20,10/01/2024,09/30/2025
NY,H_NURSE_EXPLAIN_A_P,"Patients who reported that their nurses ""Always"" explained things in a way they could understand","Nurses ""always"" explained things so they could understand",73,10/01/2024,09/30/2025
NY,H_NURSE_EXPLAIN_SN_P,"Patients who reported that their nurses ""Sometimes"" or ""Never"" explained things in a way they could understand","Nurses ""sometimes"" or ""never"" explained things so they could understand",7,10/01/2024,09/30/2025
NY,H_NURSE_EXPLAIN_U_P,"Patients who reported that their nurses ""Usually"" explained things in a way they could understand","Nurses ""usually"" explained things so they could understand",20,10/01/2024,09/30/2025
NY,H_COMP_2_A_P,"Patients who reported that their doctors ""Always"" communicated well","Doctors ""always"" communicated well",77,10/01/2024,09/30/2025
NY,H_COMP_2_SN_P,"Patients who reported that their doctors ""Sometimes"" or ""Never"" communicated well","Doctors ""sometimes"" or ""never"" communicated well",6,10/01/2024,09/30/2025
NY,H_COMP_2_U_P,"Patients who reported that their doctors ""Usually"" communicated well","Doctors ""usually"" communicated well",17,10/01/2024,09/30/2025
NY,H_DOCTOR_RESPECT_A_P,"Patients who reported that their doctors ""Always"" treated them with courtesy and respect","Doctors ""always"" treated them with courtesy and  respect",83,10/01/2024,09/30/2025
NY,H_DOCTOR_RESPECT_SN_P,"Patients who reported that their doctors ""Sometimes"" or ""Never""  treated them with courtesy and respect","Doctors ""sometimes"" or ""never"" treated them with courtesy and  respect",4,10/01/2024,09/30/2025
NY,H_DOCTOR_RESPECT_U_P,"Patients who reported that their doctors ""Usually""  treated them with courtesy and respect","Doctors ""usually""  treated them with courtesy and  respect",13,10/01/2024,09/30/2025
NY,H_DOCTOR_LISTEN_A_P,"Patients who reported that their doctors ""Always"" listened carefully to them","Doctors ""always"" listened carefully",75,10/01/2024,09/30/2025
NY,H_DOCTOR_LISTEN_SN_P,"Patients who reported that their doctors ""Sometimes"" or ""Never"" listened carefully to them","Doctors ""sometimes"" or ""never"" listened carefully",7,10/01/2024,09/30/2025
NY,H_DOCTOR_LISTEN_U_P,"Patients who reported that their doctors ""Usually"" listened carefully to them","Doctors ""usually"" listened carefully",18,10/01/2024,09/30/2025
NY,H_DOCTOR_EXPLAIN_A_P,"Patients who reported that their doctors ""Always"" explained things in a way they could understand","Doctors ""always"" explained things so they could understand",72,10/01/2024,09/30/2025
NY,H_DOCTOR_EXPLAIN_SN_P,"Patients who reported that their doctors ""Sometimes"" or ""Never"" explained things in a way they could understand","Doctors ""sometimes"" or ""never"" explained things so they could understand",8,10/01/2024,09/30/2025
NY,H_DOCTOR_EXPLAIN_U_P,"Patients who reported that their doctors ""Usually"" explained things in a way they could understand","Doctors ""usually"" explained things so they could understand",20,10/01/2024,09/30/2025
NY,H_COMP_5_A_P,"Patients who reported that staff ""Always"" explained about medicines before giving it to them","Staff ""always"" explained",59,10/01/2024,09/30/2025
NY,H_COMP_5_SN_P,"Patients who reported that staff ""Sometimes"" or ""Never"" explained about medicines before giving it to them","Staff ""sometimes"" or ""never"" explained",22,10/01/2024,09/30/2025
NY,H_COMP_5_U_P,"Patients who reported that staff ""Usually"" explained about medicines before giving it to them","Staff ""usually"" explained",19,10/01/2024,09/30/2025
NY,H_MED_FOR_A_P,"Patients who reported that when receiving new medication the staff ""Always"" communicated what the medication was for","Staff ""always"" explained new medications",73,10/01/2024,09/30/2025
NY,H_MED_FOR_SN_P,"Patients who reported that when receiving new medication the staff ""Sometimes"" or ""Never"" communicated what the medication was for","Staff ""sometimes"" or ""never"" explained new medications",11,10/01/2024,09/30/2025
NY,H_MED_FOR_U_P,"Patients who reported that when receiving new medication the staff ""Usually"" communicated what the medication was for.","Staff ""usually"" explained new medications",16,10/01/2024,09/30/2025
NY,H_SIDE_EFFECTS_A_P,"Patients who reported that when receiving new medication the staff ""Always"" discussed possible side effects","Staff ""always"" explained possible side effects",45,10/01/2024,09/30/2025
NY,H_SIDE_EFFECTS_SN_P,"Patients who reported that when receiving new medication the staff ""Sometimes"" or ""Never"" discussed possible side effects","Staff ""sometimes"" or ""never"" explained possible side effects",33,10/01/2024,09/30/2025
NY,H_SIDE_EFFECTS_U_P,"Patients who reported that when receiving new medication the staff ""Usually"" discussed possible side effects","Staff ""usually"" explained possible side effects",22,10/01/2024,09/30/2025
NY,H_COMP_6_N_P,"Patients who reported that NO, they were not given information about what to do during their recovery at home","No, staff ""did not"" give patients this information",15,10/01/2024,09/30/2025
NY,H_COMP_6_Y_P,"Patients who reported that YES, they were given information about what to do during their recovery at home","Yes, staff ""did"" give patients this information",85,10/01/2024,09/30/2025
NY,H_DISCH_HELP_N_P,"Patients who reported that NO, they did not discuss whether they would need help after discharge","No, staff ""did not"" give patients information about help after discharge",17,10/01/2024,09/30/2025
NY,H_DISCH_HELP_Y_P,"Patients who reported that YES, they did discuss whether they would need help after discharge","Yes, staff ""did"" give patients information about help after discharge",83,10/01/2024,09/30/2025
NY,H_SYMPTOMS_N_P,"Patients who reported that NO, they did not receive written information about possible symptoms to look out for after discharge","No, staff ""did not"" give patients information about possible symptoms",14,10/01/2024,09/30/2025
NY,H_SYMPTOMS_Y_P,"Patients who reported that YES, they did receive written information about possible symptoms to look out for after discharge","Yes, staff ""did"" give patients information about possible symptoms",86,10/01/2024,09/30/2025
NY,H_CLEAN_HSP_A_P,"Patients who reported that their room and bathroom were ""Always"" clean","Room was ""always"" clean",69,10/01/2024,09/30/2025
NY,H_CLEAN_HSP_SN_P,"Patients who reported that their room and bathroom were ""Sometimes"" or ""Never"" clean","Room was ""sometimes"" or ""never"" clean",10,10/01/2024,09/30/2025
NY,H_CLEAN_HSP_U_P,"Patients who reported that their room and bathroom were ""Usually"" clean","Room was ""usually"" clean",21,10/01/2024,09/30/2025
NY,H_QUIET_HSP_A_P,"Patients who reported that the area around their room was ""Always"" quiet at night","""Always"" quiet at night",49,10/01/2024,09/30/2025
NY,H_QUIET_HSP_SN_P,"Patients who reported that the area around their room was ""Sometimes"" or ""Never"" quiet at night","""Sometimes"" or ""never"" quiet at night",16,10/01/2024,09/30/2025
NY,H_QUIET_HSP_U_P,"Patients who reported that the area around their room was ""Usually"" quiet at night","""Usually"" quiet at night",35,10/01/2024,09/30/2025
NY,H_HSP_RATING_0_6,Patients who gave their hospital a rating of 6 or lower on a scale from 0 (lowest) to 10 (highest),"Patients who gave a rating of ""6"" or lower (low)",11,10/01/2024,09/30/2025
NY,H_HSP_RATING_7_8,Patients who gave their hospital a rating of 7 or 8 on a scale from 0 (lowest) to 10 (highest),"Patients who gave a rating of ""7"" or ""8"" (medium)",23,10/01/2024,09/30/2025
NY,H_HSP_RATING_9_10,Patients who gave their hospital a rating of 9 or 10 on a scale from 0 (lowest) to 10 (highest),"Patients who gave a rating of ""9"" or ""10"" (high)",66,10/01/2024,09/30/2025
NY,H_RECMND_DN,"Patients who reported NO, they would probably not or definitely not recommend the hospital","""NO"", patients would not recommend the hospital (they probably would not or definitely would not recommend it)",7,10/01/2024,09/30/2025
NY,H_RECMND_DY,"Patients who reported YES, they would definitely recommend the hospital","""YES"", patients would definitely recommend the hospital",67,10/01/2024,09/30/2025
NY,H_RECMND_PY,"Patients who reported YES, they would probably recommend the hospital","""YES"", patients would probably recommend the hospital",26,10/01/2024,09/30/2025
OH,H_COMP_1_A_P,"Patients who reported that their nurses ""Always"" communicated well","Nurses ""always"" communicated well",81,10/01/2024,09/30/2025
OH,H_COMP_1_SN_P,"Patients who reported that their nurses ""Sometimes"" or ""Never"" communicated well","Nurses ""sometimes"" or ""never"" communicated well",3,10/01/2024,09/30/2025
OH,H_COMP_1_U_P,"Patients who reported that their nurses ""Usually"" communicated well","Nurses ""usually"" communicated well",16,10/01/2024,09/30/2025
OH,H_NURSE_RESPECT_A_P,"Patients who reported that their nurses ""Always"" treated them with courtesy and respect","Nurses ""always"" treated them with courtesy and  respect",87,10/01/2024,09/30/2025
OH,H_NURSE_RESPECT_SN_P,"Patients who reported that their nurses ""Sometimes"" or ""Never""  treated them with courtesy and respect","Nurses ""sometimes"" or ""never"" treated them with courtesy and  respect",2,10/01/2024,09/30/2025
OH,H_NURSE_RESPECT_U_P,"Patients who reported that their nurses ""Usually""  treated them with courtesy and respect","Nurses ""usually""  treated them with courtesy and  respect",11,10/01/2024,09/30/2025
OH,H_NURSE_LISTEN_A_P,"Patients who reported that their nurses ""Always"" listened carefully to them","Nurses ""always"" listened carefully",79,10/01/2024,09/30/2025
OH,H_NURSE_LISTEN_SN_P,"Patients who reported that their nurses ""Sometimes"" or ""Never"" listened carefully to them","Nurses ""sometimes"" or ""never"" listened carefully",4,10/01/2024,09/30/2025
OH,H_NURSE_LISTEN_U_P,"Patients who reported that their nurses ""Usually"" listened carefully to them","Nurses ""usually"" listened carefully",17,10/01/2024,09/30/2025
OH,H_NURSE_EXPLAIN_A_P,"Patients who reported that their nurses ""Always"" explained things in a way they could understand","Nurses ""always"" explained things so they could understand",77,10/01/2024,09/30/2025
OH,H_NURSE_EXPLAIN_SN_P,"Patients who reported that their nurses ""Sometimes"" or ""Never"" explained things in a way they could understand","Nurses ""sometimes"" or ""never"" explained things so they could understand",5,10/01/2024,09/30/2025
OH,H_NURSE_EXPLAIN_U_P,"Patients who reported that their nurses ""Usually"" explained things in a way they could understand","Nurses ""usually"" explained things so they could understand",18,10/01/2024,09/30/2025
OH,H_COMP_2_A_P,"Patients who reported that their doctors ""Always"" communicated well","Doctors ""always"" communicated well",79,10/01/2024,09/30/2025
OH,H_COMP_2_SN_P,"Patients who reported that their doctors ""Sometimes"" or ""Never"" communicated well","Doctors ""sometimes"" or ""never"" communicated well",5,10/01/2024,09/30/2025
OH,H_COMP_2_U_P,"Patients who reported that their doctors ""Usually"" communicated well","Doctors ""usually"" communicated well",16,10/01/2024,09/30/2025
OH,H_DOCTOR_RESPECT_A_P,"Patients who reported that their doctors ""Always"" treated them with courtesy and respect","Doctors ""always"" treated them with courtesy and  respect",85,10/01/2024,09/30/2025
OH,H_DOCTOR_RESPECT_SN_P,"Patients who reported that their doctors ""Sometimes"" or ""Never""  treated them with courtesy and respect","Doctors ""sometimes"" or ""never"" treated them with courtesy and  respect",3,10/01/2024,09/30/2025
OH,H_DOCTOR_RESPECT_U_P,"Patients who reported that their doctors ""Usually""  treated them with courtesy and respect","Doctors ""usually""  treated them with courtesy and  respect",12,10/01/2024,09/30/2025
OH,H_DOCTOR_LISTEN_A_P,"Patients who reported that their doctors ""Always"" listened carefully to them","Doctors ""always"" listened carefully",78,10/01/2024,09/30/2025
OH,H_DOCTOR_LISTEN_SN_P,"Patients who reported that their doctors ""Sometimes"" or ""Never"" listened carefully to them","Doctors ""sometimes"" or ""never"" listened carefully",5,10/01/2024,09/30/2025
OH,H_DOCTOR_LISTEN_U_P,"Patients who reported that their doctors ""Usually"" listened carefully to them","Doctors ""usually"" listened carefully",17,10/01/2024,09/30/2025
OH,H_DOCTOR_EXPLAIN_A_P,"Patients who reported that their doctors ""Always"" explained things in a way they could understand","Doctors ""always"" explained things so they could understand",74,10/01/2024,09/30/2025
OH,H_DOCTOR_EXPLAIN_SN_P,"Patients who reported that their doctors ""Sometimes"" or ""Never"" explained things in a way they could understand","Doctors ""sometimes"" or ""never"" explained things so they could understand",6,10/01/2024,09/30/2025
OH,H_DOCTOR_EXPLAIN_U_P,"Patients who reported that their doctors ""Usually"" explained things in a way they could understand","Doctors ""usually"" explained things so they could understand",20,10/01/2024,09/30/2025
OH,H_COMP_5_A_P,"Patients who reported that staff ""Always"" explained about medicines before giving it to them","Staff ""always"" explained",62,10/01/2024,09/30/2025
OH,H_COMP_5_SN_P,"Patients who reported that staff ""Sometimes"" or ""Never"" explained about medicines before giving it to them","Staff ""sometimes"" or ""never"" explained",19,10/01/2024,09/30/2025
OH,H_COMP_5_U_P,"Patients who reported that staff ""Usually"" explained about medicines before giving it to them","Staff ""usually"" explained",19,10/01/2024,09/30/2025
OH,H_MED_FOR_A_P,"Patients who reported that when receiving new medication the staff ""Always"" communicated what the medication was for","Staff ""always"" explained new medications",76,10/01/2024,09/30/2025
OH,H_MED_FOR_SN_P,"Patients who reported that when receiving new medication the staff ""Sometimes"" or ""Never"" communicated what the medication was for","Staff ""sometimes"" or ""never"" explained new medications",9,10/01/2024,09/30/2025
OH,H_MED_FOR_U_P,"Patients who reported that when receiving new medication the staff ""Usually"" communicated what the medication was for.","Staff ""usually"" explained new medications",15,10/01/2024,09/30/2025
OH,H_SIDE_EFFECTS_A_P,"Patients who reported that when receiving new medication the staff ""Always"" discussed possible side effects","Staff ""always"" explained possible side effects",48,10/01/2024,09/30/2025
OH,H_SIDE_EFFECTS_SN_P,"Patients who reported that when receiving new medication the staff ""Sometimes"" or ""Never"" discussed possible side effects","Staff ""sometimes"" or ""never"" explained possible side effects",30,10/01/2024,09/30/2025
OH,H_SIDE_EFFECTS_U_P,"Patients who reported that when receiving new medication the staff ""Usually"" discussed possible side effects","Staff ""usually"" explained possible side effects",22,10/01/2024,09/30/2025
OH,H_COMP_6_N_P,"Patients who reported that NO, they were not given information about what to do during their recovery at home","No, staff ""did not"" give patients this information",12,10/01/2024,09/30/2025
OH,H_COMP_6_Y_P,"Patients who reported that YES, they were given information about what to do during their recovery at home","Yes, staff ""did"" give patients this information",88,10/01/2024,09/30/2025
OH,H_DISCH_HELP_N_P,"Patients who reported that NO, they did not discuss whether they would need help after discharge","No, staff ""did not"" give patients information about help after discharge",13,10/01/2024,09/30/2025
OH,H_DISCH_HELP_Y_P,"Patients who reported that YES, they did discuss whether they would need help after discharge","Yes, staff ""did"" give patients information about help after discharge",87,10/01/2024,09/30/2025
OH,H_SYMPTOMS_N_P,"Patients who reported that NO, they did not receive written information about possible symptoms to look out for after discharge","No, staff ""did not"" give patients information about possible symptoms",12,10/01/2024,09/30/2025
OH,H_SYMPTOMS_Y_P,"Patients who reported that YES, they did receive written information about possible symptoms to look out for after discharge","Yes, staff ""did"" give patients information about possible symptoms",88,10/01/2024,09/30/2025
OH,H_CLEAN_HSP_A_P,"Patients who reported that their room and bathroom were ""Always"" clean","Room was ""always"" clean",74,10/01/2024,09/30/2025
OH,H_CLEAN_HSP_SN_P,"Patients who reported that their room and bathroom were ""Sometimes"" or ""Never"" clean","Room was ""sometimes"" or ""never"" clean",8,10/01/2024,09/30/2025
OH,H_CLEAN_HSP_U_P,"Patients who reported that their room and bathroom were ""Usually"" clean","Room was ""usually"" clean",18,10/01/2024,09/30/2025
OH,H_QUIET_HSP_A_P,"Patients who reported that the area around their room was ""Always"" quiet at night","""Always"" quiet at night",57,10/01/2024,09/30/2025
OH,H_QUIET_HSP_SN_P,"Patients who reported that the area around their room was ""Sometimes"" or ""Never"" quiet at night","""Sometimes"" or ""never"" quiet at night",10,10/01/2024,09/30/2025
OH,H_QUIET_HSP_U_P,"Patients who reported that the area around their room was ""Usually"" quiet at night","""Usually"" quiet at night",33,10/01/2024,09/30/2025
OH,H_HSP_RATING_0_6,Patients who gave their hospital a rating of 6 or lower on a scale from 0 (lowest) to 10 (highest),"Patients who gave a rating of ""6"" or lower (low)",7,10/01/2024,09/30/2025
OH,H_HSP_RATING_7_8,Patients who gave their hospital a rating of 7 or 8 on a scale from 0 (lowest) to 10 (highest),"Patients who gave a rating of ""7"" or ""8"" (medium)",20,10/01/2024,09/30/2025
OH,H_HSP_RATING_9_10,Patients who gave their hospital a rating of 9 or 10 on a scale from 0 (lowest) to 10 (highest),"Patients who gave a rating of ""9"" or ""10"" (high)",73,10/01/2024,09/30/2025
OH,H_RECMND_DN,"Patients who reported NO, they would probably not or definitely not recommend the hospital","""NO"", patients would not recommend the hospital (they probably would not or definitely would not recommend it)",5,10/01/2024,09/30/2025
OH,H_RECMND_DY,"Patients who reported YES, they would definitely recommend the hospital","""YES"", patients would definitely recommend the hospital",71,10/01/2024,09/30/2025
OH,H_RECMND_PY,"Patients who reported YES, they would probably recommend the hospital","""YES"", patients would probably recommend the hospital",24,10/01/2024,09/30/2025
OK,H_COMP_1_A_P,"Patients who reported that their nurses ""Always"" communicated well","Nurses ""always"" communicated well",81,10/01/2024,09/30/2025
OK,H_COMP_1_SN_P,"Patients who reported that their nurses ""Sometimes"" or ""Never"" communicated well","Nurses ""sometimes"" or ""never"" communicated well",4,10/01/2024,09/30/2025
OK,H_COMP_1_U_P,"Patients who reported that their nurses ""Usually"" communicated well","Nurses ""usually"" communicated well",15,10/01/2024,09/30/2025
OK,H_NURSE_RESPECT_A_P,"Patients who reported that their nurses ""Always"" treated them with courtesy and respect","Nurses ""always"" treated them with courtesy and  respect",88,10/01/2024,09/30/2025
OK,H_NURSE_RESPECT_SN_P,"Patients who reported that their nurses ""Sometimes"" or ""Never""  treated them with courtesy and respect","Nurses ""sometimes"" or ""never"" treated them with courtesy and  respect",2,10/01/2024,09/30/2025
OK,H_NURSE_RESPECT_U_P,"Patients who reported that their nurses ""Usually""  treated them with courtesy and respect","Nurses ""usually""  treated them with courtesy and  respect",10,10/01/2024,09/30/2025
OK,H_NURSE_LISTEN_A_P,"Patients who reported that their nurses ""Always"" listened carefully to them","Nurses ""always"" listened carefully",78,10/01/2024,09/30/2025
OK,H_NURSE_LISTEN_SN_P,"Patients who reported that their nurses ""Sometimes"" or ""Never"" listened carefully to them","Nurses ""sometimes"" or ""never"" listened carefully",4,10/01/2024,09/30/2025
OK,H_NURSE_LISTEN_U_P,"Patients who reported that their nurses ""Usually"" listened carefully to them","Nurses ""usually"" listened carefully",18,10/01/2024,09/30/2025
OK,H_NURSE_EXPLAIN_A_P,"Patients who reported that their nurses ""Always"" explained things in a way they could understand","Nurses ""always"" explained things so they could understand",76,10/01/2024,09/30/2025
OK,H_NURSE_EXPLAIN_SN_P,"Patients who reported that their nurses ""Sometimes"" or ""Never"" explained things in a way they could understand","Nurses ""sometimes"" or ""never"" explained things so they could understand",5,10/01/2024,09/30/2025
OK,H_NURSE_EXPLAIN_U_P,"Patients who reported that their nurses ""Usually"" explained things in a way they could understand","Nurses ""usually"" explained things so they could understand",19,10/01/2024,09/30/2025
OK,H_COMP_2_A_P,"Patients who reported that their doctors ""Always"" communicated well","Doctors ""always"" communicated well",81,10/01/2024,09/30/2025
OK,H_COMP_2_SN_P,"Patients who reported that their doctors ""Sometimes"" or ""Never"" communicated well","Doctors ""sometimes"" or ""never"" communicated well",5,10/01/2024,09/30/2025
OK,H_COMP_2_U_P,"Patients who reported that their doctors ""Usually"" communicated well","Doctors ""usually"" communicated well",14,10/01/2024,09/30/2025
OK,H_DOCTOR_RESPECT_A_P,"Patients who reported that their doctors ""Always"" treated them with courtesy and respect","Doctors ""always"" treated them with courtesy and  respect",86,10/01/2024,09/30/2025
OK,H_DOCTOR_RESPECT_SN_P,"Patients who reported that their doctors ""Sometimes"" or ""Never""  treated them with courtesy and respect","Doctors ""sometimes"" or ""never"" treated them with courtesy and  respect",4,10/01/2024,09/30/2025
OK,H_DOCTOR_RESPECT_U_P,"Patients who reported that their doctors ""Usually""  treated them with courtesy and respect","Doctors ""usually""  treated them with courtesy and  respect",10,10/01/2024,09/30/2025
OK,H_DOCTOR_LISTEN_A_P,"Patients who reported that their doctors ""Always"" listened carefully to them","Doctors ""always"" listened carefully",79,10/01/2024,09/30/2025
OK,H_DOCTOR_LISTEN_SN_P,"Patients who reported that their doctors ""Sometimes"" or ""Never"" listened carefully to them","Doctors ""sometimes"" or ""never"" listened carefully",6,10/01/2024,09/30/2025
OK,H_DOCTOR_LISTEN_U_P,"Patients who reported that their doctors ""Usually"" listened carefully to them","Doctors ""usually"" listened carefully",15,10/01/2024,09/30/2025
OK,H_DOCTOR_EXPLAIN_A_P,"Patients who reported that their doctors ""Always"" explained things in a way they could understand","Doctors ""always"" explained things so they could understand",76,10/01/2024,09/30/2025
OK,H_DOCTOR_EXPLAIN_SN_P,"Patients who reported that their doctors ""Sometimes"" or ""Never"" explained things in a way they could understand","Doctors ""sometimes"" or ""never"" explained things so they could understand",6,10/01/2024,09/30/2025
OK,H_DOCTOR_EXPLAIN_U_P,"Patients who reported that their doctors ""Usually"" explained things in a way they could understand","Doctors ""usually"" explained things so they could understand",18,10/01/2024,09/30/2025
OK,H_COMP_5_A_P,"Patients who reported that staff ""Always"" explained about medicines before giving it to them","Staff ""always"" explained",63,10/01/2024,09/30/2025
OK,H_COMP_5_SN_P,"Patients who reported that staff ""Sometimes"" or ""Never"" explained about medicines before giving it to them","Staff ""sometimes"" or ""never"" explained",18,10/01/2024,09/30/2025
OK,H_COMP_5_U_P,"Patients who reported that staff ""Usually"" explained about medicines before giving it to them","Staff ""usually"" explained",19,10/01/2024,09/30/2025
OK,H_MED_FOR_A_P,"Patients who reported that when receiving new medication the staff ""Always"" communicated what the medication was for","Staff ""always"" explained new medications",76,10/01/2024,09/30/2025
OK,H_MED_FOR_SN_P,"Patients who reported that when receiving new medication the staff ""Sometimes"" or ""Never"" communicated what the medication was for","Staff ""sometimes"" or ""never"" explained new medications",9,10/01/2024,09/30/2025
OK,H_MED_FOR_U_P,"Patients who reported that when receiving new medication the staff ""Usually"" communicated what the medication was for.","Staff ""usually"" explained new medications",15,10/01/2024,09/30/2025
OK,H_SIDE_EFFECTS_A_P,"Patients who reported that when receiving new medication the staff ""Always"" discussed possible side effects","Staff ""always"" explained possible side effects",51,10/01/2024,09/30/2025
OK,H_SIDE_EFFECTS_SN_P,"Patients who reported that when receiving new medication the staff ""Sometimes"" or ""Never"" discussed possible side effects","Staff ""sometimes"" or ""never"" explained possible side effects",27,10/01/2024,09/30/2025
OK,H_SIDE_EFFECTS_U_P,"Patients who reported that when receiving new medication the staff ""Usually"" discussed possible side effects","Staff ""usually"" explained possible side effects",22,10/01/2024,09/30/2025
OK,H_COMP_6_N_P,"Patients who reported that NO, they were not given information about what to do during their recovery at home","No, staff ""did not"" give patients this information",13,10/01/2024,09/30/2025
OK,H_COMP_6_Y_P,"Patients who reported that YES, they were given information about what to do during their recovery at home","Yes, staff ""did"" give patients this information",87,10/01/2024,09/30/2025
OK,H_DISCH_HELP_N_P,"Patients who reported that NO, they did not discuss whether they would need help after discharge","No, staff ""did not"" give patients information about help after discharge",15,10/01/2024,09/30/2025
OK,H_DISCH_HELP_Y_P,"Patients who reported that YES, they did discuss whether they would need help after discharge","Yes, staff ""did"" give patients information about help after discharge",85,10/01/2024,09/30/2025
OK,H_SYMPTOMS_N_P,"Patients who reported that NO, they did not receive written information about possible symptoms to look out for after discharge","No, staff ""did not"" give patients information about possible symptoms",12,10/01/2024,09/30/2025
OK,H_SYMPTOMS_Y_P,"Patients who reported that YES, they did receive written information about possible symptoms to look out for after discharge","Yes, staff ""did"" give patients information about possible symptoms",88,10/01/2024,09/30/2025
OK,H_CLEAN_HSP_A_P,"Patients who reported that their room and bathroom were ""Always"" clean","Room was ""always"" clean",74,10/01/2024,09/30/2025
OK,H_CLEAN_HSP_SN_P,"Patients who reported that their room and bathroom were ""Sometimes"" or ""Never"" clean","Room was ""sometimes"" or ""never"" clean",9,10/01/2024,09/30/2025
OK,H_CLEAN_HSP_U_P,"Patients who reported that their room and bathroom were ""Usually"" clean","Room was ""usually"" clean",17,10/01/2024,09/30/2025
OK,H_QUIET_HSP_A_P,"Patients who reported that the area around their room was ""Always"" quiet at night","""Always"" quiet at night",66,10/01/2024,09/30/2025
OK,H_QUIET_HSP_SN_P,"Patients who reported that the area around their room was ""Sometimes"" or ""Never"" quiet at night","""Sometimes"" or ""never"" quiet at night",6,10/01/2024,09/30/2025
OK,H_QUIET_HSP_U_P,"Patients who reported that the area around their room was ""Usually"" quiet at night","""Usually"" quiet at night",28,10/01/2024,09/30/2025
OK,H_HSP_RATING_0_6,Patients who gave their hospital a rating of 6 or lower on a scale from 0 (lowest) to 10 (highest),"Patients who gave a rating of ""6"" or lower (low)",7,10/01/2024,09/30/2025
OK,H_HSP_RATING_7_8,Patients who gave their hospital a rating of 7 or 8 on a scale from 0 (lowest) to 10 (highest),"Patients who gave a rating of ""7"" or ""8"" (medium)",20,10/01/2024,09/30/2025
OK,H_HSP_RATING_9_10,Patients who gave their hospital a rating of 9 or 10 on a scale from 0 (lowest) to 10 (highest),"Patients who gave a rating of ""9"" or ""10"" (high)",73,10/01/2024,09/30/2025
OK,H_RECMND_DN,"Patients who reported NO, they would probably not or definitely not recommend the hospital","""NO"", patients would not recommend the hospital (they probably would not or definitely would not recommend it)",5,10/01/2024,09/30/2025
OK,H_RECMND_DY,"Patients who reported YES, they would definitely recommend the hospital","""YES"", patients would definitely recommend the hospital",74,10/01/2024,09/30/2025
OK,H_RECMND_PY,"Patients who reported YES, they would probably recommend the hospital","""YES"", patients would probably recommend the hospital",21,10/01/2024,09/30/2025
OR,H_COMP_1_A_P,"Patients who reported that their nurses ""Always"" communicated well","Nurses ""always"" communicated well",81,10/01/2024,09/30/2025
OR,H_COMP_1_SN_P,"Patients who reported that their nurses ""Sometimes"" or ""Never"" communicated well","Nurses ""sometimes"" or ""never"" communicated well",3,10/01/2024,09/30/2025
OR,H_COMP_1_U_P,"Patients who reported that their nurses ""Usually"" communicated well","Nurses ""usually"" communicated well",16,10/01/2024,09/30/2025
OR,H_NURSE_RESPECT_A_P,"Patients who reported that their nurses ""Always"" treated them with courtesy and respect","Nurses ""always"" treated them with courtesy and  respect",88,10/01/2024,09/30/2025
OR,H_NURSE_RESPECT_SN_P,"Patients who reported that their nurses ""Sometimes"" or ""Never""  treated them with courtesy and respect","Nurses ""sometimes"" or ""never"" treated them with courtesy and  respect",2,10/01/2024,09/30/2025
OR,H_NURSE_RESPECT_U_P,"Patients who reported that their nurses ""Usually""  treated them with courtesy and respect","Nurses ""usually""  treated them with courtesy and  respect",10,10/01/2024,09/30/2025
OR,H_NURSE_LISTEN_A_P,"Patients who reported that their nurses ""Always"" listened carefully to them","Nurses ""always"" listened carefully",78,10/01/2024,09/30/2025
OR,H_NURSE_LISTEN_SN_P,"Patients who reported that their nurses ""Sometimes"" or ""Never"" listened carefully to them","Nurses ""sometimes"" or ""never"" listened carefully",3,10/01/2024,09/30/2025
OR,H_NURSE_LISTEN_U_P,"Patients who reported that their nurses ""Usually"" listened carefully to them","Nurses ""usually"" listened carefully",19,10/01/2024,09/30/2025
OR,H_NURSE_EXPLAIN_A_P,"Patients who reported that their nurses ""Always"" explained things in a way they could understand","Nurses ""always"" explained things so they could understand",77,10/01/2024,09/30/2025
OR,H_NURSE_EXPLAIN_SN_P,"Patients who reported that their nurses ""Sometimes"" or ""Never"" explained things in a way they could understand","Nurses ""sometimes"" or ""never"" explained things so they could understand",4,10/01/2024,09/30/2025
OR,H_NURSE_EXPLAIN_U_P,"Patients who reported that their nurses ""Usually"" explained things in a way they could understand","Nurses ""usually"" explained things so they could understand",19,10/01/2024,09/30/2025
OR,H_COMP_2_A_P,"Patients who reported that their doctors ""Always"" communicated well","Doctors ""always"" communicated well",81,10/01/2024,09/30/2025
OR,H_COMP_2_SN_P,"Patients who reported that their doctors ""Sometimes"" or ""Never"" communicated well","Doctors ""sometimes"" or ""never"" communicated well",4,10/01/2024,09/30/2025
OR,H_COMP_2_U_P,"Patients who reported that their doctors ""Usually"" communicated well","Doctors ""usually"" communicated well",15,10/01/2024,09/30/2025
OR,H_DOCTOR_RESPECT_A_P,"Patients who reported that their doctors ""Always"" treated them with courtesy and respect","Doctors ""always"" treated them with courtesy and  respect",87,10/01/2024,09/30/2025
OR,H_DOCTOR_RESPECT_SN_P,"Patients who reported that their doctors ""Sometimes"" or ""Never""  treated them with courtesy and respect","Doctors ""sometimes"" or ""never"" treated them with courtesy and  respect",2,10/01/2024,09/30/2025
OR,H_DOCTOR_RESPECT_U_P,"Patients who reported that their doctors ""Usually""  treated them with courtesy and respect","Doctors ""usually""  treated them with courtesy and  respect",11,10/01/2024,09/30/2025
OR,H_DOCTOR_LISTEN_A_P,"Patients who reported that their doctors ""Always"" listened carefully to them","Doctors ""always"" listened carefully",79,10/01/2024,09/30/2025
OR,H_DOCTOR_LISTEN_SN_P,"Patients who reported that their doctors ""Sometimes"" or ""Never"" listened carefully to them","Doctors ""sometimes"" or ""never"" listened carefully",4,10/01/2024,09/30/2025
OR,H_DOCTOR_LISTEN_U_P,"Patients who reported that their doctors ""Usually"" listened carefully to them","Doctors ""usually"" listened carefully",17,10/01/2024,09/30/2025
OR,H_DOCTOR_EXPLAIN_A_P,"Patients who reported that their doctors ""Always"" explained things in a way they could understand","Doctors ""always"" explained things so they could understand",76,10/01/2024,09/30/2025
OR,H_DOCTOR_EXPLAIN_SN_P,"Patients who reported that their doctors ""Sometimes"" or ""Never"" explained things in a way they could understand","Doctors ""sometimes"" or ""never"" explained things so they could understand",5,10/01/2024,09/30/2025
OR,H_DOCTOR_EXPLAIN_U_P,"Patients who reported that their doctors ""Usually"" explained things in a way they could understand","Doctors ""usually"" explained things so they could understand",19,10/01/2024,09/30/2025
OR,H_COMP_5_A_P,"Patients who reported that staff ""Always"" explained about medicines before giving it to them","Staff ""always"" explained",65,10/01/2024,09/30/2025
OR,H_COMP_5_SN_P,"Patients who reported that staff ""Sometimes"" or ""Never"" explained about medicines before giving it to them","Staff ""sometimes"" or ""never"" explained",16,10/01/2024,09/30/2025
OR,H_COMP_5_U_P,"Patients who reported that staff ""Usually"" explained about medicines before giving it to them","Staff ""usually"" explained",19,10/01/2024,09/30/2025
OR,H_MED_FOR_A_P,"Patients who reported that when receiving new medication the staff ""Always"" communicated what the medication was for","Staff ""always"" explained new medications",77,10/01/2024,09/30/2025
OR,H_MED_FOR_SN_P,"Patients who reported that when receiving new medication the staff ""Sometimes"" or ""Never"" communicated what the medication was for","Staff ""sometimes"" or ""never"" explained new medications",8,10/01/2024,09/30/2025
OR,H_MED_FOR_U_P,"Patients who reported that when receiving new medication the staff ""Usually"" communicated what the medication was for.","Staff ""usually"" explained new medications",15,10/01/2024,09/30/2025
OR,H_SIDE_EFFECTS_A_P,"Patients who reported that when receiving new medication the staff ""Always"" discussed possible side effects","Staff ""always"" explained possible side effects",51,10/01/2024,09/30/2025
OR,H_SIDE_EFFECTS_SN_P,"Patients who reported that when receiving new medication the staff ""Sometimes"" or ""Never"" discussed possible side effects","Staff ""sometimes"" or ""never"" explained possible side effects",25,10/01/2024,09/30/2025
OR,H_SIDE_EFFECTS_U_P,"Patients who reported that when receiving new medication the staff ""Usually"" discussed possible side effects","Staff ""usually"" explained possible side effects",24,10/01/2024,09/30/2025
OR,H_COMP_6_N_P,"Patients who reported that NO, they were not given information about what to do during their recovery at home","No, staff ""did not"" give patients this information",11,10/01/2024,09/30/2025
OR,H_COMP_6_Y_P,"Patients who reported that YES, they were given information about what to do during their recovery at home","Yes, staff ""did"" give patients this information",89,10/01/2024,09/30/2025
OR,H_DISCH_HELP_N_P,"Patients who reported that NO, they did not discuss whether they would need help after discharge","No, staff ""did not"" give patients information about help after discharge",12,10/01/2024,09/30/2025
OR,H_DISCH_HELP_Y_P,"Patients who reported that YES, they did discuss whether they would need help after discharge","Yes, staff ""did"" give patients information about help after discharge",88,10/01/2024,09/30/2025
OR,H_SYMPTOMS_N_P,"Patients who reported that NO, they did not receive written information about possible symptoms to look out for after discharge","No, staff ""did not"" give patients information about possible symptoms",10,10/01/2024,09/30/2025
OR,H_SYMPTOMS_Y_P,"Patients who reported that YES, they did receive written information about possible symptoms to look out for after discharge","Yes, staff ""did"" give patients information about possible symptoms",90,10/01/2024,09/30/2025
OR,H_CLEAN_HSP_A_P,"Patients who reported that their room and bathroom were ""Always"" clean","Room was ""always"" clean",75,10/01/2024,09/30/2025
OR,H_CLEAN_HSP_SN_P,"Patients who reported that their room and bathroom were ""Sometimes"" or ""Never"" clean","Room was ""sometimes"" or ""never"" clean",7,10/01/2024,09/30/2025
OR,H_CLEAN_HSP_U_P,"Patients who reported that their room and bathroom were ""Usually"" clean","Room was ""usually"" clean",18,10/01/2024,09/30/2025
OR,H_QUIET_HSP_A_P,"Patients who reported that the area around their room was ""Always"" quiet at night","""Always"" quiet at night",57,10/01/2024,09/30/2025
OR,H_QUIET_HSP_SN_P,"Patients who reported that the area around their room was ""Sometimes"" or ""Never"" quiet at night","""Sometimes"" or ""never"" quiet at night",9,10/01/2024,09/30/2025
OR,H_QUIET_HSP_U_P,"Patients who reported that the area around their room was ""Usually"" quiet at night","""Usually"" quiet at night",34,10/01/2024,09/30/2025
OR,H_HSP_RATING_0_6,Patients who gave their hospital a rating of 6 or lower on a scale from 0 (lowest) to 10 (highest),"Patients who gave a rating of ""6"" or lower (low)",6,10/01/2024,09/30/2025
OR,H_HSP_RATING_7_8,Patients who gave their hospital a rating of 7 or 8 on a scale from 0 (lowest) to 10 (highest),"Patients who gave a rating of ""7"" or ""8"" (medium)",21,10/01/2024,09/30/2025
OR,H_HSP_RATING_9_10,Patients who gave their hospital a rating of 9 or 10 on a scale from 0 (lowest) to 10 (highest),"Patients who gave a rating of ""9"" or ""10"" (high)",73,10/01/2024,09/30/2025
OR,H_RECMND_DN,"Patients who reported NO, they would probably not or definitely not recommend the hospital","""NO"", patients would not recommend the hospital (they probably would not or definitely would not recommend it)",4,10/01/2024,09/30/2025
OR,H_RECMND_DY,"Patients who reported YES, they would definitely recommend the hospital","""YES"", patients would definitely recommend the hospital",74,10/01/2024,09/30/2025
OR,H_RECMND_PY,"Patients who reported YES, they would probably recommend the hospital","""YES"", patients would probably recommend the hospital",22,10/01/2024,09/30/2025
PA,H_COMP_1_A_P,"Patients who reported that their nurses ""Always"" communicated well","Nurses ""always"" communicated well",81,10/01/2024,09/30/2025
PA,H_COMP_1_SN_P,"Patients who reported that their nurses ""Sometimes"" or ""Never"" communicated well","Nurses ""sometimes"" or ""never"" communicated well",4,10/01/2024,09/30/2025
PA,H_COMP_1_U_P,"Patients who reported that their nurses ""Usually"" communicated well","Nurses ""usually"" communicated well",15,10/01/2024,09/30/2025
PA,H_NURSE_RESPECT_A_P,"Patients who reported that their nurses ""Always"" treated them with courtesy and respect","Nurses ""always"" treated them with courtesy and  respect",87,10/01/2024,09/30/2025
PA,H_NURSE_RESPECT_SN_P,"Patients who reported that their nurses ""Sometimes"" or ""Never""  treated them with courtesy and respect","Nurses ""sometimes"" or ""never"" treated them with courtesy and  respect",2,10/01/2024,09/30/2025
PA,H_NURSE_RESPECT_U_P,"Patients who reported that their nurses ""Usually""  treated them with courtesy and respect","Nurses ""usually""  treated them with courtesy and  respect",11,10/01/2024,09/30/2025
PA,H_NURSE_LISTEN_A_P,"Patients who reported that their nurses ""Always"" listened carefully to them","Nurses ""always"" listened carefully",79,10/01/2024,09/30/2025
PA,H_NURSE_LISTEN_SN_P,"Patients who reported that their nurses ""Sometimes"" or ""Never"" listened carefully to them","Nurses ""sometimes"" or ""never"" listened carefully",4,10/01/2024,09/30/2025
PA,H_NURSE_LISTEN_U_P,"Patients who reported that their nurses ""Usually"" listened carefully to them","Nurses ""usually"" listened carefully",17,10/01/2024,09/30/2025
PA,H_NURSE_EXPLAIN_A_P,"Patients who reported that their nurses ""Always"" explained things in a way they could understand","Nurses ""always"" explained things so they could understand",77,10/01/2024,09/30/2025
PA,H_NURSE_EXPLAIN_SN_P,"Patients who reported that their nurses ""Sometimes"" or ""Never"" explained things in a way they could understand","Nurses ""sometimes"" or ""never"" explained things so they could understand",5,10/01/2024,09/30/2025
PA,H_NURSE_EXPLAIN_U_P,"Patients who reported that their nurses ""Usually"" explained things in a way they could understand","Nurses ""usually"" explained things so they could understand",18,10/01/2024,09/30/2025
PA,H_COMP_2_A_P,"Patients who reported that their doctors ""Always"" communicated well","Doctors ""always"" communicated well",79,10/01/2024,09/30/2025
PA,H_COMP_2_SN_P,"Patients who reported that their doctors ""Sometimes"" or ""Never"" communicated well","Doctors ""sometimes"" or ""never"" communicated well",5,10/01/2024,09/30/2025
PA,H_COMP_2_U_P,"Patients who reported that their doctors ""Usually"" communicated well","Doctors ""usually"" communicated well",16,10/01/2024,09/30/2025
PA,H_DOCTOR_RESPECT_A_P,"Patients who reported that their doctors ""Always"" treated them with courtesy and respect","Doctors ""always"" treated them with courtesy and  respect",85,10/01/2024,09/30/2025
PA,H_DOCTOR_RESPECT_SN_P,"Patients who reported that their doctors ""Sometimes"" or ""Never""  treated them with courtesy and respect","Doctors ""sometimes"" or ""never"" treated them with courtesy and  respect",4,10/01/2024,09/30/2025
PA,H_DOCTOR_RESPECT_U_P,"Patients who reported that their doctors ""Usually""  treated them with courtesy and respect","Doctors ""usually""  treated them with courtesy and  respect",11,10/01/2024,09/30/2025
PA,H_DOCTOR_LISTEN_A_P,"Patients who reported that their doctors ""Always"" listened carefully to them","Doctors ""always"" listened carefully",78,10/01/2024,09/30/2025
PA,H_DOCTOR_LISTEN_SN_P,"Patients who reported that their doctors ""Sometimes"" or ""Never"" listened carefully to them","Doctors ""sometimes"" or ""never"" listened carefully",6,10/01/2024,09/30/2025
PA,H_DOCTOR_LISTEN_U_P,"Patients who reported that their doctors ""Usually"" listened carefully to them","Doctors ""usually"" listened carefully",16,10/01/2024,09/30/2025
PA,H_DOCTOR_EXPLAIN_A_P,"Patients who reported that their doctors ""Always"" explained things in a way they could understand","Doctors ""always"" explained things so they could understand",74,10/01/2024,09/30/2025
PA,H_DOCTOR_EXPLAIN_SN_P,"Patients who reported that their doctors ""Sometimes"" or ""Never"" explained things in a way they could understand","Doctors ""sometimes"" or ""never"" explained things so they could understand",6,10/01/2024,09/30/2025
PA,H_DOCTOR_EXPLAIN_U_P,"Patients who reported that their doctors ""Usually"" explained things in a way they could understand","Doctors ""usually"" explained things so they could understand",20,10/01/2024,09/30/2025
PA,H_COMP_5_A_P,"Patients who reported that staff ""Always"" explained about medicines before giving it to them","Staff ""always"" explained",62,10/01/2024,09/30/2025
PA,H_COMP_5_SN_P,"Patients who reported that staff ""Sometimes"" or ""Never"" explained about medicines before giving it to them","Staff ""sometimes"" or ""never"" explained",19,10/01/2024,09/30/2025
PA,H_COMP_5_U_P,"Patients who reported that staff ""Usually"" explained about medicines before giving it to them","Staff ""usually"" explained",19,10/01/2024,09/30/2025
PA,H_MED_FOR_A_P,"Patients who reported that when receiving new medication the staff ""Always"" communicated what the medication was for","Staff ""always"" explained new medications",76,10/01/2024,09/30/2025
PA,H_MED_FOR_SN_P,"Patients who reported that when receiving new medication the staff ""Sometimes"" or ""Never"" communicated what the medication was for","Staff ""sometimes"" or ""never"" explained new medications",9,10/01/2024,09/30/2025
PA,H_MED_FOR_U_P,"Patients who reported that when receiving new medication the staff ""Usually"" communicated what the medication was for.","Staff ""usually"" explained new medications",15,10/01/2024,09/30/2025
PA,H_SIDE_EFFECTS_A_P,"Patients who reported that when receiving new medication the staff ""Always"" discussed possible side effects","Staff ""always"" explained possible side effects",48,10/01/2024,09/30/2025
PA,H_SIDE_EFFECTS_SN_P,"Patients who reported that when receiving new medication the staff ""Sometimes"" or ""Never"" discussed possible side effects","Staff ""sometimes"" or ""never"" explained possible side effects",30,10/01/2024,09/30/2025
PA,H_SIDE_EFFECTS_U_P,"Patients who reported that when receiving new medication the staff ""Usually"" discussed possible side effects","Staff ""usually"" explained possible side effects",22,10/01/2024,09/30/2025
PA,H_COMP_6_N_P,"Patients who reported that NO, they were not given information about what to do during their recovery at home","No, staff ""did not"" give patients this information",13,10/01/2024,09/30/2025
PA,H_COMP_6_Y_P,"Patients who reported that YES, they were given information about what to do during their recovery at home","Yes, staff ""did"" give patients this information",87,10/01/2024,09/30/2025
PA,H_DISCH_HELP_N_P,"Patients who reported that NO, they did not discuss whether they would need help after discharge","No, staff ""did not"" give patients information about help after discharge",14,10/01/2024,09/30/2025
PA,H_DISCH_HELP_Y_P,"Patients who reported that YES, they did discuss whether they would need help after discharge","Yes, staff ""did"" give patients information about help after discharge",86,10/01/2024,09/30/2025
PA,H_SYMPTOMS_N_P,"Patients who reported that NO, they did not receive written information about possible symptoms to look out for after discharge","No, staff ""did not"" give patients information about possible symptoms",11,10/01/2024,09/30/2025
PA,H_SYMPTOMS_Y_P,"Patients who reported that YES, they did receive written information about possible symptoms to look out for after discharge","Yes, staff ""did"" give patients information about possible symptoms",89,10/01/2024,09/30/2025
PA,H_CLEAN_HSP_A_P,"Patients who reported that their room and bathroom were ""Always"" clean","Room was ""always"" clean",72,10/01/2024,09/30/2025
PA,H_CLEAN_HSP_SN_P,"Patients who reported that their room and bathroom were ""Sometimes"" or ""Never"" clean","Room was ""sometimes"" or ""never"" clean",9,10/01/2024,09/30/2025
PA,H_CLEAN_HSP_U_P,"Patients who reported that their room and bathroom were ""Usually"" clean","Room was ""usually"" clean",19,10/01/2024,09/30/2025
PA,H_QUIET_HSP_A_P,"Patients who reported that the area around their room was ""Always"" quiet at night","""Always"" quiet at night",54,10/01/2024,09/30/2025
PA,H_QUIET_HSP_SN_P,"Patients who reported that the area around their room was ""Sometimes"" or ""Never"" quiet at night","""Sometimes"" or ""never"" quiet at night",13,10/01/2024,09/30/2025
PA,H_QUIET_HSP_U_P,"Patients who reported that the area around their room was ""Usually"" quiet at night","""Usually"" quiet at night",33,10/01/2024,09/30/2025
PA,H_HSP_RATING_0_6,Patients who gave their hospital a rating of 6 or lower on a scale from 0 (lowest) to 10 (highest),"Patients who gave a rating of ""6"" or lower (low)",8,10/01/2024,09/30/2025
PA,H_HSP_RATING_7_8,Patients who gave their hospital a rating of 7 or 8 on a scale from 0 (lowest) to 10 (highest),"Patients who gave a rating of ""7"" or ""8"" (medium)",20,10/01/2024,09/30/2025
PA,H_HSP_RATING_9_10,Patients who gave their hospital a rating of 9 or 10 on a scale from 0 (lowest) to 10 (highest),"Patients who gave a rating of ""9"" or ""10"" (high)",72,10/01/2024,09/30/2025
PA,H_RECMND_DN,"Patients who reported NO, they would probably not or definitely not recommend the hospital","""NO"", patients would not recommend the hospital (they probably would not or definitely would not recommend it)",5,10/01/2024,09/30/2025
PA,H_RECMND_DY,"Patients who reported YES, they would definitely recommend the hospital","""YES"", patients would definitely recommend the hospital",70,10/01/2024,09/30/2025
PA,H_RECMND_PY,"Patients who reported YES, they would probably recommend the hospital","""YES"", patients would probably recommend the hospital",25,10/01/2024,09/30/2025
PR,H_COMP_1_A_P,"Patients who reported that their nurses ""Always"" communicated well","Nurses ""always"" communicated well",71,10/01/2024,09/30/2025
PR,H_COMP_1_SN_P,"Patients who reported that their nurses ""Sometimes"" or ""Never"" communicated well","Nurses ""sometimes"" or ""never"" communicated well",9,10/01/2024,09/30/2025
PR,H_COMP_1_U_P,"Patients who reported that their nurses ""Usually"" communicated well","Nurses ""usually"" communicated well",20,10/01/2024,09/30/2025
PR,H_NURSE_RESPECT_A_P,"Patients who reported that their nurses ""Always"" treated them with courtesy and respect","Nurses ""always"" treated them with courtesy and  respect",79,10/01/2024,09/30/2025
PR,H_NURSE_RESPECT_SN_P,"Patients who reported that their nurses ""Sometimes"" or ""Never""  treated them with courtesy and respect","Nurses ""sometimes"" or ""never"" treated them with courtesy and  respect",5,10/01/2024,09/30/2025
PR,H_NURSE_RESPECT_U_P,"Patients who reported that their nurses ""Usually""  treated them with courtesy and respect","Nurses ""usually""  treated them with courtesy and  respect",16,10/01/2024,09/30/2025
PR,H_NURSE_LISTEN_A_P,"Patients who reported that their nurses ""Always"" listened carefully to them","Nurses ""always"" listened carefully",67,10/01/2024,09/30/2025
PR,H_NURSE_LISTEN_SN_P,"Patients who reported that their nurses ""Sometimes"" or ""Never"" listened carefully to them","Nurses ""sometimes"" or ""never"" listened carefully",10,10/01/2024,09/30/2025
PR,H_NURSE_LISTEN_U_P,"Patients who reported that their nurses ""Usually"" listened carefully to them","Nurses ""usually"" listened carefully",23,10/01/2024,09/30/2025
PR,H_NURSE_EXPLAIN_A_P,"Patients who reported that their nurses ""Always"" explained things in a way they could understand","Nurses ""always"" explained things so they could understand",67,10/01/2024,09/30/2025
PR,H_NURSE_EXPLAIN_SN_P,"Patients who reported that their nurses ""Sometimes"" or ""Never"" explained things in a way they could understand","Nurses ""sometimes"" or ""never"" explained things so they could understand",11,10/01/2024,09/30/2025
PR,H_NURSE_EXPLAIN_U_P,"Patients who reported that their nurses ""Usually"" explained things in a way they could understand","Nurses ""usually"" explained things so they could understand",22,10/01/2024,09/30/2025
PR,H_COMP_2_A_P,"Patients who reported that their doctors ""Always"" communicated well","Doctors ""always"" communicated well",76,10/01/2024,09/30/2025
PR,H_COMP_2_SN_P,"Patients who reported that their doctors ""Sometimes"" or ""Never"" communicated well","Doctors ""sometimes"" or ""never"" communicated well",7,10/01/2024,09/30/2025
PR,H_COMP_2_U_P,"Patients who reported that their doctors ""Usually"" communicated well","Doctors ""usually"" communicated well",17,10/01/2024,09/30/2025
PR,H_DOCTOR_RESPECT_A_P,"Patients who reported that their doctors ""Always"" treated them with courtesy and respect","Doctors ""always"" treated them with courtesy and  respect",82,10/01/2024,09/30/2025
PR,H_DOCTOR_RESPECT_SN_P,"Patients who reported that their doctors ""Sometimes"" or ""Never""  treated them with courtesy and respect","Doctors ""sometimes"" or ""never"" treated them with courtesy and  respect",5,10/01/2024,09/30/2025
PR,H_DOCTOR_RESPECT_U_P,"Patients who reported that their doctors ""Usually""  treated them with courtesy and respect","Doctors ""usually""  treated them with courtesy and  respect",13,10/01/2024,09/30/2025
PR,H_DOCTOR_LISTEN_A_P,"Patients who reported that their doctors ""Always"" listened carefully to them","Doctors ""always"" listened carefully",74,10/01/2024,09/30/2025
PR,H_DOCTOR_LISTEN_SN_P,"Patients who reported that their doctors ""Sometimes"" or ""Never"" listened carefully to them","Doctors ""sometimes"" or ""never"" listened carefully",8,10/01/2024,09/30/2025
PR,H_DOCTOR_LISTEN_U_P,"Patients who reported that their doctors ""Usually"" listened carefully to them","Doctors ""usually"" listened carefully",18,10/01/2024,09/30/2025
PR,H_DOCTOR_EXPLAIN_A_P,"Patients who reported that their doctors ""Always"" explained things in a way they could understand","Doctors ""always"" explained things so they could understand",70,10/01/2024,09/30/2025
PR,H_DOCTOR_EXPLAIN_SN_P,"Patients who reported that their doctors ""Sometimes"" or ""Never"" explained things in a way they could understand","Doctors ""sometimes"" or ""never"" explained things so they could understand",9,10/01/2024,09/30/2025
PR,H_DOCTOR_EXPLAIN_U_P,"Patients who reported that their doctors ""Usually"" explained things in a way they could understand","Doctors ""usually"" explained things so they could understand",21,10/01/2024,09/30/2025
PR,H_COMP_5_A_P,"Patients who reported that staff ""Always"" explained about medicines before giving it to them","Staff ""always"" explained",48,10/01/2024,09/30/2025
PR,H_COMP_5_SN_P,"Patients who reported that staff ""Sometimes"" or ""Never"" explained about medicines before giving it to them","Staff ""sometimes"" or ""never"" explained",34,10/01/2024,09/30/2025
PR,H_COMP_5_U_P,"Patients who reported that staff ""Usually"" explained about medicines before giving it to them","Staff ""usually"" explained",18,10/01/2024,09/30/2025
PR,H_MED_FOR_A_P,"Patients who reported that when receiving new medication the staff ""Always"" communicated what the medication was for","Staff ""always"" explained new medications",66,10/01/2024,09/30/2025
PR,H_MED_FOR_SN_P,"Patients who reported that when receiving new medication the staff ""Sometimes"" or ""Never"" communicated what the medication was for","Staff ""sometimes"" or ""never"" explained new medications",16,10/01/2024,09/30/2025
PR,H_MED_FOR_U_P,"Patients who reported that when receiving new medication the staff ""Usually"" communicated what the medication was for.","Staff ""usually"" explained new medications",18,10/01/2024,09/30/2025
PR,H_SIDE_EFFECTS_A_P,"Patients who reported that when receiving new medication the staff ""Always"" discussed possible side effects","Staff ""always"" explained possible side effects",29,10/01/2024,09/30/2025
PR,H_SIDE_EFFECTS_SN_P,"Patients who reported that when receiving new medication the staff ""Sometimes"" or ""Never"" discussed possible side effects","Staff ""sometimes"" or ""never"" explained possible side effects",50,10/01/2024,09/30/2025
PR,H_SIDE_EFFECTS_U_P,"Patients who reported that when receiving new medication the staff ""Usually"" discussed possible side effects","Staff ""usually"" explained possible side effects",21,10/01/2024,09/30/2025
PR,H_COMP_6_N_P,"Patients who reported that NO, they were not given information about what to do during their recovery at home","No, staff ""did not"" give patients this information",27,10/01/2024,09/30/2025
PR,H_COMP_6_Y_P,"Patients who reported that YES, they were given information about what to do during their recovery at home","Yes, staff ""did"" give patients this information",73,10/01/2024,09/30/2025
PR,H_DISCH_HELP_N_P,"Patients who reported that NO, they did not discuss whether they would need help after discharge","No, staff ""did not"" give patients information about help after discharge",34,10/01/2024,09/30/2025
PR,H_DISCH_HELP_Y_P,"Patients who reported that YES, they did discuss whether they would need help after discharge","Yes, staff ""did"" give patients information about help after discharge",66,10/01/2024,09/30/2025
PR,H_SYMPTOMS_N_P,"Patients who reported that NO, they did not receive written information about possible symptoms to look out for after discharge","No, staff ""did not"" give patients information about possible symptoms",19,10/01/2024,09/30/2025
PR,H_SYMPTOMS_Y_P,"Patients who reported that YES, they did receive written information about possible symptoms to look out for after discharge","Yes, staff ""did"" give patients information about possible symptoms",81,10/01/2024,09/30/2025
PR,H_CLEAN_HSP_A_P,"Patients who reported that their room and bathroom were ""Always"" clean","Room was ""always"" clean",70,10/01/2024,09/30/2025
PR,H_CLEAN_HSP_SN_P,"Patients who reported that their room and bathroom were ""Sometimes"" or ""Never"" clean","Room was ""sometimes"" or ""never"" clean",12,10/01/2024,09/30/2025
PR,H_CLEAN_HSP_U_P,"Patients who reported that their room and bathroom were ""Usually"" clean","Room was ""usually"" clean",18,10/01/2024,09/30/2025
PR,H_QUIET_HSP_A_P,"Patients who reported that the area around their room was ""Always"" quiet at night","""Always"" quiet at night",59,10/01/2024,09/30/2025
PR,H_QUIET_HSP_SN_P,"Patients who reported that the area around their room was ""Sometimes"" or ""Never"" quiet at night","""Sometimes"" or ""never"" quiet at night",13,10/01/2024,09/30/2025
PR,H_QUIET_HSP_U_P,"Patients who reported that the area around their room was ""Usually"" quiet at night","""Usually"" quiet at night",28,10/01/2024,09/30/2025
PR,H_HSP_RATING_0_6,Patients who gave their hospital a rating of 6 or lower on a scale from 0 (lowest) to 10 (highest),"Patients who gave a rating of ""6"" or lower (low)",14,10/01/2024,09/30/2025
PR,H_HSP_RATING_7_8,Patients who gave their hospital a rating of 7 or 8 on a scale from 0 (lowest) to 10 (highest),"Patients who gave a rating of ""7"" or ""8"" (medium)",26,10/01/2024,09/30/2025
PR,H_HSP_RATING_9_10,Patients who gave their hospital a rating of 9 or 10 on a scale from 0 (lowest) to 10 (highest),"Patients who gave a rating of ""9"" or ""10"" (high)",60,10/01/2024,09/30/2025
PR,H_RECMND_DN,"Patients who reported NO, they would probably not or definitely not recommend the hospital","""NO"", patients would not recommend the hospital (they probably would not or definitely would not recommend it)",10,10/01/2024,09/30/2025
PR,H_RECMND_DY,"Patients who reported YES, they would definitely recommend the hospital","""YES"", patients would definitely recommend the hospital",64,10/01/2024,09/30/2025
PR,H_RECMND_PY,"Patients who reported YES, they would probably recommend the hospital","""YES"", patients would probably recommend the hospital",26,10/01/2024,09/30/2025
RI,H_COMP_1_A_P,"Patients who reported that their nurses ""Always"" communicated well","Nurses ""always"" communicated well",80,10/01/2024,09/30/2025
RI,H_COMP_1_SN_P,"Patients who reported that their nurses ""Sometimes"" or ""Never"" communicated well","Nurses ""sometimes"" or ""never"" communicated well",5,10/01/2024,09/30/2025
RI,H_COMP_1_U_P,"Patients who reported that their nurses ""Usually"" communicated well","Nurses ""usually"" communicated well",15,10/01/2024,09/30/2025
RI,H_NURSE_RESPECT_A_P,"Patients who reported that their nurses ""Always"" treated them with courtesy and respect","Nurses ""always"" treated them with courtesy and  respect",86,10/01/2024,09/30/2025
RI,H_NURSE_RESPECT_SN_P,"Patients who reported that their nurses ""Sometimes"" or ""Never""  treated them with courtesy and respect","Nurses ""sometimes"" or ""never"" treated them with courtesy and  respect",3,10/01/2024,09/30/2025
RI,H_NURSE_RESPECT_U_P,"Patients who reported that their nurses ""Usually""  treated them with courtesy and respect","Nurses ""usually""  treated them with courtesy and  respect",11,10/01/2024,09/30/2025
RI,H_NURSE_LISTEN_A_P,"Patients who reported that their nurses ""Always"" listened carefully to them","Nurses ""always"" listened carefully",78,10/01/2024,09/30/2025
RI,H_NURSE_LISTEN_SN_P,"Patients who reported that their nurses ""Sometimes"" or ""Never"" listened carefully to them","Nurses ""sometimes"" or ""never"" listened carefully",5,10/01/2024,09/30/2025
RI,H_NURSE_LISTEN_U_P,"Patients who reported that their nurses ""Usually"" listened carefully to them","Nurses ""usually"" listened carefully",17,10/01/2024,09/30/2025
RI,H_NURSE_EXPLAIN_A_P,"Patients who reported that their nurses ""Always"" explained things in a way they could understand","Nurses ""always"" explained things so they could understand",75,10/01/2024,09/30/2025
RI,H_NURSE_EXPLAIN_SN_P,"Patients who reported that their nurses ""Sometimes"" or ""Never"" explained things in a way they could understand","Nurses ""sometimes"" or ""never"" explained things so they could understand",6,10/01/2024,09/30/2025
RI,H_NURSE_EXPLAIN_U_P,"Patients who reported that their nurses ""Usually"" explained things in a way they could understand","Nurses ""usually"" explained things so they could understand",19,10/01/2024,09/30/2025
RI,H_COMP_2_A_P,"Patients who reported that their doctors ""Always"" communicated well","Doctors ""always"" communicated well",79,10/01/2024,09/30/2025
RI,H_COMP_2_SN_P,"Patients who reported that their doctors ""Sometimes"" or ""Never"" communicated well","Doctors ""sometimes"" or ""never"" communicated well",6,10/01/2024,09/30/2025
RI,H_COMP_2_U_P,"Patients who reported that their doctors ""Usually"" communicated well","Doctors ""usually"" communicated well",15,10/01/2024,09/30/2025
RI,H_DOCTOR_RESPECT_A_P,"Patients who reported that their doctors ""Always"" treated them with courtesy and respect","Doctors ""always"" treated them with courtesy and  respect",85,10/01/2024,09/30/2025
RI,H_DOCTOR_RESPECT_SN_P,"Patients who reported that their doctors ""Sometimes"" or ""Never""  treated them with courtesy and respect","Doctors ""sometimes"" or ""never"" treated them with courtesy and  respect",4,10/01/2024,09/30/2025
RI,H_DOCTOR_RESPECT_U_P,"Patients who reported that their doctors ""Usually""  treated them with courtesy and respect","Doctors ""usually""  treated them with courtesy and  respect",11,10/01/2024,09/30/2025
RI,H_DOCTOR_LISTEN_A_P,"Patients who reported that their doctors ""Always"" listened carefully to them","Doctors ""always"" listened carefully",77,10/01/2024,09/30/2025
RI,H_DOCTOR_LISTEN_SN_P,"Patients who reported that their doctors ""Sometimes"" or ""Never"" listened carefully to them","Doctors ""sometimes"" or ""never"" listened carefully",6,10/01/2024,09/30/2025
RI,H_DOCTOR_LISTEN_U_P,"Patients who reported that their doctors ""Usually"" listened carefully to them","Doctors ""usually"" listened carefully",17,10/01/2024,09/30/2025
RI,H_DOCTOR_EXPLAIN_A_P,"Patients who reported that their doctors ""Always"" explained things in a way they could understand","Doctors ""always"" explained things so they could understand",74,10/01/2024,09/30/2025
RI,H_DOCTOR_EXPLAIN_SN_P,"Patients who reported that their doctors ""Sometimes"" or ""Never"" explained things in a way they could understand","Doctors ""sometimes"" or ""never"" explained things so they could understand",7,10/01/2024,09/30/2025
RI,H_DOCTOR_EXPLAIN_U_P,"Patients who reported that their doctors ""Usually"" explained things in a way they could understand","Doctors ""usually"" explained things so they could understand",19,10/01/2024,09/30/2025
RI,H_COMP_5_A_P,"Patients who reported that staff ""Always"" explained about medicines before giving it to them","Staff ""always"" explained",61,10/01/2024,09/30/2025
RI,H_COMP_5_SN_P,"Patients who reported that staff ""Sometimes"" or ""Never"" explained about medicines before giving it to them","Staff ""sometimes"" or ""never"" explained",20,10/01/2024,09/30/2025
RI,H_COMP_5_U_P,"Patients who reported that staff ""Usually"" explained about medicines before giving it to them","Staff ""usually"" explained",19,10/01/2024,09/30/2025
RI,H_MED_FOR_A_P,"Patients who reported that when receiving new medication the staff ""Always"" communicated what the medication was for","Staff ""always"" explained new medications",74,10/01/2024,09/30/2025
RI,H_MED_FOR_SN_P,"Patients who reported that when receiving new medication the staff ""Sometimes"" or ""Never"" communicated what the medication was for","Staff ""sometimes"" or ""never"" explained new medications",10,10/01/2024,09/30/2025
RI,H_MED_FOR_U_P,"Patients who reported that when receiving new medication the staff ""Usually"" communicated what the medication was for.","Staff ""usually"" explained new medications",16,10/01/2024,09/30/2025
RI,H_SIDE_EFFECTS_A_P,"Patients who reported that when receiving new medication the staff ""Always"" discussed possible side effects","Staff ""always"" explained possible side effects",47,10/01/2024,09/30/2025
RI,H_SIDE_EFFECTS_SN_P,"Patients who reported that when receiving new medication the staff ""Sometimes"" or ""Never"" discussed possible side effects","Staff ""sometimes"" or ""never"" explained possible side effects",31,10/01/2024,09/30/2025
RI,H_SIDE_EFFECTS_U_P,"Patients who reported that when receiving new medication the staff ""Usually"" discussed possible side effects","Staff ""usually"" explained possible side effects",22,10/01/2024,09/30/2025
RI,H_COMP_6_N_P,"Patients who reported that NO, they were not given information about what to do during their recovery at home","No, staff ""did not"" give patients this information",13,10/01/2024,09/30/2025
RI,H_COMP_6_Y_P,"Patients who reported that YES, they were given information about what to do during their recovery at home","Yes, staff ""did"" give patients this information",87,10/01/2024,09/30/2025
RI,H_DISCH_HELP_N_P,"Patients who reported that NO, they did not discuss whether they would need help after discharge","No, staff ""did not"" give patients information about help after discharge",13,10/01/2024,09/30/2025
RI,H_DISCH_HELP_Y_P,"Patients who reported that YES, they did discuss whether they would need help after discharge","Yes, staff ""did"" give patients information about help after discharge",87,10/01/2024,09/30/2025
RI,H_SYMPTOMS_N_P,"Patients who reported that NO, they did not receive written information about possible symptoms to look out for after discharge","No, staff ""did not"" give patients information about possible symptoms",12,10/01/2024,09/30/2025
RI,H_SYMPTOMS_Y_P,"Patients who reported that YES, they did receive written information about possible symptoms to look out for after discharge","Yes, staff ""did"" give patients information about possible symptoms",88,10/01/2024,09/30/2025
RI,H_CLEAN_HSP_A_P,"Patients who reported that their room and bathroom were ""Always"" clean","Room was ""always"" clean",74,10/01/2024,09/30/2025
RI,H_CLEAN_HSP_SN_P,"Patients who reported that their room and bathroom were ""Sometimes"" or ""Never"" clean","Room was ""sometimes"" or ""never"" clean",8,10/01/2024,09/30/2025
RI,H_CLEAN_HSP_U_P,"Patients who reported that their room and bathroom were ""Usually"" clean","Room was ""usually"" clean",18,10/01/2024,09/30/2025
RI,H_QUIET_HSP_A_P,"Patients who reported that the area around their room was ""Always"" quiet at night","""Always"" quiet at night",50,10/01/2024,09/30/2025
RI,H_QUIET_HSP_SN_P,"Patients who reported that the area around their room was ""Sometimes"" or ""Never"" quiet at night","""Sometimes"" or ""never"" quiet at night",14,10/01/2024,09/30/2025
RI,H_QUIET_HSP_U_P,"Patients who reported that the area around their room was ""Usually"" quiet at night","""Usually"" quiet at night",36,10/01/2024,09/30/2025
RI,H_HSP_RATING_0_6,Patients who gave their hospital a rating of 6 or lower on a scale from 0 (lowest) to 10 (highest),"Patients who gave a rating of ""6"" or lower (low)",9,10/01/2024,09/30/2025
RI,H_HSP_RATING_7_8,Patients who gave their hospital a rating of 7 or 8 on a scale from 0 (lowest) to 10 (highest),"Patients who gave a rating of ""7"" or ""8"" (medium)",22,10/01/2024,09/30/2025
RI,H_HSP_RATING_9_10,Patients who gave their hospital a rating of 9 or 10 on a scale from 0 (lowest) to 10 (highest),"Patients who gave a rating of ""9"" or ""10"" (high)",69,10/01/2024,09/30/2025
RI,H_RECMND_DN,"Patients who reported NO, they would probably not or definitely not recommend the hospital","""NO"", patients would not recommend the hospital (they probably would not or definitely would not recommend it)",7,10/01/2024,09/30/2025
RI,H_RECMND_DY,"Patients who reported YES, they would definitely recommend the hospital","""YES"", patients would definitely recommend the hospital",70,10/01/2024,09/30/2025
RI,H_RECMND_PY,"Patients who reported YES, they would probably recommend the hospital","""YES"", patients would probably recommend the hospital",23,10/01/2024,09/30/2025
SC,H_COMP_1_A_P,"Patients who reported that their nurses ""Always"" communicated well","Nurses ""always"" communicated well",81,10/01/2024,09/30/2025
SC,H_COMP_1_SN_P,"Patients who reported that their nurses ""Sometimes"" or ""Never"" communicated well","Nurses ""sometimes"" or ""never"" communicated well",4,10/01/2024,09/30/2025
SC,H_COMP_1_U_P,"Patients who reported that their nurses ""Usually"" communicated well","Nurses ""usually"" communicated well",15,10/01/2024,09/30/2025
SC,H_NURSE_RESPECT_A_P,"Patients who reported that their nurses ""Always"" treated them with courtesy and respect","Nurses ""always"" treated them with courtesy and  respect",87,10/01/2024,09/30/2025
SC,H_NURSE_RESPECT_SN_P,"Patients who reported that their nurses ""Sometimes"" or ""Never""  treated them with courtesy and respect","Nurses ""sometimes"" or ""never"" treated them with courtesy and  respect",3,10/01/2024,09/30/2025
SC,H_NURSE_RESPECT_U_P,"Patients who reported that their nurses ""Usually""  treated them with courtesy and respect","Nurses ""usually""  treated them with courtesy and  respect",10,10/01/2024,09/30/2025
SC,H_NURSE_LISTEN_A_P,"Patients who reported that their nurses ""Always"" listened carefully to them","Nurses ""always"" listened carefully",79,10/01/2024,09/30/2025
SC,H_NURSE_LISTEN_SN_P,"Patients who reported that their nurses ""Sometimes"" or ""Never"" listened carefully to them","Nurses ""sometimes"" or ""never"" listened carefully",4,10/01/2024,09/30/2025
SC,H_NURSE_LISTEN_U_P,"Patients who reported that their nurses ""Usually"" listened carefully to them","Nurses ""usually"" listened carefully",17,10/01/2024,09/30/2025
SC,H_NURSE_EXPLAIN_A_P,"Patients who reported that their nurses ""Always"" explained things in a way they could understand","Nurses ""always"" explained things so they could understand",77,10/01/2024,09/30/2025
SC,H_NURSE_EXPLAIN_SN_P,"Patients who reported that their nurses ""Sometimes"" or ""Never"" explained things in a way they could understand","Nurses ""sometimes"" or ""never"" explained things so they could understand",5,10/01/2024,09/30/2025
SC,H_NURSE_EXPLAIN_U_P,"Patients who reported that their nurses ""Usually"" explained things in a way they could understand","Nurses ""usually"" explained things so they could understand",18,10/01/2024,09/30/2025
SC,H_COMP_2_A_P,"Patients who reported that their doctors ""Always"" communicated well","Doctors ""always"" communicated well",81,10/01/2024,09/30/2025
SC,H_COMP_2_SN_P,"Patients who reported that their doctors ""Sometimes"" or ""Never"" communicated well","Doctors ""sometimes"" or ""never"" communicated well",5,10/01/2024,09/30/2025
SC,H_COMP_2_U_P,"Patients who reported that their doctors ""Usually"" communicated well","Doctors ""usually"" communicated well",14,10/01/2024,09/30/2025
SC,H_DOCTOR_RESPECT_A_P,"Patients who reported that their doctors ""Always"" treated them with courtesy and respect","Doctors ""always"" treated them with courtesy and  respect",87,10/01/2024,09/30/2025
SC,H_DOCTOR_RESPECT_SN_P,"Patients who reported that their doctors ""Sometimes"" or ""Never""  treated them with courtesy and respect","Doctors ""sometimes"" or ""never"" treated them with courtesy and  respect",3,10/01/2024,09/30/2025
SC,H_DOCTOR_RESPECT_U_P,"Patients who reported that their doctors ""Usually""  treated them with courtesy and respect","Doctors ""usually""  treated them with courtesy and  respect",10,10/01/2024,09/30/2025
SC,H_DOCTOR_LISTEN_A_P,"Patients who reported that their doctors ""Always"" listened carefully to them","Doctors ""always"" listened carefully",80,10/01/2024,09/30/2025
SC,H_DOCTOR_LISTEN_SN_P,"Patients who reported that their doctors ""Sometimes"" or ""Never"" listened carefully to them","Doctors ""sometimes"" or ""never"" listened carefully",5,10/01/2024,09/30/2025
SC,H_DOCTOR_LISTEN_U_P,"Patients who reported that their doctors ""Usually"" listened carefully to them","Doctors ""usually"" listened carefully",15,10/01/2024,09/30/2025
SC,H_DOCTOR_EXPLAIN_A_P,"Patients who reported that their doctors ""Always"" explained things in a way they could understand","Doctors ""always"" explained things so they could understand",77,10/01/2024,09/30/2025
SC,H_DOCTOR_EXPLAIN_SN_P,"Patients who reported that their doctors ""Sometimes"" or ""Never"" explained things in a way they could understand","Doctors ""sometimes"" or ""never"" explained things so they could understand",6,10/01/2024,09/30/2025
SC,H_DOCTOR_EXPLAIN_U_P,"Patients who reported that their doctors ""Usually"" explained things in a way they could understand","Doctors ""usually"" explained things so they could understand",17,10/01/2024,09/30/2025
SC,H_COMP_5_A_P,"Patients who reported that staff ""Always"" explained about medicines before giving it to them","Staff ""always"" explained",63,10/01/2024,09/30/2025
SC,H_COMP_5_SN_P,"Patients who reported that staff ""Sometimes"" or ""Never"" explained about medicines before giving it to them","Staff ""sometimes"" or ""never"" explained",19,10/01/2024,09/30/2025
SC,H_COMP_5_U_P,"Patients who reported that staff ""Usually"" explained about medicines before giving it to them","Staff ""usually"" explained",18,10/01/2024,09/30/2025
SC,H_MED_FOR_A_P,"Patients who reported that when receiving new medication the staff ""Always"" communicated what the medication was for","Staff ""always"" explained new medications",76,10/01/2024,09/30/2025
SC,H_MED_FOR_SN_P,"Patients who reported that when receiving new medication the staff ""Sometimes"" or ""Never"" communicated what the medication was for","Staff ""sometimes"" or ""never"" explained new medications",9,10/01/2024,09/30/2025
SC,H_MED_FOR_U_P,"Patients who reported that when receiving new medication the staff ""Usually"" communicated what the medication was for.","Staff ""usually"" explained new medications",15,10/01/2024,09/30/2025
SC,H_SIDE_EFFECTS_A_P,"Patients who reported that when receiving new medication the staff ""Always"" discussed possible side effects","Staff ""always"" explained possible side effects",50,10/01/2024,09/30/2025
SC,H_SIDE_EFFECTS_SN_P,"Patients who reported that when receiving new medication the staff ""Sometimes"" or ""Never"" discussed possible side effects","Staff ""sometimes"" or ""never"" explained possible side effects",30,10/01/2024,09/30/2025
SC,H_SIDE_EFFECTS_U_P,"Patients who reported that when receiving new medication the staff ""Usually"" discussed possible side effects","Staff ""usually"" explained possible side effects",20,10/01/2024,09/30/2025
SC,H_COMP_6_N_P,"Patients who reported that NO, they were not given information about what to do during their recovery at home","No, staff ""did not"" give patients this information",13,10/01/2024,09/30/2025
SC,H_COMP_6_Y_P,"Patients who reported that YES, they were given information about what to do during their recovery at home","Yes, staff ""did"" give patients this information",87,10/01/2024,09/30/2025
SC,H_DISCH_HELP_N_P,"Patients who reported that NO, they did not discuss whether they would need help after discharge","No, staff ""did not"" give patients information about help after discharge",15,10/01/2024,09/30/2025
SC,H_DISCH_HELP_Y_P,"Patients who reported that YES, they did discuss whether they would need help after discharge","Yes, staff ""did"" give patients information about help after discharge",85,10/01/2024,09/30/2025
SC,H_SYMPTOMS_N_P,"Patients who reported that NO, they did not receive written information about possible symptoms to look out for after discharge","No, staff ""did not"" give patients information about possible symptoms",12,10/01/2024,09/30/2025
SC,H_SYMPTOMS_Y_P,"Patients who reported that YES, they did receive written information about possible symptoms to look out for after discharge","Yes, staff ""did"" give patients information about possible symptoms",88,10/01/2024,09/30/2025
SC,H_CLEAN_HSP_A_P,"Patients who reported that their room and bathroom were ""Always"" clean","Room was ""always"" clean",71,10/01/2024,09/30/2025
SC,H_CLEAN_HSP_SN_P,"Patients who reported that their room and bathroom were ""Sometimes"" or ""Never"" clean","Room was ""sometimes"" or ""never"" clean",10,10/01/2024,09/30/2025
SC,H_CLEAN_HSP_U_P,"Patients who reported that their room and bathroom were ""Usually"" clean","Room was ""usually"" clean",19,10/01/2024,09/30/2025
SC,H_QUIET_HSP_A_P,"Patients who reported that the area around their room was ""Always"" quiet at night","""Always"" quiet at night",62,10/01/2024,09/30/2025
SC,H_QUIET_HSP_SN_P,"Patients who reported that the area around their room was ""Sometimes"" or ""Never"" quiet at night","""Sometimes"" or ""never"" quiet at night",8,10/01/2024,09/30/2025
SC,H_QUIET_HSP_U_P,"Patients who reported that the area around their room was ""Usually"" quiet at night","""Usually"" quiet at night",30,10/01/2024,09/30/2025
SC,H_HSP_RATING_0_6,Patients who gave their hospital a rating of 6 or lower on a scale from 0 (lowest) to 10 (highest),"Patients who gave a rating of ""6"" or lower (low)",8,10/01/2024,09/30/2025
SC,H_HSP_RATING_7_8,Patients who gave their hospital a rating of 7 or 8 on a scale from 0 (lowest) to 10 (highest),"Patients who gave a rating of ""7"" or ""8"" (medium)",20,10/01/2024,09/30/2025
SC,H_HSP_RATING_9_10,Patients who gave their hospital a rating of 9 or 10 on a scale from 0 (lowest) to 10 (highest),"Patients who gave a rating of ""9"" or ""10"" (high)",72,10/01/2024,09/30/2025
SC,H_RECMND_DN,"Patients who reported NO, they would probably not or definitely not recommend the hospital","""NO"", patients would not recommend the hospital (they probably would not or definitely would not recommend it)",5,10/01/2024,09/30/2025
SC,H_RECMND_DY,"Patients who reported YES, they would definitely recommend the hospital","""YES"", patients would definitely recommend the hospital",70,10/01/2024,09/30/2025
SC,H_RECMND_PY,"Patients who reported YES, they would probably recommend the hospital","""YES"", patients would probably recommend the hospital",25,10/01/2024,09/30/2025
SD,H_COMP_1_A_P,"Patients who reported that their nurses ""Always"" communicated well","Nurses ""always"" communicated well",83,10/01/2024,09/30/2025
SD,H_COMP_1_SN_P,"Patients who reported that their nurses ""Sometimes"" or ""Never"" communicated well","Nurses ""sometimes"" or ""never"" communicated well",2,10/01/2024,09/30/2025
SD,H_COMP_1_U_P,"Patients who reported that their nurses ""Usually"" communicated well","Nurses ""usually"" communicated well",15,10/01/2024,09/30/2025
SD,H_NURSE_RESPECT_A_P,"Patients who reported that their nurses ""Always"" treated them with courtesy and respect","Nurses ""always"" treated them with courtesy and  respect",89,10/01/2024,09/30/2025
SD,H_NURSE_RESPECT_SN_P,"Patients who reported that their nurses ""Sometimes"" or ""Never""  treated them with courtesy and respect","Nurses ""sometimes"" or ""never"" treated them with courtesy and  respect",2,10/01/2024,09/30/2025
SD,H_NURSE_RESPECT_U_P,"Patients who reported that their nurses ""Usually""  treated them with courtesy and respect","Nurses ""usually""  treated them with courtesy and  respect",9,10/01/2024,09/30/2025
SD,H_NURSE_LISTEN_A_P,"Patients who reported that their nurses ""Always"" listened carefully to them","Nurses ""always"" listened carefully",81,10/01/2024,09/30/2025
SD,H_NURSE_LISTEN_SN_P,"Patients who reported that their nurses ""Sometimes"" or ""Never"" listened carefully to them","Nurses ""sometimes"" or ""never"" listened carefully",2,10/01/2024,09/30/2025
SD,H_NURSE_LISTEN_U_P,"Patients who reported that their nurses ""Usually"" listened carefully to them","Nurses ""usually"" listened carefully",17,10/01/2024,09/30/2025
SD,H_NURSE_EXPLAIN_A_P,"Patients who reported that their nurses ""Always"" explained things in a way they could understand","Nurses ""always"" explained things so they could understand",79,10/01/2024,09/30/2025
SD,H_NURSE_EXPLAIN_SN_P,"Patients who reported that their nurses ""Sometimes"" or ""Never"" explained things in a way they could understand","Nurses ""sometimes"" or ""never"" explained things so they could understand",3,10/01/2024,09/30/2025
SD,H_NURSE_EXPLAIN_U_P,"Patients who reported that their nurses ""Usually"" explained things in a way they could understand","Nurses ""usually"" explained things so they could understand",18,10/01/2024,09/30/2025
SD,H_COMP_2_A_P,"Patients who reported that their doctors ""Always"" communicated well","Doctors ""always"" communicated well",85,10/01/2024,09/30/2025
SD,H_COMP_2_SN_P,"Patients who reported that their doctors ""Sometimes"" or ""Never"" communicated well","Doctors ""sometimes"" or ""never"" communicated well",3,10/01/2024,09/30/2025
SD,H_COMP_2_U_P,"Patients who reported that their doctors ""Usually"" communicated well","Doctors ""usually"" communicated well",12,10/01/2024,09/30/2025
SD,H_DOCTOR_RESPECT_A_P,"Patients who reported that their doctors ""Always"" treated them with courtesy and respect","Doctors ""always"" treated them with courtesy and  respect",89,10/01/2024,09/30/2025
SD,H_DOCTOR_RESPECT_SN_P,"Patients who reported that their doctors ""Sometimes"" or ""Never""  treated them with courtesy and respect","Doctors ""sometimes"" or ""never"" treated them with courtesy and  respect",2,10/01/2024,09/30/2025
SD,H_DOCTOR_RESPECT_U_P,"Patients who reported that their doctors ""Usually""  treated them with courtesy and respect","Doctors ""usually""  treated them with courtesy and  respect",9,10/01/2024,09/30/2025
SD,H_DOCTOR_LISTEN_A_P,"Patients who reported that their doctors ""Always"" listened carefully to them","Doctors ""always"" listened carefully",84,10/01/2024,09/30/2025
SD,H_DOCTOR_LISTEN_SN_P,"Patients who reported that their doctors ""Sometimes"" or ""Never"" listened carefully to them","Doctors ""sometimes"" or ""never"" listened carefully",4,10/01/2024,09/30/2025
SD,H_DOCTOR_LISTEN_U_P,"Patients who reported that their doctors ""Usually"" listened carefully to them","Doctors ""usually"" listened carefully",12,10/01/2024,09/30/2025
SD,H_DOCTOR_EXPLAIN_A_P,"Patients who reported that their doctors ""Always"" explained things in a way they could understand","Doctors ""always"" explained things so they could understand",80,10/01/2024,09/30/2025
SD,H_DOCTOR_EXPLAIN_SN_P,"Patients who reported that their doctors ""Sometimes"" or ""Never"" explained things in a way they could understand","Doctors ""sometimes"" or ""never"" explained things so they could understand",4,10/01/2024,09/30/2025
SD,H_DOCTOR_EXPLAIN_U_P,"Patients who reported that their doctors ""Usually"" explained things in a way they could understand","Doctors ""usually"" explained things so they could understand",16,10/01/2024,09/30/2025
SD,H_COMP_5_A_P,"Patients who reported that staff ""Always"" explained about medicines before giving it to them","Staff ""always"" explained",68,10/01/2024,09/30/2025
SD,H_COMP_5_SN_P,"Patients who reported that staff ""Sometimes"" or ""Never"" explained about medicines before giving it to them","Staff ""sometimes"" or ""never"" explained",13,10/01/2024,09/30/2025
SD,H_COMP_5_U_P,"Patients who reported that staff ""Usually"" explained about medicines before giving it to them","Staff ""usually"" explained",19,10/01/2024,09/30/2025
SD,H_MED_FOR_A_P,"Patients who reported that when receiving new medication the staff ""Always"" communicated what the medication was for","Staff ""always"" explained new medications",80,10/01/2024,09/30/2025
SD,H_MED_FOR_SN_P,"Patients who reported that when receiving new medication the staff ""Sometimes"" or ""Never"" communicated what the medication was for","Staff ""sometimes"" or ""never"" explained new medications",6,10/01/2024,09/30/2025
SD,H_MED_FOR_U_P,"Patients who reported that when receiving new medication the staff ""Usually"" communicated what the medication was for.","Staff ""usually"" explained new medications",14,10/01/2024,09/30/2025
SD,H_SIDE_EFFECTS_A_P,"Patients who reported that when receiving new medication the staff ""Always"" discussed possible side effects","Staff ""always"" explained possible side effects",54,10/01/2024,09/30/2025
SD,H_SIDE_EFFECTS_SN_P,"Patients who reported that when receiving new medication the staff ""Sometimes"" or ""Never"" discussed possible side effects","Staff ""sometimes"" or ""never"" explained possible side effects",21,10/01/2024,09/30/2025
SD,H_SIDE_EFFECTS_U_P,"Patients who reported that when receiving new medication the staff ""Usually"" discussed possible side effects","Staff ""usually"" explained possible side effects",25,10/01/2024,09/30/2025
SD,H_COMP_6_N_P,"Patients who reported that NO, they were not given information about what to do during their recovery at home","No, staff ""did not"" give patients this information",12,10/01/2024,09/30/2025
SD,H_COMP_6_Y_P,"Patients who reported that YES, they were given information about what to do during their recovery at home","Yes, staff ""did"" give patients this information",88,10/01/2024,09/30/2025
SD,H_DISCH_HELP_N_P,"Patients who reported that NO, they did not discuss whether they would need help after discharge","No, staff ""did not"" give patients information about help after discharge",13,10/01/2024,09/30/2025
SD,H_DISCH_HELP_Y_P,"Patients who reported that YES, they did discuss whether they would need help after discharge","Yes, staff ""did"" give patients information about help after discharge",87,10/01/2024,09/30/2025
SD,H_SYMPTOMS_N_P,"Patients who reported that NO, they did not receive written information about possible symptoms to look out for after discharge","No, staff ""did not"" give patients information about possible symptoms",12,10/01/2024,09/30/2025
SD,H_SYMPTOMS_Y_P,"Patients who reported that YES, they did receive written information about possible symptoms to look out for after discharge","Yes, staff ""did"" give patients information about possible symptoms",88,10/01/2024,09/30/2025
SD,H_CLEAN_HSP_A_P,"Patients who reported that their room and bathroom were ""Always"" clean","Room was ""always"" clean",77,10/01/2024,09/30/2025
SD,H_CLEAN_HSP_SN_P,"Patients who reported that their room and bathroom were ""Sometimes"" or ""Never"" clean","Room was ""sometimes"" or ""never"" clean",7,10/01/2024,09/30/2025
SD,H_CLEAN_HSP_U_P,"Patients who reported that their room and bathroom were ""Usually"" clean","Room was ""usually"" clean",16,10/01/2024,09/30/2025
SD,H_QUIET_HSP_A_P,"Patients who reported that the area around their room was ""Always"" quiet at night","""Always"" quiet at night",70,10/01/2024,09/30/2025
SD,H_QUIET_HSP_SN_P,"Patients who reported that the area around their room was ""Sometimes"" or ""Never"" quiet at night","""Sometimes"" or ""never"" quiet at night",5,10/01/2024,09/30/2025
SD,H_QUIET_HSP_U_P,"Patients who reported that the area around their room was ""Usually"" quiet at night","""Usually"" quiet at night",25,10/01/2024,09/30/2025
SD,H_HSP_RATING_0_6,Patients who gave their hospital a rating of 6 or lower on a scale from 0 (lowest) to 10 (highest),"Patients who gave a rating of ""6"" or lower (low)",6,10/01/2024,09/30/2025
SD,H_HSP_RATING_7_8,Patients who gave their hospital a rating of 7 or 8 on a scale from 0 (lowest) to 10 (highest),"Patients who gave a rating of ""7"" or ""8"" (medium)",17,10/01/2024,09/30/2025
SD,H_HSP_RATING_9_10,Patients who gave their hospital a rating of 9 or 10 on a scale from 0 (lowest) to 10 (highest),"Patients who gave a rating of ""9"" or ""10"" (high)",77,10/01/2024,09/30/2025
SD,H_RECMND_DN,"Patients who reported NO, they would probably not or definitely not recommend the hospital","""NO"", patients would not recommend the hospital (they probably would not or definitely would not recommend it)",3,10/01/2024,09/30/2025
SD,H_RECMND_DY,"Patients who reported YES, they would definitely recommend the hospital","""YES"", patients would definitely recommend the hospital",77,10/01/2024,09/30/2025
SD,H_RECMND_PY,"Patients who reported YES, they would probably recommend the hospital","""YES"", patients would probably recommend the hospital",20,10/01/2024,09/30/2025
TN,H_COMP_1_A_P,"Patients who reported that their nurses ""Always"" communicated well","Nurses ""always"" communicated well",80,10/01/2024,09/30/2025
TN,H_COMP_1_SN_P,"Patients who reported that their nurses ""Sometimes"" or ""Never"" communicated well","Nurses ""sometimes"" or ""never"" communicated well",4,10/01/2024,09/30/2025
TN,H_COMP_1_U_P,"Patients who reported that their nurses ""Usually"" communicated well","Nurses ""usually"" communicated well",16,10/01/2024,09/30/2025
TN,H_NURSE_RESPECT_A_P,"Patients who reported that their nurses ""Always"" treated them with courtesy and respect","Nurses ""always"" treated them with courtesy and  respect",87,10/01/2024,09/30/2025
TN,H_NURSE_RESPECT_SN_P,"Patients who reported that their nurses ""Sometimes"" or ""Never""  treated them with courtesy and respect","Nurses ""sometimes"" or ""never"" treated them with courtesy and  respect",3,10/01/2024,09/30/2025
TN,H_NURSE_RESPECT_U_P,"Patients who reported that their nurses ""Usually""  treated them with courtesy and respect","Nurses ""usually""  treated them with courtesy and  respect",10,10/01/2024,09/30/2025
TN,H_NURSE_LISTEN_A_P,"Patients who reported that their nurses ""Always"" listened carefully to them","Nurses ""always"" listened carefully",78,10/01/2024,09/30/2025
TN,H_NURSE_LISTEN_SN_P,"Patients who reported that their nurses ""Sometimes"" or ""Never"" listened carefully to them","Nurses ""sometimes"" or ""never"" listened carefully",4,10/01/2024,09/30/2025
TN,H_NURSE_LISTEN_U_P,"Patients who reported that their nurses ""Usually"" listened carefully to them","Nurses ""usually"" listened carefully",18,10/01/2024,09/30/2025
TN,H_NURSE_EXPLAIN_A_P,"Patients who reported that their nurses ""Always"" explained things in a way they could understand","Nurses ""always"" explained things so they could understand",77,10/01/2024,09/30/2025
TN,H_NURSE_EXPLAIN_SN_P,"Patients who reported that their nurses ""Sometimes"" or ""Never"" explained things in a way they could understand","Nurses ""sometimes"" or ""never"" explained things so they could understand",6,10/01/2024,09/30/2025
TN,H_NURSE_EXPLAIN_U_P,"Patients who reported that their nurses ""Usually"" explained things in a way they could understand","Nurses ""usually"" explained things so they could understand",17,10/01/2024,09/30/2025
TN,H_COMP_2_A_P,"Patients who reported that their doctors ""Always"" communicated well","Doctors ""always"" communicated well",81,10/01/2024,09/30/2025
TN,H_COMP_2_SN_P,"Patients who reported that their doctors ""Sometimes"" or ""Never"" communicated well","Doctors ""sometimes"" or ""never"" communicated well",5,10/01/2024,09/30/2025
TN,H_COMP_2_U_P,"Patients who reported that their doctors ""Usually"" communicated well","Doctors ""usually"" communicated well",14,10/01/2024,09/30/2025
TN,H_DOCTOR_RESPECT_A_P,"Patients who reported that their doctors ""Always"" treated them with courtesy and respect","Doctors ""always"" treated them with courtesy and  respect",86,10/01/2024,09/30/2025
TN,H_DOCTOR_RESPECT_SN_P,"Patients who reported that their doctors ""Sometimes"" or ""Never""  treated them with courtesy and respect","Doctors ""sometimes"" or ""never"" treated them with courtesy and  respect",4,10/01/2024,09/30/2025
TN,H_DOCTOR_RESPECT_U_P,"Patients who reported that their doctors ""Usually""  treated them with courtesy and respect","Doctors ""usually""  treated them with courtesy and  respect",10,10/01/2024,09/30/2025
TN,H_DOCTOR_LISTEN_A_P,"Patients who reported that their doctors ""Always"" listened carefully to them","Doctors ""always"" listened carefully",80,10/01/2024,09/30/2025
TN,H_DOCTOR_LISTEN_SN_P,"Patients who reported that their doctors ""Sometimes"" or ""Never"" listened carefully to them","Doctors ""sometimes"" or ""never"" listened carefully",6,10/01/2024,09/30/2025
TN,H_DOCTOR_LISTEN_U_P,"Patients who reported that their doctors ""Usually"" listened carefully to them","Doctors ""usually"" listened carefully",14,10/01/2024,09/30/2025
TN,H_DOCTOR_EXPLAIN_A_P,"Patients who reported that their doctors ""Always"" explained things in a way they could understand","Doctors ""always"" explained things so they could understand",76,10/01/2024,09/30/2025
TN,H_DOCTOR_EXPLAIN_SN_P,"Patients who reported that their doctors ""Sometimes"" or ""Never"" explained things in a way they could understand","Doctors ""sometimes"" or ""never"" explained things so they could understand",7,10/01/2024,09/30/2025
TN,H_DOCTOR_EXPLAIN_U_P,"Patients who reported that their doctors ""Usually"" explained things in a way they could understand","Doctors ""usually"" explained things so they could understand",17,10/01/2024,09/30/2025
TN,H_COMP_5_A_P,"Patients who reported that staff ""Always"" explained about medicines before giving it to them","Staff ""always"" explained",62,10/01/2024,09/30/2025
TN,H_COMP_5_SN_P,"Patients who reported that staff ""Sometimes"" or ""Never"" explained about medicines before giving it to them","Staff ""sometimes"" or ""never"" explained",19,10/01/2024,09/30/2025
TN,H_COMP_5_U_P,"Patients who reported that staff ""Usually"" explained about medicines before giving it to them","Staff ""usually"" explained",19,10/01/2024,09/30/2025
TN,H_MED_FOR_A_P,"Patients who reported that when receiving new medication the staff ""Always"" communicated what the medication was for","Staff ""always"" explained new medications",75,10/01/2024,09/30/2025
TN,H_MED_FOR_SN_P,"Patients who reported that when receiving new medication the staff ""Sometimes"" or ""Never"" communicated what the medication was for","Staff ""sometimes"" or ""never"" explained new medications",10,10/01/2024,09/30/2025
TN,H_MED_FOR_U_P,"Patients who reported that when receiving new medication the staff ""Usually"" communicated what the medication was for.","Staff ""usually"" explained new medications",15,10/01/2024,09/30/2025
TN,H_SIDE_EFFECTS_A_P,"Patients who reported that when receiving new medication the staff ""Always"" discussed possible side effects","Staff ""always"" explained possible side effects",48,10/01/2024,09/30/2025
TN,H_SIDE_EFFECTS_SN_P,"Patients who reported that when receiving new medication the staff ""Sometimes"" or ""Never"" discussed possible side effects","Staff ""sometimes"" or ""never"" explained possible side effects",30,10/01/2024,09/30/2025
TN,H_SIDE_EFFECTS_U_P,"Patients who reported that when receiving new medication the staff ""Usually"" discussed possible side effects","Staff ""usually"" explained possible side effects",22,10/01/2024,09/30/2025
TN,H_COMP_6_N_P,"Patients who reported that NO, they were not given information about what to do during their recovery at home","No, staff ""did not"" give patients this information",14,10/01/2024,09/30/2025
TN,H_COMP_6_Y_P,"Patients who reported that YES, they were given information about what to do during their recovery at home","Yes, staff ""did"" give patients this information",86,10/01/2024,09/30/2025
TN,H_DISCH_HELP_N_P,"Patients who reported that NO, they did not discuss whether they would need help after discharge","No, staff ""did not"" give patients information about help after discharge",16,10/01/2024,09/30/2025
TN,H_DISCH_HELP_Y_P,"Patients who reported that YES, they did discuss whether they would need help after discharge","Yes, staff ""did"" give patients information about help after discharge",84,10/01/2024,09/30/2025
TN,H_SYMPTOMS_N_P,"Patients who reported that NO, they did not receive written information about possible symptoms to look out for after discharge","No, staff ""did not"" give patients information about possible symptoms",12,10/01/2024,09/30/2025
TN,H_SYMPTOMS_Y_P,"Patients who reported that YES, they did receive written information about possible symptoms to look out for after discharge","Yes, staff ""did"" give patients information about possible symptoms",88,10/01/2024,09/30/2025
TN,H_CLEAN_HSP_A_P,"Patients who reported that their room and bathroom were ""Always"" clean","Room was ""always"" clean",72,10/01/2024,09/30/2025
TN,H_CLEAN_HSP_SN_P,"Patients who reported that their room and bathroom were ""Sometimes"" or ""Never"" clean","Room was ""sometimes"" or ""never"" clean",10,10/01/2024,09/30/2025
TN,H_CLEAN_HSP_U_P,"Patients who reported that their room and bathroom were ""Usually"" clean","Room was ""usually"" clean",18,10/01/2024,09/30/2025
TN,H_QUIET_HSP_A_P,"Patients who reported that the area around their room was ""Always"" quiet at night","""Always"" quiet at night",63,10/01/2024,09/30/2025
TN,H_QUIET_HSP_SN_P,"Patients who reported that the area around their room was ""Sometimes"" or ""Never"" quiet at night","""Sometimes"" or ""never"" quiet at night",8,10/01/2024,09/30/2025
TN,H_QUIET_HSP_U_P,"Patients who reported that the area around their room was ""Usually"" quiet at night","""Usually"" quiet at night",29,10/01/2024,09/30/2025
TN,H_HSP_RATING_0_6,Patients who gave their hospital a rating of 6 or lower on a scale from 0 (lowest) to 10 (highest),"Patients who gave a rating of ""6"" or lower (low)",9,10/01/2024,09/30/2025
TN,H_HSP_RATING_7_8,Patients who gave their hospital a rating of 7 or 8 on a scale from 0 (lowest) to 10 (highest),"Patients who gave a rating of ""7"" or ""8"" (medium)",20,10/01/2024,09/30/2025
TN,H_HSP_RATING_9_10,Patients who gave their hospital a rating of 9 or 10 on a scale from 0 (lowest) to 10 (highest),"Patients who gave a rating of ""9"" or ""10"" (high)",71,10/01/2024,09/30/2025
TN,H_RECMND_DN,"Patients who reported NO, they would probably not or definitely not recommend the hospital","""NO"", patients would not recommend the hospital (they probably would not or definitely would not recommend it)",6,10/01/2024,09/30/2025
TN,H_RECMND_DY,"Patients who reported YES, they would definitely recommend the hospital","""YES"", patients would definitely recommend the hospital",70,10/01/2024,09/30/2025
TN,H_RECMND_PY,"Patients who reported YES, they would probably recommend the hospital","""YES"", patients would probably recommend the hospital",24,10/01/2024,09/30/2025
TX,H_COMP_1_A_P,"Patients who reported that their nurses ""Always"" communicated well","Nurses ""always"" communicated well",80,10/01/2024,09/30/2025
TX,H_COMP_1_SN_P,"Patients who reported that their nurses ""Sometimes"" or ""Never"" communicated well","Nurses ""sometimes"" or ""never"" communicated well",5,10/01/2024,09/30/2025
TX,H_COMP_1_U_P,"Patients who reported that their nurses ""Usually"" communicated well","Nurses ""usually"" communicated well",15,10/01/2024,09/30/2025
TX,H_NURSE_RESPECT_A_P,"Patients who reported that their nurses ""Always"" treated them with courtesy and respect","Nurses ""always"" treated them with courtesy and  respect",86,10/01/2024,09/30/2025
TX,H_NURSE_RESPECT_SN_P,"Patients who reported that their nurses ""Sometimes"" or ""Never""  treated them with courtesy and respect","Nurses ""sometimes"" or ""never"" treated them with courtesy and  respect",3,10/01/2024,09/30/2025
TX,H_NURSE_RESPECT_U_P,"Patients who reported that their nurses ""Usually""  treated them with courtesy and respect","Nurses ""usually""  treated them with courtesy and  respect",11,10/01/2024,09/30/2025
TX,H_NURSE_LISTEN_A_P,"Patients who reported that their nurses ""Always"" listened carefully to them","Nurses ""always"" listened carefully",77,10/01/2024,09/30/2025
TX,H_NURSE_LISTEN_SN_P,"Patients who reported that their nurses ""Sometimes"" or ""Never"" listened carefully to them","Nurses ""sometimes"" or ""never"" listened carefully",5,10/01/2024,09/30/2025
TX,H_NURSE_LISTEN_U_P,"Patients who reported that their nurses ""Usually"" listened carefully to them","Nurses ""usually"" listened carefully",18,10/01/2024,09/30/2025
TX,H_NURSE_EXPLAIN_A_P,"Patients who reported that their nurses ""Always"" explained things in a way they could understand","Nurses ""always"" explained things so they could understand",76,10/01/2024,09/30/2025
TX,H_NURSE_EXPLAIN_SN_P,"Patients who reported that their nurses ""Sometimes"" or ""Never"" explained things in a way they could understand","Nurses ""sometimes"" or ""never"" explained things so they could understand",6,10/01/2024,09/30/2025
TX,H_NURSE_EXPLAIN_U_P,"Patients who reported that their nurses ""Usually"" explained things in a way they could understand","Nurses ""usually"" explained things so they could understand",18,10/01/2024,09/30/2025
TX,H_COMP_2_A_P,"Patients who reported that their doctors ""Always"" communicated well","Doctors ""always"" communicated well",80,10/01/2024,09/30/2025
TX,H_COMP_2_SN_P,"Patients who reported that their doctors ""Sometimes"" or ""Never"" communicated well","Doctors ""sometimes"" or ""never"" communicated well",6,10/01/2024,09/30/2025
TX,H_COMP_2_U_P,"Patients who reported that their doctors ""Usually"" communicated well","Doctors ""usually"" communicated well",14,10/01/2024,09/30/2025
TX,H_DOCTOR_RESPECT_A_P,"Patients who reported that their doctors ""Always"" treated them with courtesy and respect","Doctors ""always"" treated them with courtesy and  respect",86,10/01/2024,09/30/2025
TX,H_DOCTOR_RESPECT_SN_P,"Patients who reported that their doctors ""Sometimes"" or ""Never""  treated them with courtesy and respect","Doctors ""sometimes"" or ""never"" treated them with courtesy and  respect",4,10/01/2024,09/30/2025
TX,H_DOCTOR_RESPECT_U_P,"Patients who reported that their doctors ""Usually""  treated them with courtesy and respect","Doctors ""usually""  treated them with courtesy and  respect",10,10/01/2024,09/30/2025
TX,H_DOCTOR_LISTEN_A_P,"Patients who reported that their doctors ""Always"" listened carefully to them","Doctors ""always"" listened carefully",78,10/01/2024,09/30/2025
TX,H_DOCTOR_LISTEN_SN_P,"Patients who reported that their doctors ""Sometimes"" or ""Never"" listened carefully to them","Doctors ""sometimes"" or ""never"" listened carefully",6,10/01/2024,09/30/2025
TX,H_DOCTOR_LISTEN_U_P,"Patients who reported that their doctors ""Usually"" listened carefully to them","Doctors ""usually"" listened carefully",16,10/01/2024,09/30/2025
TX,H_DOCTOR_EXPLAIN_A_P,"Patients who reported that their doctors ""Always"" explained things in a way they could understand","Doctors ""always"" explained things so they could understand",75,10/01/2024,09/30/2025
TX,H_DOCTOR_EXPLAIN_SN_P,"Patients who reported that their doctors ""Sometimes"" or ""Never"" explained things in a way they could understand","Doctors ""sometimes"" or ""never"" explained things so they could understand",7,10/01/2024,09/30/2025
TX,H_DOCTOR_EXPLAIN_U_P,"Patients who reported that their doctors ""Usually"" explained things in a way they could understand","Doctors ""usually"" explained things so they could understand",18,10/01/2024,09/30/2025
TX,H_COMP_5_A_P,"Patients who reported that staff ""Always"" explained about medicines before giving it to them","Staff ""always"" explained",63,10/01/2024,09/30/2025
TX,H_COMP_5_SN_P,"Patients who reported that staff ""Sometimes"" or ""Never"" explained about medicines before giving it to them","Staff ""sometimes"" or ""never"" explained",19,10/01/2024,09/30/2025
TX,H_COMP_5_U_P,"Patients who reported that staff ""Usually"" explained about medicines before giving it to them","Staff ""usually"" explained",18,10/01/2024,09/30/2025
TX,H_MED_FOR_A_P,"Patients who reported that when receiving new medication the staff ""Always"" communicated what the medication was for","Staff ""always"" explained new medications",76,10/01/2024,09/30/2025
TX,H_MED_FOR_SN_P,"Patients who reported that when receiving new medication the staff ""Sometimes"" or ""Never"" communicated what the medication was for","Staff ""sometimes"" or ""never"" explained new medications",9,10/01/2024,09/30/2025
TX,H_MED_FOR_U_P,"Patients who reported that when receiving new medication the staff ""Usually"" communicated what the medication was for.","Staff ""usually"" explained new medications",15,10/01/2024,09/30/2025
TX,H_SIDE_EFFECTS_A_P,"Patients who reported that when receiving new medication the staff ""Always"" discussed possible side effects","Staff ""always"" explained possible side effects",50,10/01/2024,09/30/2025
TX,H_SIDE_EFFECTS_SN_P,"Patients who reported that when receiving new medication the staff ""Sometimes"" or ""Never"" discussed possible side effects","Staff ""sometimes"" or ""never"" explained possible side effects",29,10/01/2024,09/30/2025
TX,H_SIDE_EFFECTS_U_P,"Patients who reported that when receiving new medication the staff ""Usually"" discussed possible side effects","Staff ""usually"" explained possible side effects",21,10/01/2024,09/30/2025
TX,H_COMP_6_N_P,"Patients who reported that NO, they were not given information about what to do during their recovery at home","No, staff ""did not"" give patients this information",14,10/01/2024,09/30/2025
TX,H_COMP_6_Y_P,"Patients who reported that YES, they were given information about what to do during their recovery at home","Yes, staff ""did"" give patients this information",86,10/01/2024,09/30/2025
TX,H_DISCH_HELP_N_P,"Patients who reported that NO, they did not discuss whether they would need help after discharge","No, staff ""did not"" give patients information about help after discharge",16,10/01/2024,09/30/2025
TX,H_DISCH_HELP_Y_P,"Patients who reported that YES, they did discuss whether they would need help after discharge","Yes, staff ""did"" give patients information about help after discharge",84,10/01/2024,09/30/2025
TX,H_SYMPTOMS_N_P,"Patients who reported that NO, they did not receive written information about possible symptoms to look out for after discharge","No, staff ""did not"" give patients information about possible symptoms",12,10/01/2024,09/30/2025
TX,H_SYMPTOMS_Y_P,"Patients who reported that YES, they did receive written information about possible symptoms to look out for after discharge","Yes, staff ""did"" give patients information about possible symptoms",88,10/01/2024,09/30/2025
TX,H_CLEAN_HSP_A_P,"Patients who reported that their room and bathroom were ""Always"" clean","Room was ""always"" clean",76,10/01/2024,09/30/2025
TX,H_CLEAN_HSP_SN_P,"Patients who reported that their room and bathroom were ""Sometimes"" or ""Never"" clean","Room was ""sometimes"" or ""never"" clean",8,10/01/2024,09/30/2025
TX,H_CLEAN_HSP_U_P,"Patients who reported that their room and bathroom were ""Usually"" clean","Room was ""usually"" clean",16,10/01/2024,09/30/2025
TX,H_QUIET_HSP_A_P,"Patients who reported that the area around their room was ""Always"" quiet at night","""Always"" quiet at night",66,10/01/2024,09/30/2025
TX,H_QUIET_HSP_SN_P,"Patients who reported that the area around their room was ""Sometimes"" or ""Never"" quiet at night","""Sometimes"" or ""never"" quiet at night",8,10/01/2024,09/30/2025
TX,H_QUIET_HSP_U_P,"Patients who reported that the area around their room was ""Usually"" quiet at night","""Usually"" quiet at night",26,10/01/2024,09/30/2025
TX,H_HSP_RATING_0_6,Patients who gave their hospital a rating of 6 or lower on a scale from 0 (lowest) to 10 (highest),"Patients who gave a rating of ""6"" or lower (low)",8,10/01/2024,09/30/2025
TX,H_HSP_RATING_7_8,Patients who gave their hospital a rating of 7 or 8 on a scale from 0 (lowest) to 10 (highest),"Patients who gave a rating of ""7"" or ""8"" (medium)",18,10/01/2024,09/30/2025
TX,H_HSP_RATING_9_10,Patients who gave their hospital a rating of 9 or 10 on a scale from 0 (lowest) to 10 (highest),"Patients who gave a rating of ""9"" or ""10"" (high)",74,10/01/2024,09/30/2025
TX,H_RECMND_DN,"Patients who reported NO, they would probably not or definitely not recommend the hospital","""NO"", patients would not recommend the hospital (they probably would not or definitely would not recommend it)",6,10/01/2024,09/30/2025
TX,H_RECMND_DY,"Patients who reported YES, they would definitely recommend the hospital","""YES"", patients would definitely recommend the hospital",73,10/01/2024,09/30/2025
TX,H_RECMND_PY,"Patients who reported YES, they would probably recommend the hospital","""YES"", patients would probably recommend the hospital",21,10/01/2024,09/30/2025
UT,H_COMP_1_A_P,"Patients who reported that their nurses ""Always"" communicated well","Nurses ""always"" communicated well",81,10/01/2024,09/30/2025
UT,H_COMP_1_SN_P,"Patients who reported that their nurses ""Sometimes"" or ""Never"" communicated well","Nurses ""sometimes"" or ""never"" communicated well",3,10/01/2024,09/30/2025
UT,H_COMP_1_U_P,"Patients who reported that their nurses ""Usually"" communicated well","Nurses ""usually"" communicated well",16,10/01/2024,09/30/2025
UT,H_NURSE_RESPECT_A_P,"Patients who reported that their nurses ""Always"" treated them with courtesy and respect","Nurses ""always"" treated them with courtesy and  respect",88,10/01/2024,09/30/2025
UT,H_NURSE_RESPECT_SN_P,"Patients who reported that their nurses ""Sometimes"" or ""Never""  treated them with courtesy and respect","Nurses ""sometimes"" or ""never"" treated them with courtesy and  respect",2,10/01/2024,09/30/2025
UT,H_NURSE_RESPECT_U_P,"Patients who reported that their nurses ""Usually""  treated them with courtesy and respect","Nurses ""usually""  treated them with courtesy and  respect",10,10/01/2024,09/30/2025
UT,H_NURSE_LISTEN_A_P,"Patients who reported that their nurses ""Always"" listened carefully to them","Nurses ""always"" listened carefully",79,10/01/2024,09/30/2025
UT,H_NURSE_LISTEN_SN_P,"Patients who reported that their nurses ""Sometimes"" or ""Never"" listened carefully to them","Nurses ""sometimes"" or ""never"" listened carefully",3,10/01/2024,09/30/2025
UT,H_NURSE_LISTEN_U_P,"Patients who reported that their nurses ""Usually"" listened carefully to them","Nurses ""usually"" listened carefully",18,10/01/2024,09/30/2025
UT,H_NURSE_EXPLAIN_A_P,"Patients who reported that their nurses ""Always"" explained things in a way they could understand","Nurses ""always"" explained things so they could understand",76,10/01/2024,09/30/2025
UT,H_NURSE_EXPLAIN_SN_P,"Patients who reported that their nurses ""Sometimes"" or ""Never"" explained things in a way they could understand","Nurses ""sometimes"" or ""never"" explained things so they could understand",4,10/01/2024,09/30/2025
UT,H_NURSE_EXPLAIN_U_P,"Patients who reported that their nurses ""Usually"" explained things in a way they could understand","Nurses ""usually"" explained things so they could understand",20,10/01/2024,09/30/2025
UT,H_COMP_2_A_P,"Patients who reported that their doctors ""Always"" communicated well","Doctors ""always"" communicated well",82,10/01/2024,09/30/2025
UT,H_COMP_2_SN_P,"Patients who reported that their doctors ""Sometimes"" or ""Never"" communicated well","Doctors ""sometimes"" or ""never"" communicated well",4,10/01/2024,09/30/2025
UT,H_COMP_2_U_P,"Patients who reported that their doctors ""Usually"" communicated well","Doctors ""usually"" communicated well",14,10/01/2024,09/30/2025
UT,H_DOCTOR_RESPECT_A_P,"Patients who reported that their doctors ""Always"" treated them with courtesy and respect","Doctors ""always"" treated them with courtesy and  respect",88,10/01/2024,09/30/2025
UT,H_DOCTOR_RESPECT_SN_P,"Patients who reported that their doctors ""Sometimes"" or ""Never""  treated them with courtesy and respect","Doctors ""sometimes"" or ""never"" treated them with courtesy and  respect",3,10/01/2024,09/30/2025
UT,H_DOCTOR_RESPECT_U_P,"Patients who reported that their doctors ""Usually""  treated them with courtesy and respect","Doctors ""usually""  treated them with courtesy and  respect",9,10/01/2024,09/30/2025
UT,H_DOCTOR_LISTEN_A_P,"Patients who reported that their doctors ""Always"" listened carefully to them","Doctors ""always"" listened carefully",81,10/01/2024,09/30/2025
UT,H_DOCTOR_LISTEN_SN_P,"Patients who reported that their doctors ""Sometimes"" or ""Never"" listened carefully to them","Doctors ""sometimes"" or ""never"" listened carefully",4,10/01/2024,09/30/2025
UT,H_DOCTOR_LISTEN_U_P,"Patients who reported that their doctors ""Usually"" listened carefully to them","Doctors ""usually"" listened carefully",15,10/01/2024,09/30/2025
UT,H_DOCTOR_EXPLAIN_A_P,"Patients who reported that their doctors ""Always"" explained things in a way they could understand","Doctors ""always"" explained things so they could understand",78,10/01/2024,09/30/2025
UT,H_DOCTOR_EXPLAIN_SN_P,"Patients who reported that their doctors ""Sometimes"" or ""Never"" explained things in a way they could understand","Doctors ""sometimes"" or ""never"" explained things so they could understand",5,10/01/2024,09/30/2025
UT,H_DOCTOR_EXPLAIN_U_P,"Patients who reported that their doctors ""Usually"" explained things in a way they could understand","Doctors ""usually"" explained things so they could understand",17,10/01/2024,09/30/2025
UT,H_COMP_5_A_P,"Patients who reported that staff ""Always"" explained about medicines before giving it to them","Staff ""always"" explained",63,10/01/2024,09/30/2025
UT,H_COMP_5_SN_P,"Patients who reported that staff ""Sometimes"" or ""Never"" explained about medicines before giving it to them","Staff ""sometimes"" or ""never"" explained",17,10/01/2024,09/30/2025
UT,H_COMP_5_U_P,"Patients who reported that staff ""Usually"" explained about medicines before giving it to them","Staff ""usually"" explained",20,10/01/2024,09/30/2025
UT,H_MED_FOR_A_P,"Patients who reported that when receiving new medication the staff ""Always"" communicated what the medication was for","Staff ""always"" explained new medications",76,10/01/2024,09/30/2025
UT,H_MED_FOR_SN_P,"Patients who reported that when receiving new medication the staff ""Sometimes"" or ""Never"" communicated what the medication was for","Staff ""sometimes"" or ""never"" explained new medications",8,10/01/2024,09/30/2025
UT,H_MED_FOR_U_P,"Patients who reported that when receiving new medication the staff ""Usually"" communicated what the medication was for.","Staff ""usually"" explained new medications",16,10/01/2024,09/30/2025
UT,H_SIDE_EFFECTS_A_P,"Patients who reported that when receiving new medication the staff ""Always"" discussed possible side effects","Staff ""always"" explained possible side effects",50,10/01/2024,09/30/2025
UT,H_SIDE_EFFECTS_SN_P,"Patients who reported that when receiving new medication the staff ""Sometimes"" or ""Never"" discussed possible side effects","Staff ""sometimes"" or ""never"" explained possible side effects",26,10/01/2024,09/30/2025
UT,H_SIDE_EFFECTS_U_P,"Patients who reported that when receiving new medication the staff ""Usually"" discussed possible side effects","Staff ""usually"" explained possible side effects",24,10/01/2024,09/30/2025
UT,H_COMP_6_N_P,"Patients who reported that NO, they were not given information about what to do during their recovery at home","No, staff ""did not"" give patients this information",11,10/01/2024,09/30/2025
UT,H_COMP_6_Y_P,"Patients who reported that YES, they were given information about what to do during their recovery at home","Yes, staff ""did"" give patients this information",89,10/01/2024,09/30/2025
UT,H_DISCH_HELP_N_P,"Patients who reported that NO, they did not discuss whether they would need help after discharge","No, staff ""did not"" give patients information about help after discharge",12,10/01/2024,09/30/2025
UT,H_DISCH_HELP_Y_P,"Patients who reported that YES, they did discuss whether they would need help after discharge","Yes, staff ""did"" give patients information about help after discharge",88,10/01/2024,09/30/2025
UT,H_SYMPTOMS_N_P,"Patients who reported that NO, they did not receive written information about possible symptoms to look out for after discharge","No, staff ""did not"" give patients information about possible symptoms",10,10/01/2024,09/30/2025
UT,H_SYMPTOMS_Y_P,"Patients who reported that YES, they did receive written information about possible symptoms to look out for after discharge","Yes, staff ""did"" give patients information about possible symptoms",90,10/01/2024,09/30/2025
UT,H_CLEAN_HSP_A_P,"Patients who reported that their room and bathroom were ""Always"" clean","Room was ""always"" clean",79,10/01/2024,09/30/2025
UT,H_CLEAN_HSP_SN_P,"Patients who reported that their room and bathroom were ""Sometimes"" or ""Never"" clean","Room was ""sometimes"" or ""never"" clean",6,10/01/2024,09/30/2025
UT,H_CLEAN_HSP_U_P,"Patients who reported that their room and bathroom were ""Usually"" clean","Room was ""usually"" clean",15,10/01/2024,09/30/2025
UT,H_QUIET_HSP_A_P,"Patients who reported that the area around their room was ""Always"" quiet at night","""Always"" quiet at night",62,10/01/2024,09/30/2025
UT,H_QUIET_HSP_SN_P,"Patients who reported that the area around their room was ""Sometimes"" or ""Never"" quiet at night","""Sometimes"" or ""never"" quiet at night",8,10/01/2024,09/30/2025
UT,H_QUIET_HSP_U_P,"Patients who reported that the area around their room was ""Usually"" quiet at night","""Usually"" quiet at night",30,10/01/2024,09/30/2025
UT,H_HSP_RATING_0_6,Patients who gave their hospital a rating of 6 or lower on a scale from 0 (lowest) to 10 (highest),"Patients who gave a rating of ""6"" or lower (low)",6,10/01/2024,09/30/2025
UT,H_HSP_RATING_7_8,Patients who gave their hospital a rating of 7 or 8 on a scale from 0 (lowest) to 10 (highest),"Patients who gave a rating of ""7"" or ""8"" (medium)",16,10/01/2024,09/30/2025
UT,H_HSP_RATING_9_10,Patients who gave their hospital a rating of 9 or 10 on a scale from 0 (lowest) to 10 (highest),"Patients who gave a rating of ""9"" or ""10"" (high)",78,10/01/2024,09/30/2025
UT,H_RECMND_DN,"Patients who reported NO, they would probably not or definitely not recommend the hospital","""NO"", patients would not recommend the hospital (they probably would not or definitely would not recommend it)",4,10/01/2024,09/30/2025
UT,H_RECMND_DY,"Patients who reported YES, they would definitely recommend the hospital","""YES"", patients would definitely recommend the hospital",77,10/01/2024,09/30/2025
UT,H_RECMND_PY,"Patients who reported YES, they would probably recommend the hospital","""YES"", patients would probably recommend the hospital",19,10/01/2024,09/30/2025
VA,H_COMP_1_A_P,"Patients who reported that their nurses ""Always"" communicated well","Nurses ""always"" communicated well",81,10/01/2024,09/30/2025
VA,H_COMP_1_SN_P,"Patients who reported that their nurses ""Sometimes"" or ""Never"" communicated well","Nurses ""sometimes"" or ""never"" communicated well",4,10/01/2024,09/30/2025
VA,H_COMP_1_U_P,"Patients who reported that their nurses ""Usually"" communicated well","Nurses ""usually"" communicated well",15,10/01/2024,09/30/2025
VA,H_NURSE_RESPECT_A_P,"Patients who reported that their nurses ""Always"" treated them with courtesy and respect","Nurses ""always"" treated them with courtesy and  respect",87,10/01/2024,09/30/2025
VA,H_NURSE_RESPECT_SN_P,"Patients who reported that their nurses ""Sometimes"" or ""Never""  treated them with courtesy and respect","Nurses ""sometimes"" or ""never"" treated them with courtesy and  respect",2,10/01/2024,09/30/2025
VA,H_NURSE_RESPECT_U_P,"Patients who reported that their nurses ""Usually""  treated them with courtesy and respect","Nurses ""usually""  treated them with courtesy and  respect",11,10/01/2024,09/30/2025
VA,H_NURSE_LISTEN_A_P,"Patients who reported that their nurses ""Always"" listened carefully to them","Nurses ""always"" listened carefully",78,10/01/2024,09/30/2025
VA,H_NURSE_LISTEN_SN_P,"Patients who reported that their nurses ""Sometimes"" or ""Never"" listened carefully to them","Nurses ""sometimes"" or ""never"" listened carefully",4,10/01/2024,09/30/2025
VA,H_NURSE_LISTEN_U_P,"Patients who reported that their nurses ""Usually"" listened carefully to them","Nurses ""usually"" listened carefully",18,10/01/2024,09/30/2025
VA,H_NURSE_EXPLAIN_A_P,"Patients who reported that their nurses ""Always"" explained things in a way they could understand","Nurses ""always"" explained things so they could understand",76,10/01/2024,09/30/2025
VA,H_NURSE_EXPLAIN_SN_P,"Patients who reported that their nurses ""Sometimes"" or ""Never"" explained things in a way they could understand","Nurses ""sometimes"" or ""never"" explained things so they could understand",5,10/01/2024,09/30/2025
VA,H_NURSE_EXPLAIN_U_P,"Patients who reported that their nurses ""Usually"" explained things in a way they could understand","Nurses ""usually"" explained things so they could understand",19,10/01/2024,09/30/2025
VA,H_COMP_2_A_P,"Patients who reported that their doctors ""Always"" communicated well","Doctors ""always"" communicated well",80,10/01/2024,09/30/2025
VA,H_COMP_2_SN_P,"Patients who reported that their doctors ""Sometimes"" or ""Never"" communicated well","Doctors ""sometimes"" or ""never"" communicated well",5,10/01/2024,09/30/2025
VA,H_COMP_2_U_P,"Patients who reported that their doctors ""Usually"" communicated well","Doctors ""usually"" communicated well",15,10/01/2024,09/30/2025
VA,H_DOCTOR_RESPECT_A_P,"Patients who reported that their doctors ""Always"" treated them with courtesy and respect","Doctors ""always"" treated them with courtesy and  respect",86,10/01/2024,09/30/2025
VA,H_DOCTOR_RESPECT_SN_P,"Patients who reported that their doctors ""Sometimes"" or ""Never""  treated them with courtesy and respect","Doctors ""sometimes"" or ""never"" treated them with courtesy and  respect",3,10/01/2024,09/30/2025
VA,H_DOCTOR_RESPECT_U_P,"Patients who reported that their doctors ""Usually""  treated them with courtesy and respect","Doctors ""usually""  treated them with courtesy and  respect",11,10/01/2024,09/30/2025
VA,H_DOCTOR_LISTEN_A_P,"Patients who reported that their doctors ""Always"" listened carefully to them","Doctors ""always"" listened carefully",79,10/01/2024,09/30/2025
VA,H_DOCTOR_LISTEN_SN_P,"Patients who reported that their doctors ""Sometimes"" or ""Never"" listened carefully to them","Doctors ""sometimes"" or ""never"" listened carefully",5,10/01/2024,09/30/2025
VA,H_DOCTOR_LISTEN_U_P,"Patients who reported that their doctors ""Usually"" listened carefully to them","Doctors ""usually"" listened carefully",16,10/01/2024,09/30/2025
VA,H_DOCTOR_EXPLAIN_A_P,"Patients who reported that their doctors ""Always"" explained things in a way they could understand","Doctors ""always"" explained things so they could understand",76,10/01/2024,09/30/2025
VA,H_DOCTOR_EXPLAIN_SN_P,"Patients who reported that their doctors ""Sometimes"" or ""Never"" explained things in a way they could understand","Doctors ""sometimes"" or ""never"" explained things so they could understand",6,10/01/2024,09/30/2025
VA,H_DOCTOR_EXPLAIN_U_P,"Patients who reported that their doctors ""Usually"" explained things in a way they could understand","Doctors ""usually"" explained things so they could understand",18,10/01/2024,09/30/2025
VA,H_COMP_5_A_P,"Patients who reported that staff ""Always"" explained about medicines before giving it to them","Staff ""always"" explained",62,10/01/2024,09/30/2025
VA,H_COMP_5_SN_P,"Patients who reported that staff ""Sometimes"" or ""Never"" explained about medicines before giving it to them","Staff ""sometimes"" or ""never"" explained",19,10/01/2024,09/30/2025
VA,H_COMP_5_U_P,"Patients who reported that staff ""Usually"" explained about medicines before giving it to them","Staff ""usually"" explained",19,10/01/2024,09/30/2025
VA,H_MED_FOR_A_P,"Patients who reported that when receiving new medication the staff ""Always"" communicated what the medication was for","Staff ""always"" explained new medications",76,10/01/2024,09/30/2025
VA,H_MED_FOR_SN_P,"Patients who reported that when receiving new medication the staff ""Sometimes"" or ""Never"" communicated what the medication was for","Staff ""sometimes"" or ""never"" explained new medications",9,10/01/2024,09/30/2025
VA,H_MED_FOR_U_P,"Patients who reported that when receiving new medication the staff ""Usually"" communicated what the medication was for.","Staff ""usually"" explained new medications",15,10/01/2024,09/30/2025
VA,H_SIDE_EFFECTS_A_P,"Patients who reported that when receiving new medication the staff ""Always"" discussed possible side effects","Staff ""always"" explained possible side effects",48,10/01/2024,09/30/2025
VA,H_SIDE_EFFECTS_SN_P,"Patients who reported that when receiving new medication the staff ""Sometimes"" or ""Never"" discussed possible side effects","Staff ""sometimes"" or ""never"" explained possible side effects",30,10/01/2024,09/30/2025
VA,H_SIDE_EFFECTS_U_P,"Patients who reported that when receiving new medication the staff ""Usually"" discussed possible side effects","Staff ""usually"" explained possible side effects",22,10/01/2024,09/30/2025
VA,H_COMP_6_N_P,"Patients who reported that NO, they were not given information about what to do during their recovery at home","No, staff ""did not"" give patients this information",13,10/01/2024,09/30/2025
VA,H_COMP_6_Y_P,"Patients who reported that YES, they were given information about what to do during their recovery at home","Yes, staff ""did"" give patients this information",87,10/01/2024,09/30/2025
VA,H_DISCH_HELP_N_P,"Patients who reported that NO, they did not discuss whether they would need help after discharge","No, staff ""did not"" give patients information about help after discharge",14,10/01/2024,09/30/2025
VA,H_DISCH_HELP_Y_P,"Patients who reported that YES, they did discuss whether they would need help after discharge","Yes, staff ""did"" give patients information about help after discharge",86,10/01/2024,09/30/2025
VA,H_SYMPTOMS_N_P,"Patients who reported that NO, they did not receive written information about possible symptoms to look out for after discharge","No, staff ""did not"" give patients information about possible symptoms",13,10/01/2024,09/30/2025
VA,H_SYMPTOMS_Y_P,"Patients who reported that YES, they did receive written information about possible symptoms to look out for after discharge","Yes, staff ""did"" give patients information about possible symptoms",87,10/01/2024,09/30/2025
VA,H_CLEAN_HSP_A_P,"Patients who reported that their room and bathroom were ""Always"" clean","Room was ""always"" clean",74,10/01/2024,09/30/2025
VA,H_CLEAN_HSP_SN_P,"Patients who reported that their room and bathroom were ""Sometimes"" or ""Never"" clean","Room was ""sometimes"" or ""never"" clean",8,10/01/2024,09/30/2025
VA,H_CLEAN_HSP_U_P,"Patients who reported that their room and bathroom were ""Usually"" clean","Room was ""usually"" clean",18,10/01/2024,09/30/2025
VA,H_QUIET_HSP_A_P,"Patients who reported that the area around their room was ""Always"" quiet at night","""Always"" quiet at night",60,10/01/2024,09/30/2025
VA,H_QUIET_HSP_SN_P,"Patients who reported that the area around their room was ""Sometimes"" or ""Never"" quiet at night","""Sometimes"" or ""never"" quiet at night",10,10/01/2024,09/30/2025
VA,H_QUIET_HSP_U_P,"Patients who reported that the area around their room was ""Usually"" quiet at night","""Usually"" quiet at night",30,10/01/2024,09/30/2025
VA,H_HSP_RATING_0_6,Patients who gave their hospital a rating of 6 or lower on a scale from 0 (lowest) to 10 (highest),"Patients who gave a rating of ""6"" or lower (low)",8,10/01/2024,09/30/2025
VA,H_HSP_RATING_7_8,Patients who gave their hospital a rating of 7 or 8 on a scale from 0 (lowest) to 10 (highest),"Patients who gave a rating of ""7"" or ""8"" (medium)",20,10/01/2024,09/30/2025
VA,H_HSP_RATING_9_10,Patients who gave their hospital a rating of 9 or 10 on a scale from 0 (lowest) to 10 (highest),"Patients who gave a rating of ""9"" or ""10"" (high)",72,10/01/2024,09/30/2025
VA,H_RECMND_DN,"Patients who reported NO, they would probably not or definitely not recommend the hospital","""NO"", patients would not recommend the hospital (they probably would not or definitely would not recommend it)",5,10/01/2024,09/30/2025
VA,H_RECMND_DY,"Patients who reported YES, they would definitely recommend the hospital","""YES"", patients would definitely recommend the hospital",70,10/01/2024,09/30/2025
VA,H_RECMND_PY,"Patients who reported YES, they would probably recommend the hospital","""YES"", patients would probably recommend the hospital",25,10/01/2024,09/30/2025
VI,H_COMP_1_A_P,"Patients who reported that their nurses ""Always"" communicated well","Nurses ""always"" communicated well",Not Available,10/01/2024,09/30/2025
VI,H_COMP_1_SN_P,"Patients who reported that their nurses ""Sometimes"" or ""Never"" communicated well","Nurses ""sometimes"" or ""never"" communicated well",Not Available,10/01/2024,09/30/2025
VI,H_COMP_1_U_P,"Patients who reported that their nurses ""Usually"" communicated well","Nurses ""usually"" communicated well",Not Available,10/01/2024,09/30/2025
VI,H_NURSE_RESPECT_A_P,"Patients who reported that their nurses ""Always"" treated them with courtesy and respect","Nurses ""always"" treated them with courtesy and  respect",Not Available,10/01/2024,09/30/2025
VI,H_NURSE_RESPECT_SN_P,"Patients who reported that their nurses ""Sometimes"" or ""Never""  treated them with courtesy and respect","Nurses ""sometimes"" or ""never"" treated them with courtesy and  respect",Not Available,10/01/2024,09/30/2025
VI,H_NURSE_RESPECT_U_P,"Patients who reported that their nurses ""Usually""  treated them with courtesy and respect","Nurses ""usually""  treated them with courtesy and  respect",Not Available,10/01/2024,09/30/2025
VI,H_NURSE_LISTEN_A_P,"Patients who reported that their nurses ""Always"" listened carefully to them","Nurses ""always"" listened carefully",Not Available,10/01/2024,09/30/2025
VI,H_NURSE_LISTEN_SN_P,"Patients who reported that their nurses ""Sometimes"" or ""Never"" listened carefully to them","Nurses ""sometimes"" or ""never"" listened carefully",Not Available,10/01/2024,09/30/2025
VI,H_NURSE_LISTEN_U_P,"Patients who reported that their nurses ""Usually"" listened carefully to them","Nurses ""usually"" listened carefully",Not Available,10/01/2024,09/30/2025
VI,H_NURSE_EXPLAIN_A_P,"Patients who reported that their nurses ""Always"" explained things in a way they could understand","Nurses ""always"" explained things so they could understand",Not Available,10/01/2024,09/30/2025
VI,H_NURSE_EXPLAIN_SN_P,"Patients who reported that their nurses ""Sometimes"" or ""Never"" explained things in a way they could understand","Nurses ""sometimes"" or ""never"" explained things so they could understand",Not Available,10/01/2024,09/30/2025
VI,H_NURSE_EXPLAIN_U_P,"Patients who reported that their nurses ""Usually"" explained things in a way they could understand","Nurses ""usually"" explained things so they could understand",Not Available,10/01/2024,09/30/2025
VI,H_COMP_2_A_P,"Patients who reported that their doctors ""Always"" communicated well","Doctors ""always"" communicated well",Not Available,10/01/2024,09/30/2025
VI,H_COMP_2_SN_P,"Patients who reported that their doctors ""Sometimes"" or ""Never"" communicated well","Doctors ""sometimes"" or ""never"" communicated well",Not Available,10/01/2024,09/30/2025
VI,H_COMP_2_U_P,"Patients who reported that their doctors ""Usually"" communicated well","Doctors ""usually"" communicated well",Not Available,10/01/2024,09/30/2025
VI,H_DOCTOR_RESPECT_A_P,"Patients who reported that their doctors ""Always"" treated them with courtesy and respect","Doctors ""always"" treated them with courtesy and  respect",Not Available,10/01/2024,09/30/2025
VI,H_DOCTOR_RESPECT_SN_P,"Patients who reported that their doctors ""Sometimes"" or ""Never""  treated them with courtesy and respect","Doctors ""sometimes"" or ""never"" treated them with courtesy and  respect",Not Available,10/01/2024,09/30/2025
VI,H_DOCTOR_RESPECT_U_P,"Patients who reported that their doctors ""Usually""  treated them with courtesy and respect","Doctors ""usually""  treated them with courtesy and  respect",Not Available,10/01/2024,09/30/2025
VI,H_DOCTOR_LISTEN_A_P,"Patients who reported that their doctors ""Always"" listened carefully to them","Doctors ""always"" listened carefully",Not Available,10/01/2024,09/30/2025
VI,H_DOCTOR_LISTEN_SN_P,"Patients who reported that their doctors ""Sometimes"" or ""Never"" listened carefully to them","Doctors ""sometimes"" or ""never"" listened carefully",Not Available,10/01/2024,09/30/2025
VI,H_DOCTOR_LISTEN_U_P,"Patients who reported that their doctors ""Usually"" listened carefully to them","Doctors ""usually"" listened carefully",Not Available,10/01/2024,09/30/2025
VI,H_DOCTOR_EXPLAIN_A_P,"Patients who reported that their doctors ""Always"" explained things in a way they could understand","Doctors ""always"" explained things so they could understand",Not Available,10/01/2024,09/30/2025
VI,H_DOCTOR_EXPLAIN_SN_P,"Patients who reported that their doctors ""Sometimes"" or ""Never"" explained things in a way they could understand","Doctors ""sometimes"" or ""never"" explained things so they could understand",Not Available,10/01/2024,09/30/2025
VI,H_DOCTOR_EXPLAIN_U_P,"Patients who reported that their doctors ""Usually"" explained things in a way they could understand","Doctors ""usually"" explained things so they could understand",Not Available,10/01/2024,09/30/2025
VI,H_COMP_5_A_P,"Patients who reported that staff ""Always"" explained about medicines before giving it to them","Staff ""always"" explained",Not Available,10/01/2024,09/30/2025
VI,H_COMP_5_SN_P,"Patients who reported that staff ""Sometimes"" or ""Never"" explained about medicines before giving it to them","Staff ""sometimes"" or ""never"" explained",Not Available,10/01/2024,09/30/2025
VI,H_COMP_5_U_P,"Patients who reported that staff ""Usually"" explained about medicines before giving it to them","Staff ""usually"" explained",Not Available,10/01/2024,09/30/2025
VI,H_MED_FOR_A_P,"Patients who reported that when receiving new medication the staff ""Always"" communicated what the medication was for","Staff ""always"" explained new medications",Not Available,10/01/2024,09/30/2025
VI,H_MED_FOR_SN_P,"Patients who reported that when receiving new medication the staff ""Sometimes"" or ""Never"" communicated what the medication was for","Staff ""sometimes"" or ""never"" explained new medications",Not Available,10/01/2024,09/30/2025
VI,H_MED_FOR_U_P,"Patients who reported that when receiving new medication the staff ""Usually"" communicated what the medication was for.","Staff ""usually"" explained new medications",Not Available,10/01/2024,09/30/2025
VI,H_SIDE_EFFECTS_A_P,"Patients who reported that when receiving new medication the staff ""Always"" discussed possible side effects","Staff ""always"" explained possible side effects",Not Available,10/01/2024,09/30/2025
VI,H_SIDE_EFFECTS_SN_P,"Patients who reported that when receiving new medication the staff ""Sometimes"" or ""Never"" discussed possible side effects","Staff ""sometimes"" or ""never"" explained possible side effects",Not Available,10/01/2024,09/30/2025
VI,H_SIDE_EFFECTS_U_P,"Patients who reported that when receiving new medication the staff ""Usually"" discussed possible side effects","Staff ""usually"" explained possible side effects",Not Available,10/01/2024,09/30/2025
VI,H_COMP_6_N_P,"Patients who reported that NO, they were not given information about what to do during their recovery at home","No, staff ""did not"" give patients this information",Not Available,10/01/2024,09/30/2025
VI,H_COMP_6_Y_P,"Patients who reported that YES, they were given information about what to do during their recovery at home","Yes, staff ""did"" give patients this information",Not Available,10/01/2024,09/30/2025
VI,H_DISCH_HELP_N_P,"Patients who reported that NO, they did not discuss whether they would need help after discharge","No, staff ""did not"" give patients information about help after discharge",Not Available,10/01/2024,09/30/2025
VI,H_DISCH_HELP_Y_P,"Patients who reported that YES, they did discuss whether they would need help after discharge","Yes, staff ""did"" give patients information about help after discharge",Not Available,10/01/2024,09/30/2025
VI,H_SYMPTOMS_N_P,"Patients who reported that NO, they did not receive written information about possible symptoms to look out for after discharge","No, staff ""did not"" give patients information about possible symptoms",Not Available,10/01/2024,09/30/2025
VI,H_SYMPTOMS_Y_P,"Patients who reported that YES, they did receive written information about possible symptoms to look out for after discharge","Yes, staff ""did"" give patients information about possible symptoms",Not Available,10/01/2024,09/30/2025
VI,H_CLEAN_HSP_A_P,"Patients who reported that their room and bathroom were ""Always"" clean","Room was ""always"" clean",Not Available,10/01/2024,09/30/2025
VI,H_CLEAN_HSP_SN_P,"Patients who reported that their room and bathroom were ""Sometimes"" or ""Never"" clean","Room was ""sometimes"" or ""never"" clean",Not Available,10/01/2024,09/30/2025
VI,H_CLEAN_HSP_U_P,"Patients who reported that their room and bathroom were ""Usually"" clean","Room was ""usually"" clean",Not Available,10/01/2024,09/30/2025
VI,H_QUIET_HSP_A_P,"Patients who reported that the area around their room was ""Always"" quiet at night","""Always"" quiet at night",Not Available,10/01/2024,09/30/2025
VI,H_QUIET_HSP_SN_P,"Patients who reported that the area around their room was ""Sometimes"" or ""Never"" quiet at night","""Sometimes"" or ""never"" quiet at night",Not Available,10/01/2024,09/30/2025
VI,H_QUIET_HSP_U_P,"Patients who reported that the area around their room was ""Usually"" quiet at night","""Usually"" quiet at night",Not Available,10/01/2024,09/30/2025
VI,H_HSP_RATING_0_6,Patients who gave their hospital a rating of 6 or lower on a scale from 0 (lowest) to 10 (highest),"Patients who gave a rating of ""6"" or lower (low)",Not Available,10/01/2024,09/30/2025
VI,H_HSP_RATING_7_8,Patients who gave their hospital a rating of 7 or 8 on a scale from 0 (lowest) to 10 (highest),"Patients who gave a rating of ""7"" or ""8"" (medium)",Not Available,10/01/2024,09/30/2025
VI,H_HSP_RATING_9_10,Patients who gave their hospital a rating of 9 or 10 on a scale from 0 (lowest) to 10 (highest),"Patients who gave a rating of ""9"" or ""10"" (high)",Not Available,10/01/2024,09/30/2025
VI,H_RECMND_DN,"Patients who reported NO, they would probably not or definitely not recommend the hospital","""NO"", patients would not recommend the hospital (they probably would not or definitely would not recommend it)",Not Available,10/01/2024,09/30/2025
VI,H_RECMND_DY,"Patients who reported YES, they would definitely recommend the hospital","""YES"", patients would definitely recommend the hospital",Not Available,10/01/2024,09/30/2025
VI,H_RECMND_PY,"Patients who reported YES, they would probably recommend the hospital","""YES"", patients would probably recommend the hospital",Not Available,10/01/2024,09/30/2025
VT,H_COMP_1_A_P,"Patients who reported that their nurses ""Always"" communicated well","Nurses ""always"" communicated well",83,10/01/2024,09/30/2025
VT,H_COMP_1_SN_P,"Patients who reported that their nurses ""Sometimes"" or ""Never"" communicated well","Nurses ""sometimes"" or ""never"" communicated well",3,10/01/2024,09/30/2025
VT,H_COMP_1_U_P,"Patients who reported that their nurses ""Usually"" communicated well","Nurses ""usually"" communicated well",14,10/01/2024,09/30/2025
VT,H_NURSE_RESPECT_A_P,"Patients who reported that their nurses ""Always"" treated them with courtesy and respect","Nurses ""always"" treated them with courtesy and  respect",89,10/01/2024,09/30/2025
VT,H_NURSE_RESPECT_SN_P,"Patients who reported that their nurses ""Sometimes"" or ""Never""  treated them with courtesy and respect","Nurses ""sometimes"" or ""never"" treated them with courtesy and  respect",2,10/01/2024,09/30/2025
VT,H_NURSE_RESPECT_U_P,"Patients who reported that their nurses ""Usually""  treated them with courtesy and respect","Nurses ""usually""  treated them with courtesy and  respect",9,10/01/2024,09/30/2025
VT,H_NURSE_LISTEN_A_P,"Patients who reported that their nurses ""Always"" listened carefully to them","Nurses ""always"" listened carefully",80,10/01/2024,09/30/2025
VT,H_NURSE_LISTEN_SN_P,"Patients who reported that their nurses ""Sometimes"" or ""Never"" listened carefully to them","Nurses ""sometimes"" or ""never"" listened carefully",3,10/01/2024,09/30/2025
VT,H_NURSE_LISTEN_U_P,"Patients who reported that their nurses ""Usually"" listened carefully to them","Nurses ""usually"" listened carefully",17,10/01/2024,09/30/2025
VT,H_NURSE_EXPLAIN_A_P,"Patients who reported that their nurses ""Always"" explained things in a way they could understand","Nurses ""always"" explained things so they could understand",78,10/01/2024,09/30/2025
VT,H_NURSE_EXPLAIN_SN_P,"Patients who reported that their nurses ""Sometimes"" or ""Never"" explained things in a way they could understand","Nurses ""sometimes"" or ""never"" explained things so they could understand",4,10/01/2024,09/30/2025
VT,H_NURSE_EXPLAIN_U_P,"Patients who reported that their nurses ""Usually"" explained things in a way they could understand","Nurses ""usually"" explained things so they could understand",18,10/01/2024,09/30/2025
VT,H_COMP_2_A_P,"Patients who reported that their doctors ""Always"" communicated well","Doctors ""always"" communicated well",83,10/01/2024,09/30/2025
VT,H_COMP_2_SN_P,"Patients who reported that their doctors ""Sometimes"" or ""Never"" communicated well","Doctors ""sometimes"" or ""never"" communicated well",4,10/01/2024,09/30/2025
VT,H_COMP_2_U_P,"Patients who reported that their doctors ""Usually"" communicated well","Doctors ""usually"" communicated well",13,10/01/2024,09/30/2025
VT,H_DOCTOR_RESPECT_A_P,"Patients who reported that their doctors ""Always"" treated them with courtesy and respect","Doctors ""always"" treated them with courtesy and  respect",88,10/01/2024,09/30/2025
VT,H_DOCTOR_RESPECT_SN_P,"Patients who reported that their doctors ""Sometimes"" or ""Never""  treated them with courtesy and respect","Doctors ""sometimes"" or ""never"" treated them with courtesy and  respect",2,10/01/2024,09/30/2025
VT,H_DOCTOR_RESPECT_U_P,"Patients who reported that their doctors ""Usually""  treated them with courtesy and respect","Doctors ""usually""  treated them with courtesy and  respect",10,10/01/2024,09/30/2025
VT,H_DOCTOR_LISTEN_A_P,"Patients who reported that their doctors ""Always"" listened carefully to them","Doctors ""always"" listened carefully",81,10/01/2024,09/30/2025
VT,H_DOCTOR_LISTEN_SN_P,"Patients who reported that their doctors ""Sometimes"" or ""Never"" listened carefully to them","Doctors ""sometimes"" or ""never"" listened carefully",5,10/01/2024,09/30/2025
VT,H_DOCTOR_LISTEN_U_P,"Patients who reported that their doctors ""Usually"" listened carefully to them","Doctors ""usually"" listened carefully",14,10/01/2024,09/30/2025
VT,H_DOCTOR_EXPLAIN_A_P,"Patients who reported that their doctors ""Always"" explained things in a way they could understand","Doctors ""always"" explained things so they could understand",78,10/01/2024,09/30/2025
VT,H_DOCTOR_EXPLAIN_SN_P,"Patients who reported that their doctors ""Sometimes"" or ""Never"" explained things in a way they could understand","Doctors ""sometimes"" or ""never"" explained things so they could understand",5,10/01/2024,09/30/2025
VT,H_DOCTOR_EXPLAIN_U_P,"Patients who reported that their doctors ""Usually"" explained things in a way they could understand","Doctors ""usually"" explained things so they could understand",17,10/01/2024,09/30/2025
VT,H_COMP_5_A_P,"Patients who reported that staff ""Always"" explained about medicines before giving it to them","Staff ""always"" explained",66,10/01/2024,09/30/2025
VT,H_COMP_5_SN_P,"Patients who reported that staff ""Sometimes"" or ""Never"" explained about medicines before giving it to them","Staff ""sometimes"" or ""never"" explained",16,10/01/2024,09/30/2025
VT,H_COMP_5_U_P,"Patients who reported that staff ""Usually"" explained about medicines before giving it to them","Staff ""usually"" explained",18,10/01/2024,09/30/2025
VT,H_MED_FOR_A_P,"Patients who reported that when receiving new medication the staff ""Always"" communicated what the medication was for","Staff ""always"" explained new medications",78,10/01/2024,09/30/2025
VT,H_MED_FOR_SN_P,"Patients who reported that when receiving new medication the staff ""Sometimes"" or ""Never"" communicated what the medication was for","Staff ""sometimes"" or ""never"" explained new medications",7,10/01/2024,09/30/2025
VT,H_MED_FOR_U_P,"Patients who reported that when receiving new medication the staff ""Usually"" communicated what the medication was for.","Staff ""usually"" explained new medications",15,10/01/2024,09/30/2025
VT,H_SIDE_EFFECTS_A_P,"Patients who reported that when receiving new medication the staff ""Always"" discussed possible side effects","Staff ""always"" explained possible side effects",53,10/01/2024,09/30/2025
VT,H_SIDE_EFFECTS_SN_P,"Patients who reported that when receiving new medication the staff ""Sometimes"" or ""Never"" discussed possible side effects","Staff ""sometimes"" or ""never"" explained possible side effects",25,10/01/2024,09/30/2025
VT,H_SIDE_EFFECTS_U_P,"Patients who reported that when receiving new medication the staff ""Usually"" discussed possible side effects","Staff ""usually"" explained possible side effects",22,10/01/2024,09/30/2025
VT,H_COMP_6_N_P,"Patients who reported that NO, they were not given information about what to do during their recovery at home","No, staff ""did not"" give patients this information",11,10/01/2024,09/30/2025
VT,H_COMP_6_Y_P,"Patients who reported that YES, they were given information about what to do during their recovery at home","Yes, staff ""did"" give patients this information",89,10/01/2024,09/30/2025
VT,H_DISCH_HELP_N_P,"Patients who reported that NO, they did not discuss whether they would need help after discharge","No, staff ""did not"" give patients information about help after discharge",12,10/01/2024,09/30/2025
VT,H_DISCH_HELP_Y_P,"Patients who reported that YES, they did discuss whether they would need help after discharge","Yes, staff ""did"" give patients information about help after discharge",88,10/01/2024,09/30/2025
VT,H_SYMPTOMS_N_P,"Patients who reported that NO, they did not receive written information about possible symptoms to look out for after discharge","No, staff ""did not"" give patients information about possible symptoms",10,10/01/2024,09/30/2025
VT,H_SYMPTOMS_Y_P,"Patients who reported that YES, they did receive written information about possible symptoms to look out for after discharge","Yes, staff ""did"" give patients information about possible symptoms",90,10/01/2024,09/30/2025
VT,H_CLEAN_HSP_A_P,"Patients who reported that their room and bathroom were ""Always"" clean","Room was ""always"" clean",77,10/01/2024,09/30/2025
VT,H_CLEAN_HSP_SN_P,"Patients who reported that their room and bathroom were ""Sometimes"" or ""Never"" clean","Room was ""sometimes"" or ""never"" clean",6,10/01/2024,09/30/2025
VT,H_CLEAN_HSP_U_P,"Patients who reported that their room and bathroom were ""Usually"" clean","Room was ""usually"" clean",17,10/01/2024,09/30/2025
VT,H_QUIET_HSP_A_P,"Patients who reported that the area around their room was ""Always"" quiet at night","""Always"" quiet at night",54,10/01/2024,09/30/2025
VT,H_QUIET_HSP_SN_P,"Patients who reported that the area around their room was ""Sometimes"" or ""Never"" quiet at night","""Sometimes"" or ""never"" quiet at night",11,10/01/2024,09/30/2025
VT,H_QUIET_HSP_U_P,"Patients who reported that the area around their room was ""Usually"" quiet at night","""Usually"" quiet at night",35,10/01/2024,09/30/2025
VT,H_HSP_RATING_0_6,Patients who gave their hospital a rating of 6 or lower on a scale from 0 (lowest) to 10 (highest),"Patients who gave a rating of ""6"" or lower (low)",6,10/01/2024,09/30/2025
VT,H_HSP_RATING_7_8,Patients who gave their hospital a rating of 7 or 8 on a scale from 0 (lowest) to 10 (highest),"Patients who gave a rating of ""7"" or ""8"" (medium)",20,10/01/2024,09/30/2025
VT,H_HSP_RATING_9_10,Patients who gave their hospital a rating of 9 or 10 on a scale from 0 (lowest) to 10 (highest),"Patients who gave a rating of ""9"" or ""10"" (high)",74,10/01/2024,09/30/2025
VT,H_RECMND_DN,"Patients who reported NO, they would probably not or definitely not recommend the hospital","""NO"", patients would not recommend the hospital (they probably would not or definitely would not recommend it)",4,10/01/2024,09/30/2025
VT,H_RECMND_DY,"Patients who reported YES, they would definitely recommend the hospital","""YES"", patients would definitely recommend the hospital",73,10/01/2024,09/30/2025
VT,H_RECMND_PY,"Patients who reported YES, they would probably recommend the hospital","""YES"", patients would probably recommend the hospital",23,10/01/2024,09/30/2025
WA,H_COMP_1_A_P,"Patients who reported that their nurses ""Always"" communicated well","Nurses ""always"" communicated well",78,10/01/2024,09/30/2025
WA,H_COMP_1_SN_P,"Patients who reported that their nurses ""Sometimes"" or ""Never"" communicated well","Nurses ""sometimes"" or ""never"" communicated well",4,10/01/2024,09/30/2025
WA,H_COMP_1_U_P,"Patients who reported that their nurses ""Usually"" communicated well","Nurses ""usually"" communicated well",18,10/01/2024,09/30/2025
WA,H_NURSE_RESPECT_A_P,"Patients who reported that their nurses ""Always"" treated them with courtesy and respect","Nurses ""always"" treated them with courtesy and  respect",86,10/01/2024,09/30/2025
WA,H_NURSE_RESPECT_SN_P,"Patients who reported that their nurses ""Sometimes"" or ""Never""  treated them with courtesy and respect","Nurses ""sometimes"" or ""never"" treated them with courtesy and  respect",2,10/01/2024,09/30/2025
WA,H_NURSE_RESPECT_U_P,"Patients who reported that their nurses ""Usually""  treated them with courtesy and respect","Nurses ""usually""  treated them with courtesy and  respect",12,10/01/2024,09/30/2025
WA,H_NURSE_LISTEN_A_P,"Patients who reported that their nurses ""Always"" listened carefully to them","Nurses ""always"" listened carefully",75,10/01/2024,09/30/2025
WA,H_NURSE_LISTEN_SN_P,"Patients who reported that their nurses ""Sometimes"" or ""Never"" listened carefully to them","Nurses ""sometimes"" or ""never"" listened carefully",4,10/01/2024,09/30/2025
WA,H_NURSE_LISTEN_U_P,"Patients who reported that their nurses ""Usually"" listened carefully to them","Nurses ""usually"" listened carefully",21,10/01/2024,09/30/2025
WA,H_NURSE_EXPLAIN_A_P,"Patients who reported that their nurses ""Always"" explained things in a way they could understand","Nurses ""always"" explained things so they could understand",74,10/01/2024,09/30/2025
WA,H_NURSE_EXPLAIN_SN_P,"Patients who reported that their nurses ""Sometimes"" or ""Never"" explained things in a way they could understand","Nurses ""sometimes"" or ""never"" explained things so they could understand",5,10/01/2024,09/30/2025
WA,H_NURSE_EXPLAIN_U_P,"Patients who reported that their nurses ""Usually"" explained things in a way they could understand","Nurses ""usually"" explained things so they could understand",21,10/01/2024,09/30/2025
WA,H_COMP_2_A_P,"Patients who reported that their doctors ""Always"" communicated well","Doctors ""always"" communicated well",79,10/01/2024,09/30/2025
WA,H_COMP_2_SN_P,"Patients who reported that their doctors ""Sometimes"" or ""Never"" communicated well","Doctors ""sometimes"" or ""never"" communicated well",5,10/01/2024,09/30/2025
WA,H_COMP_2_U_P,"Patients who reported that their doctors ""Usually"" communicated well","Doctors ""usually"" communicated well",16,10/01/2024,09/30/2025
WA,H_DOCTOR_RESPECT_A_P,"Patients who reported that their doctors ""Always"" treated them with courtesy and respect","Doctors ""always"" treated them with courtesy and  respect",86,10/01/2024,09/30/2025
WA,H_DOCTOR_RESPECT_SN_P,"Patients who reported that their doctors ""Sometimes"" or ""Never""  treated them with courtesy and respect","Doctors ""sometimes"" or ""never"" treated them with courtesy and  respect",3,10/01/2024,09/30/2025
WA,H_DOCTOR_RESPECT_U_P,"Patients who reported that their doctors ""Usually""  treated them with courtesy and respect","Doctors ""usually""  treated them with courtesy and  respect",11,10/01/2024,09/30/2025
WA,H_DOCTOR_LISTEN_A_P,"Patients who reported that their doctors ""Always"" listened carefully to them","Doctors ""always"" listened carefully",78,10/01/2024,09/30/2025
WA,H_DOCTOR_LISTEN_SN_P,"Patients who reported that their doctors ""Sometimes"" or ""Never"" listened carefully to them","Doctors ""sometimes"" or ""never"" listened carefully",5,10/01/2024,09/30/2025
WA,H_DOCTOR_LISTEN_U_P,"Patients who reported that their doctors ""Usually"" listened carefully to them","Doctors ""usually"" listened carefully",17,10/01/2024,09/30/2025
WA,H_DOCTOR_EXPLAIN_A_P,"Patients who reported that their doctors ""Always"" explained things in a way they could understand","Doctors ""always"" explained things so they could understand",74,10/01/2024,09/30/2025
WA,H_DOCTOR_EXPLAIN_SN_P,"Patients who reported that their doctors ""Sometimes"" or ""Never"" explained things in a way they could understand","Doctors ""sometimes"" or ""never"" explained things so they could understand",6,10/01/2024,09/30/2025
WA,H_DOCTOR_EXPLAIN_U_P,"Patients who reported that their doctors ""Usually"" explained things in a way they could understand","Doctors ""usually"" explained things so they could understand",20,10/01/2024,09/30/2025
WA,H_COMP_5_A_P,"Patients who reported that staff ""Always"" explained about medicines before giving it to them","Staff ""always"" explained",61,10/01/2024,09/30/2025
WA,H_COMP_5_SN_P,"Patients who reported that staff ""Sometimes"" or ""Never"" explained about medicines before giving it to them","Staff ""sometimes"" or ""never"" explained",18,10/01/2024,09/30/2025
WA,H_COMP_5_U_P,"Patients who reported that staff ""Usually"" explained about medicines before giving it to them","Staff ""usually"" explained",21,10/01/2024,09/30/2025
WA,H_MED_FOR_A_P,"Patients who reported that when receiving new medication the staff ""Always"" communicated what the medication was for","Staff ""always"" explained new medications",74,10/01/2024,09/30/2025
WA,H_MED_FOR_SN_P,"Patients who reported that when receiving new medication the staff ""Sometimes"" or ""Never"" communicated what the medication was for","Staff ""sometimes"" or ""never"" explained new medications",9,10/01/2024,09/30/2025
WA,H_MED_FOR_U_P,"Patients who reported that when receiving new medication the staff ""Usually"" communicated what the medication was for.","Staff ""usually"" explained new medications",17,10/01/2024,09/30/2025
WA,H_SIDE_EFFECTS_A_P,"Patients who reported that when receiving new medication the staff ""Always"" discussed possible side effects","Staff ""always"" explained possible side effects",48,10/01/2024,09/30/2025
WA,H_SIDE_EFFECTS_SN_P,"Patients who reported that when receiving new medication the staff ""Sometimes"" or ""Never"" discussed possible side effects","Staff ""sometimes"" or ""never"" explained possible side effects",28,10/01/2024,09/30/2025
WA,H_SIDE_EFFECTS_U_P,"Patients who reported that when receiving new medication the staff ""Usually"" discussed possible side effects","Staff ""usually"" explained possible side effects",24,10/01/2024,09/30/2025
WA,H_COMP_6_N_P,"Patients who reported that NO, they were not given information about what to do during their recovery at home","No, staff ""did not"" give patients this information",13,10/01/2024,09/30/2025
WA,H_COMP_6_Y_P,"Patients who reported that YES, they were given information about what to do during their recovery at home","Yes, staff ""did"" give patients this information",87,10/01/2024,09/30/2025
WA,H_DISCH_HELP_N_P,"Patients who reported that NO, they did not discuss whether they would need help after discharge","No, staff ""did not"" give patients information about help after discharge",14,10/01/2024,09/30/2025
WA,H_DISCH_HELP_Y_P,"Patients who reported that YES, they did discuss whether they would need help after discharge","Yes, staff ""did"" give patients information about help after discharge",86,10/01/2024,09/30/2025
WA,H_SYMPTOMS_N_P,"Patients who reported that NO, they did not receive written information about possible symptoms to look out for after discharge","No, staff ""did not"" give patients information about possible symptoms",12,10/01/2024,09/30/2025
WA,H_SYMPTOMS_Y_P,"Patients who reported that YES, they did receive written information about possible symptoms to look out for after discharge","Yes, staff ""did"" give patients information about possible symptoms",88,10/01/2024,09/30/2025
WA,H_CLEAN_HSP_A_P,"Patients who reported that their room and bathroom were ""Always"" clean","Room was ""always"" clean",74,10/01/2024,09/30/2025
WA,H_CLEAN_HSP_SN_P,"Patients who reported that their room and bathroom were ""Sometimes"" or ""Never"" clean","Room was ""sometimes"" or ""never"" clean",8,10/01/2024,09/30/2025
WA,H_CLEAN_HSP_U_P,"Patients who reported that their room and bathroom were ""Usually"" clean","Room was ""usually"" clean",18,10/01/2024,09/30/2025
WA,H_QUIET_HSP_A_P,"Patients who reported that the area around their room was ""Always"" quiet at night","""Always"" quiet at night",53,10/01/2024,09/30/2025
WA,H_QUIET_HSP_SN_P,"Patients who reported that the area around their room was ""Sometimes"" or ""Never"" quiet at night","""Sometimes"" or ""never"" quiet at night",12,10/01/2024,09/30/2025
WA,H_QUIET_HSP_U_P,"Patients who reported that the area around their room was ""Usually"" quiet at night","""Usually"" quiet at night",35,10/01/2024,09/30/2025
WA,H_HSP_RATING_0_6,Patients who gave their hospital a rating of 6 or lower on a scale from 0 (lowest) to 10 (highest),"Patients who gave a rating of ""6"" or lower (low)",8,10/01/2024,09/30/2025
WA,H_HSP_RATING_7_8,Patients who gave their hospital a rating of 7 or 8 on a scale from 0 (lowest) to 10 (highest),"Patients who gave a rating of ""7"" or ""8"" (medium)",22,10/01/2024,09/30/2025
WA,H_HSP_RATING_9_10,Patients who gave their hospital a rating of 9 or 10 on a scale from 0 (lowest) to 10 (highest),"Patients who gave a rating of ""9"" or ""10"" (high)",70,10/01/2024,09/30/2025
WA,H_RECMND_DN,"Patients who reported NO, they would probably not or definitely not recommend the hospital","""NO"", patients would not recommend the hospital (they probably would not or definitely would not recommend it)",5,10/01/2024,09/30/2025
WA,H_RECMND_DY,"Patients who reported YES, they would definitely recommend the hospital","""YES"", patients would definitely recommend the hospital",71,10/01/2024,09/30/2025
WA,H_RECMND_PY,"Patients who reported YES, they would probably recommend the hospital","""YES"", patients would probably recommend the hospital",24,10/01/2024,09/30/2025
WI,H_COMP_1_A_P,"Patients who reported that their nurses ""Always"" communicated well","Nurses ""always"" communicated well",83,10/01/2024,09/30/2025
WI,H_COMP_1_SN_P,"Patients who reported that their nurses ""Sometimes"" or ""Never"" communicated well","Nurses ""sometimes"" or ""never"" communicated well",3,10/01/2024,09/30/2025
WI,H_COMP_1_U_P,"Patients who reported that their nurses ""Usually"" communicated well","Nurses ""usually"" communicated well",14,10/01/2024,09/30/2025
WI,H_NURSE_RESPECT_A_P,"Patients who reported that their nurses ""Always"" treated them with courtesy and respect","Nurses ""always"" treated them with courtesy and  respect",89,10/01/2024,09/30/2025
WI,H_NURSE_RESPECT_SN_P,"Patients who reported that their nurses ""Sometimes"" or ""Never""  treated them with courtesy and respect","Nurses ""sometimes"" or ""never"" treated them with courtesy and  respect",2,10/01/2024,09/30/2025
WI,H_NURSE_RESPECT_U_P,"Patients who reported that their nurses ""Usually""  treated them with courtesy and respect","Nurses ""usually""  treated them with courtesy and  respect",9,10/01/2024,09/30/2025
WI,H_NURSE_LISTEN_A_P,"Patients who reported that their nurses ""Always"" listened carefully to them","Nurses ""always"" listened carefully",81,10/01/2024,09/30/2025
WI,H_NURSE_LISTEN_SN_P,"Patients who reported that their nurses ""Sometimes"" or ""Never"" listened carefully to them","Nurses ""sometimes"" or ""never"" listened carefully",3,10/01/2024,09/30/2025
WI,H_NURSE_LISTEN_U_P,"Patients who reported that their nurses ""Usually"" listened carefully to them","Nurses ""usually"" listened carefully",16,10/01/2024,09/30/2025
WI,H_NURSE_EXPLAIN_A_P,"Patients who reported that their nurses ""Always"" explained things in a way they could understand","Nurses ""always"" explained things so they could understand",78,10/01/2024,09/30/2025
WI,H_NURSE_EXPLAIN_SN_P,"Patients who reported that their nurses ""Sometimes"" or ""Never"" explained things in a way they could understand","Nurses ""sometimes"" or ""never"" explained things so they could understand",4,10/01/2024,09/30/2025
WI,H_NURSE_EXPLAIN_U_P,"Patients who reported that their nurses ""Usually"" explained things in a way they could understand","Nurses ""usually"" explained things so they could understand",18,10/01/2024,09/30/2025
WI,H_COMP_2_A_P,"Patients who reported that their doctors ""Always"" communicated well","Doctors ""always"" communicated well",82,10/01/2024,09/30/2025
WI,H_COMP_2_SN_P,"Patients who reported that their doctors ""Sometimes"" or ""Never"" communicated well","Doctors ""sometimes"" or ""never"" communicated well",4,10/01/2024,09/30/2025
WI,H_COMP_2_U_P,"Patients who reported that their doctors ""Usually"" communicated well","Doctors ""usually"" communicated well",14,10/01/2024,09/30/2025
WI,H_DOCTOR_RESPECT_A_P,"Patients who reported that their doctors ""Always"" treated them with courtesy and respect","Doctors ""always"" treated them with courtesy and  respect",87,10/01/2024,09/30/2025
WI,H_DOCTOR_RESPECT_SN_P,"Patients who reported that their doctors ""Sometimes"" or ""Never""  treated them with courtesy and respect","Doctors ""sometimes"" or ""never"" treated them with courtesy and  respect",3,10/01/2024,09/30/2025
WI,H_DOCTOR_RESPECT_U_P,"Patients who reported that their doctors ""Usually""  treated them with courtesy and respect","Doctors ""usually""  treated them with courtesy and  respect",10,10/01/2024,09/30/2025
WI,H_DOCTOR_LISTEN_A_P,"Patients who reported that their doctors ""Always"" listened carefully to them","Doctors ""always"" listened carefully",81,10/01/2024,09/30/2025
WI,H_DOCTOR_LISTEN_SN_P,"Patients who reported that their doctors ""Sometimes"" or ""Never"" listened carefully to them","Doctors ""sometimes"" or ""never"" listened carefully",4,10/01/2024,09/30/2025
WI,H_DOCTOR_LISTEN_U_P,"Patients who reported that their doctors ""Usually"" listened carefully to them","Doctors ""usually"" listened carefully",15,10/01/2024,09/30/2025
WI,H_DOCTOR_EXPLAIN_A_P,"Patients who reported that their doctors ""Always"" explained things in a way they could understand","Doctors ""always"" explained things so they could understand",77,10/01/2024,09/30/2025
WI,H_DOCTOR_EXPLAIN_SN_P,"Patients who reported that their doctors ""Sometimes"" or ""Never"" explained things in a way they could understand","Doctors ""sometimes"" or ""never"" explained things so they could understand",5,10/01/2024,09/30/2025
WI,H_DOCTOR_EXPLAIN_U_P,"Patients who reported that their doctors ""Usually"" explained things in a way they could understand","Doctors ""usually"" explained things so they could understand",18,10/01/2024,09/30/2025
WI,H_COMP_5_A_P,"Patients who reported that staff ""Always"" explained about medicines before giving it to them","Staff ""always"" explained",66,10/01/2024,09/30/2025
WI,H_COMP_5_SN_P,"Patients who reported that staff ""Sometimes"" or ""Never"" explained about medicines before giving it to them","Staff ""sometimes"" or ""never"" explained",15,10/01/2024,09/30/2025
WI,H_COMP_5_U_P,"Patients who reported that staff ""Usually"" explained about medicines before giving it to them","Staff ""usually"" explained",19,10/01/2024,09/30/2025
WI,H_MED_FOR_A_P,"Patients who reported that when receiving new medication the staff ""Always"" communicated what the medication was for","Staff ""always"" explained new medications",78,10/01/2024,09/30/2025
WI,H_MED_FOR_SN_P,"Patients who reported that when receiving new medication the staff ""Sometimes"" or ""Never"" communicated what the medication was for","Staff ""sometimes"" or ""never"" explained new medications",7,10/01/2024,09/30/2025
WI,H_MED_FOR_U_P,"Patients who reported that when receiving new medication the staff ""Usually"" communicated what the medication was for.","Staff ""usually"" explained new medications",15,10/01/2024,09/30/2025
WI,H_SIDE_EFFECTS_A_P,"Patients who reported that when receiving new medication the staff ""Always"" discussed possible side effects","Staff ""always"" explained possible side effects",53,10/01/2024,09/30/2025
WI,H_SIDE_EFFECTS_SN_P,"Patients who reported that when receiving new medication the staff ""Sometimes"" or ""Never"" discussed possible side effects","Staff ""sometimes"" or ""never"" explained possible side effects",23,10/01/2024,09/30/2025
WI,H_SIDE_EFFECTS_U_P,"Patients who reported that when receiving new medication the staff ""Usually"" discussed possible side effects","Staff ""usually"" explained possible side effects",24,10/01/2024,09/30/2025
WI,H_COMP_6_N_P,"Patients who reported that NO, they were not given information about what to do during their recovery at home","No, staff ""did not"" give patients this information",11,10/01/2024,09/30/2025
WI,H_COMP_6_Y_P,"Patients who reported that YES, they were given information about what to do during their recovery at home","Yes, staff ""did"" give patients this information",89,10/01/2024,09/30/2025
WI,H_DISCH_HELP_N_P,"Patients who reported that NO, they did not discuss whether they would need help after discharge","No, staff ""did not"" give patients information about help after discharge",11,10/01/2024,09/30/2025
WI,H_DISCH_HELP_Y_P,"Patients who reported that YES, they did discuss whether they would need help after discharge","Yes, staff ""did"" give patients information about help after discharge",89,10/01/2024,09/30/2025
WI,H_SYMPTOMS_N_P,"Patients who reported that NO, they did not receive written information about possible symptoms to look out for after discharge","No, staff ""did not"" give patients information about possible symptoms",11,10/01/2024,09/30/2025
WI,H_SYMPTOMS_Y_P,"Patients who reported that YES, they did receive written information about possible symptoms to look out for after discharge","Yes, staff ""did"" give patients information about possible symptoms",89,10/01/2024,09/30/2025
WI,H_CLEAN_HSP_A_P,"Patients who reported that their room and bathroom were ""Always"" clean","Room was ""always"" clean",78,10/01/2024,09/30/2025
WI,H_CLEAN_HSP_SN_P,"Patients who reported that their room and bathroom were ""Sometimes"" or ""Never"" clean","Room was ""sometimes"" or ""never"" clean",6,10/01/2024,09/30/2025
WI,H_CLEAN_HSP_U_P,"Patients who reported that their room and bathroom were ""Usually"" clean","Room was ""usually"" clean",16,10/01/2024,09/30/2025
WI,H_QUIET_HSP_A_P,"Patients who reported that the area around their room was ""Always"" quiet at night","""Always"" quiet at night",65,10/01/2024,09/30/2025
WI,H_QUIET_HSP_SN_P,"Patients who reported that the area around their room was ""Sometimes"" or ""Never"" quiet at night","""Sometimes"" or ""never"" quiet at night",7,10/01/2024,09/30/2025
WI,H_QUIET_HSP_U_P,"Patients who reported that the area around their room was ""Usually"" quiet at night","""Usually"" quiet at night",28,10/01/2024,09/30/2025
WI,H_HSP_RATING_0_6,Patients who gave their hospital a rating of 6 or lower on a scale from 0 (lowest) to 10 (highest),"Patients who gave a rating of ""6"" or lower (low)",6,10/01/2024,09/30/2025
WI,H_HSP_RATING_7_8,Patients who gave their hospital a rating of 7 or 8 on a scale from 0 (lowest) to 10 (highest),"Patients who gave a rating of ""7"" or ""8"" (medium)",18,10/01/2024,09/30/2025
WI,H_HSP_RATING_9_10,Patients who gave their hospital a rating of 9 or 10 on a scale from 0 (lowest) to 10 (highest),"Patients who gave a rating of ""9"" or ""10"" (high)",76,10/01/2024,09/30/2025
WI,H_RECMND_DN,"Patients who reported NO, they would probably not or definitely not recommend the hospital","""NO"", patients would not recommend the hospital (they probably would not or definitely would not recommend it)",4,10/01/2024,09/30/2025
WI,H_RECMND_DY,"Patients who reported YES, they would definitely recommend the hospital","""YES"", patients would definitely recommend the hospital",75,10/01/2024,09/30/2025
WI,H_RECMND_PY,"Patients who reported YES, they would probably recommend the hospital","""YES"", patients would probably recommend the hospital",21,10/01/2024,09/30/2025
WV,H_COMP_1_A_P,"Patients who reported that their nurses ""Always"" communicated well","Nurses ""always"" communicated well",84,10/01/2024,09/30/2025
WV,H_COMP_1_SN_P,"Patients who reported that their nurses ""Sometimes"" or ""Never"" communicated well","Nurses ""sometimes"" or ""never"" communicated well",3,10/01/2024,09/30/2025
WV,H_COMP_1_U_P,"Patients who reported that their nurses ""Usually"" communicated well","Nurses ""usually"" communicated well",13,10/01/2024,09/30/2025
WV,H_NURSE_RESPECT_A_P,"Patients who reported that their nurses ""Always"" treated them with courtesy and respect","Nurses ""always"" treated them with courtesy and  respect",89,10/01/2024,09/30/2025
WV,H_NURSE_RESPECT_SN_P,"Patients who reported that their nurses ""Sometimes"" or ""Never""  treated them with courtesy and respect","Nurses ""sometimes"" or ""never"" treated them with courtesy and  respect",2,10/01/2024,09/30/2025
WV,H_NURSE_RESPECT_U_P,"Patients who reported that their nurses ""Usually""  treated them with courtesy and respect","Nurses ""usually""  treated them with courtesy and  respect",9,10/01/2024,09/30/2025
WV,H_NURSE_LISTEN_A_P,"Patients who reported that their nurses ""Always"" listened carefully to them","Nurses ""always"" listened carefully",81,10/01/2024,09/30/2025
WV,H_NURSE_LISTEN_SN_P,"Patients who reported that their nurses ""Sometimes"" or ""Never"" listened carefully to them","Nurses ""sometimes"" or ""never"" listened carefully",4,10/01/2024,09/30/2025
WV,H_NURSE_LISTEN_U_P,"Patients who reported that their nurses ""Usually"" listened carefully to them","Nurses ""usually"" listened carefully",15,10/01/2024,09/30/2025
WV,H_NURSE_EXPLAIN_A_P,"Patients who reported that their nurses ""Always"" explained things in a way they could understand","Nurses ""always"" explained things so they could understand",79,10/01/2024,09/30/2025
WV,H_NURSE_EXPLAIN_SN_P,"Patients who reported that their nurses ""Sometimes"" or ""Never"" explained things in a way they could understand","Nurses ""sometimes"" or ""never"" explained things so they could understand",5,10/01/2024,09/30/2025
WV,H_NURSE_EXPLAIN_U_P,"Patients who reported that their nurses ""Usually"" explained things in a way they could understand","Nurses ""usually"" explained things so they could understand",16,10/01/2024,09/30/2025
WV,H_COMP_2_A_P,"Patients who reported that their doctors ""Always"" communicated well","Doctors ""always"" communicated well",82,10/01/2024,09/30/2025
WV,H_COMP_2_SN_P,"Patients who reported that their doctors ""Sometimes"" or ""Never"" communicated well","Doctors ""sometimes"" or ""never"" communicated well",4,10/01/2024,09/30/2025
WV,H_COMP_2_U_P,"Patients who reported that their doctors ""Usually"" communicated well","Doctors ""usually"" communicated well",14,10/01/2024,09/30/2025
WV,H_DOCTOR_RESPECT_A_P,"Patients who reported that their doctors ""Always"" treated them with courtesy and respect","Doctors ""always"" treated them with courtesy and  respect",88,10/01/2024,09/30/2025
WV,H_DOCTOR_RESPECT_SN_P,"Patients who reported that their doctors ""Sometimes"" or ""Never""  treated them with courtesy and respect","Doctors ""sometimes"" or ""never"" treated them with courtesy and  respect",3,10/01/2024,09/30/2025
WV,H_DOCTOR_RESPECT_U_P,"Patients who reported that their doctors ""Usually""  treated them with courtesy and respect","Doctors ""usually""  treated them with courtesy and  respect",9,10/01/2024,09/30/2025
WV,H_DOCTOR_LISTEN_A_P,"Patients who reported that their doctors ""Always"" listened carefully to them","Doctors ""always"" listened carefully",81,10/01/2024,09/30/2025
WV,H_DOCTOR_LISTEN_SN_P,"Patients who reported that their doctors ""Sometimes"" or ""Never"" listened carefully to them","Doctors ""sometimes"" or ""never"" listened carefully",5,10/01/2024,09/30/2025
WV,H_DOCTOR_LISTEN_U_P,"Patients who reported that their doctors ""Usually"" listened carefully to them","Doctors ""usually"" listened carefully",14,10/01/2024,09/30/2025
WV,H_DOCTOR_EXPLAIN_A_P,"Patients who reported that their doctors ""Always"" explained things in a way they could understand","Doctors ""always"" explained things so they could understand",78,10/01/2024,09/30/2025
WV,H_DOCTOR_EXPLAIN_SN_P,"Patients who reported that their doctors ""Sometimes"" or ""Never"" explained things in a way they could understand","Doctors ""sometimes"" or ""never"" explained things so they could understand",6,10/01/2024,09/30/2025
WV,H_DOCTOR_EXPLAIN_U_P,"Patients who reported that their doctors ""Usually"" explained things in a way they could understand","Doctors ""usually"" explained things so they could understand",16,10/01/2024,09/30/2025
WV,H_COMP_5_A_P,"Patients who reported that staff ""Always"" explained about medicines before giving it to them","Staff ""always"" explained",66,10/01/2024,09/30/2025
WV,H_COMP_5_SN_P,"Patients who reported that staff ""Sometimes"" or ""Never"" explained about medicines before giving it to them","Staff ""sometimes"" or ""never"" explained",16,10/01/2024,09/30/2025
WV,H_COMP_5_U_P,"Patients who reported that staff ""Usually"" explained about medicines before giving it to them","Staff ""usually"" explained",18,10/01/2024,09/30/2025
WV,H_MED_FOR_A_P,"Patients who reported that when receiving new medication the staff ""Always"" communicated what the medication was for","Staff ""always"" explained new medications",78,10/01/2024,09/30/2025
WV,H_MED_FOR_SN_P,"Patients who reported that when receiving new medication the staff ""Sometimes"" or ""Never"" communicated what the medication was for","Staff ""sometimes"" or ""never"" explained new medications",8,10/01/2024,09/30/2025
WV,H_MED_FOR_U_P,"Patients who reported that when receiving new medication the staff ""Usually"" communicated what the medication was for.","Staff ""usually"" explained new medications",14,10/01/2024,09/30/2025
WV,H_SIDE_EFFECTS_A_P,"Patients who reported that when receiving new medication the staff ""Always"" discussed possible side effects","Staff ""always"" explained possible side effects",53,10/01/2024,09/30/2025
WV,H_SIDE_EFFECTS_SN_P,"Patients who reported that when receiving new medication the staff ""Sometimes"" or ""Never"" discussed possible side effects","Staff ""sometimes"" or ""never"" explained possible side effects",25,10/01/2024,09/30/2025
WV,H_SIDE_EFFECTS_U_P,"Patients who reported that when receiving new medication the staff ""Usually"" discussed possible side effects","Staff ""usually"" explained possible side effects",22,10/01/2024,09/30/2025
WV,H_COMP_6_N_P,"Patients who reported that NO, they were not given information about what to do during their recovery at home","No, staff ""did not"" give patients this information",12,10/01/2024,09/30/2025
WV,H_COMP_6_Y_P,"Patients who reported that YES, they were given information about what to do during their recovery at home","Yes, staff ""did"" give patients this information",88,10/01/2024,09/30/2025
WV,H_DISCH_HELP_N_P,"Patients who reported that NO, they did not discuss whether they would need help after discharge","No, staff ""did not"" give patients information about help after discharge",14,10/01/2024,09/30/2025
WV,H_DISCH_HELP_Y_P,"Patients who reported that YES, they did discuss whether they would need help after discharge","Yes, staff ""did"" give patients information about help after discharge",86,10/01/2024,09/30/2025
WV,H_SYMPTOMS_N_P,"Patients who reported that NO, they did not receive written information about possible symptoms to look out for after discharge","No, staff ""did not"" give patients information about possible symptoms",11,10/01/2024,09/30/2025
WV,H_SYMPTOMS_Y_P,"Patients who reported that YES, they did receive written information about possible symptoms to look out for after discharge","Yes, staff ""did"" give patients information about possible symptoms",89,10/01/2024,09/30/2025
WV,H_CLEAN_HSP_A_P,"Patients who reported that their room and bathroom were ""Always"" clean","Room was ""always"" clean",77,10/01/2024,09/30/2025
WV,H_CLEAN_HSP_SN_P,"Patients who reported that their room and bathroom were ""Sometimes"" or ""Never"" clean","Room was ""sometimes"" or ""never"" clean",7,10/01/2024,09/30/2025
WV,H_CLEAN_HSP_U_P,"Patients who reported that their room and bathroom were ""Usually"" clean","Room was ""usually"" clean",16,10/01/2024,09/30/2025
WV,H_QUIET_HSP_A_P,"Patients who reported that the area around their room was ""Always"" quiet at night","""Always"" quiet at night",58,10/01/2024,09/30/2025
WV,H_QUIET_HSP_SN_P,"Patients who reported that the area around their room was ""Sometimes"" or ""Never"" quiet at night","""Sometimes"" or ""never"" quiet at night",10,10/01/2024,09/30/2025
WV,H_QUIET_HSP_U_P,"Patients who reported that the area around their room was ""Usually"" quiet at night","""Usually"" quiet at night",32,10/01/2024,09/30/2025
WV,H_HSP_RATING_0_6,Patients who gave their hospital a rating of 6 or lower on a scale from 0 (lowest) to 10 (highest),"Patients who gave a rating of ""6"" or lower (low)",7,10/01/2024,09/30/2025
WV,H_HSP_RATING_7_8,Patients who gave their hospital a rating of 7 or 8 on a scale from 0 (lowest) to 10 (highest),"Patients who gave a rating of ""7"" or ""8"" (medium)",19,10/01/2024,09/30/2025
WV,H_HSP_RATING_9_10,Patients who gave their hospital a rating of 9 or 10 on a scale from 0 (lowest) to 10 (highest),"Patients who gave a rating of ""9"" or ""10"" (high)",74,10/01/2024,09/30/2025
WV,H_RECMND_DN,"Patients who reported NO, they would probably not or definitely not recommend the hospital","""NO"", patients would not recommend the hospital (they probably would not or definitely would not recommend it)",5,10/01/2024,09/30/2025
WV,H_RECMND_DY,"Patients who reported YES, they would definitely recommend the hospital","""YES"", patients would definitely recommend the hospital",73,10/01/2024,09/30/2025
WV,H_RECMND_PY,"Patients who reported YES, they would probably recommend the hospital","""YES"", patients would probably recommend the hospital",22,10/01/2024,09/30/2025
WY,H_COMP_1_A_P,"Patients who reported that their nurses ""Always"" communicated well","Nurses ""always"" communicated well",82,10/01/2024,09/30/2025
WY,H_COMP_1_SN_P,"Patients who reported that their nurses ""Sometimes"" or ""Never"" communicated well","Nurses ""sometimes"" or ""never"" communicated well",3,10/01/2024,09/30/2025
WY,H_COMP_1_U_P,"Patients who reported that their nurses ""Usually"" communicated well","Nurses ""usually"" communicated well",15,10/01/2024,09/30/2025
WY,H_NURSE_RESPECT_A_P,"Patients who reported that their nurses ""Always"" treated them with courtesy and respect","Nurses ""always"" treated them with courtesy and  respect",89,10/01/2024,09/30/2025
WY,H_NURSE_RESPECT_SN_P,"Patients who reported that their nurses ""Sometimes"" or ""Never""  treated them with courtesy and respect","Nurses ""sometimes"" or ""never"" treated them with courtesy and  respect",2,10/01/2024,09/30/2025
WY,H_NURSE_RESPECT_U_P,"Patients who reported that their nurses ""Usually""  treated them with courtesy and respect","Nurses ""usually""  treated them with courtesy and  respect",9,10/01/2024,09/30/2025
WY,H_NURSE_LISTEN_A_P,"Patients who reported that their nurses ""Always"" listened carefully to them","Nurses ""always"" listened carefully",79,10/01/2024,09/30/2025
WY,H_NURSE_LISTEN_SN_P,"Patients who reported that their nurses ""Sometimes"" or ""Never"" listened carefully to them","Nurses ""sometimes"" or ""never"" listened carefully",3,10/01/2024,09/30/2025
WY,H_NURSE_LISTEN_U_P,"Patients who reported that their nurses ""Usually"" listened carefully to them","Nurses ""usually"" listened carefully",18,10/01/2024,09/30/2025
WY,H_NURSE_EXPLAIN_A_P,"Patients who reported that their nurses ""Always"" explained things in a way they could understand","Nurses ""always"" explained things so they could understand",78,10/01/2024,09/30/2025
WY,H_NURSE_EXPLAIN_SN_P,"Patients who reported that their nurses ""Sometimes"" or ""Never"" explained things in a way they could understand","Nurses ""sometimes"" or ""never"" explained things so they could understand",5,10/01/2024,09/30/2025
WY,H_NURSE_EXPLAIN_U_P,"Patients who reported that their nurses ""Usually"" explained things in a way they could understand","Nurses ""usually"" explained things so they could understand",17,10/01/2024,09/30/2025
WY,H_COMP_2_A_P,"Patients who reported that their doctors ""Always"" communicated well","Doctors ""always"" communicated well",81,10/01/2024,09/30/2025
WY,H_COMP_2_SN_P,"Patients who reported that their doctors ""Sometimes"" or ""Never"" communicated well","Doctors ""sometimes"" or ""never"" communicated well",4,10/01/2024,09/30/2025
WY,H_COMP_2_U_P,"Patients who reported that their doctors ""Usually"" communicated well","Doctors ""usually"" communicated well",15,10/01/2024,09/30/2025
WY,H_DOCTOR_RESPECT_A_P,"Patients who reported that their doctors ""Always"" treated them with courtesy and respect","Doctors ""always"" treated them with courtesy and  respect",88,10/01/2024,09/30/2025
WY,H_DOCTOR_RESPECT_SN_P,"Patients who reported that their doctors ""Sometimes"" or ""Never""  treated them with courtesy and respect","Doctors ""sometimes"" or ""never"" treated them with courtesy and  respect",3,10/01/2024,09/30/2025
WY,H_DOCTOR_RESPECT_U_P,"Patients who reported that their doctors ""Usually""  treated them with courtesy and respect","Doctors ""usually""  treated them with courtesy and  respect",9,10/01/2024,09/30/2025
WY,H_DOCTOR_LISTEN_A_P,"Patients who reported that their doctors ""Always"" listened carefully to them","Doctors ""always"" listened carefully",81,10/01/2024,09/30/2025
WY,H_DOCTOR_LISTEN_SN_P,"Patients who reported that their doctors ""Sometimes"" or ""Never"" listened carefully to them","Doctors ""sometimes"" or ""never"" listened carefully",5,10/01/2024,09/30/2025
WY,H_DOCTOR_LISTEN_U_P,"Patients who reported that their doctors ""Usually"" listened carefully to them","Doctors ""usually"" listened carefully",14,10/01/2024,09/30/2025
WY,H_DOCTOR_EXPLAIN_A_P,"Patients who reported that their doctors ""Always"" explained things in a way they could understand","Doctors ""always"" explained things so they could understand",77,10/01/2024,09/30/2025
WY,H_DOCTOR_EXPLAIN_SN_P,"Patients who reported that their doctors ""Sometimes"" or ""Never"" explained things in a way they could understand","Doctors ""sometimes"" or ""never"" explained things so they could understand",5,10/01/2024,09/30/2025
WY,H_DOCTOR_EXPLAIN_U_P,"Patients who reported that their doctors ""Usually"" explained things in a way they could understand","Doctors ""usually"" explained things so they could understand",18,10/01/2024,09/30/2025
WY,H_COMP_5_A_P,"Patients who reported that staff ""Always"" explained about medicines before giving it to them","Staff ""always"" explained",66,10/01/2024,09/30/2025
WY,H_COMP_5_SN_P,"Patients who reported that staff ""Sometimes"" or ""Never"" explained about medicines before giving it to them","Staff ""sometimes"" or ""never"" explained",15,10/01/2024,09/30/2025
WY,H_COMP_5_U_P,"Patients who reported that staff ""Usually"" explained about medicines before giving it to them","Staff ""usually"" explained",19,10/01/2024,09/30/2025
WY,H_MED_FOR_A_P,"Patients who reported that when receiving new medication the staff ""Always"" communicated what the medication was for","Staff ""always"" explained new medications",78,10/01/2024,09/30/2025
WY,H_MED_FOR_SN_P,"Patients who reported that when receiving new medication the staff ""Sometimes"" or ""Never"" communicated what the medication was for","Staff ""sometimes"" or ""never"" explained new medications",7,10/01/2024,09/30/2025
WY,H_MED_FOR_U_P,"Patients who reported that when receiving new medication the staff ""Usually"" communicated what the medication was for.","Staff ""usually"" explained new medications",15,10/01/2024,09/30/2025
WY,H_SIDE_EFFECTS_A_P,"Patients who reported that when receiving new medication the staff ""Always"" discussed possible side effects","Staff ""always"" explained possible side effects",54,10/01/2024,09/30/2025
WY,H_SIDE_EFFECTS_SN_P,"Patients who reported that when receiving new medication the staff ""Sometimes"" or ""Never"" discussed possible side effects","Staff ""sometimes"" or ""never"" explained possible side effects",24,10/01/2024,09/30/2025
WY,H_SIDE_EFFECTS_U_P,"Patients who reported that when receiving new medication the staff ""Usually"" discussed possible side effects","Staff ""usually"" explained possible side effects",22,10/01/2024,09/30/2025
WY,H_COMP_6_N_P,"Patients who reported that NO, they were not given information about what to do during their recovery at home","No, staff ""did not"" give patients this information",11,10/01/2024,09/30/2025
WY,H_COMP_6_Y_P,"Patients who reported that YES, they were given information about what to do during their recovery at home","Yes, staff ""did"" give patients this information",89,10/01/2024,09/30/2025
WY,H_DISCH_HELP_N_P,"Patients who reported that NO, they did not discuss whether they would need help after discharge","No, staff ""did not"" give patients information about help after discharge",12,10/01/2024,09/30/2025
WY,H_DISCH_HELP_Y_P,"Patients who reported that YES, they did discuss whether they would need help after discharge","Yes, staff ""did"" give patients information about help after discharge",88,10/01/2024,09/30/2025
WY,H_SYMPTOMS_N_P,"Patients who reported that NO, they did not receive written information about possible symptoms to look out for after discharge","No, staff ""did not"" give patients information about possible symptoms",10,10/01/2024,09/30/2025
WY,H_SYMPTOMS_Y_P,"Patients who reported that YES, they did receive written information about possible symptoms to look out for after discharge","Yes, staff ""did"" give patients information about possible symptoms",90,10/01/2024,09/30/2025
WY,H_CLEAN_HSP_A_P,"Patients who reported that their room and bathroom were ""Always"" clean","Room was ""always"" clean",76,10/01/2024,09/30/2025
WY,H_CLEAN_HSP_SN_P,"Patients who reported that their room and bathroom were ""Sometimes"" or ""Never"" clean","Room was ""sometimes"" or ""never"" clean",7,10/01/2024,09/30/2025
WY,H_CLEAN_HSP_U_P,"Patients who reported that their room and bathroom were ""Usually"" clean","Room was ""usually"" clean",17,10/01/2024,09/30/2025
WY,H_QUIET_HSP_A_P,"Patients who reported that the area around their room was ""Always"" quiet at night","""Always"" quiet at night",63,10/01/2024,09/30/2025
WY,H_QUIET_HSP_SN_P,"Patients who reported that the area around their room was ""Sometimes"" or ""Never"" quiet at night","""Sometimes"" or ""never"" quiet at night",8,10/01/2024,09/30/2025
WY,H_QUIET_HSP_U_P,"Patients who reported that the area around their room was ""Usually"" quiet at night","""Usually"" quiet at night",29,10/01/2024,09/30/2025
WY,H_HSP_RATING_0_6,Patients who gave their hospital a rating of 6 or lower on a scale from 0 (lowest) to 10 (highest),"Patients who gave a rating of ""6"" or lower (low)",7,10/01/2024,09/30/2025
WY,H_HSP_RATING_7_8,Patients who gave their hospital a rating of 7 or 8 on a scale from 0 (lowest) to 10 (highest),"Patients who gave a rating of ""7"" or ""8"" (medium)",19,10/01/2024,09/30/2025
WY,H_HSP_RATING_9_10,Patients who gave their hospital a rating of 9 or 10 on a scale from 0 (lowest) to 10 (highest),"Patients who gave a rating of ""9"" or ""10"" (high)",74,10/01/2024,09/30/2025
WY,H_RECMND_DN,"Patients who reported NO, they would probably not or definitely not recommend the hospital","""NO"", patients would not recommend the hospital (they probably would not or definitely would not recommend it)",5,10/01/2024,09/30/2025
WY,H_RECMND_DY,"Patients who reported YES, they would definitely recommend the hospital","""YES"", patients would definitely recommend the hospital",72,10/01/2024,09/30/2025
WY,H_RECMND_PY,"Patients who reported YES, they would probably recommend the hospital","""YES"", patients would probably recommend the hospital",23,10/01/2024,09/30/2025
