fiscal_year,facility_id,facility_name,address,city_town,state,zip_code,county_parish,mspb_1_achievement_threshold,mspb_1_benchmark,mspb_1_baseline_rate,mspb_1_performance_rate,mspb_1_achievement_points,mspb_1_improvement_points,mspb_1_measure_score
2026,010001,SOUTHEAST HEALTH MEDICAL CENTER,1108 ROSS CLARK CIRCLE,DOTHAN,AL,36301,HOUSTON,0.985942,0.825546,1.029341,0.995087,0 out of 10,1 out of 9,1 out of 10
2026,010005,MARSHALL MEDICAL CENTERS,2505 U S HIGHWAY 431 NORTH,BOAZ,AL,35957,MARSHALL,0.985942,0.825546,0.949566,0.983551,1 out of 10,0 out of 9,1 out of 10
2026,010006,NORTH ALABAMA MEDICAL CENTER,1701 VETERANS DRIVE,FLORENCE,AL,35630,LAUDERDALE,0.985942,0.825546,1.002782,1.010831,0 out of 10,0 out of 9,0 out of 10
2026,010012,DEKALB REGIONAL MEDICAL CENTER,200 MED CENTER DRIVE,FORT PAYNE,AL,35968,DEKALB,0.985942,0.825546,1.031967,0.965158,2 out of 10,3 out of 9,3 out of 10
2026,010016,SHELBY BAPTIST MEDICAL CENTER,1000 FIRST STREET NORTH,ALABASTER,AL,35007,SHELBY,0.985942,0.825546,1.051672,1.016865,0 out of 10,1 out of 9,1 out of 10
2026,010019,HELEN KELLER HOSPITAL,1300 SOUTH MONTGOMERY AVENUE,SHEFFIELD,AL,35660,COLBERT,0.985942,0.825546,1.101367,1.077001,0 out of 10,0 out of 9,0 out of 10
2026,010023,BAPTIST MEDICAL CENTER SOUTH,2105 EAST SOUTH BOULEVARD,MONTGOMERY,AL,36116,MONTGOMERY,0.985942,0.825546,1.044723,0.992668,0 out of 10,2 out of 9,2 out of 10
2026,010024,JACKSON HOSPITAL & CLINIC INC,1725 PINE STREET,MONTGOMERY,AL,36106,MONTGOMERY,0.985942,0.825546,1.050795,0.995482,0 out of 10,2 out of 9,2 out of 10
2026,010029,THE EAST ALABAMA HEALTHCARE AUTHORITY,2000 PEPPERELL PARKWAY,OPELIKA,AL,36801,LEE,0.985942,0.825546,0.953228,0.948348,3 out of 10,0 out of 9,3 out of 10
2026,010033,UNIVERSITY OF ALABAMA HOSPITAL,619 SOUTH 19TH STREET,BIRMINGHAM,AL,35233,JEFFERSON,0.985942,0.825546,0.991096,0.973863,1 out of 10,1 out of 9,1 out of 10
2026,010035,CULLMAN REGIONAL MEDICAL CENTER,1912 ALABAMA HIGHWAY 157,CULLMAN,AL,35058,CULLMAN,0.985942,0.825546,0.955867,0.984518,1 out of 10,0 out of 9,1 out of 10
2026,010036,ANDALUSIA HEALTH,849 SOUTH THREE NOTCH STREET,ANDALUSIA,AL,36420,COVINGTON,0.985942,0.825546,0.942427,0.957007,2 out of 10,0 out of 9,2 out of 10
2026,010039,HUNTSVILLE HOSPITAL,101 SIVLEY RD,HUNTSVILLE,AL,35801,MADISON,0.985942,0.825546,1.012438,1.020459,0 out of 10,0 out of 9,0 out of 10
2026,010040,GADSDEN REGIONAL MEDICAL CENTER,1007 GOODYEAR AVENUE,GADSDEN,AL,35903,ETOWAH,0.985942,0.825546,1.074943,1.074653,0 out of 10,0 out of 9,0 out of 10
2026,010045,FAYETTE MEDICAL CENTER,1653 TEMPLE AVENUE NORTH,FAYETTE,AL,35555,FAYETTE,0.985942,0.825546,0.937728,0.936106,3 out of 10,0 out of 9,3 out of 10
2026,010046,RIVERVIEW REGIONAL MEDICAL CENTER,600 SOUTH THIRD STREET,GADSDEN,AL,35901,ETOWAH,0.985942,0.825546,0.955461,1.000686,0 out of 10,0 out of 9,0 out of 10
2026,010049,MEDICAL CENTER ENTERPRISE,400 N EDWARDS STREET,ENTERPRISE,AL,36330,COFFEE,0.985942,0.825546,0.934032,0.926621,4 out of 10,0 out of 9,4 out of 10
2026,010055,FLOWERS HOSPITAL,4370 WEST MAIN STREET,DOTHAN,AL,36302,HOUSTON,0.985942,0.825546,1.021858,1.008563,0 out of 10,0 out of 9,0 out of 10
2026,010061,HIGHLANDS MEDICAL CENTER,380 WOODS COVE ROAD,SCOTTSBORO,AL,35768,JACKSON,0.985942,0.825546,0.942219,0.913482,5 out of 10,2 out of 9,5 out of 10
2026,010065,RUSSELL MEDICAL CENTER,3316 HIGHWAY 280,ALEXANDER CITY,AL,35010,TALLAPOOSA,0.985942,0.825546,0.916095,0.940669,3 out of 10,0 out of 9,3 out of 10
2026,010078,NORTHEAST ALABAMA REGIONAL MEDICAL CENTER,400 EAST 10TH STREET,ANNISTON,AL,36207,CALHOUN,0.985942,0.825546,1.071352,1.027096,0 out of 10,1 out of 9,1 out of 10
2026,010079,ATHENS LIMESTONE HOSPITAL,700 WEST MARKET STREET,ATHENS,AL,35611,LIMESTONE,0.985942,0.825546,1.036640,1.046764,0 out of 10,0 out of 9,0 out of 10
2026,010083,BALDWIN HEALTH,1613 NORTH MCKENZIE STREET,FOLEY,AL,36535,BALDWIN,0.985942,0.825546,0.941353,0.983944,1 out of 10,0 out of 9,1 out of 10
2026,010085,DECATUR MORGAN HOSPITAL - DECATUR CAMPUS,1201 7TH STREET SE,DECATUR,AL,35601,MORGAN,0.985942,0.825546,0.981472,1.000865,0 out of 10,0 out of 9,0 out of 10
2026,010087,USA HEALTH UNIVERSITY HOSPITAL,2451 FILLINGIM STREET,MOBILE,AL,36617,MOBILE,0.985942,0.825546,0.987983,0.973750,1 out of 10,0 out of 9,1 out of 10
2026,010089,WALKER BAPTIST MEDICAL CENTER,3400 HIGHWAY 78 EAST,JASPER,AL,35502,WALKER,0.985942,0.825546,0.970077,0.952595,2 out of 10,1 out of 9,2 out of 10
2026,010092,DCH REGIONAL MEDICAL CENTER,809 UNIVERSITY BOULEVARD EAST,TUSCALOOSA,AL,35401,TUSCALOOSA,0.985942,0.825546,0.984736,0.963339,2 out of 10,1 out of 9,2 out of 10
2026,010099,D W MCMILLAN MEMORIAL HOSPITAL,1301 BELLEVILLE AVENUE,BREWTON,AL,36426,ESCAMBIA,0.985942,0.825546,0.910248,0.927728,4 out of 10,0 out of 9,4 out of 10
2026,010100,THOMAS HOSPITAL,750 MORPHY AVENUE,FAIRHOPE,AL,36532,BALDWIN,0.985942,0.825546,0.948008,0.927051,4 out of 10,1 out of 9,4 out of 10
2026,010101,CITIZENS BAPTIST MEDICAL CENTER,604 STONE AVENUE,TALLADEGA,AL,35160,TALLADEGA,0.985942,0.825546,0.891414,0.977500,1 out of 10,0 out of 9,1 out of 10
2026,010103,PRINCETON BAPTIST MEDICAL CENTER,701 PRINCETON AVENUE SOUTHWEST,BIRMINGHAM,AL,35211,JEFFERSON,0.985942,0.825546,1.036939,1.025912,0 out of 10,0 out of 9,0 out of 10
2026,010104,GRANDVIEW MEDICAL CENTER,3690 GRANDVIEW PARKWAY,BIRMINGHAM,AL,35243,JEFFERSON,0.985942,0.825546,1.025132,1.013032,0 out of 10,0 out of 9,0 out of 10
2026,010108,PRATTVILLE BAPTIST HOSPITAL,124 S MEMORIAL DR,PRATTVILLE,AL,36067,AUTAUGA,0.985942,0.825546,1.017400,0.905669,5 out of 10,5 out of 9,5 out of 10
2026,010112,WHITFIELD REGIONAL HOSPITAL,105 HIGHWAY 80 EAST,DEMOPOLIS,AL,36732,MARENGO,0.985942,0.825546,0.871633,0.834089,9 out of 10,8 out of 9,9 out of 10
2026,010113,MOBILE INFIRMARY MEDICAL CENTER,5 MOBILE INFIRMARY CIRCLE,MOBILE,AL,36607,MOBILE,0.985942,0.825546,1.019548,0.999984,0 out of 10,1 out of 9,1 out of 10
2026,010114,"MEDICAL WEST, AN AFFILIATE OF UAB HEALTH SYSTEM",995 9TH AVENUE SOUTHWEST,BESSEMER,AL,35022,JEFFERSON,0.985942,0.825546,0.958276,1.006503,0 out of 10,0 out of 9,0 out of 10
2026,010118,VAUGHAN REGIONAL MEDICAL CENTER PARKWAY CAMPUS,1015 MEDICAL CENTER PARKWAY,SELMA,AL,36701,DALLAS,0.985942,0.825546,0.940610,0.949720,3 out of 10,0 out of 9,3 out of 10
2026,010120,MONROE COUNTY HOSPITAL,2016 SOUTH ALABAMA AVENUE,MONROEVILLE,AL,36460,MONROE,0.985942,0.825546,0.978399,0.942441,3 out of 10,2 out of 9,3 out of 10
2026,010125,LAKELAND COMMUNITY HOSPITAL,42024 HIGHWAY 195 E,HALEYVILLE,AL,35565,WINSTON,0.985942,0.825546,1.031983,1.001995,0 out of 10,1 out of 9,1 out of 10
2026,010126,TROY REGIONAL MEDICAL CENTER,1330 HIGHWAY 231 SOUTH,TROY,AL,36081,PIKE,0.985942,0.825546,1.083554,0.986663,0 out of 10,3 out of 9,3 out of 10
2026,010129,NORTH BALDWIN INFIRMARY,1815 HAND AVENUE,BAY MINETTE,AL,36507,BALDWIN,0.985942,0.825546,0.902260,0.902073,5 out of 10,0 out of 9,5 out of 10
2026,010131,CRESTWOOD MEDICAL CENTER,ONE HOSPITAL DR SE,HUNTSVILLE,AL,35801,MADISON,0.985942,0.825546,0.948581,1.010459,0 out of 10,0 out of 9,0 out of 10
2026,010139,BROOKWOOD BAPTIST MEDICAL CENTER,1280 COLUMBIANA ROAD STE 102,VESTAVIA,AL,35216,JEFFERSON,0.985942,0.825546,1.105388,1.103901,0 out of 10,0 out of 9,0 out of 10
2026,010144,SPRINGHILL MEDICAL CENTER,3719 DAUPHIN STREET,MOBILE,AL,36608,MOBILE,0.985942,0.825546,0.969733,1.011044,0 out of 10,0 out of 9,0 out of 10
2026,010148,EVERGREEN MEDICAL CENTER,101 CRESTVIEW AVENUE,EVERGREEN,AL,36401,CONECUH,0.985942,0.825546,0.914531,0.911556,5 out of 10,0 out of 9,5 out of 10
2026,010149,BAPTIST MEDICAL CENTER EAST,400 TAYLOR ROAD,MONTGOMERY,AL,36117,MONTGOMERY,0.985942,0.825546,0.982340,0.938032,3 out of 10,2 out of 9,3 out of 10
2026,010164,COOSA VALLEY MEDICAL CENTER,315 W HICKORY ST,SYLACAUGA,AL,35150,TALLADEGA,0.985942,0.825546,0.926114,0.921657,4 out of 10,0 out of 9,4 out of 10
2026,010168,JACK HUGHSTON MEMORIAL HOSPITAL,4401 RIVER CHASE DRIVE,PHENIX CITY,AL,36867,RUSSELL,0.985942,0.825546,0.986068,0.965133,2 out of 10,1 out of 9,2 out of 10
2026,020001,PROVIDENCE ALASKA MEDICAL CENTER,3200 PROVIDENCE DRIVE,ANCHORAGE,AK,99508,ANCHORAGE,0.985942,0.825546,0.948665,0.953570,2 out of 10,0 out of 9,2 out of 10
2026,020006,MAT-SU REGIONAL MEDICAL CENTER,2500 SOUTH WOODWORTH LOOP,PALMER,AK,99645,MATANUSKA-SUSITNA,0.985942,0.825546,0.832588,0.818335,10 out of 10,9 out of 9,10 out of 10
2026,020008,BARTLETT REGIONAL HOSPITAL,3260 HOSPITAL DR,JUNEAU,AK,99801,JUNEAU,0.985942,0.825546,0.937082,0.792064,10 out of 10,9 out of 9,10 out of 10
2026,020012,FAIRBANKS MEMORIAL HOSPITAL,1650 COWLES STREET,FAIRBANKS,AK,99701,FAIRBANKS NORTH STAR,0.985942,0.825546,0.842658,0.775790,10 out of 10,9 out of 9,10 out of 10
2026,020017,ALASKA REGIONAL HOSPITAL,2801 DEBARR ROAD,ANCHORAGE,AK,99508,ANCHORAGE,0.985942,0.825546,0.925967,0.885857,6 out of 10,3 out of 9,6 out of 10
2026,020018,YUKON KUSKOKWIM DELTA REG HOSPITAL,PO BOX 287,BETHEL,AK,99559,BETHEL,0.985942,0.825546,0.702358,0.612289,10 out of 10,9 out of 9,10 out of 10
2026,020024,CENTRAL PENINSULA GENERAL HOSPITAL,250 HOSPITAL PLACE,SOLDOTNA,AK,99669,KENAI PENINSULA,0.985942,0.825546,0.842389,0.805021,10 out of 10,9 out of 9,10 out of 10
2026,020026,ALASKA NATIVE MEDICAL CENTER,4315 DIPLOMACY DR,ANCHORAGE,AK,99508,ANCHORAGE,0.985942,0.825546,0.894770,0.858581,8 out of 10,5 out of 9,8 out of 10
2026,030002,BANNER - UNIVERSITY MEDICAL CENTER PHOENIX,1111 EAST MCDOWELL ROAD,PHOENIX,AZ,85006,MARICOPA,0.985942,0.825546,1.016276,1.015194,0 out of 10,0 out of 9,0 out of 10
2026,030006,TUCSON MEDICAL CENTER,5301 EAST GRANT ROAD,TUCSON,AZ,85712,PIMA,0.985942,0.825546,1.040495,1.026795,0 out of 10,0 out of 9,0 out of 10
2026,030007,VERDE VALLEY MEDICAL CENTER,269 SOUTH CANDY LANE,COTTONWOOD,AZ,86326,YAVAPAI,0.985942,0.825546,0.972107,0.994367,0 out of 10,0 out of 9,0 out of 10
2026,030010,ST. MARY'S HOSPITAL,1601 WEST ST MARY'S ROAD,TUCSON,AZ,85745,PIMA,0.985942,0.825546,1.012885,0.988464,0 out of 10,1 out of 9,1 out of 10
2026,030011,ST JOSEPH'S HOSPITAL,350 NORTH WILMOT ROAD,TUCSON,AZ,85711,PIMA,0.985942,0.825546,1.010635,1.071929,0 out of 10,0 out of 9,0 out of 10
2026,030012,YAVAPAI REGIONAL MEDICAL CENTER,1003 WILLOW CREEK ROAD,PRESCOTT,AZ,86301,YAVAPAI,0.985942,0.825546,1.014925,0.989102,0 out of 10,1 out of 9,1 out of 10
2026,030013,YUMA REGIONAL MEDICAL CENTER,2400 SOUTH AVENUE A,YUMA,AZ,85364,YUMA,0.985942,0.825546,1.006308,1.018739,0 out of 10,0 out of 9,0 out of 10
2026,030014,HONOR HEALTH JOHN C. LINCOLN MEDICAL CENTER,250 EAST DUNLAP AVENUE,PHOENIX,AZ,85020,MARICOPA,0.985942,0.825546,0.993008,0.992308,0 out of 10,0 out of 9,0 out of 10
2026,030016,BANNER CASA GRANDE MEDICAL CENTER,1800 EAST FLORENCE BOULEVARD,CASA GRANDE,AZ,85122,PINAL,0.985942,0.825546,0.945645,0.932655,3 out of 10,1 out of 9,3 out of 10
2026,030022,VALLEYWISE HEALTH MEDICAL CENTER,2601 EAST ROOSEVELT STREET,PHOENIX,AZ,85008,MARICOPA,0.985942,0.825546,1.039069,1.106743,0 out of 10,0 out of 9,0 out of 10
2026,030023,FLAGSTAFF MEDICAL CENTER,1200 NORTH BEAVER STREET,FLAGSTAFF,AZ,86001,COCONINO,0.985942,0.825546,1.034116,1.043222,0 out of 10,0 out of 9,0 out of 10
2026,030024,ST JOSEPHS HOSPITAL AND MEDICAL CENTER,350 WEST THOMAS ROAD,PHOENIX,AZ,85013,MARICOPA,0.985942,0.825546,1.018554,1.026926,0 out of 10,0 out of 9,0 out of 10
2026,030030,ABRAZO CENTRAL CAMPUS,2000 WEST BETHANY HOME ROAD,PHOENIX,AZ,85015,MARICOPA,0.985942,0.825546,1.040450,1.052728,0 out of 10,0 out of 9,0 out of 10
2026,030036,CHANDLER REGIONAL MEDICAL CENTER,1955 WEST FRYE ROAD,CHANDLER,AZ,85224,MARICOPA,0.985942,0.825546,1.028614,1.042481,0 out of 10,0 out of 9,0 out of 10
2026,030038,HONORHEALTH SCOTTSDALE OSBORN MEDICAL CENTER,7400 EAST OSBORN ROAD,SCOTTSDALE,AZ,85251,MARICOPA,0.985942,0.825546,0.977072,1.010685,0 out of 10,0 out of 9,0 out of 10
2026,030043,CANYON VISTA MEDICAL CENTER,5700 EAST HIGHWAY 90,SIERRA VISTA,AZ,85635,COCHISE,0.985942,0.825546,0.975638,1.013745,0 out of 10,0 out of 9,0 out of 10
2026,030055,KINGMAN REGIONAL MEDICAL CENTER,3269 STOCKTON HILL ROAD,KINGMAN,AZ,86401,MOHAVE,0.985942,0.825546,0.886007,0.865807,7 out of 10,3 out of 9,7 out of 10
2026,030061,BANNER BOSWELL MEDICAL CENTER,13632 N 99TH AVE,SUN CITY,AZ,85351,MARICOPA,0.985942,0.825546,0.954377,1.000000,0 out of 10,0 out of 9,0 out of 10
2026,030062,SUMMIT HEALTHCARE REGIONAL MEDICAL CENTER,2200 EAST SHOW LOW LAKE ROAD,SHOW LOW,AZ,85901,NAVAJO,0.985942,0.825546,0.875239,0.918268,4 out of 10,0 out of 9,4 out of 10
2026,030064,BANNER - UNIVERSITY MEDICAL CENTER TUCSON CAMPUS,1625 NORTH CAMPBELL AVENUE,TUCSON,AZ,85719,PIMA,0.985942,0.825546,1.009712,0.988601,0 out of 10,1 out of 9,1 out of 10
2026,030065,BANNER DESERT MEDICAL CENTER,1400 SOUTH  DOBSON ROAD,MESA,AZ,85202,MARICOPA,0.985942,0.825546,1.039051,1.052543,0 out of 10,0 out of 9,0 out of 10
2026,030069,HAVASU REGIONAL MEDICAL CENTER,101 CIVIC CENTER LANE,LAKE HAVASU CITY,AZ,86403,MOHAVE,0.985942,0.825546,0.906940,0.941242,3 out of 10,0 out of 9,3 out of 10
2026,030071,FORT DEFIANCE INDIAN HOSPITAL,PO BOX 649,FT. DEFIANCE,AZ,86504,APACHE,0.985942,0.825546,0.729135,0.682415,10 out of 10,9 out of 9,10 out of 10
2026,030073,TUBA CITY REGIONAL HEALTH CARE CORPORATION,PO BOX 600,TUBA CITY,AZ,86045,COCONINO,0.985942,0.825546,0.858327,0.780641,10 out of 10,9 out of 9,10 out of 10
2026,030078,PHOENIX INDIAN MEDICAL CENTER,4212 NORTH 16TH STREET,PHOENIX,AZ,85016,MARICOPA,0.985942,0.825546,0.812411,0.828270,9 out of 10,0 out of 9,9 out of 10
2026,030083,ABRAZO SCOTTSDALE CAMPUS,3929 EAST BELL ROAD,PHOENIX,AZ,85032,MARICOPA,0.985942,0.825546,0.981432,0.957104,2 out of 10,1 out of 9,2 out of 10
2026,030085,NORTHWEST MEDICAL CENTER,6200 NORTH LA CHOLLA BOULEVARD,TUCSON,AZ,85741,PIMA,0.985942,0.825546,0.996482,1.022438,0 out of 10,0 out of 9,0 out of 10
2026,030087,HONORHEALTH SCOTTSDALE SHEA MEDICAL CENTER,9003 EAST SHEA BOULEVARD,SCOTTSDALE,AZ,85260,MARICOPA,0.985942,0.825546,1.006772,0.997735,0 out of 10,0 out of 9,0 out of 10
2026,030088,BANNER BAYWOOD MEDICAL CENTER,6644 EAST BAYWOOD AVENUE,MESA,AZ,85206,MARICOPA,0.985942,0.825546,0.979311,1.022938,0 out of 10,0 out of 9,0 out of 10
2026,030089,BANNER THUNDERBIRD MEDICAL CENTER,5555 WEST THUNDERBIRD ROAD,GLENDALE,AZ,85306,MARICOPA,0.985942,0.825546,1.017716,1.051109,0 out of 10,0 out of 9,0 out of 10
2026,030092,HONORHEALTH DEER VALLEY MEDICAL CENTER,19829 NORTH 27TH AVENUE,PHOENIX,AZ,85027,MARICOPA,0.985942,0.825546,0.985003,1.027427,0 out of 10,0 out of 9,0 out of 10
2026,030093,BANNER DEL E. WEBB MEDICAL CENTER,14502 WEST MEEKER BOULEVARD,SUN CITY WEST,AZ,85375,MARICOPA,0.985942,0.825546,0.952530,0.972800,1 out of 10,0 out of 9,1 out of 10
2026,030094,ABRAZO ARROWHEAD HOSPITAL,18701 NORTH 67TH AVENUE,GLENDALE,AZ,85308,MARICOPA,0.985942,0.825546,0.992535,1.026770,0 out of 10,0 out of 9,0 out of 10
2026,030101,WESTERN ARIZONA REGIONAL MEDICAL CENTER,2735 SILVER CREEK ROAD,BULLHEAD CITY,AZ,86442,MOHAVE,0.985942,0.825546,0.892070,0.911055,5 out of 10,0 out of 9,5 out of 10
2026,030103,MAYO CLINIC HOSPITAL,5777 EAST MAYO BOULEVARD,PHOENIX,AZ,85054,MARICOPA,0.985942,0.825546,0.979434,0.947235,3 out of 10,2 out of 9,3 out of 10
2026,030105,BANNER HEART HOSPITAL,6750 EAST BAYWOOD AVENUE,MESA,AZ,85206,MARICOPA,0.985942,0.825546,0.994856,1.002934,0 out of 10,0 out of 9,0 out of 10
2026,030110,ABRAZO WEST CAMPUS,13677 WEST MCDOWELL ROAD,GOODYEAR,AZ,85395,MARICOPA,0.985942,0.825546,0.982873,1.019398,0 out of 10,0 out of 9,0 out of 10
2026,030111,BANNER-UNIVERSITY MEDICAL CENTER SOUTH CAMPUS,2800 EAST AJO WAY,TUCSON,AZ,85713,PIMA,0.985942,0.825546,0.951839,0.951480,2 out of 10,0 out of 9,2 out of 10
2026,030114,ORO VALLEY HOSPITAL,1551 EAST TANGERINE ROAD,ORO VALLEY,AZ,85755,PIMA,0.985942,0.825546,0.979011,0.960977,2 out of 10,1 out of 9,2 out of 10
2026,030115,BANNER ESTRELLA MEDICAL CENTER,9201 WEST THOMAS ROAD,PHOENIX,AZ,85037,MARICOPA,0.985942,0.825546,0.964204,0.970914,1 out of 10,0 out of 9,1 out of 10
2026,030117,VALLEY VIEW MEDICAL CENTER,5330 SOUTH HIGHWAY 95,FORT MOHAVE,AZ,86426,MOHAVE,0.985942,0.825546,0.808190,0.851217,8 out of 10,0 out of 9,8 out of 10
2026,030119,MERCY GILBERT MEDICAL CENTER,3555 SOUTH VAL VISTA DRIVE,GILBERT,AZ,85297,MARICOPA,0.985942,0.825546,1.004083,1.036252,0 out of 10,0 out of 9,0 out of 10
2026,030121,HONORHEALTH MOUNTAIN VISTA MEDICAL CENTER,1301 SOUTH CRISMON ROAD,MESA,AZ,85209,MARICOPA,0.985942,0.825546,0.956077,0.965236,2 out of 10,0 out of 9,2 out of 10
2026,030122,BANNER GATEWAY MEDICAL CENTER,1900 NORTH HIGLEY ROAD,GILBERT,AZ,85234,MARICOPA,0.985942,0.825546,1.003900,0.980924,1 out of 10,1 out of 9,1 out of 10
2026,030123,HONORHEALTH SCOTTSDALE THOMPSON PEAK MED CTR,7400 EAST THOMPSON PEAK PARKWAY,SCOTTSDALE,AZ,85255,MARICOPA,0.985942,0.825546,0.940812,0.950742,2 out of 10,0 out of 9,2 out of 10
2026,030130,BANNER IRONWOOD MEDICAL CENTER,37000 NORTH GANTZEL ROAD,QUEEN CREEK,AZ,85140,PINAL,0.985942,0.825546,0.927107,0.913641,5 out of 10,1 out of 9,5 out of 10
2026,030134,BANNER GOLDFIELD MEDICAL CENTER,2050 WEST SOUTHERN AVENUE,APACHE JUNCTION,AZ,85120,PINAL,0.985942,0.825546,0.722361,0.792646,10 out of 10,0 out of 9,10 out of 10
2026,030138,CITY OF HOPE CANCER CENTER PHOENIX,14200 WEST CELEBRATE LIFE WAY,GOODYEAR,AZ,85338,MARICOPA,0.985942,0.825546,1.193192,1.057302,0 out of 10,3 out of 9,3 out of 10
2026,030139,DIGNITY HEALTH ARIZONA GENERAL HOSPITAL,9130 EAST ELLIOT ROAD,MESA,AZ,85212,MARICOPA,0.985942,0.825546,0.904460,0.958238,2 out of 10,0 out of 9,2 out of 10
2026,030146,HONORHEALTH SONORAN CROSSING MEDICAL CENTER,33400 NORTH 32ND AVENUE,PHOENIX,AZ,85085,MARICOPA,0.985942,0.825546,0.957013,0.953276,2 out of 10,0 out of 9,2 out of 10
2026,030147,BANNER OCOTILLO MEDICAL CENTER,1405 SOUTH ALMA SCHOOL ROAD,CHANDLER,AZ,85286,MARICOPA,0.985942,0.825546,0.953886,1.002768,0 out of 10,0 out of 9,0 out of 10
2026,030148,NORTHWEST MEDICAL CENTER SAHUARITA,16260 SOUTH RANCHO SAHUARITA BOULEVARD,SAHUARITA,AZ,85629,PIMA,0.985942,0.825546,0.973524,0.907146,5 out of 10,4 out of 9,5 out of 10
2026,040001,SILOAM SPRINGS REGIONAL HOSPITAL,603 NORTH PROGRESS AVENUE,SILOAM SPRINGS,AR,72761,BENTON,0.985942,0.825546,1.041361,0.939532,3 out of 10,4 out of 9,4 out of 10
2026,040002,JOHNSON REGIONAL MEDICAL CENTER,1100 EAST POPLAR STREET,CLARKSVILLE,AR,72830,JOHNSON,0.985942,0.825546,0.937515,1.072171,0 out of 10,0 out of 9,0 out of 10
2026,040004,WASHINGTON REGIONAL MEDICAL CENTER,3215 N NORTH HILLS BOULEVARD,FAYETTEVILLE,AR,72703,WASHINGTON,0.985942,0.825546,1.003013,1.036282,0 out of 10,0 out of 9,0 out of 10
2026,040007,CHI-ST VINCENT INFIRMARY,TWO ST VINCENT CIRCLE,LITTLE ROCK,AR,72205,PULASKI,0.985942,0.825546,1.004142,1.026466,0 out of 10,0 out of 9,0 out of 10
2026,040010,MERCY HOSPITAL NORTHWEST ARKANSAS,2710 SOUTH RIFE MEDICAL LANE,ROGERS,AR,72758,BENTON,0.985942,0.825546,1.009269,1.013597,0 out of 10,0 out of 9,0 out of 10
2026,040011,CHAMBERS MEMORIAL HOSPITAL,719 DETROIT STREET,DANVILLE,AR,72833,YELL,0.985942,0.825546,0.863873,0.820842,10 out of 10,9 out of 9,10 out of 10
2026,040014,WHITE COUNTY MEDICAL CENTER,3214 EAST RACE AVENUE,SEARCY,AR,72143,WHITE,0.985942,0.825546,1.031524,1.014735,0 out of 10,0 out of 9,0 out of 10
2026,040016,University of Arkansas Medical Sciences,4301 WEST MARKHAM STREET MAIL SLOT 612,LITTLE ROCK,AR,72205,PULASKI,0.985942,0.825546,0.997906,0.975417,1 out of 10,1 out of 9,1 out of 10
2026,040017,NORTH ARKANSAS REGIONAL MEDICAL CENTER,620 NORTH MAIN STREET,HARRISON,AR,72601,BOONE,0.985942,0.825546,1.020022,0.993349,0 out of 10,1 out of 9,1 out of 10
2026,040020,ST BERNARDS MEDICAL CENTER,225 E WASHINGTON AVE,JONESBORO,AR,72401,CRAIGHEAD,0.985942,0.825546,1.087634,1.050490,0 out of 10,1 out of 9,1 out of 10
2026,040022,NORTHWEST MEDICAL CENTER-SPRINGDALE,609 WEST MAPLE AVENUE,SPRINGDALE,AR,72764,WASHINGTON,0.985942,0.825546,1.061590,1.000547,0 out of 10,2 out of 9,2 out of 10
2026,040026,CHI ST. VINCENT HOSPITAL HOT SPRINGS,300 WERNER STREET,HOT SPRINGS,AR,71903,GARLAND,0.985942,0.825546,1.088974,1.092092,0 out of 10,0 out of 9,0 out of 10
2026,040027,BAXTER HEALTH,624 HOSPITAL DRIVE,MOUNTAIN HOME,AR,72653,BAXTER,0.985942,0.825546,0.993277,0.981793,1 out of 10,0 out of 9,1 out of 10
2026,040029,"CONWAY REGIONAL MEDICAL CENTER, INC",2302 COLLEGE AVENUE,CONWAY,AR,72034,FAULKNER,0.985942,0.825546,1.018831,1.022047,0 out of 10,0 out of 9,0 out of 10
2026,040036,BAPTIST HEALTH MEDICAL CENTER NORTH LITTLE ROCK,3333 SPRINGHILL DRIVE,NORTH LITTLE ROCK,AR,72117,PULASKI,0.985942,0.825546,1.034658,1.048495,0 out of 10,0 out of 9,0 out of 10
2026,040039,ARKANSAS METHODIST MEDICAL CENTER,900 WEST KINGSHIGHWAY,PARAGOULD,AR,72450,GREENE,0.985942,0.825546,1.072478,1.090928,0 out of 10,0 out of 9,0 out of 10
2026,040041,ST MARYS REGIONAL MEDICAL CENTER,1808 WEST MAIN STREET,RUSSELLVILLE,AR,72801,POPE,0.985942,0.825546,0.985028,1.043707,0 out of 10,0 out of 9,0 out of 10
2026,040050,OUACHITA COUNTY MEDICAL CENTER,638 CALIFORNIA AVENUE,CAMDEN,AR,71701,OUACHITA,0.985942,0.825546,1.007423,0.981081,1 out of 10,1 out of 9,1 out of 10
2026,040051,BAPTIST HEALTH MEDICAL CENTER-DREW COUNTY,778 SCOGIN DRIVE,MONTICELLO,AR,71655,DREW,0.985942,0.825546,0.925095,0.997156,0 out of 10,0 out of 9,0 out of 10
2026,040055,BAPTIST HEALTH - FORT SMITH,1001 TOWSON AVENUE,FORT SMITH,AR,72901,SEBASTIAN,0.985942,0.825546,1.064154,1.003463,0 out of 10,2 out of 9,2 out of 10
2026,040062,MERCY HOSPITAL FORT SMITH,7301 ROGERS AVE,FORT SMITH,AR,72903,SEBASTIAN,0.985942,0.825546,1.073605,1.064977,0 out of 10,0 out of 9,0 out of 10
2026,040071,JEFFERSON REGIONAL MEDICAL CENTER,1600 WEST 40TH AVENUE,PINE BLUFF,AR,71603,JEFFERSON,0.985942,0.825546,1.083789,1.092924,0 out of 10,0 out of 9,0 out of 10
2026,040078,NATIONAL PARK MEDICAL CENTER,1910 MALVERN AVENUE,HOT SPRINGS,AR,71901,GARLAND,0.985942,0.825546,1.092304,1.150101,0 out of 10,0 out of 9,0 out of 10
2026,040084,SALINE MEMORIAL HOSPITAL,1 MEDICAL PARK DRIVE,BENTON,AR,72015,SALINE,0.985942,0.825546,1.037772,1.009021,0 out of 10,1 out of 9,1 out of 10
2026,040088,SOUTH ARKANSAS REGIONAL HOSPITAL LLC,700 WEST GROVE STREET,EL DORADO,AR,71730,UNION,0.985942,0.825546,1.076091,1.076272,0 out of 10,0 out of 9,0 out of 10
2026,040114,BAPTIST HEALTH MEDICAL CENTER-LITTLE ROCK,9601 BAPTIST HEALTH DRIVE,LITTLE ROCK,AR,72205,PULASKI,0.985942,0.825546,1.066898,1.077695,0 out of 10,0 out of 9,0 out of 10
2026,040118,"BAPTIST MEMORIAL HOSPITAL JONESBORO, INC.",4800 EAST JOHNSON AVENUE,JONESBORO,AR,72405,CRAIGHEAD,0.985942,0.825546,1.014441,1.011956,0 out of 10,0 out of 9,0 out of 10
2026,040119,WHITE RIVER MEDICAL CENTER,1710 HARRISON STREET,BATESVILLE,AR,72503,INDEPENDENCE,0.985942,0.825546,1.030034,0.982742,1 out of 10,2 out of 9,2 out of 10
2026,040137,ST VINCENT MEDICAL CENTER/NORTH,2215 WILDWOOD AVENUE,SHERWOOD,AR,72120,PULASKI,0.985942,0.825546,1.086650,1.111089,0 out of 10,0 out of 9,0 out of 10
2026,040154,BAPTIST HEALTH MEDICAL CENTER- CONWAY,1555 EXCHANGE AVENUE,CONWAY,AR,72032,FAULKNER,0.985942,0.825546,0.961464,1.040753,0 out of 10,0 out of 9,0 out of 10
2026,040161,ARKANSAS HEART HOSPITAL-ENCORE,1901 ENCORE WAY,BRYANT,AR,72019,SALINE,0.985942,0.825546,0.953183,0.948813,3 out of 10,0 out of 9,3 out of 10
2026,050002,ST ROSE HOSPITAL,27200 CALAROGA AVE,HAYWARD,CA,94545,ALAMEDA,0.985942,0.825546,1.021887,1.094977,0 out of 10,0 out of 9,0 out of 10
2026,050006,PROVIDENCE ST JOSEPH HOSPITAL,2700 DOLBEER ST,EUREKA,CA,95501,HUMBOLDT,0.985942,0.825546,0.946988,0.953211,2 out of 10,0 out of 9,2 out of 10
2026,050007,PENINSULA MEDICAL CENTER,1501 TROUSDALE DRIVE,BURLINGAME,CA,94010,SAN MATEO,0.985942,0.825546,0.934925,0.960970,2 out of 10,0 out of 9,2 out of 10
2026,050008,CALIFORNIA PACIFIC MEDICAL CTR-DAVIES CAMPUS HOSP,601 DUBOCE AVENUE,SAN FRANCISCO,CA,94117,SAN FRANCISCO,0.985942,0.825546,0.971671,0.974092,1 out of 10,0 out of 9,1 out of 10
2026,050009,PROVIDENCE QUEEN OF THE VALLEY MEDICAL CENTER,1000 TRANCAS ST,NAPA,CA,94558,NAPA,0.985942,0.825546,0.921645,0.979346,1 out of 10,0 out of 9,1 out of 10
2026,050013,ADVENTIST HEALTH ST HELENA,10 WOODLAND ROAD,SAINT HELENA,CA,94574,NAPA,0.985942,0.825546,1.025606,1.027774,0 out of 10,0 out of 9,0 out of 10
2026,050014,SUTTER AMADOR HOSPITAL,200 MISSION BLVD,JACKSON,CA,95642,AMADOR,0.985942,0.825546,0.912844,0.920864,4 out of 10,0 out of 9,4 out of 10
2026,050017,MERCY GENERAL HOSPITAL,4001 J ST,SACRAMENTO,CA,95819,SACRAMENTO,0.985942,0.825546,0.965350,0.995605,0 out of 10,0 out of 9,0 out of 10
2026,050022,RIVERSIDE COMMUNITY HOSPITAL,4445 MAGNOLIA AVENUE,RIVERSIDE,CA,92501,RIVERSIDE,0.985942,0.825546,1.034503,1.135211,0 out of 10,0 out of 9,0 out of 10
2026,050024,PARADISE VALLEY HOSPITAL,2400 EAST 4TH ST,NATIONAL CITY,CA,91950,SAN DIEGO,0.985942,0.825546,1.049492,1.083283,0 out of 10,0 out of 9,0 out of 10
2026,050025,UC SAN DIEGO HEALTH HILLCREST - HILLCREST MED CTR,200 WEST ARBOR DRIVE,SAN DIEGO,CA,92103,SAN DIEGO,0.985942,0.825546,1.032575,0.990131,0 out of 10,2 out of 9,2 out of 10
2026,050026,GROSSMONT HOSPITAL,5555 GROSSMONT CENTER DRIVE BOX 58,LA MESA,CA,91942,SAN DIEGO,0.985942,0.825546,1.026465,1.081882,0 out of 10,0 out of 9,0 out of 10
2026,050028,MAD RIVER COMMUNITY HOSPITAL,3800 JANES RD,ARCATA,CA,95521,HUMBOLDT,0.985942,0.825546,0.842768,0.871428,7 out of 10,0 out of 9,7 out of 10
2026,050030,OROVILLE HOSPITAL,2767 OLIVE HIGHWAY,OROVILLE,CA,95966,BUTTE,0.985942,0.825546,0.851042,0.852585,8 out of 10,0 out of 9,8 out of 10
2026,050036,BAKERSFIELD MEMORIAL HOSPITAL,420 34TH ST,BAKERSFIELD,CA,93301,KERN,0.985942,0.825546,1.002349,1.044512,0 out of 10,0 out of 9,0 out of 10
2026,050038,SANTA CLARA VALLEY MEDICAL CENTER,751 SOUTH BASCOM AVENUE,SAN JOSE,CA,95128,SANTA CLARA,0.985942,0.825546,1.037514,1.044944,0 out of 10,0 out of 9,0 out of 10
2026,050039,ENLOE HEALTH,1531 ESPLANADE,CHICO,CA,95926,BUTTE,0.985942,0.825546,0.964086,0.964936,2 out of 10,0 out of 9,2 out of 10
2026,050040,LAC/OLIVE VIEW-UCLA MEDICAL CENTER,14445 OLIVE VIEW DRIVE,SYLMAR,CA,91342,LOS ANGELES,0.985942,0.825546,0.824953,0.840948,9 out of 10,0 out of 9,9 out of 10
2026,050042,ST ELIZABETH COMMUNITY HOSPITAL,2550 SISTER MARY COLUMBA DRIVE,RED BLUFF,CA,96080,TEHAMA,0.985942,0.825546,0.939347,0.915880,4 out of 10,2 out of 9,4 out of 10
2026,050043,ALTA BATES SUMMIT MEDICAL CENTER,350 HAWTHORNE AVENUE,OAKLAND,CA,94609,ALAMEDA,0.985942,0.825546,0.995755,0.990575,0 out of 10,0 out of 9,0 out of 10
2026,050047,CALIFORNIA PACIFIC MEDICAL CENTER- VAN NESS CAMPUS,1101 VAN NESS AVENUE,SAN FRANCISCO,CA,94109,SAN FRANCISCO,0.985942,0.825546,1.022752,0.945992,3 out of 10,3 out of 9,3 out of 10
2026,050054,SAN GORGONIO MEMORIAL HOSPITAL,600 NORTH HIGHLAND SPRINGS AVENUE,BANNING,CA,92220,RIVERSIDE,0.985942,0.825546,1.133955,1.069527,0 out of 10,2 out of 9,2 out of 10
2026,050055,CALIFORNIA PACIFIC MEDICAL CENTER - MISSION BERNAL,3555 CESAR CHAVEZ,SAN FRANCISCO,CA,94110,SAN FRANCISCO,0.985942,0.825546,0.950754,0.918941,4 out of 10,2 out of 9,4 out of 10
2026,050056,ANTELOPE VALLEY HOSPITAL,1600 W AVE J,LANCASTER,CA,93534,LOS ANGELES,0.985942,0.825546,0.997497,1.082359,0 out of 10,0 out of 9,0 out of 10
2026,050057,KAWEAH HEALTH MEDICAL CENTER,400 W MINERAL KING AVE,VISALIA,CA,93291,TULARE,0.985942,0.825546,0.960231,1.007292,0 out of 10,0 out of 9,0 out of 10
2026,050058,GLENDALE MEM HOSPITAL & HLTH CENTER,1420 S CENTRAL AVE,GLENDALE,CA,91204,LOS ANGELES,0.985942,0.825546,1.132607,1.119770,0 out of 10,0 out of 9,0 out of 10
2026,050060,COMMUNITY REGIONAL MEDICAL CENTER,2823 FRESNO STREET,FRESNO,CA,93721,FRESNO,0.985942,0.825546,0.994306,1.003115,0 out of 10,0 out of 9,0 out of 10
2026,050063,HOLLYWOOD PRESBYTERIAN MEDICAL CENTER,1300 N VERMONT AVE,LOS ANGELES,CA,90027,LOS ANGELES,0.985942,0.825546,1.115738,1.169554,0 out of 10,0 out of 9,0 out of 10
2026,050069,PROVIDENCE ST. JOSEPH HOSPITAL,1100 WEST STEWART DR,ORANGE,CA,92868,ORANGE,0.985942,0.825546,0.986486,1.005051,0 out of 10,0 out of 9,0 out of 10
2026,050070,KAISER FOUNDATION HOSPITAL - SOUTH SAN FRANCISCO,1200 EL CAMINO REAL,SOUTH SAN FRANCISCO,CA,94080,SAN MATEO,0.985942,0.825546,0.883523,0.826365,9 out of 10,9 out of 9,9 out of 10
2026,050071,KAISER FOUNDATION HOSPITAL-SANTA CLARA,700 LAWRENCE EXPRESSWAY,SANTA CLARA,CA,95051,SANTA CLARA,0.985942,0.825546,0.914268,0.996615,0 out of 10,0 out of 9,0 out of 10
2026,050072,KAISER FOUNDATION HOSPITAL - WALNUT CREEK,1425 S MAIN STREET,WALNUT CREEK,CA,94596,CONTRA COSTA,0.985942,0.825546,0.975155,0.894238,6 out of 10,5 out of 9,6 out of 10
2026,050073,KAISER FOUNDATION HOSPITAL AND REHAB CENTER,975 SERENO DR,VALLEJO,CA,94589,SOLANO,0.985942,0.825546,0.998787,0.841349,9 out of 10,9 out of 9,9 out of 10
2026,050075,KAISER FOUNDATION HOSPITAL - OAKLAND/RICHMOND,275 WEST MACARTHUR BOULEVARD,OAKLAND,CA,94611,ALAMEDA,0.985942,0.825546,0.994570,0.909522,5 out of 10,5 out of 9,5 out of 10
2026,050076,KAISER FOUNDATION HOSPITAL - SAN FRANCISCO,2425 GEARY BLVD,SAN FRANCISCO,CA,94115,SAN FRANCISCO,0.985942,0.825546,1.043501,0.825770,9 out of 10,9 out of 9,9 out of 10
2026,050077,SCRIPPS MERCY HOSPITAL,4077 5TH AVE,SAN DIEGO,CA,92103,SAN DIEGO,0.985942,0.825546,1.036235,1.043922,0 out of 10,0 out of 9,0 out of 10
2026,050078,PROVIDENCE LITTLE CO OF MARY MED CTR SAN PEDRO,1300 W 7TH ST,SAN PEDRO,CA,90732,LOS ANGELES,0.985942,0.825546,1.028373,0.952714,2 out of 10,3 out of 9,3 out of 10
2026,050082,ST JOHNS REGIONAL MEDICAL CENTER,1600 N ROSE AVE,OXNARD,CA,93030,VENTURA,0.985942,0.825546,0.984391,1.005849,0 out of 10,0 out of 9,0 out of 10
2026,050084,ST JOSEPH'S MEDICAL CENTER OF STOCKTON,1800 N CALIFORNIA ST,STOCKTON,CA,95204,SAN JOAQUIN,0.985942,0.825546,0.970836,0.982788,1 out of 10,0 out of 9,1 out of 10
2026,050089,COMMUNITY HOSPITAL OF SAN BERNARDINO,1805 MEDICAL CENTER DRIVE,SAN BERNARDINO,CA,92411,SAN BERNARDINO,0.985942,0.825546,1.026135,1.132468,0 out of 10,0 out of 9,0 out of 10
2026,050090,SONOMA VALLEY HOSPITAL,347 ANDRIEUX ST,SONOMA,CA,95476,SONOMA,0.985942,0.825546,0.930392,1.013572,0 out of 10,0 out of 9,0 out of 10
2026,050091,COMMUNITY HOSPITAL OF HUNTINGTON PARK,2623 E SLAUSON AVE,HUNTINGTON PARK,CA,90255,LOS ANGELES,0.985942,0.825546,1.045184,1.061476,0 out of 10,0 out of 9,0 out of 10
2026,050099,SAN ANTONIO REGIONAL HOSPITAL,999 SAN BERNARDINO ROAD,UPLAND,CA,91786,SAN BERNARDINO,0.985942,0.825546,1.053299,1.057145,0 out of 10,0 out of 9,0 out of 10
2026,050100,SHARP MEMORIAL HOSPITAL,7901 FROST ST,SAN DIEGO,CA,92123,SAN DIEGO,0.985942,0.825546,0.967456,0.993075,0 out of 10,0 out of 9,0 out of 10
2026,050101,SUTTER SOLANO MEDICAL CENTER,300 HOSPITAL DR,VALLEJO,CA,94589,SOLANO,0.985942,0.825546,0.989362,1.017994,0 out of 10,0 out of 9,0 out of 10
2026,050102,PARKVIEW COMMUNITY HOSPITAL MEDICAL CENTER,3865 JACKSON STREET,RIVERSIDE,CA,92503,RIVERSIDE,0.985942,0.825546,1.137009,1.424129,0 out of 10,0 out of 9,0 out of 10
2026,050103,ADVENTIST HEALTH WHITE MEMORIAL,1720 CESAR E CHAVEZ AVENUE,LOS ANGELES,CA,90033,LOS ANGELES,0.985942,0.825546,1.014310,1.086289,0 out of 10,0 out of 9,0 out of 10
2026,050104,SAINT FRANCIS MEDICAL CENTER,3630 EAST IMPERIAL HIGHWAY,LYNWOOD,CA,90262,LOS ANGELES,0.985942,0.825546,1.095883,1.116396,0 out of 10,0 out of 9,0 out of 10
2026,050107,MARIAN REGIONAL MEDICAL CENTER,1400 E CHURCH ST,SANTA MARIA,CA,93454,SANTA BARBARA,0.985942,0.825546,0.927216,0.940918,3 out of 10,0 out of 9,3 out of 10
2026,050108,"SUTTER MEDICAL CENTER, SACRAMENTO",2825 CAPITOL AVENUE,SACRAMENTO,CA,95816,SACRAMENTO,0.985942,0.825546,0.957342,0.999427,0 out of 10,0 out of 9,0 out of 10
2026,050110,LOMPOC VALLEY MEDICAL CENTER,1515 E OCEAN AVENUE,LOMPOC,CA,93436,SANTA BARBARA,0.985942,0.825546,1.039812,0.985578,1 out of 10,2 out of 9,2 out of 10
2026,050112,SANTA MONICA - UCLA MED CTR & ORTHOPAEDIC HOSPITAL,1250 16TH STREET,SANTA MONICA,CA,90404,LOS ANGELES,0.985942,0.825546,1.034813,1.024920,0 out of 10,0 out of 9,0 out of 10
2026,050115,PALOMAR HEALTH DOWNTOWN CAMPUS,555 EAST VALLEY PARKWAY,ESCONDIDO,CA,92025,SAN DIEGO,0.985942,0.825546,1.057874,1.102910,0 out of 10,0 out of 9,0 out of 10
2026,050116,NORTHRIDGE HOSPITAL MEDICAL CENTER,18300 ROSCOE BLVD,NORTHRIDGE,CA,91325,LOS ANGELES,0.985942,0.825546,1.097120,1.097826,0 out of 10,0 out of 9,0 out of 10
2026,050118,DOCTORS HOSPITAL OF MANTECA,1205 E NORTH STREET,MANTECA,CA,95336,SAN JOAQUIN,0.985942,0.825546,0.965072,1.043414,0 out of 10,0 out of 9,0 out of 10
2026,050121,ADVENTIST HEALTH HANFORD,115 MALL DRIVE,HANFORD,CA,93230,KINGS,0.985942,0.825546,0.980067,0.978697,1 out of 10,0 out of 9,1 out of 10
2026,050122,DAMERON HOSPITAL,525 WEST ACACIA STREET,STOCKTON,CA,95203,SAN JOAQUIN,0.985942,0.825546,1.019469,1.053799,0 out of 10,0 out of 9,0 out of 10
2026,050124,USC VERDUGO HILLS HOSPITAL,1812 VERDUGO BLVD,GLENDALE,CA,91208,LOS ANGELES,0.985942,0.825546,0.988678,0.980429,1 out of 10,0 out of 9,1 out of 10
2026,050125,REGIONAL MEDICAL CENTER OF SAN JOSE,225 N JACKSON AVENUE,SAN JOSE,CA,95116,SANTA CLARA,0.985942,0.825546,0.965032,1.003580,0 out of 10,0 out of 9,0 out of 10
2026,050126,VALLEY PRESBYTERIAN HOSPITAL,15107 VANOWEN ST,VAN NUYS,CA,91405,LOS ANGELES,0.985942,0.825546,1.141172,1.143643,0 out of 10,0 out of 9,0 out of 10
2026,050127,WOODLAND MEMORIAL HOSPITAL,1325 COTTONWOOD STREET,WOODLAND,CA,95695,YOLO,0.985942,0.825546,0.887475,0.890332,6 out of 10,0 out of 9,6 out of 10
2026,050128,TRI-CITY MEDICAL CENTER,4002 VISTA WAY,OCEANSIDE,CA,92056,SAN DIEGO,0.985942,0.825546,0.994631,1.042430,0 out of 10,0 out of 9,0 out of 10
2026,050129,ST BERNARDINE MEDICAL CENTER,2101 N WATERMAN AVE,SAN BERNARDINO,CA,92404,SAN BERNARDINO,0.985942,0.825546,1.058459,1.041824,0 out of 10,0 out of 9,0 out of 10
2026,050131,NOVATO COMMUNITY HOSPITAL,180 ROWLAND WAY,NOVATO,CA,94945,MARIN,0.985942,0.825546,0.908876,0.924895,4 out of 10,0 out of 9,4 out of 10
2026,050132,SAN GABRIEL VALLEY MEDICAL CENTER,438 W LAS TUNAS DRIVE,SAN GABRIEL,CA,91776,LOS ANGELES,0.985942,0.825546,1.174509,1.222224,0 out of 10,0 out of 9,0 out of 10
2026,050133,ADVENTIST HEALTH AND RIDEOUT,726 4TH ST,MARYSVILLE,CA,95901,YUBA,0.985942,0.825546,0.985005,0.973630,1 out of 10,0 out of 9,1 out of 10
2026,050135,SOUTHERN CALIFORNIA HOSPITAL AT HOLLYWOOD,6245 DE LONGPRE AVE,HOLLYWOOD,CA,90028,LOS ANGELES,0.985942,0.825546,1.208329,1.363424,0 out of 10,0 out of 9,0 out of 10
2026,050136,PETALUMA VALLEY HOSPITAL,400 N MCDOWELL BLVD,PETALUMA,CA,94954,SONOMA,0.985942,0.825546,1.013950,0.979148,1 out of 10,1 out of 9,1 out of 10
2026,050137,KAISER FOUNDATION HOSPITAL - PANORAMA CITY,13652 CANTARA ST,PANORAMA CITY,CA,91402,LOS ANGELES,0.985942,0.825546,0.861818,0.952946,2 out of 10,0 out of 9,2 out of 10
2026,050138,KAISER FOUNDATION HOSPITAL - LOS ANGELES,4867 SUNSET BLVD,LOS ANGELES,CA,90027,LOS ANGELES,0.985942,0.825546,0.995495,0.907383,5 out of 10,5 out of 9,5 out of 10
2026,050139,KAISER FOUNDATION HOSPITAL - DOWNEY,9333 IMPERIAL HIGHWAY,DOWNEY,CA,90242,LOS ANGELES,0.985942,0.825546,0.953716,0.886998,6 out of 10,5 out of 9,6 out of 10
2026,050140,KAISER FOUNDATION HOSPITAL FONTANA/ONTARIO,9961 SIERRA AVE,FONTANA,CA,92335,SAN BERNARDINO,0.985942,0.825546,0.990519,0.934977,3 out of 10,3 out of 9,3 out of 10
2026,050145,COMMUNITY HOSPITAL OF THE MONTEREY PENINSULA,23625 W R HOLMAN HIGHWAY,MONTEREY,CA,93940,MONTEREY,0.985942,0.825546,0.929890,0.941568,3 out of 10,0 out of 9,3 out of 10
2026,050149,CALIFORNIA HOSPITAL MEDICAL CENTER LA,1401 SOUTH GRAND AVENUE,LOS ANGELES,CA,90015,LOS ANGELES,0.985942,0.825546,0.963717,1.046187,0 out of 10,0 out of 9,0 out of 10
2026,050150,SIERRA NEVADA MEMORIAL HOSPITAL,155 GLASSON WAY,GRASS VALLEY,CA,95945,NEVADA,0.985942,0.825546,0.925593,0.938599,3 out of 10,0 out of 9,3 out of 10
2026,050152,UCSF HEALTH SAINT FRANCIS HOSPITAL,900 HYDE ST,SAN FRANCISCO,CA,94109,SAN FRANCISCO,0.985942,0.825546,1.067698,1.051371,0 out of 10,0 out of 9,0 out of 10
2026,050158,ENCINO HOSPITAL MEDICAL CENTER,16237 VENTURA BLVD,ENCINO,CA,91436,LOS ANGELES,0.985942,0.825546,1.120309,1.234053,0 out of 10,0 out of 9,0 out of 10
2026,050159,VENTURA COUNTY MEDICAL CENTER,300 HILLMONT AVENUE,VENTURA,CA,93003,VENTURA,0.985942,0.825546,0.980863,0.998372,0 out of 10,0 out of 9,0 out of 10
2026,050167,SAN JOAQUIN GENERAL HOSPITAL,500 W HOSPITAL ROAD,FRENCH CAMP,CA,95231,SAN JOAQUIN,0.985942,0.825546,0.995717,1.003191,0 out of 10,0 out of 9,0 out of 10
2026,050168,PROVIDENCE ST. JUDE MEDICAL CENTER,101 E VALENCIA MESA DRIVE,FULLERTON,CA,92835,ORANGE,0.985942,0.825546,1.046230,1.065346,0 out of 10,0 out of 9,0 out of 10
2026,050174,PROVIDENCE SANTA ROSA MEMORIAL HOSPITAL,1165 MONTGOMERY DR,SANTA ROSA,CA,95405,SONOMA,0.985942,0.825546,1.009717,1.020772,0 out of 10,0 out of 9,0 out of 10
2026,050179,EMANUEL MEDICAL CENTER,825 DELBON AVE,TURLOCK,CA,95382,STANISLAUS,0.985942,0.825546,0.923727,0.953904,2 out of 10,0 out of 9,2 out of 10
2026,050180,JOHN MUIR MEDICAL CENTER - WALNUT CREEK CAMPUS,1601 YGNACIO VALLEY RD,WALNUT CREEK,CA,94598,CONTRA COSTA,0.985942,0.825546,0.986209,1.022594,0 out of 10,0 out of 9,0 out of 10
2026,050191,ST MARY MEDICAL CENTER,1050 LINDEN AVE,LONG BEACH,CA,90813,LOS ANGELES,0.985942,0.825546,1.070286,1.096409,0 out of 10,0 out of 9,0 out of 10
2026,050194,WATSONVILLE COMMUNITY HOSPITAL,75 NIELSON STREET,WATSONVILLE,CA,95076,SANTA CRUZ,0.985942,0.825546,0.930526,0.962728,2 out of 10,0 out of 9,2 out of 10
2026,050195,WASHINGTON HOSPITAL,2000 MOWRY AVE,FREMONT,CA,94538,ALAMEDA,0.985942,0.825546,0.994375,0.984137,1 out of 10,0 out of 9,1 out of 10
2026,050197,SEQUOIA HOSPITAL,170 ALAMEDA DE LAS PULGAS,REDWOOD CITY,CA,94062,SAN MATEO,0.985942,0.825546,0.965165,0.926750,4 out of 10,2 out of 9,4 out of 10
2026,050204,PALMDALE REGIONAL MEDICAL CENTER,38600 MEDICAL CENTER DRIVE,PALMDALE,CA,93552,LOS ANGELES,0.985942,0.825546,1.039905,1.044581,0 out of 10,0 out of 9,0 out of 10
2026,050211,ALAMEDA HOSPITAL,2070 CLINTON AVENUE,ALAMEDA,CA,94501,ALAMEDA,0.985942,0.825546,0.997956,0.978663,1 out of 10,1 out of 9,1 out of 10
2026,050222,SHARP CHULA VISTA MEDICAL CENTER,751 MEDICAL CENTER COURT,CHULA VISTA,CA,91911,SAN DIEGO,0.985942,0.825546,0.955839,0.956707,2 out of 10,0 out of 9,2 out of 10
2026,050224,HOAG MEMORIAL HOSPITAL PRESBYTERIAN,ONE HOAG DRIVE,NEWPORT BEACH,CA,92663,ORANGE,0.985942,0.825546,1.002029,1.012738,0 out of 10,0 out of 9,0 out of 10
2026,050226,AHMC ANAHEIM REGIONAL MEDICAL CENTER,1111 W LA PALMA AVENUE,ANAHEIM,CA,92801,ORANGE,0.985942,0.825546,1.051475,1.083030,0 out of 10,0 out of 9,0 out of 10
2026,050228,ZUCKERBERG SAN FRANCISCO GENERAL HOSP & TRAUMA CTR,1001 POTRERO AVENUE,SAN FRANCISCO,CA,94110,SAN FRANCISCO,0.985942,0.825546,0.982017,0.909104,5 out of 10,4 out of 9,5 out of 10
2026,050230,GARDEN GROVE HOSPITAL & MEDICAL CENTER,12601 GARDEN GROVE BLVD,GARDEN GROVE,CA,92843,ORANGE,0.985942,0.825546,1.128901,1.148804,0 out of 10,0 out of 9,0 out of 10
2026,050231,POMONA VALLEY HOSPITAL MEDICAL CENTER,1798 N GAREY AVE,POMONA,CA,91767,LOS ANGELES,0.985942,0.825546,0.961544,0.997743,0 out of 10,0 out of 9,0 out of 10
2026,050232,FRENCH HOSPITAL MEDICAL CENTER,1911 JOHNSON AVE,SAN LUIS OBISPO,CA,93401,SAN LUIS OBISPO,0.985942,0.825546,0.939641,0.923539,4 out of 10,1 out of 9,4 out of 10
2026,050234,SHARP CORONADO HOSPITAL AND HLTHCR CTR,250 PROSPECT PLACE,CORONADO,CA,92118,SAN DIEGO,0.985942,0.825546,0.890188,0.855930,8 out of 10,5 out of 9,8 out of 10
2026,050235,PROVIDENCE SAINT JOSEPH MEDICAL CTR,501 SOUTH BUENA VISTA STREET,BURBANK,CA,91505,LOS ANGELES,0.985942,0.825546,1.014528,1.022205,0 out of 10,0 out of 9,0 out of 10
2026,050236,ADVENTIST HEALTH SIMI VALLEY,2975 N SYCAMORE DR,SIMI VALLEY,CA,93065,VENTURA,0.985942,0.825546,0.990743,0.998238,0 out of 10,0 out of 9,0 out of 10
2026,050238,USC ARCADIA HOSPITAL,300 W HUNTINGTON DR,ARCADIA,CA,91007,LOS ANGELES,0.985942,0.825546,1.122131,1.132761,0 out of 10,0 out of 9,0 out of 10
2026,050239,GLENDALE ADVENTIST MEDICAL CENTER,1509 E WILSON TERRACE,GLENDALE,CA,91206,LOS ANGELES,0.985942,0.825546,1.067633,1.083000,0 out of 10,0 out of 9,0 out of 10
2026,050242,DOMINICAN HOSPITAL,1555 SOQUEL DRIVE,SANTA CRUZ,CA,95065,SANTA CRUZ,0.985942,0.825546,0.989766,1.000409,0 out of 10,0 out of 9,0 out of 10
2026,050243,DESERT REGIONAL MEDICAL CENTER,1150 NORTH INDIAN CANYON DRIVE,PALM SPRINGS,CA,92262,RIVERSIDE,0.985942,0.825546,1.004734,1.039886,0 out of 10,0 out of 9,0 out of 10
2026,050245,ARROWHEAD REGIONAL MEDICAL CENTER,400 NORTH PEPPER AVENUE,COLTON,CA,92324,SAN BERNARDINO,0.985942,0.825546,1.033930,1.015393,0 out of 10,0 out of 9,0 out of 10
2026,050248,NATIVIDAD MEDICAL CENTER,1441 CONSTITUTION BOULEVARD,SALINAS,CA,93906,MONTEREY,0.985942,0.825546,1.022897,1.030766,0 out of 10,0 out of 9,0 out of 10
2026,050254,MARSHALL MEDICAL CENTER,1100 MARSHALL WAY,PLACERVILLE,CA,95667,EL DORADO,0.985942,0.825546,0.933206,0.911899,5 out of 10,1 out of 9,5 out of 10
2026,050261,SIERRA VIEW MEDICAL CENTER,465 W PUTNAM AVE,PORTERVILLE,CA,93257,TULARE,0.985942,0.825546,0.922888,0.989696,0 out of 10,0 out of 9,0 out of 10
2026,050262,RONALD REAGAN UCLA MEDICAL CENTER,757 WESTWOOD PLAZA,LOS ANGELES,CA,90095,LOS ANGELES,0.985942,0.825546,1.023631,0.993829,0 out of 10,1 out of 9,1 out of 10
2026,050272,REDLANDS COMMUNITY HOSPITAL,350 TERRACINA BLVD,REDLANDS,CA,92373,SAN BERNARDINO,0.985942,0.825546,0.969211,1.075539,0 out of 10,0 out of 9,0 out of 10
2026,050276,CONTRA COSTA REGIONAL MEDICAL CENTER,2500 ALHAMBRA AVENUE,MARTINEZ,CA,94553,CONTRA COSTA,0.985942,0.825546,0.921929,0.921674,4 out of 10,0 out of 9,4 out of 10
2026,050278,PROVIDENCE HOLY CROSS MEDICAL CENTER,15031 RINALDI ST,MISSION HILLS,CA,91346,LOS ANGELES,0.985942,0.825546,1.018614,1.027236,0 out of 10,0 out of 9,0 out of 10
2026,050279,HI-DESERT MEDICAL CENTER,6601 WHITE FEATHER ROAD,JOSHUA TREE,CA,92252,SAN BERNARDINO,0.985942,0.825546,0.949819,0.888578,6 out of 10,4 out of 9,6 out of 10
2026,050280,MERCY MEDICAL CENTER REDDING,"2175 ROSALINE AVE, CLAIRMONT HGTS",REDDING,CA,96001,SHASTA,0.985942,0.825546,0.979329,1.002492,0 out of 10,0 out of 9,0 out of 10
2026,050281,ALHAMBRA HOSPITAL MEDICAL CENTER,100 S RAYMOND AVE,ALHAMBRA,CA,91801,LOS ANGELES,0.985942,0.825546,1.201922,1.219281,0 out of 10,0 out of 9,0 out of 10
2026,050283,STANFORD HEALTH CARE TRI-VALLEY,5555 WEST LAS POSITAS BOULEVARD,PLEASANTON,CA,94588,ALAMEDA,0.985942,0.825546,0.999621,1.011776,0 out of 10,0 out of 9,0 out of 10
2026,050289,AHMC SETON MEDICAL CENTER,1900 SULLIVAN AVENUE,DALY CITY,CA,94015,SAN MATEO,0.985942,0.825546,0.932559,1.011564,0 out of 10,0 out of 9,0 out of 10
2026,050290,SAINT JOHN'S HEALTH CENTER,2121 SANTA MONICA BLVD,SANTA MONICA,CA,90404,LOS ANGELES,0.985942,0.825546,1.015374,1.026090,0 out of 10,0 out of 9,0 out of 10
2026,050291,SUTTER SANTA ROSA REGIONAL HOSPITAL,30 MARK WEST SPRINGS ROAD,SANTA ROSA,CA,95403,SONOMA,0.985942,0.825546,0.973809,0.944187,3 out of 10,1 out of 9,3 out of 10
2026,050292,RIVERSIDE UNIVERSITY HEALTH SYSTEM-MEDICAL CENTER,26520 CACTUS AVENUE,MORENO VALLEY,CA,92555,RIVERSIDE,0.985942,0.825546,1.041908,1.046829,0 out of 10,0 out of 9,0 out of 10
2026,050295,MERCY HOSPITAL,2215 TRUXTUN AVENUE,BAKERSFIELD,CA,93301,KERN,0.985942,0.825546,0.992640,1.055026,0 out of 10,0 out of 9,0 out of 10
2026,050298,BARSTOW COMMUNITY HOSPITAL,820 E MOUNTAIN VIEW STREET,BARSTOW,CA,92311,SAN BERNARDINO,0.985942,0.825546,0.969468,1.011939,0 out of 10,0 out of 9,0 out of 10
2026,050300,PROVIDENCE ST MARY MEDICAL CENTER,18300 HIGHWAY 18,APPLE VALLEY,CA,92307,SAN BERNARDINO,0.985942,0.825546,0.952554,0.988708,0 out of 10,0 out of 9,0 out of 10
2026,050301,ADVENTIST HEALTH UKIAH VALLEY,275 HOSPITAL DRIVE,UKIAH,CA,95482,MENDOCINO,0.985942,0.825546,0.910922,0.915487,4 out of 10,0 out of 9,4 out of 10
2026,050305,ALTA BATES SUMMIT MEDICAL CENTER - ALTA BATES CAMP,2450 ASHBY AVENUE,BERKELEY,CA,94705,ALAMEDA,0.985942,0.825546,0.980793,0.962263,2 out of 10,1 out of 9,2 out of 10
2026,050308,EL CAMINO HEALTH,2500 GRANT ROAD,MOUNTAIN VIEW,CA,94040,SANTA CLARA,0.985942,0.825546,1.002602,0.999426,0 out of 10,0 out of 9,0 out of 10
2026,050309,SUTTER ROSEVILLE MEDICAL CENTER,ONE MEDICAL PLAZA,ROSEVILLE,CA,95661,PLACER,0.985942,0.825546,0.937823,0.954965,2 out of 10,0 out of 9,2 out of 10
2026,050313,SUTTER TRACY COMMUNITY HOSPITAL,1420 NORTH TRACY BLVD,TRACY,CA,95376,SAN JOAQUIN,0.985942,0.825546,0.923830,0.971162,1 out of 10,0 out of 9,1 out of 10
2026,050315,KERN MEDICAL CENTER,1700 MOUNT VERNON AVENUE,BAKERSFIELD,CA,93306,KERN,0.985942,0.825546,0.993742,0.973758,1 out of 10,1 out of 9,1 out of 10
2026,050320,HIGHLAND HOSPITAL,1411 EAST 31ST STREET,OAKLAND,CA,94602,ALAMEDA,0.985942,0.825546,1.041909,1.004455,0 out of 10,1 out of 9,1 out of 10
2026,050324,SCRIPPS MEMORIAL HOSPITAL LA JOLLA,9888 GENESEE AVENUE,LA JOLLA,CA,92037,SAN DIEGO,0.985942,0.825546,0.967884,0.970574,1 out of 10,0 out of 9,1 out of 10
2026,050327,LOMA LINDA UNIVERSITY MEDICAL CENTER,11234 ANDERSON ST,LOMA LINDA,CA,92354,SAN BERNARDINO,0.985942,0.825546,0.989815,0.994881,0 out of 10,0 out of 9,0 out of 10
2026,050329,CORONA REGIONAL MEDICAL CENTER,800 SOUTH MAIN STREET,CORONA,CA,92882,RIVERSIDE,0.985942,0.825546,1.035168,1.069987,0 out of 10,0 out of 9,0 out of 10
2026,050334,SALINAS VALLEY MEMORIAL HOSPITAL,450 EAST ROMIE LANE,SALINAS,CA,93901,MONTEREY,0.985942,0.825546,0.968409,0.974553,1 out of 10,0 out of 9,1 out of 10
2026,050335,ADVENTIST HEALTH SONORA,1000 GREENLEY ROAD,SONORA,CA,95370,TUOLUMNE,0.985942,0.825546,0.939379,0.894214,6 out of 10,3 out of 9,6 out of 10
2026,050336,ADVENTIST HEALTH LODI MEMORIAL,975 S FAIRMONT AVENUE,LODI,CA,95240,SAN JOAQUIN,0.985942,0.825546,0.935923,0.985309,1 out of 10,0 out of 9,1 out of 10
2026,050342,PIONEERS MEMORIAL HEALTHCARE DISTRICT,207 WEST LEGION ROAD,BRAWLEY,CA,92227,IMPERIAL,0.985942,0.825546,0.941634,0.894635,6 out of 10,4 out of 9,6 out of 10
2026,050348,UCI HEALTH-ORANGE,101 CITY DRIVE SOUTH,ORANGE,CA,92868,ORANGE,0.985942,0.825546,1.013503,1.013990,0 out of 10,0 out of 9,0 out of 10
2026,050351,TORRANCE MEMORIAL MEDICAL CENTER,3330 LOMITA BLVD,TORRANCE,CA,90509,LOS ANGELES,0.985942,0.825546,0.953599,0.940256,3 out of 10,1 out of 9,3 out of 10
2026,050352,BARTON MEMORIAL HOSPITAL,2170 SOUTH AVENUE,SOUTH LAKE TAHOE,CA,96150,EL DORADO,0.985942,0.825546,0.905289,0.844658,8 out of 10,7 out of 9,8 out of 10
2026,050353,PROVIDENCE LITTLE COMPANY OF MARY MED CTR TORRANCE,4101 TORRANCE BLVD,TORRANCE,CA,90503,LOS ANGELES,0.985942,0.825546,0.951805,0.977117,1 out of 10,0 out of 9,1 out of 10
2026,050357,GOLETA VALLEY COTTAGE HOSPITAL,351 S PATTERSON AVE,SANTA BARBARA,CA,93111,SANTA BARBARA,0.985942,0.825546,0.957028,0.995901,0 out of 10,0 out of 9,0 out of 10
2026,050360,MARINHEALTH MEDICAL CENTER,250 BON AIR ROAD,GREENBRAE,CA,94904,MARIN,0.985942,0.825546,0.990268,0.975078,1 out of 10,0 out of 9,1 out of 10
2026,050367,NORTHBAY MEDICAL CENTER,1200 B  GALE WILSON BLVD,FAIRFIELD,CA,94533,SOLANO,0.985942,0.825546,0.912593,0.940689,3 out of 10,0 out of 9,3 out of 10
2026,050373,LOS ANGELES GENERAL MEDICAL CENTER,"2051 MARENGO ST, ROOM C2K100",LOS ANGELES,CA,90033,LOS ANGELES,0.985942,0.825546,0.890484,0.917247,4 out of 10,0 out of 9,4 out of 10
2026,050376,LAC/HARBOR-UCLA MED CENTER,1000 W CARSON ST,TORRANCE,CA,90509,LOS ANGELES,0.985942,0.825546,0.903125,0.904180,5 out of 10,0 out of 9,5 out of 10
2026,050380,GOOD SAMARITAN HOSPITAL,2425 SAMARITAN DRIVE,SAN JOSE,CA,95124,SANTA CLARA,0.985942,0.825546,1.003699,1.021728,0 out of 10,0 out of 9,0 out of 10
2026,050382,EMANATE HEALTH INTER-COMMUNITY HOSPITAL,210 W  SAN BERNARDINO ROAD,COVINA,CA,91723,LOS ANGELES,0.985942,0.825546,1.161529,1.185623,0 out of 10,0 out of 9,0 out of 10
2026,050390,HEMET GLOBAL MEDICAL CENTER,1117 EAST DEVONSHIRE,HEMET,CA,92543,RIVERSIDE,0.985942,0.825546,1.027307,1.101689,0 out of 10,0 out of 9,0 out of 10
2026,050394,COMMUNITY MEMORIAL HOSPITAL - VENTURA,147 NORTH BRENT STREET,VENTURA,CA,93003,VENTURA,0.985942,0.825546,1.018508,1.005969,0 out of 10,0 out of 9,0 out of 10
2026,050396,SANTA BARBARA COTTAGE HOSPITAL,400 WEST PUEBLO,SANTA BARBARA,CA,93105,SANTA BARBARA,0.985942,0.825546,1.012647,1.010742,0 out of 10,0 out of 9,0 out of 10
2026,050407,CHINESE HOSPITAL,845 JACKSON ST,SAN FRANCISCO,CA,94133,SAN FRANCISCO,0.985942,0.825546,0.861992,0.905104,5 out of 10,0 out of 9,5 out of 10
2026,050411,KAISER FOUNDATION HOSPITAL - SOUTH BAY,25825 SOUTH VERMONT AVENUE,HARBOR CITY,CA,90710,LOS ANGELES,0.985942,0.825546,0.789581,0.967695,2 out of 10,0 out of 9,2 out of 10
2026,050414,MERCY HOSPITAL OF FOLSOM,1650 CREEKSIDE DRIVE,FOLSOM,CA,95630,SACRAMENTO,0.985942,0.825546,0.929173,0.938513,3 out of 10,0 out of 9,3 out of 10
2026,050417,SUTTER COAST HOSPITAL,800 E WASHINGTON BLVD,CRESCENT CITY,CA,95531,DEL NORTE,0.985942,0.825546,0.929737,0.931193,4 out of 10,0 out of 9,4 out of 10
2026,050424,SCRIPPS GREEN HOSPITAL,10666 NORTH TORREY PINES ROAD,LA JOLLA,CA,92037,SAN DIEGO,0.985942,0.825546,0.936226,0.926506,4 out of 10,0 out of 9,4 out of 10
2026,050425,KAISER FOUNDATION HOSPITAL - SACRAMENTO,2025 MORSE AVENUE,SACRAMENTO,CA,95825,SACRAMENTO,0.985942,0.825546,0.983965,0.963622,2 out of 10,1 out of 9,2 out of 10
2026,050426,WEST ANAHEIM MEDICAL CENTER,3033 W ORANGE AVENUE,ANAHEIM,CA,92804,ORANGE,0.985942,0.825546,1.143411,1.241975,0 out of 10,0 out of 9,0 out of 10
2026,050438,HUNTINGTON HOSPITAL,100 W  CALIFORNIA BLVD,PASADENA,CA,91109,LOS ANGELES,0.985942,0.825546,0.988916,1.032985,0 out of 10,0 out of 9,0 out of 10
2026,050441,STANFORD HEALTH CARE,300 PASTEUR DRIVE,STANFORD,CA,94305,SANTA CLARA,0.985942,0.825546,0.994192,0.993926,0 out of 10,0 out of 9,0 out of 10
2026,050444,MERCY MEDICAL CENTER,333 MERCY AVENUE,MERCED,CA,95340,MERCED,0.985942,0.825546,0.934083,0.932197,4 out of 10,0 out of 9,4 out of 10
2026,050454,UCSF MEDICAL CENTER,"505 PARNASSUS AVE, BOX 0296",SAN FRANCISCO,CA,94143,SAN FRANCISCO,0.985942,0.825546,0.981818,0.974139,1 out of 10,0 out of 9,1 out of 10
2026,050455,ADVENTIST HEALTH BAKERSFIELD,2615 CHESTER AVENUE,BAKERSFIELD,CA,93301,KERN,0.985942,0.825546,1.054886,1.082638,0 out of 10,0 out of 9,0 out of 10
2026,050457,UCSF HEALTH ST. MARY'S HOSPITAL,450 STANYAN ST,SAN FRANCISCO,CA,94117,SAN FRANCISCO,0.985942,0.825546,0.926039,0.976111,1 out of 10,0 out of 9,1 out of 10
2026,050464,DOCTORS MEDICAL CENTER,1441 FLORIDA AVENUE,MODESTO,CA,95350,STANISLAUS,0.985942,0.825546,1.001208,1.026105,0 out of 10,0 out of 9,0 out of 10
2026,050468,MEMORIAL HOSPITAL OF GARDENA,1145 W REDONDO BEACH BLVD,GARDENA,CA,90247,LOS ANGELES,0.985942,0.825546,1.148019,1.078411,0 out of 10,2 out of 9,2 out of 10
2026,050481,UCLA WEST VALLEY MEDICAL CENTER,7300 MEDICAL CENTER DR,WEST HILLS,CA,91307,LOS ANGELES,0.985942,0.825546,1.041025,1.083651,0 out of 10,0 out of 9,0 out of 10
2026,050485,MEMORIALCARE LONG BEACH MEDICAL CENTER,2801 ATLANTIC AVE,LONG BEACH,CA,90806,LOS ANGELES,0.985942,0.825546,1.052041,1.091534,0 out of 10,0 out of 9,0 out of 10
2026,050488,EDEN MEDICAL CENTER,20103 LAKE CHABOT ROAD,CASTRO VALLEY,CA,94546,ALAMEDA,0.985942,0.825546,1.018719,1.064179,0 out of 10,0 out of 9,0 out of 10
2026,050492,CLOVIS COMMUNITY MEDICAL CENTER,2755 HERNDON AVE,CLOVIS,CA,93611,FRESNO,0.985942,0.825546,1.027414,1.047772,0 out of 10,0 out of 9,0 out of 10
2026,050496,JOHN MUIR MEDICAL CENTER - CONCORD CAMPUS,2540 EAST ST,CONCORD,CA,94520,CONTRA COSTA,0.985942,0.825546,0.987558,0.985858,1 out of 10,0 out of 9,1 out of 10
2026,050498,SUTTER AUBURN FAITH HOSPITAL,11815 EDUCATION STREET,AUBURN,CA,95603,PLACER,0.985942,0.825546,0.866415,0.911301,5 out of 10,0 out of 9,5 out of 10
2026,050503,SCRIPPS MEMORIAL HOSPITAL - ENCINITAS,354 SANTA FE DRIVE,ENCINITAS,CA,92024,SAN DIEGO,0.985942,0.825546,0.932409,0.935962,3 out of 10,0 out of 9,3 out of 10
2026,050506,ADVENTIST HEALTH SIERRA VISTA,1010 MURRAY ST,SAN LUIS OBISPO,CA,93405,SAN LUIS OBISPO,0.985942,0.825546,0.988131,0.962408,2 out of 10,1 out of 9,2 out of 10
2026,050510,KAISER FOUNDATION HOSPITAL,99 MONTECILLO RD,SAN RAFAEL,CA,94903,MARIN,0.985942,0.825546,1.006743,0.925163,4 out of 10,4 out of 9,4 out of 10
2026,050512,KAISER FOUNDATION HOSPITAL - FREMONT,39400 PASEO PADRE PKWY,FREMONT,CA,94538,ALAMEDA,0.985942,0.825546,0.864633,0.822642,10 out of 10,9 out of 9,10 out of 10
2026,050515,KAISER FOUNDATION HOSPITAL - SAN DIEGO,4647 ZION AVE,SAN DIEGO,CA,92120,SAN DIEGO,0.985942,0.825546,0.841546,0.857437,8 out of 10,0 out of 9,8 out of 10
2026,050516,MERCY SAN JUAN MEDICAL CENTER,6501 COYLE AVE,CARMICHAEL,CA,95608,SACRAMENTO,0.985942,0.825546,0.946325,0.989577,0 out of 10,0 out of 9,0 out of 10
2026,050517,VICTOR VALLEY GLOBAL MEDICAL CENTER,15248 11TH ST,VICTORVILLE,CA,92395,SAN BERNARDINO,0.985942,0.825546,0.941596,1.210637,0 out of 10,0 out of 9,0 out of 10
2026,050523,SUTTER DELTA MEDICAL CENTER,3901 LONE TREE WAY,ANTIOCH,CA,94509,CONTRA COSTA,0.985942,0.825546,1.028120,0.981189,1 out of 10,2 out of 9,2 out of 10
2026,050526,HUNTINGTON BEACH HOSPITAL,17772 BEACH BLVD,HUNTINGTON BEACH,CA,92647,ORANGE,0.985942,0.825546,1.117745,1.254801,0 out of 10,0 out of 9,0 out of 10
2026,050528,MEMORIAL HOSPITAL LOS BANOS,520 WEST I ST,LOS BANOS,CA,93635,MERCED,0.985942,0.825546,0.916209,0.946006,3 out of 10,0 out of 9,3 out of 10
2026,050534,JOHN F KENNEDY MEMORIAL HOSPITAL,47111 MONROE STREET,INDIO,CA,92201,RIVERSIDE,0.985942,0.825546,0.923297,0.951727,2 out of 10,0 out of 9,2 out of 10
2026,050537,SUTTER DAVIS HOSPITAL,2000 SUTTER PLACE,DAVIS,CA,95616,YOLO,0.985942,0.825546,0.849118,0.877089,7 out of 10,0 out of 9,7 out of 10
2026,050541,KAISER FOUNDATION HOSPITAL - REDWOOD CITY,1100 VETERANS BOULEVARD,REDWOOD CITY,CA,94063,SAN MATEO,0.985942,0.825546,0.955239,0.935102,3 out of 10,1 out of 9,3 out of 10
2026,050549,LOS ROBLES HOSPITAL & MEDICAL CENTER,215 W JANSS RD,THOUSAND OAKS,CA,91360,VENTURA,0.985942,0.825546,1.008106,1.032205,0 out of 10,0 out of 9,0 out of 10
2026,050551,UCI HEALTH - LOS ALAMITOS,3751 KATELLA AVENUE,LOS ALAMITOS,CA,90720,ORANGE,0.985942,0.825546,1.027717,1.047262,0 out of 10,0 out of 9,0 out of 10
2026,050557,MEMORIAL MEDICAL CENTER,1700 COFFEE RD,MODESTO,CA,95355,STANISLAUS,0.985942,0.825546,0.967597,0.961400,2 out of 10,0 out of 9,2 out of 10
2026,050561,KAISER FOUNDATION HOSPITAL - WEST LA,6041 CADILLAC AVE,LOS ANGELES,CA,90034,LOS ANGELES,0.985942,0.825546,1.074401,1.050287,0 out of 10,0 out of 9,0 out of 10
2026,050567,PROVIDENCE MISSION HOSPITAL,27700 MEDICAL CENTER RD,MISSION VIEJO,CA,92691,ORANGE,0.985942,0.825546,0.984018,1.007707,0 out of 10,0 out of 9,0 out of 10
2026,050570,UCI HEALTH - FOUNTAIN VALLEY,17100 EUCLID STREET,FOUNTAIN VALLEY,CA,92708,ORANGE,0.985942,0.825546,1.086526,1.129740,0 out of 10,0 out of 9,0 out of 10
2026,050573,EISENHOWER MEDICAL CENTER,39-000 BOB HOPE DRIVE,RANCHO MIRAGE,CA,92270,RIVERSIDE,0.985942,0.825546,0.959829,0.980260,1 out of 10,0 out of 9,1 out of 10
2026,050580,LA PALMA INTERCOMMUNITY HOSPITAL,7901 WALKER STREET,LA PALMA,CA,90623,ORANGE,0.985942,0.825546,1.050538,1.213924,0 out of 10,0 out of 9,0 out of 10
2026,050581,UCI HEALTH-LAKEWOOD,3700 SOUTH ST,LAKEWOOD,CA,90712,LOS ANGELES,0.985942,0.825546,1.091034,1.164490,0 out of 10,0 out of 9,0 out of 10
2026,050586,CHINO VALLEY MEDICAL CENTER,5451 WALNUT AVE,CHINO,CA,91710,SAN BERNARDINO,0.985942,0.825546,0.953371,1.032523,0 out of 10,0 out of 9,0 out of 10
2026,050588,SAN DIMAS COMMUNITY HOSPITAL,1350 W COVINA BLVD,SAN DIMAS,CA,91773,LOS ANGELES,0.985942,0.825546,1.062935,1.161513,0 out of 10,0 out of 9,0 out of 10
2026,050589,UCI HEALTH-PLACENTIA LINDA,1301 N ROSE DRIVE,PLACENTIA,CA,92870,ORANGE,0.985942,0.825546,1.072048,1.109749,0 out of 10,0 out of 9,0 out of 10
2026,050590,METHODIST HOSPITAL OF SACRAMENTO,7500 HOSPITAL DRIVE,SACRAMENTO,CA,95823,SACRAMENTO,0.985942,0.825546,0.944620,0.938597,3 out of 10,0 out of 9,3 out of 10
2026,050597,EMANATE HEALTH FOOTHILL PRESBYTERIAN HOSPITAL,250 S GRAND AVE,GLENDORA,CA,91740,LOS ANGELES,0.985942,0.825546,1.216319,1.182525,0 out of 10,0 out of 9,0 out of 10
2026,050599,UNIVERSITY OF CALIFORNIA DAVIS MEDICAL CENTER,2315 STOCKTON BOULEVARD,SACRAMENTO,CA,95817,SACRAMENTO,0.985942,0.825546,0.981396,0.993964,0 out of 10,0 out of 9,0 out of 10
2026,050603,MEMORIALCARE SADDLEBACK MEDICAL CENTER,24451 HEALTH CENTER DRIVE,LAGUNA HILLS,CA,92653,ORANGE,0.985942,0.825546,1.029462,1.034611,0 out of 10,0 out of 9,0 out of 10
2026,050604,KAISER FOUNDATION HOSPITAL-SAN JOSE,250 HOSPITAL PARKWAY,SAN JOSE,CA,95119,SANTA CLARA,0.985942,0.825546,0.883531,0.888437,6 out of 10,0 out of 9,6 out of 10
2026,050608,ADVENTIST HEALTH DELANO,1401 GARCES HIGHWAY,DELANO,CA,93215,KERN,0.985942,0.825546,0.978434,0.912598,5 out of 10,4 out of 9,5 out of 10
2026,050609,KAISER FOUNDATION HOSPITAL - ORANGE COUNTY - ANAHEIM,3440 E LA PALMA AVE,ANAHEIM,CA,92806,ORANGE,0.985942,0.825546,0.926462,0.867639,7 out of 10,5 out of 9,7 out of 10
2026,050624,HENRY MAYO NEWHALL  HOSPITAL,23845  MCBEAN PKWY,VALENCIA,CA,91355,LOS ANGELES,0.985942,0.825546,1.066730,1.030164,0 out of 10,1 out of 9,1 out of 10
2026,050625,CEDARS-SINAI MEDICAL CENTER,8700 BEVERLY BLVD,LOS ANGELES,CA,90048,LOS ANGELES,0.985942,0.825546,1.058914,1.052397,0 out of 10,0 out of 9,0 out of 10
2026,050633,ADVENTIST HEALTH TWIN CITIES,1100 LAS TABLAS RD,TEMPLETON,CA,93465,SAN LUIS OBISPO,0.985942,0.825546,0.933981,0.934037,3 out of 10,0 out of 9,3 out of 10
2026,050636,PALOMAR MEDICAL CENTER POWAY,15615 POMERADO ROAD,POWAY,CA,92064,SAN DIEGO,0.985942,0.825546,0.975046,1.081954,0 out of 10,0 out of 9,0 out of 10
2026,050641,EAST LOS ANGELES DOCTORS HOSPITAL,4060 WHITTIER BLVD,LOS ANGELES,CA,90023,LOS ANGELES,0.985942,0.825546,1.038805,1.148189,0 out of 10,0 out of 9,0 out of 10
2026,050663,LOS ANGELES COMMUNITY HOSPITAL,4081 E OLYMPIC BLVD,LOS ANGELES,CA,90023,LOS ANGELES,0.985942,0.825546,1.253208,1.399227,0 out of 10,0 out of 9,0 out of 10
2026,050674,KAISER FOUNDATION HOSP SO SACRAMENTO,6600 BRUCEVILLE ROAD,SACRAMENTO,CA,95823,SACRAMENTO,0.985942,0.825546,0.931258,0.943276,3 out of 10,0 out of 9,3 out of 10
2026,050677,KAISER FOUNDATION HOSPITAL - WOODLAND HILLS,5601 DE SOTO AVENUE,WOODLAND HILLS,CA,91367,LOS ANGELES,0.985942,0.825546,1.065324,0.972311,1 out of 10,3 out of 9,3 out of 10
2026,050678,MEMORIALCARE ORANGE COAST MEDICAL CENTER,9920 TALBERT AVENUE,FOUNTAIN VALLEY,CA,92708,ORANGE,0.985942,0.825546,1.009974,1.050239,0 out of 10,0 out of 9,0 out of 10
2026,050684,MENIFEE GLOBAL MEDICAL CENTER,28400 MCCALL BOULEVARD,SUN CITY,CA,92585,RIVERSIDE,0.985942,0.825546,0.995704,1.121461,0 out of 10,0 out of 9,0 out of 10
2026,050686,"KAISER FOUNDATION HOSPITAL, RIVERSIDE",10800 MAGNOLIA AVENUE,RIVERSIDE,CA,92505,RIVERSIDE,0.985942,0.825546,1.044257,1.010982,0 out of 10,1 out of 9,1 out of 10
2026,050689,SAN RAMON REGIONAL MEDICAL CENTER,6001 NORRIS CANYON ROAD,SAN RAMON,CA,94583,CONTRA COSTA,0.985942,0.825546,0.999375,0.975564,1 out of 10,1 out of 9,1 out of 10
2026,050690,KAISER FOUNDATION HOSPITAL-SANTA ROSA,401 BICENTENNIAL WAY,SANTA ROSA,CA,95403,SONOMA,0.985942,0.825546,0.857728,0.863117,7 out of 10,0 out of 9,7 out of 10
2026,050696,KECK HOSPITAL OF USC,1500 SAN PABLO STREET,LOS ANGELES,CA,90033,LOS ANGELES,0.985942,0.825546,1.005129,0.984538,1 out of 10,1 out of 9,1 out of 10
2026,050701,SOUTHWEST HEALTHCARE RANCHO SPRINGS HOSPITAL,25500 MEDICAL CENTER DRIVE,MURRIETA,CA,92562,RIVERSIDE,0.985942,0.825546,0.970219,1.017795,0 out of 10,0 out of 9,0 out of 10
2026,050704,MISSION COMMUNITY HOSPITAL,14850 ROSCOE BLVD,PANORAMA CITY,CA,91402,LOS ANGELES,0.985942,0.825546,1.163286,1.308951,0 out of 10,0 out of 9,0 out of 10
2026,050709,DESERT VALLEY HOSPITAL,16850 BEAR VALLEY RD,VICTORVILLE,CA,92395,SAN BERNARDINO,0.985942,0.825546,0.935186,0.942917,3 out of 10,0 out of 9,3 out of 10
2026,050710,KAISER FOUNDATION HOSPITAL - FRESNO,7300 NORTH FRESNO ST,FRESNO,CA,93720,FRESNO,0.985942,0.825546,0.879246,0.836399,9 out of 10,7 out of 9,9 out of 10
2026,050717,LAC/RANCHO LOS AMIGOS NATIONAL REHABILITATION  CTR,7601 EAST IMPERIAL HIGHWAY,DOWNEY,CA,90242,LOS ANGELES,0.985942,0.825546,1.043729,1.042885,0 out of 10,0 out of 9,0 out of 10
2026,050723,KAISER FOUNDATION HOSPITAL - BALDWIN PARK,1011 BALDWIN PARK BLVD,BALDWIN PARK,CA,91706,LOS ANGELES,0.985942,0.825546,0.986440,0.981118,1 out of 10,0 out of 9,1 out of 10
2026,050735,WHITTIER HOSPITAL MEDICAL CENTER,9080 COLIMA RD,WHITTIER,CA,90605,LOS ANGELES,0.985942,0.825546,1.161677,1.347785,0 out of 10,0 out of 9,0 out of 10
2026,050736,MONTEREY PARK HOSPITAL,900 S ATLANTIC BLVD,MONTEREY PARK,CA,91754,LOS ANGELES,0.985942,0.825546,1.063993,1.078361,0 out of 10,0 out of 9,0 out of 10
2026,050737,GARFIELD MEDICAL CENTER,525 N GARFIELD AVE,MONTEREY PARK,CA,91754,LOS ANGELES,0.985942,0.825546,1.107940,1.185554,0 out of 10,0 out of 9,0 out of 10
2026,050739,CENTINELA HOSPITAL MEDICAL CENTER,555 EAST HARDY STREET,INGLEWOOD,CA,90301,LOS ANGELES,0.985942,0.825546,1.045737,1.105102,0 out of 10,0 out of 9,0 out of 10
2026,050740,CEDAR-SINAI MARINA DEL REY HOSPITAL,4650 LINCOLN BLVD,MARINA DEL REY,CA,90292,LOS ANGELES,0.985942,0.825546,1.083216,1.027716,0 out of 10,2 out of 9,2 out of 10
2026,050745,CHAPMAN GLOBAL MEDICAL CENTER,2601 E CHAPMAN AVE,ORANGE,CA,92869,ORANGE,0.985942,0.825546,1.218531,1.419200,0 out of 10,0 out of 9,0 out of 10
2026,050746,ORANGE COUNTY GLOBAL MEDICAL CENTER,1001 NORTH TUSTIN AVENUE,SANTA ANA,CA,92705,ORANGE,0.985942,0.825546,1.098705,1.051381,0 out of 10,1 out of 9,1 out of 10
2026,050748,KAISER FOUNDATION HOSPITAL MANTECA,1777 WEST YOSEMITE AVE,MANTECA,CA,95337,SAN JOAQUIN,0.985942,0.825546,0.927892,0.952207,2 out of 10,0 out of 9,2 out of 10
2026,050755,SHERMAN OAKS HOSPITAL,4929 VAN NUYS BLVD,SHERMAN OAKS,CA,91403,LOS ANGELES,0.985942,0.825546,1.146583,1.190361,0 out of 10,0 out of 9,0 out of 10
2026,050758,MONTCLAIR HOSPITAL MEDICAL CENTER,5000 SAN BERNARDINO ROAD,MONTCLAIR,CA,91763,SAN BERNARDINO,0.985942,0.825546,0.944317,1.236324,0 out of 10,0 out of 9,0 out of 10
2026,050760,KAISER FOUNDATION HOSPITAL - ANTIOCH,4501 SAND CREEK ROAD,ANTIOCH,CA,94531,CONTRA COSTA,0.985942,0.825546,0.897044,0.964586,2 out of 10,0 out of 9,2 out of 10
2026,050761,PROVIDENCE CEDARS SINAI TARZANA MEDICAL CENTER,18321 CLARK STREET,TARZANA,CA,91356,LOS ANGELES,0.985942,0.825546,1.031576,1.034172,0 out of 10,0 out of 9,0 out of 10
2026,050763,L A DOWNTOWN MEDICAL CENTER,1711 WEST TEMPLE STREET,LOS ANGELES,CA,90026,LOS ANGELES,0.985942,0.825546,1.319156,1.305551,0 out of 10,0 out of 9,0 out of 10
2026,050764,SHASTA REGIONAL MEDICAL CENTER,1100 BUTTE ST,REDDING,CA,96001,SHASTA,0.985942,0.825546,0.917831,0.921886,4 out of 10,0 out of 9,4 out of 10
2026,050767,KAISER FOUNDATION HOSPITAL - VACAVILLE,1 QUALITY DRIVE,VACAVILLE,CA,95688,SOLANO,0.985942,0.825546,0.951948,0.872293,7 out of 10,6 out of 9,7 out of 10
2026,050770,LOMA LINDA UNIVERSITY MEDICAL CENTER-MURRIETA,28062 BAXTER ROAD,MURRIETA,CA,92563,RIVERSIDE,0.985942,0.825546,1.030648,1.066040,0 out of 10,0 out of 9,0 out of 10
2026,050771,COAST PLAZA HOSPITAL,13100 STUDERBAKER ROAD,NORWALK,CA,90650,LOS ANGELES,0.985942,0.825546,1.225968,1.344610,0 out of 10,0 out of 9,0 out of 10
2026,050772,KAISER FOUNDATION HOSPITAL - ROSEVILLE,1600 EUREKA ROAD,ROSEVILLE,CA,95661,PLACER,0.985942,0.825546,0.847633,0.847511,8 out of 10,0 out of 9,8 out of 10
2026,050775,TEMECULA VALLEY HOSPITAL,31700 TEMECULA PKWY,TEMECULA,CA,92592,RIVERSIDE,0.985942,0.825546,1.009490,1.036368,0 out of 10,0 out of 9,0 out of 10
2026,050776,COLLEGE MEDICAL CENTER,2776 PACIFIC AVENUE,LONG BEACH,CA,90806,LOS ANGELES,0.985942,0.825546,1.195069,1.361240,0 out of 10,0 out of 9,0 out of 10
2026,050777,KAISER FOUNDATION HOSPITAL - SAN LEANDRO,2500 MERCED STREET,SAN LEANDRO,CA,94577,ALAMEDA,0.985942,0.825546,0.878457,0.985250,1 out of 10,0 out of 9,1 out of 10
2026,050779,"MARTIN LUTHER KING, JR. COMMUNITY HOSPITAL",1680 EAST 120TH STREET,LOS ANGELES,CA,90059,LOS ANGELES,0.985942,0.825546,0.946218,0.931734,4 out of 10,1 out of 9,4 out of 10
2026,050780,FOOTHILL REGIONAL MEDICAL CENTER,14662 NEWPORT AVE,TUSTIN,CA,92780,ORANGE,0.985942,0.825546,1.257225,1.409189,0 out of 10,0 out of 9,0 out of 10
2026,050782,CASA COLINA HOSPITAL,255 E BONITA AVE,POMONA,CA,91767,LOS ANGELES,0.985942,0.825546,1.112682,1.108846,0 out of 10,0 out of 9,0 out of 10
2026,050783,COLUSA MEDICAL CENTER,199 E WEBSTER STREET,COLUSA,CA,95932,COLUSA,0.985942,0.825546,0.988899,0.895114,6 out of 10,5 out of 9,6 out of 10
2026,050784,ADVENTIST HEALTH TULARE,869 NORTH CHERRY STREET,TULARE,CA,93274,TULARE,0.985942,0.825546,0.970914,0.990078,0 out of 10,0 out of 9,0 out of 10
2026,050855,KAISER FOUNDATION HOSPITAL - SAN MARCOS,360 RUSH DR,SAN MARCOS,CA,92078,SAN DIEGO,0.985942,0.825546,Not Available,0.870474,7 out of 10,Not Available,7 out of 10
2026,060001,BANNER NORTH COLORADO MEDICAL CENTER,1801 16TH ST,GREELEY,CO,80631,WELD,0.985942,0.825546,1.022141,1.067392,0 out of 10,0 out of 9,0 out of 10
2026,060003,LONGMONT UNITED HOSPITAL,1950 MOUNTAIN VIEW AVE,LONGMONT,CO,80501,BOULDER,0.985942,0.825546,1.000220,0.989089,0 out of 10,0 out of 9,0 out of 10
2026,060004,INTERMOUNTAIN HEALTH PLATTE VALLEY HOSPITAL,1600 PRAIRIE CENTER PKWY,BRIGHTON,CO,80601,ADAMS,0.985942,0.825546,0.957242,1.058657,0 out of 10,0 out of 9,0 out of 10
2026,060006,MONTROSE REGIONAL HEALTH,800 S 3RD ST,MONTROSE,CO,81401,MONTROSE,0.985942,0.825546,0.942651,0.959318,2 out of 10,0 out of 9,2 out of 10
2026,060009,LUTHERAN MEDICAL CENTER,8300 W 38TH AVE,WHEAT RIDGE,CO,80033,JEFFERSON,0.985942,0.825546,0.997577,0.991387,0 out of 10,0 out of 9,0 out of 10
2026,060010,POUDRE VALLEY HOSPITAL,1024 S LEMAY AVE,FORT COLLINS,CO,80524,LARIMER,0.985942,0.825546,0.979144,0.977712,1 out of 10,0 out of 9,1 out of 10
2026,060011,DENVER HEALTH & HOSPITAL AUTHORITY,777 BANNOCK ST,DENVER,CO,80204,DENVER,0.985942,0.825546,0.871910,0.898596,5 out of 10,0 out of 9,5 out of 10
2026,060012,ST MARY-CORWIN HOSPITAL,1008 MINNEQUA AVE,PUEBLO,CO,81004,PUEBLO,0.985942,0.825546,0.906076,0.916365,4 out of 10,0 out of 9,4 out of 10
2026,060013,MERCY REGIONAL MEDICAL CENTER,1010 THREE SPRINGS BLVD,DURANGO,CO,81301,LA PLATA,0.985942,0.825546,0.936639,0.899171,5 out of 10,3 out of 9,5 out of 10
2026,060014,HCA HEALTHONE PRESBYTERIAN ST LUKES,1719 E 19TH AVE,DENVER,CO,80218,DENVER,0.985942,0.825546,1.057122,1.020935,0 out of 10,1 out of 9,1 out of 10
2026,060015,CENTURA HEALTH-ST ANTHONY HOSPITAL,11600 W 2ND PL,LAKEWOOD,CO,80228,JEFFERSON,0.985942,0.825546,1.010781,1.034935,0 out of 10,0 out of 9,0 out of 10
2026,060020,"PARKVIEW MEDICAL CENTER, INC",400 W 16TH ST,PUEBLO,CO,81003,PUEBLO,0.985942,0.825546,0.944909,1.001361,0 out of 10,0 out of 9,0 out of 10
2026,060022,UCH-MEMORIAL HEALTH SYSTEM,1400 E BOULDER ST,COLORADO SPRINGS,CO,80909,EL PASO,0.985942,0.825546,1.026091,0.996103,0 out of 10,1 out of 9,1 out of 10
2026,060023,INTERMOUNTAIN HEALTH ST. MARY'S REGIONAL HOSPITAL,2635 N 7TH ST,GRAND JUNCTION,CO,81501,MESA,0.985942,0.825546,1.021034,1.035653,0 out of 10,0 out of 9,0 out of 10
2026,060024,UNIVERSITY OF COLORADO HOSPITAL AUTHORITY,12605 E 16TH AVE,AURORA,CO,80045,ADAMS,0.985942,0.825546,0.989316,0.955705,2 out of 10,2 out of 9,2 out of 10
2026,060027,BOULDER COMMUNITY HEALTH,4747 ARAPAHOE AVENUE,BOULDER,CO,80304,BOULDER,0.985942,0.825546,0.940745,0.930183,4 out of 10,0 out of 9,4 out of 10
2026,060028,SAINT JOSEPH HOSPITAL,1375 E 19TH AVE,DENVER,CO,80218,DENVER,0.985942,0.825546,0.996536,0.973913,1 out of 10,1 out of 9,1 out of 10
2026,060030,BANNER MCKEE MEDICAL CENTER,2000 BOISE AVE,LOVELAND,CO,80538,LARIMER,0.985942,0.825546,1.009012,0.956089,2 out of 10,2 out of 9,2 out of 10
2026,060031,CENTURA HEALTH-PENROSE ST FRANCIS HEALTH SERVICES,2222 N NEVADA AVE,COLORADO SPRINGS,CO,80907,EL PASO,0.985942,0.825546,0.990158,0.990515,0 out of 10,0 out of 9,0 out of 10
2026,060032,HCA HEALTHONE ROSE,4567 E 9TH AVE,DENVER,CO,80220,DENVER,0.985942,0.825546,1.004663,1.018996,0 out of 10,0 out of 9,0 out of 10
2026,060034,HCA-HEALTHONE DBA SWEDISH MEDICAL CENTER,501 E HAMPDEN AVE,ENGLEWOOD,CO,80113,ARAPAHOE,0.985942,0.825546,1.023907,1.092940,0 out of 10,0 out of 9,0 out of 10
2026,060044,ST ELIZABETH HOSPITAL,1000 LINCOLN ST,FORT MORGAN,CO,80701,MORGAN,0.985942,0.825546,1.063372,0.950641,2 out of 10,4 out of 9,4 out of 10
2026,060054,COMMUNITY HOSPITAL,2351 'G' RD,GRAND JUNCTION,CO,81505,MESA,0.985942,0.825546,0.949588,0.943552,3 out of 10,0 out of 9,3 out of 10
2026,060064,AdventHealth Porter,2525 S DOWNING ST,DENVER,CO,80210,DENVER,0.985942,0.825546,0.962294,0.938499,3 out of 10,1 out of 9,3 out of 10
2026,060065,HCA HEALTHONE MOUNTAIN RIDGE,9191 GRANT ST,THORNTON,CO,80229,ADAMS,0.985942,0.825546,1.042104,1.004323,0 out of 10,1 out of 9,1 out of 10
2026,060071,DELTA COUNTY MEMORIAL HOSPITAL,1501 E 3RD ST,DELTA,CO,81416,DELTA,0.985942,0.825546,0.960129,0.925885,4 out of 10,2 out of 9,4 out of 10
2026,060075,VALLEY VIEW HOSPITAL ASSOCIATION,1906 BLAKE AVE,GLENWOOD SPRINGS,CO,81601,GARFIELD,0.985942,0.825546,1.077684,1.003421,0 out of 10,2 out of 9,2 out of 10
2026,060076,STERLING REGIONAL MEDCENTER,615 FAIRHURST ST,STERLING,CO,80751,LOGAN,0.985942,0.825546,0.960577,0.875158,7 out of 10,6 out of 9,7 out of 10
2026,060096,VAIL HEALTH HOSPITAL,181 W MEADOW DR,VAIL,CO,81657,EAGLE,0.985942,0.825546,1.030173,0.913265,5 out of 10,5 out of 9,5 out of 10
2026,060100,THE MEDICAL CENTER OF AURORA & SOUTH HOSPITAL,1501 S POTOMAC ST,AURORA,CO,80012,ARAPAHOE,0.985942,0.825546,0.997410,1.025968,0 out of 10,0 out of 9,0 out of 10
2026,060103,ADVENTHEALTH AVISTA,100 HEALTH PARK DR,LOUISVILLE,CO,80027,BOULDER,0.985942,0.825546,0.991227,0.932442,4 out of 10,3 out of 9,4 out of 10
2026,060104,CENTURA HEALTH-ST ANTHONY NORTH HEALTH CAMPUS,14300 ORCHARD PKWY,WESTMINSTER,CO,80023,BROOMFIELD,0.985942,0.825546,0.947488,0.992183,0 out of 10,0 out of 9,0 out of 10
2026,060112,SKY RIDGE MEDICAL CENTER,10101 RIDGEGATE PKWY,LONE TREE,CO,80124,DOUGLAS,0.985942,0.825546,0.966267,1.052783,0 out of 10,0 out of 9,0 out of 10
2026,060113,AdventHealth Littleton,7700 S BROADWAY,LITTLETON,CO,80122,ARAPAHOE,0.985942,0.825546,0.961068,1.004307,0 out of 10,0 out of 9,0 out of 10
2026,060114,AdventHealth Parker,9395 CROWN CREST BLVD,PARKER,CO,80138,DOUGLAS,0.985942,0.825546,0.973693,0.929096,4 out of 10,3 out of 9,4 out of 10
2026,060116,GOOD SAMARITAN MEDICAL CENTER LLC,200 EXEMPLA CIR,LAFAYETTE,CO,80026,BOULDER,0.985942,0.825546,1.010011,0.989125,0 out of 10,1 out of 9,1 out of 10
2026,060118,ST ANTHONY SUMMIT MEDICAL CENTER,340 PEAK ONE DRIVE,FRISCO,CO,80443,SUMMIT,0.985942,0.825546,0.814119,0.849455,8 out of 10,0 out of 9,8 out of 10
2026,060119,MEDICAL CENTER OF THE ROCKIES,2500 ROCKY MOUNTAIN AVE,LOVELAND,CO,80538,LARIMER,0.985942,0.825546,1.028774,1.010791,0 out of 10,0 out of 9,0 out of 10
2026,060125,ADVENTHEALTH CASTLE ROCK,2350 MEADOWS BLVD,CASTLE ROCK,CO,80109,DOUGLAS,0.985942,0.825546,0.948599,0.940991,3 out of 10,0 out of 9,3 out of 10
2026,060128,LONGS PEAK HOSPITAL,1750 E KEN PRATT BLVD,LONGMONT,CO,80504,BOULDER,0.985942,0.825546,1.033017,0.976360,1 out of 10,2 out of 9,2 out of 10
2026,060131,UCHEALTH GREELEY HOSPITAL,6767 W 29TH ST,GREELEY,CO,80634,WELD,0.985942,0.825546,1.017189,1.034000,0 out of 10,0 out of 9,0 out of 10
2026,060132,UCHEALTH HIGHLANDS RANCH HOSPITAL,1500 PARK CENTRAL DR,HIGHLANDS RANCH,CO,80129,DOUGLAS,0.985942,0.825546,0.989532,0.960295,2 out of 10,1 out of 9,2 out of 10
2026,070003,DAY KIMBALL HOSPITAL,320 POMFRET STREET,PUTNAM,CT,06260,WINDHAM,0.985942,0.825546,0.973191,1.047832,0 out of 10,0 out of 9,0 out of 10
2026,070004,SHARON HOSPITAL,50 HOSPITAL HILL ROAD,SHARON,CT,06069,LITCHFIELD,0.985942,0.825546,0.962918,0.901325,5 out of 10,4 out of 9,5 out of 10
2026,070005,WATERBURY HOSPITAL,64 ROBBINS ST,WATERBURY,CT,06721,NEW HAVEN,0.985942,0.825546,0.946302,1.024461,0 out of 10,0 out of 9,0 out of 10
2026,070006,STAMFORD HOSPITAL,ONE HOSPITAL PLAZA,STAMFORD,CT,06904,FAIRFIELD,0.985942,0.825546,1.041228,0.985127,1 out of 10,2 out of 9,2 out of 10
2026,070007,LAWRENCE & MEMORIAL HOSPITAL,365 MONTAUK AVE,NEW LONDON,CT,06320,NEW LONDON,0.985942,0.825546,0.944748,0.967725,2 out of 10,0 out of 9,2 out of 10
2026,070008,JOHNSON MEMORIAL HOSPITAL,201 CHESTNUT HILL ROAD,STAFFORD SPRINGS,CT,06076,TOLLAND,0.985942,0.825546,0.997832,0.928661,4 out of 10,4 out of 9,4 out of 10
2026,070010,BRIDGEPORT HOSPITAL,267 GRANT STREET,BRIDGEPORT,CT,06610,FAIRFIELD,0.985942,0.825546,0.997371,0.984447,1 out of 10,0 out of 9,1 out of 10
2026,070011,CHARLOTTE HUNGERFORD HOSPITAL,540 LITCHFIELD ST,TORRINGTON,CT,06790,LITCHFIELD,0.985942,0.825546,1.030738,0.946314,3 out of 10,4 out of 9,4 out of 10
2026,070016,SAINT MARY'S HOSPITAL,56 FRANKLIN STREET,WATERBURY,CT,06706,NEW HAVEN,0.985942,0.825546,1.012032,1.003784,0 out of 10,0 out of 9,0 out of 10
2026,070017,MIDSTATE MEDICAL CENTER,435 LEWIS AVENUE,MERIDEN,CT,06450,NEW HAVEN,0.985942,0.825546,0.984785,0.992287,0 out of 10,0 out of 9,0 out of 10
2026,070018,GREENWICH HOSPITAL ASSOCIATION -,5 PERRYRIDGE RD,GREENWICH,CT,06830,FAIRFIELD,0.985942,0.825546,0.972717,0.944193,3 out of 10,1 out of 9,3 out of 10
2026,070020,MIDDLESEX HOSPITAL,28 CRESCENT ST,MIDDLETOWN,CT,06457,MIDDLESEX,0.985942,0.825546,1.001201,0.954283,2 out of 10,2 out of 9,2 out of 10
2026,070021,WINDHAM COMMUNITY MEMORIAL HOSPITAL,112 MANSFIELD AVENUE,WILLIMANTIC,CT,06226,WINDHAM,0.985942,0.825546,0.930854,0.936785,3 out of 10,0 out of 9,3 out of 10
2026,070024,WILLIAM W BACKUS HOSPITAL,326 WASHINGTON ST,NORWICH,CT,06360,NEW LONDON,0.985942,0.825546,0.963511,0.957287,2 out of 10,0 out of 9,2 out of 10
2026,070025,HARTFORD HOSPITAL,80 SEYMOUR STREET,HARTFORD,CT,06102,HARTFORD,0.985942,0.825546,1.032731,1.007624,0 out of 10,1 out of 9,1 out of 10
2026,070027,MANCHESTER MEMORIAL HOSPITAL,71 HAYNES ST,MANCHESTER,CT,06040,HARTFORD,0.985942,0.825546,0.956984,0.968407,1 out of 10,0 out of 9,1 out of 10
2026,070028,ST VINCENT'S MEDICAL CENTER,2800 MAIN ST,BRIDGEPORT,CT,06606,FAIRFIELD,0.985942,0.825546,1.046174,1.013226,0 out of 10,1 out of 9,1 out of 10
2026,070029,BRISTOL HOSPITAL,41 BREWSTER RD,BRISTOL,CT,06010,HARTFORD,0.985942,0.825546,1.049763,1.039270,0 out of 10,0 out of 9,0 out of 10
2026,070031,GRIFFIN HOSPITAL,130 DIVISION ST,DERBY,CT,06418,NEW HAVEN,0.985942,0.825546,1.007145,0.944801,3 out of 10,3 out of 9,3 out of 10
2026,070033,DANBURY HOSPITAL,24 HOSPITAL AVE,DANBURY,CT,06810,FAIRFIELD,0.985942,0.825546,0.979726,1.010477,0 out of 10,0 out of 9,0 out of 10
2026,070034,NORWALK HOSPITAL,24 STEVENS STREET,NORWALK,CT,06856,FAIRFIELD,0.985942,0.825546,1.016645,0.981859,1 out of 10,1 out of 9,1 out of 10
2026,070035,THE HOSPITAL OF CENTRAL CONNECTICUT,100 GRAND STREET,NEW BRITAIN,CT,06050,HARTFORD,0.985942,0.825546,1.055280,1.025862,0 out of 10,1 out of 9,1 out of 10
2026,070036,JOHN DEMPSEY HOSPITAL OF THE UNIVERSITY OF CONNECT,263 FARMINGTON AVE,FARMINGTON,CT,06032,HARTFORD,0.985942,0.825546,1.013045,0.977238,1 out of 10,1 out of 9,1 out of 10
2026,080001,CHRISTIANA HOSPITAL,4755 OGLETOWN-STANTON ROAD,NEWARK,DE,19718,NEW CASTLE,0.985942,0.825546,1.042514,1.035955,0 out of 10,0 out of 9,0 out of 10
2026,080003,ST FRANCIS HOSPITAL,7TH AND CLAYTON STS,WILMINGTON,DE,19805,NEW CASTLE,0.985942,0.825546,0.996830,1.006442,0 out of 10,0 out of 9,0 out of 10
2026,080004,"BAYHEALTH MEDICAL CENTER, KENT CAMPUS",640 S STATE STREET,DOVER,DE,19901,KENT,0.985942,0.825546,1.041989,1.047346,0 out of 10,0 out of 9,0 out of 10
2026,080006,"TIDALHEALTH NANTICOKE, INC.",801 MIDDLEFORD RD,SEAFORD,DE,19973,SUSSEX,0.985942,0.825546,1.018376,1.026182,0 out of 10,0 out of 9,0 out of 10
2026,080007,BEEBE MEDICAL CENTER,424 SAVANNAH RD,LEWES,DE,19958,SUSSEX,0.985942,0.825546,1.012124,1.003045,0 out of 10,0 out of 9,0 out of 10
2026,080009,"BAYHEALTH HOSPITAL, SUSSEX CAMPUS",100 WELLNESS WAY,MILFORD,DE,19963,SUSSEX,0.985942,0.825546,1.036733,1.010697,0 out of 10,1 out of 9,1 out of 10
2026,090001,GEORGE WASHINGTON UNIV HOSPITAL,900 23RD ST NW,WASHINGTON,DC,20037,DISTRICT OF COLUMBIA,0.985942,0.825546,0.992550,1.000202,0 out of 10,0 out of 9,0 out of 10
2026,090003,HOWARD UNIVERSITY HOSPITAL CORP,2041 GEORGIA AVE NW,WASHINGTON,DC,20060,DISTRICT OF COLUMBIA,0.985942,0.825546,1.031869,1.012147,0 out of 10,0 out of 9,0 out of 10
2026,090004,MEDSTAR GEORGETOWN UNIVERSITY HOSPITAL,3800 RESERVOIR RD,WASHINGTON,DC,20007,DISTRICT OF COLUMBIA,0.985942,0.825546,1.011726,1.006065,0 out of 10,0 out of 9,0 out of 10
2026,090005,SIBLEY MEMORIAL HOSPITAL,5255 LOUGHBORO RD NW,WASHINGTON,DC,20016,DISTRICT OF COLUMBIA,0.985942,0.825546,0.926698,0.945221,3 out of 10,0 out of 9,3 out of 10
2026,090011,MEDSTAR WASHINGTON HOSPITAL CENTER,110 IRVING STREET NW,WASHINGTON,DC,20010,DISTRICT OF COLUMBIA,0.985942,0.825546,0.999584,1.022809,0 out of 10,0 out of 9,0 out of 10
2026,100001,SHANDS JACKSONVILLE,655 W 8TH ST,JACKSONVILLE,FL,32209,DUVAL,0.985942,0.825546,0.991229,0.971412,1 out of 10,1 out of 9,1 out of 10
2026,100002,BETHESDA HOSPITAL EAST,2815 S SEACREST BLVD,BOYNTON BEACH,FL,33435,PALM BEACH,0.985942,0.825546,1.053704,1.041841,0 out of 10,0 out of 9,0 out of 10
2026,100006,ORLANDO HEALTH,52 W UNDERWOOD ST,ORLANDO,FL,32806,ORANGE,0.985942,0.825546,0.998434,1.008768,0 out of 10,0 out of 9,0 out of 10
2026,100007,ADVENTHEALTH ORLANDO,601 E ROLLINS ST,ORLANDO,FL,32803,ORANGE,0.985942,0.825546,0.981280,1.011338,0 out of 10,0 out of 9,0 out of 10
2026,100008,BAPTIST HOSPITAL OF MIAMI,8900 N KENDALL DR,MIAMI,FL,33176,MIAMI-DADE,0.985942,0.825546,1.068186,1.042467,0 out of 10,1 out of 9,1 out of 10
2026,100012,LEE MEMORIAL HOSPITAL,2776 CLEVELAND AVE,FORT MYERS,FL,33901,LEE,0.985942,0.825546,0.993538,0.964419,2 out of 10,1 out of 9,2 out of 10
2026,100014,ADVENTHEALTH NEW SMYRNA BEACH,401 PALMETTO ST,NEW SMYRNA BEACH,FL,32170,VOLUSIA,0.985942,0.825546,0.951594,0.983783,1 out of 10,0 out of 9,1 out of 10
2026,100017,HALIFAX HEALTH MEDICAL CENTER,303 N CLYDE MORRIS BLVD,DAYTONA BEACH,FL,32114,VOLUSIA,0.985942,0.825546,0.994512,1.040996,0 out of 10,0 out of 9,0 out of 10
2026,100018,NAPLES COMMUNITY HOSPITAL,350 7TH ST N,NAPLES,FL,34102,COLLIER,0.985942,0.825546,0.995074,1.031429,0 out of 10,0 out of 9,0 out of 10
2026,100019,HOLMES REGIONAL MEDICAL CENTER,1350 S HICKORY ST,MELBOURNE,FL,32901,BREVARD,0.985942,0.825546,1.075214,1.087508,0 out of 10,0 out of 9,0 out of 10
2026,100022,JACKSON HEALTH SYSTEM,1611 NW 12TH AVE,MIAMI,FL,33136,MIAMI-DADE,0.985942,0.825546,1.122010,1.141526,0 out of 10,0 out of 9,0 out of 10
2026,100023,HCA FLORIDA CITRUS HOSPITAL,502 W HIGHLAND BLVD,INVERNESS,FL,34452,CITRUS,0.985942,0.825546,0.930953,1.006903,0 out of 10,0 out of 9,0 out of 10
2026,100028,PARRISH MEDICAL CENTER,951 N WASHINGTON AVE,TITUSVILLE,FL,32796,BREVARD,0.985942,0.825546,1.009259,1.045573,0 out of 10,0 out of 9,0 out of 10
2026,100029,NORTH SHORE MEDICAL CENTER,1100 NW 95TH ST,MIAMI,FL,33150,MIAMI-DADE,0.985942,0.825546,1.132918,1.138256,0 out of 10,0 out of 9,0 out of 10
2026,100030,ORLANDO HEALTH-HEALTH CENTRAL HOSPITAL,10000 W COLONIAL DR,OCOEE,FL,34761,ORANGE,0.985942,0.825546,0.926375,0.985650,1 out of 10,0 out of 9,1 out of 10
2026,100032,ORLANDO HEALTH BAYFRONT HOSPITAL,701 6TH ST S,SAINT PETERSBURG,FL,33701,PINELLAS,0.985942,0.825546,1.081213,1.086844,0 out of 10,0 out of 9,0 out of 10
2026,100034,"MOUNT SINAI MEDICAL CENTER OF FLORIDA, INC",4300 ALTON RD,MIAMI BEACH,FL,33140,MIAMI-DADE,0.985942,0.825546,1.033358,1.027179,0 out of 10,0 out of 9,0 out of 10
2026,100035,MANATEE MEMORIAL HOSPITAL,206 2ND ST E,BRADENTON,FL,34208,MANATEE,0.985942,0.825546,1.026195,1.044164,0 out of 10,0 out of 9,0 out of 10
2026,100038,MEMORIAL REGIONAL HOSPITAL,3501 JOHNSON ST,HOLLYWOOD,FL,33021,BROWARD,0.985942,0.825546,1.063231,1.060608,0 out of 10,0 out of 9,0 out of 10
2026,100039,BROWARD HEALTH MEDICAL CENTER,1600 S ANDREWS AVE,FORT LAUDERDALE,FL,33316,BROWARD,0.985942,0.825546,1.105618,1.063723,0 out of 10,1 out of 9,1 out of 10
2026,100043,MEASE DUNEDIN HOSPITAL,601 MAIN ST,DUNEDIN,FL,34698,PINELLAS,0.985942,0.825546,1.024854,1.018314,0 out of 10,0 out of 9,0 out of 10
2026,100044,CLEVELAND CLINIC MARTIN NORTH HOSPITAL,200 SE HOSPITAL AVE,STUART,FL,34994,MARTIN,0.985942,0.825546,1.037962,1.029490,0 out of 10,0 out of 9,0 out of 10
2026,100045,ADVENTHEALTH DELAND,701 W PLYMOUTH AVE,DELAND,FL,32720,VOLUSIA,0.985942,0.825546,0.975540,1.016240,0 out of 10,0 out of 9,0 out of 10
2026,100046,Adventhealth Zephyrhills,7050 GALL BLVD,ZEPHYRHILLS,FL,33541,PASCO,0.985942,0.825546,0.917115,0.991729,0 out of 10,0 out of 9,0 out of 10
2026,100049,HCA FLORIDA HIGHLANDS HOSPITAL,3600 S HIGHLANDS AVE,SEBRING,FL,33870,HIGHLANDS,0.985942,0.825546,1.012170,1.011118,0 out of 10,0 out of 9,0 out of 10
2026,100050,LARKIN COMMUNITY HOSPITAL PALM SPRINGS CAMPUS,1475 W 49TH ST,HIALEAH,FL,33012,MIAMI-DADE,0.985942,0.825546,1.057482,1.279033,0 out of 10,0 out of 9,0 out of 10
2026,100051,ORLANDO HEALTH SOUTH LAKE HOSPITAL,1900 DON WICKHAM DR,CLERMONT,FL,34711,LAKE,0.985942,0.825546,0.938690,0.997378,0 out of 10,0 out of 9,0 out of 10
2026,100052,WINTER HAVEN HOSPITAL,200 AVE F NE,WINTER HAVEN,FL,33881,POLK,0.985942,0.825546,1.006459,1.010906,0 out of 10,0 out of 9,0 out of 10
2026,100053,HIALEAH HOSPITAL,651 E 25TH ST,HIALEAH,FL,33013,MIAMI-DADE,0.985942,0.825546,1.212813,1.192938,0 out of 10,0 out of 9,0 out of 10
2026,100054,HCA FLORIDA TWIN CITIES HOSPITAL,2190 HWY 85 N,NICEVILLE,FL,32578,OKALOOSA,0.985942,0.825546,0.917930,0.980945,1 out of 10,0 out of 9,1 out of 10
2026,100055,ADVENTHEALTH NORTH PINELLAS,1395 S PINELLAS AVE,TARPON SPRINGS,FL,34689,PINELLAS,0.985942,0.825546,1.035945,1.038358,0 out of 10,0 out of 9,0 out of 10
2026,100057,ADVENTHEALTH WATERMAN,1000 WATERMAN WAY,TAVARES,FL,32778,LAKE,0.985942,0.825546,0.907607,1.018555,0 out of 10,0 out of 9,0 out of 10
2026,100062,ADVENTHEALTH OCALA,1500 SW 1ST AVE,OCALA,FL,34474,MARION,0.985942,0.825546,0.994578,1.014648,0 out of 10,0 out of 9,0 out of 10
2026,100063,MORTON PLANT NORTH BAY HOSPITAL,6600 MADISON STREET,NEW PORT RICHEY,FL,34652,PASCO,0.985942,0.825546,1.000268,1.010569,0 out of 10,0 out of 9,0 out of 10
2026,100067,ST ANTHONYS HOSPITAL,1200 SEVENTH AVE N,SAINT PETERSBURG,FL,33705,PINELLAS,0.985942,0.825546,1.027014,1.028056,0 out of 10,0 out of 9,0 out of 10
2026,100068,ADVENTHEALTH DAYTONA BEACH,301 MEMORIAL MEDICAL PARKWAY,DAYTONA BEACH,FL,32117,VOLUSIA,0.985942,0.825546,0.963662,0.977857,1 out of 10,0 out of 9,1 out of 10
2026,100069,AdventHealth Carrollwood,7171 N DALE MABRY HWY,TAMPA,FL,33614,HILLSBOROUGH,0.985942,0.825546,1.014052,1.046665,0 out of 10,0 out of 9,0 out of 10
2026,100071,TAMPA GENERAL HOSPITAL BROOKSVILLE,17240 CORTEZ BLVD,BROOKSVILLE,FL,34601,HERNANDO,0.985942,0.825546,1.058164,1.068729,0 out of 10,0 out of 9,0 out of 10
2026,100072,ADVENTHEALTH FISH MEMORIAL,1055 SAXON BLVD,ORANGE CITY,FL,32763,VOLUSIA,0.985942,0.825546,0.969722,0.977199,1 out of 10,0 out of 9,1 out of 10
2026,100073,HOLY CROSS HOSPITAL,4725 N FEDERAL HWY,FT LAUDERDALE,FL,33308,BROWARD,0.985942,0.825546,1.053479,1.046027,0 out of 10,0 out of 9,0 out of 10
2026,100075,ST JOSEPHS HOSPITAL,3001 W MARTIN LUTHER KING JR BLVD,TAMPA,FL,33607,HILLSBOROUGH,0.985942,0.825546,0.986056,1.027013,0 out of 10,0 out of 9,0 out of 10
2026,100077,Adventhealth Port Charlotte,2500 HARBOR BLVD,PORT CHARLOTTE,FL,33952,CHARLOTTE,0.985942,0.825546,1.049384,1.019674,0 out of 10,1 out of 9,1 out of 10
2026,100080,HCA FLORIDA JFK HOSPITAL,5301 S CONGRESS AVE,ATLANTIS,FL,33462,PALM BEACH,0.985942,0.825546,0.983047,1.027749,0 out of 10,0 out of 9,0 out of 10
2026,100084,UF HEALTH LEESBURG HOSPITAL,600 E DIXIE AVE,LEESBURG,FL,34748,LAKE,0.985942,0.825546,1.013013,1.054688,0 out of 10,0 out of 9,0 out of 10
2026,100086,BROWARD HEALTH NORTH,201 E SAMPLE RD,DEERFIELD BEACH,FL,33064,BROWARD,0.985942,0.825546,1.089436,1.113629,0 out of 10,0 out of 9,0 out of 10
2026,100087,SARASOTA MEMORIAL HOSPITAL,1700 S TAMIAMI TRL,SARASOTA,FL,34239,SARASOTA,0.985942,0.825546,1.014409,1.051288,0 out of 10,0 out of 9,0 out of 10
2026,100088,BAPTIST HEALTH MEDICAL CENTER - JACKSONVILLE,800 PRUDENTIAL DR,JACKSONVILLE,FL,32207,DUVAL,0.985942,0.825546,0.975094,0.987805,0 out of 10,0 out of 9,0 out of 10
2026,100090,FLAGLER HOSPITAL,400 HEALTH PARK BLVD,SAINT AUGUSTINE,FL,32086,ST. JOHNS,0.985942,0.825546,1.024675,1.101236,0 out of 10,0 out of 9,0 out of 10
2026,100092,ORLANDO HEALTH ROCKLEDGE HOSPITAL,110 LONGWOOD AVE,ROCKLEDGE,FL,32955,BREVARD,0.985942,0.825546,0.962188,0.982572,1 out of 10,0 out of 9,1 out of 10
2026,100093,BAPTIST HOSPITAL,123 BAPTIST WAY,PENSACOLA,FL,32503,ESCAMBIA,0.985942,0.825546,1.014529,1.042198,0 out of 10,0 out of 9,0 out of 10
2026,100099,ADVENTHEALTH LAKE WALES,410 S 11TH ST,LAKE WALES,FL,33853,POLK,0.985942,0.825546,1.027693,1.004599,0 out of 10,1 out of 9,1 out of 10
2026,100105,CLEVELAND CLINIC INDIAN RIVER HOSPITAL,1000 36TH ST,VERO BEACH,FL,32960,INDIAN RIVER,0.985942,0.825546,1.011572,1.007827,0 out of 10,0 out of 9,0 out of 10
2026,100107,HCA FLORIDA LEHIGH REGIONAL MEDICAL CENTER,1500 LEE BLVD,LEHIGH ACRES,FL,33936,LEE,0.985942,0.825546,0.882783,0.941901,3 out of 10,0 out of 9,3 out of 10
2026,100109,ADVENTHEALTH SEBRING,4200 SUN N LAKE BLVD,SEBRING,FL,33872,HIGHLANDS,0.985942,0.825546,1.018809,1.021879,0 out of 10,0 out of 9,0 out of 10
2026,100110,HCA FLORIDA OSCEOLA HOSPITAL,700 WEST OAK STREET,KISSIMMEE,FL,34741,OSCEOLA,0.985942,0.825546,1.033776,1.078305,0 out of 10,0 out of 9,0 out of 10
2026,100113,UF HEALTH SHANDS HOSPITAL,1600 SW ARCHER RD,GAINESVILLE,FL,32610,ALACHUA,0.985942,0.825546,1.009326,0.992207,0 out of 10,0 out of 9,0 out of 10
2026,100117,BAPTIST MEDICAL CENTER  BEACHES,1350 13TH AVE S,JACKSONVILLE BEACH,FL,32250,DUVAL,0.985942,0.825546,0.951341,0.995983,0 out of 10,0 out of 9,0 out of 10
2026,100118,AdventHealth Palm Coast,60 MEMORIAL MEDICAL PKWY,PALM COAST,FL,32164,FLAGLER,0.985942,0.825546,0.919435,0.949852,3 out of 10,0 out of 9,3 out of 10
2026,100121,BARTOW REGIONAL MEDICAL CENTER,2200 OSPREY BLVD,BARTOW,FL,33830,POLK,0.985942,0.825546,1.001938,1.019558,0 out of 10,0 out of 9,0 out of 10
2026,100122,NORTH OKALOOSA MEDICAL CENTER,151 REDSTONE AVE SE,CRESTVIEW,FL,32539,OKALOOSA,0.985942,0.825546,1.063012,1.028101,0 out of 10,1 out of 9,1 out of 10
2026,100124,SANTA ROSA MEDICAL CENTER,6002 BERRYHILL RD,MILTON,FL,32570,SANTA ROSA,0.985942,0.825546,0.944793,0.946611,3 out of 10,0 out of 9,3 out of 10
2026,100125,HOMESTEAD HOSPITAL,975 BAPTIST WAY,HOMESTEAD,FL,33033,MIAMI-DADE,0.985942,0.825546,1.009635,0.974887,1 out of 10,1 out of 9,1 out of 10
2026,100126,HCA FLORIDA PASADENA HOSPITAL A PART OF HCA FLORID,1501 PASADENA AVE S,SAINT PETERSBURG,FL,33707,PINELLAS,0.985942,0.825546,Not Available,1.048353,0 out of 10,Not Available,0 out of 10
2026,100127,MORTON PLANT HOSPITAL,300 PINELLAS ST,CLEARWATER,FL,33756,PINELLAS,0.985942,0.825546,1.012019,1.026781,0 out of 10,0 out of 9,0 out of 10
2026,100128,TAMPA GENERAL HOSPITAL,1 TAMPA GENERAL CIR,TAMPA,FL,33606,HILLSBOROUGH,0.985942,0.825546,0.980633,1.020976,0 out of 10,0 out of 9,0 out of 10
2026,100131,HCA FLORIDA AVENTURA HOSPITAL,20900 BISCAYNE BLVD,AVENTURA,FL,33180,MIAMI-DADE,0.985942,0.825546,1.016221,1.096669,0 out of 10,0 out of 9,0 out of 10
2026,100132,SOUTH FLORIDA BAPTIST HOSPITAL,301 N ALEXANDER ST,PLANT CITY,FL,33563,HILLSBOROUGH,0.985942,0.825546,1.021271,1.046607,0 out of 10,0 out of 9,0 out of 10
2026,100135,TALLAHASSEE MEMORIAL HEALTHCARE,1300 MICCOSUKEE RD,TALLAHASSEE,FL,32308,LEON,0.985942,0.825546,1.068053,1.030296,0 out of 10,1 out of 9,1 out of 10
2026,100137,ADVENTHEALTH HEART OF FLORIDA,40100 HWY 27,DAVENPORT,FL,33837,POLK,0.985942,0.825546,0.980671,1.021748,0 out of 10,0 out of 9,0 out of 10
2026,100140,BAPTIST MEDICAL CENTER - NASSAU,1250 S 18TH ST,FERNANDINA BEACH,FL,32034,NASSAU,0.985942,0.825546,0.899169,0.884722,6 out of 10,1 out of 9,6 out of 10
2026,100142,JACKSON HOSPITAL,4250 HOSPITAL DR,MARIANNA,FL,32446,JACKSON,0.985942,0.825546,1.025669,1.023308,0 out of 10,0 out of 9,0 out of 10
2026,100150,LOWER KEYS MEDICAL CENTER,5900 COLLEGE ROAD,KEY WEST,FL,33040,MONROE,0.985942,0.825546,0.921923,0.909283,5 out of 10,1 out of 9,5 out of 10
2026,100151,MAYO CLINIC,4500 SAN PABLO RD,JACKSONVILLE,FL,32224,DUVAL,0.985942,0.825546,0.962255,1.021116,0 out of 10,0 out of 9,0 out of 10
2026,100154,SOUTH MIAMI HOSPITAL,6200 SW 73RD ST,MIAMI,FL,33143,MIAMI-DADE,0.985942,0.825546,1.043335,1.092542,0 out of 10,0 out of 9,0 out of 10
2026,100156,HCA FLORIDA LAKE CITY HOSPITAL,340 NW COMMERCE DR,LAKE CITY,FL,32055,COLUMBIA,0.985942,0.825546,0.984359,1.006733,0 out of 10,0 out of 9,0 out of 10
2026,100157,LAKELAND REGIONAL MEDICAL CENTER,1324 LAKELAND HILLS BLVD,LAKELAND,FL,33805,POLK,0.985942,0.825546,0.989855,1.021623,0 out of 10,0 out of 9,0 out of 10
2026,100161,CENTRAL FLORIDA LAKE MONROE HOSPITAL,1401 W SEMINOLE BLVD,SANFORD,FL,32771,SEMINOLE,0.985942,0.825546,1.031132,1.062809,0 out of 10,0 out of 9,0 out of 10
2026,100166,HCA FLORIDA SARASOTA DOCTORS HOSPITAL,5731 BEE RIDGE RD,SARASOTA,FL,34233,SARASOTA,0.985942,0.825546,1.045150,1.049222,0 out of 10,0 out of 9,0 out of 10
2026,100167,HCA FLORIDA MERCY HOSPITAL,401 NW 42ND AVE,PLANTATION,FL,33317,BROWARD,0.985942,0.825546,1.040759,1.120123,0 out of 10,0 out of 9,0 out of 10
2026,100168,BOCA RATON REGIONAL HOSPITAL,800 MEADOWS RD,BOCA RATON,FL,33486,PALM BEACH,0.985942,0.825546,1.029368,1.046928,0 out of 10,0 out of 9,0 out of 10
2026,100173,ADVENTHEALTH TAMPA,3100 E FLETCHER AVE,TAMPA,FL,33613,HILLSBOROUGH,0.985942,0.825546,1.017192,1.060874,0 out of 10,0 out of 9,0 out of 10
2026,100175,DESOTO MEMORIAL HOSPITAL,900 N ROBERT AVE,ARCADIA,FL,34266,DESOTO,0.985942,0.825546,0.957083,1.107367,0 out of 10,0 out of 9,0 out of 10
2026,100176,PALM BEACH GARDENS MEDICAL CENTER,3360 BURNS RD,PALM BEACH GARDENS,FL,33410,PALM BEACH,0.985942,0.825546,0.972757,1.010000,0 out of 10,0 out of 9,0 out of 10
2026,100177,CAPE CANAVERAL HOSPITAL,701 W COCOA BEACH CAUSEWAY,COCOA BEACH,FL,32931,BREVARD,0.985942,0.825546,0.992680,1.050096,0 out of 10,0 out of 9,0 out of 10
2026,100179,HCA FLORIDA MEMORIAL HOSPITAL,3625 UNIVERSITY BLVD S,JACKSONVILLE,FL,32216,DUVAL,0.985942,0.825546,1.040267,1.108125,0 out of 10,0 out of 9,0 out of 10
2026,100180,HCA FLORIDA ST PETERSBURG HOSPITAL,6500 38TH AVE N,SAINT PETERSBURG,FL,33710,PINELLAS,0.985942,0.825546,1.030360,1.074030,0 out of 10,0 out of 9,0 out of 10
2026,100181,LARKIN COMMUNITY HOSPITAL,7031 SW 62ND AVE,SOUTH MIAMI,FL,33143,MIAMI-DADE,0.985942,0.825546,1.014410,1.186184,0 out of 10,0 out of 9,0 out of 10
2026,100183,CORAL GABLES HOSPITAL,3100 DOUGLAS RD,CORAL GABLES,FL,33134,MIAMI-DADE,0.985942,0.825546,1.168945,1.202188,0 out of 10,0 out of 9,0 out of 10
2026,100187,PALMETTO GENERAL HOSPITAL,2001 W 68TH ST,HIALEAH,FL,33016,MIAMI-DADE,0.985942,0.825546,1.082145,1.140662,0 out of 10,0 out of 9,0 out of 10
2026,100189,HCA FLORIDA NORTHWEST HOSPITAL,2801 N STATE RD 7,MARGATE,FL,33063,BROWARD,0.985942,0.825546,1.043875,1.033634,0 out of 10,0 out of 9,0 out of 10
2026,100191,HCA FLORIDA TRINITY HOSPITAL,9330 SR 54,TRINITY,FL,34655,PASCO,0.985942,0.825546,0.970006,1.029402,0 out of 10,0 out of 9,0 out of 10
2026,100200,BROWARD HEALTH IMPERIAL POINT,6401 N FEDERAL HWY,FORT LAUDERDALE,FL,33308,BROWARD,0.985942,0.825546,1.064730,1.068244,0 out of 10,0 out of 9,0 out of 10
2026,100204,HCA FLORIDA NORTH FLORIDA HOSPITAL,6500 W NEWBERRY RD,GAINESVILLE,FL,32605,ALACHUA,0.985942,0.825546,0.957682,1.001571,0 out of 10,0 out of 9,0 out of 10
2026,100206,HCA FLORIDA SOUTH TAMPA HOSPITAL,2901 W SWANN AVE,TAMPA,FL,33609,HILLSBOROUGH,0.985942,0.825546,0.962247,1.036771,0 out of 10,0 out of 9,0 out of 10
2026,100209,HCA FLORIDA KENDALL HOSPITAL,11750 BIRD RD,MIAMI,FL,33175,MIAMI-DADE,0.985942,0.825546,1.033846,1.075483,0 out of 10,0 out of 9,0 out of 10
2026,100211,ADVENTHEALTH DADE CITY,13100 FT KING RD,DADE CITY,FL,33525,PASCO,0.985942,0.825546,0.961451,1.019905,0 out of 10,0 out of 9,0 out of 10
2026,100212,MARION COMMUNTIY HOSPITAL,1431 SW 1ST AVE,OCALA,FL,34471,MARION,0.985942,0.825546,0.992157,1.053337,0 out of 10,0 out of 9,0 out of 10
2026,100213,HCA FLORIDA BLAKE HOSPITAL,2020 59TH ST W,BRADENTON,FL,34209,MANATEE,0.985942,0.825546,1.026236,1.078490,0 out of 10,0 out of 9,0 out of 10
2026,100217,ORLANDO HEALTH SEBASTIAN RIVER HOSPITAL,13695 US HWY 1,SEBASTIAN,FL,32958,INDIAN RIVER,0.985942,0.825546,1.036526,1.023203,0 out of 10,0 out of 9,0 out of 10
2026,100220,GULF COAST MEDICAL CENTER LEE HEALTH,13681 DOCTORS WAY,FORT MYERS,FL,33912,LEE,0.985942,0.825546,1.006926,0.994317,0 out of 10,0 out of 9,0 out of 10
2026,100223,HCA FLORIDA FORT WALTON-DESTIN HOSPITAL,1000 MAR-WALT DR,FORT WALTON BEACH,FL,32547,OKALOOSA,0.985942,0.825546,1.030595,1.076324,0 out of 10,0 out of 9,0 out of 10
2026,100224,UNIVERSITY HOSPITAL AND MEDICAL CENTER,7201 N UNIVERSITY DR,TAMARAC,FL,33321,BROWARD,0.985942,0.825546,1.092960,1.178218,0 out of 10,0 out of 9,0 out of 10
2026,100226,HCA FLORIDA ORANGE PARK HOSPITAL,2001 KINGSLEY AVE,ORANGE PARK,FL,32073,CLAY,0.985942,0.825546,1.041950,1.069457,0 out of 10,0 out of 9,0 out of 10
2026,100228,WESTSIDE REGIONAL MEDICAL CENTER,8201 W BROWARD BLVD,PLANTATION,FL,33324,BROWARD,0.985942,0.825546,1.036808,1.086964,0 out of 10,0 out of 9,0 out of 10
2026,100230,MEMORIAL HOSPITAL PEMBROKE,7800 SHERIDAN ST,PEMBROKE PINES,FL,33024,BROWARD,0.985942,0.825546,0.947100,0.939155,3 out of 10,0 out of 9,3 out of 10
2026,100231,HCA FLORIDA WEST HOSPITAL,8383 N DAVIS HWY,PENSACOLA,FL,32514,ESCAMBIA,0.985942,0.825546,1.043334,1.022760,0 out of 10,0 out of 9,0 out of 10
2026,100232,HCA FLORIDA PUTNAM HOSPITAL,611 ZEAGLER DR,PALATKA,FL,32177,PUTNAM,0.985942,0.825546,0.973729,1.026082,0 out of 10,0 out of 9,0 out of 10
2026,100236,HCA FLORIDA FAWCETT HOSPITAL,21298 OLEAN BLVD,PORT CHARLOTTE,FL,33952,CHARLOTTE,0.985942,0.825546,0.968784,1.016725,0 out of 10,0 out of 9,0 out of 10
2026,100238,HCA FLORIDA NORTHSIDE HOSPITAL,6000 49TH ST N,SAINT PETERSBURG,FL,33709,PINELLAS,0.985942,0.825546,1.059291,1.088025,0 out of 10,0 out of 9,0 out of 10
2026,100242,HCA FLORIDA GULF COAST HOSPITAL,449 W 23RD ST,PANAMA CITY,FL,32405,BAY,0.985942,0.825546,1.022153,1.091106,0 out of 10,0 out of 9,0 out of 10
2026,100243,HCA FLORIDA BRANDON HOSPITAL,119 OAKFIELD DR,BRANDON,FL,33511,HILLSBOROUGH,0.985942,0.825546,0.941704,1.019363,0 out of 10,0 out of 9,0 out of 10
2026,100244,CAPE CORAL HOSPITAL,636 DEL PRADO BLVD,CAPE CORAL,FL,33990,LEE,0.985942,0.825546,0.969673,0.997322,0 out of 10,0 out of 9,0 out of 10
2026,100246,HCA FLORIDA LAWNWOOD HOSPITAL,1700 S 23RD ST,FORT PIERCE,FL,34950,ST. LUCIE,0.985942,0.825546,1.122994,1.107303,0 out of 10,0 out of 9,0 out of 10
2026,100248,HCA FLORIDA LARGO HOSPITAL,201 14TH ST SW,LARGO,FL,33770,PINELLAS,0.985942,0.825546,1.061833,1.078026,0 out of 10,0 out of 9,0 out of 10
2026,100249,TAMPA GENERAL HOSPITAL CRYSTAL RIVER,6201 N SUNCOAST BLVD,CRYSTAL RIVER,FL,34428,CITRUS,0.985942,0.825546,0.935509,0.989790,0 out of 10,0 out of 9,0 out of 10
2026,100252,HCA FLORIDA RAULERSON HOSPITAL,1796 HWY 441 NORTH,OKEECHOBEE,FL,34972,OKEECHOBEE,0.985942,0.825546,0.911024,1.010618,0 out of 10,0 out of 9,0 out of 10
2026,100253,JUPITER MEDICAL CENTER,1210 S OLD DIXIE HWY,JUPITER,FL,33458,PALM BEACH,0.985942,0.825546,0.990847,1.007405,0 out of 10,0 out of 9,0 out of 10
2026,100254,HCA FLORIDA CAPITAL HOSPITAL,2626 CAPITAL MEDICAL BLVD,TALLAHASSEE,FL,32308,LEON,0.985942,0.825546,0.991110,1.024270,0 out of 10,0 out of 9,0 out of 10
2026,100256,HCA FLORIDA BAYONET POINT HOSPITAL,14000 FIVAY RD,HUDSON,FL,34667,PASCO,0.985942,0.825546,0.985660,1.080026,0 out of 10,0 out of 9,0 out of 10
2026,100258,DELRAY MEDICAL CENTER,5352 LINTON BLVD,DELRAY BEACH,FL,33484,PALM BEACH,0.985942,0.825546,1.015511,1.037165,0 out of 10,0 out of 9,0 out of 10
2026,100259,HCA FLORIDA SOUTH SHORE HOSPITAL,4016 SUN CITY CENTER BLVD,SUN CITY CENTER,FL,33573,HILLSBOROUGH,0.985942,0.825546,0.969019,1.005548,0 out of 10,0 out of 9,0 out of 10
2026,100260,ST LUCIE MEDICAL CENTER,1800 SE TIFFANY AVE,PORT SAINT LUCIE,FL,34952,ST. LUCIE,0.985942,0.825546,0.995875,1.005443,0 out of 10,0 out of 9,0 out of 10
2026,100264,HCA FLORIDA OAK HILL HOSPITAL,11375 CORTEZ BLVD,BROOKSVILLE,FL,34613,HERNANDO,0.985942,0.825546,1.022847,1.058395,0 out of 10,0 out of 9,0 out of 10
2026,100265,MEASE COUNTRYSIDE HOSPITAL,3231 MCMULLEN BOOTH RD,SAFETY HARBOR,FL,34695,PINELLAS,0.985942,0.825546,1.019838,1.025682,0 out of 10,0 out of 9,0 out of 10
2026,100266,GULF BREEZE HOSPITAL,1110 GULF BREEZE PKWY,GULF BREEZE,FL,32561,SANTA ROSA,0.985942,0.825546,0.956770,1.024958,0 out of 10,0 out of 9,0 out of 10
2026,100267,HCA FLORIDA ENGLEWOOD HOSPITAL,700 MEDICAL BLVD,ENGLEWOOD,FL,34223,SARASOTA,0.985942,0.825546,0.961871,1.004053,0 out of 10,0 out of 9,0 out of 10
2026,100268,WEST BOCA MEDICAL CENTER,21644 STATE RD 7,BOCA RATON,FL,33428,PALM BEACH,0.985942,0.825546,1.007063,1.017628,0 out of 10,0 out of 9,0 out of 10
2026,100269,HCA FLORIDA PALMS WEST HOSPITAL,13001 SOUTHERN BLVD,LOXAHATCHEE,FL,33470,PALM BEACH,0.985942,0.825546,0.983933,0.985553,1 out of 10,0 out of 9,1 out of 10
2026,100275,WELLINGTON REGIONAL MEDICAL CENTER,10101 FOREST HILL BLVD,WELLINGTON,FL,33414,PALM BEACH,0.985942,0.825546,0.990919,0.986131,0 out of 10,0 out of 9,0 out of 10
2026,100276,BROWARD HEALTH CORAL SPRINGS,3000 CORAL HILLS DR,CORAL SPRINGS,FL,33065,BROWARD,0.985942,0.825546,1.051617,1.054484,0 out of 10,0 out of 9,0 out of 10
2026,100281,MEMORIAL HOSPITAL WEST,703 N FLAMINGO RD,PEMBROKE PINES,FL,33028,BROWARD,0.985942,0.825546,0.988302,1.005889,0 out of 10,0 out of 9,0 out of 10
2026,100284,KERALTY HOSPITAL,2500 SW 75TH AVE,MIAMI,FL,33155,MIAMI-DADE,0.985942,0.825546,1.324737,1.430480,0 out of 10,0 out of 9,0 out of 10
2026,100285,MEMORIAL HOSPITAL MIRAMAR,1901 SW 172ND AVE,MIRAMAR,FL,33029,BROWARD,0.985942,0.825546,0.985290,1.024795,0 out of 10,0 out of 9,0 out of 10
2026,100286,PHYSICIANS REGIONAL MEDICAL CENTER - PINE RIDGE,6101 PINE RIDGE ROAD,NAPLES,FL,34119,COLLIER,0.985942,0.825546,0.970216,1.011245,0 out of 10,0 out of 9,0 out of 10
2026,100287,GOOD SAMARITAN MEDICAL CENTER,1309 N FLAGLER DR,WEST PALM BEACH,FL,33401,PALM BEACH,0.985942,0.825546,0.975435,0.994426,0 out of 10,0 out of 9,0 out of 10
2026,100288,ST MARY'S MEDICAL CENTER,901 45TH ST,WEST PALM BEACH,FL,33407,PALM BEACH,0.985942,0.825546,1.003241,1.041825,0 out of 10,0 out of 9,0 out of 10
2026,100289,CLEVELAND CLINIC HOSPITAL,3100 WESTON RD,WESTON,FL,33331,BROWARD,0.985942,0.825546,0.948887,0.933592,3 out of 10,1 out of 9,3 out of 10
2026,100290,"VILLAGES REGIONAL HOSPITAL, THE",1451 EL CAMINO REAL,THE VILLAGES,FL,32159,LAKE,0.985942,0.825546,1.030332,1.051491,0 out of 10,0 out of 9,0 out of 10
2026,100291,ORLANDO HEALTH MELBOURNE HOSPITAL,250 NORTH WICKHAM ROAD,MELBOURNE,FL,32935,BREVARD,0.985942,0.825546,1.036173,1.021420,0 out of 10,0 out of 9,0 out of 10
2026,100296,DOCTORS HOSPITAL,5000 UNIVERSITY DR,CORAL GABLES,FL,33146,MIAMI-DADE,0.985942,0.825546,1.033096,0.975531,1 out of 10,2 out of 9,2 out of 10
2026,100299,LAKEWOOD RANCH MEDICAL CENTER,8330 LAKEWOOD RANCH BLVD,BRADENTON,FL,34202,MANATEE,0.985942,0.825546,1.058321,1.085436,0 out of 10,0 out of 9,0 out of 10
2026,100302,ORLANDO HEALTH ST CLOUD HOSPITAL,2906 17TH STREET,SAINT CLOUD,FL,34769,OSCEOLA,0.985942,0.825546,0.998020,1.011735,0 out of 10,0 out of 9,0 out of 10
2026,100314,WEST KENDALL BAPTIST HOSPITAL,9555 SW 162 AVE,MIAMI,FL,33196,MIAMI-DADE,0.985942,0.825546,0.997838,0.951050,2 out of 10,2 out of 9,2 out of 10
2026,100315,VIERA HOSPITAL,8745 N WICKHAM RD,MELBOURNE,FL,32940,BREVARD,0.985942,0.825546,0.978157,1.048386,0 out of 10,0 out of 9,0 out of 10
2026,100316,PALM BAY HOSPITAL,"1425 MALABAR RD, NE",PALM BAY,FL,32907,BREVARD,0.985942,0.825546,0.998790,1.050618,0 out of 10,0 out of 9,0 out of 10
2026,100319,ADVENTHEALTH WESLEY CHAPEL,2600 BRUCE B DOWNS BLVD,WESLEY CHAPEL,FL,33544,PASCO,0.985942,0.825546,0.970434,0.977298,1 out of 10,0 out of 9,1 out of 10
2026,100320,HCA FLORIDA POINCIANA HOSPITAL,325 CYPRESS PKWY,KISSIMMEE,FL,34758,OSCEOLA,0.985942,0.825546,0.923850,0.936625,3 out of 10,0 out of 9,3 out of 10
2026,100329,OVIEDO MEDICAL CENTER,8300 RED BUG LAKE RD,OVIEDO,FL,32765,SEMINOLE,0.985942,0.825546,0.933602,0.995191,0 out of 10,0 out of 9,0 out of 10
2026,100330,HALIFAX HEALTH /UF HEALTH MEDICAL CENTER OF DELTON,3300 HALIFAX CROSSINGS BLVD,DELTONA,FL,32725,VOLUSIA,0.985942,0.825546,0.992623,0.997396,0 out of 10,0 out of 9,0 out of 10
2026,100350,UCF LAKE NONA HOSPITAL,6700 LAKE NONA BLVD,ORLANDO,FL,32827,ORANGE,0.985942,0.825546,0.930780,0.926132,4 out of 10,0 out of 9,4 out of 10
2026,100359,SARASOTA MEMORIAL HOSPITAL - VENICE,2600 LAUREL ROAD EAST,NORTH VENICE,FL,34275,SARASOTA,0.985942,0.825546,1.012691,1.051718,0 out of 10,0 out of 9,0 out of 10
2026,100360,HCA FLORIDA UNIVERSITY HOSPITAL,3476 S UNIVERSITY DR.,DAVIE,FL,33328,BROWARD,0.985942,0.825546,1.009832,0.988746,0 out of 10,1 out of 9,1 out of 10
2026,100362,BAYCARE HOSPITAL WESLEY CHAPEL,4501 BRUCE B DOWNS BLVD,WESLEY CHAPEL,FL,33544,PASCO,0.985942,0.825546,Not Available,0.999487,0 out of 10,Not Available,0 out of 10
2026,100363,ADVENTHEALTH PALM COAST PARKWAY,1 ADVENTHEALTH WAY,PALM COAST,FL,32137,FLAGLER,0.985942,0.825546,Not Available,0.906634,5 out of 10,Not Available,5 out of 10
2026,110001,HAMILTON MEDICAL CENTER,1200 MEMORIAL DRIVE,DALTON,GA,30720,WHITFIELD,0.985942,0.825546,0.987358,0.951661,2 out of 10,2 out of 9,2 out of 10
2026,110002,UPSON REGIONAL MEDICAL CENTER,801 W GORDON STREET,THOMASTON,GA,30286,UPSON,0.985942,0.825546,0.986208,1.055422,0 out of 10,0 out of 9,0 out of 10
2026,110003,Memorial Satilla Health,1900 TEBEAU STREET,WAYCROSS,GA,31501,WARE,0.985942,0.825546,1.046085,0.995759,0 out of 10,2 out of 9,2 out of 10
2026,110005,NORTHSIDE HOSPITAL FORSYTH,1200 NORTHSIDE FORSYTH DRIVE,CUMMING,GA,30041,FORSYTH,0.985942,0.825546,0.999259,0.968674,1 out of 10,1 out of 9,1 out of 10
2026,110006,ST MARY'S HOSPITAL,1230 BAXTER STREET,ATHENS,GA,30606,CLARKE,0.985942,0.825546,0.964387,0.965831,2 out of 10,0 out of 9,2 out of 10
2026,110007,PHOEBE PUTNEY MEMORIAL HOSPITAL,417 THIRD AVENUE,ALBANY,GA,31703,DOUGHERTY,0.985942,0.825546,0.981047,0.931589,4 out of 10,3 out of 9,4 out of 10
2026,110008,NORTHSIDE HOSPITAL CHEROKEE,450 NORTHSIDE CHEROKEE BOULEVARD,CANTON,GA,30115,CHEROKEE,0.985942,0.825546,0.953779,0.945106,3 out of 10,0 out of 9,3 out of 10
2026,110010,EMORY UNIVERSITY HOSPITAL,"1364 CLIFTON ROAD, NE",ATLANTA,GA,30322,DEKALB,0.985942,0.825546,0.950864,0.945516,3 out of 10,0 out of 9,3 out of 10
2026,110011,TANNER MEDICAL CENTER - CARROLLTON,705 DIXIE STREET,CARROLLTON,GA,30117,CARROLL,0.985942,0.825546,0.997290,1.045704,0 out of 10,0 out of 9,0 out of 10
2026,110015,TANNER MEDICAL CENTER VILLA RICA,601 DALLAS HIGHWAY,VILLA RICA,GA,30180,CARROLL,0.985942,0.825546,1.004082,0.986752,0 out of 10,0 out of 9,0 out of 10
2026,110016,WELLSTAR WEST GEORGIA MEDICAL CENTER,1514 VERNON ROAD,LAGRANGE,GA,30240,TROUP,0.985942,0.825546,0.957948,0.928785,4 out of 10,2 out of 9,4 out of 10
2026,110018,PIEDMONT NEWTON HOSPITAL,5126 HOSPITAL DRIVE NE,COVINGTON,GA,30014,NEWTON,0.985942,0.825546,0.976790,0.970517,1 out of 10,0 out of 9,1 out of 10
2026,110023,ADVENTHEALTH GORDON,1035 RED BUD ROAD,CALHOUN,GA,30701,GORDON,0.985942,0.825546,0.920833,0.881169,6 out of 10,4 out of 9,6 out of 10
2026,110024,CANDLER HOSPITAL,5353 REYNOLDS STREET,SAVANNAH,GA,31405,CHATHAM,0.985942,0.825546,1.101529,1.007616,0 out of 10,3 out of 9,3 out of 10
2026,110025,SOUTHEAST GEORGIA HEALTH SYSTEM- BRUNSWICK CAMPUS,2415 PARKWOOD DRIVE,BRUNSWICK,GA,31520,GLYNN,0.985942,0.825546,0.983682,0.974040,1 out of 10,0 out of 9,1 out of 10
2026,110027,"TY COBB REGIONAL MEDICAL CENTER, LLC",367 CLEAR CREEK PARKWAY,LAVONIA,GA,30553,FRANKLIN,0.985942,0.825546,1.043537,0.954805,2 out of 10,4 out of 9,4 out of 10
2026,110028,PIEDMONT AUGUSTA HOSPITAL,1350 WALTON WAY,AUGUSTA,GA,30901,RICHMOND,0.985942,0.825546,1.048569,1.032816,0 out of 10,0 out of 9,0 out of 10
2026,110029,"NORTHEAST GEORGIA MEDICAL CENTER, INC",743 SPRING STREET,GAINESVILLE,GA,30501,HALL,0.985942,0.825546,0.975052,0.975103,1 out of 10,0 out of 9,1 out of 10
2026,110030,PIEDMONT CARTERSVILLE MEDICAL CENTER,960 JOE FRANK HARRIS PARKWAY,CARTERSVILLE,GA,30120,BARTOW,0.985942,0.825546,0.964190,0.939408,3 out of 10,1 out of 9,3 out of 10
2026,110031,WELLSTAR SPALDING MEDICAL CENTER,601 SOUTH 8TH STREET,GRIFFIN,GA,30223,SPALDING,0.985942,0.825546,1.055903,1.012737,0 out of 10,1 out of 9,1 out of 10
2026,110032,STEPHENS COUNTY HOSPITAL,163 HOSPITAL DRIVE,TOCCOA,GA,30577,STEPHENS,0.985942,0.825546,0.773566,0.861933,7 out of 10,0 out of 9,7 out of 10
2026,110034,"WELLSTAR MCG HEALTH, AFFILIATED WITH MED COL",1120 15TH STREET,AUGUSTA,GA,30912,RICHMOND,0.985942,0.825546,1.058259,1.036631,0 out of 10,0 out of 9,0 out of 10
2026,110035,WELLSTAR KENNESTONE REGIONAL MEDICAL CENTER,677 CHURCH STREET,MARIETTA,GA,30060,COBB,0.985942,0.825546,0.965304,0.958737,2 out of 10,0 out of 9,2 out of 10
2026,110036,SAVANNAH HEALTH SERVICES LLC DBA MEMORIAL HEALTH UNIVERSITY MEDICAL CENTER,4700 WATERS AVENUE,SAVANNAH,GA,31404,CHATHAM,0.985942,0.825546,1.020582,1.053944,0 out of 10,0 out of 9,0 out of 10
2026,110038,ARCHBOLD MEMORIAL HOSPITAL,915 GORDON AVENUE & MIMOSA DRIVE,THOMASVILLE,GA,31792,THOMAS,0.985942,0.825546,0.988772,0.996164,0 out of 10,0 out of 9,0 out of 10
2026,110041,NORTHEAST GEORGIA MEDICAL CENTER HABERSHAM,541 HISTORIC HIGHWAY 441-NORTH,DEMOREST,GA,30535,HABERSHAM,0.985942,0.825546,0.906574,0.845828,8 out of 10,7 out of 9,8 out of 10
2026,110042,WELLSTAR PAULDING MEDICAL CENTER,2518 JIMMY LEE SMITH PARKWAY,HIRAM,GA,30141,PAULDING,0.985942,0.825546,0.887518,0.882017,6 out of 10,0 out of 9,6 out of 10
2026,110043,ST JOSEPH'S HOSPITAL - SAVANNAH,11705 MERCY BOULEVARD,SAVANNAH,GA,31419,CHATHAM,0.985942,0.825546,1.045616,1.053057,0 out of 10,0 out of 9,0 out of 10
2026,110044,PHOEBE SUMTER MEDICAL CENTER,126 HIGHWAY 280 W,AMERICUS,GA,31719,SUMTER,0.985942,0.825546,0.937749,0.863077,7 out of 10,6 out of 9,7 out of 10
2026,110045,"NGMC BARROW, LLC",316 NORTH BROAD STREET,WINDER,GA,30680,BARROW,0.985942,0.825546,0.865813,0.839100,9 out of 10,6 out of 9,9 out of 10
2026,110046,PIEDMONT WALTON HOSPITAL,2151 W SPRING STREET,MONROE,GA,30655,WALTON,0.985942,0.825546,1.062969,0.966648,2 out of 10,4 out of 9,4 out of 10
2026,110050,ADVENTHEALTH MURRAY,"707 OLD DALTON ELLIJAY ROAD, PO BOX 1406",CHATSWORTH,GA,30705,MURRAY,0.985942,0.825546,0.910054,0.769535,10 out of 10,9 out of 9,10 out of 10
2026,110051,UNION GENERAL HOSPITAL,35 HOSPITAL ROAD,BLAIRSVILLE,GA,30512,UNION,0.985942,0.825546,1.053879,1.050635,0 out of 10,0 out of 9,0 out of 10
2026,110054,ATRIUM HEALTH FLOYD MEDICAL CENTER,304 TURNER MCCALL BOULEVARD,ROME,GA,30162,FLOYD,0.985942,0.825546,1.052136,0.993094,0 out of 10,2 out of 9,2 out of 10
2026,110064,PIEDMONT COLUMBUS REGIONAL MIDTOWN,710 CENTER STREET,COLUMBUS,GA,31901,MUSCOGEE,0.985942,0.825546,1.167418,1.064556,0 out of 10,3 out of 9,3 out of 10
2026,110069,EMORY HOUSTON HOSPITAL WARNER ROBINS,1601 WATSON BOULEVARD,WARNER ROBINS,GA,31093,HOUSTON,0.985942,0.825546,0.959486,0.943267,3 out of 10,1 out of 9,3 out of 10
2026,110074,PIEDMONT ATHENS REGIONAL MEDICAL CENTER,1199 PRINCE AVENUE,ATHENS,GA,30606,CLARKE,0.985942,0.825546,0.956355,0.959007,2 out of 10,0 out of 9,2 out of 10
2026,110075,EAST GEORGIA REGIONAL MEDICAL CENTER,1499 FAIR ROAD,STATESBORO,GA,30458,BULLOCH,0.985942,0.825546,1.045483,1.030178,0 out of 10,0 out of 9,0 out of 10
2026,110076,EMORY DECATUR HOSPITAL,2701 N DECATUR ROAD,DECATUR,GA,30033,DEKALB,0.985942,0.825546,0.997644,0.997370,0 out of 10,0 out of 9,0 out of 10
2026,110078,EMORY UNIVERSITY HOSPITAL MIDTOWN,"550 PEACHTREE STREET,  NE",ATLANTA,GA,30308,FULTON,0.985942,0.825546,0.956191,0.954014,2 out of 10,0 out of 9,2 out of 10
2026,110079,GRADY MEMORIAL HOSPITAL,"80 JESSE HILL, JR DRIVE SE",ATLANTA,GA,30303,FULTON,0.985942,0.825546,0.988800,1.009112,0 out of 10,0 out of 9,0 out of 10
2026,110082,"SAINT JOSEPH'S HOSPITAL OF ATLANTA, INC",5665 PEACHTREE DUNWOODY ROAD,ATLANTA,GA,30342,FULTON,0.985942,0.825546,0.929904,0.934193,3 out of 10,0 out of 9,3 out of 10
2026,110083,"PIEDMONT HOSPITAL, INC",1968 PEACHTREE RD NW,ATLANTA,GA,30309,FULTON,0.985942,0.825546,0.952053,0.948527,3 out of 10,0 out of 9,3 out of 10
2026,110087,NORTHSIDE HOSPITAL GWINNETT,1000 MEDICAL CENTER BOULEVARD,LAWRENCEVILLE,GA,30045,GWINNETT,0.985942,0.825546,1.011000,1.029648,0 out of 10,0 out of 9,0 out of 10
2026,110089,"COFFEE REGIONAL MEDICAL CENTER, INC",1101 OCILLA ROAD,DOUGLAS,GA,31642,COFFEE,0.985942,0.825546,0.950031,0.983507,1 out of 10,0 out of 9,1 out of 10
2026,110091,PIEDMONT ROCKDALE HOSPITAL,"1412 MILSTEAD AVENUE, NE",CONYERS,GA,30012,ROCKDALE,0.985942,0.825546,0.928050,0.952527,2 out of 10,0 out of 9,2 out of 10
2026,110095,TIFT REGIONAL MEDICAL CENTER,901 E 18TH STREET,TIFTON,GA,31794,TIFT,0.985942,0.825546,0.930961,0.911881,5 out of 10,1 out of 9,5 out of 10
2026,110104,CRISP REGIONAL HOSPITAL,902 7TH STREET NORTH,CORDELE,GA,31015,CRISP,0.985942,0.825546,0.877102,0.866444,7 out of 10,2 out of 9,7 out of 10
2026,110105,COLQUITT REGIONAL MEDICAL CENTER,3131 SOUTH MAIN STREET,MOULTRIE,GA,31768,COLQUITT,0.985942,0.825546,0.933139,0.900589,5 out of 10,3 out of 9,5 out of 10
2026,110107,ATRIUM HEALTH NAVICENT THE MEDICAL CENTER,777 HEMLOCK STREET,MACON,GA,31201,BIBB,0.985942,0.825546,1.058749,1.019441,0 out of 10,1 out of 9,1 out of 10
2026,110109,EMANUEL MEDICAL CENTER,117 KITE ROAD,SWAINSBORO,GA,30401,EMANUEL,0.985942,0.825546,0.873147,0.884721,6 out of 10,0 out of 9,6 out of 10
2026,110122,SGMC HEALTH,"2501 NORTH PATTERSON STREET, PO BOX 1727",VALDOSTA,GA,31602,LOWNDES,0.985942,0.825546,0.991094,0.955702,2 out of 10,2 out of 9,2 out of 10
2026,110124,WAYNE MEMORIAL HOSPITAL,865 SOUTH FIRST STREET,JESUP,GA,31545,WAYNE,0.985942,0.825546,1.048382,1.110009,0 out of 10,0 out of 9,0 out of 10
2026,110125,FAIRVIEW PARK HOSPITAL,200 INDUSTRIAL BOULEVARD,DUBLIN,GA,31021,LAURENS,0.985942,0.825546,0.958430,0.935990,3 out of 10,1 out of 9,3 out of 10
2026,110128,MEMORIAL HEALTH MEADOWS HOSPITAL,ONE MEADOWS PARKWAY,VIDALIA,GA,30474,TOOMBS,0.985942,0.825546,0.935764,0.867688,7 out of 10,6 out of 9,7 out of 10
2026,110129,ST FRANCIS HOSPITAL- EMORY HEALTHCARE,2122 MANCHESTER EXPRESSWAY,COLUMBUS,GA,31995,CHATTAHOOCHEE,0.985942,0.825546,1.038575,1.011307,0 out of 10,1 out of 9,1 out of 10
2026,110143,WELLSTAR COBB MEDICAL CENTER,3950 AUSTELL RD,AUSTELL,GA,30106,COBB,0.985942,0.825546,0.966312,0.946914,3 out of 10,1 out of 9,3 out of 10
2026,110146,SOUTHEAST GEORGIA HEALTH SYSTEM -- CAMDEN CAMPUS,2000 DAN PROCTOR DRIVE,SAINT MARYS,GA,31558,CAMDEN,0.985942,0.825546,0.895880,0.934462,3 out of 10,0 out of 9,3 out of 10
2026,110150,NAVICENT HEALTH BALDWIN,821 NORTH COBB STREET,MILLEDGEVILLE,GA,31061,BALDWIN,0.985942,0.825546,0.905399,0.846818,8 out of 10,7 out of 9,8 out of 10
2026,110161,NORTHSIDE HOSPITAL,"1000 JOHNSON FERRY ROAD, NE",ATLANTA,GA,30342,FULTON,0.985942,0.825546,0.981027,0.938114,3 out of 10,2 out of 9,3 out of 10
2026,110164,"COLISEUM MEDICAL CENTERS, LLC, DBA",350 HOSPITAL DRIVE,MACON,GA,31217,BIBB,0.985942,0.825546,1.036039,1.021364,0 out of 10,0 out of 9,0 out of 10
2026,110165,SOUTHERN REGIONAL MEDICAL CENTER,"11 UPPER RIVERDALE ROAD, SW",RIVERDALE,GA,30274,CLAYTON,0.985942,0.825546,0.958073,1.073126,0 out of 10,0 out of 9,0 out of 10
2026,110168,ADVENTHEALTH REDMOND,501 REDMOND ROAD NW,ROME,GA,30165,FLOYD,0.985942,0.825546,0.937831,0.977842,1 out of 10,0 out of 9,1 out of 10
2026,110177,DOCTORS HOSPITAL,3651 WHEELER ROAD,AUGUSTA,GA,30909,RICHMOND,0.985942,0.825546,0.993849,0.993525,0 out of 10,0 out of 9,0 out of 10
2026,110184,WELLSTAR DOUGLAS MEDICAL CENTER,8954 HOSPITAL DRIVE,DOUGLASVILLE,GA,30134,DOUGLAS,0.985942,0.825546,0.931778,0.914972,4 out of 10,1 out of 9,4 out of 10
2026,110191,PIEDMONT HENRY HOSPITAL,1133 EAGLE'S LANDING PARKWAY,STOCKBRIDGE,GA,30281,HENRY,0.985942,0.825546,0.993807,0.996606,0 out of 10,0 out of 9,0 out of 10
2026,110192,PIEDMONT EASTSIDE MEDICAL CENTER,1700 MEDICAL WAY,SNELLVILLE,GA,30078,GWINNETT,0.985942,0.825546,0.982790,1.017956,0 out of 10,0 out of 9,0 out of 10
2026,110198,WELLSTAR NORTH FULTON MEDICAL CENTER,3000 HOSPITAL BOULEVARD,ROSWELL,GA,30076,FULTON,0.985942,0.825546,1.018736,0.964196,2 out of 10,2 out of 9,2 out of 10
2026,110200,PIEDMONT COLUMBUS REGIONAL NORTHSIDE,100 FRIST COURT,COLUMBUS,GA,31909,MUSCOGEE,0.985942,0.825546,1.038924,1.063091,0 out of 10,0 out of 9,0 out of 10
2026,110201,PIEDMONT MACON NORTH HOSPITAL,400 CHARTER BOULEVARD,MACON,GA,31210,BIBB,0.985942,0.825546,1.002082,1.025892,0 out of 10,0 out of 9,0 out of 10
2026,110215,PIEDMONT FAYETTE HOSPITAL,1255 HIGHWAY 54 WEST,FAYETTEVILLE,GA,30214,FAYETTE,0.985942,0.825546,0.973203,0.939961,3 out of 10,2 out of 9,3 out of 10
2026,110225,PIEDMONT MOUNTAINSIDE HOSPITAL INC,1266 HIGHWAY 515 SOUTH,JASPER,GA,30143,PICKENS,0.985942,0.825546,0.909422,0.902971,5 out of 10,0 out of 9,5 out of 10
2026,110226,EMORY HILLANDALE HOSPITAL,2801 DEKALB MEDICAL PARKWAY,LITHONIA,GA,30058,DEKALB,0.985942,0.825546,0.961137,0.907190,5 out of 10,3 out of 9,5 out of 10
2026,110229,"PIEDMONT NEWNAN HOSPITAL, INC",745 POPLAR ROAD,NEWNAN,GA,30265,COWETA,0.985942,0.825546,0.941661,0.928226,4 out of 10,1 out of 9,4 out of 10
2026,110230,EMORY JOHNS CREEK HOSPITAL,6325 HOSPITAL PARKWAY,JOHNS CREEK,GA,30097,FULTON,0.985942,0.825546,0.914863,0.911183,5 out of 10,0 out of 9,5 out of 10
2026,110233,"SOUTHEASTERN REGIONAL MEDICAL CENTER, INC",600 CELEBRATE LIFE PARKWAY NORTH,NEWNAN,GA,30265,COWETA,0.985942,0.825546,1.069002,1.075537,0 out of 10,0 out of 9,0 out of 10
2026,110237,NORTHEAST GEORGIA MEDICAL CENTER LUMPKIN,227 MOUNTAIN DRIVE,DAHLONEGA,GA,30533,LUMPKIN,0.985942,0.825546,0.808175,0.814538,10 out of 10,0 out of 9,10 out of 10
2026,110252,NORTHSIDE HOSPITAL DULUTH,3620 HOWELL FERRY ROAD,DULUTH,GA,30096,GWINNETT,0.985942,0.825546,0.990404,0.952884,2 out of 10,2 out of 9,2 out of 10
2026,120001,THE QUEENS MEDICAL CENTER,1301 PUNCHBOWL ST,HONOLULU,HI,96813,HONOLULU,0.985942,0.825546,0.929849,0.932981,3 out of 10,0 out of 9,3 out of 10
2026,120002,MAUI MEMORIAL MEDICAL CENTER,221 MAHALANI STREET,WAILUKU,HI,96793,MAUI,0.985942,0.825546,0.936023,0.860383,8 out of 10,6 out of 9,8 out of 10
2026,120005,HILO BENIOFF MEDICAL CENTER,1190 WAIANUENUE AVENUE,HILO,HI,96720,HAWAII,0.985942,0.825546,0.927057,0.878969,7 out of 10,4 out of 9,7 out of 10
2026,120006,ADVENTIST HEALTH CASTLE,640 ULUKAHIKI ST,KAILUA,HI,96734,HONOLULU,0.985942,0.825546,0.920037,0.909714,5 out of 10,1 out of 9,5 out of 10
2026,120007,KUAKINI MEDICAL CENTER,347 NORTH KUAKINI STREET,HONOLULU,HI,96817,HONOLULU,0.985942,0.825546,0.990296,0.966584,2 out of 10,1 out of 9,2 out of 10
2026,120011,KAISER FOUNDATION HOSPITAL,3288 MOANALUA RD,HONOLULU,HI,96819,HONOLULU,0.985942,0.825546,0.897499,0.827169,9 out of 10,9 out of 9,9 out of 10
2026,120014,WILCOX MEMORIAL HOSPITAL,3-3420 KUHIO HIGHWAY,LIHUE,HI,96766,KAUAI,0.985942,0.825546,0.883938,0.827859,9 out of 10,9 out of 9,9 out of 10
2026,120019,KONA COMMUNITY HOSPITAL,79-1019 HAUKAPILA STREET,KEALAKEKUA,HI,96750,HAWAII,0.985942,0.825546,0.845260,0.853600,8 out of 10,0 out of 9,8 out of 10
2026,120022,STRAUB CLINIC AND HOSPITAL,888 S KING STREET,HONOLULU,HI,96813,HONOLULU,0.985942,0.825546,0.970151,0.946643,3 out of 10,1 out of 9,3 out of 10
2026,120026,PALI MOMI MEDICAL CENTER,98-1079 MOANALUA ROAD,AIEA,HI,96701,HONOLULU,0.985942,0.825546,0.951082,0.929019,4 out of 10,1 out of 9,4 out of 10
2026,120028,"NORTH HAWAII COMMUNITY HOSPITAL, INC",67 1125 MAMALAHOA HIGHWAY,KAMUELA,HI,96743,HAWAII,0.985942,0.825546,0.897600,0.811443,10 out of 10,9 out of 9,10 out of 10
2026,130002,ST LUKES MAGIC VALLEY MEDICAL CENTER,801 POLE LINE ROAD WEST,TWIN FALLS,ID,83301,TWIN FALLS,0.985942,0.825546,0.931075,0.923005,4 out of 10,0 out of 9,4 out of 10
2026,130003,ST JOSEPH REGIONAL MEDICAL CENTER,415 SIXTH STREET,LEWISTON,ID,83501,NEZ PERCE,0.985942,0.825546,1.004494,1.029463,0 out of 10,0 out of 9,0 out of 10
2026,130006,ST LUKE'S REGIONAL MEDICAL CENTER,190 EAST BANNOCK STREET,BOISE,ID,83712,ADA,0.985942,0.825546,0.963647,0.945933,3 out of 10,1 out of 9,3 out of 10
2026,130007,SAINT ALPHONSUS REGIONAL MEDICAL CENTER,1055 NORTH CURTIS ROAD,BOISE,ID,83706,ADA,0.985942,0.825546,1.012519,0.997977,0 out of 10,0 out of 9,0 out of 10
2026,130013,SAINT ALPHONSUS MEDICAL CENTER - NAMPA,4300 E FLAMINGO AVE,NAMPA,ID,83687,CANYON,0.985942,0.825546,0.958212,0.971199,1 out of 10,0 out of 9,1 out of 10
2026,130014,WEST VALLEY MEDICAL CENTER,1717 ARLINGTON STREET,CALDWELL,ID,83605,CANYON,0.985942,0.825546,0.889246,0.916860,4 out of 10,0 out of 9,4 out of 10
2026,130018,EASTERN IDAHO REGIONAL MEDICAL CENTER,3100 CHANNING WAY,IDAHO FALLS,ID,83404,BONNEVILLE,0.985942,0.825546,0.998832,0.989089,0 out of 10,0 out of 9,0 out of 10
2026,130028,PORTNEUF MEDICAL CENTER,777 HOSPITAL WAY,POCATELLO,ID,83201,BANNOCK,0.985942,0.825546,1.007066,1.003893,0 out of 10,0 out of 9,0 out of 10
2026,130049,KOOTENAI HEALTH,2003 KOOTENAI HEALTH WAY,COEUR D'ALENE,ID,83814,KOOTENAI,0.985942,0.825546,0.959026,0.992825,0 out of 10,0 out of 9,0 out of 10
2026,130065,MOUNTAIN VIEW HOSPITAL,2325 CORONADO STREET,IDAHO FALLS,ID,83404,BONNEVILLE,0.985942,0.825546,1.011028,0.934661,3 out of 10,4 out of 9,4 out of 10
2026,130071,ST LUKE'S NAMPA MEDICAL CENTER,9850 WEST ST LUKES DRIVE,NAMPA,ID,83687,CANYON,0.985942,0.825546,0.887472,0.895487,6 out of 10,0 out of 9,6 out of 10
2026,130074,"IDAHO FALLS COMMUNITY HOSPITAL, LLC",2327 CORONADO ST,IDAHO FALLS,ID,83404,BONNEVILLE,0.985942,0.825546,1.072659,0.978789,1 out of 10,3 out of 9,3 out of 10
2026,140001,GRAHAM HOSPITAL ASSOCIATION,210 WEST WALNUT STREET,CANTON,IL,61520,FULTON,0.985942,0.825546,0.974757,0.916500,4 out of 10,3 out of 9,4 out of 10
2026,140002,ALTON MEMORIAL HOSPITAL,ONE MEMORIAL DRIVE,ALTON,IL,62002,MADISON,0.985942,0.825546,0.936577,0.924223,4 out of 10,1 out of 9,4 out of 10
2026,140008,LOYOLA GOTTLIEB MEMORIAL HOSPITAL,701 WEST NORTH AVE,MELROSE PARK,IL,60160,COOK,0.985942,0.825546,1.004691,1.011803,0 out of 10,0 out of 9,0 out of 10
2026,140010,NORTHSHORE UNIVERSITY HEALTHSYSTEM - EVANSTON HOSPITAL,2650 RIDGE AVE,EVANSTON,IL,60201,COOK,0.985942,0.825546,0.961645,0.959020,2 out of 10,0 out of 9,2 out of 10
2026,140011,HERRIN HOSPITAL,201 S 14TH ST,HERRIN,IL,62948,WILLIAMSON,0.985942,0.825546,1.049518,0.982576,1 out of 10,2 out of 9,2 out of 10
2026,140012,OSF SAINT KATHARINE MEDICAL CENTER,403 E 1ST ST,DIXON,IL,61021,LEE,0.985942,0.825546,0.910724,0.959638,2 out of 10,0 out of 9,2 out of 10
2026,140013,CARLE HEALTH PROCTOR HOSPITAL,5409 N KNOXVILLE AVE,PEORIA,IL,61354,PEORIA,0.985942,0.825546,0.901059,0.998137,0 out of 10,0 out of 9,0 out of 10
2026,140015,BLESSING HOSPITAL,1005 BROADWAY ST,QUINCY,IL,62301,ADAMS,0.985942,0.825546,0.966988,0.984535,1 out of 10,0 out of 9,1 out of 10
2026,140018,MT SINAI HOSPITAL MEDICAL CENTER,15TH STREET AT CALIFORNIA,CHICAGO,IL,60608,COOK,0.985942,0.825546,0.973139,1.016422,0 out of 10,0 out of 9,0 out of 10
2026,140029,COPLEY MEMORIAL HOSPITAL,2000 OGDEN AVENUE,AURORA,IL,60504,DUPAGE,0.985942,0.825546,1.038102,0.973788,1 out of 10,3 out of 9,3 out of 10
2026,140030,ADVOCATE SHERMAN HOSPITAL,1425 NORTH RANDALL ROAD,ELGIN,IL,60123,KANE,0.985942,0.825546,1.023359,1.005195,0 out of 10,0 out of 9,0 out of 10
2026,140032,ST ANTHONYS MEMORIAL HOSPITAL,503 N MAPLE STREET,EFFINGHAM,IL,62401,EFFINGHAM,0.985942,0.825546,0.898996,0.921106,4 out of 10,0 out of 9,4 out of 10
2026,140034,SSM HEALTH ST MARY'S HOSPITAL -CENTRALIA,400 NORTH PLEASANT AVENUE,CENTRALIA,IL,62801,MARION,0.985942,0.825546,0.916649,0.888993,6 out of 10,3 out of 9,6 out of 10
2026,140043,CGH MEDICAL CENTER,100 EAST LEFEVRE ROAD,STERLING,IL,61081,WHITESIDE,0.985942,0.825546,1.000125,0.955126,2 out of 10,2 out of 9,2 out of 10
2026,140046,GOOD SAMARITAN REGIONAL HLTH CENTER,1 GOOD SAMARITAN WAY,MOUNT VERNON,IL,62864,JEFFERSON,0.985942,0.825546,0.973680,0.978595,1 out of 10,0 out of 9,1 out of 10
2026,140048,ADVOCATE TRINITY HOSPITAL,2320 E 93RD ST,CHICAGO,IL,60617,COOK,0.985942,0.825546,0.966917,0.959284,2 out of 10,0 out of 9,2 out of 10
2026,140049,WEST SUBURBAN MEDICAL CENTER,3 ERIE COURT,OAK PARK,IL,60302,COOK,0.985942,0.825546,0.937559,0.979999,1 out of 10,0 out of 9,1 out of 10
2026,140052,OSF SAINT ANTHONY'S HEALTH CENTER,ST ANTHONY'S WAY,ALTON,IL,62002,MADISON,0.985942,0.825546,0.941974,0.995141,0 out of 10,0 out of 9,0 out of 10
2026,140053,ST JOHNS HOSPITAL,800 E CARPENTER ST,SPRINGFIELD,IL,62769,SANGAMON,0.985942,0.825546,1.020425,1.023838,0 out of 10,0 out of 9,0 out of 10
2026,140054,MACNEAL  HOSPITAL,3249 SOUTH OAK PARK AVENUE,BERWYN,IL,60402,COOK,0.985942,0.825546,0.978462,0.982800,1 out of 10,0 out of 9,1 out of 10
2026,140059,JERSEY COMMUNITY HOSPITAL,400 MAPLE SUMMIT ROAD,JERSEYVILLE,IL,62052,JERSEY,0.985942,0.825546,1.008708,0.960961,2 out of 10,2 out of 9,2 out of 10
2026,140062,PALOS COMMUNITY HOSPITAL,12251 SOUTH 80TH AVENUE,PALOS HEIGHTS,IL,60463,COOK,0.985942,0.825546,0.995161,0.994252,0 out of 10,0 out of 9,0 out of 10
2026,140063,RUSH OAK PARK HOSPITAL,520 S MAPLE AVE,OAK PARK,IL,60304,COOK,0.985942,0.825546,0.902023,0.919505,4 out of 10,0 out of 9,4 out of 10
2026,140064,ST MARY MEDICAL CENTER,3333 NORTH SEMINARY,GALESBURG,IL,61401,KNOX,0.985942,0.825546,0.999408,0.951786,2 out of 10,2 out of 9,2 out of 10
2026,140065,UCHICAGO MEDICINE ADVENTHEALTH LA GRANGE,5101 S WILLOW SPRINGS RD,LA GRANGE,IL,60525,COOK,0.985942,0.825546,1.035045,1.064625,0 out of 10,0 out of 9,0 out of 10
2026,140067,SAINT FRANCIS MEDICAL CENTER,530 NE GLEN OAK AVE,PEORIA,IL,61637,PEORIA,0.985942,0.825546,0.959680,0.976136,1 out of 10,0 out of 9,1 out of 10
2026,140082,LOUIS A WEISS MEMORIAL HOSPITAL,4646 N MARINE DRIVE,CHICAGO,IL,60640,COOK,0.985942,0.825546,1.089807,1.099213,0 out of 10,0 out of 9,0 out of 10
2026,140088,THE UNIVERSITY OF CHICAGO MEDICAL CENTER,5841 SOUTH MARYLAND,CHICAGO,IL,60637,COOK,0.985942,0.825546,0.999861,0.995586,0 out of 10,0 out of 9,0 out of 10
2026,140089,MC DONOUGH DISTRICT HOSPITAL,525 EAST GRANT STREET,MACOMB,IL,61455,MCDONOUGH,0.985942,0.825546,0.949718,0.890464,6 out of 10,4 out of 9,6 out of 10
2026,140091,CARLE FOUNDATION HOSPITAL,611 WEST PARK STREET,URBANA,IL,61801,CHAMPAIGN,0.985942,0.825546,0.985397,0.940892,3 out of 10,2 out of 9,3 out of 10
2026,140093,OSF SACRED HEART MEDICAL CENTER,812 N LOGAN AVE,DANVILLE,IL,61832,VERMILION,0.985942,0.825546,0.985999,0.916586,4 out of 10,4 out of 9,4 out of 10
2026,140095,SAINT ANTHONY HOSPITAL,2875 WEST 19TH STREET,CHICAGO,IL,60623,COOK,0.985942,0.825546,0.983450,1.021356,0 out of 10,0 out of 9,0 out of 10
2026,140100,"MIDWESTERN REGION MED CENTER, INC",2520 ELISHA AVENUE,ZION,IL,60099,LAKE,0.985942,0.825546,1.051439,1.022651,0 out of 10,1 out of 9,1 out of 10
2026,140101,MORRIS HOSPITAL & HEALTHCARE CENTERS,150 W HIGH ST,MORRIS,IL,60450,GRUNDY,0.985942,0.825546,0.992177,1.019867,0 out of 10,0 out of 9,0 out of 10
2026,140103,ST BERNARD HOSPITAL,326 W 64TH ST,CHICAGO,IL,60621,COOK,0.985942,0.825546,1.099284,1.012623,0 out of 10,3 out of 9,3 out of 10
2026,140110,OSF SAINT ELIZABETH MDL CTR,1100 E NORRIS DRIVE,OTTAWA,IL,61350,LASALLE,0.985942,0.825546,0.967697,0.995679,0 out of 10,0 out of 9,0 out of 10
2026,140113,OSF HEART OF MARY MEDICAL CENTER,1400 WEST PARK AVENUE,URBANA,IL,61801,CHAMPAIGN,0.985942,0.825546,0.966079,0.963101,2 out of 10,0 out of 9,2 out of 10
2026,140114,SWEDISH HOSPITAL,5145 N CALIFORNIA AVE,CHICAGO,IL,60625,COOK,0.985942,0.825546,1.061848,1.073618,0 out of 10,0 out of 9,0 out of 10
2026,140115,THOREK MEMORIAL HOSPITAL,850 W IRVING PARK RD,CHICAGO,IL,60613,COOK,0.985942,0.825546,1.038481,1.010407,0 out of 10,1 out of 9,1 out of 10
2026,140116,NORTHWESTERN MEDICINE MCHENRY,4201 MEDICAL CENTER DRIVE,MCHENRY,IL,60050,MCHENRY,0.985942,0.825546,1.015018,1.008913,0 out of 10,0 out of 9,0 out of 10
2026,140119,RUSH UNIVERSITY MEDICAL CENTER,1653 WEST CONGRESS PARKWAY,CHICAGO,IL,60612,COOK,0.985942,0.825546,0.949110,0.942545,3 out of 10,0 out of 9,3 out of 10
2026,140120,CARLE HEALTH PEKIN HOSPITAL,600 SOUTH 13TH STREET,PEKIN,IL,61554,TAZEWELL,0.985942,0.825546,0.897613,0.913071,5 out of 10,0 out of 9,5 out of 10
2026,140122,UCHICAGO MEDICINE ADVENTHEALTH HINSDALE,120 NORTH OAK ST,HINSDALE,IL,60521,DUPAGE,0.985942,0.825546,1.015846,1.022305,0 out of 10,0 out of 9,0 out of 10
2026,140124,JOHN H STROGER JR HOSPITAL,1901 W HARRISON ST,CHICAGO,IL,60612,COOK,0.985942,0.825546,0.889101,0.982977,1 out of 10,0 out of 9,1 out of 10
2026,140125,GATEWAY REGIONAL MEDICAL CENTER,2100 MADISON AVENUE,GRANITE CITY,IL,62040,MADISON,0.985942,0.825546,0.915331,0.935902,3 out of 10,0 out of 9,3 out of 10
2026,140127,CARLE BROMENN MEDICAL CENTER,1304 FRANKLIN AVENUE,NORMAL,IL,61761,MCLEAN,0.985942,0.825546,0.962380,0.952726,2 out of 10,0 out of 9,2 out of 10
2026,140130,NORTHWESTERN LAKE FOREST HOSPITAL,1000 N WESTMORELAND ROAD,LAKE FOREST,IL,60045,LAKE,0.985942,0.825546,0.937498,0.940046,3 out of 10,0 out of 9,3 out of 10
2026,140135,DECATUR MEMORIAL HOSPITAL,2300 NORTH EDWARD STREET,DECATUR,IL,62526,MACON,0.985942,0.825546,1.000917,1.014791,0 out of 10,0 out of 9,0 out of 10
2026,140145,ST JOSEPHS HOSPITAL,9515 HOLY CROSS LN,BREESE,IL,62230,CLINTON,0.985942,0.825546,0.887073,0.921342,4 out of 10,0 out of 9,4 out of 10
2026,140148,MEMORIAL MEDICAL CENTER,701 N FIRST ST,SPRINGFIELD,IL,62702,SANGAMON,0.985942,0.825546,1.027345,1.019378,0 out of 10,0 out of 9,0 out of 10
2026,140150,UNIVERSITY OF ILLINOIS HOSPITAL AND CLINICS,1740 WEST TAYLOR ST SUITE 1400,CHICAGO,IL,60612,COOK,0.985942,0.825546,1.050087,1.036222,0 out of 10,0 out of 9,0 out of 10
2026,140158,INSIGHT HOSPITAL AND MEDICAL CENTER CHICAGO,2525 S MICHIGAN AVE,CHICAGO,IL,60616,COOK,0.985942,0.825546,1.145188,1.053773,0 out of 10,2 out of 9,2 out of 10
2026,140160,FHN MEMORIAL HOSPITAL,1045 WEST STEPHENSON STREET,FREEPORT,IL,61032,STEPHENSON,0.985942,0.825546,1.048463,1.012286,0 out of 10,1 out of 9,1 out of 10
2026,140161,SAINT JAMES HOSPITAL,2500 WEST REYNOLDS STREET,PONTIAC,IL,61764,LIVINGSTON,0.985942,0.825546,0.894138,0.929705,4 out of 10,0 out of 9,4 out of 10
2026,140162,ST JOSEPH MEDICAL CENTER,2200 E WASHINGTON,BLOOMINGTON,IL,61701,MCLEAN,0.985942,0.825546,0.914356,0.964288,2 out of 10,0 out of 9,2 out of 10
2026,140164,MEMORIAL HOSPITAL OF CARBONDALE,405 W JACKSON,CARBONDALE,IL,62901,JACKSON,0.985942,0.825546,1.103642,1.074822,0 out of 10,1 out of 9,1 out of 10
2026,140179,OSF LITTLE COMPANY OF MARY MEDICAL CENTER,2800 W 95TH ST,EVERGREEN PARK,IL,60805,COOK,0.985942,0.825546,0.955187,0.963698,2 out of 10,0 out of 9,2 out of 10
2026,140182,ADVOCATE ILLINOIS MASONIC MEDICAL CENTER,836 WEST WELLINGTON AVENUE,CHICAGO,IL,60657,COOK,0.985942,0.825546,1.051719,1.005849,0 out of 10,2 out of 9,2 out of 10
2026,140184,HEARTLAND REGIONAL MEDICAL CENTER,3333 W DEYOUNG,MARION,IL,62959,WILLIAMSON,0.985942,0.825546,0.975528,1.065168,0 out of 10,0 out of 9,0 out of 10
2026,140185,MEMORIAL HOSPITAL,4500 MEMORIAL DRIVE,BELLEVILLE,IL,62226,ST. CLAIR,0.985942,0.825546,0.998071,0.974500,1 out of 10,1 out of 9,1 out of 10
2026,140186,RIVERSIDE MEDICAL CENTER,350 N WALL ST,KANKAKEE,IL,60901,KANKAKEE,0.985942,0.825546,1.049123,1.086622,0 out of 10,0 out of 9,0 out of 10
2026,140187,HSHS ST ELIZABETH'S HOSPITAL,ONE ST ELIZABETH BOULEVARD,O FALLON,IL,62269,ST. CLAIR,0.985942,0.825546,0.998701,1.003108,0 out of 10,0 out of 9,0 out of 10
2026,140189,SARAH BUSH LINCOLN HEALTH CENTER,1000 HEALTH CENTER DRIVE P O BOX 372,MATTOON,IL,61938,COLES,0.985942,0.825546,0.961851,0.906851,5 out of 10,4 out of 9,5 out of 10
2026,140191,INGALLS MEMORIAL HOSPITAL,1 INGALLS DRIVE,HARVEY,IL,60426,COOK,0.985942,0.825546,1.056548,1.032883,0 out of 10,1 out of 9,1 out of 10
2026,140200,ELMHURST MEMORIAL HOSPITAL,155 EAST BRUSH HILL ROAD,ELMHURST,IL,60126,DUPAGE,0.985942,0.825546,1.000180,0.987870,0 out of 10,0 out of 9,0 out of 10
2026,140202,ADVOCATE CONDELL MEDICAL CENTER,801 S MILWAUKEE AVE,LIBERTYVILLE,IL,60048,LAKE,0.985942,0.825546,0.960060,0.993819,0 out of 10,0 out of 9,0 out of 10
2026,140206,HUMBOLDT PARK HEALTH,1044 N FRANCISCO AVE,CHICAGO,IL,60622,COOK,0.985942,0.825546,1.031631,1.079451,0 out of 10,0 out of 9,0 out of 10
2026,140208,ADVOCATE CHRIST HOSPITAL & MEDICAL CENTER,4440 W 95TH STREET,OAK LAWN,IL,60453,COOK,0.985942,0.825546,0.992771,0.995125,0 out of 10,0 out of 9,0 out of 10
2026,140209,CARLE HEALTH METHODIST HOSPITAL,221 N E GLEN OAK AVE,PEORIA,IL,61636,PEORIA,0.985942,0.825546,0.969169,0.969229,1 out of 10,0 out of 9,1 out of 10
2026,140211,NORTHWESTERN MEDICINE DELNOR COMMUNITY HOSPITAL,300 RANDALL RD,GENEVA,IL,60134,KANE,0.985942,0.825546,0.990748,0.985520,1 out of 10,0 out of 9,1 out of 10
2026,140213,SILVER CROSS HOSPITAL  AND MEDICAL CENTERS,1900 SILVER CROSS BLVD,NEW LENOX,IL,60451,WILL,0.985942,0.825546,1.003572,0.967997,2 out of 10,1 out of 9,2 out of 10
2026,140223,ADVOCATE LUTHERAN GENERAL HOSPITAL,1775 DEMPSTER ST,PARK RIDGE,IL,60068,COOK,0.985942,0.825546,1.033192,1.004144,0 out of 10,1 out of 9,1 out of 10
2026,140228,UW HEALTH,1401 EAST STATE STREET,ROCKFORD,IL,61104,WINNEBAGO,0.985942,0.825546,1.007265,0.967702,2 out of 10,2 out of 9,2 out of 10
2026,140231,EDWARD HOSPITAL,801 SOUTH WASHINGTON,NAPERVILLE,IL,60540,DUPAGE,0.985942,0.825546,0.995847,0.964411,2 out of 10,1 out of 9,2 out of 10
2026,140233,SAINT ANTHONY MEDICAL CENTER,5666 EAST STATE STREET,ROCKFORD,IL,61108,WINNEBAGO,0.985942,0.825546,1.039526,1.031919,0 out of 10,0 out of 9,0 out of 10
2026,140239,JAVON BEA HOSPITAL,2400 NORTH ROCKTON AVENUE,ROCKFORD,IL,61103,WINNEBAGO,0.985942,0.825546,1.022678,1.008240,0 out of 10,0 out of 9,0 out of 10
2026,140242,NORTHWESTERN MEDICINE CENTRAL DUPAGE HOSPITAL,25 NORTH WINFIELD ROAD,WINFIELD,IL,60190,DUPAGE,0.985942,0.825546,0.994410,0.992640,0 out of 10,0 out of 9,0 out of 10
2026,140252,NORTHWEST COMMUNITY HOSPITAL 1,800 W CENTRAL ROAD,ARLINGTON HEIGHTS,IL,60005,COOK,0.985942,0.825546,1.008243,0.996229,0 out of 10,0 out of 9,0 out of 10
2026,140275,GENESIS HLTH SYSTEM DBA GENESIS MDL CTR-ILLINI,801 ILLINI DR,SILVIS,IL,61282,ROCK ISLAND,0.985942,0.825546,0.936502,1.088990,0 out of 10,0 out of 9,0 out of 10
2026,140276,LOYOLA UNIVERSITY MEDICAL CENTER,2160 S 1ST AVENUE,MAYWOOD,IL,60153,COOK,0.985942,0.825546,0.971551,0.987278,0 out of 10,0 out of 9,0 out of 10
2026,140280,TRINITY ROCK ISLAND,2701 17TH ST,ROCK ISLAND,IL,61201,ROCK ISLAND,0.985942,0.825546,0.952747,1.024823,0 out of 10,0 out of 9,0 out of 10
2026,140281,NORTHWESTERN MEMORIAL HOSPITAL,251 E HURON ST,CHICAGO,IL,60611,COOK,0.985942,0.825546,0.984688,0.953775,2 out of 10,1 out of 9,2 out of 10
2026,140286,NORTHWESTERN MEDICINE KISHWAUKEE HOSPITAL,ONE  KISH HOSPITAL DRIVE,DEKALB,IL,60115,DEKALB,0.985942,0.825546,0.987384,0.994066,0 out of 10,0 out of 9,0 out of 10
2026,140288,ADVOCATE GOOD SAMARITAN HOSPITAL,3815 HIGHLAND AVENUE,DOWNERS GROVE,IL,60515,DUPAGE,0.985942,0.825546,1.011431,0.986652,0 out of 10,1 out of 9,1 out of 10
2026,140289,ANDERSON HOSPITAL,6800 STATE ROUTE 162,MARYVILLE,IL,62062,MADISON,0.985942,0.825546,1.019869,1.015414,0 out of 10,0 out of 9,0 out of 10
2026,140291,ADVOCATE GOOD SHEPHERD HOSPITAL,450 WEST HIGHWAY 22,BARRINGTON,IL,60010,LAKE,0.985942,0.825546,0.950752,0.919249,4 out of 10,2 out of 9,4 out of 10
2026,140292,UCHICAGO MEDICINE ADVENTHEALTH GLENOAKS,701 WINTHROP AVENUE,GLENDALE HEIGHTS,IL,60139,DUPAGE,0.985942,0.825546,1.078624,1.081641,0 out of 10,0 out of 9,0 out of 10
2026,140294,DEACONESS ILLINOIS CROSSROADS,8 DOCTORS PARK RD,MOUNT VERNON,IL,62864,JEFFERSON,0.985942,0.825546,1.006606,1.119549,0 out of 10,0 out of 9,0 out of 10
2026,140304,UCHICAGO MEDICINE ADVENTHEALTH BOLINGBROOK,500 REMINGTON BOULEVARD,BOLINGBROOK,IL,60440,WILL,0.985942,0.825546,1.028039,1.051868,0 out of 10,0 out of 9,0 out of 10
2026,150001,JOHNSON MEMORIAL HOSPITAL,1125 W JEFFERSON ST,FRANKLIN,IN,46131,JOHNSON,0.985942,0.825546,0.975709,0.936433,3 out of 10,2 out of 9,3 out of 10
2026,150002,METHODIST HOSPITALS INC,600 GRANT ST,GARY,IN,46402,LAKE,0.985942,0.825546,1.093546,1.078489,0 out of 10,0 out of 9,0 out of 10
2026,150005,HENDRICKS REGIONAL HEALTH,1000 E MAIN ST,DANVILLE,IN,46122,HENDRICKS,0.985942,0.825546,0.921414,0.940396,3 out of 10,0 out of 9,3 out of 10
2026,150006,NORTHWEST HEALTH-LA PORTE,1007 LINCOLNWAY,LA PORTE,IN,46350,LAPORTE,0.985942,0.825546,1.058007,1.024189,0 out of 10,1 out of 9,1 out of 10
2026,150007,COMMUNITY HOWARD REGIONAL HEALTH INC.,3500 S LAFOUNTAIN ST,KOKOMO,IN,46902,HOWARD,0.985942,0.825546,1.003338,0.981685,1 out of 10,1 out of 9,1 out of 10
2026,150008,ST CATHERINE HOSPITAL INC,4321 FIR STREET,EAST CHICAGO,IN,46312,LAKE,0.985942,0.825546,1.110882,1.117140,0 out of 10,0 out of 9,0 out of 10
2026,150009,NORTON CLARK HOSPITAL,1220 MISSOURI AVE,JEFFERSONVILLE,IN,47130,CLARK,0.985942,0.825546,1.069038,1.080100,0 out of 10,0 out of 9,0 out of 10
2026,150011,MARION GENERAL HOSPITAL,441 N WABASH AVE,MARION,IN,46952,GRANT,0.985942,0.825546,1.016356,0.984976,1 out of 10,1 out of 9,1 out of 10
2026,150012,SAINT JOSEPH REGIONAL MEDICAL CENTER,5215 HOLY CROSS PKWY,MISHAWAKA,IN,46545,ST. JOSEPH,0.985942,0.825546,0.979387,0.962453,2 out of 10,1 out of 9,2 out of 10
2026,150015,FRANCISCAN HEALTH MICHIGAN CITY,3500 FRANCISCAN WAY,MICHIGAN CITY,IN,46360,LAPORTE,0.985942,0.825546,1.013353,1.000149,0 out of 10,0 out of 9,0 out of 10
2026,150017,LUTHERAN HOSPITAL OF INDIANA,7950 W JEFFERSON BLVD,FORT WAYNE,IN,46804,ALLEN,0.985942,0.825546,1.044284,1.067820,0 out of 10,0 out of 9,0 out of 10
2026,150018,ELKHART GENERAL HOSPITAL,600 E BLVD,ELKHART,IN,46514,ELKHART,0.985942,0.825546,1.005282,0.989628,0 out of 10,0 out of 9,0 out of 10
2026,150021,PARKVIEW REGIONAL MEDICAL CENTER,11109 PARKVIEW PLAZA DRIVE,FORT WAYNE,IN,46845,ALLEN,0.985942,0.825546,1.010631,0.993281,0 out of 10,0 out of 9,0 out of 10
2026,150022,FRANCISCAN HEALTH CRAWFORDSVILLE,1710 LAFAYETTE RD,CRAWFORDSVILLE,IN,47933,MONTGOMERY,0.985942,0.825546,0.972536,1.048213,0 out of 10,0 out of 9,0 out of 10
2026,150023,UNION HOSPITAL INC,1606 N SEVENTH ST,TERRE HAUTE,IN,47804,VIGO,0.985942,0.825546,1.015463,0.996158,0 out of 10,1 out of 9,1 out of 10
2026,150024,ESKENAZI HEALTH,720 ESKENAZI AVENUE,INDIANAPOLIS,IN,46202,MARION,0.985942,0.825546,0.981906,0.973543,1 out of 10,0 out of 9,1 out of 10
2026,150026,GOSHEN HOSPITAL,200 HIGH PARK AVE,GOSHEN,IN,46526,ELKHART,0.985942,0.825546,1.003944,1.001306,0 out of 10,0 out of 9,0 out of 10
2026,150030,HENRY COUNTY MEMORIAL HOSPITAL,1000 N 16TH ST,NEW CASTLE,IN,47362,HENRY,0.985942,0.825546,1.061105,1.047310,0 out of 10,0 out of 9,0 out of 10
2026,150034,ST MARY MEDICAL CENTER INC,1500 S LAKE PARK AVE,HOBART,IN,46342,LAKE,0.985942,0.825546,1.072310,1.047871,0 out of 10,0 out of 9,0 out of 10
2026,150035,NORTHWEST HEALTH - PORTER,85 EAST US HWY 6,VALPARAISO,IN,46383,PORTER,0.985942,0.825546,1.058556,1.047655,0 out of 10,0 out of 9,0 out of 10
2026,150037,HANCOCK REGIONAL HOSPITAL,801 N STATE ST,GREENFIELD,IN,46140,HANCOCK,0.985942,0.825546,1.108201,1.044878,0 out of 10,2 out of 9,2 out of 10
2026,150042,GOOD SAMARITAN HOSPITAL,520 S 7TH ST,VINCENNES,IN,47591,KNOX,0.985942,0.825546,1.135593,1.124930,0 out of 10,0 out of 9,0 out of 10
2026,150044,BAPTIST HEALTH FLOYD,1850 STATE ST,NEW ALBANY,IN,47150,FLOYD,0.985942,0.825546,1.124457,1.123141,0 out of 10,0 out of 9,0 out of 10
2026,150045,PARKVIEW DEKALB HOSPITAL,1316 E SEVENTH ST,AUBURN,IN,46706,DEKALB,0.985942,0.825546,1.013181,0.916991,4 out of 10,5 out of 9,5 out of 10
2026,150046,TERRE HAUTE REGIONAL HOSPITAL,3901 S SEVENTH ST,TERRE HAUTE,IN,47802,VIGO,0.985942,0.825546,1.056456,1.020908,0 out of 10,1 out of 9,1 out of 10
2026,150047,"ST JOSEPH HEALTH SYSTEM, LLC",702 VAN BUREN ST.,FORT WAYNE,IN,46802,ALLEN,0.985942,0.825546,1.005258,1.083127,0 out of 10,0 out of 9,0 out of 10
2026,150048,REID HEALTH,1100 REID PKWY,RICHMOND,IN,47374,WAYNE,0.985942,0.825546,1.002181,0.984118,1 out of 10,1 out of 9,1 out of 10
2026,150051,INDIANA UNIVERSITY HEALTH BLOOMINGTON HOSPITAL,601 W SECOND ST,BLOOMINGTON,IN,47403,MONROE,0.985942,0.825546,1.030822,1.049872,0 out of 10,0 out of 9,0 out of 10
2026,150056,INDIANA UNIVERSITY HEALTH,1701 N SENATE BLVD,INDIANAPOLIS,IN,46202,MARION,0.985942,0.825546,1.065626,1.056671,0 out of 10,0 out of 9,0 out of 10
2026,150057,FRANCISCAN HEALTH MOORESVILLE,1201 HADLEY RD,MOORESVILLE,IN,46158,MORGAN,0.985942,0.825546,0.964762,0.934847,3 out of 10,2 out of 9,3 out of 10
2026,150058,MEMORIAL HOSPITAL OF SOUTH BEND,615 N MICHIGAN ST,SOUTH BEND,IN,46601,ST. JOSEPH,0.985942,0.825546,0.997633,0.975826,1 out of 10,1 out of 9,1 out of 10
2026,150059,RIVERVIEW HEALTH,395 WESTFIELD RD,NOBLESVILLE,IN,46060,HAMILTON,0.985942,0.825546,1.048749,1.054183,0 out of 10,0 out of 9,0 out of 10
2026,150061,DAVIESS COMMUNITY HOSPITAL,1314 E WALNUT ST,WASHINGTON,IN,47501,DAVIESS,0.985942,0.825546,1.211158,1.063957,0 out of 10,3 out of 9,3 out of 10
2026,150065,SCHNECK MEDICAL CENTER,411 W TIPTON ST,SEYMOUR,IN,47274,JACKSON,0.985942,0.825546,1.020486,0.997552,0 out of 10,1 out of 9,1 out of 10
2026,150069,NORTON-KING'S DAUGHTERS' HEALTH,1373 EAST SR 62,MADISON,IN,47250,JEFFERSON,0.985942,0.825546,1.016311,1.006398,0 out of 10,0 out of 9,0 out of 10
2026,150072,MEMORIAL HOSPITAL,1101 MICHIGAN AVE,LOGANSPORT,IN,46947,CASS,0.985942,0.825546,1.045776,1.100732,0 out of 10,0 out of 9,0 out of 10
2026,150074,COMMUNITY HOSPITAL EAST,1500 N RITTER AVE,INDIANAPOLIS,IN,46219,MARION,0.985942,0.825546,1.029486,1.044278,0 out of 10,0 out of 9,0 out of 10
2026,150075,BLUFFTON REGIONAL MEDICAL CENTER,303 S MAIN ST,BLUFFTON,IN,46714,WELLS,0.985942,0.825546,0.902016,0.931475,4 out of 10,0 out of 9,4 out of 10
2026,150076,SAINT JOSEPH REGIONAL MEDICAL CENTER - PLYMOUTH,1915 LAKE AVE,PLYMOUTH,IN,46563,MARSHALL,0.985942,0.825546,0.982352,0.950846,2 out of 10,2 out of 9,2 out of 10
2026,150082,DEACONESS HOSPITAL INC,600 MARY ST,EVANSVILLE,IN,47747,VANDERBURGH,0.985942,0.825546,1.068371,1.038368,0 out of 10,1 out of 9,1 out of 10
2026,150086,ST ELIZABETH DEARBORN HOSPITAL,600 WILSON CREEK RD,LAWRENCEBURG,IN,47025,DEARBORN,0.985942,0.825546,1.006022,1.044573,0 out of 10,0 out of 9,0 out of 10
2026,150089,INDIANA UNIVERSITY HEALTH BALL MEMORIAL HOSPITAL,2401 UNIVERSITY AVE,MUNCIE,IN,47303,DELAWARE,0.985942,0.825546,1.005779,1.005182,0 out of 10,0 out of 9,0 out of 10
2026,150090,FRANCISCAN HEALTH DYER,24 JOLIET ST,DYER,IN,46311,LAKE,0.985942,0.825546,Not Available,1.071608,0 out of 10,Not Available,0 out of 10
2026,150091,PARKVIEW HUNTINGTON HOSPITAL,2001 STULTS RD,HUNTINGTON,IN,46750,HUNTINGTON,0.985942,0.825546,0.989464,0.900668,5 out of 10,5 out of 9,5 out of 10
2026,150097,MAJOR HOSPITAL,2451 INTELLIPLEX DR,SHELBYVILLE,IN,46176,SHELBY,0.985942,0.825546,0.979350,0.987165,0 out of 10,0 out of 9,0 out of 10
2026,150101,PARKVIEW WHITLEY HOSPITAL,1260 E SR 205,COLUMBIA CITY,IN,46725,WHITLEY,0.985942,0.825546,0.928387,0.873570,7 out of 10,5 out of 9,7 out of 10
2026,150104,WITHAM HEALTH SERVICES,2605 N LEBANON ST,LEBANON,IN,46052,BOONE,0.985942,0.825546,0.935482,0.942698,3 out of 10,0 out of 9,3 out of 10
2026,150109,FRANCISCAN HEALTH LAFAYETTE,1701 S CREASY LN,LAFAYETTE,IN,47905,TIPPECANOE,0.985942,0.825546,0.994728,1.022411,0 out of 10,0 out of 9,0 out of 10
2026,150112,COLUMBUS REGIONAL HOSPITAL,2400 E 17TH ST,COLUMBUS,IN,47201,BARTHOLOMEW,0.985942,0.825546,0.955440,0.964765,2 out of 10,0 out of 9,2 out of 10
2026,150113,COMMUNITY HOSPITAL OF ANDERSON AND MADISON COUNTY,1515 N MADISON AVE,ANDERSON,IN,46011,MADISON,0.985942,0.825546,1.033605,1.018199,0 out of 10,0 out of 9,0 out of 10
2026,150115,MEMORIAL HOSPITAL AND HEALTH CARE CENTER,800 W 9TH ST,JASPER,IN,47546,DUBOIS,0.985942,0.825546,1.007402,0.975868,1 out of 10,1 out of 9,1 out of 10
2026,150125,COMMUNITY HOSPITAL,901 MACARTHUR BLVD,MUNSTER,IN,46321,LAKE,0.985942,0.825546,1.082771,1.102495,0 out of 10,0 out of 9,0 out of 10
2026,150126,FRANCISCAN HEALTH CROWN POINT,1201 S MAIN ST,CROWN POINT,IN,46307,LAKE,0.985942,0.825546,1.049505,1.016456,0 out of 10,1 out of 9,1 out of 10
2026,150128,"COMMUNITY HOSPITAL SOUTH, INC.",1402 E COUNTY LINE RD S,INDIANAPOLIS,IN,46227,MARION,0.985942,0.825546,1.062797,1.068492,0 out of 10,0 out of 9,0 out of 10
2026,150133,KOSCIUSKO COMMUNITY HOSPITAL,2101 E DUBOIS DR,WARSAW,IN,46580,KOSCIUSKO,0.985942,0.825546,0.920471,0.951253,2 out of 10,0 out of 9,2 out of 10
2026,150146,PARKVIEW NOBLE HOSPITAL,401 SAWYER RD,KENDALLVILLE,IN,46755,NOBLE,0.985942,0.825546,0.928358,0.888206,6 out of 10,3 out of 9,6 out of 10
2026,150150,DUPONT HOSPITAL LLC,2520 E DUPONT RD,FORT WAYNE,IN,46825,ALLEN,0.985942,0.825546,1.012202,1.055936,0 out of 10,0 out of 9,0 out of 10
2026,150158,IU HEALTH WEST HOSPITAL,1111 N RONALD REAGAN PKWY,AVON,IN,46123,HENDRICKS,0.985942,0.825546,1.002034,0.980365,1 out of 10,1 out of 9,1 out of 10
2026,150161,INDIANA UNIVERSITY HEALTH NORTH HOSPITAL,11700 N MERIDIAN ST,CARMEL,IN,46032,HAMILTON,0.985942,0.825546,1.010652,1.004153,0 out of 10,0 out of 9,0 out of 10
2026,150162,FRANCISCAN HEALTH INDIANAPOLIS,8111 S EMERSON AVE,INDIANAPOLIS,IN,46237,MARION,0.985942,0.825546,0.983435,0.989238,0 out of 10,0 out of 9,0 out of 10
2026,150165,FRANCISCAN HEALTH MUNSTER,701 SUPERIOR AVE,MUNSTER,IN,46321,LAKE,0.985942,0.825546,1.011737,1.013045,0 out of 10,0 out of 9,0 out of 10
2026,150169,COMMUNITY HOSPITAL NORTH,7150 CLEARVISTA DR,INDIANAPOLIS,IN,46256,MARION,0.985942,0.825546,1.053870,1.047719,0 out of 10,0 out of 9,0 out of 10
2026,150173,INDIANA UNIVERSITY HEALTH ARNETT HOSPITAL,5165 MCCARTY LN,LAFAYETTE,IN,47905,TIPPECANOE,0.985942,0.825546,1.060976,0.995171,0 out of 10,2 out of 9,2 out of 10
2026,150183,MONROE HOSPITAL,4011 S MONROE MEDICAL PARK BLVD,BLOOMINGTON,IN,47403,MONROE,0.985942,0.825546,0.887657,0.898974,5 out of 10,0 out of 9,5 out of 10
2026,160001,UNITYPOINT HEALTH - MARSHALLTOWN,55 UNITYPOINT WAY,MARSHALLTOWN,IA,50158,MARSHALL,0.985942,0.825546,0.864013,0.818263,10 out of 10,9 out of 9,10 out of 10
2026,160013,TRINITY MUSCATINE,1518 MULBERRY AVENUE,MUSCATINE,IA,52761,MUSCATINE,0.985942,0.825546,0.851798,0.915470,4 out of 10,0 out of 9,4 out of 10
2026,160016,TRINITY REGIONAL MEDICAL CENTER,802 KENYON RD,FORT DODGE,IA,50501,WEBSTER,0.985942,0.825546,0.929563,0.893253,6 out of 10,3 out of 9,6 out of 10
2026,160028,CHI HEALTH MERCY COUNCIL BLUFFS,800 MERCY DRIVE,COUNCIL BLUFFS,IA,51503,POTTAWATTAMIE,0.985942,0.825546,0.914959,0.982621,1 out of 10,0 out of 9,1 out of 10
2026,160029,UNIVERSITY OF IOWA HEALTH CARE MEDICAL CENTER DOWN,500 E MARKET STREET,IOWA CITY,IA,52245,JOHNSON,0.985942,0.825546,0.944564,0.974267,1 out of 10,0 out of 9,1 out of 10
2026,160030,MARY GREELEY MEDICAL CENTER,1111 DUFF AVENUE,AMES,IA,50010,STORY,0.985942,0.825546,0.951326,0.959260,2 out of 10,0 out of 9,2 out of 10
2026,160033,GENESIS MEDICAL CENTER-DAVENPORT,1227 EAST RUSHOLME STREET,DAVENPORT,IA,52803,SCOTT,0.985942,0.825546,0.969607,0.951313,2 out of 10,1 out of 9,2 out of 10
2026,160045,ST LUKES HOSPITAL,1026 A AVE NE,CEDAR RAPIDS,IA,52402,LINN,0.985942,0.825546,0.935478,0.946344,3 out of 10,0 out of 9,3 out of 10
2026,160047,METHODIST JENNIE EDMUNDSON,933 EAST PIERCE STREET,COUNCIL BLUFFS,IA,51503,POTTAWATTAMIE,0.985942,0.825546,0.975113,0.932646,3 out of 10,2 out of 9,3 out of 10
2026,160057,SOUTHEAST IOWA REGIONAL MEDICAL CENTER,1221 SOUTH GEAR AVENUE,WEST BURLINGTON,IA,52655,DES MOINES,0.985942,0.825546,0.929266,0.913243,5 out of 10,1 out of 9,5 out of 10
2026,160064,MERCYONE NORTH IOWA MEDICAL CENTER,1000 FOURTH STREET SW,MASON CITY,IA,50401,CERRO GORDO,0.985942,0.825546,0.955205,0.948579,3 out of 10,0 out of 9,3 out of 10
2026,160067,MERCYONE WATERLOO MEDICAL CENTER,3421 WEST NINTH STREET,WATERLOO,IA,50702,BLACK HAWK,0.985942,0.825546,0.973654,0.873333,7 out of 10,6 out of 9,7 out of 10
2026,160069,MERCYONE DUBUQUE MEDICAL CENTER,250 MERCY DRIVE,DUBUQUE,IA,52001,DUBUQUE,0.985942,0.825546,0.948593,0.933661,3 out of 10,1 out of 9,3 out of 10
2026,160079,MERCY MEDICAL CENTER - CEDAR RAPIDS,701 10TH STREET SE,CEDAR RAPIDS,IA,52403,LINN,0.985942,0.825546,0.964735,0.946675,3 out of 10,1 out of 9,3 out of 10
2026,160080,MERCYONE CLINTON MEDICAL CENTER,1410 NORTH 4TH STREET,CLINTON,IA,52732,CLINTON,0.985942,0.825546,0.923347,0.830456,9 out of 10,9 out of 9,9 out of 10
2026,160082,UNITYPOINT HEALTH - DES MOINES IOWA METHODIST MEDI,1200 PLEASANT STREET,DES MOINES,IA,50309,POLK,0.985942,0.825546,0.942782,0.961756,2 out of 10,0 out of 9,2 out of 10
2026,160083,MERCYONE DES MOINES MEDICAL CENTER,1111 6TH AVE,DES MOINES,IA,50314,POLK,0.985942,0.825546,0.988297,1.006534,0 out of 10,0 out of 9,0 out of 10
2026,160089,OTTUMWA REGIONAL HEALTH CENTER,1001 E PENNSYLVANIA,OTTUMWA,IA,52501,WAPELLO,0.985942,0.825546,1.030404,0.984793,1 out of 10,2 out of 9,2 out of 10
2026,160101,BROADLAWNS MEDICAL CENTER,1801 HICKMAN ROAD,DES MOINES,IA,50314,POLK,0.985942,0.825546,0.879569,0.972605,1 out of 10,0 out of 9,1 out of 10
2026,160104,TRINITY - BETTENDORF,4500 UTICA RIDGE ROAD,BETTENDORF,IA,52722,SCOTT,0.985942,0.825546,0.919190,0.958526,2 out of 10,0 out of 9,2 out of 10
2026,160110,ALLEN HOSPITAL,1825 LOGAN AVENUE,WATERLOO,IA,50703,BLACK HAWK,0.985942,0.825546,0.933811,0.920258,4 out of 10,1 out of 9,4 out of 10
2026,160112,SPENCER MUNICIPAL HOSPITAL,1200 1ST AVENUE EAST,SPENCER,IA,51301,CLAY,0.985942,0.825546,0.939426,0.870880,7 out of 10,6 out of 9,7 out of 10
2026,160117,FINLEY HOSPITAL,350 NORTH GRANDVIEW AVENUE,DUBUQUE,IA,52001,DUBUQUE,0.985942,0.825546,0.927024,0.888850,6 out of 10,3 out of 9,6 out of 10
2026,160124,LAKES REGIONAL HEALTHCARE,2301 HIGHWAY 71,SPIRIT LAKE,IA,51360,DICKINSON,0.985942,0.825546,0.924109,0.853260,8 out of 10,7 out of 9,8 out of 10
2026,160146,ST LUKES REGIONAL MEDICAL CENTER,2720 STONE PARK BOULEVARD,SIOUX CITY,IA,51104,WOODBURY,0.985942,0.825546,0.965257,0.949492,3 out of 10,1 out of 9,3 out of 10
2026,160147,GRINNELL REGIONAL MEDICAL CENTER,210 FOURTH AVENUE,GRINNELL,IA,50112,POWESHIEK,0.985942,0.825546,0.876054,0.869176,7 out of 10,1 out of 9,7 out of 10
2026,160153,MERCYONE SIOUXLAND MEDICAL CENTER,801 5TH ST,SIOUX CITY,IA,51101,WOODBURY,0.985942,0.825546,0.993847,0.968198,1 out of 10,1 out of 9,1 out of 10
2026,170009,SAINT JOHN HOSPITAL,3500 SOUTH 4TH STREET,LEAVENWORTH,KS,66048,LEAVENWORTH,0.985942,0.825546,0.987391,0.867125,7 out of 10,7 out of 9,7 out of 10
2026,170012,SALINA REGIONAL HEALTH CENTER,400 SOUTH SANTA FE AVENUE,SALINA,KS,67401,SALINE,0.985942,0.825546,1.034848,1.021518,0 out of 10,0 out of 9,0 out of 10
2026,170013,HAYS MEDICAL CENTER,2220 CANTERBURY DRIVE,HAYS,KS,67601,ELLIS,0.985942,0.825546,1.033245,1.009548,0 out of 10,1 out of 9,1 out of 10
2026,170014,ADVENTHEALTH OTTAWA,1301 S MAIN STREET,OTTAWA,KS,66067,FRANKLIN,0.985942,0.825546,0.955084,0.906901,5 out of 10,3 out of 9,5 out of 10
2026,170016,UNIVERSITY OF KANSAS HEALTH SYSTEM - ST FRANCIS CAMPUS,1700 SW 7TH STREET,TOPEKA,KS,66606,SHAWNEE,0.985942,0.825546,1.001965,0.986274,0 out of 10,0 out of 9,0 out of 10
2026,170017,SUSAN B ALLEN MEMORIAL HOSPITAL,720 W CENTRAL ST,EL DORADO,KS,67042,BUTLER,0.985942,0.825546,0.960695,0.822412,10 out of 10,9 out of 9,10 out of 10
2026,170020,HUTCHINSON REGIONAL MEDICAL CENTER INC,1701 E 23RD AVENUE,HUTCHINSON,KS,67502,RENO,0.985942,0.825546,0.992232,0.945156,3 out of 10,2 out of 9,3 out of 10
2026,170023,ST. CATHERINE HOSPITAL - GARDEN CITY,401 EAST SPRUCE,GARDEN CITY,KS,67846,FINNEY,0.985942,0.825546,1.012304,1.014697,0 out of 10,0 out of 9,0 out of 10
2026,170027,PRATT REGIONAL MEDICAL CENTER,200 COMMODORE ST,PRATT,KS,67124,PRATT,0.985942,0.825546,1.017791,0.916319,4 out of 10,5 out of 9,5 out of 10
2026,170040,UNIVERSITY OF KANSAS HOSPITAL,4000 CAMBRIDGE STREET,KANSAS CITY,KS,66160,WYANDOTTE,0.985942,0.825546,1.007824,0.978455,1 out of 10,1 out of 9,1 out of 10
2026,170049,UNIVERSITY OF KANSAS HEALTH SYSTEM OLATHE HOSPITAL,20333 WEST 151ST STREET,OLATHE,KS,66061,JOHNSON,0.985942,0.825546,0.998488,0.996990,0 out of 10,0 out of 9,0 out of 10
2026,170068,SOUTHWEST MEDICAL CENTER,315 WEST 15TH STREET,LIBERAL,KS,67901,SEWARD,0.985942,0.825546,1.004814,0.886875,6 out of 10,6 out of 9,6 out of 10
2026,170074,"STORMONT VAIL HEALTH FLINT HILLS, LLC",1102 ST MARY'S ROAD,JUNCTION CITY,KS,66441,GEARY,0.985942,0.825546,0.936370,0.777566,10 out of 10,9 out of 9,10 out of 10
2026,170086,STORMONT VAIL HOSPITAL,1500 SW 10TH AVENUE,TOPEKA,KS,66604,SHAWNEE,0.985942,0.825546,1.047390,1.052255,0 out of 10,0 out of 9,0 out of 10
2026,170103,NMC HEALTH,600 MEDICAL CENTER DRIVE,NEWTON,KS,67114,HARVEY,0.985942,0.825546,1.064584,0.998286,0 out of 10,2 out of 9,2 out of 10
2026,170104,ADVENTHEALTH SHAWNEE MISSION,9100 W 74TH STREET,SHAWNEE MISSION,KS,66204,JOHNSON,0.985942,0.825546,1.000000,0.984864,1 out of 10,0 out of 9,1 out of 10
2026,170105,MCPHERSON HOSPITAL,1000 HOSPITAL DRIVE,MCPHERSON,KS,67460,MCPHERSON,0.985942,0.825546,0.972247,0.892188,6 out of 10,5 out of 9,6 out of 10
2026,170120,LABETTE HEALTH,1902 SOUTH US HWY 59,PARSONS,KS,67357,LABETTE,0.985942,0.825546,0.972897,0.890041,6 out of 10,5 out of 9,6 out of 10
2026,170123,WESLEY MEDICAL CENTER,550 N HILLSIDE STREET,WICHITA,KS,67214,SEDGWICK,0.985942,0.825546,0.991280,1.007567,0 out of 10,0 out of 9,0 out of 10
2026,170137,LMH,325 MAINE STREET,LAWRENCE,KS,66044,DOUGLAS,0.985942,0.825546,0.896227,0.899113,5 out of 10,0 out of 9,5 out of 10
2026,170146,PROVIDENCE MEDICAL CENTER,8929 PARALLEL PARKWAY,KANSAS CITY,KS,66112,WYANDOTTE,0.985942,0.825546,0.966619,0.960988,2 out of 10,0 out of 9,2 out of 10
2026,170175,CENTURA ST. CATHERINE-DODGE CITY,3001 AVENUE A,DODGE CITY,KS,67801,FORD,0.985942,0.825546,0.941345,0.925518,4 out of 10,1 out of 9,4 out of 10
2026,170176,OVERLAND PARK REG MED CTR,10500 QUIVIRA ROAD,OVERLAND PARK,KS,66215,JOHNSON,0.985942,0.825546,1.015017,1.024813,0 out of 10,0 out of 9,0 out of 10
2026,170182,MENORAH MEDICAL CENTER,5721 WEST 119TH STREET,OVERLAND PARK,KS,66209,JOHNSON,0.985942,0.825546,0.997779,1.008421,0 out of 10,0 out of 9,0 out of 10
2026,170185,SAINT LUKE'S SOUTH HOSPITAL,12300 METCALF AVENUE,OVERLAND PARK,KS,66213,JOHNSON,0.985942,0.825546,1.035751,1.051506,0 out of 10,0 out of 9,0 out of 10
2026,170186,KANSAS HEART HOSPITAL,3601 NORTH WEBB ROAD,WICHITA,KS,67226,SEDGWICK,0.985942,0.825546,0.983264,0.992245,0 out of 10,0 out of 9,0 out of 10
2026,170191,UNIVERSITY  OF KS HLTH SYSTEM GREAT BEND CAMPUS,514 CLEVELAND STREET,GREAT BEND,KS,67530,BARTON,0.985942,0.825546,1.054093,0.938387,3 out of 10,5 out of 9,5 out of 10
2026,170197,KANSAS MEDICAL CENTER LLC,1124 WEST 21ST STREET,ANDOVER,KS,67002,BUTLER,0.985942,0.825546,0.998058,1.012629,0 out of 10,0 out of 9,0 out of 10
2026,170204,"ROCK REGIONAL HOSPITAL, LLC",3251 NORTH ROCK ROAD,DERBY,KS,67037,SEDGWICK,0.985942,0.825546,0.943949,0.943647,3 out of 10,0 out of 9,3 out of 10
2026,170208,"ADVENTHEALTH SOUTH OVERLAND PARK, INC",7820 W 165TH STREET,OVERLAND PARK,KS,66223,JOHNSON,0.985942,0.825546,0.892197,1.005753,0 out of 10,0 out of 9,0 out of 10
2026,180001,ST ELIZABETH FT THOMAS,85 NORTH GRAND AVENUE,FORT THOMAS,KY,41075,CAMPBELL,0.985942,0.825546,1.054742,1.059481,0 out of 10,0 out of 9,0 out of 10
2026,180002,WHITESBURG ARH HOSPITAL,240 HOSPITAL ROAD,WHITESBURG,KY,41858,LETCHER,0.985942,0.825546,0.849125,0.873074,7 out of 10,0 out of 9,7 out of 10
2026,180004,OWENSBORO HEALTH MUHLENBERG COMMUNITY HOSPITAL,440 HOPKINSVILLE STREET,GREENVILLE,KY,42345,MUHLENBERG,0.985942,0.825546,0.927432,0.887846,6 out of 10,3 out of 9,6 out of 10
2026,180005,HIGHLANDS ARH REGIONAL MEDICAL CENTER,5000 KENTUCKY ROUTE 321,PRESTONSBURG,KY,41653,FLOYD,0.985942,0.825546,0.994766,1.053296,0 out of 10,0 out of 9,0 out of 10
2026,180009,KING'S DAUGHTERS' MEDICAL CENTER,2201 LEXINGTON AVENUE,ASHLAND,KY,41101,BOYD,0.985942,0.825546,0.976497,0.978027,1 out of 10,0 out of 9,1 out of 10
2026,180010,SAINT JOSEPH HOSPITAL,ONE SAINT JOSEPH DRIVE,LEXINGTON,KY,40504,FAYETTE,0.985942,0.825546,1.009751,1.005218,0 out of 10,0 out of 9,0 out of 10
2026,180011,SAINT JOSEPH LONDON,1001 SAINT JOSEPH LANE,LONDON,KY,40741,LAUREL,0.985942,0.825546,0.956969,0.906631,5 out of 10,3 out of 9,5 out of 10
2026,180012,BAPTIST HEALTH HARDIN,913 NORTH DIXIE AVENUE,ELIZABETHTOWN,KY,42701,HARDIN,0.985942,0.825546,1.050578,1.024441,0 out of 10,1 out of 9,1 out of 10
2026,180013,THE MEDICAL CENTER (BOWLING GREEN),250 PARK STREET,BOWLING GREEN,KY,42101,WARREN,0.985942,0.825546,1.050574,1.051893,0 out of 10,0 out of 9,0 out of 10
2026,180016,UOFL HEALTH - SHELBYVILLE HOSPITAL,727 HOSPITAL DRIVE,SHELBYVILLE,KY,40065,SHELBY,0.985942,0.825546,1.022002,0.905705,5 out of 10,5 out of 9,5 out of 10
2026,180017,T J SAMSON COMMUNITY HOSPITAL,1301 NORTH RACE STREET,GLASGOW,KY,42141,BARREN,0.985942,0.825546,0.984076,1.024717,0 out of 10,0 out of 9,0 out of 10
2026,180018,ST CLAIRE REGIONAL MEDICAL CENTER,222 MEDICAL CIRCLE,MOREHEAD,KY,40351,ROWAN,0.985942,0.825546,0.934526,0.898851,5 out of 10,3 out of 9,5 out of 10
2026,180019,MEADOWVIEW REGIONAL MEDICAL CENTER,989 MEDICAL PARK DRIVE,MAYSVILLE,KY,41056,MASON,0.985942,0.825546,0.962862,1.095048,0 out of 10,0 out of 9,0 out of 10
2026,180020,MIDDLESBORO ARH HOSPITAL,3600 WEST CUMBERLAND AVENUE,MIDDLESBORO,KY,40965,BELL,0.985942,0.825546,1.025422,1.046632,0 out of 10,0 out of 9,0 out of 10
2026,180024,SPRING VIEW HOSPITAL,320 LORETTO ROAD,LEBANON,KY,40033,MARION,0.985942,0.825546,0.862128,0.825730,9 out of 10,9 out of 9,9 out of 10
2026,180025,CHI SAINT JOSEPH FLAGET MEMORIAL HOSPITAL,4305 NEW SHEPHERDSVILLE ROAD,BARDSTOWN,KY,40004,NELSON,0.985942,0.825546,0.911643,0.854352,8 out of 10,6 out of 9,8 out of 10
2026,180027,MURRAY-CALLOWAY COUNTY HOSPITAL,803 POPLAR STREET,MURRAY,KY,42071,CALLOWAY,0.985942,0.825546,1.034251,1.027432,0 out of 10,0 out of 9,0 out of 10
2026,180029,HAZARD ARH REGIONAL MEDICAL CENTER,100 MEDICAL CENTER DRIVE,HAZARD,KY,41701,PERRY,0.985942,0.825546,0.984625,1.039855,0 out of 10,0 out of 9,0 out of 10
2026,180035,ST ELIZABETH EDGEWOOD,1 MEDICAL VILLAGE DRIVE,EDGEWOOD,KY,41017,KENTON,0.985942,0.825546,1.017505,1.037862,0 out of 10,0 out of 9,0 out of 10
2026,180038,OWENSBORO HEALTH REGIONAL HOSPITAL,1201 PLEASANT VALLEY ROAD,OWENSBORO,KY,42303,DAVIESS,0.985942,0.825546,0.995349,0.981641,1 out of 10,0 out of 9,1 out of 10
2026,180040,UOFL HEALTH - JEWISH HOSPITAL and Mary & Elizabeth Hospital,200 ABRAHAM FLEXNER WAY,LOUISVILLE,KY,40202,JEFFERSON,0.985942,0.825546,1.012084,1.026160,0 out of 10,0 out of 9,0 out of 10
2026,180043,AdventHealthManchester,210 MARIE LANGDON DRIVE,MANCHESTER,KY,40962,CLAY,0.985942,0.825546,0.972703,0.981142,1 out of 10,0 out of 9,1 out of 10
2026,180044,PIKEVILLE MEDICAL CENTER,911 BYPASS ROAD,PIKEVILLE,KY,41501,PIKE,0.985942,0.825546,0.950177,0.938191,3 out of 10,0 out of 9,3 out of 10
2026,180045,ST ELIZABETH FLORENCE,4900 HOUSTON ROAD,FLORENCE,KY,41042,BOONE,0.985942,0.825546,1.062656,1.032435,0 out of 10,1 out of 9,1 out of 10
2026,180048,EPHRAIM MCDOWELL REGIONAL MEDICAL CENTER,217 SOUTH THIRD STREET,DANVILLE,KY,40422,BOYLE,0.985942,0.825546,1.024001,1.047445,0 out of 10,0 out of 9,0 out of 10
2026,180049,BAPTIST HEALTH RICHMOND,801 EASTERN BYPASS,RICHMOND,KY,40475,MADISON,0.985942,0.825546,1.001654,1.028330,0 out of 10,0 out of 9,0 out of 10
2026,180050,HARLAN ARH HOSPITAL,81 BALL PARK ROAD,HARLAN,KY,40831,HARLAN,0.985942,0.825546,0.923451,0.909899,5 out of 10,1 out of 9,5 out of 10
2026,180051,JENNIE STUART MEDICAL CENTER,320 WEST 18TH STREET,HOPKINSVILLE,KY,42241,CHRISTIAN,0.985942,0.825546,1.003567,1.039414,0 out of 10,0 out of 9,0 out of 10
2026,180056,DEACONESS HENDERSON HOSPITAL,1305 N ELM ST,HENDERSON,KY,42420,HENDERSON,0.985942,0.825546,1.043274,1.021042,0 out of 10,1 out of 9,1 out of 10
2026,180064,SAINT JOSEPH MOUNT STERLING,225 FALCON DRIVE,MOUNT STERLING,KY,40353,MONTGOMERY,0.985942,0.825546,0.958134,0.964220,2 out of 10,0 out of 9,2 out of 10
2026,180066,The Medical Center at Russellville,1625 NASHVILLE STREET,RUSSELLVILLE,KY,42276,LOGAN,0.985942,0.825546,0.913113,0.938611,3 out of 10,0 out of 9,3 out of 10
2026,180067,UNIVERSITY OF KENTUCKY HOSPITAL,800 ROSE STREET,LEXINGTON,KY,40536,FAYETTE,0.985942,0.825546,1.036954,1.016810,0 out of 10,0 out of 9,0 out of 10
2026,180069,TUG VALLEY ARH REGIONAL MEDICAL CENTER,260 HOSPITAL DRIVE,SOUTH WILLIAMSON,KY,41503,PIKE,0.985942,0.825546,0.820171,0.773248,10 out of 10,9 out of 9,10 out of 10
2026,180070,OWENSBORO HEALTH TWIN LAKES MEDICAL CENTER,910 WALLACE AVENUE,LEITCHFIELD,KY,42754,GRAYSON,0.985942,0.825546,0.992895,1.030398,0 out of 10,0 out of 9,0 out of 10
2026,180078,PAINTSVILLE ARH HOSPITAL,625 JAMES S TRIMBLE BOULEVARD,PAINTSVILLE,KY,41240,JOHNSON,0.985942,0.825546,0.944567,0.909520,5 out of 10,2 out of 9,5 out of 10
2026,180079,HARRISON MEMORIAL HOSPITAL,1210 KY HWY 36 E,CYNTHIANA,KY,41031,HARRISON,0.985942,0.825546,0.892880,0.953827,2 out of 10,0 out of 9,2 out of 10
2026,180080,BAPTIST HEALTH CORBIN,ONE TRILLIUM WAY,CORBIN,KY,40701,WHITLEY,0.985942,0.825546,1.026930,0.968078,2 out of 10,2 out of 9,2 out of 10
2026,180087,TAYLOR REGIONAL HOSPITAL,1700 OLD LEBANON ROAD,CAMPBELLSVILLE,KY,42718,TAYLOR,0.985942,0.825546,1.039711,1.043323,0 out of 10,0 out of 9,0 out of 10
2026,180088,"NORTON HOSPITALS, INC",200 EAST CHESTNUT STREET,LOUISVILLE,KY,40202,JEFFERSON,0.985942,0.825546,0.997519,1.005387,0 out of 10,0 out of 9,0 out of 10
2026,180092,CLARK REGIONAL MEDICAL CENTER,175 HOSPITAL DRIVE,WINCHESTER,KY,40391,CLARK,0.985942,0.825546,0.942367,0.969060,1 out of 10,0 out of 9,1 out of 10
2026,180093,BAPTIST HEALTH DEACONESS MADISONVILLE,900 HOSPITAL DRIVE,MADISONVILLE,KY,42431,HOPKINS,0.985942,0.825546,1.011479,1.022632,0 out of 10,0 out of 9,0 out of 10
2026,180101,GEORGETOWN COMMUNITY HOSPITAL,1140 LEXINGTON ROAD,GEORGETOWN,KY,40324,SCOTT,0.985942,0.825546,0.957389,0.928379,4 out of 10,2 out of 9,4 out of 10
2026,180102,MERCY HEALTH - LOURDES HOSPITAL,1530 LONE OAK ROAD,PADUCAH,KY,42003,MCCRACKEN,0.985942,0.825546,0.992177,1.022403,0 out of 10,0 out of 9,0 out of 10
2026,180103,BAPTIST HEALTH LEXINGTON,1740 NICHOLASVILLE ROAD,LEXINGTON,KY,40503,FAYETTE,0.985942,0.825546,1.042137,1.091260,0 out of 10,0 out of 9,0 out of 10
2026,180104,BAPTIST HEALTH PADUCAH,2501 KENTUCKY AVENUE,PADUCAH,KY,42003,MCCRACKEN,0.985942,0.825546,0.994762,1.022886,0 out of 10,0 out of 9,0 out of 10
2026,180105,MONROE COUNTY MEDICAL CENTER,529 CAPP HARLAN ROAD,TOMPKINSVILLE,KY,42167,MONROE,0.985942,0.825546,0.983630,0.913369,5 out of 10,4 out of 9,5 out of 10
2026,180115,"ROCKCASTLE COUNTY HOSPITAL, INC.",145 NEWCOMB AVENUE,MOUNT VERNON,KY,40456,ROCKCASTLE,0.985942,0.825546,1.063819,0.945624,3 out of 10,4 out of 9,4 out of 10
2026,180116,JACKSON PURCHASE MEDICAL CENTER,1099 MEDICAL CENTER CIRCLE,MAYFIELD,KY,42066,GRAVES,0.985942,0.825546,1.029471,1.045905,0 out of 10,0 out of 9,0 out of 10
2026,180124,TRISTAR GREENVIEW REGIONAL HOSPITAL,1801 ASHLEY CIRCLE,BOWLING GREEN,KY,42104,WARREN,0.985942,0.825546,0.980169,1.046126,0 out of 10,0 out of 9,0 out of 10
2026,180127,FRANKFORT REGIONAL MEDICAL CENTER,299 KINGS DAUGHTERS DRIVE,FRANKFORT,KY,40601,FRANKLIN,0.985942,0.825546,0.981988,0.943978,3 out of 10,2 out of 9,3 out of 10
2026,180128,THREE RIVERS MEDICAL CENTER,2485 HIGHWAY 644,LOUISA,KY,41230,LAWRENCE,0.985942,0.825546,0.911506,0.865193,7 out of 10,5 out of 9,7 out of 10
2026,180130,BAPTIST HEALTH LOUISVILLE,4000 KRESGE WAY,LOUISVILLE,KY,40207,JEFFERSON,0.985942,0.825546,0.996758,1.021665,0 out of 10,0 out of 9,0 out of 10
2026,180132,LAKE CUMBERLAND REGIONAL HOSPITAL,305 LANGDON STREET,SOMERSET,KY,42503,PULASKI,0.985942,0.825546,1.016619,1.022436,0 out of 10,0 out of 9,0 out of 10
2026,180138,BAPTIST HEALTH LAGRANGE,1025 NEW MOODY LANE,LA GRANGE,KY,40031,OLDHAM,0.985942,0.825546,0.936718,1.001748,0 out of 10,0 out of 9,0 out of 10
2026,180141,UNIVERSITY OF LOUISVILLE HOSPITAL,530 SOUTH JACKSON STREET,LOUISVILLE,KY,40202,JEFFERSON,0.985942,0.825546,1.084701,1.125615,0 out of 10,0 out of 9,0 out of 10
2026,180143,SAINT JOSEPH EAST,150 NORTH EAGLE CREEK DRIVE,LEXINGTON,KY,40509,FAYETTE,0.985942,0.825546,0.946604,0.930762,4 out of 10,1 out of 9,4 out of 10
2026,190002,OCHSNER LAFAYETTE GENERAL MEDICAL CENTER,1214 COOLIDGE AVENUE,LAFAYETTE,LA,70503,LAFAYETTE,0.985942,0.825546,1.042117,1.029446,0 out of 10,0 out of 9,0 out of 10
2026,190004,THIBODAUX REGIONAL MEDICAL CENTER,602 N ACADIA ROAD,THIBODAUX,LA,70301,LAFOURCHE,0.985942,0.825546,1.041785,1.063773,0 out of 10,0 out of 9,0 out of 10
2026,190005,UNIVERSITY MEDICAL CENTER NEW ORLEANS,2000 CANAL STREET,NEW ORLEANS,LA,70112,ORLEANS,0.985942,0.825546,1.055944,1.043350,0 out of 10,0 out of 9,0 out of 10
2026,190006,OCHSNER UNIVERSITY HOSPITAL AND CLINICS,2390 WEST CONGRESS,LAFAYETTE,LA,70506,LAFAYETTE,0.985942,0.825546,1.050965,1.008695,0 out of 10,1 out of 9,1 out of 10
2026,190007,NATCHITOCHES REGIONAL MEDICAL CENTER,501 KEYSER AVE,NATCHITOCHES,LA,71457,NATCHITOCHES,0.985942,0.825546,1.263794,1.098734,0 out of 10,3 out of 9,3 out of 10
2026,190008,TERREBONNE GENERAL MEDICAL CENTER - PARISH,8166 MAIN STREET,HOUMA,LA,70360,TERREBONNE,0.985942,0.825546,1.036782,1.043673,0 out of 10,0 out of 9,0 out of 10
2026,190011,OCHSNER LSU HEALTH MONROE,4864 JACKSON STREET,MONROE,LA,71202,OUACHITA,0.985942,0.825546,1.160483,1.122962,0 out of 10,1 out of 9,1 out of 10
2026,190013,WEST CALCASIEU CAMERON HOSPITAL,701 EAST CYPRESS STREET,SULPHUR,LA,70663,CALCASIEU,0.985942,0.825546,1.026505,1.003426,0 out of 10,1 out of 9,1 out of 10
2026,190014,OCHSNER ST MARY,1125 MARGUERITE STREET,MORGAN CITY,LA,70380,ST. MARY,0.985942,0.825546,1.062047,1.057813,0 out of 10,0 out of 9,0 out of 10
2026,190015,NORTH OAKS MEDICAL CENTER,15790 PAUL VEGA MD DRIVE,HAMMOND,LA,70403,TANGIPAHOA,0.985942,0.825546,1.128846,1.138588,0 out of 10,0 out of 9,0 out of 10
2026,190017,OPELOUSAS GENERAL HEALTH SYSTEM,539 EAST PRUDHOMME STREET,OPELOUSAS,LA,70570,ST. LANDRY,0.985942,0.825546,1.056785,0.997540,0 out of 10,2 out of 9,2 out of 10
2026,190019,CHRISTUS ST FRANCES CABRINI HOSPITAL,3330 MASONIC DRIVE,ALEXANDRIA,LA,71301,RAPIDES,0.985942,0.825546,1.068520,1.056729,0 out of 10,0 out of 9,0 out of 10
2026,190020,LANE REGIONAL MEDICAL CENTER,6300 MAIN STREET,ZACHARY,LA,70791,EAST BATON ROUGE,0.985942,0.825546,1.137910,1.091223,0 out of 10,1 out of 9,1 out of 10
2026,190025,SAVOY MEDICAL CENTER,801 POINCIANA AVENUE,MAMOU,LA,70554,EVANGELINE,0.985942,0.825546,1.138044,1.158161,0 out of 10,0 out of 9,0 out of 10
2026,190026,RAPIDES REGIONAL MEDICAL CENTER,211 4TH STREET,ALEXANDRIA,LA,71301,RAPIDES,0.985942,0.825546,1.083941,1.079106,0 out of 10,0 out of 9,0 out of 10
2026,190027,CHRISTUS OCHSNER ST PATRICK HOSPITAL,524 DR MICHAEL DEBAKEY DRIVE,LAKE CHARLES,LA,70601,CALCASIEU,0.985942,0.825546,1.054202,1.057034,0 out of 10,0 out of 9,0 out of 10
2026,190034,ABBEVILLE GENERAL HOSPITAL,118 N HOSPITAL DR,ABBEVILLE,LA,70510,VERMILION,0.985942,0.825546,1.104726,1.003904,0 out of 10,3 out of 9,3 out of 10
2026,190036,OCHSNER MEDICAL CENTER ACUTE,1516 JEFFERSON HWY,NEW ORLEANS,LA,70121,JEFFERSON,0.985942,0.825546,1.011211,0.993527,0 out of 10,0 out of 9,0 out of 10
2026,190039,WEST JEFFERSON MEDICAL CENTER,1101 MEDICAL CENTER BLVD,MARRERO,LA,70072,JEFFERSON,0.985942,0.825546,1.079211,1.091703,0 out of 10,0 out of 9,0 out of 10
2026,190040,SLIDELL MEMORIAL HOSPITAL,1001 GAUSE BLVD,SLIDELL,LA,70458,ST. TAMMANY,0.985942,0.825546,1.023618,0.993468,0 out of 10,1 out of 9,1 out of 10
2026,190041,CHRISTUS SHREVEPORT-BOSSIER HEALTH SYSTEM,1453 E BERT KOUNS INDUSTRIAL DRIVE,SHREVEPORT,LA,71105,CADDO,0.985942,0.825546,1.033839,1.049942,0 out of 10,0 out of 9,0 out of 10
2026,190044,ACADIA GENERAL HOSPITAL,1305 CROWLEY RAYNE HIGHWAY,CROWLEY,LA,70526,ACADIA,0.985942,0.825546,1.157956,1.053288,0 out of 10,3 out of 9,3 out of 10
2026,190045,ST TAMMANY PARISH HOSPITAL,1202 S TYLER STREET,COVINGTON,LA,70433,ST. TAMMANY,0.985942,0.825546,1.004656,1.007470,0 out of 10,0 out of 9,0 out of 10
2026,190046,TOURO INFIRMARY,1401 FOUCHER STREET,NEW ORLEANS,LA,70115,ORLEANS,0.985942,0.825546,1.012950,0.974319,1 out of 10,2 out of 9,2 out of 10
2026,190050,BEAUREGARD MEMORIAL HOSPITAL,600 S PINE STREET,DERIDDER,LA,70634,BEAUREGARD,0.985942,0.825546,1.126923,1.163776,0 out of 10,0 out of 9,0 out of 10
2026,190053,OCHSNER AMERICAN LEGION HOSPITAL,1634 ELTON ROAD,JENNINGS,LA,70546,JEFFERSON DAVIS,0.985942,0.825546,1.096306,1.106482,0 out of 10,0 out of 9,0 out of 10
2026,190054,IBERIA MEDICAL CENTER,2315 E MAIN STREET,NEW IBERIA,LA,70560,IBERIA,0.985942,0.825546,1.059057,0.976551,1 out of 10,3 out of 9,3 out of 10
2026,190060,LAKE CHARLES MEMORIAL HOSPITAL,1701 OAK PARK BLVD,LAKE CHARLES,LA,70601,CALCASIEU,0.985942,0.825546,1.027492,1.021055,0 out of 10,0 out of 9,0 out of 10
2026,190064,OUR LADY OF THE LAKE REGIONAL MEDICAL CENTER,5000 HENNESSY BLVD,BATON ROUGE,LA,70808,EAST BATON ROUGE,0.985942,0.825546,1.026328,1.030967,0 out of 10,0 out of 9,0 out of 10
2026,190065,BATON ROUGE GENERAL MEDICAL CENTER,8585 PICARDY AVE,BATON ROUGE,LA,70809,EAST BATON ROUGE,0.985942,0.825546,0.991968,0.997522,0 out of 10,0 out of 9,0 out of 10
2026,190079,ST CHARLES PARISH HOSPITAL,1057 PAUL MAILLARD ROAD,LULING,LA,70070,ST. CHARLES,0.985942,0.825546,0.953019,0.797469,10 out of 10,9 out of 9,10 out of 10
2026,190086,NORTHERN LOUISIANA MEDICAL CENTER,401 EAST VAUGHN AVENUE,RUSTON,LA,71270,LINCOLN,0.985942,0.825546,1.293118,1.301689,0 out of 10,0 out of 9,0 out of 10
2026,190098,OCHSNER LSU HEALTH SHREVEPORT,1541 KINGS HIGHWAY,SHREVEPORT,LA,71130,CADDO,0.985942,0.825546,1.148917,1.144194,0 out of 10,0 out of 9,0 out of 10
2026,190102,"OUR LADY OF LOURDES REGIONAL MEDICAL CENTER, INC",4801 AMBASSADOR CAFFERY PARKWAY,LAFAYETTE,LA,70508,LAFAYETTE,0.985942,0.825546,1.034783,1.020461,0 out of 10,0 out of 9,0 out of 10
2026,190111,WILLIS KNIGHTON MEDICAL CENTER,2600 GREENWOOD ROAD,SHREVEPORT,LA,71103,CADDO,0.985942,0.825546,1.150222,1.150512,0 out of 10,0 out of 9,0 out of 10
2026,190114,CLAIBORNE MEMORIAL MEDICAL CENTER,620 EAST COLLEGE STREET,HOMER,LA,71040,CLAIBORNE,0.985942,0.825546,1.157265,0.963154,2 out of 10,5 out of 9,5 out of 10
2026,190125,ST FRANCIS MEDICAL CENTER,309 JACKSON STREET,MONROE,LA,71201,OUACHITA,0.985942,0.825546,1.060927,1.075542,0 out of 10,0 out of 9,0 out of 10
2026,190128,WOMANS HOSPITAL,100 WOMAN'S WAY,BATON ROUGE,LA,70817,EAST BATON ROUGE,0.985942,0.825546,1.044601,1.076671,0 out of 10,0 out of 9,0 out of 10
2026,190164,BYRD REGIONAL HOSPITAL,1020 FERTITTA BLVD,LEESVILLE,LA,71446,VERNON,0.985942,0.825546,1.160355,1.222036,0 out of 10,0 out of 9,0 out of 10
2026,190167,MERCY REGIONAL MEDICAL CENTER,800 E MAIN,VILLE PLATTE,LA,70586,EVANGELINE,0.985942,0.825546,1.124784,1.142962,0 out of 10,0 out of 9,0 out of 10
2026,190176,EAST JEFFERSON GENERAL HOSPITAL,4200 HOUMA BLVD,METAIRIE,LA,70006,JEFFERSON,0.985942,0.825546,1.043832,1.055089,0 out of 10,0 out of 9,0 out of 10
2026,190183,LEONARD J CHABERT MEDICAL CENTER,1978 INDUSTRIAL BLVD,HOUMA,LA,70363,TERREBONNE,0.985942,0.825546,0.894272,0.868954,7 out of 10,3 out of 9,7 out of 10
2026,190184,CITIZENS MEDICAL CENTER,7939 U S HWY 165 SOUTH,COLUMBIA,LA,71418,CALDWELL,0.985942,0.825546,0.994550,0.916237,4 out of 10,4 out of 9,4 out of 10
2026,190201,CHRISTUS OCHSNER LAKE AREA HOSPITAL,4200 NELSON ROAD,LAKE CHARLES,LA,70605,CALCASIEU,0.985942,0.825546,0.845735,0.919764,4 out of 10,0 out of 9,4 out of 10
2026,190202,OCHSNER MEDICAL CENTER - BATON ROUGE,17000 MEDICAL CENTER DR,BATON ROUGE,LA,70816,EAST BATON ROUGE,0.985942,0.825546,0.981595,0.994375,0 out of 10,0 out of 9,0 out of 10
2026,190274,OCHSNER MEDICAL CENTER-KENNER,180 WEST ESPLANADE AVENUE,KENNER,LA,70065,JEFFERSON,0.985942,0.825546,1.004074,0.956094,2 out of 10,2 out of 9,2 out of 10
2026,190308,ST BERNARD PARISH HOSPITAL,8000 WEST JUDGE PEREZ DRIVE,CHALMETTE,LA,70043,ST. BERNARD,0.985942,0.825546,0.953324,0.806503,10 out of 10,9 out of 9,10 out of 10
2026,190312,OUR LADY OF THE ANGELS HOSPITAL,433 PLAZA STREET,BOGALUSA,LA,70427,WASHINGTON,0.985942,0.825546,1.232826,1.204958,0 out of 10,0 out of 9,0 out of 10
2026,190313,NEW ORLEANS EAST HOSPITAL,5620 READ BLVD,NEW ORLEANS,LA,70127,ORLEANS,0.985942,0.825546,0.924015,0.969357,1 out of 10,0 out of 9,1 out of 10
2026,190318,ACADIAN MEDICAL CENTER,3501 HIGHWAY 190 EAST,EUNICE,LA,70535,ST. LANDRY,0.985942,0.825546,1.192589,1.104641,0 out of 10,2 out of 9,2 out of 10
2026,200001,ST JOSEPH HOSPITAL,360 BROADWAY,BANGOR,ME,04401,PENOBSCOT,0.985942,0.825546,0.895911,0.880706,6 out of 10,2 out of 9,6 out of 10
2026,200008,NORTHERN LIGHT MERCY HOSPITAL,144 STATE STREET,PORTLAND,ME,04101,CUMBERLAND,0.985942,0.825546,1.010878,0.995843,0 out of 10,0 out of 9,0 out of 10
2026,200009,MAINEHEALTH MAINE MEDICAL CENTER,22 BRAMHALL ST,PORTLAND,ME,04102,CUMBERLAND,0.985942,0.825546,1.017483,1.003381,0 out of 10,0 out of 9,0 out of 10
2026,200018,NORTHERN LIGHT  A R GOULD HOSPITAL,PO BOX 151,PRESQUE ISLE,ME,04769,AROOSTOOK,0.985942,0.825546,0.847416,0.812297,10 out of 10,9 out of 9,10 out of 10
2026,200020,YORK HOSPITAL,15 HOSPITAL DRIVE,YORK,ME,03909,YORK,0.985942,0.825546,0.942529,0.942875,3 out of 10,0 out of 9,3 out of 10
2026,200021,MAINEHEALTH MID COAST HOSPITAL,123 MEDICAL CENTER DRIVE,BRUNSWICK,ME,04011,CUMBERLAND,0.985942,0.825546,0.896184,0.893422,6 out of 10,0 out of 9,6 out of 10
2026,200024,CENTRAL MAINE MEDICAL CENTER,300 MAIN STREET,LEWISTON,ME,04240,ANDROSCOGGIN,0.985942,0.825546,0.981824,1.007701,0 out of 10,0 out of 9,0 out of 10
2026,200031,CARY MEDICAL CENTER,"163 VAN BUREN RD, SUITE 1",CARIBOU,ME,04736,AROOSTOOK,0.985942,0.825546,0.848029,0.794748,10 out of 10,9 out of 9,10 out of 10
2026,200034,ST MARY'S REGIONAL MEDICAL CENTER,93 CAMPUS AVENUE - PO BOX 291,LEWISTON,ME,04243,ANDROSCOGGIN,0.985942,0.825546,0.965782,0.924436,4 out of 10,2 out of 9,4 out of 10
2026,200039,MAINE GENERAL MEDICAL CENTER,35 MEDICAL CENTER PARKWAY,AUGUSTA,ME,04330,KENNEBEC,0.985942,0.825546,0.939693,0.903523,5 out of 10,3 out of 9,5 out of 10
2026,200063,MAINEHEALTH PEN BAY HOSPITAL,6 GLEN COVE DRIVE,ROCKPORT,ME,04856,KNOX,0.985942,0.825546,0.905103,0.904219,5 out of 10,0 out of 9,5 out of 10
2026,220001,UMASS MEMORIAL HEALTHALLIANCE HOSPITALS,60 HOSPITAL ROAD,LEOMINSTER,MA,01453,WORCESTER,0.985942,0.825546,1.009873,1.035209,0 out of 10,0 out of 9,0 out of 10
2026,220002,MOUNT AUBURN HOSPITAL,330 MOUNT AUBURN STREET,CAMBRIDGE,MA,02138,MIDDLESEX,0.985942,0.825546,0.962866,0.961251,2 out of 10,0 out of 9,2 out of 10
2026,220008,STURDY MEMORIAL HOSPITAL,211 PARK STREET,ATTLEBORO,MA,02703,BRISTOL,0.985942,0.825546,0.959523,0.972007,1 out of 10,0 out of 9,1 out of 10
2026,220010,LAWRENCE GENERAL HOSPITAL,ONE GENERAL STREET,LAWRENCE,MA,01842,ESSEX,0.985942,0.825546,1.059769,1.052242,0 out of 10,0 out of 9,0 out of 10
2026,220011,CAMBRIDGE HEALTH ALLIANCE,1493 CAMBRIDGE STREET,CAMBRIDGE,MA,02139,MIDDLESEX,0.985942,0.825546,1.008834,0.986691,0 out of 10,1 out of 9,1 out of 10
2026,220012,CAPE COD HOSPITAL,27 PARK STREET,HYANNIS,MA,02601,BARNSTABLE,0.985942,0.825546,0.977017,0.968954,1 out of 10,0 out of 9,1 out of 10
2026,220015,"COOLEY DICKINSON HOSPITAL INC,THE",30 LOCUST STREET,NORTHAMPTON,MA,01061,HAMPSHIRE,0.985942,0.825546,0.950716,0.928113,4 out of 10,1 out of 9,4 out of 10
2026,220016,BAYSTATE FRANKLIN MEDICAL CENTER,164 HIGH STREET,GREENFIELD,MA,01301,FRANKLIN,0.985942,0.825546,0.920067,0.921314,4 out of 10,0 out of 9,4 out of 10
2026,220019,UMASS MEMORIAL HEALTH - HARRINGTON HOSPITAL,100 SOUTH STREET,SOUTHBRIDGE,MA,01550,WORCESTER,0.985942,0.825546,0.944819,0.952562,2 out of 10,0 out of 9,2 out of 10
2026,220020,SAINT ANNE'S HOSPITAL,795 MIDDLE STREET,FALL RIVER,MA,02721,BRISTOL,0.985942,0.825546,0.980742,0.982198,1 out of 10,0 out of 9,1 out of 10
2026,220024,HOLYOKE MEDICAL CENTER,575 BEECH STREET,HOLYOKE,MA,01040,HAMPDEN,0.985942,0.825546,0.969688,0.965359,2 out of 10,0 out of 9,2 out of 10
2026,220029,ANNA JAQUES HOSPITAL,25 HIGHLAND AVENUE,NEWBURYPORT,MA,01950,ESSEX,0.985942,0.825546,0.978758,0.979951,1 out of 10,0 out of 9,1 out of 10
2026,220030,BAYSTATE WING HOSPITAL,40 WRIGHT STREET,PALMER,MA,01069,HAMPDEN,0.985942,0.825546,1.028764,0.975769,1 out of 10,2 out of 9,2 out of 10
2026,220031,BOSTON MEDICAL CENTER,1 BOSTON MEDICAL CENTER PLACE,BOSTON,MA,02118,SUFFOLK,0.985942,0.825546,1.003873,0.996688,0 out of 10,0 out of 9,0 out of 10
2026,220033,NORTHEAST HOSPITAL CORPORATION,85 HERRICK STREET,BEVERLY,MA,01915,ESSEX,0.985942,0.825546,0.998950,0.974737,1 out of 10,1 out of 9,1 out of 10
2026,220035,NORTH SHORE MEDICAL CENTER -,81 HIGHLAND AVENUE,SALEM,MA,01970,ESSEX,0.985942,0.825546,0.944576,0.906017,5 out of 10,3 out of 9,5 out of 10
2026,220036,BOSTON MEDICAL CENTER-BRIGHTON,736 CAMBRIDGE STREET,BRIGHTON,MA,02135,SUFFOLK,0.985942,0.825546,1.104198,1.047487,0 out of 10,2 out of 9,2 out of 10
2026,220046,BERKSHIRE MEDICAL CENTER,725 NORTH STREET,PITTSFIELD,MA,01201,BERKSHIRE,0.985942,0.825546,1.021393,0.995126,0 out of 10,1 out of 9,1 out of 10
2026,220049,UMASS MEMORIAL HEALTHCARE-MARLBOROUGH HOSPITAL,157 UNION STREET,MARLBOROUGH,MA,01752,MIDDLESEX,0.985942,0.825546,0.959822,0.976863,1 out of 10,0 out of 9,1 out of 10
2026,220052,SIGNATURE HEALTHCARE BROCKTON HOSPITAL,680 CENTER STREET,BROCKTON,MA,02302,PLYMOUTH,0.985942,0.825546,0.967603,1.009842,0 out of 10,0 out of 9,0 out of 10
2026,220060,BETH ISRAEL DEACONESS HOSPITAL PLYMOUTH,275 SANDWICH STREET,PLYMOUTH,MA,02360,PLYMOUTH,0.985942,0.825546,0.942995,0.951530,2 out of 10,0 out of 9,2 out of 10
2026,220063,LOWELL GENERAL HOSPITAL,295 VARNUM AVENUE,LOWELL,MA,01854,MIDDLESEX,0.985942,0.825546,0.996453,0.988253,0 out of 10,0 out of 9,0 out of 10
2026,220065,BAYSTATE NOBLE HOSPITAL,115 WEST SILVER STREET,WESTFIELD,MA,01086,HAMPDEN,0.985942,0.825546,0.921676,0.950018,3 out of 10,0 out of 9,3 out of 10
2026,220066,MERCY MEDICAL CTR,271 CAREW STREET,SPRINGFIELD,MA,01104,HAMPDEN,0.985942,0.825546,1.005723,0.997612,0 out of 10,0 out of 9,0 out of 10
2026,220070,MELROSEWAKEFIELD HEALTHCARE,585 LEBANON STREET,MELROSE,MA,02176,MIDDLESEX,0.985942,0.825546,0.979862,0.999816,0 out of 10,0 out of 9,0 out of 10
2026,220071,MASSACHUSETTS GENERAL HOSPITAL,55 FRUIT STREET,BOSTON,MA,02114,SUFFOLK,0.985942,0.825546,1.001689,0.979817,1 out of 10,1 out of 9,1 out of 10
2026,220073,BROWN UNIVERSITY HEALTH MORTON HOSPITAL,88 WASHINGTON STREET,TAUNTON,MA,02780,BRISTOL,0.985942,0.825546,1.007997,1.013494,0 out of 10,0 out of 9,0 out of 10
2026,220074,SOUTHCOAST HOSPITALS GROUP,363 HIGHLAND AVENUE,FALL RIVER,MA,02720,BRISTOL,0.985942,0.825546,0.996761,1.009665,0 out of 10,0 out of 9,0 out of 10
2026,220077,BAYSTATE MEDICAL CENTER,759 CHESTNUT STREET,SPRINGFIELD,MA,01199,HAMPDEN,0.985942,0.825546,1.016199,1.017837,0 out of 10,0 out of 9,0 out of 10
2026,220080,HOLY FAMILY HOSPITAL,70 EAST STREET,METHUEN,MA,01844,ESSEX,0.985942,0.825546,1.042346,1.063135,0 out of 10,0 out of 9,0 out of 10
2026,220083,BETH ISRAEL DEACONESS HOSPITAL - NEEDHAM,148 CHESTNUT STREET,NEEDHAM,MA,02494,NORFOLK,0.985942,0.825546,0.949717,0.884533,6 out of 10,5 out of 9,6 out of 10
2026,220084,EMERSON HOSPITAL -,133 OLD ROAD TO 9 ACRE CORNER,W CONCORD,MA,01742,MIDDLESEX,0.985942,0.825546,0.997984,0.995864,0 out of 10,0 out of 9,0 out of 10
2026,220086,BETH ISRAEL DEACONESS MEDICAL CENTER,330 BROOKLINE AVENUE,BOSTON,MA,02215,SUFFOLK,0.985942,0.825546,1.003041,0.979639,1 out of 10,1 out of 9,1 out of 10
2026,220090,MILFORD REGIONAL MEDICAL CENTER,14 PROSPECT STREET,MILFORD,MA,01757,WORCESTER,0.985942,0.825546,1.034410,0.965104,2 out of 10,3 out of 9,3 out of 10
2026,220095,HEYWOOD HOSPITAL -,242 GREEN STREET,GARDNER,MA,01440,WORCESTER,0.985942,0.825546,1.040553,1.050797,0 out of 10,0 out of 9,0 out of 10
2026,220100,SOUTH SHORE HOSPITAL,55 FOGG ROAD,SOUTH WEYMOUTH,MA,02190,NORFOLK,0.985942,0.825546,0.970212,0.978152,1 out of 10,0 out of 9,1 out of 10
2026,220101,NEWTON-WELLESLEY HOSPITAL,2014 WASHINGTON STREET,NEWTON,MA,02462,MIDDLESEX,0.985942,0.825546,0.924301,0.883409,6 out of 10,4 out of 9,6 out of 10
2026,220105,WINCHESTER HOSPITAL,41 HIGHLAND AVENUE,WINCHESTER,MA,01890,MIDDLESEX,0.985942,0.825546,0.975229,0.931403,4 out of 10,2 out of 9,4 out of 10
2026,220108,BETH ISRAEL DEACONESS HOSPITAL - MILTON,199 REEDSDALE ROAD,MILTON,MA,02186,NORFOLK,0.985942,0.825546,0.952393,0.926219,4 out of 10,2 out of 9,4 out of 10
2026,220110,BRIGHAM AND WOMEN'S HOSPITAL,75 FRANCIS STREET,BOSTON,MA,02115,SUFFOLK,0.985942,0.825546,1.016769,0.996780,0 out of 10,1 out of 9,1 out of 10
2026,220111,GOOD SAMARITAN MEDICAL CENTER,235 NORTH PEARL STREET,BROCKTON,MA,02301,PLYMOUTH,0.985942,0.825546,1.022556,0.991399,0 out of 10,1 out of 9,1 out of 10
2026,220116,TUFTS MEDICAL CENTER,800 WASHINGTON STREET,BOSTON,MA,02111,SUFFOLK,0.985942,0.825546,1.012339,1.022554,0 out of 10,0 out of 9,0 out of 10
2026,220119,BRIGHAM AND WOMEN FAULKNER HOSPITAL,1153 CENTRE STREET,JAMAICA PLAIN,MA,02130,SUFFOLK,0.985942,0.825546,0.923078,0.884183,6 out of 10,3 out of 9,6 out of 10
2026,220135,FALMOUTH HOSPITAL,67 & 100 TER HEUN DRIVE,FALMOUTH,MA,02540,BARNSTABLE,0.985942,0.825546,0.956655,0.975106,1 out of 10,0 out of 9,1 out of 10
2026,220163,UMASS MEMORIAL MEDICAL CENTER/UNIVERSITY CAMPUS,55 LAKE AVENUE NORTH,WORCESTER,MA,01655,WORCESTER,0.985942,0.825546,1.036953,1.016156,0 out of 10,0 out of 9,0 out of 10
2026,220171,"LAHEY HOSPITAL & MEDICAL CENTER, BURLINGTON",41 & 45 MALL ROAD,BURLINGTON,MA,01803,MIDDLESEX,0.985942,0.825546,0.999615,0.964651,2 out of 10,2 out of 9,2 out of 10
2026,220175,METROWEST MEDICAL CENTER,115 LINCOLN STREET,FRAMINGHAM,MA,01701,MIDDLESEX,0.985942,0.825546,1.080390,1.036539,0 out of 10,1 out of 9,1 out of 10
2026,220176,ST VINCENT HOSPITAL,123 SUMMER STREET,WORCESTER,MA,01608,WORCESTER,0.985942,0.825546,0.982428,1.025732,0 out of 10,0 out of 9,0 out of 10
2026,230002,ST JOE MERCY HOSPITAL SYSTEM LIVONIA,36475 FIVE MILE ROAD,LIVONIA,MI,48154,WAYNE,0.985942,0.825546,0.962260,0.960555,2 out of 10,0 out of 9,2 out of 10
2026,230003,COREWELL HEALTH ZEELAND HOSPITAL,8333 FELCH ST,ZEELAND,MI,49464,OTTAWA,0.985942,0.825546,0.822258,0.857748,8 out of 10,0 out of 9,8 out of 10
2026,230005,PROMEDICA CHARLES AND VIRGINIA HICKMAN HOSPITAL,5640 N ADRIAN HIGHWAY,ADRIAN,MI,49221,LENAWEE,0.985942,0.825546,0.919328,0.901029,5 out of 10,1 out of 9,5 out of 10
2026,230015,THREE RIVERS HEALTH,701 S HEALTH PARKWAY,THREE RIVERS,MI,49093,ST. JOSEPH,0.985942,0.825546,0.967737,0.957755,2 out of 10,0 out of 9,2 out of 10
2026,230017,BRONSON METHODIST HOSPITAL,601 JOHN STREET,KALAMAZOO,MI,49007,KALAMAZOO,0.985942,0.825546,0.920595,0.930521,4 out of 10,0 out of 9,4 out of 10
2026,230020,BEAUMONT HOSPITAL - DEARBORN,18101 OAKWOOD BLVD,DEARBORN,MI,48124,WAYNE,0.985942,0.825546,1.038647,1.044994,0 out of 10,0 out of 9,0 out of 10
2026,230021,"LAKELAND HOSPITAL, ST JOSEPH",1234 NAPIER AVENUE,ST JOSEPH,MI,49085,BERRIEN,0.985942,0.825546,0.954323,0.934454,3 out of 10,1 out of 9,3 out of 10
2026,230022,INSIGHT HOSPITAL AND MEDICAL CENTER COLDWATER,274 E CHICAGO ST,COLDWATER,MI,49036,BRANCH,0.985942,0.825546,0.929488,0.908217,5 out of 10,2 out of 9,5 out of 10
2026,230024,SINAI-GRACE HOSPITAL,6071 W OUTER DRIVE,DETROIT,MI,48235,WAYNE,0.985942,0.825546,1.011518,1.038359,0 out of 10,0 out of 9,0 out of 10
2026,230029,TRINITY HEALTH OAKLAND HOSPITAL,44405 WOODWARD AVE,PONTIAC,MI,48341,OAKLAND,0.985942,0.825546,0.970320,0.997763,0 out of 10,0 out of 9,0 out of 10
2026,230030,MYMICHIGAN MEDICAL CENTER ALMA,300 E WARWICK DR,ALMA,MI,48801,GRATIOT,0.985942,0.825546,0.974942,0.911339,5 out of 10,4 out of 9,5 out of 10
2026,230031,LAKE HURON MEDICAL CENTER,2601 ELECTRIC AVENUE,PORT HURON,MI,48060,ST. CLAIR,0.985942,0.825546,0.911493,0.888010,6 out of 10,2 out of 9,6 out of 10
2026,230035,SPECTRUM HEALTH UNITED HOSPITAL,615 S BOWER STREET,GREENVILLE,MI,48838,MONTCALM,0.985942,0.825546,0.805674,0.855225,8 out of 10,0 out of 9,8 out of 10
2026,230036,MYMICHIGAN MEDICAL CENTER ALPENA,1501 W CHISHOLM ST,ALPENA,MI,49707,ALPENA,0.985942,0.825546,0.948017,0.938217,3 out of 10,0 out of 9,3 out of 10
2026,230037,HILLSDALE HOSPITAL,168 S HOWELL STREET,HILLSDALE,MI,49242,HILLSDALE,0.985942,0.825546,0.905170,0.853782,8 out of 10,6 out of 9,8 out of 10
2026,230038,SPECTRUM HEALTH,100 MICHIGAN ST NE,GRAND RAPIDS,MI,49503,KENT,0.985942,0.825546,0.946065,0.952755,2 out of 10,0 out of 9,2 out of 10
2026,230046,UNIVERSITY OF MICHIGAN HEALTH SYSTEM,"1500 E MEDICAL CENTER DRIVE, SPC 5474",ANN ARBOR,MI,48109,WASHTENAW,0.985942,0.825546,0.988975,0.915565,4 out of 10,4 out of 9,4 out of 10
2026,230047,HENRY FORD MACOMB HOSPITAL,15855 NINETEEN MILE RD,CLINTON TOWNSHIP,MI,48038,MACOMB,0.985942,0.825546,1.008416,0.980614,1 out of 10,1 out of 9,1 out of 10
2026,230053,HENRY FORD HEALTH HOSPITAL,2799 W GRAND BLVD,DETROIT,MI,48202,WAYNE,0.985942,0.825546,0.991422,0.963236,2 out of 10,1 out of 9,2 out of 10
2026,230054,UPHS MARQUETTE DLP HOSPITAL,850 W BARAGA AVE,MARQUETTE,MI,49855,MARQUETTE,0.985942,0.825546,0.998842,1.015130,0 out of 10,0 out of 9,0 out of 10
2026,230055,DICKINSON COUNTY MEMORIAL HOSPITAL,1721 S STEPHENSON AVE,IRON MOUNTAIN,MI,49801,DICKINSON,0.985942,0.825546,0.959032,0.944463,3 out of 10,1 out of 9,3 out of 10
2026,230058,MUNSON HEALTHCARE GRAYLING HOSPITAL,1100 E MICHIGAN AVE,GRAYLING,MI,49738,CRAWFORD,0.985942,0.825546,0.870848,0.835015,9 out of 10,7 out of 9,9 out of 10
2026,230059,MERCY HEALTH SAINT MARY'S,200 JEFFERSON AVENUE SE,GRAND RAPIDS,MI,49503,KENT,0.985942,0.825546,0.935411,0.896423,6 out of 10,3 out of 9,6 out of 10
2026,230066,MERCY HEALTH MUSKEGON,1500 E SHERMAN BLVD,MUSKEGON,MI,49441,MUSKEGON,0.985942,0.825546,0.968787,0.928479,4 out of 10,2 out of 9,4 out of 10
2026,230069,TRINITY HEALTH LIVINGSTON HOSPITAL,620 BYRON RD,HOWELL,MI,48843,LIVINGSTON,0.985942,0.825546,0.916354,0.889896,6 out of 10,2 out of 9,6 out of 10
2026,230070,COVENANT MEDICAL CENTER,1447 N HARRISON,SAGINAW,MI,48602,SAGINAW,0.985942,0.825546,1.029158,1.039605,0 out of 10,0 out of 9,0 out of 10
2026,230072,HOLLAND COMMUNITY HOSPITAL,602 MICHIGAN AVE,HOLLAND,MI,49423,OTTAWA,0.985942,0.825546,0.885424,0.860328,8 out of 10,4 out of 9,8 out of 10
2026,230075,BRONSON BATTLE CREEK HOSPITAL,300 NORTH AVENUE,BATTLE CREEK,MI,49017,CALHOUN,0.985942,0.825546,0.926528,0.932488,3 out of 10,0 out of 9,3 out of 10
2026,230081,MUNSON HEALTHCARE CADILLAC HOSPITAL,400 HOBART ST,CADILLAC,MI,49601,WEXFORD,0.985942,0.825546,0.820825,0.802744,10 out of 10,9 out of 9,10 out of 10
2026,230089,BEAUMONT HOSPITAL - GROSSE POINTE,468 CADIEUX RD,GROSSE POINTE,MI,48230,WAYNE,0.985942,0.825546,0.880537,0.930283,4 out of 10,0 out of 9,4 out of 10
2026,230092,HENRY FORD ALLEGIANCE HEALTH,205 N EAST AVE,JACKSON,MI,49201,JACKSON,0.985942,0.825546,0.942953,0.912122,5 out of 10,2 out of 9,5 out of 10
2026,230093,COREWELL HEALTH BIG RAPIDS HOSPITAL,605 OAK STREET,BIG RAPIDS,MI,49307,MECOSTA,0.985942,0.825546,0.897855,0.859340,8 out of 10,5 out of 9,8 out of 10
2026,230095,MYMICHIGAN MEDICAL CENTER WEST BRANCH,2463 SOUTH M-30,WEST BRANCH,MI,48661,OGEMAW,0.985942,0.825546,0.927898,0.943376,3 out of 10,0 out of 9,3 out of 10
2026,230097,MUNSON MEDICAL CENTER,1105 SIXTH STREET,TRAVERSE CITY,MI,49684,GRAND TRAVERSE,0.985942,0.825546,0.923814,0.912562,5 out of 10,1 out of 9,5 out of 10
2026,230099,PROMEDICA MONROE REGIONAL HOSPITAL,718 N MACOMB ST,MONROE,MI,48162,MONROE,0.985942,0.825546,0.988631,0.985979,0 out of 10,0 out of 9,0 out of 10
2026,230104,HARPER UNIVERSITY HOSPITAL,3990 JOHN R STREET,DETROIT,MI,48201,WAYNE,0.985942,0.825546,0.997045,0.961173,2 out of 10,2 out of 9,2 out of 10
2026,230108,UP HEALTH SYSTEM PORTAGE,500 CAMPUS DRIVE,HANCOCK,MI,49930,HOUGHTON,0.985942,0.825546,0.876566,0.762965,10 out of 10,9 out of 9,10 out of 10
2026,230110,COREWELL HEALTH LUDINGTON HOSPITAL,ONE N ATKINSON DRIVE,LUDINGTON,MI,49431,MASON,0.985942,0.825546,0.814151,0.806892,10 out of 10,9 out of 9,10 out of 10
2026,230121,MEMORIAL HEALTHCARE,826 WEST KING STREET,OWOSSO,MI,48867,SHIAWASSEE,0.985942,0.825546,0.917617,0.881889,6 out of 10,3 out of 9,6 out of 10
2026,230130,BEAUMONT HOSPITAL ROYAL OAK,3601 W THIRTEEN MILE RD,ROYAL OAK,MI,48073,OAKLAND,0.985942,0.825546,0.996964,1.003226,0 out of 10,0 out of 9,0 out of 10
2026,230132,HURLEY MEDICAL CENTER,ONE HURLEY PLAZA,FLINT,MI,48503,GENESEE,0.985942,0.825546,0.960427,0.966625,2 out of 10,0 out of 9,2 out of 10
2026,230133,MUNSON HEALTHCARE OTSEGO MEMORIAL HOSPITAL,825 N CENTER AVE,GAYLORD,MI,49735,OTSEGO,0.985942,0.825546,0.881205,0.860790,8 out of 10,3 out of 9,8 out of 10
2026,230142,COREWELL HEALTH WAYNE HOSPITAL,33155 ANNAPOLIS AVE,WAYNE,MI,48184,WAYNE,0.985942,0.825546,0.998264,1.023093,0 out of 10,0 out of 9,0 out of 10
2026,230146,WYANDOTTE HOSPITAL AND MEDICAL CENTER,2333 BIDDLE AVE,WYANDOTTE,MI,48192,WAYNE,0.985942,0.825546,1.035042,1.050053,0 out of 10,0 out of 9,0 out of 10
2026,230151,BEAUMONT HOSPITAL - FARMINGTON HILLS,28050 GRAND RIVER AVENUE,FARMINGTON HILLS,MI,48336,OAKLAND,0.985942,0.825546,1.020581,1.017172,0 out of 10,0 out of 9,0 out of 10
2026,230156,TRINITY HEALTH ANN ARBOR HOSPITAL,5301 E HURON RIVER DR,ANN ARBOR,MI,48106,WASHTENAW,0.985942,0.825546,0.936065,0.918627,4 out of 10,1 out of 9,4 out of 10
2026,230174,TRINITY HEALTH GRAND HAVEN HOSPITAL,1309 SHELDON RD,GRAND HAVEN,MI,49417,OTTAWA,0.985942,0.825546,0.909092,0.793264,10 out of 10,9 out of 9,10 out of 10
2026,230176,COREWELL HEALTH TRENTON HOSPITAL,5450 FORT STREET,TRENTON,MI,48183,WAYNE,0.985942,0.825546,0.981525,1.012334,0 out of 10,0 out of 9,0 out of 10
2026,230180,MYMICHIGAN MEDICAL CENTER CLARE,703 N MCEWAN ST,CLARE,MI,48617,CLARE,0.985942,0.825546,0.977993,0.847411,8 out of 10,8 out of 9,8 out of 10
2026,230208,UNIVERSITY OF MICHIGAN HEALTH-SPARROW CARSON,406 EAST ELM ST,CARSON CITY,MI,48811,MONTCALM,0.985942,0.825546,0.875178,0.847147,8 out of 10,5 out of 9,8 out of 10
2026,230217,OAKLAWN HOSPITAL,200 N MADISON,MARSHALL,MI,49068,CALHOUN,0.985942,0.825546,0.895793,0.853494,8 out of 10,6 out of 9,8 out of 10
2026,230222,MYMICHIGAN MEDICAL CENTER MIDLAND,4000 WELLNESS DRIVE,MIDLAND,MI,48670,MIDLAND,0.985942,0.825546,0.948211,0.954052,2 out of 10,0 out of 9,2 out of 10
2026,230230,EDWARD W SPARROW HOSPITAL,1215 E MICHIGAN AVENUE,LANSING,MI,48912,INGHAM,0.985942,0.825546,1.039620,0.978588,1 out of 10,2 out of 9,2 out of 10
2026,230236,UNIVERSITY OF MICHIGAN HEALTH - WEST,"5900 BYRON CENTER AVENUE, SW",WYOMING,MI,49519,KENT,0.985942,0.825546,0.956400,0.958098,2 out of 10,0 out of 9,2 out of 10
2026,230239,CHIPPEWA COUNTY WAR MEMORIAL HOSPITAL,500 OSBORN BLVD,SAULT STE MARIE,MI,49783,CHIPPEWA,0.985942,0.825546,0.833417,0.827221,9 out of 10,7 out of 9,9 out of 10
2026,230244,GARDEN CITY HOSPITAL,6245 INKSTER RD,GARDEN CITY,MI,48135,WAYNE,0.985942,0.825546,1.001060,1.038406,0 out of 10,0 out of 9,0 out of 10
2026,230259,CHELSEA HOSPITAL,775 S MAIN ST,CHELSEA,MI,48118,WASHTENAW,0.985942,0.825546,0.827766,0.821326,10 out of 10,9 out of 9,10 out of 10
2026,230269,"BEAUMONT HOSPITAL, TROY",44201 DEQUINDRE ROAD,TROY,MI,48085,OAKLAND,0.985942,0.825546,0.981815,0.985678,1 out of 10,0 out of 9,1 out of 10
2026,230270,BEAUMONT HOSPITAL - TAYLOR,10000 TELEGRAPH ROAD,TAYLOR,MI,48180,WAYNE,0.985942,0.825546,1.056298,1.054788,0 out of 10,0 out of 9,0 out of 10
2026,230273,DETROIT RECEIVING HOSPITAL,4201 ST ANTOINE ST,DETROIT,MI,48201,WAYNE,0.985942,0.825546,1.030781,0.974544,1 out of 10,2 out of 9,2 out of 10
2026,230277,HURON VALLEY-SINAI HOSPITAL,ONE WILLIAM CARLS DRIVE,COMMERCE TOWNSHIP,MI,48382,OAKLAND,0.985942,0.825546,1.006078,0.944861,3 out of 10,3 out of 9,3 out of 10
2026,230302,HENRY FORD HEALTH WEST BLOOMFIELD HOSPITAL,6777 WEST MAPLE ROAD,W BLOOMFIELD,MI,48322,OAKLAND,0.985942,0.825546,0.942647,0.888006,6 out of 10,4 out of 9,6 out of 10
2026,230303,MUNSON HEALTHCARE MANISTEE HOSPITAL,1465 E PARKDALE AVE,MANISTEE,MI,49660,MANISTEE,0.985942,0.825546,0.815579,0.740929,10 out of 10,9 out of 9,10 out of 10
2026,240001,NORTH MEMORIAL HEALTH HOSPITAL,3300 OAKDALE NORTH,ROBBINSDALE,MN,55422,HENNEPIN,0.985942,0.825546,0.957763,0.937196,3 out of 10,1 out of 9,3 out of 10
2026,240002,ESSENTIA HEALTH ST MARY'S MEDICAL CENTER,402 EAST SECOND STREET,DULUTH,MN,55805,ST. LOUIS,0.985942,0.825546,0.976509,0.989336,0 out of 10,0 out of 9,0 out of 10
2026,240004,HENNEPIN COUNTY MEDICAL CENTER,701 PARK AVENUE,MINNEAPOLIS,MN,55415,HENNEPIN,0.985942,0.825546,0.978400,0.983674,1 out of 10,0 out of 9,1 out of 10
2026,240006,OLMSTED MEDICAL CENTER,1650 FOURTH STREET SOUTHEAST,ROCHESTER,MN,55904,OLMSTED,0.985942,0.825546,0.819982,0.805431,10 out of 10,9 out of 9,10 out of 10
2026,240010,MAYO CLINIC HOSPITAL ROCHESTER,1216 SECOND STREET SOUTHWEST,ROCHESTER,MN,55902,OLMSTED,0.985942,0.825546,0.978754,0.942250,3 out of 10,2 out of 9,3 out of 10
2026,240014,NORTHFIELD HOSPITAL,2000 NORTH AVENUE,NORTHFIELD,MN,55057,RICE,0.985942,0.825546,0.884334,0.845820,8 out of 10,6 out of 9,8 out of 10
2026,240018,MAYO CLINIC HEALTH SYSTEM IN RED WING,701 HEWITT BOULEVARD,RED WING,MN,55066,GOODHUE,0.985942,0.825546,0.944469,0.824310,10 out of 10,9 out of 9,10 out of 10
2026,240020,CAMBRIDGE MEDICAL CENTER,701 SOUTH DELLWOOD AVENUE,CAMBRIDGE,MN,55008,ISANTI,0.985942,0.825546,0.836039,0.806963,10 out of 10,9 out of 9,10 out of 10
2026,240022,SANFORD WORTHINGTON MEDICAL CENTER,1018 SIXTH AVENUE PO BOX 997,WORTHINGTON,MN,56187,NOBLES,0.985942,0.825546,1.003005,0.887239,6 out of 10,6 out of 9,6 out of 10
2026,240030,ALOMERE HEALTH,111 17TH AVENUE EAST,ALEXANDRIA,MN,56308,DOUGLAS,0.985942,0.825546,0.948872,0.892704,6 out of 10,4 out of 9,6 out of 10
2026,240036,ST CLOUD HOSPITAL,1406 6TH AVE NORTH,SAINT CLOUD,MN,56303,STEARNS,0.985942,0.825546,0.953547,0.941327,3 out of 10,0 out of 9,3 out of 10
2026,240038,ALLINA UNITED HOSPITAL,333 NORTH SMITH AVENUE,SAINT PAUL,MN,55102,RAMSEY,0.985942,0.825546,0.929388,0.950313,2 out of 10,0 out of 9,2 out of 10
2026,240040,RANGE REGIONAL HEALTH SERVICES,750 EAST 34TH ST,HIBBING,MN,55746,ST. LOUIS,0.985942,0.825546,1.008121,0.898070,5 out of 10,6 out of 9,6 out of 10
2026,240043,MAYO CLINIC HEALTH SYSTEM - ALBERT LEA AND AUSTIN,404 WEST FOUNTAIN STREET,ALBERT LEA,MN,56007,FREEBORN,0.985942,0.825546,0.885998,0.860031,8 out of 10,4 out of 9,8 out of 10
2026,240044,WINONA HEALTH SERVICES,855 MANKATO AVENUE,WINONA,MN,55987,WINONA,0.985942,0.825546,0.878563,0.849010,8 out of 10,5 out of 9,8 out of 10
2026,240047,ST LUKES HOSPITAL,915 EAST 1ST STREET,DULUTH,MN,55805,ST. LOUIS,0.985942,0.825546,0.961131,0.959412,2 out of 10,0 out of 9,2 out of 10
2026,240050,FAIRVIEW LAKES HEALTH SERVICES,5200 FAIRVIEW BOULEVARD,WYOMING,MN,55092,CHISAGO,0.985942,0.825546,0.913578,0.891207,6 out of 10,2 out of 9,6 out of 10
2026,240052,LAKE REGION HEALTHCARE CORPORATION,712 SOUTH CASCADE STREET,FERGUS FALLS,MN,56537,OTTER TAIL,0.985942,0.825546,0.867141,0.877705,7 out of 10,0 out of 9,7 out of 10
2026,240053,PARK NICOLLET METHODIST HOSPITAL,6500 EXCELSIOR BLVD,SAINT LOUIS PARK,MN,55426,HENNEPIN,0.985942,0.825546,0.947006,0.909805,5 out of 10,3 out of 9,5 out of 10
2026,240056,RIDGEVIEW MEDICAL CENTER,500 SOUTH MAPLE STREET,WACONIA,MN,55387,CARVER,0.985942,0.825546,0.902604,0.930862,4 out of 10,0 out of 9,4 out of 10
2026,240057,ABBOTT NORTHWESTERN HOSPITAL,800 EAST 28TH STREET,MINNEAPOLIS,MN,55407,HENNEPIN,0.985942,0.825546,0.949784,0.952416,2 out of 10,0 out of 9,2 out of 10
2026,240064,GRAND ITASCA CLINIC AND HOSPITAL,1601 GOLF COURSE ROAD,GRAND RAPIDS,MN,55744,ITASCA,0.985942,0.825546,0.809237,0.806216,10 out of 10,9 out of 9,10 out of 10
2026,240066,LAKEVIEW MEMORIAL HOSPITAL,927 WEST CHURCHILL STREET,STILLWATER,MN,55082,WASHINGTON,0.985942,0.825546,0.948091,0.910894,5 out of 10,3 out of 9,5 out of 10
2026,240069,OWATONNA HOSPITAL,2250 26TH STREET NORTHWEST,OWATONNA,MN,55060,STEELE,0.985942,0.825546,0.873337,0.885593,6 out of 10,0 out of 9,6 out of 10
2026,240071,ALLINA HEALTH FARIBAULT MEDICAL CENTER,200 STATE AVENUE,FARIBAULT,MN,55021,RICE,0.985942,0.825546,0.846589,0.896973,5 out of 10,0 out of 9,5 out of 10
2026,240075,ESSENTIA HEALTH ST JOSEPH'S MEDICAL CENTER,523 NORTH 3RD STREET,BRAINERD,MN,56401,CROW WING,0.985942,0.825546,0.852810,0.794992,10 out of 10,9 out of 9,10 out of 10
2026,240076,BUFFALO HOSPITAL,303 CATLIN STREET,BUFFALO,MN,55313,WRIGHT,0.985942,0.825546,0.852699,0.859281,8 out of 10,0 out of 9,8 out of 10
2026,240078,M HEALTH FAIRVIEW SOUTHDALE HOSPITAL,6401 FRANCE AVENUE SOUTH,EDINA,MN,55435,HENNEPIN,0.985942,0.825546,0.937104,0.911927,5 out of 10,2 out of 9,5 out of 10
2026,240084,ESSENTIA HEALTH VIRGINIA,901 9TH STREET NORTH,VIRGINIA,MN,55792,ST. LOUIS,0.985942,0.825546,0.919695,0.903211,5 out of 10,1 out of 9,5 out of 10
2026,240088,CENTRACARE- RICE MEMORIAL HOSPITAL,301 BECKER AVE SW,WILLMAR,MN,56201,KANDIYOHI,0.985942,0.825546,0.801681,0.832408,9 out of 10,0 out of 9,9 out of 10
2026,240093,MAYO CLINIC HEALTH SYSTEM - MANKATO,1025 MARSH STREET,MANKATO,MN,56002,BLUE EARTH,0.985942,0.825546,0.944812,0.936027,3 out of 10,0 out of 9,3 out of 10
2026,240100,SANFORD BEMIDJI MEDICAL CENTER,1300 ANNE ST NW,BEMIDJI,MN,56601,BELTRAMI,0.985942,0.825546,0.877905,0.874271,7 out of 10,0 out of 9,7 out of 10
2026,240101,ESSENTIA HEALTH ST MARYS - DETROIT LAKES,1027 WASHINGTON AVE,DETROIT LAKES,MN,56501,BECKER,0.985942,0.825546,0.816534,0.812322,10 out of 10,9 out of 9,10 out of 10
2026,240104,ST FRANCIS REGIONAL MEDICAL CENTER,1455 ST FRANCIS AVENUE,SHAKOPEE,MN,55379,SCOTT,0.985942,0.825546,0.905673,0.867438,7 out of 10,4 out of 9,7 out of 10
2026,240141,FAIRVIEW NORTHLAND REGIONAL HOSPITAL,911 NORTHLAND DRIVE,PRINCETON,MN,55371,MILLE LACS,0.985942,0.825546,0.825671,0.876377,7 out of 10,0 out of 9,7 out of 10
2026,240166,MAYO CLINIC HEALTH SYSTEM - FAIRMONT,800 MEDICAL CENTER DRIVE,FAIRMONT,MN,56031,MARTIN,0.985942,0.825546,0.950867,0.800983,10 out of 10,9 out of 9,10 out of 10
2026,240187,HUTCHINSON HEALTH,1095 HIGHWAY 15 SOUTH,HUTCHINSON,MN,55350,MCLEOD,0.985942,0.825546,0.863276,0.874876,7 out of 10,0 out of 9,7 out of 10
2026,240207,M HEALTH FAIRVIEW RIDGES HOSPITAL,201 EAST NICOLLET BOULEVARD,BURNSVILLE,MN,55337,DAKOTA,0.985942,0.825546,0.872120,0.868900,7 out of 10,0 out of 9,7 out of 10
2026,240210,M HEALTH FAIRVIEW ST JOHN'S HOSPITAL,1575 BEAM AVENUE,MAPLEWOOD,MN,55109,RAMSEY,0.985942,0.825546,0.953041,0.920497,4 out of 10,2 out of 9,4 out of 10
2026,240213,M HEALTH FAIRVIEW WOODWINDS HOSPITAL,1925 WOODWINDS DRIVE,WOODBURY,MN,55125,WASHINGTON,0.985942,0.825546,0.896302,0.885555,6 out of 10,1 out of 9,6 out of 10
2026,240214,MAPLE GROVE HOSPITAL,9875 HOSPITAL DRIVE,MAPLE GROVE,MN,55369,HENNEPIN,0.985942,0.825546,0.849132,0.837764,9 out of 10,4 out of 9,9 out of 10
2026,250001,UNIVERSITY OF MISSISSIPPI MED CENTER,2500 N STATE ST,JACKSON,MS,39216,HINDS,0.985942,0.825546,1.025827,0.992387,0 out of 10,1 out of 9,1 out of 10
2026,250004,NORTH MISSISSIPPI MEDICAL CENTER,830 S GLOSTER STREET,TUPELO,MS,38801,LEE,0.985942,0.825546,1.008207,1.016985,0 out of 10,0 out of 9,0 out of 10
2026,250006,BAPTIST MEMORIAL HOSPITAL UNION COUNTY,200 HWY 30 WEST,NEW ALBANY,MS,38652,UNION,0.985942,0.825546,0.970638,0.972312,1 out of 10,0 out of 9,1 out of 10
2026,250007,Memorial Hospital Biloxi,150 REYNOIR STREET,BILOXI,MS,39530,HARRISON,0.985942,0.825546,1.041862,0.998502,0 out of 10,2 out of 9,2 out of 10
2026,250009,MAGNOLIA REGIONAL HEALTH CENTER,611 ALCORN DRIVE,CORINTH,MS,38834,ALCORN,0.985942,0.825546,0.980770,0.937411,3 out of 10,2 out of 9,3 out of 10
2026,250019,MEMORIAL HOSPITAL AT GULFPORT,4500 13TH STREET,GULFPORT,MS,39502,HARRISON,0.985942,0.825546,1.149140,1.127900,0 out of 10,0 out of 9,0 out of 10
2026,250020,WEBSTER GENERAL HOSPITAL/ SWING BED,70 MEDICAL PLAZA,EUPORA,MS,39744,WEBSTER,0.985942,0.825546,1.047223,0.876647,7 out of 10,7 out of 9,7 out of 10
2026,250025,NORTH MISSISSIPPI MEDICAL CENTER-GILMORE AMORY,1105 EARL FRYE BLVD,AMORY,MS,38821,MONROE,0.985942,0.825546,0.965689,0.964274,2 out of 10,0 out of 9,2 out of 10
2026,250031,MERIT HEALTH RIVER REGION,2100 HWY 61 N,VICKSBURG,MS,39183,WARREN,0.985942,0.825546,1.153017,1.060508,0 out of 10,2 out of 9,2 out of 10
2026,250034,BAPTIST MEMORIAL HOSPITAL NORTH MS,1100 BELK BLVD,OXFORD,MS,38655,LAFAYETTE,0.985942,0.825546,0.973917,0.960380,2 out of 10,0 out of 9,2 out of 10
2026,250036,GEORGE REGIONAL HEALTH SYSTEM,859 WINTER STREET,LUCEDALE,MS,39452,GEORGE,0.985942,0.825546,0.996080,0.908973,5 out of 10,5 out of 9,5 out of 10
2026,250038,MERIT HEALTH MADISON,161 RIVER OAKS DRIVE,CANTON,MS,39046,MADISON,0.985942,0.825546,0.975159,0.953665,2 out of 10,1 out of 9,2 out of 10
2026,250040,SINGING RIVER HEALTH SYSTEM,2809 DENNY AV,PASCAGOULA,MS,39581,JACKSON,0.985942,0.825546,0.976374,0.989096,0 out of 10,0 out of 9,0 out of 10
2026,250044,BAPTIST MEMORIAL HOSPITAL BOONEVILLE,100 HOSPITAL STREET,BOONEVILLE,MS,38829,PRENTISS,0.985942,0.825546,0.979442,0.929443,4 out of 10,3 out of 9,4 out of 10
2026,250048,ST DOMINIC-JACKSON MEMORIAL HOSPITAL,969 LAKELAND DR,JACKSON,MS,39216,HINDS,0.985942,0.825546,1.052767,1.015584,0 out of 10,1 out of 9,1 out of 10
2026,250050,OCH REGIONAL MEDICAL CENTER,400 HOSPITAL ROAD /MAIL PO BOX 1506,STARKVILLE,MS,39759,OKTIBBEHA,0.985942,0.825546,1.003059,1.022645,0 out of 10,0 out of 9,0 out of 10
2026,250057,KING'S DAUGHTERS MEDICAL CENTER-BROOKHAVEN,P O BOX 948/427 HIGHWAY 51 NORTH,BROOKHAVEN,MS,39601,LINCOLN,0.985942,0.825546,0.973323,0.983557,1 out of 10,0 out of 9,1 out of 10
2026,250058,SOUTH CENTRAL REG MED CTR,1220 JEFFERSON ST BOX 607,LAUREL,MS,39440,JONES,0.985942,0.825546,0.931879,0.983167,1 out of 10,0 out of 9,1 out of 10
2026,250067,CLAY COUNTY MEDICAL CORPORATION,150 MEDICAL CENTER DRIVE,WEST POINT,MS,39773,CLAY,0.985942,0.825546,0.959315,0.858021,8 out of 10,7 out of 9,8 out of 10
2026,250069,OCHSNER RUSH HOSPITAL,1314 19TH AVE,MERIDIAN,MS,39301,LAUDERDALE,0.985942,0.825546,1.245489,1.097732,0 out of 10,3 out of 9,3 out of 10
2026,250072,MERIT HEALTH CENTRAL,1850 CHADWICK DR,JACKSON,MS,39204,HINDS,0.985942,0.825546,1.002431,0.908041,5 out of 10,5 out of 9,5 out of 10
2026,250077,WAYNE GENERAL HOSPITAL,950 MATTHEW DR,WAYNESBORO,MS,39367,WAYNE,0.985942,0.825546,0.890946,0.837365,9 out of 10,8 out of 9,9 out of 10
2026,250078,FORREST GENERAL HOSPITAL,6051 US HIGHWAY 49,HATTIESBURG,MS,39401,FORREST,0.985942,0.825546,0.993125,0.991186,0 out of 10,0 out of 9,0 out of 10
2026,250082,DELTA HEALTH SYSTEM - THE MEDICAL CENTER,1400 E UNION ST,GREENVILLE,MS,38701,WASHINGTON,0.985942,0.825546,1.150553,1.098962,0 out of 10,1 out of 9,1 out of 10
2026,250084,MERIT HEALTH NATCHEZ,52 SERGEANT PRENTISS DRIVE,NATCHEZ,MS,39120,ADAMS,0.985942,0.825546,1.186819,1.146620,0 out of 10,1 out of 9,1 out of 10
2026,250085,MARION GENERAL HOSPITAL,1560 SUMRALL RD,COLUMBIA,MS,39429,MARION,0.985942,0.825546,1.050411,0.975029,1 out of 10,3 out of 9,3 out of 10
2026,250093,BOLIVAR MEDICAL CENTER,901 E SUNFLOWER RD,CLEVELAND,MS,38732,BOLIVAR,0.985942,0.825546,0.992840,0.949224,3 out of 10,2 out of 9,3 out of 10
2026,250094,MERIT HEALTH WESLEY,5001 W HARDY ST,HATTIESBURG,MS,39402,LAMAR,0.985942,0.825546,0.981849,0.985273,1 out of 10,0 out of 9,1 out of 10
2026,250097,SOUTHWEST MS REGIONAL MEDICAL CENTER,215 MARION AV BOX 1307,MCCOMB,MS,39649,PIKE,0.985942,0.825546,0.999903,1.002052,0 out of 10,0 out of 9,0 out of 10
2026,250100,BMH-GOLDEN TRIANGLE,2520 5TH STREET N,COLUMBUS,MS,39705,LOWNDES,0.985942,0.825546,0.953355,0.958203,2 out of 10,0 out of 9,2 out of 10
2026,250102,MISSISSIPPI BAPTIST MEDICAL CENTER,1225 N STATE ST,JACKSON,MS,39202,HINDS,0.985942,0.825546,1.057681,1.018589,0 out of 10,1 out of 9,1 out of 10
2026,250104,ANDERSON REGIONAL MEDICAL CENTER,2124 14TH STREET,MERIDIAN,MS,39301,LAUDERDALE,0.985942,0.825546,1.048908,1.009675,0 out of 10,1 out of 9,1 out of 10
2026,250117,HIGHLAND COMMUNITY  HOSPITAL,130 HIGHLAND PKWY,PICAYUNE,MS,39466,PEARL RIVER,0.985942,0.825546,0.956953,1.055084,0 out of 10,0 out of 9,0 out of 10
2026,250123,SINGING RIVER GULFPORT,15200 COMMUNITY ROAD,GULFPORT,MS,39503,HARRISON,0.985942,0.825546,1.013676,0.992878,0 out of 10,1 out of 9,1 out of 10
2026,250138,MERIT HEALTH RIVER OAKS,1030 RIVER OAKS DRIVE,FLOWOOD,MS,39232,RANKIN,0.985942,0.825546,1.048415,1.056085,0 out of 10,0 out of 9,0 out of 10
2026,250141,BAPTIST MEMORIAL HOSPITAL DESOTO,7601 SOUTHCREST PARKWAY,SOUTHAVEN,MS,38671,DESOTO,0.985942,0.825546,0.992087,1.008042,0 out of 10,0 out of 9,0 out of 10
2026,250162,OCHSNER MEDICAL CENTER-HANCOCK,149 DRINKWATER BLVD,BAY SAINT LOUIS,MS,39520,HANCOCK,0.985942,0.825546,0.967465,0.878233,7 out of 10,6 out of 9,7 out of 10
2026,250167,METHODIST HEALTHCARE - OLIVE BRANCH HOSPITAL,4250 BETHEL ROAD,OLIVE BRANCH,MS,38654,DESOTO,0.985942,0.825546,0.886097,0.807898,10 out of 10,9 out of 9,10 out of 10
2026,250168,UNIVERSITY OF MISSISSIPPI MEDICAL CENTER- GRENADA,960 AVENT DRIVE,GRENADA,MS,38901,GRENADA,0.985942,0.825546,1.088793,1.176427,0 out of 10,0 out of 9,0 out of 10
2026,260001,MERCY HOSPITAL JOPLIN,100 MERCY WAY,JOPLIN,MO,64804,JASPER,0.985942,0.825546,1.014276,0.970284,1 out of 10,2 out of 9,2 out of 10
2026,260005,SSM ST JOSEPH HEALTH CENTER,300 1ST CAPITOL DR,SAINT CHARLES,MO,63301,ST. CHARLES,0.985942,0.825546,0.986332,0.998141,0 out of 10,0 out of 9,0 out of 10
2026,260006,MOSAIC LIFE CARE AT ST JOSEPH,5325 FARAON STREET,SAINT JOSEPH,MO,64506,BUCHANAN,0.985942,0.825546,0.961457,1.019036,0 out of 10,0 out of 9,0 out of 10
2026,260009,BOTHWELL REGIONAL HEALTH CENTER,601 E 14TH ST,SEDALIA,MO,65301,PETTIS,0.985942,0.825546,0.923327,0.868487,7 out of 10,5 out of 9,7 out of 10
2026,260011,SSM HEALTH ST. MARY'S HOSPITAL - JEFFERSON CITY,2505 MISSION DRIVE,JEFFERSON CITY,MO,65109,COLE,0.985942,0.825546,0.941574,0.928488,4 out of 10,1 out of 9,4 out of 10
2026,260017,PHELPS COUNTY REGIONAL MEDICAL CENTER,1000 W 10TH ST,ROLLA,MO,65401,PHELPS,0.985942,0.825546,0.980306,0.957995,2 out of 10,1 out of 9,2 out of 10
2026,260020,MERCY HOSPITAL ST LOUIS,615 NEW BALLAS ROAD,SAINT LOUIS,MO,63141,ST. LOUIS,0.985942,0.825546,1.010689,1.017509,0 out of 10,0 out of 9,0 out of 10
2026,260022,NORTHEAST REGIONAL MEDICAL CENTER,315 S OSTEOPATHY,KIRKSVILLE,MO,63501,ADAIR,0.985942,0.825546,0.959712,0.969950,1 out of 10,0 out of 9,1 out of 10
2026,260023,MERCY HOSPITAL JEFFERSON,1400 US HIGHWAY 61,CRYSTAL CITY,MO,63019,JEFFERSON,0.985942,0.825546,0.988498,0.953127,2 out of 10,2 out of 9,2 out of 10
2026,260024,TEXAS COUNTY MEMORIAL HOSPITAL,1333 SAM HOUSTON BOULEVARD,HOUSTON,MO,65483,TEXAS,0.985942,0.825546,1.021404,0.918633,4 out of 10,5 out of 9,5 out of 10
2026,260025,HANNIBAL REGIONAL HOSPITAL,6000 HOSPITAL DR,HANNIBAL,MO,63401,MARION,0.985942,0.825546,0.964511,0.951975,2 out of 10,0 out of 9,2 out of 10
2026,260027,RESEARCH MEDICAL CENTER,2316 E MEYER BLVD,KANSAS CITY,MO,64132,JACKSON,0.985942,0.825546,1.042196,1.080525,0 out of 10,0 out of 9,0 out of 10
2026,260032,BARNES JEWISH HOSPITAL,ONE BARNES-JEWISH HOSPITAL PLAZA,SAINT LOUIS,MO,63110,ST. LOUIS,0.985942,0.825546,1.011365,1.029760,0 out of 10,0 out of 9,0 out of 10
2026,260040,COX MEDICAL CENTERS,3801 SOUTH NATIONAL AVENUE,SPRINGFIELD,MO,65807,GREENE,0.985942,0.825546,0.972949,0.950517,2 out of 10,1 out of 9,2 out of 10
2026,260048,TRUMAN MEDICAL CENTER HOSPITAL HILL,2301 HOLMES STREET,KANSAS CITY,MO,64108,JACKSON,0.985942,0.825546,0.974870,0.960788,2 out of 10,0 out of 9,2 out of 10
2026,260052,MERCY HOSPITAL WASHINGTON,901 EAST 5TH STREET,WASHINGTON,MO,63090,FRANKLIN,0.985942,0.825546,0.929882,0.982601,1 out of 10,0 out of 9,1 out of 10
2026,260057,CAMERON REGIONAL MEDICAL CENTER,1600 E EVERGREEN,CAMERON,MO,64429,CLINTON,0.985942,0.825546,1.061022,0.930531,4 out of 10,5 out of 9,5 out of 10
2026,260059,MERCY HOSPITAL LEBANON,100 HOSPITAL DRIVE,LEBANON,MO,65536,LACLEDE,0.985942,0.825546,0.887332,0.810334,10 out of 10,9 out of 9,10 out of 10
2026,260062,SAINT LUKES NORTH HOSPITAL,5830 N W BARRY ROAD,KANSAS CITY,MO,64154,PLATTE,0.985942,0.825546,0.994766,1.008471,0 out of 10,0 out of 9,0 out of 10
2026,260065,MERCY HOSPITAL SPRINGFIELD,2115 S. Fremont Ave,SPRINGFIELD,MO,65804,GREENE,0.985942,0.825546,0.998189,0.995206,0 out of 10,0 out of 9,0 out of 10
2026,260068,BOONE HOSPITAL CENTER,1600 E BROADWAY,COLUMBIA,MO,65201,BOONE,0.985942,0.825546,0.992942,0.973311,1 out of 10,1 out of 9,1 out of 10
2026,260074,MOBERLY REGIONAL MEDICAL CENTER,1515 UNION AVE,MOBERLY,MO,65270,RANDOLPH,0.985942,0.825546,0.912384,0.917047,4 out of 10,0 out of 9,4 out of 10
2026,260077,MERCY HOSPITAL SOUTH,10010 KENNERLY ROAD,SAINT LOUIS,MO,63128,ST. LOUIS,0.985942,0.825546,0.983644,1.021870,0 out of 10,0 out of 9,0 out of 10
2026,260078,OZARKS HEALTHCARE,1100 KENTUCKY AVE,WEST PLAINS,MO,65775,HOWELL,0.985942,0.825546,0.910287,0.909678,5 out of 10,0 out of 9,5 out of 10
2026,260081,SSM ST CLARE HEALTH CENTER,1015 BOWLES,FENTON,MO,63026,ST. LOUIS,0.985942,0.825546,0.955088,1.005076,0 out of 10,0 out of 9,0 out of 10
2026,260085,ST JOSEPH MEDICAL CENTER,1000 CARONDELET DR,KANSAS CITY,MO,64114,JACKSON,0.985942,0.825546,1.037804,0.956812,2 out of 10,3 out of 9,3 out of 10
2026,260091,SSM HEALTH ST MARY'S HOSPITAL - ST LOUIS,6420 CLAYTON RD,SAINT LOUIS,MO,63117,ST. LOUIS,0.985942,0.825546,1.018028,1.042269,0 out of 10,0 out of 9,0 out of 10
2026,260094,COX MEDICAL CENTER BRANSON,"525 BRANSON LANDING BLVD, PO BOX 650",BRANSON,MO,65615,TANEY,0.985942,0.825546,0.924414,0.894116,6 out of 10,3 out of 9,6 out of 10
2026,260095,CENTERPOINT MEDICAL CENTER,19600 EAST 39TH STREET,INDEPENDENCE,MO,64057,JACKSON,0.985942,0.825546,1.008282,1.048642,0 out of 10,0 out of 9,0 out of 10
2026,260096,NORTH KANSAS CITY HOSPITAL,2800 CLAY EDWARDS DRIVE,NORTH KANSAS CITY,MO,64116,CLAY,0.985942,0.825546,1.020891,1.026279,0 out of 10,0 out of 9,0 out of 10
2026,260097,WESTERN MISSOURI MEDICAL CENTER,403 BURKARTH ROAD,WARRENSBURG,MO,64093,JOHNSON,0.985942,0.825546,0.960471,0.954056,2 out of 10,0 out of 9,2 out of 10
2026,260102,UNIVERSITY HEALTH LAKEWOOD MEDICAL CENTER,7900 LEE'S SUMMIT RD,KANSAS CITY,MO,64139,JACKSON,0.985942,0.825546,0.824242,0.874517,7 out of 10,0 out of 9,7 out of 10
2026,260104,SSM HEALTH DEPAUL HOSPITAL ST LOUIS,12303 DEPAUL DRIVE,BRIDGETON,MO,63044,ST. LOUIS,0.985942,0.825546,1.035900,1.089606,0 out of 10,0 out of 9,0 out of 10
2026,260105,SSM HEALTH SAINT LOUIS UNIVERSITY HOSPITAL,1201 S GRAND BLVD,SAINT LOUIS,MO,63104,ST. LOUIS,0.985942,0.825546,1.073033,1.057924,0 out of 10,0 out of 9,0 out of 10
2026,260108,MISSOURI BAPTIST MEDICAL CENTER,3015 N BALLAS RD,SAINT LOUIS,MO,63131,ST. LOUIS,0.985942,0.825546,0.973195,0.966768,2 out of 10,0 out of 9,2 out of 10
2026,260110,MERCY HOSPITAL SOUTHEAST,1701 LACEY ST,CAPE GIRARDEAU,MO,63701,CAPE GIRARDEAU,0.985942,0.825546,1.031927,0.982157,1 out of 10,2 out of 9,2 out of 10
2026,260113,MISSOURI DELTA MEDICAL CENTER,1008 NORTH MAIN ST,SIKESTON,MO,63801,SCOTT,0.985942,0.825546,1.039137,0.971646,1 out of 10,3 out of 9,3 out of 10
2026,260137,FREEMAN HEALTH SYSTEM - FREEMAN WEST,1102 WEST 32ND STREET,JOPLIN,MO,64804,JASPER,0.985942,0.825546,1.015820,0.953048,2 out of 10,3 out of 9,3 out of 10
2026,260138,ST LUKES HOSPITAL OF KANSAS CITY,4401 WORNALL ROAD,KANSAS CITY,MO,64111,JACKSON,0.985942,0.825546,1.030196,1.033045,0 out of 10,0 out of 9,0 out of 10
2026,260141,UNIVERSITY OF MISSOURI HEALTH CARE,ONE HOSPITAL DRIVE,COLUMBIA,MO,65212,BOONE,0.985942,0.825546,1.049625,0.996143,0 out of 10,2 out of 9,2 out of 10
2026,260142,FITZGIBBON HOSPITAL,2305 S 65 HIGHWAY,MARSHALL,MO,65340,SALINE,0.985942,0.825546,0.957422,0.796353,10 out of 10,9 out of 9,10 out of 10
2026,260160,MERCY HOSPITAL STODDARD,1200 N ONE MILE RD,DEXTER,MO,63841,STODDARD,0.985942,0.825546,0.833789,0.913379,5 out of 10,0 out of 9,5 out of 10
2026,260162,BARNES-JEWISH WEST COUNTY HOSPITAL,12634 OLIVE BOULEVARD,CREVE COEUR,MO,63141,ST. LOUIS,0.985942,0.825546,0.989052,0.922218,4 out of 10,4 out of 9,4 out of 10
2026,260163,PARKLAND HEALTH CENTER,1101 W LIBERTY,FARMINGTON,MO,63640,ST. FRANCOIS,0.985942,0.825546,0.947504,0.930433,4 out of 10,1 out of 9,4 out of 10
2026,260175,GOLDEN VALLEY MEMORIAL HOSPITAL,1600 N 2ND ST,CLINTON,MO,64735,HENRY,0.985942,0.825546,0.921388,0.869404,7 out of 10,5 out of 9,7 out of 10
2026,260176,ST LUKE'S DES PERES HOSPITAL,2345 DOUGHERTY FERRY ROAD,ST LOUIS,MO,63122,ST. LOUIS,0.985942,0.825546,1.003793,0.892533,6 out of 10,6 out of 9,6 out of 10
2026,260177,LIBERTY HOSPITAL,2525 GLENN HENDREN DR,LIBERTY,MO,64068,CLAY,0.985942,0.825546,1.063921,1.035418,0 out of 10,1 out of 9,1 out of 10
2026,260179,ST LUKES HOSPITAL,232 S WOODS MILL RD,CHESTERFIELD,MO,63017,ST. LOUIS,0.985942,0.825546,1.001353,1.004989,0 out of 10,0 out of 9,0 out of 10
2026,260180,CHRISTIAN HOSPITAL NORTHEAST,11133 DUNN ROAD,SAINT LOUIS,MO,63136,ST. LOUIS,0.985942,0.825546,1.015728,0.987381,0 out of 10,1 out of 9,1 out of 10
2026,260183,SAINT FRANCIS MEDICAL CENTER,211 ST FRANCIS DR,CAPE GIRARDEAU,MO,63703,CAPE GIRARDEAU,0.985942,0.825546,0.992617,0.998104,0 out of 10,0 out of 9,0 out of 10
2026,260186,LAKE REGIONAL HEALTH SYSTEM,54 HOSPITAL DRIVE,OSAGE BEACH,MO,65065,CAMDEN,0.985942,0.825546,0.926980,0.929993,4 out of 10,0 out of 9,4 out of 10
2026,260190,LEE'S SUMMIT MEDICAL CENTER,2100 SE BLUE PARKWAY,LEES SUMMIT,MO,64063,JACKSON,0.985942,0.825546,0.973517,0.956238,2 out of 10,1 out of 9,2 out of 10
2026,260191,BARNES-JEWISH ST PETERS HOSPITAL,10 HOSPITAL DR,SAINT PETERS,MO,63376,ST. CHARLES,0.985942,0.825546,1.009735,1.016412,0 out of 10,0 out of 9,0 out of 10
2026,260193,ST MARY'S MEDICAL CENTER,201 NW R D MIZE RD,BLUE SPRINGS,MO,64014,JACKSON,0.985942,0.825546,0.973950,0.966340,2 out of 10,0 out of 9,2 out of 10
2026,260195,CITIZENS MEMORIAL HOSPITAL,1500 N OAKLAND,BOLIVAR,MO,65613,POLK,0.985942,0.825546,0.935513,0.878853,7 out of 10,5 out of 9,7 out of 10
2026,260200,SSM ST JOSEPH HOSPITAL WEST,100 MEDICAL PLAZA,LAKE SAINT LOUIS,MO,63367,ST. CHARLES,0.985942,0.825546,1.007868,1.024320,0 out of 10,0 out of 9,0 out of 10
2026,260214,BELTON REGIONAL MEDICAL CENTER,17065 S 71 HIGHWAY,BELTON,MO,64012,CASS,0.985942,0.825546,0.930467,0.982635,1 out of 10,0 out of 9,1 out of 10
2026,260216,SAINT LUKE'S EAST  HOSPITAL,100 N E SAINT LUKE'S BOULEVARD,LEES SUMMIT,MO,64086,JACKSON,0.985942,0.825546,1.003243,1.034796,0 out of 10,0 out of 9,0 out of 10
2026,260219,PROGRESS WEST HOSPITAL,2 PROGRESS POINT PKWY,OFALLON,MO,63368,ST. CHARLES,0.985942,0.825546,1.009646,0.942774,3 out of 10,3 out of 9,3 out of 10
2026,270003,ST PETERS HEALTH,2475 BROADWAY,HELENA,MT,59601,LEWIS AND CLARK,0.985942,0.825546,0.871992,0.879120,6 out of 10,0 out of 9,6 out of 10
2026,270004,BILLINGS CLINIC,2800 10TH AVE N,BILLINGS,MT,59101,YELLOWSTONE,0.985942,0.825546,1.011449,1.000416,0 out of 10,0 out of 9,0 out of 10
2026,270012,BENEFIS HOSPITALS INC,1101 26TH ST S,GREAT FALLS,MT,59405,CASCADE,0.985942,0.825546,0.943913,0.935097,3 out of 10,0 out of 9,3 out of 10
2026,270014,ST. PATRICK HOSPITAL,500 W BROADWAY,MISSOULA,MT,59802,MISSOULA,0.985942,0.825546,0.893404,0.924018,4 out of 10,0 out of 9,4 out of 10
2026,270017,ST JAMES HOSPITAL,400 S CLARK ST,BUTTE,MT,59701,SILVER BOW,0.985942,0.825546,0.905930,0.869228,7 out of 10,4 out of 9,7 out of 10
2026,270023,COMMUNITY MEDICAL CENTER,2827 FORT MISSOULA RD,MISSOULA,MT,59804,MISSOULA,0.985942,0.825546,0.980051,0.945663,3 out of 10,2 out of 9,3 out of 10
2026,270049,INTERMOUNTAIN HEALTH ST VINCENT REGIONAL HOSPITAL,1233 N 30TH ST,BILLINGS,MT,59107,YELLOWSTONE,0.985942,0.825546,1.011825,1.004840,0 out of 10,0 out of 9,0 out of 10
2026,270051,LOGAN HEALTH MEDICAL CENTER,310 SUNNYVIEW LANE,KALISPELL,MT,59901,FLATHEAD,0.985942,0.825546,0.922090,0.933904,3 out of 10,0 out of 9,3 out of 10
2026,270057,BOZEMAN HEALTH DEACONESS HOSPITAL,915 HIGHLAND BLVD,BOZEMAN,MT,59715,GALLATIN,0.985942,0.825546,0.893044,0.893941,6 out of 10,0 out of 9,6 out of 10
2026,270086,GREAT FALLS CLINIC HOSPITAL,3010 15TH AVENUE SOUTH,GREAT FALLS,MT,59405,CASCADE,0.985942,0.825546,0.902137,0.886769,6 out of 10,2 out of 9,6 out of 10
2026,280003,BRYAN MEDICAL CENTER,1600 SOUTH 48TH ST,LINCOLN,NE,68506,LANCASTER,0.985942,0.825546,0.993585,0.992596,0 out of 10,0 out of 9,0 out of 10
2026,280009,CHI HEALTH GOOD SAMARITAN,"P O BOX 1990, 10 EAST 31ST ST",KEARNEY,NE,68848,BUFFALO,0.985942,0.825546,1.060686,1.020693,0 out of 10,1 out of 9,1 out of 10
2026,280020,CHI HEALTH ST. ELIZABETH,555 SOUTH 70TH ST,LINCOLN,NE,68510,LANCASTER,0.985942,0.825546,1.028110,1.007112,0 out of 10,1 out of 9,1 out of 10
2026,280023,CHI HEALTH ST. FRANCIS,2620 WEST FAIDLEY AVE,GRAND ISLAND,NE,68803,HALL,0.985942,0.825546,1.028134,0.996429,0 out of 10,1 out of 9,1 out of 10
2026,280032,MARY LANNING HEALTHCARE,715 N ST JOSEPH AVE,HASTINGS,NE,68901,ADAMS,0.985942,0.825546,0.943674,0.907632,5 out of 10,3 out of 9,5 out of 10
2026,280040,THE NEBRASKA METHODIST HOSPITAL,8303 DODGE ST,OMAHA,NE,68114,DOUGLAS,0.985942,0.825546,1.002475,0.977370,1 out of 10,1 out of 9,1 out of 10
2026,280060,CHI HEALTH BERGAN MERCY,7500 MERCY RD,OMAHA,NE,68124,DOUGLAS,0.985942,0.825546,0.993627,1.021583,0 out of 10,0 out of 9,0 out of 10
2026,280061,REGIONAL WEST MEDICAL CENTER,4021 AVE B,SCOTTSBLUFF,NE,69361,SCOTTS BLUFF,0.985942,0.825546,1.007935,1.025913,0 out of 10,0 out of 9,0 out of 10
2026,280065,GREAT PLAINS HEALTH,601 WEST LEOTA ST,NORTH PLATTE,NE,69101,LINCOLN,0.985942,0.825546,0.979938,0.964274,2 out of 10,1 out of 9,2 out of 10
2026,280077,METHODIST FREMONT HEALTH,450 EAST 23RD ST,FREMONT,NE,68025,DODGE,0.985942,0.825546,1.013536,0.954360,2 out of 10,3 out of 9,3 out of 10
2026,280081,CHI HEALTH IMMANUEL,6901 NORTH 72ND ST,OMAHA,NE,68122,DOUGLAS,0.985942,0.825546,1.004022,1.018174,0 out of 10,0 out of 9,0 out of 10
2026,280105,CHI HEALTH MIDLANDS,11111 SOUTH 84TH ST,PAPILLION,NE,68046,SARPY,0.985942,0.825546,0.870568,0.780910,10 out of 10,9 out of 9,10 out of 10
2026,280111,"COLUMBUS COMMUNITY HOSPITAL, INC",4600 38TH ST,COLUMBUS,NE,68601,PLATTE,0.985942,0.825546,1.001083,0.988858,0 out of 10,0 out of 9,0 out of 10
2026,280125,FAITH REGIONAL HEALTH SERVICES,2700 WEST NORFOLK AVE,NORFOLK,NE,68701,MADISON,0.985942,0.825546,1.037767,0.962701,2 out of 10,3 out of 9,3 out of 10
2026,280128,CHI HEALTH NEBRASKA HEART,7500 SOUTH 91ST ST,LINCOLN,NE,68526,LANCASTER,0.985942,0.825546,1.017115,0.986520,0 out of 10,1 out of 9,1 out of 10
2026,280130,CHI HEALTH LAKESIDE,16901 LAKESIDE HILLS CT,OMAHA,NE,68130,DOUGLAS,0.985942,0.825546,0.940594,0.953129,2 out of 10,0 out of 9,2 out of 10
2026,280132,BELLEVUE MEDICAL CENTER,2500 BELLEVUE MEDICAL CENTER DR,BELLEVUE,NE,68123,SARPY,0.985942,0.825546,0.936118,0.916460,4 out of 10,1 out of 9,4 out of 10
2026,280134,KEARNEY REGIONAL MEDICAL CENTER,804 22ND AVENUE,KEARNEY,NE,68845,BUFFALO,0.985942,0.825546,1.045441,1.004704,0 out of 10,1 out of 9,1 out of 10
2026,280139,GRAND ISLAND REGIONAL MEDICAL CENTER,3533 PRAIRIEVIEW STREET,GRAND ISLAND,NE,68803,HALL,0.985942,0.825546,0.939944,0.926876,4 out of 10,1 out of 9,4 out of 10
2026,290001,RENOWN REGIONAL MEDICAL CENTER,1155 MILL STREET,RENO,NV,89502,WASHOE,0.985942,0.825546,1.005898,1.013706,0 out of 10,0 out of 9,0 out of 10
2026,290003,SUNRISE HOSPITAL AND MEDICAL CENTER,3186 S MARYLAND PKWY,LAS VEGAS,NV,89109,CLARK,0.985942,0.825546,1.191537,1.180726,0 out of 10,0 out of 9,0 out of 10
2026,290005,NORTH VISTA HOSPITAL,1409 EAST LAKE MEAD BLVD,NORTH LAS VEGAS,NV,89030,CLARK,0.985942,0.825546,1.168008,1.124618,0 out of 10,1 out of 9,1 out of 10
2026,290007,UNIVERSITY MEDICAL CENTER,1800 W CHARLESTON BLVD,LAS VEGAS,NV,89102,CLARK,0.985942,0.825546,1.075299,1.087142,0 out of 10,0 out of 9,0 out of 10
2026,290008,NORTHEASTERN NEVADA REGIONAL HOSPITAL,2001 ERRECART BLVD,ELKO,NV,89801,ELKO,0.985942,0.825546,0.918712,0.850761,8 out of 10,7 out of 9,8 out of 10
2026,290009,SAINT MARY'S REGIONAL MEDICAL CENTER,235 W 6TH ST,RENO,NV,89503,WASHOE,0.985942,0.825546,0.962860,0.868820,7 out of 10,6 out of 9,7 out of 10
2026,290019,CARSON TAHOE REGIONAL MEDICAL CENTER,1600 MEDICAL PARKWAY,CARSON CITY,NV,89703,CARSON,0.985942,0.825546,0.958933,0.933193,3 out of 10,1 out of 9,3 out of 10
2026,290021,VALLEY HOSPITAL MEDICAL CENTER,620 SHADOW LANE,LAS VEGAS,NV,89106,CLARK,0.985942,0.825546,1.072365,1.127765,0 out of 10,0 out of 9,0 out of 10
2026,290032,NORTHERN NEVADA MEDICAL CENTER,2375 E PRATER WAY,SPARKS,NV,89434,WASHOE,0.985942,0.825546,0.951771,0.913767,5 out of 10,3 out of 9,5 out of 10
2026,290039,MOUNTAINVIEW HOSPITAL,3100 N TENAYA WAY,LAS VEGAS,NV,89128,CLARK,0.985942,0.825546,1.090261,1.100418,0 out of 10,0 out of 9,0 out of 10
2026,290041,SUMMERLIN HOSPITAL MEDICAL CENTER,657 TOWN CENTER DRIVE,LAS VEGAS,NV,89144,CLARK,0.985942,0.825546,1.070079,1.099778,0 out of 10,0 out of 9,0 out of 10
2026,290045,SAINT ROSE DOMINICAN HOSPITALS - SIENA CAMPUS,3001 ST ROSE PARKWAY,HENDERSON,NV,89052,CLARK,0.985942,0.825546,1.076677,1.158707,0 out of 10,0 out of 9,0 out of 10
2026,290046,SPRING VALLEY HOSPITAL MEDICAL CENTER,5400 SOUTH RAINBOW BLVD,LAS VEGAS,NV,89118,CLARK,0.985942,0.825546,1.096098,1.078927,0 out of 10,0 out of 9,0 out of 10
2026,290047,SOUTHERN HILLS HOSPITAL AND MEDICAL CENTER,9300 WEST SUNSET RD,LAS VEGAS,NV,89148,CLARK,0.985942,0.825546,1.051929,1.088033,0 out of 10,0 out of 9,0 out of 10
2026,290049,RENOWN SOUTH MEADOWS MEDICAL CENTER,10101 DOUBLE R BLVD,RENO,NV,89521,WASHOE,0.985942,0.825546,0.937210,0.959876,2 out of 10,0 out of 9,2 out of 10
2026,290053,SAINT ROSE DOMINICAN HOSPITALS - SAN MARTIN CAMPUS,8280 W WARM SPRINGS ROAD,LAS VEGAS,NV,89113,CLARK,0.985942,0.825546,1.069513,1.100249,0 out of 10,0 out of 9,0 out of 10
2026,290054,CENTENNIAL HILLS HOSPITAL MEDICAL CENTER,6900 N DURANGO DR,LAS VEGAS,NV,89149,CLARK,0.985942,0.825546,1.041480,1.098503,0 out of 10,0 out of 9,0 out of 10
2026,290057,HENDERSON HOSPITAL,1050 WEST GALLERIA DRIVE,HENDERSON,NV,89011,CLARK,0.985942,0.825546,1.021436,1.056339,0 out of 10,0 out of 9,0 out of 10
2026,300001,CONCORD HOSPITAL,250 PLEASANT ST,CONCORD,NH,03301,MERRIMACK,0.985942,0.825546,1.022394,0.971117,1 out of 10,2 out of 9,2 out of 10
2026,300003,MARY HITCHCOCK MEMORIAL HOSPITAL,1 MEDICAL CENTER DRIVE,LEBANON,NH,03756,GRAFTON,0.985942,0.825546,1.009804,0.997486,0 out of 10,0 out of 9,0 out of 10
2026,300005,CONCORD HOSPITAL- LACONIA,80 HIGHLAND ST,LACONIA,NH,03246,BELKNAP,0.985942,0.825546,0.962186,0.938743,3 out of 10,1 out of 9,3 out of 10
2026,300011,ST JOSEPH HOSPITAL,172 KINSLEY ST,NASHUA,NH,03060,HILLSBOROUGH,0.985942,0.825546,0.964876,1.008815,0 out of 10,0 out of 9,0 out of 10
2026,300012,ELLIOT HOSPITAL,1 ELLIOT WAY,MANCHESTER,NH,03103,HILLSBOROUGH,0.985942,0.825546,1.034870,1.002513,0 out of 10,1 out of 9,1 out of 10
2026,300014,FRISBIE MEMORIAL HOSPITAL,11 WHITEHALL ROAD,ROCHESTER,NH,03867,STRAFFORD,0.985942,0.825546,0.936885,0.852195,8 out of 10,7 out of 9,8 out of 10
2026,300017,PARKLAND MEDICAL CENTER,1 PARKLAND DRIVE,DERRY,NH,03038,ROCKINGHAM,0.985942,0.825546,0.997198,0.953500,2 out of 10,2 out of 9,2 out of 10
2026,300018,WENTWORTH-DOUGLASS HOSPITAL,789 CENTRAL AVE,DOVER,NH,03820,STRAFFORD,0.985942,0.825546,0.929038,0.922805,4 out of 10,0 out of 9,4 out of 10
2026,300019,CHESHIRE MEDICAL CENTER,580 COURT STREET,KEENE,NH,03431,CHESHIRE,0.985942,0.825546,0.942148,0.948645,3 out of 10,0 out of 9,3 out of 10
2026,300020,SOUTHERN NH MEDICAL CENTER,8 PROSPECT STREET,NASHUA,NH,03060,HILLSBOROUGH,0.985942,0.825546,0.963806,0.976603,1 out of 10,0 out of 9,1 out of 10
2026,300023,EXETER HOSPITAL INC,5 ALUMNI DRIVE,EXETER,NH,03833,ROCKINGHAM,0.985942,0.825546,0.947075,0.954147,2 out of 10,0 out of 9,2 out of 10
2026,300029,PORTSMOUTH REGIONAL HOSPITAL,333 BORTHWICK AVE,PORTSMOUTH,NH,03801,ROCKINGHAM,0.985942,0.825546,1.000727,1.027435,0 out of 10,0 out of 9,0 out of 10
2026,300034,CATHOLIC MEDICAL CENTER,100 MCGREGOR STREET,MANCHESTER,NH,03102,HILLSBOROUGH,0.985942,0.825546,0.972450,0.959233,2 out of 10,0 out of 9,2 out of 10
2026,310001,HACKENSACK UNIVERSITY MEDICAL CENTER,30 PROSPECT AVE,HACKENSACK,NJ,07601,BERGEN,0.985942,0.825546,1.077976,1.088438,0 out of 10,0 out of 9,0 out of 10
2026,310002,NEWARK BETH ISRAEL MEDICAL CENTER,201 LYONS AVE,NEWARK,NJ,07112,ESSEX,0.985942,0.825546,1.049451,1.117246,0 out of 10,0 out of 9,0 out of 10
2026,310003,PALISADES MEDICAL CENTER,7600 RIVER RD,NORTH BERGEN,NJ,07047,HUDSON,0.985942,0.825546,1.053216,1.035890,0 out of 10,0 out of 9,0 out of 10
2026,310005,HUNTERDON MEDICAL CENTER,2100 WESCOTT DRIVE,FLEMINGTON,NJ,08822,HUNTERDON,0.985942,0.825546,0.990407,0.984476,1 out of 10,0 out of 9,1 out of 10
2026,310006,ST MARY'S GENERAL HOSPITAL,350 BOULEVARD,PASSAIC,NJ,07055,PASSAIC,0.985942,0.825546,1.065003,1.085298,0 out of 10,0 out of 9,0 out of 10
2026,310008,HOLY NAME MEDICAL CENTER,718 TEANECK RD,TEANECK,NJ,07666,BERGEN,0.985942,0.825546,1.081153,1.068872,0 out of 10,0 out of 9,0 out of 10
2026,310010,UNIVERSITY MEDICAL CENTER OF PRINCETON AT PLAINSBORO,ONE-FIVE PLAINSBORO ROAD,PLAINSBORO,NJ,08536,MIDDLESEX,0.985942,0.825546,0.984371,1.001990,0 out of 10,0 out of 9,0 out of 10
2026,310012,VALLEY HOSPITAL,4 VALLEY HEALTH PLAZA,PARAMUS,NJ,07652,BERGEN,0.985942,0.825546,1.023963,1.019951,0 out of 10,0 out of 9,0 out of 10
2026,310014,COOPER UNIVERSITY HOSPITAL,1 COOPER PLAZA,CAMDEN,NJ,08103,CAMDEN,0.985942,0.825546,1.043039,1.033205,0 out of 10,0 out of 9,0 out of 10
2026,310015,MORRISTOWN MEDICAL CENTER,100 MADISON AVE,MORRISTOWN,NJ,07962,MORRIS,0.985942,0.825546,1.042224,1.056681,0 out of 10,0 out of 9,0 out of 10
2026,310016,CAREPOINT HEALTH-CHRIST HOSPITAL,176 PALISADE AVE,JERSEY CITY,NJ,07306,HUDSON,0.985942,0.825546,1.112096,1.194307,0 out of 10,0 out of 9,0 out of 10
2026,310017,CHILTON MEDICAL CENTER,97 WEST PARKWAY,POMPTON PLAINS,NJ,07444,MORRIS,0.985942,0.825546,1.113049,1.154816,0 out of 10,0 out of 9,0 out of 10
2026,310019,ST JOSEPH'S UNIVERSITY MEDICAL CENTER INC,703 MAIN ST,PATERSON,NJ,07503,PASSAIC,0.985942,0.825546,1.082297,1.113589,0 out of 10,0 out of 9,0 out of 10
2026,310022,WEST JERSEY HOSPITAL,100 BOWMAN DRIVE,VOORHEES,NJ,08043,CAMDEN,0.985942,0.825546,1.051398,1.036678,0 out of 10,0 out of 9,0 out of 10
2026,310024,ROBERT WOOD JOHNSON UNIVERSITY HOSPITAL AT RAHWAY,865 STONE ST,RAHWAY,NJ,07065,UNION,0.985942,0.825546,1.064761,1.060926,0 out of 10,0 out of 9,0 out of 10
2026,310025,CAREPOINT HEALTH - BAYONNE MEDICAL CENTER,29 EAST 29TH ST,BAYONNE,NJ,07002,HUDSON,0.985942,0.825546,1.083947,1.188982,0 out of 10,0 out of 9,0 out of 10
2026,310027,TRINITAS REGIONAL MEDICAL CENTER,225 WILLIAMSON STREET,ELIZABETH,NJ,07207,UNION,0.985942,0.825546,1.157331,1.105853,0 out of 10,1 out of 9,1 out of 10
2026,310028,NEWTON MEDICAL CENTER,175 HIGH ST,NEWTON,NJ,07860,SUSSEX,0.985942,0.825546,1.050828,1.061921,0 out of 10,0 out of 9,0 out of 10
2026,310029,VIRTUA OUR LADY OF LOURDES HOSPITAL,1600 HADDON AVENUE,CAMDEN,NJ,08103,CAMDEN,0.985942,0.825546,1.060147,1.093314,0 out of 10,0 out of 9,0 out of 10
2026,310031,DEBORAH HEART AND LUNG CENTER,200 TRENTON ROAD,BROWNS MILLS,NJ,08015,BURLINGTON,0.985942,0.825546,1.024218,1.032434,0 out of 10,0 out of 9,0 out of 10
2026,310032,INSPIRA MEDICAL CENTER VINELAND,1505 W SHERMAN AVE,VINELAND,NJ,08360,CUMBERLAND,0.985942,0.825546,1.078726,1.050130,0 out of 10,1 out of 9,1 out of 10
2026,310034,RIVERVIEW MEDICAL CENTER,ONE RIVERVIEW PLAZA,RED BANK,NJ,07701,MONMOUTH,0.985942,0.825546,1.076220,1.065826,0 out of 10,0 out of 9,0 out of 10
2026,310038,ROBERT WOOD JOHNSON UNIVERSITY HOSPITAL,ONE ROBERT WOOD JOHNSON PLACE,NEW BRUNSWICK,NJ,08901,MIDDLESEX,0.985942,0.825546,1.082307,1.071147,0 out of 10,0 out of 9,0 out of 10
2026,310039,RARITAN BAY MEDICAL CENTER,530 NEW BRUNSWICK AVE,PERTH AMBOY,NJ,08861,MIDDLESEX,0.985942,0.825546,1.085741,1.119194,0 out of 10,0 out of 9,0 out of 10
2026,310040,CAREPOINT HEALTH-HOBOKEN UNIVERSITY MEDICAL CENTER,308 WILLOW AVE,HOBOKEN,NJ,07030,HUDSON,0.985942,0.825546,1.070642,1.165454,0 out of 10,0 out of 9,0 out of 10
2026,310041,COMMUNITY MEDICAL CENTER,99 RT 37 WEST,TOMS RIVER,NJ,08755,OCEAN,0.985942,0.825546,1.116161,1.135392,0 out of 10,0 out of 9,0 out of 10
2026,310044,CAPITAL HEALTH MEDICAL CENTER - HOPEWELL,ONE CAPITAL WAY,PENNINGTON,NJ,08534,MERCER,0.985942,0.825546,1.063097,1.091368,0 out of 10,0 out of 9,0 out of 10
2026,310045,ENGLEWOOD HOSPITAL AND MEDICAL CENTER,350 ENGLE ST,ENGLEWOOD,NJ,07631,BERGEN,0.985942,0.825546,1.060290,1.056547,0 out of 10,0 out of 9,0 out of 10
2026,310047,SHORE MEDICAL CENTER,100 MEDICAL CENTER WAY,SOMERS POINT,NJ,08244,ATLANTIC,0.985942,0.825546,0.989719,0.992545,0 out of 10,0 out of 9,0 out of 10
2026,310048,ROBERT WOOD JOHNSON UNIVERSITY HOSPITAL - SOMERSET,110 REHILL AVE,SOMERVILLE,NJ,08876,SOMERSET,0.985942,0.825546,1.044255,1.024835,0 out of 10,0 out of 9,0 out of 10
2026,310050,SAINT CLARE'S HOSPITAL/ DENVILLE CAMPUS,25 POCONO ROAD,DENVILLE,NJ,07834,MORRIS,0.985942,0.825546,1.036591,1.041135,0 out of 10,0 out of 9,0 out of 10
2026,310051,OVERLOOK MEDICAL CENTER,99 BEAUVOIR AVENUE,SUMMIT,NJ,07901,UNION,0.985942,0.825546,1.025103,1.053936,0 out of 10,0 out of 9,0 out of 10
2026,310052,OCEAN MEDICAL CENTER,425 JACK MARTIN BLVD,BRICK,NJ,08724,OCEAN,0.985942,0.825546,1.135975,1.129742,0 out of 10,0 out of 9,0 out of 10
2026,310054,HACKENSACK MERIDIAN MOUNTAINSIDE MEDICAL,1 BAY AVENUE,MONTCLAIR,NJ,07042,ESSEX,0.985942,0.825546,1.061954,1.097936,0 out of 10,0 out of 9,0 out of 10
2026,310057,VIRTUA MOUNT HOLLY HOSPITAL,175 MADISON AVE,MOUNT HOLLY,NJ,08060,BURLINGTON,0.985942,0.825546,1.086391,1.101429,0 out of 10,0 out of 9,0 out of 10
2026,310060,ST LUKE'S WARREN HOSPITAL,185 ROSEBERRY ST,PHILLIPSBURG,NJ,08865,WARREN,0.985942,0.825546,0.974451,0.975373,1 out of 10,0 out of 9,1 out of 10
2026,310061,VIRTUA WILLINGBORO HOSPITAL,218A SUNSET ROAD,WILLINGBORO,NJ,08046,BURLINGTON,0.985942,0.825546,1.123157,1.100209,0 out of 10,0 out of 9,0 out of 10
2026,310064,ATLANTICARE REGIONAL MEDICAL CENTER - CITY CAMPUS,1925 PACIFIC AVENUE,ATLANTIC CITY,NJ,08401,ATLANTIC,0.985942,0.825546,1.018675,1.053175,0 out of 10,0 out of 9,0 out of 10
2026,310069,INSPIRA MEDICAL CENTER MULLICA HILL,501 WEST FRONT STREET,ELMER,NJ,08318,SALEM,0.985942,0.825546,0.993187,1.018581,0 out of 10,0 out of 9,0 out of 10
2026,310070,SAINT PETER'S UNIVERSITY HOSPITAL,254 EASTON AVE,NEW BRUNSWICK,NJ,08901,MIDDLESEX,0.985942,0.825546,1.023823,1.096819,0 out of 10,0 out of 9,0 out of 10
2026,310073,JERSEY SHORE UNIVERSITY MEDICAL CENTER,1945 RTE 33,NEPTUNE,NJ,07754,MONMOUTH,0.985942,0.825546,1.064449,1.074051,0 out of 10,0 out of 9,0 out of 10
2026,310074,JERSEY CITY MEDICAL CENTER,355 GRAND STREET,JERSEY CITY,NJ,07302,HUDSON,0.985942,0.825546,1.046185,1.048587,0 out of 10,0 out of 9,0 out of 10
2026,310075,MONMOUTH MEDICAL CENTER,300 SECOND AVENUE,LONG BRANCH,NJ,07740,MONMOUTH,0.985942,0.825546,1.056889,1.087113,0 out of 10,0 out of 9,0 out of 10
2026,310076,COOPERMAN BARNABAS MEDICAL CENTER,94 OLD SHORT HILLS ROAD,LIVINGSTON,NJ,07039,ESSEX,0.985942,0.825546,1.042432,1.055450,0 out of 10,0 out of 9,0 out of 10
2026,310084,MONMOUTH MEDICAL CENTER-SOUTHERN CAMPUS,600 RIVER AVE,LAKEWOOD,NJ,08701,OCEAN,0.985942,0.825546,1.061517,1.152920,0 out of 10,0 out of 9,0 out of 10
2026,310086,JEFFERSON STRATFORD HOSPITAL,18 EAST LAUREL ROAD,STRATFORD,NJ,08084,CAMDEN,0.985942,0.825546,1.005179,1.033711,0 out of 10,0 out of 9,0 out of 10
2026,310092,CAPITAL HEALTH REGIONAL MEDICAL CENTER,750 BRUNSWICK AVE,TRENTON,NJ,08638,MERCER,0.985942,0.825546,1.126289,1.190783,0 out of 10,0 out of 9,0 out of 10
2026,310096,SAINT MICHAEL'S MEDICAL CENTER,111 CENTRAL AVENUE,NEWARK,NJ,07102,ESSEX,0.985942,0.825546,0.993373,0.988103,0 out of 10,0 out of 9,0 out of 10
2026,310108,JFK UNIVERSITY MEDICAL CENTER,65 JAMES STREET,EDISON,NJ,08818,MIDDLESEX,0.985942,0.825546,1.124043,1.094618,0 out of 10,0 out of 9,0 out of 10
2026,310110,ROBERT WOOD JOHNSON UNIVERSITY HOSPITAL AT HAMILTON,ONE HAMILTON HEALTH PLACE,HAMILTON,NJ,08690,MERCER,0.985942,0.825546,1.057008,1.084261,0 out of 10,0 out of 9,0 out of 10
2026,310111,CENTRASTATE MEDICAL CENTER,901 WEST MAIN STREET,FREEHOLD,NJ,07728,MONMOUTH,0.985942,0.825546,1.081518,1.080514,0 out of 10,0 out of 9,0 out of 10
2026,310112,BAYSHORE MEDICAL CENTER,727 N BEERS ST,HOLMDEL,NJ,07733,MONMOUTH,0.985942,0.825546,1.072700,1.085829,0 out of 10,0 out of 9,0 out of 10
2026,310113,SOUTHERN OCEAN MEDICAL CENTER,1140 RT 72 W,MANAHAWKIN,NJ,08050,OCEAN,0.985942,0.825546,1.044431,1.058316,0 out of 10,0 out of 9,0 out of 10
2026,310115,AHS HOSPITAL CORP,651 WILLOW GROVE ST,HACKETTSTOWN,NJ,07840,WARREN,0.985942,0.825546,1.102655,1.086957,0 out of 10,0 out of 9,0 out of 10
2026,310118,HUDSON REGIONAL HOSPITAL,55 MEADOWLANDS PKWY,SECAUCUS,NJ,07094,HUDSON,0.985942,0.825546,1.048815,1.109255,0 out of 10,0 out of 9,0 out of 10
2026,310119,THE UNIVERSITY HOSPITAL,150 BERGEN ST,NEWARK,NJ,07103,ESSEX,0.985942,0.825546,1.078583,1.109228,0 out of 10,0 out of 9,0 out of 10
2026,310130,HACKENSACK MERIDIAN HEALTH PASCACK VALLEY MEDICAL,250 OLD HOOK ROAD,WESTWOOD,NJ,07675,BERGEN,0.985942,0.825546,1.048329,1.060149,0 out of 10,0 out of 9,0 out of 10
2026,320002,CHRISTUS ST VINCENT REGIONAL MEDICAL CENTER,455 ST MICHAEL'S DRIVE,SANTA FE,NM,87505,SANTA FE,0.985942,0.825546,0.877565,0.920337,4 out of 10,0 out of 9,4 out of 10
2026,320004,CHRISTUS SOUTHERN NEW MEXICO,2669 SCENIC DRIVE,ALAMOGORDO,NM,88310,OTERO,0.985942,0.825546,0.988011,0.931609,4 out of 10,3 out of 9,4 out of 10
2026,320005,SAN JUAN REGIONAL MEDICAL CENTER INC,801 WEST MAPLE STREET,FARMINGTON,NM,87401,SAN JUAN,0.985942,0.825546,0.968779,0.952860,2 out of 10,1 out of 9,2 out of 10
2026,320006,EASTERN NEW MEXICO MEDICAL CENTER,405 W COUNTRY CLUB ROAD,ROSWELL,NM,88201,CHAVES,0.985942,0.825546,0.973381,0.906062,5 out of 10,4 out of 9,5 out of 10
2026,320009,LOVELACE MEDICAL CENTER,601 DR MARTIN LUTHER KING JR AVE NE,ALBUQUERQUE,NM,87102,BERNALILLO,0.985942,0.825546,0.964852,1.003648,0 out of 10,0 out of 9,0 out of 10
2026,320011,PRESBYTERIAN ESPANOLA HOSPITAL,1010 SPRUCE STREET,ESPANOLA,NM,87532,RIO ARRIBA,0.985942,0.825546,0.835294,0.764116,10 out of 10,9 out of 9,10 out of 10
2026,320017,LOVELACE WOMEN'S HOSPITAL,4701 MONTGOMERY BOULEVARD NE,ALBUQUERQUE,NM,87109,BERNALILLO,0.985942,0.825546,0.977228,0.957947,2 out of 10,1 out of 9,2 out of 10
2026,320018,MEMORIAL MEDICAL CENTER,2450 SOUTH TELSHOR BLVD,LAS CRUCES,NM,88011,DONA ANA,0.985942,0.825546,1.053184,1.026630,0 out of 10,1 out of 9,1 out of 10
2026,320021,PRESBYTERIAN HOSPITAL,1100 CENTRAL AVENUE SE,ALBUQUERQUE,NM,87106,BERNALILLO,0.985942,0.825546,0.974951,0.946690,3 out of 10,1 out of 9,3 out of 10
2026,320022,PLAINS REGIONAL MEDICAL CENTER,"2100 N MARTIN LUTHER KING, JR, BLVD",CLOVIS,NM,88101,CURRY,0.985942,0.825546,0.918434,0.860999,8 out of 10,6 out of 9,8 out of 10
2026,320059,NORTHERN NAVAJO MEDICAL CENTER,US HWY 491 NORTH,SHIPROCK,NM,87420,SAN JUAN,0.985942,0.825546,0.847465,0.906246,5 out of 10,0 out of 9,5 out of 10
2026,320061,GALLUP INDIAN MEDICAL CENTER,516 E NIZHONI BLVD,GALLUP,NM,87301,MCKINLEY,0.985942,0.825546,0.743294,0.775080,10 out of 10,0 out of 9,10 out of 10
2026,320063,CARLSBAD MEDICAL CENTER,2430 WEST PIERCE STREET,CARLSBAD,NM,88220,EDDY,0.985942,0.825546,1.090672,1.073327,0 out of 10,0 out of 9,0 out of 10
2026,320065,COVENANT HEALTH HOBBS HOSPITAL,5419 N LOVINGTON HIGHWAY,HOBBS,NM,88240,LEA,0.985942,0.825546,1.048953,1.148232,0 out of 10,0 out of 9,0 out of 10
2026,320074,LOVELACE WESTSIDE HOSPITAL,10501 GOLF COURSE ROAD NW,ALBUQUERQUE,NM,87114,BERNALILLO,0.985942,0.825546,0.910524,0.936693,3 out of 10,0 out of 9,3 out of 10
2026,320085,MOUNTAIN VIEW REGIONAL MEDICAL CENTER,4311 EAST LOHMAN AVENUE,LAS CRUCES,NM,88011,DONA ANA,0.985942,0.825546,1.033324,1.028273,0 out of 10,0 out of 9,0 out of 10
2026,320086,LOVELACE REGIONAL HOSPITAL - ROSWELL,117 EAST 19TH STREET,ROSWELL,NM,88201,CHAVES,0.985942,0.825546,0.932188,0.877143,7 out of 10,5 out of 9,7 out of 10
2026,320090,PRESBYTERIAN SANTA FE MEDICAL CENTER,4801 BECKNER ROAD,SANTA FE,NM,87507,SANTA FE,0.985942,0.825546,Not Available,0.784355,10 out of 10,Not Available,10 out of 10
2026,320091,THREE CROSSES REGIONAL HOSPITAL LLC,2560 SAMARITAN DRIVE,LAS CRUCES,NM,88001,DONA ANA,0.985942,0.825546,1.037809,0.996602,0 out of 10,1 out of 9,1 out of 10
2026,330005,KALEIDA HEALTH,100 HIGH STREET,BUFFALO,NY,14210,ERIE,0.985942,0.825546,0.956004,0.951343,2 out of 10,0 out of 9,2 out of 10
2026,330006,ST JOSEPH'S MEDICAL CENTER,127 SOUTH BROADWAY,YONKERS,NY,10701,WESTCHESTER,0.985942,0.825546,1.198655,1.262620,0 out of 10,0 out of 9,0 out of 10
2026,330009,BRONXCARE HOSPITAL CENTER,1276 FULTON AVENUE,BRONX,NY,10456,BRONX,0.985942,0.825546,0.988882,0.962847,2 out of 10,1 out of 9,2 out of 10
2026,330013,ALBANY MEDICAL CENTER HOSPITAL,"43 NEW SCOTLAND AVENUE, MAIL CODE 34",ALBANY,NY,12208,ALBANY,0.985942,0.825546,0.999947,0.994582,0 out of 10,0 out of 9,0 out of 10
2026,330014,JAMAICA HOSPITAL MEDICAL CENTER,89TH AVENUE AND VAN WYCK EXPRESSWAY,JAMAICA,NY,11418,QUEENS,0.985942,0.825546,1.057511,1.038535,0 out of 10,0 out of 9,0 out of 10
2026,330023,VASSAR BROTHERS MEDICAL CENTER,45 READE PLACE,POUGHKEEPSIE,NY,12601,DUTCHESS,0.985942,0.825546,0.960654,0.968346,1 out of 10,0 out of 9,1 out of 10
2026,330024,MOUNT SINAI HOSPITAL,ONE GUSTAVE L LEVY PLACE,NEW YORK,NY,10029,NEW YORK,0.985942,0.825546,1.009720,0.981828,1 out of 10,1 out of 9,1 out of 10
2026,330027,NASSAU UNIVERSITY MEDICAL CENTER,2201 HEMPSTEAD TURNPIKE,EAST MEADOW,NY,11554,NASSAU,0.985942,0.825546,1.099059,1.092272,0 out of 10,0 out of 9,0 out of 10
2026,330028,RICHMOND UNIVERSITY MEDICAL CENTER,355 BARD AVENUE,STATEN ISLAND,NY,10310,RICHMOND,0.985942,0.825546,1.084226,1.027839,0 out of 10,2 out of 9,2 out of 10
2026,330030,NEWARK-WAYNE COMMUNITY HOSPITAL,1200 DRIVING PARK AVENUE,NEWARK,NY,14513,WAYNE,0.985942,0.825546,0.894572,0.863803,7 out of 10,4 out of 9,7 out of 10
2026,330033,CHENANGO MEMORIAL HOSPITAL,179 NORTH BROAD STREET,NORWICH,NY,13815,CHENANGO,0.985942,0.825546,0.969209,0.881997,6 out of 10,6 out of 9,6 out of 10
2026,330043,NS/LIJ HS SOUTHSIDE HOSPITAL,301 EAST MAIN STREET,BAY SHORE,NY,11706,SUFFOLK,0.985942,0.825546,1.051096,1.090894,0 out of 10,0 out of 9,0 out of 10
2026,330045,NS/LIJ HS HUNTINGTON HOSPITAL,270 PARK AVENUE,HUNTINGTON,NY,11743,SUFFOLK,0.985942,0.825546,0.976469,0.979974,1 out of 10,0 out of 9,1 out of 10
2026,330046,MOUNT SINAI WEST,1000 TENTH AVENUE,NEW YORK,NY,10019,NEW YORK,0.985942,0.825546,1.046698,1.019613,0 out of 10,1 out of 9,1 out of 10
2026,330049,NORTHERN DUTCHESS HOSPITAL,6511 SPRINGBROOK AVENUE,RHINEBECK,NY,12572,DUTCHESS,0.985942,0.825546,1.022008,0.965229,2 out of 10,2 out of 9,2 out of 10
2026,330055,NEW YORK-PRESBYTERIAN/QUEENS,56-45 MAIN STREET,FLUSHING,NY,11355,QUEENS,0.985942,0.825546,1.090410,1.088575,0 out of 10,0 out of 9,0 out of 10
2026,330056,BROOKLYN HOSPITAL CENTER - DOWNTOWN CAMPUS,121 DEKALB AVENUE,BROOKLYN,NY,11201,KINGS,0.985942,0.825546,1.102941,1.094359,0 out of 10,0 out of 9,0 out of 10
2026,330057,ST PETER'S HOSPITAL,315 SOUTH MANNING BOULEVARD,ALBANY,NY,12208,ALBANY,0.985942,0.825546,0.953902,0.956456,2 out of 10,0 out of 9,2 out of 10
2026,330058,GENEVA GENERAL HOSPITAL,196 -198 NORTH STREET,GENEVA,NY,14456,ONTARIO,0.985942,0.825546,0.857885,0.834922,9 out of 10,7 out of 9,9 out of 10
2026,330059,MONTEFIORE MEDICAL CENTER,111 EAST 210TH STREET,BRONX,NY,10467,BRONX,0.985942,0.825546,1.051390,1.040728,0 out of 10,0 out of 9,0 out of 10
2026,330065,NIAGARA FALLS MEMORIAL MEDICAL CENTER,621 TENTH STREET,NIAGARA FALLS,NY,14302,NIAGARA,0.985942,0.825546,0.934137,0.931295,4 out of 10,0 out of 9,4 out of 10
2026,330073,UNITED MEMORIAL MEDICAL CENTER,127 NORTH STREET,BATAVIA,NY,14020,GENESEE,0.985942,0.825546,1.014985,0.918282,4 out of 10,5 out of 9,5 out of 10
2026,330074,F F THOMPSON HOSPITAL,350 PARRISH STREET,CANANDAIGUA,NY,14424,ONTARIO,0.985942,0.825546,0.899193,0.876890,7 out of 10,3 out of 9,7 out of 10
2026,330078,SISTERS OF CHARITY HOSPITAL,2157 MAIN STREET,BUFFALO,NY,14214,ERIE,0.985942,0.825546,0.957046,0.935819,3 out of 10,1 out of 9,3 out of 10
2026,330079,ADIRONDACK MEDICAL CENTER - SARANAC LAKE,"2233 STATE ROUTE 86, PO BOX 471",SARANAC LAKE,NY,12983,FRANKLIN,0.985942,0.825546,0.884522,0.850150,8 out of 10,5 out of 9,8 out of 10
2026,330080,LINCOLN MEDICAL & MENTAL HEALTH CENTER,234 EAST 149TH STREET,BRONX,NY,10451,BRONX,0.985942,0.825546,0.977015,1.009229,0 out of 10,0 out of 9,0 out of 10
2026,330085,AURELIA OSBORN FOX MEMORIAL HOSPITAL,ONE NORTON AVENUE,ONEONTA,NY,13820,OTSEGO,0.985942,0.825546,1.103117,0.998897,0 out of 10,3 out of 9,3 out of 10
2026,330086,MONTEFIORE MOUNT VERNON HOSPITAL,12 NORTH 7TH AVENUE,MOUNT VERNON,NY,10550,WESTCHESTER,0.985942,0.825546,0.995664,1.197109,0 out of 10,0 out of 9,0 out of 10
2026,330090,ARNOT OGDEN MEDICAL CENTER,600 ROE AVENUE,ELMIRA,NY,14905,CHEMUNG,0.985942,0.825546,0.915808,0.922804,4 out of 10,0 out of 9,4 out of 10
2026,330096,JONES MEMORIAL HOSPITAL,191 NORTH MAIN STREET,WELLSVILLE,NY,14895,ALLEGANY,0.985942,0.825546,0.936116,0.891645,6 out of 10,4 out of 9,6 out of 10
2026,330101,NEW YORK-PRESBYTERIAN HOSPITAL,525 EAST 68TH STREET,NEW YORK,NY,10065,NEW YORK,0.985942,0.825546,1.054547,0.987941,0 out of 10,2 out of 9,2 out of 10
2026,330102,KENMORE MERCY HOSPITAL,2950 ELMWOOD AVENUE,KENMORE,NY,14217,ERIE,0.985942,0.825546,0.991412,0.996007,0 out of 10,0 out of 9,0 out of 10
2026,330103,OLEAN GENERAL HOSPITAL,515 MAIN STREET,OLEAN,NY,14760,CATTARAUGUS,0.985942,0.825546,0.960948,0.940088,3 out of 10,1 out of 9,3 out of 10
2026,330104,NYACK HOSPITAL,160 NORTH MIDLAND AVENUE,NYACK,NY,10960,ROCKLAND,0.985942,0.825546,1.072341,1.076809,0 out of 10,0 out of 9,0 out of 10
2026,330106,NORTH SHORE UNIVERSITY HOSPITAL,300 COMMUNITY DRIVE,MANHASSET,NY,11030,NASSAU,0.985942,0.825546,1.040242,1.031541,0 out of 10,0 out of 9,0 out of 10
2026,330107,PECONIC BAY MEDICAL CENTER,1 HEROS WAY,RIVERHEAD,NY,11901,SUFFOLK,0.985942,0.825546,1.008288,1.015939,0 out of 10,0 out of 9,0 out of 10
2026,330115,ONEIDA HEALTH HOSPITAL,321 GENESEE STREET,ONEIDA,NY,13421,MADISON,0.985942,0.825546,0.964369,0.951561,2 out of 10,0 out of 9,2 out of 10
2026,330119,LENOX HILL HOSPITAL,100 EAST 77TH STREET,NEW YORK,NY,10075,NEW YORK,0.985942,0.825546,1.026583,1.033318,0 out of 10,0 out of 9,0 out of 10
2026,330125,ROCHESTER GENERAL HOSPITAL,1425 PORTLAND AVENUE,ROCHESTER,NY,14621,MONROE,0.985942,0.825546,0.962799,0.924319,4 out of 10,2 out of 9,4 out of 10
2026,330126,GARNET HEALTH MEDICAL CENTER,707 EAST MAIN STREET,MIDDLETOWN,NY,10940,ORANGE,0.985942,0.825546,1.031647,1.041906,0 out of 10,0 out of 9,0 out of 10
2026,330127,JACOBI MEDICAL CENTER,1400 PELHAM PARKWAY SOUTH,BRONX,NY,10461,BRONX,0.985942,0.825546,1.039112,1.046779,0 out of 10,0 out of 9,0 out of 10
2026,330128,ELMHURST HOSPITAL CENTER,79-01 BROADWAY,ELMHURST,NY,11373,QUEENS,0.985942,0.825546,1.109048,1.071917,0 out of 10,1 out of 9,1 out of 10
2026,330135,BON SECOURS COMMUNITY HOSPITAL,160 EAST MAIN STREET,PORT JERVIS,NY,12771,ORANGE,0.985942,0.825546,0.963886,0.907141,5 out of 10,4 out of 9,5 out of 10
2026,330136,BASSETT HEALTHCARE,ONE ATWELL ROAD,COOPERSTOWN,NY,13326,OTSEGO,0.985942,0.825546,1.034360,0.958137,2 out of 10,3 out of 9,3 out of 10
2026,330140,ST JOSEPH'S HOSPITAL HEALTH CENTER,301 PROSPECT AVENUE,SYRACUSE,NY,13203,ONONDAGA,0.985942,0.825546,0.932387,0.926276,4 out of 10,0 out of 9,4 out of 10
2026,330141,LONG ISLAND COMMUNITY HOSPITAL,101 HOSPITAL ROAD,PATCHOGUE,NY,11772,SUFFOLK,0.985942,0.825546,1.142661,1.103192,0 out of 10,1 out of 9,1 out of 10
2026,330151,ST JAMES HOSPITAL,411 CANISTEO STREET,HORNELL,NY,14843,STEUBEN,0.985942,0.825546,0.874662,0.944988,3 out of 10,0 out of 9,3 out of 10
2026,330153,ELLIS HOSPITAL,1101 NOTT STREET,SCHENECTADY,NY,12308,SCHENECTADY,0.985942,0.825546,0.976077,0.936785,3 out of 10,2 out of 9,3 out of 10
2026,330157,SAMARITAN MEDICAL CENTER,830 WASHINGTON STREET,WATERTOWN,NY,13601,JEFFERSON,0.985942,0.825546,0.926417,0.888686,6 out of 10,3 out of 9,6 out of 10
2026,330158,GOOD SAMARITAN HOSPITAL OF SUFFERN,255 LAFAYETTE AVENUE,SUFFERN,NY,10901,ROCKLAND,0.985942,0.825546,1.098397,1.092961,0 out of 10,0 out of 9,0 out of 10
2026,330160,STATEN ISLAND UNIVERSITY HOSPITAL,475 SEAVIEW AVENUE,STATEN ISLAND,NY,10305,RICHMOND,0.985942,0.825546,1.039411,1.028676,0 out of 10,0 out of 9,0 out of 10
2026,330162,NORTHERN WESTCHESTER HOSPITAL,400 EAST MAIN STREET,MOUNT KISCO,NY,10549,WESTCHESTER,0.985942,0.825546,0.955365,0.942423,3 out of 10,0 out of 9,3 out of 10
2026,330164,HIGHLAND HOSPITAL,1000 SOUTH AVENUE,ROCHESTER,NY,14617,MONROE,0.985942,0.825546,0.894554,0.877827,7 out of 10,2 out of 9,7 out of 10
2026,330169,MOUNT SINAI BETH ISRAEL,281 1ST AVE,NEW YORK,NY,10003,NEW YORK,0.985942,0.825546,1.032506,1.042545,0 out of 10,0 out of 9,0 out of 10
2026,330175,GUTHRIE CORTLAND REGIONAL MEDICAL CENTER,134 HOMER AVENUE,CORTLAND,NY,13045,CORTLAND,0.985942,0.825546,0.921818,0.932167,4 out of 10,0 out of 9,4 out of 10
2026,330180,"SAMARITAN HOSPITAL OF TROY, NEW YORK",2215 BURDETT AVENUE,TROY,NY,12180,RENSSELAER,0.985942,0.825546,0.969987,0.931035,4 out of 10,2 out of 9,4 out of 10
2026,330181,NORTHWELL HOSPITAL GLEN COVE,101 ST ANDREWS LANE,GLEN COVE,NY,11542,NASSAU,0.985942,0.825546,1.066831,1.099665,0 out of 10,0 out of 9,0 out of 10
2026,330182,ST FRANCIS HOSPITAL - THE HEART CENTER,100 PORT WASHINGTON BOULEVARD,ROSLYN,NY,11576,NASSAU,0.985942,0.825546,1.010960,0.997068,0 out of 10,0 out of 9,0 out of 10
2026,330184,MONTEFIORE NEW ROCHELLE HOSPITAL,16 GUION PLACE,NEW ROCHELLE,NY,10802,WESTCHESTER,0.985942,0.825546,1.124160,1.110569,0 out of 10,0 out of 9,0 out of 10
2026,330185,JOHN T MATHER MEMORIAL HOSPITAL  OF PORT JEFFERSON,75 NORTH COUNTRY ROAD,PORT JEFFERSON,NY,11777,SUFFOLK,0.985942,0.825546,1.010791,1.015874,0 out of 10,0 out of 9,0 out of 10
2026,330188,MOUNT ST. MARY'S HOSPITAL & HEALTH CENTER,5300 MILITARY ROAD,LEWISTON,NY,14092,NIAGARA,0.985942,0.825546,0.981307,0.955302,2 out of 10,1 out of 9,2 out of 10
2026,330191,GLENS FALLS HOSPITAL,100 PARK STREET,GLENS FALLS,NY,12801,WARREN,0.985942,0.825546,0.979416,0.909666,5 out of 10,4 out of 9,5 out of 10
2026,330193,FLUSHING HOSPITAL MEDICAL CENTER,45TH AVENUE AND PARSONS BOULEVARD,FLUSHING,NY,11355,QUEENS,0.985942,0.825546,1.200934,1.211838,0 out of 10,0 out of 9,0 out of 10
2026,330194,MAIMONIDES MEDICAL CENTER,4802 TENTH AVENUE,BROOKLYN,NY,11219,KINGS,0.985942,0.825546,1.067080,1.072259,0 out of 10,0 out of 9,0 out of 10
2026,330195,LONG ISLAND JEWISH MEDICAL CENTER,270 - 05 76TH AVENUE,NEW HYDE PARK,NY,11040,NASSAU,0.985942,0.825546,1.058683,1.052955,0 out of 10,0 out of 9,0 out of 10
2026,330196,SOUTH BROOKLYN HEALTH,2601 OCEAN PARKWAY,BROOKLYN,NY,11235,KINGS,0.985942,0.825546,1.093747,1.084224,0 out of 10,0 out of 9,0 out of 10
2026,330197,CANTON-POTSDAM HOSPITAL,50 LEROY STREET,POTSDAM,NY,13676,ST. LAWRENCE,0.985942,0.825546,0.889029,0.946758,3 out of 10,0 out of 9,3 out of 10
2026,330198,MOUNT SINAI SOUTH NASSAU,ONE HEALTHY WAY,OCEANSIDE,NY,11572,NASSAU,0.985942,0.825546,1.046308,1.027464,0 out of 10,0 out of 9,0 out of 10
2026,330199,METROPOLITAN HOSPITAL CENTER,1901 FIRST AVENUE,NEW YORK,NY,10029,NEW YORK,0.985942,0.825546,0.948498,1.076692,0 out of 10,0 out of 9,0 out of 10
2026,330202,KINGS COUNTY HOSPITAL CENTER,451 CLARKSON AVENUE,BROOKLYN,NY,11203,KINGS,0.985942,0.825546,1.034889,1.020145,0 out of 10,0 out of 9,0 out of 10
2026,330203,CROUSE HOSPITAL,736 IRVING AVENUE,SYRACUSE,NY,13210,ONONDAGA,0.985942,0.825546,0.972451,0.966549,2 out of 10,0 out of 9,2 out of 10
2026,330204,BELLEVUE HOSPITAL CENTER,462 FIRST AVENUE,NEW YORK,NY,10016,NEW YORK,0.985942,0.825546,0.983194,0.910886,5 out of 10,4 out of 9,5 out of 10
2026,330205,ST ANTHONY COMMUNITY HOSPITAL,15 MAPLE AVENUE -19,WARWICK,NY,10990,ORANGE,0.985942,0.825546,1.002517,0.944090,3 out of 10,3 out of 9,3 out of 10
2026,330208,ST JOHN'S RIVERSIDE HOSPITAL,976 NORTH BROADWAY,YONKERS,NY,10701,WESTCHESTER,0.985942,0.825546,1.104935,1.145707,0 out of 10,0 out of 9,0 out of 10
2026,330214,NYU LANGONE HOSPITALS,550 FIRST AVENUE,NEW YORK,NY,10016,NEW YORK,0.985942,0.825546,1.019152,0.995775,0 out of 10,1 out of 9,1 out of 10
2026,330215,"ROME MEMORIAL HOSPITAL, INC",1500 NORTH JAMES STREET,ROME,NY,13440,ONEIDA,0.985942,0.825546,0.986051,0.918880,4 out of 10,4 out of 9,4 out of 10
2026,330218,OSWEGO HOSPITAL,110 WEST SIXTH STREET,OSWEGO,NY,13069,OSWEGO,0.985942,0.825546,1.014434,0.978516,1 out of 10,1 out of 9,1 out of 10
2026,330219,ERIE COUNTY MEDICAL CENTER,462 GRIDER STREET,BUFFALO,NY,14215,ERIE,0.985942,0.825546,0.991129,0.972373,1 out of 10,1 out of 9,1 out of 10
2026,330221,WYCKOFF HEIGHTS MEDICAL CENTER,374 STOCKHOLM STREET,BROOKLYN,NY,11237,KINGS,0.985942,0.825546,1.002616,1.042315,0 out of 10,0 out of 9,0 out of 10
2026,330222,SARATOGA HOSPITAL,211 CHURCH STREET,SARATOGA SPRINGS,NY,12866,SARATOGA,0.985942,0.825546,0.906543,0.891129,6 out of 10,1 out of 9,6 out of 10
2026,330224,HEALTHALLIANCE HOSPITAL MARYS AVENUE CAMPUS,105 MARY'S AVENUE,KINGSTON,NY,12401,ULSTER,0.985942,0.825546,1.103545,1.070604,0 out of 10,1 out of 9,1 out of 10
2026,330226,UNITY HOSPITAL,1555 LONG POND ROAD,ROCHESTER,NY,14626,MONROE,0.985942,0.825546,0.948039,0.919473,4 out of 10,2 out of 9,4 out of 10
2026,330229,"BROOKS-TLC HOSPITAL SYSTEM, INC",529 CENTRAL AVENUE,DUNKIRK,NY,14048,CHAUTAUQUA,0.985942,0.825546,1.057207,0.941146,3 out of 10,5 out of 9,5 out of 10
2026,330231,QUEENS HOSPITAL CENTER,82-68 164TH STREET,JAMAICA,NY,11432,QUEENS,0.985942,0.825546,0.930779,0.981854,1 out of 10,0 out of 9,1 out of 10
2026,330233,BROOKDALE HOSPITAL MEDICAL CENTER,1 BROOKDALE PLAZA,BROOKLYN,NY,11212,KINGS,0.985942,0.825546,1.059085,1.068989,0 out of 10,0 out of 9,0 out of 10
2026,330234,WESTCHESTER MEDICAL CENTER,100 WOODS RD,VALHALLA,NY,10595,WESTCHESTER,0.985942,0.825546,1.120016,1.111350,0 out of 10,0 out of 9,0 out of 10
2026,330235,AUBURN  COMMUNITY  HOSPITAL,17 LANSING STREET,AUBURN,NY,13021,CAYUGA,0.985942,0.825546,0.963666,0.941515,3 out of 10,1 out of 9,3 out of 10
2026,330238,NICHOLAS H NOYES MEMORIAL HOSPITAL,111  CLARA BARTON STREET,DANSVILLE,NY,14437,LIVINGSTON,0.985942,0.825546,0.835694,0.797415,10 out of 10,9 out of 9,10 out of 10
2026,330240,HARLEM HOSPITAL CENTER,506 LENOX AVENUE,NEW YORK,NY,10037,NEW YORK,0.985942,0.825546,1.091027,0.985107,1 out of 10,3 out of 9,3 out of 10
2026,330241,UNIVERSITY HOSPITAL S U N Y HEALTH SCIENCE CENTER,750 EAST ADAMS STREET,SYRACUSE,NY,13210,ONONDAGA,0.985942,0.825546,1.010982,0.990064,0 out of 10,1 out of 9,1 out of 10
2026,330246,ST CHARLES HOSPITAL,200 BELLE TERRE ROAD,PORT JEFFERSON,NY,11777,SUFFOLK,0.985942,0.825546,1.068260,1.072309,0 out of 10,0 out of 9,0 out of 10
2026,330250,CHAMPLAIN VALLEY PHYSICIANS HOSPITAL MEDICAL CTR,75 BEEKMAN STREET,PLATTSBURGH,NY,12901,CLINTON,0.985942,0.825546,0.972523,0.969969,1 out of 10,0 out of 9,1 out of 10
2026,330259,MERCY MEDICAL CENTER,1000 NORTH VILLAGE AVENUE,ROCKVILLE CENTRE,NY,11571,NASSAU,0.985942,0.825546,1.189731,1.138258,0 out of 10,1 out of 9,1 out of 10
2026,330261,PHELPS HOSPITAL,701 NORTH BROADWAY,SLEEPY HOLLOW,NY,10591,WESTCHESTER,0.985942,0.825546,1.066770,1.044411,0 out of 10,0 out of 9,0 out of 10
2026,330264,MONTEFIORE ST LUKE'S CORNWALL,70 DUBOIS STREET,NEWBURGH,NY,12550,ORANGE,0.985942,0.825546,1.033315,1.021808,0 out of 10,0 out of 9,0 out of 10
2026,330265,CLIFTON SPRINGS HOSPITAL AND CLINIC,2 COULTER ROAD,CLIFTON SPRINGS,NY,14432,ONTARIO,0.985942,0.825546,0.870650,0.814087,10 out of 10,9 out of 9,10 out of 10
2026,330267,HUDSON VALLEY HOSPITAL CENTER,1980 CROMPOND ROAD,CORTLANDT MANOR,NY,10567,WESTCHESTER,0.985942,0.825546,1.071137,1.048381,0 out of 10,0 out of 9,0 out of 10
2026,330273,PUTNAM HOSPITAL CENTER,670 STONELEIGH AVENUE,CARMEL,NY,10512,PUTNAM,0.985942,0.825546,1.020957,1.014496,0 out of 10,0 out of 9,0 out of 10
2026,330276,NATHAN LITTAUER HOSPITAL,99 EAST STATE STREET,GLOVERSVILLE,NY,12078,FULTON,0.985942,0.825546,0.926444,0.833955,9 out of 10,9 out of 9,9 out of 10
2026,330277,CORNING HOSPITAL,1 GUTHRIE DRIVE,CORNING,NY,14830,STEUBEN,0.985942,0.825546,0.927469,0.904328,5 out of 10,2 out of 9,5 out of 10
2026,330279,MERCY HOSPITAL OF BUFFALO,565 ABBOTT ROAD,BUFFALO,NY,14220,ERIE,0.985942,0.825546,0.999251,0.953679,2 out of 10,2 out of 9,2 out of 10
2026,330286,GOOD SAMARITAN HOSPITAL MEDICAL CENTER,1000 MONTAUK HIGHWAY,WEST ISLIP,NY,11795,SUFFOLK,0.985942,0.825546,1.081188,1.074989,0 out of 10,0 out of 9,0 out of 10
2026,330304,WHITE PLAINS HOSPITAL CENTER,41 EAST POST R0AD,WHITE PLAINS,NY,10601,WESTCHESTER,0.985942,0.825546,1.016478,1.044564,0 out of 10,0 out of 9,0 out of 10
2026,330307,CAYUGA MEDICAL CENTER AT ITHACA,101 DATES DRIVE,ITHACA,NY,14850,TOMPKINS,0.985942,0.825546,0.986490,1.012656,0 out of 10,0 out of 9,0 out of 10
2026,330331,PLAINVIEW HOSPITAL,888 OLD COUNTRY ROAD,PLAINVIEW,NY,11803,NASSAU,0.985942,0.825546,1.133973,1.093665,0 out of 10,1 out of 9,1 out of 10
2026,330332,CHSLI ST JOSEPH HOSPITAL,4295 HEMPSTEAD TURNPIKE,BETHPAGE,NY,11714,NASSAU,0.985942,0.825546,1.134185,1.122752,0 out of 10,0 out of 9,0 out of 10
2026,330350,SUNY/DOWNSTATE UNIVERSITY HOSPITAL OF BROOKLYN,445 LENOX ROAD,BROOKLYN,NY,11203,KINGS,0.985942,0.825546,1.022849,1.047956,0 out of 10,0 out of 9,0 out of 10
2026,330386,GARNET HEALTH  MEDICAL CENTER CATSKILLS,"68 HARRIS BUSHVILLE ROAD, P O BOX 800",HARRIS,NY,12742,SULLIVAN,0.985942,0.825546,1.013898,0.957245,2 out of 10,3 out of 9,3 out of 10
2026,330393,SUNY/STONY BROOK UNIVERSITY HOSPITAL,HEALTH SCIENCES CENTER SUNY,STONY BROOK,NY,11794,SUFFOLK,0.985942,0.825546,1.056935,1.033445,0 out of 10,1 out of 9,1 out of 10
2026,330394,"UNITED HEALTH SERVICES HOSPITALS, INC",10-42 MITCHELL AVENUE,BINGHAMTON,NY,13903,BROOME,0.985942,0.825546,0.964413,0.934534,3 out of 10,2 out of 9,3 out of 10
2026,330396,WOODHULL MEDICAL & MENTAL HEALTH CENTER,760 BROADWAY,BROOKLYN,NY,11206,KINGS,0.985942,0.825546,1.070431,0.981149,1 out of 10,3 out of 9,3 out of 10
2026,330399,ST BARNABAS HOSPITAL,4422 THIRD AVENUE,BRONX,NY,10457,BRONX,0.985942,0.825546,0.990497,1.032109,0 out of 10,0 out of 9,0 out of 10
2026,330401,ST CATHERINE OF SIENA HOSPITAL,50 ROUTE 25A,SMITHTOWN,NY,11787,SUFFOLK,0.985942,0.825546,1.049639,1.024985,0 out of 10,1 out of 9,1 out of 10
2026,340001,CAROLINAS MEDICAL CENTER-NORTHEAST,920 CHURCH ST N,CONCORD,NC,28025,CABARRUS,0.985942,0.825546,0.949715,0.914138,5 out of 10,2 out of 9,5 out of 10
2026,340002,MEMORIAL MISSION HOSPITAL AND ASHEVILLE SURGERY CE,509 BILTMORE AVE,ASHEVILLE,NC,28801,BUNCOMBE,0.985942,0.825546,1.004456,0.995932,0 out of 10,0 out of 9,0 out of 10
2026,340003,NORTHERN REGIONAL HOSPITAL,830 ROCKFORD ST,MOUNT AIRY,NC,27030,SURRY,0.985942,0.825546,0.915440,0.925533,4 out of 10,0 out of 9,4 out of 10
2026,340004,HIGH POINT REGIONAL HEALTH SYSTEM,601 N ELM ST,HIGH POINT,NC,27261,GUILFORD,0.985942,0.825546,0.962588,0.944156,3 out of 10,1 out of 9,3 out of 10
2026,340008,SCOTLAND MEMORIAL HOSPITAL,500 LAUCHWOOD DR,LAURINBURG,NC,28352,SCOTLAND,0.985942,0.825546,0.914338,0.922248,4 out of 10,0 out of 9,4 out of 10
2026,340010,UNC HEALTH CARE WAYNE,2700 WAYNE MEMORIAL DR,GOLDSBORO,NC,27534,WAYNE,0.985942,0.825546,0.941551,0.959796,2 out of 10,0 out of 9,2 out of 10
2026,340013,RUTHERFORD REGIONAL MEDICAL CENTER,288 SOUTH RIDGECREST AVE,RUTHERFORDTON,NC,28139,RUTHERFORD,0.985942,0.825546,0.941797,0.921184,4 out of 10,1 out of 9,4 out of 10
2026,340014,NOVANT HEALTH FORSYTH MEDICAL CENTER,3333 SILAS CREEK PARKWAY,WINSTON-SALEM,NC,27103,FORSYTH,0.985942,0.825546,0.983351,0.949192,3 out of 10,2 out of 9,3 out of 10
2026,340015,NOVANT HEALTH ROWAN MEDICAL CENTER,612 MOCKSVILLE AVE,SALISBURY,NC,28144,ROWAN,0.985942,0.825546,0.975073,0.974613,1 out of 10,0 out of 9,1 out of 10
2026,340016,HARRIS REGIONAL HOSPITAL,68 HOSPITAL RD,SYLVA,NC,28779,JACKSON,0.985942,0.825546,0.985128,1.059167,0 out of 10,0 out of 9,0 out of 10
2026,340017,PARDEE HOSPITAL HENDERSON COUNTY,800 N JUSTICE ST,HENDERSONVILLE,NC,28791,HENDERSON,0.985942,0.825546,0.978242,0.975206,1 out of 10,0 out of 9,1 out of 10
2026,340020,CENTRAL CAROLINA HOSPITAL,1135 CARTHAGE ST,SANFORD,NC,27330,LEE,0.985942,0.825546,0.934445,0.953278,2 out of 10,0 out of 9,2 out of 10
2026,340021,ATRIUM HEALTH CLEVELAND,201 E GROVER ST,SHELBY,NC,28150,CLEVELAND,0.985942,0.825546,0.946200,0.952633,2 out of 10,0 out of 9,2 out of 10
2026,340023,ADVENTHEALTH HENDERSONVILLE,100 HOSPITAL DRIVE,HENDERSONVILLE,NC,28792,HENDERSON,0.985942,0.825546,0.928796,0.917140,4 out of 10,1 out of 9,4 out of 10
2026,340024,SAMPSON REGIONAL MEDICAL CENTER,607 BEAMAN ST,CLINTON,NC,28328,SAMPSON,0.985942,0.825546,0.882832,0.963328,2 out of 10,0 out of 9,2 out of 10
2026,340027,UNC LENOIR HEALTH CARE,100 AIRPORT RD,KINSTON,NC,28501,LENOIR,0.985942,0.825546,0.984136,0.931309,4 out of 10,3 out of 9,4 out of 10
2026,340028,CAPE FEAR VALLEY MEDICAL CENTER,1638 OWEN DRIVE P O BOX 2000,FAYETTEVILLE,NC,28302,CUMBERLAND,0.985942,0.825546,0.982035,0.980192,1 out of 10,0 out of 9,1 out of 10
2026,340030,DUKE UNIVERSITY HOSPITAL,2301  ERWIN RD,DURHAM,NC,27705,DURHAM,0.985942,0.825546,0.976128,0.960214,2 out of 10,1 out of 9,2 out of 10
2026,340032,CAROMONT REGIONAL MEDICAL CENTER,2525 COURT DR,GASTONIA,NC,28052,GASTON,0.985942,0.825546,0.941673,0.954190,2 out of 10,0 out of 9,2 out of 10
2026,340039,IREDELL MEMORIAL HOSPITAL INC,557 BROOKDALE DR,STATESVILLE,NC,28677,IREDELL,0.985942,0.825546,0.940825,0.942388,3 out of 10,0 out of 9,3 out of 10
2026,340040,ECU HEALTH MEDICAL CENTER,2100 STANTONSBURG RD,GREENVILLE,NC,27834,PITT,0.985942,0.825546,0.983005,0.995062,0 out of 10,0 out of 9,0 out of 10
2026,340041,CALDWELL MEMORIAL HOSPITAL,321 MULBERRY ST SW,LENOIR,NC,28645,CALDWELL,0.985942,0.825546,0.959319,1.005919,0 out of 10,0 out of 9,0 out of 10
2026,340042,ONSLOW MEMORIAL HOSPITAL,317 WESTERN BOULEVARD,JACKSONVILLE,NC,28546,ONSLOW,0.985942,0.825546,0.893273,0.997428,0 out of 10,0 out of 9,0 out of 10
2026,340047,NORTH CAROLINA BAPTIST HOSPITAL,MEDICAL CENTER BOULEVARD,WINSTON-SALEM,NC,27157,FORSYTH,0.985942,0.825546,0.976562,0.966162,2 out of 10,0 out of 9,2 out of 10
2026,340050,SOUTHEASTERN REGIONAL MEDICAL CENTER,300 W 27 ST  PO BOX 1408,LUMBERTON,NC,28359,ROBESON,0.985942,0.825546,0.881370,0.882045,6 out of 10,0 out of 9,6 out of 10
2026,340051,WATAUGA MEDICAL CENTER,336 DEERFIELD ROAD,BOONE,NC,28607,WATAUGA,0.985942,0.825546,0.968911,0.935989,3 out of 10,2 out of 9,3 out of 10
2026,340053,NOVANT HEALTH PRESBYTERIAN MEDICAL CENTER,200 HAWTHORNE LANE BOX 33549,CHARLOTTE,NC,28233,MECKLENBURG,0.985942,0.825546,0.974786,0.972592,1 out of 10,0 out of 9,1 out of 10
2026,340060,UNC ROCKINGHAM,117 E KINGS HIGHWAY,EDEN,NC,27288,ROCKINGHAM,0.985942,0.825546,0.993895,0.933629,3 out of 10,3 out of 9,3 out of 10
2026,340061,UNC HOSPITALS,101 MANNING DRIVE,CHAPEL HILL,NC,27514,ORANGE,0.985942,0.825546,0.984981,0.952873,2 out of 10,2 out of 9,2 out of 10
2026,340064,WILKES REGIONAL MEDICAL CENTER,1370 WEST D ST,NORTH WILKESBORO,NC,28659,WILKES,0.985942,0.825546,1.071174,1.000870,0 out of 10,2 out of 9,2 out of 10
2026,340068,COLUMBUS REGIONAL HEALTHCARE SYSTEM,500 JEFFERSON ST,WHITEVILLE,NC,28472,COLUMBUS,0.985942,0.825546,0.965714,0.995902,0 out of 10,0 out of 9,0 out of 10
2026,340069,"WAKEMED, RALEIGH CAMPUS",3000 NEW BERN AVE,RALEIGH,NC,27610,WAKE,0.985942,0.825546,1.002059,0.978784,1 out of 10,1 out of 9,1 out of 10
2026,340070,ALAMANCE REGIONAL MEDICAL CENTER,1240 HUFFMAN MILL RD,BURLINGTON,NC,27216,ALAMANCE,0.985942,0.825546,0.912441,0.929070,4 out of 10,0 out of 9,4 out of 10
2026,340071,BETSY JOHNSON REGIONAL HOSPITAL,800 TILGHMAN DR,DUNN,NC,28334,HARNETT,0.985942,0.825546,0.903700,0.922074,4 out of 10,0 out of 9,4 out of 10
2026,340075,"BLUE RIDGE HEALTHCARE HOSPITALS, INC",2201 S STERLING ST,MORGANTON,NC,28655,BURKE,0.985942,0.825546,1.031278,1.011991,0 out of 10,0 out of 9,0 out of 10
2026,340085,NOVANT HEALTH THOMASVILLE MEDICAL CENTER,207 OLD LEXINGTON RD BOX 789,THOMASVILLE,NC,27360,DAVIDSON,0.985942,0.825546,0.918576,0.921467,4 out of 10,0 out of 9,4 out of 10
2026,340087,THE MCDOWELL HOSPITAL,430 RANKIN DRIVE P O BOX 730,MARION,NC,28752,MCDOWELL,0.985942,0.825546,0.949451,0.968883,1 out of 10,0 out of 9,1 out of 10
2026,340090,JOHNSTON HEALTH,509 BRIGHT LEAF BLVD,SMITHFIELD,NC,27577,JOHNSTON,0.985942,0.825546,0.930777,0.946811,3 out of 10,0 out of 9,3 out of 10
2026,340091,"MOSES H. CONE MEMORIAL HOSPITAL, THE",1200 N ELM ST,GREENSBORO,NC,27401,GUILFORD,0.985942,0.825546,0.933190,0.938108,3 out of 10,0 out of 9,3 out of 10
2026,340096,LEXINGTON MEMORIAL HOSPITAL INC,250 HOSPITAL DRIVE PO BOX 1817,LEXINGTON,NC,27293,DAVIDSON,0.985942,0.825546,0.932628,0.870415,7 out of 10,5 out of 9,7 out of 10
2026,340098,ATRIUM HEALTH PINEVILLE,10628 PARK RD,CHARLOTTE,NC,28210,MECKLENBURG,0.985942,0.825546,0.973181,0.951731,2 out of 10,1 out of 9,2 out of 10
2026,340099,VIDANT ROANOKE CHOWAN HOSPITAL,500 S ACADEMY ST,AHOSKIE,NC,27910,HERTFORD,0.985942,0.825546,0.931749,0.944719,3 out of 10,0 out of 9,3 out of 10
2026,340107,VIDANT EDGECOMBE HOSPITAL,111 HOSPITAL DR,TARBORO,NC,27886,EDGECOMBE,0.985942,0.825546,0.951853,0.954875,2 out of 10,0 out of 9,2 out of 10
2026,340109,SENTARA ALBEMARLE MEDICAL CENTER,3050 HALSTEAD BLVD EXT,ELIZABETH CITY,NC,27909,PASQUOTANK,0.985942,0.825546,0.951885,0.978503,1 out of 10,0 out of 9,1 out of 10
2026,340113,CAROLINAS MEDICAL CENTER/BEHAV HEALTH,1000 BLYTHE BLVD,CHARLOTTE,NC,28203,MECKLENBURG,0.985942,0.825546,0.994745,0.990004,0 out of 10,0 out of 9,0 out of 10
2026,340114,REX HOSPITAL,4420 LAKE BOONE TRAIL,RALEIGH,NC,27607,WAKE,0.985942,0.825546,0.926527,0.930929,4 out of 10,0 out of 9,4 out of 10
2026,340115,FIRSTHEALTH MOORE REGIONAL HOSPITAL,155 MEMORIAL DRIVE,PINEHURST,NC,28374,MOORE,0.985942,0.825546,0.896666,0.921078,4 out of 10,0 out of 9,4 out of 10
2026,340116,FRYE REGIONAL MEDICAL CENTER,420 N CENTER ST,HICKORY,NC,28601,CATAWBA,0.985942,0.825546,0.976130,1.041325,0 out of 10,0 out of 9,0 out of 10
2026,340119,STANLY REGIONAL MEDICAL CENTER,301 YADKIN ST,ALBEMARLE,NC,28001,STANLY,0.985942,0.825546,0.931512,0.926043,4 out of 10,0 out of 9,4 out of 10
2026,340120,VIDANT DUPLIN HOSPITAL,401 N MAIN ST,KENANSVILLE,NC,28349,DUPLIN,0.985942,0.825546,0.922511,0.960771,2 out of 10,0 out of 9,2 out of 10
2026,340123,RANDOLPH HOSPITAL,364 WHITE OAK STREET,ASHEBORO,NC,27203,RANDOLPH,0.985942,0.825546,0.920196,0.898723,5 out of 10,2 out of 9,5 out of 10
2026,340127,GRANVILLE HEALTH SYSTEMS,1010 COLLEGE ST,OXFORD,NC,27565,GRANVILLE,0.985942,0.825546,0.871414,0.875260,7 out of 10,0 out of 9,7 out of 10
2026,340129,DUKE HEALTH LAKE NORMAN HOSPITAL,171 FAIRVIEW ROAD,MOORESVILLE,NC,28117,IREDELL,0.985942,0.825546,0.908388,0.958375,2 out of 10,0 out of 9,2 out of 10
2026,340130,ATRIUM HEALTH UNION,600 HOSPITAL DR,MONROE,NC,28112,UNION,0.985942,0.825546,0.984720,0.920048,4 out of 10,4 out of 9,4 out of 10
2026,340131,CAROLINA EAST MEDICAL CENTER,2000 NEUSE BLVD,NEW BERN,NC,28560,CRAVEN,0.985942,0.825546,0.901741,0.913315,5 out of 10,0 out of 9,5 out of 10
2026,340132,MARIA PARHAM MEDICAL CENTER,PO BOX 59,HENDERSON,NC,27536,VANCE,0.985942,0.825546,0.967438,1.013829,0 out of 10,0 out of 9,0 out of 10
2026,340141,NOVANT HEALTH NEW HANOVER REGIONAL MEDICAL CENTER,2131 S 17TH ST,WILMINGTON,NC,28402,NEW HANOVER,0.985942,0.825546,0.959547,0.939199,3 out of 10,1 out of 9,3 out of 10
2026,340142,CARTERET GENERAL HOSPITAL,3500 ARENDELL ST,MOREHEAD CITY,NC,28557,CARTERET,0.985942,0.825546,0.917099,0.917688,4 out of 10,0 out of 9,4 out of 10
2026,340143,CATAWBA VALLEY MEDICAL CENTER,810 FAIRGROVE CHURCH RD,HICKORY,NC,28602,CATAWBA,0.985942,0.825546,0.941667,0.931774,4 out of 10,0 out of 9,4 out of 10
2026,340145,ATRIUM HEALTH LINCOLN,433 MCALISTER RD,LINCOLNTON,NC,28092,LINCOLN,0.985942,0.825546,0.931636,0.953477,2 out of 10,0 out of 9,2 out of 10
2026,340147,UNC HEALTH NASH,2460 CURTIS ELLIS DRIVE,ROCKY MOUNT,NC,27804,NASH,0.985942,0.825546,0.957755,0.962114,2 out of 10,0 out of 9,2 out of 10
2026,340151,ECU HEALTH NORTH HOSPITAL,250 SMITH CHURCH ROAD,ROANOKE RAPIDS,NC,27870,HALIFAX,0.985942,0.825546,0.979492,0.987747,0 out of 10,0 out of 9,0 out of 10
2026,340155,DUKE REGIONAL HOSPITAL,3643 N ROXBORO STREET,DURHAM,NC,27704,DURHAM,0.985942,0.825546,0.938050,0.900196,5 out of 10,3 out of 9,5 out of 10
2026,340158,NOVANT HEALTH BRUNSWICK MEDICAL CENTER,1 MEDICAL CENTER DR  PO BOX 139,SUPPLY,NC,28462,BRUNSWICK,0.985942,0.825546,0.925352,0.911270,5 out of 10,1 out of 9,5 out of 10
2026,340159,PERSON MEMORIAL HOSPITAL,615 RIDGE RD,ROXBORO,NC,27573,PERSON,0.985942,0.825546,0.926952,0.943313,3 out of 10,0 out of 9,3 out of 10
2026,340166,ATRIUM HEALTH UNIVERSITY CITY,8800 NORTH TYRON STREET,CHARLOTTE,NC,28262,MECKLENBURG,0.985942,0.825546,0.937460,0.924556,4 out of 10,1 out of 9,4 out of 10
2026,340171,NOVANT HEALTH MATTHEWS MEDICAL CENTER,1500 MATTHEWS TWNSHP PRKWY BOX 3310,MATTHEWS,NC,28106,MECKLENBURG,0.985942,0.825546,0.923246,0.921935,4 out of 10,0 out of 9,4 out of 10
2026,340173,"WAKEMED, CARY HOSPITAL",1900 KILDARE FARM ROAD,CARY,NC,27518,WAKE,0.985942,0.825546,0.951994,0.974452,1 out of 10,0 out of 9,1 out of 10
2026,340183,NOVANT HEALTH HUNTERSVILLE MEDICAL CENTER,10030 GILEAD ROAD,HUNTERSVILLE,NC,28078,MECKLENBURG,0.985942,0.825546,0.978769,0.945321,3 out of 10,2 out of 9,3 out of 10
2026,340184,HAYWOOD REGIONAL MEDICAL CENTER,262 LEROY GEORGE DRIVE,CLYDE,NC,28721,HAYWOOD,0.985942,0.825546,0.933020,0.949287,3 out of 10,0 out of 9,3 out of 10
2026,340188,CAPE FEAR VALLEY HOKE HOSPITAL,210 MEDICAL PAVILION DRIVE,RAEFORD,NC,28376,HOKE,0.985942,0.825546,0.792737,0.717408,10 out of 10,9 out of 9,10 out of 10
2026,340190,NOVANT HEALTH MINT HILL MEDICAL CENTER,8201 HEALTHCARE LOOP,CHARLOTTE,NC,28215,MECKLENBURG,0.985942,0.825546,0.918201,0.879178,6 out of 10,4 out of 9,6 out of 10
2026,340195,NOVANT HEALTH BALLANTYNE MEDICAL CENTER,10905 PROVIDENCE ROAD W,CHARLOTTE,NC,28277,MECKLENBURG,0.985942,0.825546,Not Available,0.948018,3 out of 10,Not Available,3 out of 10
2026,350002,CHI ST ALEXIUS HEALTH,900 E BROADWAY,BISMARCK,ND,58501,BURLEIGH,0.985942,0.825546,0.920634,0.934194,3 out of 10,0 out of 9,3 out of 10
2026,350006,TRINITY HOSPITALS,407 3RD ST SE,MINOT,ND,58701,WARD,0.985942,0.825546,0.911312,0.910415,5 out of 10,0 out of 9,5 out of 10
2026,350011,SANFORD MEDICAL CENTER FARGO,801 BROADWAY NORTH,FARGO,ND,58122,CASS,0.985942,0.825546,1.021060,1.018122,0 out of 10,0 out of 9,0 out of 10
2026,350015,SANFORD MEDICAL CENTER BISMARCK,300 N 7TH ST,BISMARCK,ND,58506,BURLEIGH,0.985942,0.825546,0.932042,0.867143,7 out of 10,6 out of 9,7 out of 10
2026,350019,ALTRU HOSPITAL,1200 S  COLUMBIA RD,GRAND FORKS,ND,58201,GRAND FORKS,0.985942,0.825546,1.013951,1.001825,0 out of 10,0 out of 9,0 out of 10
2026,350070,ESSENTIA HEALTH,3000 32ND AVE SOUTH,FARGO,ND,58104,CASS,0.985942,0.825546,1.002549,0.976797,1 out of 10,1 out of 9,1 out of 10
2026,360001,MERCY HEALTH-ANDERSON HOSPITAL,7500 STATE ROAD,CINCINNATI,OH,45255,HAMILTON,0.985942,0.825546,1.008121,0.988654,0 out of 10,1 out of 9,1 out of 10
2026,360002,UNIVERSITY HOSPITALS SAMARITAN MEDICAL CENTER,1025 CENTER ST,ASHLAND,OH,44805,ASHLAND,0.985942,0.825546,0.958308,0.968105,2 out of 10,0 out of 9,2 out of 10
2026,360003,"UNIVERSITY OF CINCINNATI MEDICAL CENTER, LLC",3188 BELLEVUE AVENUE,CINCINNATI,OH,45219,HAMILTON,0.985942,0.825546,1.089843,1.057012,0 out of 10,1 out of 9,1 out of 10
2026,360006,RIVERSIDE METHODIST HOSPITAL,3535 OLENTANGY RIVER RD,COLUMBUS,OH,43214,FRANKLIN,0.985942,0.825546,0.975706,0.983016,1 out of 10,0 out of 9,1 out of 10
2026,360008,SOUTHERN OHIO MEDICAL CENTER,1805 27TH STREET,PORTSMOUTH,OH,45662,SCIOTO,0.985942,0.825546,1.032160,0.981252,1 out of 10,2 out of 9,2 out of 10
2026,360009,LIMA MEMORIAL HEALTH SYSTEM,1001 BELLEFONTAINE AVENUE,LIMA,OH,45804,ALLEN,0.985942,0.825546,1.049195,0.986400,0 out of 10,2 out of 9,2 out of 10
2026,360010,UNION HOSPITAL,659 BOULEVARD,DOVER,OH,44622,TUSCARAWAS,0.985942,0.825546,1.047467,0.984197,1 out of 10,2 out of 9,2 out of 10
2026,360011,MARION GENERAL HOSPITAL,1000 MCKINLEY PARK DRIVE,MARION,OH,43302,MARION,0.985942,0.825546,0.944698,1.001413,0 out of 10,0 out of 9,0 out of 10
2026,360012,MOUNT CARMEL ST ANN'S,500 SOUTH CLEVELAND AVENUE,WESTERVILLE,OH,43081,FRANKLIN,0.985942,0.825546,0.988455,1.013276,0 out of 10,0 out of 9,0 out of 10
2026,360013,WILSON MEMORIAL HOSPITAL,915 WEST MICHIGAN STREET,SIDNEY,OH,45365,SHELBY,0.985942,0.825546,1.074144,1.019426,0 out of 10,2 out of 9,2 out of 10
2026,360014,OHIOHEALTH O'BLENESS HOSPITAL,55 HOSPITAL DRIVE,ATHENS,OH,45701,ATHENS,0.985942,0.825546,0.915212,0.890760,6 out of 10,2 out of 9,6 out of 10
2026,360016,THE JEWISH HOSPITAL-MERCY HEALTH,4777 EAST GALBRAITH ROAD,CINCINNATI,OH,45236,HAMILTON,0.985942,0.825546,1.002113,1.039160,0 out of 10,0 out of 9,0 out of 10
2026,360017,GRANT MEDICAL CENTER,111 SOUTH GRANT AVENUE,COLUMBUS,OH,43215,FRANKLIN,0.985942,0.825546,0.963535,0.976955,1 out of 10,0 out of 9,1 out of 10
2026,360020,SUMMA HEALTH SYSTEM,525 EAST MARKET STREET,AKRON,OH,44309,SUMMIT,0.985942,0.825546,1.021999,1.028092,0 out of 10,0 out of 9,0 out of 10
2026,360025,FIRELANDS REGIONAL MEDICAL CENTER,1111 HAYES AVENUE,SANDUSKY,OH,44870,ERIE,0.985942,0.825546,1.068358,1.049426,0 out of 10,0 out of 9,0 out of 10
2026,360026,KETTERING HEALTH GREENE MEMORIAL,1141 NORTH MONROE DRIVE,XENIA,OH,45385,GREENE,0.985942,0.825546,1.035644,0.971666,1 out of 10,3 out of 9,3 out of 10
2026,360027,AKRON GENERAL MEDICAL CENTER,1 AKRON GENERAL AVENUE,AKRON,OH,44307,SUMMIT,0.985942,0.825546,1.008011,1.015283,0 out of 10,0 out of 9,0 out of 10
2026,360029,WOOD COUNTY HOSPITAL,950 WEST WOOSTER STREET,BOWLING GREEN,OH,43402,WOOD,0.985942,0.825546,0.953048,0.955045,2 out of 10,0 out of 9,2 out of 10
2026,360032,GRAND LAKE HEALTH SYSTEM,200 SAINT CLAIR STREET,SAINT MARYS,OH,45885,AUGLAIZE,0.985942,0.825546,0.919410,1.017985,0 out of 10,0 out of 9,0 out of 10
2026,360035,MOUNT CARMEL EAST & WEST,6001 EAST BROAD STREET,COLUMBUS,OH,43213,FRANKLIN,0.985942,0.825546,1.000418,0.987821,0 out of 10,0 out of 9,0 out of 10
2026,360036,WOOSTER COMMUNITY HOSPITAL,1761 BEALL AVENUE,WOOSTER,OH,44691,WAYNE,0.985942,0.825546,0.989053,0.952849,2 out of 10,2 out of 9,2 out of 10
2026,360039,GENESIS HOSPITAL,2951 MAPLE AVENUE,ZANESVILLE,OH,43701,MUSKINGUM,0.985942,0.825546,0.912608,0.897746,5 out of 10,1 out of 9,5 out of 10
2026,360040,KNOX COMMUNITY HOSPITAL,1330 COSHOCTON ROAD,MOUNT VERNON,OH,43050,KNOX,0.985942,0.825546,0.977646,0.954985,2 out of 10,1 out of 9,2 out of 10
2026,360041,PARMA COMMUNITY GENERAL HOSPITAL,7007 POWERS BOULEVARD,PARMA,OH,44129,CUYAHOGA,0.985942,0.825546,1.052163,0.990686,0 out of 10,2 out of 9,2 out of 10
2026,360046,MCCULLOUGH-HYDE MEMORIAL HOSPITAL,110 NORTH POPLAR STREET,OXFORD,OH,45056,BUTLER,0.985942,0.825546,0.979771,0.922760,4 out of 10,3 out of 9,4 out of 10
2026,360048,UNIVERSITY OF TOLEDO MEDICAL CENTER,3000 ARLINGTON AVENUE,TOLEDO,OH,43614,LUCAS,0.985942,0.825546,1.088929,1.017290,0 out of 10,2 out of 9,2 out of 10
2026,360051,MIAMI VALLEY HOSPITAL,ONE WYOMING STREET,DAYTON,OH,45409,MONTGOMERY,0.985942,0.825546,1.020611,1.032940,0 out of 10,0 out of 9,0 out of 10
2026,360054,HOLZER MEDICAL CENTER,100 JACKSON PIKE,GALLIPOLIS,OH,45631,GALLIA,0.985942,0.825546,1.130479,1.114585,0 out of 10,0 out of 9,0 out of 10
2026,360056,MERCY HEALTH - FAIRFIELD HOSPITAL,3000 MACK ROAD,FAIRFIELD,OH,45014,BUTLER,0.985942,0.825546,0.953894,0.996682,0 out of 10,0 out of 9,0 out of 10
2026,360058,MERCER COUNTY JOINT TOWNSHIP COMMUNITY HOSPITAL,800 WEST MAIN STREET,COLDWATER,OH,45828,MERCER,0.985942,0.825546,0.987684,0.932260,4 out of 10,3 out of 9,4 out of 10
2026,360059,METROHEALTH SYSTEM,2500 METROHEALTH DRIVE,CLEVELAND,OH,44109,CUYAHOGA,0.985942,0.825546,1.026603,0.966594,2 out of 10,2 out of 9,2 out of 10
2026,360064,ST ELIZABETH YOUNGSTOWN HOSPITAL,1044 BELMONT AVENUE,YOUNGSTOWN,OH,44501,MAHONING,0.985942,0.825546,1.051270,1.027179,0 out of 10,1 out of 9,1 out of 10
2026,360065,FISHER-TITUS HOSPITAL,272 BENEDICT AVENUE,NORWALK,OH,44857,HURON,0.985942,0.825546,0.936906,0.938537,3 out of 10,0 out of 9,3 out of 10
2026,360066,MERCY HEALTH-ST RITA'S MEDICAL CENTER,730 WEST MARKET STREET,LIMA,OH,45801,ALLEN,0.985942,0.825546,1.002332,0.992543,0 out of 10,0 out of 9,0 out of 10
2026,360068,PROMEDICA TOLEDO HOSPITAL,2142 NORTH COVE BOULEVARD,TOLEDO,OH,43606,LUCAS,0.985942,0.825546,1.023570,1.031298,0 out of 10,0 out of 9,0 out of 10
2026,360070,MERCY MEDICAL CENTER,1320 MERCY DRIVE NW,CANTON,OH,44708,STARK,0.985942,0.825546,1.023631,0.985913,1 out of 10,1 out of 9,1 out of 10
2026,360071,VAN WERT COUNTY HOSPITAL,1250 S WASHINGTON STREET,VAN WERT,OH,45891,VAN WERT,0.985942,0.825546,0.975097,0.916715,4 out of 10,3 out of 9,4 out of 10
2026,360072,FAIRFIELD MEDICAL CENTER,401 NORTH EWING STREET,LANCASTER,OH,43130,FAIRFIELD,0.985942,0.825546,0.964381,0.942929,3 out of 10,1 out of 9,3 out of 10
2026,360075,UH REGIONAL HOSPITALS,13207 RAVENNA ROAD,CHARDON,OH,44024,GEAUGA,0.985942,0.825546,0.976108,0.977778,1 out of 10,0 out of 9,1 out of 10
2026,360076,ATRIUM MEDICAL CENTER,ONE MEDICAL CENTER DRIVE,FRANKLIN,OH,45005,WARREN,0.985942,0.825546,1.014225,1.019118,0 out of 10,0 out of 9,0 out of 10
2026,360077,FAIRVIEW HOSPITAL,18101 LORAIN AVENUE,CLEVELAND,OH,44111,CUYAHOGA,0.985942,0.825546,0.987987,0.971935,1 out of 10,0 out of 9,1 out of 10
2026,360078,UNIVERSITY HOSPITALS PORTAGE MEDICAL CENTER,6847 N CHESTNUT,RAVENNA,OH,44266,PORTAGE,0.985942,0.825546,0.953619,0.959139,2 out of 10,0 out of 9,2 out of 10
2026,360079,KETTERING HEALTH MAIN CAMPUS,3535 SOUTHERN BOULEVARD,KETTERING,OH,45429,MONTGOMERY,0.985942,0.825546,1.009849,1.028790,0 out of 10,0 out of 9,0 out of 10
2026,360082,EUCLID HOSPITAL,18901 LAKE SHORE BOULEVARD,EUCLID,OH,44119,CUYAHOGA,0.985942,0.825546,0.978781,1.018235,0 out of 10,0 out of 9,0 out of 10
2026,360084,AULTMAN HOSPITAL,2600 SIXTH STREET SW,CANTON,OH,44710,STARK,0.985942,0.825546,1.025406,0.993301,0 out of 10,1 out of 9,1 out of 10
2026,360085,OHIO STATE UNIVERSITY STATE HEALTH SYSTEM,410 WEST 10TH AVENUE,COLUMBUS,OH,43210,FRANKLIN,0.985942,0.825546,1.023144,0.997142,0 out of 10,1 out of 9,1 out of 10
2026,360086,SPRINGFIELD REGIONAL MEDICAL CENTER,100 MEDICAL CENTER DRIVE,SPRINGFIELD,OH,45504,CLARK,0.985942,0.825546,1.031259,1.054045,0 out of 10,0 out of 9,0 out of 10
2026,360087,LUTHERAN HOSPITAL,1730 WEST 25TH STREET,CLEVELAND,OH,44113,CUYAHOGA,0.985942,0.825546,1.016245,0.958962,2 out of 10,3 out of 9,3 out of 10
2026,360089,MERCY HEALTH - TIFFIN HOSPITAL,45 ST LAWRENCE DRIVE,TIFFIN,OH,44883,SENECA,0.985942,0.825546,0.917816,0.909165,5 out of 10,0 out of 9,5 out of 10
2026,360091,MEDINA HOSPITAL,1000 EAST WASHINGTON STREET,MEDINA,OH,44256,MEDINA,0.985942,0.825546,1.005964,1.045138,0 out of 10,0 out of 9,0 out of 10
2026,360092,MEMORIAL HOSPITAL,500 LONDON AVENUE,MARYSVILLE,OH,43040,UNION,0.985942,0.825546,0.857270,0.831629,9 out of 10,8 out of 9,9 out of 10
2026,360095,BLANCHARD VALLEY HOSPITAL,1900 SOUTH MAIN STREET,FINDLAY,OH,45840,HANCOCK,0.985942,0.825546,0.942367,1.024768,0 out of 10,0 out of 9,0 out of 10
2026,360096,EAST LIVERPOOL CITY HOSPITAL,425 WEST 5TH STREET,EAST LIVERPOOL,OH,43920,COLUMBIANA,0.985942,0.825546,0.944773,0.940044,3 out of 10,0 out of 9,3 out of 10
2026,360098,LAKE HEALTH,7590 AUBURN ROAD,CONCORD,OH,44077,LAKE,0.985942,0.825546,1.030583,0.996613,0 out of 10,1 out of 9,1 out of 10
2026,360107,BELLEVUE HOSPITAL,1400 WEST MAIN STREET,BELLEVUE,OH,44811,SANDUSKY,0.985942,0.825546,1.043311,0.951105,2 out of 10,4 out of 9,4 out of 10
2026,360109,COSHOCTON REGIONAL MEDICAL CENTER,1460 ORANGE STREET,COSHOCTON,OH,43812,COSHOCTON,0.985942,0.825546,0.928345,0.954655,2 out of 10,0 out of 9,2 out of 10
2026,360112,MERCY ST VINCENT MEDICAL CENTER,2213 CHERRY STREET,TOLEDO,OH,43608,LUCAS,0.985942,0.825546,1.033381,1.050984,0 out of 10,0 out of 9,0 out of 10
2026,360118,OHIOHEALTH MANSFIELD HOSPITAL,335 GLESSNER AVENUE,MANSFIELD,OH,44903,RICHLAND,0.985942,0.825546,1.011664,0.974308,1 out of 10,2 out of 9,2 out of 10
2026,360121,COMMUNITY HOSPITALS AND WELLNESS CENTERS,433 WEST HIGH STREET,BRYAN,OH,43506,WILLIAMS,0.985942,0.825546,1.106147,1.017165,0 out of 10,3 out of 9,3 out of 10
2026,360123,UH ST JOHN MEDICAL CENTER,29000 CENTER RIDGE ROAD,WESTLAKE,OH,44145,CUYAHOGA,0.985942,0.825546,0.992515,1.052937,0 out of 10,0 out of 9,0 out of 10
2026,360125,ASHTABULA COUNTY MEDICAL CENTER,2420 LAKE AVENUE,ASHTABULA,OH,44004,ASHTABULA,0.985942,0.825546,1.055435,1.025445,0 out of 10,1 out of 9,1 out of 10
2026,360131,ALLIANCE COMMUNITY HOSPITAL,200 EAST STATE STREET,ALLIANCE,OH,44601,STARK,0.985942,0.825546,1.056479,1.076681,0 out of 10,0 out of 9,0 out of 10
2026,360132,FORT HAMILTON HUGHES MEMORIAL HOSPITAL,630 EATON AVENUE,HAMILTON,OH,45013,BUTLER,0.985942,0.825546,1.003914,1.006443,0 out of 10,0 out of 9,0 out of 10
2026,360133,KETTERING HEALTH DAYTON,405 GRAND AVENUE,DAYTON,OH,45405,MONTGOMERY,0.985942,0.825546,0.985105,0.996005,0 out of 10,0 out of 9,0 out of 10
2026,360134,GOOD SAMARITAN HOSPITAL,375 DIXMYTH AVENUE,CINCINNATI,OH,45220,HAMILTON,0.985942,0.825546,1.043383,0.976344,1 out of 10,3 out of 9,3 out of 10
2026,360137,UH CLEVELAND MEDICAL CENTER,11100 EUCLID AVENUE,CLEVELAND,OH,44106,CUYAHOGA,0.985942,0.825546,1.042299,1.047762,0 out of 10,0 out of 9,0 out of 10
2026,360143,MARYMOUNT HOSPITAL,12300 MCCRACKEN ROAD,GARFIELD HEIGHTS,OH,44125,CUYAHOGA,0.985942,0.825546,0.987168,0.988177,0 out of 10,0 out of 9,0 out of 10
2026,360144,SOUTH POINTE HOSPITAL,20000 HARVARD ROAD,WARRENSVILLE HEIGHTS,OH,44122,CUYAHOGA,0.985942,0.825546,1.037557,0.952561,2 out of 10,4 out of 9,4 out of 10
2026,360145,UNIVERSITY HOSPITALS - ELYRIA MEDICAL CENTER,630 EAST RIVER STREET,ELYRIA,OH,44035,LORAIN,0.985942,0.825546,1.062621,1.044087,0 out of 10,0 out of 9,0 out of 10
2026,360147,MARIETTA MEMORIAL HOSPITAL,401 MATTHEW STREET,MARIETTA,OH,45750,WASHINGTON,0.985942,0.825546,1.011639,0.958196,2 out of 10,2 out of 9,2 out of 10
2026,360148,POMERENE HOSPITAL,981 WOOSTER ROAD,MILLERSBURG,OH,44654,HOLMES,0.985942,0.825546,0.884257,0.840086,9 out of 10,7 out of 9,9 out of 10
2026,360150,SUMMA WESTERN RESERVE HOSPITAL,1900 23RD STREET,CUYAHOGA FALLS,OH,44223,SUMMIT,0.985942,0.825546,1.032790,1.006568,0 out of 10,1 out of 9,1 out of 10
2026,360152,DOCTORS HOSPITAL,5100 WEST  BROAD STREET,COLUMBUS,OH,43228,FRANKLIN,0.985942,0.825546,0.951885,0.974350,1 out of 10,0 out of 9,1 out of 10
2026,360155,SOUTHWEST GENERAL HEALTH CENTER,18697 BAGLEY ROAD,MIDDLEBURG HEIGHTS,OH,44130,CUYAHOGA,0.985942,0.825546,1.017551,0.967248,2 out of 10,2 out of 9,2 out of 10
2026,360156,MEMORIAL HOSPITAL,715 SOUTH TAFT AVENUE,FREMONT,OH,43420,SANDUSKY,0.985942,0.825546,0.930363,0.968528,1 out of 10,0 out of 9,1 out of 10
2026,360159,ADENA REGIONAL MEDICAL CENTER,272 HOSPITAL ROAD,CHILLICOTHE,OH,45601,ROSS,0.985942,0.825546,1.012298,1.004508,0 out of 10,0 out of 9,0 out of 10
2026,360161,MH ST JOSEPH WARREN HOSPITAL,667 EASTLAND AVE SE,WARREN,OH,44484,TRUMBULL,0.985942,0.825546,1.030596,1.031060,0 out of 10,0 out of 9,0 out of 10
2026,360163,CHRIST HOSPITAL,2139 AUBURN AVENUE,CINCINNATI,OH,45219,HAMILTON,0.985942,0.825546,1.008321,0.954879,2 out of 10,2 out of 9,2 out of 10
2026,360170,BERGER HOSPITAL,600 NORTH PICKAWAY STREET,CIRCLEVILLE,OH,43113,PICKAWAY,0.985942,0.825546,0.932987,0.868517,7 out of 10,6 out of 9,7 out of 10
2026,360172,MERCY REGIONAL MEDICAL CENTER,3700 KOLBE ROAD,LORAIN,OH,44053,LORAIN,0.985942,0.825546,1.159629,1.156625,0 out of 10,0 out of 9,0 out of 10
2026,360174,UPPER VALLEY MEDICAL CENTER,3130 N DIXIE HIGHWAY,TROY,OH,45373,MIAMI,0.985942,0.825546,0.943216,0.960914,2 out of 10,0 out of 9,2 out of 10
2026,360175,CLINTON MEMORIAL HOSPITAL,610 WEST MAIN STREET,WILMINGTON,OH,45177,CLINTON,0.985942,0.825546,1.004086,0.992109,0 out of 10,0 out of 9,0 out of 10
2026,360179,BETHESDA NORTH,10500 MONTGOMERY ROAD,CINCINNATI,OH,45242,HAMILTON,0.985942,0.825546,1.025536,0.985450,1 out of 10,2 out of 9,2 out of 10
2026,360180,CLEVELAND CLINIC,9500 EUCLID AVENUE,CLEVELAND,OH,44195,CUYAHOGA,0.985942,0.825546,0.956863,0.946511,3 out of 10,0 out of 9,3 out of 10
2026,360185,SALEM REGIONAL MEDICAL CENTER,1995 EAST STATE STREET,SALEM,OH,44460,COLUMBIANA,0.985942,0.825546,1.011345,0.993255,0 out of 10,0 out of 9,0 out of 10
2026,360189,MADISON HEALTH,210 NORTH MAIN STREET,LONDON,OH,43140,MADISON,0.985942,0.825546,0.870044,0.853024,8 out of 10,3 out of 9,8 out of 10
2026,360197,MARY RUTAN HOSPITAL,205 PALMER AVENUE,BELLEFONTAINE,OH,43311,LOGAN,0.985942,0.825546,0.942690,0.936881,3 out of 10,0 out of 9,3 out of 10
2026,360203,SOUTHEASTERN OHIO REGIONAL MEDICAL CENTER,1341 NORTH CLARK STREET,CAMBRIDGE,OH,43725,GUERNSEY,0.985942,0.825546,0.901208,0.932804,3 out of 10,0 out of 9,3 out of 10
2026,360210,GRADY MEMORIAL HOSPITAL,561 WEST CENTRAL AVENUE,DELAWARE,OH,43015,DELAWARE,0.985942,0.825546,0.914435,0.926548,4 out of 10,0 out of 9,4 out of 10
2026,360211,TRINITY MEDICAL CTR EAST &TRINITY MEDICAL CTR WEST,380 SUMMIT AVENUE,STEUBENVILLE,OH,43952,JEFFERSON,0.985942,0.825546,1.009512,0.997396,0 out of 10,0 out of 9,0 out of 10
2026,360218,LICKING MEMORIAL HOSPITAL,1320 WEST MAIN STREET,NEWARK,OH,43055,LICKING,0.985942,0.825546,0.978550,1.007177,0 out of 10,0 out of 9,0 out of 10
2026,360230,HILLCREST HOSPITAL,6780 MAYFIELD ROAD,MAYFIELD HEIGHTS,OH,44124,CUYAHOGA,0.985942,0.825546,0.998457,0.989979,0 out of 10,0 out of 9,0 out of 10
2026,360234,MERCY HEALTH - WEST HOSPITAL,3300 MERCY HEALTH BLVD,CINCINNATI,OH,45211,HAMILTON,0.985942,0.825546,0.969512,0.971050,1 out of 10,0 out of 9,1 out of 10
2026,360236,MERCY HEALTH - CLERMONT HOSPITAL,3000 HOSPITAL DRIVE,BATAVIA,OH,45103,CLERMONT,0.985942,0.825546,0.969907,0.963178,2 out of 10,0 out of 9,2 out of 10
2026,360239,KETTERING HEALTH MIAMISBURG,4000 MIAMISBURG-CENTERVILLE ROAD,MIAMISBURG,OH,45342,MONTGOMERY,0.985942,0.825546,1.001701,1.017445,0 out of 10,0 out of 9,0 out of 10
2026,360259,BAY PARK COMMUNITY HOSPITAL,2801 BAY PARK DRIVE,OREGON,OH,43616,LUCAS,0.985942,0.825546,1.044517,0.976592,1 out of 10,3 out of 9,3 out of 10
2026,360270,MERCY HEALTH - DEFIANCE HOSPITAL,1404 EAST SECOND STREET,DEFIANCE,OH,43512,DEFIANCE,0.985942,0.825546,0.903492,0.897985,5 out of 10,0 out of 9,5 out of 10
2026,360276,HMHP ST ELIZABETH BOARDMAN HEALTH CENTER,8401 MARKET STREET,BOARDMAN,OH,44512,MAHONING,0.985942,0.825546,1.004297,1.017556,0 out of 10,0 out of 9,0 out of 10
2026,360348,DUBLIN METHODIST HOSPITAL,7500 HOSPITAL AVENUE,DUBLIN,OH,43016,FRANKLIN,0.985942,0.825546,0.938458,0.927625,4 out of 10,0 out of 9,4 out of 10
2026,360354,WEST CHESTER HOSPITAL,7700 UNIVERSITY DRIVE,WEST CHESTER,OH,45069,BUTLER,0.985942,0.825546,1.033016,0.986864,0 out of 10,2 out of 9,2 out of 10
2026,360359,UNIVERSITY HOSPITALS AHUJA MEDICAL CENTER,3999 RICHMOND ROAD,BEACHWOOD,OH,44122,CUYAHOGA,0.985942,0.825546,0.982337,0.989314,0 out of 10,0 out of 9,0 out of 10
2026,360360,SOIN MEDICAL CENTER,3535 PENTAGON PARK BLVD,BEAVER CREEK,OH,45431,GREENE,0.985942,0.825546,0.940285,0.987410,0 out of 10,0 out of 9,0 out of 10
2026,360364,CLEVELAND CLINIC AVON HOSPITAL,33300 CLEVELAND CLINIC BLVD,AVON,OH,44011,LORAIN,0.985942,0.825546,0.964508,0.918820,4 out of 10,3 out of 9,4 out of 10
2026,360365,AVITA ONTARIO,715 RICHLAND MALL,ONTARIO,OH,44906,RICHLAND,0.985942,0.825546,0.987095,1.090698,0 out of 10,0 out of 9,0 out of 10
2026,360368,KETTERING HEALTH TROY,600 WEST MAIN STREET,TROY,OH,45373,MIAMI,0.985942,0.825546,0.895979,0.920134,4 out of 10,0 out of 9,4 out of 10
2026,360374,MERCY HEALTH KINGS MILLS HOSPITAL LLC,5440 KINGS ISLAND DRIVE,MASON,OH,45040,WARREN,0.985942,0.825546,Not Available,0.984060,1 out of 10,Not Available,1 out of 10
2026,370001,HILLCREST MEDICAL CENTER,1120 SOUTH UTICA AVENUE,TULSA,OK,74104,TULSA,0.985942,0.825546,1.022568,1.039805,0 out of 10,0 out of 9,0 out of 10
2026,370002,ALLIANCEHEALTH WOODWARD,900 17TH STREET,WOODWARD,OK,73801,WOODWARD,0.985942,0.825546,0.973563,0.998061,0 out of 10,0 out of 9,0 out of 10
2026,370004,INTEGRIS MIAMI HOSPITAL,200 SECOND AVENUE SOUTHWEST,MIAMI,OK,74355,OTTAWA,0.985942,0.825546,0.882567,0.904821,5 out of 10,0 out of 9,5 out of 10
2026,370006,INTEGRIS HEALTH PONCA CITY,1900 NORTH 14TH STREET,PONCA CITY,OK,74601,KAY,0.985942,0.825546,0.936918,0.971447,1 out of 10,0 out of 9,1 out of 10
2026,370008,NORMAN REGIONAL,3300 HEALTHPLEX PKWY,NORMAN,OK,73072,CLEVELAND,0.985942,0.825546,0.996535,0.968366,1 out of 10,1 out of 9,1 out of 10
2026,370013,"MERCY HOSPITAL OKLAHOMA CITY, INC",4300 WEST MEMORIAL ROAD,OKLAHOMA CITY,OK,73120,OKLAHOMA,0.985942,0.825546,1.138857,1.159229,0 out of 10,0 out of 9,0 out of 10
2026,370014,ALLIANCEHEALTH DURANT,1800 UNIVERSITY BOULEVARD,DURANT,OK,74702,BRYAN,0.985942,0.825546,1.035925,0.963793,2 out of 10,3 out of 9,3 out of 10
2026,370016,INTEGRIS HEALTH ENID HOSPITAL,600 SOUTH MONROE,ENID,OK,73701,GARFIELD,0.985942,0.825546,1.053447,1.082598,0 out of 10,0 out of 9,0 out of 10
2026,370019,GREAT PLAINS REGIONAL MEDICAL CENTER,1801 WEST 3RD STREET,ELK CITY,OK,73644,BECKHAM,0.985942,0.825546,1.050975,1.055660,0 out of 10,0 out of 9,0 out of 10
2026,370020,MERCY HOSPITAL ADA,430 NORTH MONTE VISTA,ADA,OK,74820,PONTOTOC,0.985942,0.825546,1.070750,1.001750,0 out of 10,2 out of 9,2 out of 10
2026,370022,JACKSON COUNTY MEMORIAL HOSPITAL AUTHORITY,1200 EAST PECAN ST,ALTUS,OK,73521,JACKSON,0.985942,0.825546,0.999196,1.016776,0 out of 10,0 out of 9,0 out of 10
2026,370023,"DUNCAN REGIONAL HOSPITAL, INC",1407 WHISENANT DRIVE,DUNCAN,OK,73533,STEPHENS,0.985942,0.825546,1.027732,0.971196,1 out of 10,2 out of 9,2 out of 10
2026,370025,SAINT FRANCIS HOSPITAL MUSKOGEE,300 ROCKEFELLER DRIVE,MUSKOGEE,OK,74401,MUSKOGEE,0.985942,0.825546,1.059966,0.996246,0 out of 10,2 out of 9,2 out of 10
2026,370026,ST MARY'S REGIONAL MEDICAL CENTER,305 SOUTH 5TH STREET,ENID,OK,73701,GARFIELD,0.985942,0.825546,1.004727,1.047385,0 out of 10,0 out of 9,0 out of 10
2026,370028,"INTEGRIS BAPTIST MEDICAL CENTER, INC",3300 NORTHWEST EXPRESSWAY,OKLAHOMA CITY,OK,73112,OKLAHOMA,0.985942,0.825546,1.086572,1.072004,0 out of 10,0 out of 9,0 out of 10
2026,370034,MCALESTER REGIONAL HEALTH CENTER,ONE CLARK BASS BOULEVARD,MCALESTER,OK,74501,PITTSBURG,0.985942,0.825546,0.971063,0.963937,2 out of 10,0 out of 9,2 out of 10
2026,370037,SSM HEALTH ST ANTHONY HOSPITAL - OKLAHOMA CITY,1000 NORTH LEE AVENUE,OKLAHOMA CITY,OK,73101,OKLAHOMA,0.985942,0.825546,0.991052,0.985115,1 out of 10,0 out of 9,1 out of 10
2026,370039,HILLCREST HOSPITAL CLAREMORE,1202 N MUSKOGEE PLACE,CLAREMORE,OK,74017,ROGERS,0.985942,0.825546,0.996096,0.923409,4 out of 10,4 out of 9,4 out of 10
2026,370047,"MERCY HOSPITAL ARDMORE, INC",1011 14TH AVE NW,ARDMORE,OK,73401,CARTER,0.985942,0.825546,1.101060,1.021101,0 out of 10,2 out of 9,2 out of 10
2026,370049,STILLWATER MEDICAL CENTER,1323 WEST 6TH STREET,STILLWATER,OK,74076,PAYNE,0.985942,0.825546,0.985649,1.003754,0 out of 10,0 out of 9,0 out of 10
2026,370054,GRADY MEMORIAL HOSPITAL,2220 IOWA STREET,CHICKASHA,OK,73018,GRADY,0.985942,0.825546,1.016566,1.007125,0 out of 10,0 out of 9,0 out of 10
2026,370056,COMANCHE COUNTY MEMORIAL HOSPITAL,3401 WEST GORE BLVD,LAWTON,OK,73505,COMANCHE,0.985942,0.825546,0.968669,0.959039,2 out of 10,0 out of 9,2 out of 10
2026,370078,OKLAHOMA STATE UNIVERSITY MEDICAL CENTER,744 WEST 9TH STREET,TULSA,OK,74127,TULSA,0.985942,0.825546,1.056613,1.009289,0 out of 10,2 out of 9,2 out of 10
2026,370089,NORTHEASTERN HEALTH SYSTEM,1400 EAST DOWNING STREET,TAHLEQUAH,OK,74465,CHEROKEE,0.985942,0.825546,0.992617,0.961990,2 out of 10,1 out of 9,2 out of 10
2026,370091,"SAINT FRANCIS HOSPITAL, INC",6161 SOUTH YALE,TULSA,OK,74136,TULSA,0.985942,0.825546,1.058441,1.026560,0 out of 10,1 out of 9,1 out of 10
2026,370093,O U MEDICAL CENTER,700 NE 13TH STREET,OKLAHOMA CITY,OK,73104,OKLAHOMA,0.985942,0.825546,1.088558,1.085980,0 out of 10,0 out of 9,0 out of 10
2026,370094,SSM HEALTH ST ANTHONY HOSPITAL - MIDWEST,2825 PARKLAWN DRIVE,MIDWEST CITY,OK,73110,OKLAHOMA,0.985942,0.825546,0.973169,Not Available,Not Available,Not Available,Not Available
2026,370097,SOUTHWESTERN MEDICAL CENTER,5602 SOUTHWEST LEE BOULEVARD,LAWTON,OK,73505,COMANCHE,0.985942,0.825546,1.009925,0.991002,0 out of 10,1 out of 9,1 out of 10
2026,370106,INTEGRIS SOUTHWEST MEDICAL CENTER,4401 SOUTH WESTERN AVENUE,OKLAHOMA CITY,OK,73109,OKLAHOMA,0.985942,0.825546,1.120823,1.152342,0 out of 10,0 out of 9,0 out of 10
2026,370113,INTEGRIS GROVE HOSPITAL,1001 EAST 18TH STREET,GROVE,OK,74344,DELAWARE,0.985942,0.825546,0.998440,1.001347,0 out of 10,0 out of 9,0 out of 10
2026,370149,SSM HEALTH ST ANTHONY HOSPITAL - SHAWNEE,1102 W MACARTHUR,SHAWNEE,OK,74801,POTTAWATOMIE,0.985942,0.825546,0.970353,0.916956,4 out of 10,3 out of 9,4 out of 10
2026,370171,CHEROKEE NATION W W HASTINGS INDIAN HOSPITAL,100 S BLISS AVENUE,TAHLEQUAH,OK,74464,CHEROKEE,0.985942,0.825546,0.943228,0.856708,8 out of 10,7 out of 9,8 out of 10
2026,370180,CHICKASAW NATION MEDICAL CENTER,1921 STONECIPHER BLVD,ADA,OK,74820,PONTOTOC,0.985942,0.825546,0.803280,0.712769,10 out of 10,9 out of 9,10 out of 10
2026,370202,HILLCREST HOSPITAL SOUTH,8801 SOUTH 101ST EAST AVENUE,TULSA,OK,74133,TULSA,0.985942,0.825546,1.007675,0.995844,0 out of 10,0 out of 9,0 out of 10
2026,370203,"COMMUNITY HOSPITAL, LLC",3100 SOUTHWEST 89TH STREET,OKLAHOMA CITY,OK,73159,OKLAHOMA,0.985942,0.825546,0.994628,1.015199,0 out of 10,0 out of 9,0 out of 10
2026,370211,INTEGRIS CANADIAN VALLEY HOSPITAL,1201 HEALTH CENTER PARKWAY,YUKON,OK,73099,CANADIAN,0.985942,0.825546,1.068409,1.015454,0 out of 10,2 out of 9,2 out of 10
2026,370215,"OKLAHOMA HEART HOSPITAL, LLC",4050 WEST MEMORIAL ROAD,OKLAHOMA CITY,OK,73120,OKLAHOMA,0.985942,0.825546,0.987309,0.998010,0 out of 10,0 out of 9,0 out of 10
2026,370218,"SAINT FRANCIS HOSPITAL SOUTH, LLC",10501 EAST 91ST STREET SOUTH,TULSA,OK,74133,TULSA,0.985942,0.825546,0.964599,0.926223,4 out of 10,2 out of 9,4 out of 10
2026,370228,"BAILEY MEDICAL CENTER, LLC",10502 NORTH 110TH EAST AVENUE,OWASSO,OK,74055,TULSA,0.985942,0.825546,0.941464,0.910398,5 out of 10,2 out of 9,5 out of 10
2026,370234,"OKLAHOMA HEART HOSPITAL SOUTH, LLC",5200 EAST I-240 SERVICE ROAD,OKLAHOMA CITY,OK,73135,OKLAHOMA,0.985942,0.825546,1.001138,0.966046,2 out of 10,1 out of 9,2 out of 10
2026,370236,INTEGRIS HEALTH EDMOND HOSPITAL,4801 INTEGRIS PARKWAY,EDMOND,OK,73034,OKLAHOMA,0.985942,0.825546,1.085514,1.018851,0 out of 10,2 out of 9,2 out of 10
2026,370237,"SAINT FRANCIS HOSPITAL VINITA, INC",735 NORTH FOREMAN STREET,VINITA,OK,74301,CRAIG,0.985942,0.825546,0.820212,0.834516,9 out of 10,0 out of 9,9 out of 10
2026,380001,MID-COLUMBIA MEDICAL CENTER,1700 E 19TH STREET,THE DALLES,OR,97058,WASCO,0.985942,0.825546,0.860962,0.801505,10 out of 10,9 out of 9,10 out of 10
2026,380002,ASANTE THREE RIVERS MEDICAL CENTER,500 SW RAMSEY AVENUE,GRANTS PASS,OR,97527,JOSEPHINE,0.985942,0.825546,0.873585,0.841429,9 out of 10,6 out of 9,9 out of 10
2026,380004,PROVIDENCE ST VINCENT MEDICAL CENTER,9205 SW BARNES ROAD,PORTLAND,OR,97225,WASHINGTON,0.985942,0.825546,0.903846,0.893590,6 out of 10,1 out of 9,6 out of 10
2026,380005,ASANTE ASHLAND COMMUNITY HOSPITAL,280 MAPLE STREET,ASHLAND,OR,97520,JACKSON,0.985942,0.825546,0.916449,0.824463,10 out of 10,9 out of 9,10 out of 10
2026,380007,LEGACY EMANUEL MEDICAL CENTER,2801 N GANTENBEIN AVENUE,PORTLAND,OR,97227,MULTNOMAH,0.985942,0.825546,0.953405,0.969986,1 out of 10,0 out of 9,1 out of 10
2026,380009,OHSU HOSPITAL AND CLINICS,3181 SW SAM JACKSON PARK ROAD,PORTLAND,OR,97239,MULTNOMAH,0.985942,0.825546,0.983680,0.958947,2 out of 10,1 out of 9,2 out of 10
2026,380014,GOOD SAMARITAN REGIONAL MEDICAL CENTER,3600 NW SAMARITAN DRIVE,CORVALLIS,OR,97339,BENTON,0.985942,0.825546,0.890375,0.863756,7 out of 10,4 out of 9,7 out of 10
2026,380017,LEGACY GOOD SAMARITAN MEDICAL CENTER,"1015 NW 22ND AVENUE, W121",PORTLAND,OR,97210,MULTNOMAH,0.985942,0.825546,0.913454,0.923689,4 out of 10,0 out of 9,4 out of 10
2026,380018,ASANTE ROGUE REGIONAL MEDICAL CENTER,2825 E BARNETT ROAD,MEDFORD,OR,97504,JACKSON,0.985942,0.825546,0.943008,0.924716,4 out of 10,1 out of 9,4 out of 10
2026,380020,MCKENZIE-WILLAMETTE MEDICAL CENTER,1460 G STREET,SPRINGFIELD,OR,97477,LANE,0.985942,0.825546,0.831009,0.853929,8 out of 10,0 out of 9,8 out of 10
2026,380021,HILLSBORO MEDICAL CENTER,335 SE 8TH AVENUE,HILLSBORO,OR,97123,WASHINGTON,0.985942,0.825546,0.929488,0.945815,3 out of 10,0 out of 9,3 out of 10
2026,380022,SAMARITAN ALBANY GENERAL HOSPITAL,1046 6TH AVENUE SW,ALBANY,OR,97321,LINN,0.985942,0.825546,0.891621,0.848008,8 out of 10,6 out of 9,8 out of 10
2026,380025,LEGACY MOUNT HOOD MEDICAL CENTER,24800 SE STARK STREET,GRESHAM,OR,97030,MULTNOMAH,0.985942,0.825546,0.898878,0.870181,7 out of 10,3 out of 9,7 out of 10
2026,380027,MERCY MEDICAL CENTER,2700 NW STEWART PARKWAY,ROSEBURG,OR,97471,DOUGLAS,0.985942,0.825546,0.870067,0.847555,8 out of 10,5 out of 9,8 out of 10
2026,380029,LEGACY SILVERTON MEDICAL CENTER,342 FAIRVIEW STREET,SILVERTON,OR,97381,MARION,0.985942,0.825546,0.829293,0.766045,10 out of 10,9 out of 9,10 out of 10
2026,380037,PROVIDENCE NEWBERG MEDICAL CENTER,1001 PROVIDENCE DRIVE,NEWBERG,OR,97132,YAMHILL,0.985942,0.825546,0.840470,0.799288,10 out of 10,9 out of 9,10 out of 10
2026,380038,PROVIDENCE WILLAMETTE FALLS MEDICAL CENTER,1500 DIVISION STREET,OREGON CITY,OR,97045,CLACKAMAS,0.985942,0.825546,0.862392,0.859189,8 out of 10,0 out of 9,8 out of 10
2026,380047,ST CHARLES MEDICAL CENTER - BEND,2500 NE NEFF ROAD,BEND,OR,97701,DESCHUTES,0.985942,0.825546,0.919060,0.907272,5 out of 10,1 out of 9,5 out of 10
2026,380050,SKY LAKES MEDICAL CENTER,2865 DAGGETT AVENUE,KLAMATH FALLS,OR,97601,KLAMATH,0.985942,0.825546,0.815912,0.756098,10 out of 10,9 out of 9,10 out of 10
2026,380051,SALEM HOSPITAL,"890 OAK STREET, SE",SALEM,OR,97301,MARION,0.985942,0.825546,0.889061,0.891026,6 out of 10,0 out of 9,6 out of 10
2026,380052,SAINT ALPHONSUS MEDICAL CENTER ONTARIO,351 SW 9TH STREET,ONTARIO,OR,97914,MALHEUR,0.985942,0.825546,0.939641,0.901374,5 out of 10,3 out of 9,5 out of 10
2026,380056,SANTIAM HOSPITAL & CLINICS,1401 N 10TH AVENUE,STAYTON,OR,97383,MARION,0.985942,0.825546,0.974601,0.873491,7 out of 10,6 out of 9,7 out of 10
2026,380060,ADVENTIST HEALTH PORTLAND,10123 SE MARKET STREET,PORTLAND,OR,97216,MULTNOMAH,0.985942,0.825546,0.914009,0.915343,4 out of 10,0 out of 9,4 out of 10
2026,380061,PROVIDENCE PORTLAND MEDICAL CENTER,4805 NE GLISAN STREET,PORTLAND,OR,97213,MULTNOMAH,0.985942,0.825546,0.916348,0.936325,3 out of 10,0 out of 9,3 out of 10
2026,380071,WILLAMETTE VALLEY MEDICAL CENTER,2700 SE STRATUS AVE.,MCMINNVILLE,OR,97128,YAMHILL,0.985942,0.825546,0.830693,0.823816,10 out of 10,9 out of 9,10 out of 10
2026,380075,PROVIDENCE MEDFORD MEDICAL CENTER,1111 CRATER LAKE AVENUE,MEDFORD,OR,97504,JACKSON,0.985942,0.825546,0.875782,0.911581,5 out of 10,0 out of 9,5 out of 10
2026,380082,PROVIDENCE MILWAUKIE HOSPITAL,10150 SE 32ND AVENUE,MILWAUKIE,OR,97222,CLACKAMAS,0.985942,0.825546,0.891328,0.900540,5 out of 10,0 out of 9,5 out of 10
2026,380089,LEGACY MERIDIAN PARK MEDICAL CENTER,19300 SW 65TH AVENUE,TUALATIN,OR,97062,WASHINGTON,0.985942,0.825546,0.890145,0.860806,8 out of 10,4 out of 9,8 out of 10
2026,380090,BAY AREA HOSPITAL,1775 THOMPSON ROAD,COOS BAY,OR,97420,COOS,0.985942,0.825546,0.869438,0.854487,8 out of 10,3 out of 9,8 out of 10
2026,380091,KAISER SUNNYSIDE MEDICAL CENTER,10180 SE SUNNYSIDE ROAD,CLACKAMAS,OR,97015,CLACKAMAS,0.985942,0.825546,0.960635,0.883899,6 out of 10,5 out of 9,6 out of 10
2026,380102,SACRED HEART MEDICAL CENTER - RIVERBEND,3333 RIVERBEND DRIVE,SPRINGFIELD,OR,97477,LANE,0.985942,0.825546,0.902905,0.895014,6 out of 10,1 out of 9,6 out of 10
2026,380103,KAISER FOUNDATION HOSPITAL WESTSIDE,2875 NW STUCKI AVE,HILLSBORO,OR,97124,WASHINGTON,0.985942,0.825546,0.933531,0.817779,10 out of 10,9 out of 9,10 out of 10
2026,390001,GEISINGER-COMMUNITY MEDICAL CENTER,1822 MULBERRY STREET,SCRANTON,PA,18510,LACKAWANNA,0.985942,0.825546,0.938606,0.983100,1 out of 10,0 out of 9,1 out of 10
2026,390002,UPMC MCKEESPORT HOSPITAL,1500 FIFTH AVENUE,MC KEESPORT,PA,15132,ALLEGHENY,0.985942,0.825546,1.089428,1.011816,0 out of 10,2 out of 9,2 out of 10
2026,390003,GEISINGER-BLOOMSBURG HOSPITAL,549 EAST FAIR STREET,BLOOMSBURG,PA,17815,COLUMBIA,0.985942,0.825546,0.881782,0.935850,3 out of 10,0 out of 9,3 out of 10
2026,390004,PENN STATE HEALTH HOLY SPIRIT MEDICAL CENTER,503 NORTH 21ST STREET,CAMP HILL,PA,17011,CUMBERLAND,0.985942,0.825546,1.080881,1.084717,0 out of 10,0 out of 9,0 out of 10
2026,390006,GEISINGER MEDICAL CENTER,100 NORTH ACADEMY AVENUE,DANVILLE,PA,17822,MONTOUR,0.985942,0.825546,0.987335,0.997035,0 out of 10,0 out of 9,0 out of 10
2026,390009,SAINT VINCENT HOSPITAL,232 WEST 25TH STREET,ERIE,PA,16544,ERIE,0.985942,0.825546,1.001183,0.981194,1 out of 10,1 out of 9,1 out of 10
2026,390012,JEFFERSON LANSDALE HOSPITAL,100 MEDICAL CAMPUS DRIVE,LANSDALE,PA,19446,MONTGOMERY,0.985942,0.825546,0.990428,0.978723,1 out of 10,0 out of 9,1 out of 10
2026,390013,WELLSPAN EVANGELICAL COMMUNITY HOSPITAL,ONE HOSPITAL DRIVE,LEWISBURG,PA,17837,UNION,0.985942,0.825546,0.905316,0.917354,4 out of 10,0 out of 9,4 out of 10
2026,390016,UPMC JAMESON,1211 WILMINGTON AVENUE,NEW CASTLE,PA,16105,LAWRENCE,0.985942,0.825546,1.041899,1.004996,0 out of 10,1 out of 9,1 out of 10
2026,390026,TEMPLE HEALTH - CHESTNUT HILL HOSPITAL,8835 GERMANTOWN AVENUE,PHILADELPHIA,PA,19118,PHILADELPHIA,0.985942,0.825546,0.987289,1.010969,0 out of 10,0 out of 9,0 out of 10
2026,390027,TEMPLE UNIVERSITY HOSPITAL,3401 NORTH BROAD STREET,PHILADELPHIA,PA,19140,PHILADELPHIA,0.985942,0.825546,0.954091,1.040227,0 out of 10,0 out of 9,0 out of 10
2026,390028,UPMC MERCY,1400 LOCUST STREET,PITTSBURGH,PA,15219,ALLEGHENY,0.985942,0.825546,1.071384,1.079155,0 out of 10,0 out of 9,0 out of 10
2026,390030,SCHUYLKILL MEDICAL CENTER - SOUTH JACKSON STREET,420 SOUTH JACKSON STREET,POTTSVILLE,PA,17901,SCHUYLKILL,0.985942,0.825546,1.027455,1.078116,0 out of 10,0 out of 9,0 out of 10
2026,390032,ALLEGHENY VALLEY HOSPITAL,1301 CARLISLE ST,NATRONA,PA,15065,ALLEGHENY,0.985942,0.825546,1.012503,1.008166,0 out of 10,0 out of 9,0 out of 10
2026,390035,ST LUKE'S HOSPITAL - UPPER BUCKS CAMPUS,3000 ST. LUKE'S DRIVE,QUAKERTOWN,PA,18951,BUCKS,0.985942,0.825546,0.903489,0.924914,4 out of 10,0 out of 9,4 out of 10
2026,390036,HERITAGE VALLEY BEAVER,1000 DUTCH RIDGE ROAD,BEAVER,PA,15009,BEAVER,0.985942,0.825546,1.103641,1.144012,0 out of 10,0 out of 9,0 out of 10
2026,390037,HERITAGE VALLEY SEWICKLEY,720 BLACKBURN ROAD,SEWICKLEY,PA,15143,ALLEGHENY,0.985942,0.825546,1.098395,1.082886,0 out of 10,0 out of 9,0 out of 10
2026,390039,UPMC SOMERSET,225 SOUTH CENTER AVENUE,SOMERSET,PA,15501,SOMERSET,0.985942,0.825546,0.945054,0.963365,2 out of 10,0 out of 9,2 out of 10
2026,390041,UNIONTOWN HOSPITAL,500 WEST BERKELEY STREET,UNIONTOWN,PA,15401,FAYETTE,0.985942,0.825546,0.938269,0.939968,3 out of 10,0 out of 9,3 out of 10
2026,390042,"WASHINGTON HOSPITAL, THE",155 WILSON AVENUE,WASHINGTON,PA,15301,WASHINGTON,0.985942,0.825546,0.971935,0.984118,1 out of 10,0 out of 9,1 out of 10
2026,390044,READING HOSPITAL,420 S 5TH AVENUE,WEST READING,PA,19611,BERKS,0.985942,0.825546,1.021930,1.015454,0 out of 10,0 out of 9,0 out of 10
2026,390045,UPMC WILLIAMSPORT,700 HIGH STREET,WILLIAMSPORT,PA,17701,LYCOMING,0.985942,0.825546,0.986117,1.014579,0 out of 10,0 out of 9,0 out of 10
2026,390046,WELLSPAN YORK HOSPITAL,1001 SOUTH GEORGE STREET,YORK,PA,17403,YORK,0.985942,0.825546,1.022881,1.032103,0 out of 10,0 out of 9,0 out of 10
2026,390048,GEISINGER-LEWISTOWN HOSPITAL,400 HIGHLAND AVENUE,LEWISTOWN,PA,17044,MIFFLIN,0.985942,0.825546,0.876173,0.938639,3 out of 10,0 out of 9,3 out of 10
2026,390049,ST LUKES HOSPITAL BETHLEHEM,801 OSTRUM STREET,BETHLEHEM,PA,18015,NORTHAMPTON,0.985942,0.825546,0.977525,0.978054,1 out of 10,0 out of 9,1 out of 10
2026,390050,ALLEGHENY GENERAL HOSPITAL,320 EAST NORTH AVENUE,PITTSBURGH,PA,15212,ALLEGHENY,0.985942,0.825546,1.040735,1.033903,0 out of 10,0 out of 9,0 out of 10
2026,390056,PENN HIGHLANDS HUNTINGDON,1225 WARM SPRINGS AVE,HUNTINGDON,PA,16652,HUNTINGDON,0.985942,0.825546,0.975702,0.929708,4 out of 10,3 out of 9,4 out of 10
2026,390057,ST LUKE'S HOSPITAL - GRAND VIEW CAMPUS,700 LAWN AVENUE,SELLERSVILLE,PA,18960,BUCKS,0.985942,0.825546,1.000730,0.988043,0 out of 10,0 out of 9,0 out of 10
2026,390058,UPMC CARLISLE,361 ALEXANDER SPRING ROAD,CARLISLE,PA,17015,CUMBERLAND,0.985942,0.825546,1.037884,1.007376,0 out of 10,1 out of 9,1 out of 10
2026,390062,CONEMAUGH NASON MEDICAL CENTER,105 NASON DRIVE,ROARING SPRING,PA,16673,BLAIR,0.985942,0.825546,0.973278,0.924644,4 out of 10,3 out of 9,4 out of 10
2026,390063,UPMC HAMOT,201 STATE STREET,ERIE,PA,16550,ERIE,0.985942,0.825546,1.030706,1.053357,0 out of 10,0 out of 9,0 out of 10
2026,390065,GETTYSBURG HOSPITAL,147 GETTYS STREET,GETTYSBURG,PA,17325,ADAMS,0.985942,0.825546,0.931171,0.978611,1 out of 10,0 out of 9,1 out of 10
2026,390066,WELLSPAN GOOD SAMARITAN HOSPITAL,252 SOUTH 4TH STREET,LEBANON,PA,17042,LEBANON,0.985942,0.825546,0.972301,0.958761,2 out of 10,0 out of 9,2 out of 10
2026,390067,UPMC PINNACLE HOSPITALS,409 SOUTH SECOND STREET,HARRISBURG,PA,17104,DAUPHIN,0.985942,0.825546,1.020131,1.043765,0 out of 10,0 out of 9,0 out of 10
2026,390068,UPMC LITITZ,1500 HIGHLANDS DRIVE,LITITZ,PA,17543,LANCASTER,0.985942,0.825546,0.993910,0.986839,0 out of 10,0 out of 9,0 out of 10
2026,390070,LOWER BUCKS HOSPITAL,501 BATH ROAD,BRISTOL,PA,19007,BUCKS,0.985942,0.825546,0.931425,0.947859,3 out of 10,0 out of 9,3 out of 10
2026,390073,UPMC ALTOONA,620 HOWARD AVENUE,ALTOONA,PA,16601,BLAIR,0.985942,0.825546,1.115069,1.116803,0 out of 10,0 out of 9,0 out of 10
2026,390079,ROBERT PACKER HOSPITAL,ONE GUTHRIE SQUARE,SAYRE,PA,18840,BRADFORD,0.985942,0.825546,0.969685,0.973518,1 out of 10,0 out of 9,1 out of 10
2026,390086,PENN HIGHLANDS DUBOIS,100 HOSPITAL AVENUE,DUBOIS,PA,15801,CLEARFIELD,0.985942,0.825546,1.022659,0.980138,1 out of 10,2 out of 9,2 out of 10
2026,390090,WEST PENN HOSPITAL,4800 FRIENDSHIP AVENUE,PITTSBURGH,PA,15224,ALLEGHENY,0.985942,0.825546,1.044942,1.087700,0 out of 10,0 out of 9,0 out of 10
2026,390091,UPMC NORTHWEST,100 FAIRFIELD DRIVE,SENECA,PA,16346,VENANGO,0.985942,0.825546,0.973167,0.972546,1 out of 10,0 out of 9,1 out of 10
2026,390093,CLARION HOSPITAL,ONE HOSPITAL DRIVE,CLARION,PA,16214,CLARION,0.985942,0.825546,0.942085,0.938520,3 out of 10,0 out of 9,3 out of 10
2026,390096,PENN STATE HEALTH ST. JOSEPH,2500 BERNVILLE ROAD,READING,PA,19605,BERKS,0.985942,0.825546,0.995670,1.046546,0 out of 10,0 out of 9,0 out of 10
2026,390097,HOLY REDEEMER HOSPITAL AND MEDICAL CENTER,1648 HUNTINGDON PIKE,MEADOWBROOK,PA,19046,MONTGOMERY,0.985942,0.825546,0.973084,0.936580,3 out of 10,2 out of 9,3 out of 10
2026,390100,LANCASTER GENERAL HOSPITAL,555 NORTH DUKE STREET,LANCASTER,PA,17602,LANCASTER,0.985942,0.825546,0.977437,0.973127,1 out of 10,0 out of 9,1 out of 10
2026,390101,UPMC MEMORIAL,1701 INNOVATION DRIVE,YORK,PA,17408,YORK,0.985942,0.825546,1.029220,1.085187,0 out of 10,0 out of 9,0 out of 10
2026,390102,UPMC ST MARGARET,815 FREEPORT ROAD,PITTSBURGH,PA,15215,ALLEGHENY,0.985942,0.825546,1.048956,1.023627,0 out of 10,1 out of 9,1 out of 10
2026,390107,UPMC PASSAVANT,9100 BABCOCK BOULEVARD,PITTSBURGH,PA,15237,ALLEGHENY,0.985942,0.825546,0.976126,0.976437,1 out of 10,0 out of 9,1 out of 10
2026,390110,CONEMAUGH MEMORIAL MEDICAL CENTER,1086 FRANKLIN STREET,JOHNSTOWN,PA,15905,CAMBRIA,0.985942,0.825546,1.026357,1.041353,0 out of 10,0 out of 9,0 out of 10
2026,390111,HOSPITAL OF UNIV OF PENNSYLVANIA,3400 SPRUCE ST,PHILADELPHIA,PA,19104,PHILADELPHIA,0.985942,0.825546,1.030592,1.036063,0 out of 10,0 out of 9,0 out of 10
2026,390112,CHAN SOON- SHIONG MEDICAL CENTER AT WINDBER,600 SOMERSET AVENUE,WINDBER,PA,15963,SOMERSET,0.985942,0.825546,0.926352,1.060923,0 out of 10,0 out of 9,0 out of 10
2026,390113,MEADVILLE MEDICAL CENTER,751 LIBERTY STREET,MEADVILLE,PA,16335,CRAWFORD,0.985942,0.825546,0.930905,0.927741,4 out of 10,0 out of 9,4 out of 10
2026,390114,MAGEE WOMENS HOSPITAL OF UPMC HEALTH SYSTEM,300 HALKET STREET,PITTSBURGH,PA,15213,ALLEGHENY,0.985942,0.825546,0.976718,0.997826,0 out of 10,0 out of 9,0 out of 10
2026,390115,JEFFERSON HEALTH- NORTHEAST,10800 KNIGHTS ROAD,PHILADELPHIA,PA,19114,PHILADELPHIA,0.985942,0.825546,1.020437,1.054697,0 out of 10,0 out of 9,0 out of 10
2026,390116,SUBURBAN COMMUNITY HOSPITAL,2701 DEKALB PIKE,NORRISTOWN,PA,19401,MONTGOMERY,0.985942,0.825546,0.972746,0.889638,6 out of 10,5 out of 9,6 out of 10
2026,390117,UPMC BEDFORD MEMORIAL,10455 LINCOLN HIGHWAY,EVERETT,PA,15537,BEDFORD,0.985942,0.825546,1.007935,1.020918,0 out of 10,0 out of 9,0 out of 10
2026,390123,POTTSTOWN HOSPITAL,1600 EAST HIGH STREET,POTTSTOWN,PA,19464,MONTGOMERY,0.985942,0.825546,1.008892,1.007979,0 out of 10,0 out of 9,0 out of 10
2026,390125,WAYNE MEMORIAL HOSPITAL,601 PARK STREET,HONESDALE,PA,18431,WAYNE,0.985942,0.825546,1.092408,1.004389,0 out of 10,3 out of 9,3 out of 10
2026,390127,PHOENIXVILLE HOSPITAL,140 NUTT ROAD,PHOENIXVILLE,PA,19460,CHESTER,0.985942,0.825546,0.978266,0.995770,0 out of 10,0 out of 9,0 out of 10
2026,390133,LEHIGH VALLEY HOSPITAL,1200 SOUTH CEDAR CREST BOULEVARD,ALLENTOWN,PA,18103,LEHIGH,0.985942,0.825546,0.952278,0.973616,1 out of 10,0 out of 9,1 out of 10
2026,390137,WILKES-BARRE GENERAL HOSPITAL,575 NORTH RIVER STREET,WILKES-BARRE,PA,18764,LUZERNE,0.985942,0.825546,1.179818,1.186252,0 out of 10,0 out of 9,0 out of 10
2026,390138,WELLSPAN WAYNESBORO HOSPITAL,501 EAST MAIN ST,WAYNESBORO,PA,17268,FRANKLIN,0.985942,0.825546,0.938659,0.898806,5 out of 10,3 out of 9,5 out of 10
2026,390139,BRYN MAWR HOSPITAL,130 SOUTH BRYN MAWR AVE,BRYN MAWR,PA,19010,DELAWARE,0.985942,0.825546,0.994221,1.002936,0 out of 10,0 out of 9,0 out of 10
2026,390142,JEFFERSON EINSTEIN PHILADELPHIA HOSPITAL,5501 OLD YORK ROAD,PHILADELPHIA,PA,19141,PHILADELPHIA,0.985942,0.825546,1.008667,1.049348,0 out of 10,0 out of 9,0 out of 10
2026,390145,EXCELA HEALTH WESTMORELAND REGIONAL HOSPITAL,532 WEST PITTSBURGH STREET,GREENSBURG,PA,15601,WESTMORELAND,0.985942,0.825546,0.952107,0.924633,4 out of 10,2 out of 9,4 out of 10
2026,390146,WARREN GENERAL HOSPITAL,2 CRESCENT PARK WEST,WARREN,PA,16365,WARREN,0.985942,0.825546,0.948951,0.874507,7 out of 10,6 out of 9,7 out of 10
2026,390147,PENN HIGHLANDS MON VALLEY,1163 COUNTRY CLUB ROAD,MONONGAHELA,PA,15063,WASHINGTON,0.985942,0.825546,1.056332,0.988257,0 out of 10,2 out of 9,2 out of 10
2026,390151,WELLSPAN CHAMBERSBURG HOSPITAL,112 NORTH SEVENTH STREET,CHAMBERSBURG,PA,17201,FRANKLIN,0.985942,0.825546,0.923244,0.941710,3 out of 10,0 out of 9,3 out of 10
2026,390153,PAOLI HOSPITAL,255 WEST LANCASTER AVENUE,PAOLI,PA,19301,CHESTER,0.985942,0.825546,1.011244,1.010908,0 out of 10,0 out of 9,0 out of 10
2026,390156,MERCY CATHOLIC MEDICAL CENTER- MERCY FITZGERALD,1500 LANSDOWNE  AVE,DARBY,PA,19023,DELAWARE,0.985942,0.825546,1.023551,1.047703,0 out of 10,0 out of 9,0 out of 10
2026,390160,CANONSBURG GENERAL HOSPITAL,100 MEDICAL BOULEVARD,CANONSBURG,PA,15317,WASHINGTON,0.985942,0.825546,0.994552,1.047942,0 out of 10,0 out of 9,0 out of 10
2026,390162,ST LUKE'S HOSPITAL - EASTON CAMPUS,250 SOUTH 21ST STREET,EASTON,PA,18042,NORTHAMPTON,0.985942,0.825546,0.923282,0.932985,3 out of 10,0 out of 9,3 out of 10
2026,390163,ACMH HOSPITAL,ONE NOLTE DRIVE,KITTANNING,PA,16201,ARMSTRONG,0.985942,0.825546,0.956128,0.905834,5 out of 10,3 out of 9,5 out of 10
2026,390164,UPMC PRESBYTERIAN SHADYSIDE,200 LOTHROP STREET,PITTSBURGH,PA,15213,ALLEGHENY,0.985942,0.825546,1.011478,1.013573,0 out of 10,0 out of 9,0 out of 10
2026,390168,INDEPENDENCE HEALTH SYSTEM BUTLER MEMORIAL HOSPITA,ONE HOSPITAL WAY,BUTLER,PA,16001,BUTLER,0.985942,0.825546,0.963908,0.931416,4 out of 10,2 out of 9,4 out of 10
2026,390173,INDIANA REGIONAL MEDICAL CENTER,835 HOSPITAL ROAD,INDIANA,PA,15701,INDIANA,0.985942,0.825546,0.960342,0.970323,1 out of 10,0 out of 9,1 out of 10
2026,390174,THOMAS JEFFERSON UNIVERSITY HOSPITAL,111 SOUTH 11TH STREET,PHILADELPHIA,PA,19107,PHILADELPHIA,0.985942,0.825546,1.012257,1.001079,0 out of 10,0 out of 9,0 out of 10
2026,390178,UPMC HORIZON,110 NORTH MAIN STREET,GREENVILLE,PA,16125,MERCER,0.985942,0.825546,0.915444,0.946159,3 out of 10,0 out of 9,3 out of 10
2026,390179,CHESTER COUNTY HOSPITAL,701 EAST MARSHALL STREET,WEST CHESTER,PA,19380,CHESTER,0.985942,0.825546,0.958993,0.970375,1 out of 10,0 out of 9,1 out of 10
2026,390180,CROZER CHESTER MEDICAL CENTER,ONE MEDICAL CENTER BOULEVARD,UPLAND,PA,19013,DELAWARE,0.985942,0.825546,1.072930,1.100171,0 out of 10,0 out of 9,0 out of 10
2026,390183,ST LUKE'S MINERS MEMORIAL HOSPITAL,360 W RUDDLE STREET,COALDALE,PA,18218,SCHUYLKILL,0.985942,0.825546,0.890485,0.889497,6 out of 10,0 out of 9,6 out of 10
2026,390185,LEHIGH VALLEY HOSPITAL - HAZLETON,700 EAST BROAD STREET,HAZLETON,PA,18201,LUZERNE,0.985942,0.825546,1.001306,1.014389,0 out of 10,0 out of 9,0 out of 10
2026,390195,MAIN LINE HOSPITAL LANKENAU,100 LANCASTER AVE,WYNNEWOOD,PA,19096,MONTGOMERY,0.985942,0.825546,0.981071,1.005313,0 out of 10,0 out of 9,0 out of 10
2026,390198,LECOM MEDICAL CENTER AND BEHAVIORAL HEALTH PAV,5515 PEACH STREET,ERIE,PA,16509,ERIE,0.985942,0.825546,1.133596,1.119176,0 out of 10,0 out of 9,0 out of 10
2026,390199,PUNXSUTAWNEY AREA HOSPITAL,81 HILLCREST DRIVE,PUNXSUTAWNEY,PA,15767,JEFFERSON,0.985942,0.825546,0.852676,0.945610,3 out of 10,0 out of 9,3 out of 10
2026,390201,LEHIGH VALLEY HOSPITAL - POCONO,206 EAST BROWN STREET,EAST STROUDSBURG,PA,18301,MONROE,0.985942,0.825546,0.993940,0.982777,1 out of 10,0 out of 9,1 out of 10
2026,390203,DOYLESTOWN HOSPITAL,595 WEST STATE ST,DOYLESTOWN,PA,18901,BUCKS,0.985942,0.825546,0.939063,0.945541,3 out of 10,0 out of 9,3 out of 10
2026,390204,NAZARETH HOSPITAL,2601 HOLME AVE,PHILADELPHIA,PA,19152,PHILADELPHIA,0.985942,0.825546,1.025198,1.061563,0 out of 10,0 out of 9,0 out of 10
2026,390211,SHARON REGIONAL MEDICAL CENTER,740 EAST STATE STREET,SHARON,PA,16146,MERCER,0.985942,0.825546,0.943426,0.978263,1 out of 10,0 out of 9,1 out of 10
2026,390217,EXCELA HEALTH - FRICK HOSPITAL,508 SOUTH CHURCH STREET,MOUNT PLEASANT,PA,15666,WESTMORELAND,0.985942,0.825546,0.955955,0.919653,4 out of 10,2 out of 9,4 out of 10
2026,390219,EXCELA HEALTH LATROBE HOSPITAL,ONE MELLON WAY,LATROBE,PA,15650,WESTMORELAND,0.985942,0.825546,0.918802,0.924747,4 out of 10,0 out of 9,4 out of 10
2026,390222,RIDDLE MEMORIAL HOSPITAL,1068 WEST BALTIMORE PIKE,MEDIA,PA,19063,DELAWARE,0.985942,0.825546,0.955916,0.986852,0 out of 10,0 out of 9,0 out of 10
2026,390223,PENN PRESBYTERIAN MEDICAL CENTER,51 NORTH 39TH STREET,PHILADELPHIA,PA,19104,PHILADELPHIA,0.985942,0.825546,0.977873,0.982298,1 out of 10,0 out of 9,1 out of 10
2026,390225,WELLSPAN EPHRATA COMMUNITY HOSPITAL,169 MARTIN AVENUE,EPHRATA,PA,17522,LANCASTER,0.985942,0.825546,0.926233,0.930443,4 out of 10,0 out of 9,4 out of 10
2026,390226,PENNSYLVANIA HOSPITAL,800 SPRUCE STREET,PHILADELPHIA,PA,19107,PHILADELPHIA,0.985942,0.825546,1.027363,1.024222,0 out of 10,0 out of 9,0 out of 10
2026,390228,ST CLAIR HOSPITAL,1000 BOWER HILL ROAD,PITTSBURGH,PA,15243,ALLEGHENY,0.985942,0.825546,0.931340,0.945367,3 out of 10,0 out of 9,3 out of 10
2026,390231,JEFFERSON ABINGTON HOSPITAL,1200 OLD YORK ROAD,ABINGTON,PA,19001,MONTGOMERY,0.985942,0.825546,0.934661,0.980886,1 out of 10,0 out of 9,1 out of 10
2026,390233,UPMC HANOVER,300 HIGHLAND AVE,HANOVER,PA,17331,YORK,0.985942,0.825546,0.965389,1.011165,0 out of 10,0 out of 9,0 out of 10
2026,390237,REGIONAL HOSPITAL OF SCRANTON,746 JEFFERSON AVENUE,SCRANTON,PA,18501,LACKAWANNA,0.985942,0.825546,1.049182,1.062916,0 out of 10,0 out of 9,0 out of 10
2026,390256,MILTON S HERSHEY MEDICAL CENTER,500 UNIVERSITY DRIVE,HERSHEY,PA,17033,DAUPHIN,0.985942,0.825546,1.039189,1.049354,0 out of 10,0 out of 9,0 out of 10
2026,390258,ST MARY MEDICAL CENTER,LANGHORNE-NEWTOWN RD,LANGHORNE,PA,19047,BUCKS,0.985942,0.825546,1.064041,1.078401,0 out of 10,0 out of 9,0 out of 10
2026,390265,JEFFERSON HOSPITAL,565 COAL VALLEY ROAD,JEFFERSON HILLS,PA,15025,ALLEGHENY,0.985942,0.825546,0.975104,0.966137,2 out of 10,0 out of 9,2 out of 10
2026,390266,GROVE CITY MEDICAL CENTER,631 NORTH BROAD STREET EXT.,GROVE CITY,PA,16127,MERCER,0.985942,0.825546,0.915228,0.784018,10 out of 10,9 out of 9,10 out of 10
2026,390267,FORBES HOSPITAL,2570 HAYMAKER ROAD,MONROEVILLE,PA,15146,ALLEGHENY,0.985942,0.825546,1.024239,1.039975,0 out of 10,0 out of 9,0 out of 10
2026,390268,MOUNT NITTANY MEDICAL CENTER,155 WELLNESS WAY,STATE COLLEGE,PA,16803,CENTRE,0.985942,0.825546,1.003651,1.013340,0 out of 10,0 out of 9,0 out of 10
2026,390270,GEISINGER WYOMING VALLEY MEDICAL CENTER,1000 EAST MOUNTAIN BOULEVARD,WILKES BARRE,PA,18711,LUZERNE,0.985942,0.825546,0.971500,1.002630,0 out of 10,0 out of 9,0 out of 10
2026,390304,ROXBOROUGH MEMORIAL HOSPITAL,5800 RIDGE AVE,PHILADELPHIA,PA,19128,PHILADELPHIA,0.985942,0.825546,0.974906,0.981661,1 out of 10,0 out of 9,1 out of 10
2026,390326,ST LUKE'S HOSPITAL - ANDERSON CAMPUS,1872 ST LUKE'S BLVD,EASTON,PA,18045,NORTHAMPTON,0.985942,0.825546,0.935430,0.936030,3 out of 10,0 out of 9,3 out of 10
2026,390328,UPMC EAST,2775 MOSSIDE BOULEVARD,MONROEVILLE,PA,15146,ALLEGHENY,0.985942,0.825546,1.033331,0.981753,1 out of 10,2 out of 9,2 out of 10
2026,390329,JEFFERSON EINSTEIN MONTGOMERY HOSPITAL,559 WEST GERMANTOWN PIKE,EAST NORRITON,PA,19403,MONTGOMERY,0.985942,0.825546,0.984657,1.032890,0 out of 10,0 out of 9,0 out of 10
2026,390330,ST LUKE'S HOSPITAL - MONROE CAMPUS,100 ST LUKE'S LANE,STROUDSBURG,PA,18360,MONROE,0.985942,0.825546,0.895083,0.935744,3 out of 10,0 out of 9,3 out of 10
2026,390332,GEISINGER ST. LUKE'S  HOSPITAL,100 PARAMOUNT BOULEVARD,ORWIGSBURG,PA,17961,SCHUYLKILL,0.985942,0.825546,0.927017,0.938641,3 out of 10,0 out of 9,3 out of 10
2026,390334,AHN WEXFORD HOSPITAL,12351 PERRY HIGHWAY,WEXFORD,PA,15090,ALLEGHENY,0.985942,0.825546,0.944354,0.949046,3 out of 10,0 out of 9,3 out of 10
2026,390335,ST LUKE'S HOSPITAL - CARBON CAMPUS,500 ST LUKE'S DRIVE,LEHIGHTON,PA,18235,CARBON,0.985942,0.825546,0.940744,0.946258,3 out of 10,0 out of 9,3 out of 10
2026,390336,PENN STATE HEALTH HAMPDEN MEDICAL CENTER,2200 GOOD HOPE ROAD,ENOLA,PA,17025,CUMBERLAND,0.985942,0.825546,0.973072,1.113719,0 out of 10,0 out of 9,0 out of 10
2026,390337,GEISINGER MEDICAL CENTER MUNCY,255 ROUTE 220 HIGHWAY,MUNCY,PA,17756,LYCOMING,0.985942,0.825546,0.780481,0.862943,7 out of 10,0 out of 9,7 out of 10
2026,390338,LEHIGH VALLEY HOSPITAL - DICKSON CITY,330 MAIN STREET,DICKSON CITY,PA,18519,LACKAWANNA,0.985942,0.825546,0.998632,0.988382,0 out of 10,0 out of 9,0 out of 10
2026,390339,PENN STATE HEALTH LANCASTER MEDICAL CENTER,2160 STATE ROAD,LANCASTER,PA,17601,LANCASTER,0.985942,0.825546,Not Available,1.004358,0 out of 10,Not Available,0 out of 10
2026,410004,ROGER WILLIAMS MEDICAL CENTER,825 CHALKSTONE AVENUE,PROVIDENCE,RI,02908,PROVIDENCE,0.985942,0.825546,0.988148,1.026232,0 out of 10,0 out of 9,0 out of 10
2026,410006,NEWPORT HOSPITAL,11 FRIENDSHIP STREET,NEWPORT,RI,02840,NEWPORT,0.985942,0.825546,0.996794,0.987657,0 out of 10,0 out of 9,0 out of 10
2026,410008,SOUTH COUNTY HOSPITAL INC,100 KENYON AVE,WAKEFIELD,RI,02879,WASHINGTON,0.985942,0.825546,0.952700,0.943171,3 out of 10,0 out of 9,3 out of 10
2026,410009,KENT COUNTY MEMORIAL HOSPITAL,455 TOLL GATE RD,WARWICK,RI,02886,KENT,0.985942,0.825546,0.986502,1.018469,0 out of 10,0 out of 9,0 out of 10
2026,410011,LANDMARK MEDICAL CENTER,115 CASS AVENUE,WOONSOCKET,RI,02895,PROVIDENCE,0.985942,0.825546,0.922108,0.944400,3 out of 10,0 out of 9,3 out of 10
2026,410012,THE MIRIAM HOSPITAL,164 SUMMIT AVENUE,PROVIDENCE,RI,02906,PROVIDENCE,0.985942,0.825546,0.972871,0.955648,2 out of 10,1 out of 9,2 out of 10
2026,410013,WESTERLY HOSPITAL,25 WELLS STREET,WESTERLY,RI,02891,WASHINGTON,0.985942,0.825546,0.884490,0.936851,3 out of 10,0 out of 9,3 out of 10
2026,420002,PIEDMONT MEDICAL CENTER,1731 FRANK GASTON BLVD,ROCK HILL,SC,29732,YORK,0.985942,0.825546,1.048816,1.035521,0 out of 10,0 out of 9,0 out of 10
2026,420004,MUSC MEDICAL CENTER,169 ASHLEY AVE,CHARLESTON,SC,29425,CHARLESTON,0.985942,0.825546,1.024123,0.983160,1 out of 10,2 out of 9,2 out of 10
2026,420005,MCLEOD MEDICAL CENTER - DILLON,301 E JACKSON STREET PO BOX 1327,DILLON,SC,29536,DILLON,0.985942,0.825546,0.965361,0.838015,9 out of 10,9 out of 9,9 out of 10
2026,420007,SPARTANBURG MEDICAL CENTER,101 E WOOD ST,SPARTANBURG,SC,29303,SPARTANBURG,0.985942,0.825546,1.066770,1.036362,0 out of 10,1 out of 9,1 out of 10
2026,420009,PRISMA HEALTH OCONEE MEMORIAL HOSPITAL,298 MEMORIAL DR,SENECA,SC,29672,OCONEE,0.985942,0.825546,1.015651,0.974949,1 out of 10,2 out of 9,2 out of 10
2026,420010,CAROLINA PINES REGIONAL MEDICAL CENTER,1304 W BOBO NEWSOM HWY,HARTSVILLE,SC,29550,DARLINGTON,0.985942,0.825546,0.994242,1.016223,0 out of 10,0 out of 9,0 out of 10
2026,420015,PRISMA HEALTH BAPTIST EASLEY HOSPITAL,200 FLEETWOOD DRIVE,EASLEY,SC,29640,PICKENS,0.985942,0.825546,1.015213,0.987551,0 out of 10,1 out of 9,1 out of 10
2026,420018,PRISMA HEALTH RICHLAND HOSPITAL,5 MEDICAL PARK,COLUMBIA,SC,29203,RICHLAND,0.985942,0.825546,1.034069,1.047572,0 out of 10,0 out of 9,0 out of 10
2026,420020,TIDELANDS GEORGETOWN MEMORIAL HOSPITAL,606 BLACK RIVER RD DRAWER 1718,GEORGETOWN,SC,29440,GEORGETOWN,0.985942,0.825546,1.004617,0.948869,3 out of 10,3 out of 9,3 out of 10
2026,420023,ST FRANCIS-DOWNTOWN,ONE ST FRANCIS DR,GREENVILLE,SC,29601,GREENVILLE,0.985942,0.825546,0.979786,1.009041,0 out of 10,0 out of 9,0 out of 10
2026,420026,MUSC HEALTH COLUMBIA MEDICAL CENTER DOWNTOWN,2435 FOREST DRIVE,COLUMBIA,SC,29204,RICHLAND,0.985942,0.825546,1.002626,1.016749,0 out of 10,0 out of 9,0 out of 10
2026,420027,ANMED HEALTH,800 N FANT ST,ANDERSON,SC,29621,ANDERSON,0.985942,0.825546,1.130132,1.126934,0 out of 10,0 out of 9,0 out of 10
2026,420030,COLLETON MEDICAL CENTER,501 ROBERTSON BOULEVARD,WALTERBORO,SC,29488,COLLETON,0.985942,0.825546,0.990894,0.931471,4 out of 10,3 out of 9,4 out of 10
2026,420033,PRISMA HEALTH GREER MEMORIAL HOSPITAL,1413 JOHN B WHITE SR BLVD SUITE D,SPARTANBURG,SC,29306,SPARTANBURG,0.985942,0.825546,0.961706,0.970558,1 out of 10,0 out of 9,1 out of 10
2026,420036,MUSC HEALTH LANCASTER MEDICAL CENTER,800 W MEETING ST,LANCASTER,SC,29720,LANCASTER,0.985942,0.825546,1.023831,1.050031,0 out of 10,0 out of 9,0 out of 10
2026,420037,PRISMA HEALTH HILLCREST HOSPITAL,741 SOUTH EAST MAIN STREET,SIMPSONVILLE,SC,29681,GREENVILLE,0.985942,0.825546,1.007310,0.971315,1 out of 10,1 out of 9,1 out of 10
2026,420038,PRISMA HEALTH LAURENS COUNTY HOSPITAL,22725 HIGHWAY 76 EAST,CLINTON,SC,29325,LAURENS,0.985942,0.825546,0.969721,0.914931,4 out of 10,3 out of 9,4 out of 10
2026,420043,CHEROKEE MEDICAL CENTER,1530 N LIMESTONE ST,GAFFNEY,SC,29340,CHEROKEE,0.985942,0.825546,0.972040,0.977051,1 out of 10,0 out of 9,1 out of 10
2026,420048,KERSHAWHEALTH,1315 ROBERTS STREET,CAMDEN,SC,29020,KERSHAW,0.985942,0.825546,1.049902,1.079512,0 out of 10,0 out of 9,0 out of 10
2026,420049,CONWAY MEDICAL CENTER,300 SINGLETON RIDGE ROAD,CONWAY,SC,29526,HORRY,0.985942,0.825546,1.025689,1.010560,0 out of 10,0 out of 9,0 out of 10
2026,420051,MCLEOD REGIONAL MEDICAL CENTER-PEE DEE,555 E CHEVES ST BOX 8700,FLORENCE,SC,29506,FLORENCE,0.985942,0.825546,1.023968,1.005114,0 out of 10,0 out of 9,0 out of 10
2026,420053,NEWBERRY COUNTY MEMORIAL HOSPITAL,2669 KINARD ST PO BOX 497,NEWBERRY,SC,29108,NEWBERRY,0.985942,0.825546,0.964736,0.991271,0 out of 10,0 out of 9,0 out of 10
2026,420055,MUSC HEALTH MARION MEDICAL CENTER,2829 E HWY 76,MULLINS,SC,29574,MARION,0.985942,0.825546,1.005437,0.925341,4 out of 10,4 out of 9,4 out of 10
2026,420065,BON SECOURS-ST FRANCIS XAVIER HOSPITAL,2095 HENRY TECKLENBURG DRIVE,CHARLESTON,SC,29414,CHARLESTON,0.985942,0.825546,0.964409,1.011101,0 out of 10,0 out of 9,0 out of 10
2026,420067,BEAUFORT COUNTY MEMORIAL HOSPITAL,955 RIBAUT RD,BEAUFORT,SC,29902,BEAUFORT,0.985942,0.825546,0.999809,0.975590,1 out of 10,1 out of 9,1 out of 10
2026,420070,PRISMA HEALTH TUOMEY HOSPITAL,129 N WASHINGTON ST,SUMTER,SC,29150,SUMTER,0.985942,0.825546,1.031729,0.968867,1 out of 10,3 out of 9,3 out of 10
2026,420071,SELF REGIONAL HEALTHCARE,1325 SPRING STREET,GREENWOOD,SC,29646,GREENWOOD,0.985942,0.825546,1.040462,1.045284,0 out of 10,0 out of 9,0 out of 10
2026,420073,LEXINGTON MEDICAL CENTER,2720 SUNSET BLVD,WEST COLUMBIA,SC,29169,LEXINGTON,0.985942,0.825546,0.990342,0.998016,0 out of 10,0 out of 9,0 out of 10
2026,420078,PRISMA HEALTH GREENVILLE MEMORIAL HOSPITAL,701 GROVE ROAD,GREENVILLE,SC,29605,GREENVILLE,0.985942,0.825546,1.054588,1.030705,0 out of 10,1 out of 9,1 out of 10
2026,420079,TRIDENT MEDICAL CENTER,9330 MEDICAL PLAZA DR,CHARLESTON,SC,29406,CHARLESTON,0.985942,0.825546,1.008244,1.022250,0 out of 10,0 out of 9,0 out of 10
2026,420080,HILTON HEAD REGIONAL MEDICAL CENTER,25 HOSPITAL CENTER BLVD,HILTON HEAD ISLAND,SC,29926,BEAUFORT,0.985942,0.825546,0.976757,1.020247,0 out of 10,0 out of 9,0 out of 10
2026,420082,AIKEN REGIONAL MEDICAL CENTER,302 UNIVERSITY PARKWAY,AIKEN,SC,29801,AIKEN,0.985942,0.825546,0.970721,0.964157,2 out of 10,0 out of 9,2 out of 10
2026,420085,GRAND STRAND REGIONAL MEDICAL CENTER,809 82ND PARKWAY,MYRTLE BEACH,SC,29572,HORRY,0.985942,0.825546,0.960690,0.981172,1 out of 10,0 out of 9,1 out of 10
2026,420086,PRISMA HEALTH BAPTIST,1330 TAYLOR AT MARION ST,COLUMBIA,SC,29220,RICHLAND,0.985942,0.825546,1.056486,1.038276,0 out of 10,0 out of 9,0 out of 10
2026,420087,ROPER HOSPITAL,316 CALHOUN ST,CHARLESTON,SC,29401,CHARLESTON,0.985942,0.825546,0.998884,1.033714,0 out of 10,0 out of 9,0 out of 10
2026,420089,EAST COOPER MEDICAL CENTER,2000 HOSPITAL DR,MOUNT PLEASANT,SC,29464,CHARLESTON,0.985942,0.825546,1.019599,0.976901,1 out of 10,2 out of 9,2 out of 10
2026,420091,MUSC HEALTH FLORENCE MEDICAL CENTER,805 PAMPLICO HWY BOX 100550,FLORENCE,SC,29505,FLORENCE,0.985942,0.825546,1.041834,0.981221,1 out of 10,2 out of 9,2 out of 10
2026,420098,TIDELANDS WACCAMAW COMMUNITY HOSPITAL,4070 HWY 17,MURRELLS INLET,SC,29576,HORRY,0.985942,0.825546,1.007523,0.994810,0 out of 10,0 out of 9,0 out of 10
2026,420101,COASTAL CAROLINA HOSPITAL,1000 MEDICAL CENTER DRIVE,HARDEEVILLE,SC,29927,JASPER,0.985942,0.825546,1.055409,1.011040,0 out of 10,1 out of 9,1 out of 10
2026,420103,PELHAM MEDICAL CENTER,250 WESTMORELAND ROAD,GREER,SC,29651,GREENVILLE,0.985942,0.825546,0.977973,1.033937,0 out of 10,0 out of 9,0 out of 10
2026,420104,MOUNT PLEASANT HOSPITAL,3510 HIGHWAY 17 NORTH SUITE 140,MOUNT PLEASANT,SC,29466,CHARLESTON,0.985942,0.825546,1.014968,0.965645,2 out of 10,2 out of 9,2 out of 10
2026,420105,MCLEOD LORIS  HOSPITAL,3655 MITCHELL STREET,LORIS,SC,29569,HORRY,0.985942,0.825546,0.997836,0.996750,0 out of 10,0 out of 9,0 out of 10
2026,420106,PRISMA HEALTH BAPTIST PARKRIDGE,400 PALMETTO HEALTH PARKWAY,COLUMBIA,SC,29212,LEXINGTON,0.985942,0.825546,1.013916,0.978277,1 out of 10,1 out of 9,1 out of 10
2026,420107,MCLEOD HEALTH CHERAW,711 CHESTERFIELD HIGHWAY,CHERAW,SC,29520,CHESTERFIELD,0.985942,0.825546,1.002866,1.034156,0 out of 10,0 out of 9,0 out of 10
2026,420109,MCLEOD HEALTH CLARENDON,10 EAST HOSPITAL STREET,MANNING,SC,29102,CLARENDON,0.985942,0.825546,0.910294,0.931689,4 out of 10,0 out of 9,4 out of 10
2026,420110,ROPER ST FRANCIS HOSPITAL-BERKELEY INC,100 CALLEN BLVD.,SUMMERVILLE,SC,29486,BERKELEY,0.985942,0.825546,1.023483,0.975812,1 out of 10,2 out of 9,2 out of 10
2026,420117,MEDICAL UNIVERSITY HOSPITAL AUTHORITY,3555 N WILLIAMSBURG COUNTY HWY,CADES,SC,29518,WILLIAMSBURG,0.985942,0.825546,Not Available,0.985266,1 out of 10,Not Available,1 out of 10
2026,430005,"PRAIRIE LAKES HEALTHCARE SYSTEM, INC",401 9TH AVENUE NW  POST OFFICE BOX 1210,WATERTOWN,SD,57201,CODINGTON,0.985942,0.825546,0.950078,0.960582,2 out of 10,0 out of 9,2 out of 10
2026,430008,BROOKINGS HEALTH SYSTEM,300 22ND AVE,BROOKINGS,SD,57006,BROOKINGS,0.985942,0.825546,0.894497,0.874078,7 out of 10,2 out of 9,7 out of 10
2026,430012,AVERA SACRED HEART HOSPITAL,501 SUMMIT ST,YANKTON,SD,57078,YANKTON,0.985942,0.825546,0.986648,0.951270,2 out of 10,2 out of 9,2 out of 10
2026,430014,AVERA ST LUKES,305 S STATE ST  POST OFFICE BOX 4450,ABERDEEN,SD,57401,BROWN,0.985942,0.825546,0.957626,0.992829,0 out of 10,0 out of 9,0 out of 10
2026,430015,AVERA ST MARY'S HOSPITAL,801 E SIOUX,PIERRE,SD,57501,HUGHES,0.985942,0.825546,0.911989,0.920144,4 out of 10,0 out of 9,4 out of 10
2026,430016,AVERA MCKENNAN HOSPITAL & UNIVERSITY HEALTH CENTER,1325 S CLIFF AVE  POST OFFICE BOX 5045,SIOUX FALLS,SD,57117,MINNEHAHA,0.985942,0.825546,1.022336,1.010693,0 out of 10,0 out of 9,0 out of 10
2026,430027,SANFORD USD MEDICAL CENTER,1305 W 18TH ST  POST OFFICE BOX 5039,SIOUX FALLS,SD,57117,MINNEHAHA,0.985942,0.825546,1.081473,1.053372,0 out of 10,1 out of 9,1 out of 10
2026,430048,MONUMENT HEALTH SPEARFISH HOSPITAL,1440 N MAIN ST,SPEARFISH,SD,57783,LAWRENCE,0.985942,0.825546,0.987075,0.895671,6 out of 10,5 out of 9,6 out of 10
2026,430077,MONUMENT HEALTH RAPID CITY HOSPITAL,353 FAIRMONT BLVD,RAPID CITY,SD,57701,PENNINGTON,0.985942,0.825546,1.007860,0.983105,1 out of 10,1 out of 9,1 out of 10
2026,430095,AVERA HEART HOSPITAL OF SOUTH DAKOTA,4500 W 69TH ST,SIOUX FALLS,SD,57108,LINCOLN,0.985942,0.825546,1.019420,1.006347,0 out of 10,0 out of 9,0 out of 10
2026,430097,SANFORD MEDICAL CENTER ABERDEEN,2905 3RD AVE SE,ABERDEEN,SD,57402,BROWN,0.985942,0.825546,0.930465,0.887946,6 out of 10,4 out of 9,6 out of 10
2026,440002,JACKSON-MADISON COUNTY GENERAL HOSPITAL,620 SKYLINE DRIVE,JACKSON,TN,38301,MADISON,0.985942,0.825546,1.087658,1.079793,0 out of 10,0 out of 9,0 out of 10
2026,440003,HIGHPOINT HEALTH-SUMNER WITH ASCENSION SAINT THOMA,555 HARTSVILLE PIKE,GALLATIN,TN,37066,SUMNER,0.985942,0.825546,1.007199,0.997024,0 out of 10,0 out of 9,0 out of 10
2026,440006,TRISTAR SKYLINE MEDICAL CENTER,3441 DICKERSON PIKE,NASHVILLE,TN,37207,DAVIDSON,0.985942,0.825546,1.084182,1.091559,0 out of 10,0 out of 9,0 out of 10
2026,440007,UNITY MEDICAL CENTER,481 INTERSTATE DRIVE,MANCHESTER,TN,37355,COFFEE,0.985942,0.825546,1.022223,1.130487,0 out of 10,0 out of 9,0 out of 10
2026,440009,CUMBERLAND MEDICAL CENTER,421 S MAIN ST,CROSSVILLE,TN,38555,CUMBERLAND,0.985942,0.825546,0.980421,0.947203,3 out of 10,2 out of 9,3 out of 10
2026,440011,BLOUNT MEMORIAL HOSPITAL,907 E LAMAR ALEXANDER PARKWAY,MARYVILLE,TN,37804,BLOUNT,0.985942,0.825546,0.938694,0.957038,2 out of 10,0 out of 9,2 out of 10
2026,440012,WELLMONT BRISTOL REGIONAL MEDICAL CENTER,ONE MEDICAL PARK BLVD,BRISTOL,TN,37620,SULLIVAN,0.985942,0.825546,1.001163,1.041678,0 out of 10,0 out of 9,0 out of 10
2026,440015,"UNIVERSITY HEALTH SYSTEM, INC",1924 ALCOA HIGHWAY,KNOXVILLE,TN,37920,KNOX,0.985942,0.825546,0.966130,0.995400,0 out of 10,0 out of 9,0 out of 10
2026,440016,BAPTIST MEMORIAL HOSPITAL - CARROLL COUNTY,631 RB WILSON DR,HUNTINGDON,TN,38344,CARROLL,0.985942,0.825546,0.973321,0.972258,1 out of 10,0 out of 9,1 out of 10
2026,440017,WELLMONT HOLSTON VALLEY MEDICAL CENTER,130 WEST RAVINE ROAD,KINGSPORT,TN,37662,SULLIVAN,0.985942,0.825546,1.065203,1.101199,0 out of 10,0 out of 9,0 out of 10
2026,440018,SYCAMORE SHOALS HOSPITAL,1501 WEST ELK AVENUE,ELIZABETHTON,TN,37643,CARTER,0.985942,0.825546,1.125029,1.128558,0 out of 10,0 out of 9,0 out of 10
2026,440020,SOUTHERN TENNESSEE REGIONAL HEALTH SYSTEM PULASKI,1265 E COLLEGE ST,PULASKI,TN,38478,GILES,0.985942,0.825546,0.954734,0.979539,1 out of 10,0 out of 9,1 out of 10
2026,440029,WILLIAMSON MEDICAL CENTER,4321 CAROTHERS PARKWAY,FRANKLIN,TN,37067,WILLIAMSON,0.985942,0.825546,0.946131,1.005171,0 out of 10,0 out of 9,0 out of 10
2026,440030,MORRISTOWN HAMBLEN HOSPITAL ASSOCIATION,908 W 4TH NORTH ST,MORRISTOWN,TN,37814,HAMBLEN,0.985942,0.825546,1.023133,0.948357,3 out of 10,3 out of 9,3 out of 10
2026,440031,ROANE MEDICAL CENTER,8045 ROANE MEDICAL CENTER DRIVE,HARRIMAN,TN,37748,ROANE,0.985942,0.825546,0.906909,0.880639,6 out of 10,3 out of 9,6 out of 10
2026,440033,LAFOLLETTE MEDICAL CENTER,923 EAST CENTRAL AVENUE,LA FOLLETTE,TN,37766,CAMPBELL,0.985942,0.825546,1.082854,1.090640,0 out of 10,0 out of 9,0 out of 10
2026,440034,METHODIST MEDICAL CENTER OF OAK RIDGE,990 OAK RIDGE TURNPIKE BOX 529,OAK RIDGE,TN,37830,ANDERSON,0.985942,0.825546,0.928810,0.944175,3 out of 10,0 out of 9,3 out of 10
2026,440035,TENNOVA HEALTHCARE-CLARKSVILLE,651 DUNLOP LANE,CLARKSVILLE,TN,37040,MONTGOMERY,0.985942,0.825546,1.007588,0.996469,0 out of 10,0 out of 9,0 out of 10
2026,440039,VANDERBILT UNIVERSITY MEDICAL CENTER,1211 MEDICAL CENTER DRIVE,NASHVILLE,TN,37232,DAVIDSON,0.985942,0.825546,0.998768,0.994701,0 out of 10,0 out of 9,0 out of 10
2026,440046,TRISTAR HORIZON MEDICAL CENTER,111 HIGHWAY 70 EAST,DICKSON,TN,37055,DICKSON,0.985942,0.825546,0.982606,1.014316,0 out of 10,0 out of 9,0 out of 10
2026,440048,BAPTIST MEMORIAL HOSPITAL,6019 WALNUT GROVE ROAD,MEMPHIS,TN,38120,SHELBY,0.985942,0.825546,1.029805,1.004652,0 out of 10,1 out of 9,1 out of 10
2026,440050,GREENEVILLE COMMUNITY HOSPITAL,1420 TUSCULUM BOULEVARD,GREENEVILLE,TN,37745,GREENE,0.985942,0.825546,0.939513,0.995637,0 out of 10,0 out of 9,0 out of 10
2026,440056,TENNOVA HEALTHCARE-JEFFERSON MEMORIAL HOSPITAL,110 HOSPITAL DRIVE,JEFFERSON CITY,TN,37760,JEFFERSON,0.985942,0.825546,0.988258,0.973791,1 out of 10,0 out of 9,1 out of 10
2026,440057,CLAIBORNE MEDICAL CENTER,1850 OLD KNOXVILLE HIGHWAY,TAZEWELL,TN,37879,CLAIBORNE,0.985942,0.825546,0.953747,1.009363,0 out of 10,0 out of 9,0 out of 10
2026,440058,SOUTHERN TENNESSEE REGIONAL HEALTH SYSTEM WINCHEST,185 HOSPITAL ROAD,WINCHESTER,TN,37398,FRANKLIN,0.985942,0.825546,0.997181,1.002065,0 out of 10,0 out of 9,0 out of 10
2026,440059,COOKEVILLE REGIONAL MEDICAL CENTER,1 MEDICAL CENTER BOULEVARD,COOKEVILLE,TN,38501,PUTNAM,0.985942,0.825546,0.971411,0.979446,1 out of 10,0 out of 9,1 out of 10
2026,440061,VOLUNTEER COMMUNITY HOSPITAL,161 MOUNT PELIA RD,MARTIN,TN,38237,WEAKLEY,0.985942,0.825546,1.195952,1.132888,0 out of 10,1 out of 9,1 out of 10
2026,440063,JOHNSON CITY MEDICAL CENTER,400 N STATE OF FRANKLIN RD,JOHNSON CITY,TN,37604,WASHINGTON,0.985942,0.825546,1.058001,1.070857,0 out of 10,0 out of 9,0 out of 10
2026,440065,TRISTAR NORTHCREST MEDICAL CENTER,100 NORTHCREST DRIVE,SPRINGFIELD,TN,37172,ROBERTSON,0.985942,0.825546,1.001361,0.944301,3 out of 10,3 out of 9,3 out of 10
2026,440068,STARR REGIONAL MEDICAL CENTER ATHENS,1114 W MADISON AVE,ATHENS,TN,37371,MCMINN,0.985942,0.825546,0.926705,0.924630,4 out of 10,0 out of 9,4 out of 10
2026,440072,DYERSBURG REGIONAL MEDICAL CENTER,400 EAST TICKLE STREET,DYERSBURG,TN,38024,DYER,0.985942,0.825546,1.044549,1.129510,0 out of 10,0 out of 9,0 out of 10
2026,440073,MAURY REGIONAL HOSPITAL,1224 TROTWOOD AVE,COLUMBIA,TN,38401,MAURY,0.985942,0.825546,1.028542,1.039510,0 out of 10,0 out of 9,0 out of 10
2026,440081,LECONTE MEDICAL CENTER,742 MIDDLECREEK ROAD,SEVIERVILLE,TN,37862,SEVIER,0.985942,0.825546,0.944321,0.929922,4 out of 10,1 out of 9,4 out of 10
2026,440084,SWEETWATER HOSPITAL ASSOCIATION,304 WRIGHT ST,SWEETWATER,TN,37874,MONROE,0.985942,0.825546,1.021349,0.999984,0 out of 10,1 out of 9,1 out of 10
2026,440091,"MEMORIAL HEALTHCARE SYSTEM, INC",2525 DESALES AVE,CHATTANOOGA,TN,37404,HAMILTON,0.985942,0.825546,0.978125,1.024546,0 out of 10,0 out of 9,0 out of 10
2026,440102,LINCOLN MEDICAL CENTER,106 MEDICAL CENTER BLVD,FAYETTEVILLE,TN,37334,LINCOLN,0.985942,0.825546,1.123314,1.163821,0 out of 10,0 out of 9,0 out of 10
2026,440104,ERLANGER MEDICAL CENTER,975 E 3RD ST,CHATTANOOGA,TN,37403,HAMILTON,0.985942,0.825546,1.058415,1.051810,0 out of 10,0 out of 9,0 out of 10
2026,440109,HARDIN MEDICAL CENTER,935 WAYNE ROAD,SAVANNAH,TN,38372,HARDIN,0.985942,0.825546,0.931909,0.982457,1 out of 10,0 out of 9,1 out of 10
2026,440110,FORT LOUDOUN MEDICAL CENTER,550 FORT LOUDON MEDICAL CENTER DR,LENOIR CITY,TN,37772,LOUDON,0.985942,0.825546,0.940003,1.016566,0 out of 10,0 out of 9,0 out of 10
2026,440120,PHYSICIANS REGIONAL MEDICAL CENTER,7565 DANNAHER WAY POWELL,POWELL,TN,37849,KNOX,0.985942,0.825546,0.980261,1.038207,0 out of 10,0 out of 9,0 out of 10
2026,440125,FORT SANDERS REGIONAL MEDICAL CENTER,1901 W CLINCH AVE,KNOXVILLE,TN,37916,KNOX,0.985942,0.825546,0.967124,0.975287,1 out of 10,0 out of 9,1 out of 10
2026,440130,BAPTIST MEMORIAL HOSPITAL UNION CITY,"1201 BISHOP ST, PO BOX 310",UNION CITY,TN,38261,OBION,0.985942,0.825546,1.091252,1.159476,0 out of 10,0 out of 9,0 out of 10
2026,440131,BAPTIST MEMORIAL HOSPITAL TIPTON,1995 HIGHWAY 51 S,COVINGTON,TN,38019,TIPTON,0.985942,0.825546,0.914161,0.932446,4 out of 10,0 out of 9,4 out of 10
2026,440132,WEST TENNESSEE HEALTHCARE HENRY COUNTY HOSPITAL,301 TYSON AVENUE,PARIS,TN,38242,HENRY,0.985942,0.825546,1.017866,1.003771,0 out of 10,0 out of 9,0 out of 10
2026,440137,VANDERBILT BEDFORD HOSPITAL,2835 HWY 231 NORTH,SHELBYVILLE,TN,37160,BEDFORD,0.985942,0.825546,1.036818,0.912386,5 out of 10,5 out of 9,5 out of 10
2026,440144,VANDERBILT TULLAHOMA-HARTON HOSPITAL,1801 N JACKSON ST BOX 460,TULLAHOMA,TN,37388,COFFEE,0.985942,0.825546,0.990078,0.983948,1 out of 10,0 out of 9,1 out of 10
2026,440150,TRISTAR SUMMIT MEDICAL CENTER,5655 FRIST BLVD,HERMITAGE,TN,37076,DAVIDSON,0.985942,0.825546,0.959610,0.978185,1 out of 10,0 out of 9,1 out of 10
2026,440152,REGIONAL ONE HEALTH,877 JEFFERSON AVENUE,MEMPHIS,TN,38103,SHELBY,0.985942,0.825546,1.112004,1.116064,0 out of 10,0 out of 9,0 out of 10
2026,440153,TENNOVA HEALTHCARE - NEWPORT MEDICAL CENTER,435 2ND ST,NEWPORT,TN,37821,COCKE,0.985942,0.825546,0.945397,0.859480,8 out of 10,7 out of 9,8 out of 10
2026,440156,PARKRIDGE MEDICAL CENTER,2333 MCCALLIE AVE,CHATTANOOGA,TN,37404,HAMILTON,0.985942,0.825546,0.974883,0.974521,1 out of 10,0 out of 9,1 out of 10
2026,440161,TRISTAR CENTENNIAL MEDICAL CENTER,2300 PATTERSON STREET,NASHVILLE,TN,37203,DAVIDSON,0.985942,0.825546,0.987987,1.017844,0 out of 10,0 out of 9,0 out of 10
2026,440173,PARKWEST MEDICAL CENTER,9352 PARK WEST BLVD,KNOXVILLE,TN,37923,KNOX,0.985942,0.825546,0.950510,0.961259,2 out of 10,0 out of 9,2 out of 10
2026,440175,SOUTHERN TENNESSEE REGIONAL HEALTH SYSTEM LAWRENCE,1607 SOUTH LOCUST AVENUE,LAWRENCEBURG,TN,38464,LAWRENCE,0.985942,0.825546,1.062295,1.067229,0 out of 10,0 out of 9,0 out of 10
2026,440176,INDIAN PATH COMMUNITY HOSPITAL,2000 BROOKSIDE DR,KINGSPORT,TN,37660,SULLIVAN,0.985942,0.825546,1.030815,0.985922,1 out of 10,2 out of 9,2 out of 10
2026,440183,ST FRANCIS HOSPITAL,5959 PARK AVE,MEMPHIS,TN,38119,SHELBY,0.985942,0.825546,0.958281,1.034347,0 out of 10,0 out of 9,0 out of 10
2026,440184,FRANKLIN WOODS COMMUNITY HOSPITAL,300 MED TECH PARKWAY,JOHNSON CITY,TN,37604,WASHINGTON,0.985942,0.825546,0.950536,0.971729,1 out of 10,0 out of 9,1 out of 10
2026,440185,AFFILIATE OF VITRUVIAN HEALTH,2305 CHAMBLISS AVE NW,CLEVELAND,TN,37311,BRADLEY,0.985942,0.825546,0.976207,0.990821,0 out of 10,0 out of 9,0 out of 10
2026,440187,LIVINGSTON REGIONAL HOSPITAL,315 OAK ST BOX 550,LIVINGSTON,TN,38570,OVERTON,0.985942,0.825546,1.109111,1.082452,0 out of 10,0 out of 9,0 out of 10
2026,440193,VANDERBILT WILSON COUNTY HOSPITAL,1411 BADDOUR PARKWAY,LEBANON,TN,37087,WILSON,0.985942,0.825546,0.979100,0.958543,2 out of 10,1 out of 9,2 out of 10
2026,440194,TRISTAR HENDERSONVILLE MEDICAL CENTER,355 NEW SHACKLE ISLAND RD,HENDERSONVILLE,TN,37075,SUMNER,0.985942,0.825546,0.947796,0.945228,3 out of 10,0 out of 9,3 out of 10
2026,440197,TRISTAR SOUTHERN HILLS MEDICAL CENTER,391 WALLACE RD,NASHVILLE,TN,37211,DAVIDSON,0.985942,0.825546,1.057591,1.099720,0 out of 10,0 out of 9,0 out of 10
2026,440227,TRISTAR STONECREST MEDICAL CENTER,200 STONECREST BOULEVARD,SMYRNA,TN,37167,RUTHERFORD,0.985942,0.825546,0.995282,0.974391,1 out of 10,1 out of 9,1 out of 10
2026,450002,THE HOSPITALS OF PROVIDENCE - MEMORIAL CAMPUS,2001 N OREGON ST,EL PASO,TX,79902,EL PASO,0.985942,0.825546,0.999601,1.045940,0 out of 10,0 out of 9,0 out of 10
2026,450007,PETERSON REGIONAL MEDICAL CENTER,551 HILL COUNTRY DRIVE,KERRVILLE,TX,78028,KERR,0.985942,0.825546,0.989447,0.977491,1 out of 10,0 out of 9,1 out of 10
2026,450010,UNITED REGIONAL HEALTH CARE SYSTEM,1600 11TH STREET,WICHITA FALLS,TX,76301,WICHITA,0.985942,0.825546,1.164263,1.166452,0 out of 10,0 out of 9,0 out of 10
2026,450011,CHI ST JOSEPH HEALTH REGIONAL HOSPITAL,2801 FRANCISCAN DR,BRYAN,TX,77802,BRAZOS,0.985942,0.825546,1.064946,1.066016,0 out of 10,0 out of 9,0 out of 10
2026,450015,PARKLAND HEALTH & HOSPITAL SYSTEM,5200 HARRY HINES BLVD,DALLAS,TX,75235,DALLAS,0.985942,0.825546,0.944853,0.878201,7 out of 10,5 out of 9,7 out of 10
2026,450018,UNIVERSITY OF TEXAS MEDICAL BRANCH GALVESTON,301 UNIVERSITY BOULEVARD,GALVESTON,TX,77555,GALVESTON,0.985942,0.825546,1.005559,1.055993,0 out of 10,0 out of 9,0 out of 10
2026,450021,BAYLOR UNIVERSITY MEDICAL CENTER,3500 GASTON AVE,DALLAS,TX,75246,DALLAS,0.985942,0.825546,1.002502,1.037381,0 out of 10,0 out of 9,0 out of 10
2026,450023,CITIZENS MEDICAL CENTER,2701 HOSPITAL DRIVE,VICTORIA,TX,77901,VICTORIA,0.985942,0.825546,1.164250,1.225957,0 out of 10,0 out of 9,0 out of 10
2026,450024,UNIVERSITY MEDICAL CENTER OF EL PASO,4815 ALAMEDA AVE,EL PASO,TX,79905,EL PASO,0.985942,0.825546,1.086642,1.145207,0 out of 10,0 out of 9,0 out of 10
2026,450028,VALLEY BAPTIST MEDICAL CENTER- BROWNSVILLE,1040 W JEFFERSON ST,BROWNSVILLE,TX,78520,CAMERON,0.985942,0.825546,1.148134,1.084754,0 out of 10,1 out of 9,1 out of 10
2026,450029,LAREDO MEDICAL CENTER,1700 EAST SAUNDERS,LAREDO,TX,78044,WEBB,0.985942,0.825546,1.006198,0.977581,1 out of 10,1 out of 9,1 out of 10
2026,450032,CHRISTUS GOOD SHEPHERD MEDICAL CENTER,700 E MARSHALL AVE,LONGVIEW,TX,75601,GREGG,0.985942,0.825546,1.044707,1.014115,0 out of 10,1 out of 9,1 out of 10
2026,450033,VHS HARLINGEN HOSPITAL COMPANY LLC,2101 PEASE ST,HARLINGEN,TX,78550,CAMERON,0.985942,0.825546,1.043208,1.059920,0 out of 10,0 out of 9,0 out of 10
2026,450034,CHRISTUS SOUTHEAST TEXAS- ST ELIZABETH,2830 CALDER AVENUE,BEAUMONT,TX,77702,JEFFERSON,0.985942,0.825546,1.081834,1.088774,0 out of 10,0 out of 9,0 out of 10
2026,450035,ST JOSEPH MEDICAL CENTER,1401 ST. JOSEPH PARKWAY,HOUSTON,TX,77002,HARRIS,0.985942,0.825546,1.021030,0.975460,1 out of 10,2 out of 9,2 out of 10
2026,450039,JPS HEALTH NETWORK,1500 S MAIN ST,FORT WORTH,TX,76104,TARRANT,0.985942,0.825546,1.047986,1.027308,0 out of 10,0 out of 9,0 out of 10
2026,450040,COVENANT MEDICAL CENTER,3615 19TH STREET,LUBBOCK,TX,79410,LUBBOCK,0.985942,0.825546,1.104393,1.114955,0 out of 10,0 out of 9,0 out of 10
2026,450044,UT OF TEXAS  SOUTHWESTERN UNIVERSITY HOSPITAL - WILLIAM P. CLEMENTS JR.,6201 HARRY HINES BLVD,DALLAS,TX,75390,DALLAS,0.985942,0.825546,1.001232,0.990613,0 out of 10,0 out of 9,0 out of 10
2026,450046,CHRISTUS SPOHN HOSPITAL CORPUS CHRISTI,600 ELIZABETH STREET,CORPUS CHRISTI,TX,78404,NUECES,0.985942,0.825546,1.087517,1.086310,0 out of 10,0 out of 9,0 out of 10
2026,450051,METHODIST DALLAS MEDICAL CENTER,1441 NORTH BECKLEY AVENUE,DALLAS,TX,75203,DALLAS,0.985942,0.825546,1.018445,1.017980,0 out of 10,0 out of 9,0 out of 10
2026,450054,BAYLOR SCOTT & WHITE MEDICAL CENTER - TEMPLE,2401 S  31ST ST,TEMPLE,TX,76508,BELL,0.985942,0.825546,0.971811,0.984429,1 out of 10,0 out of 9,1 out of 10
2026,450058,BAPTIST MEDICAL CENTER,111 DALLAS STREET,SAN ANTONIO,TX,78205,BEXAR,0.985942,0.825546,1.051747,1.067541,0 out of 10,0 out of 9,0 out of 10
2026,450064,TEXAS HEALTH ARLINGTON MEMORIAL HOSPITAL,800 W RANDOL MILL RD,ARLINGTON,TX,76012,TARRANT,0.985942,0.825546,1.044559,1.069726,0 out of 10,0 out of 9,0 out of 10
2026,450068,MEMORIAL HERMANN - TEXAS MEDICAL CENTER,6411 FANNIN,HOUSTON,TX,77030,HARRIS,0.985942,0.825546,1.044298,1.036706,0 out of 10,0 out of 9,0 out of 10
2026,450072,CHI ST LUKE'S HEALTH BRAZOSPORT,100 MEDICAL DRIVE,LAKE JACKSON,TX,77566,BRAZORIA,0.985942,0.825546,1.086042,1.058425,0 out of 10,1 out of 9,1 out of 10
2026,450079,BAYLOR SCOTT & WHITE MEDICAL CENTER AT IRVING,1901 N MACARTHUR BLVD,IRVING,TX,75061,DALLAS,0.985942,0.825546,0.990712,1.006122,0 out of 10,0 out of 9,0 out of 10
2026,450080,TITUS REGIONAL MEDICAL CENTER,2001 N JEFFERSON,MOUNT PLEASANT,TX,75455,TITUS,0.985942,0.825546,1.028127,0.983782,1 out of 10,2 out of 9,2 out of 10
2026,450082,CHRISTUS SPOHN HOSPITAL BEEVILLE,1500 E HOUSTON HWY,BEEVILLE,TX,78102,BEE,0.985942,0.825546,1.006857,1.141800,0 out of 10,0 out of 9,0 out of 10
2026,450087,MEDICAL CITY NORTH HILLS,4401 BOOTH CALLOWAY ROAD,NORTH RICHLAND HILLS,TX,76180,TARRANT,0.985942,0.825546,1.064562,1.057081,0 out of 10,0 out of 9,0 out of 10
2026,450090,NORTH TEXAS MEDICAL CENTER,1900 HOSPITAL BLVD,GAINESVILLE,TX,76240,COOKE,0.985942,0.825546,1.080989,1.041449,0 out of 10,1 out of 9,1 out of 10
2026,450092,FORT DUNCAN MEDICAL CENTER,3333 N FOSTER MALDONADO BLVD,EAGLE PASS,TX,78852,MAVERICK,0.985942,0.825546,1.143971,1.157622,0 out of 10,0 out of 9,0 out of 10
2026,450097,HCA HOUSTON HEALTHCARE SOUTHEAST,4000 SPENCER HWY,PASADENA,TX,77504,HARRIS,0.985942,0.825546,1.109735,1.127118,0 out of 10,0 out of 9,0 out of 10
2026,450101,BAYLOR SCOTT & WHITE MEDICAL CENTER HILLCREST,100 HILLCREST MEDICAL BLVD,WACO,TX,76712,MCLENNAN,0.985942,0.825546,1.049933,1.030103,0 out of 10,0 out of 9,0 out of 10
2026,450102,CHRISTUS MOTHER FRANCES HOSPITAL,800 EAST DAWSON,TYLER,TX,75701,SMITH,0.985942,0.825546,1.078801,1.086299,0 out of 10,0 out of 9,0 out of 10
2026,450104,GUADALUPE REGIONAL MEDICAL CENTER,1215 E COURT ST,SEGUIN,TX,78155,GUADALUPE,0.985942,0.825546,1.099317,1.116061,0 out of 10,0 out of 9,0 out of 10
2026,450107,LAS PALMAS MEDICAL CENTER A CAMPUS OF LPDS HEALTHC,1801 NORTH OREGON STREET,EL PASO,TX,79902,EL PASO,0.985942,0.825546,1.045245,1.072857,0 out of 10,0 out of 9,0 out of 10
2026,450119,SOUTH TEXAS HEALTH SYSTEM,1102 W TRENTON ROAD,EDINBURG,TX,78539,HIDALGO,0.985942,0.825546,1.014939,1.071869,0 out of 10,0 out of 9,0 out of 10
2026,450128,KNAPP MEDICAL CENTER,1401 EAST EIGHT STREET,WESLACO,TX,78596,HIDALGO,0.985942,0.825546,0.990214,1.017570,0 out of 10,0 out of 9,0 out of 10
2026,450132,MEDICAL CENTER HOSPITAL,500 W 4TH STREET,ODESSA,TX,79761,ECTOR,0.985942,0.825546,1.131626,1.103207,0 out of 10,0 out of 9,0 out of 10
2026,450133,MIDLAND MEMORIAL HOSPITAL,400 ROSALIND REDFERN GROVER PARKWAY,MIDLAND,TX,79701,MIDLAND,0.985942,0.825546,1.072313,1.138367,0 out of 10,0 out of 9,0 out of 10
2026,450135,TEXAS HEALTH HARRIS METHODIST FORT WORTH,1301 PENNSYLVANIA AVENUE,FORT WORTH,TX,76104,TARRANT,0.985942,0.825546,1.037536,1.045420,0 out of 10,0 out of 9,0 out of 10
2026,450137,BAYLOR SCOTT AND WHITE ALL SAINTS MEDICAL CENTER,1400 EIGHTH AVE,FORT WORTH,TX,76104,TARRANT,0.985942,0.825546,1.011145,1.027795,0 out of 10,0 out of 9,0 out of 10
2026,450147,DE TAR HOSPITAL NAVARRO,506 E SAN ANTONIO ST,VICTORIA,TX,77901,VICTORIA,0.985942,0.825546,1.258388,1.148140,0 out of 10,2 out of 9,2 out of 10
2026,450148,TEXAS HEALTH HARRIS METHODIST HOSPITAL CLEBURNE,201 WALLS DRIVE,CLEBURNE,TX,76031,JOHNSON,0.985942,0.825546,1.025534,0.985555,1 out of 10,1 out of 9,1 out of 10
2026,450152,ADVENTHEALTH CENTRAL TEXAS,2201 S CLEAR CREEK ROAD,KILLEEN,TX,76542,BELL,0.985942,0.825546,1.011100,1.006655,0 out of 10,0 out of 9,0 out of 10
2026,450154,VAL VERDE REGIONAL MEDICAL CENTER,801 BEDELL AVE,DEL RIO,TX,78840,VAL VERDE,0.985942,0.825546,0.875152,0.964935,2 out of 10,0 out of 9,2 out of 10
2026,450163,CHRISTUS SPOHN HOSPITAL KLEBERG,1311 EAST GENERAL CAVAZOS BLVD,KINGSVILLE,TX,78363,KLEBERG,0.985942,0.825546,1.137410,0.998895,0 out of 10,4 out of 9,4 out of 10
2026,450165,METHODIST HOSPITAL ATASCOSA,1905 HWY 97 EAST,JOURDANTON,TX,78026,ATASCOSA,0.985942,0.825546,1.040006,0.978928,1 out of 10,2 out of 9,2 out of 10
2026,450176,MISSION REGIONAL MEDICAL CENTER,900 SOUTH BRYAN ROAD,MISSION,TX,78572,HIDALGO,0.985942,0.825546,1.018070,0.948899,3 out of 10,3 out of 9,3 out of 10
2026,450184,MEMORIAL HERMANN HOSPITAL SYSTEM,1635  NORTH LOOP WEST,HOUSTON,TX,77008,HARRIS,0.985942,0.825546,0.990300,0.998154,0 out of 10,0 out of 9,0 out of 10
2026,450193,Baylor St Lukes Medical Center,"6720 BERTNER AVE, STE MC1-266",HOUSTON,TX,77030,HARRIS,0.985942,0.825546,1.009858,1.037904,0 out of 10,0 out of 9,0 out of 10
2026,450194,UT HEALTH EAST TEXAS JACKSONVILLE HOSPITAL,501 S RAGSDALE,JACKSONVILLE,TX,75766,CHEROKEE,0.985942,0.825546,0.982510,0.927149,4 out of 10,3 out of 9,4 out of 10
2026,450196,PARIS REGIONAL MEDICAL CENTER,865 DESHONG DR,PARIS,TX,75460,LAMAR,0.985942,0.825546,1.071326,1.054477,0 out of 10,0 out of 9,0 out of 10
2026,450203,MEDICAL CITY WEATHERFORD,713 E ANDERSON ST,WEATHERFORD,TX,76086,PARKER,0.985942,0.825546,1.041386,1.085115,0 out of 10,0 out of 9,0 out of 10
2026,450211,CHI ST LUKES HEALTH MEMORIAL LUFKIN,1201 WEST FRANK STREET,LUFKIN,TX,75901,ANGELINA,0.985942,0.825546,1.017321,1.035494,0 out of 10,0 out of 9,0 out of 10
2026,450213,UNIVERSITY HEALTH SYSTEM,4502 MEDICAL DR,SAN ANTONIO,TX,78229,BEXAR,0.985942,0.825546,1.070777,1.040699,0 out of 10,1 out of 9,1 out of 10
2026,450222,HCA HOUSTON HEALTHCARE CONROE,504 MEDICAL CENTER BLVD,CONROE,TX,77304,MONTGOMERY,0.985942,0.825546,1.122262,1.135289,0 out of 10,0 out of 9,0 out of 10
2026,450229,HENDRICK MEDICAL CENTER,1900 PINE,ABILENE,TX,79601,TAYLOR,0.985942,0.825546,1.103938,1.105459,0 out of 10,0 out of 9,0 out of 10
2026,450231,BSA HOSPITAL,1600 WALLACE BLVD,AMARILLO,TX,79106,POTTER,0.985942,0.825546,1.047230,1.059159,0 out of 10,0 out of 9,0 out of 10
2026,450236,CHRISTUS MOTHER FRANCES HOSPITAL SULPHUR SPRINGS,115 AIRPORT RD,SULPHUR SPRINGS,TX,75482,HOPKINS,0.985942,0.825546,1.031511,1.027673,0 out of 10,0 out of 9,0 out of 10
2026,450237,CHRISTUS SANTA ROSA MEDICAL CENTER,2827 BABCOCK ROAD,SAN ANTONIO,TX,78229,BEXAR,0.985942,0.825546,1.075796,1.099259,0 out of 10,0 out of 9,0 out of 10
2026,450272,CHRISTUS SANTA ROSA HOSPITAL-SAN MARCOS,1301 WONDER WORLD DRIVE,SAN MARCOS,TX,78666,HAYS,0.985942,0.825546,1.123580,1.141497,0 out of 10,0 out of 9,0 out of 10
2026,450289,HARRIS HEALTH,1504 TAUB LOOP,HOUSTON,TX,77030,HARRIS,0.985942,0.825546,1.000233,0.995115,0 out of 10,0 out of 9,0 out of 10
2026,450292,TEXAS HEALTH PRESBYTERIAN HOSPITAL KAUFMAN,850 ED HALL,KAUFMAN,TX,75142,KAUFMAN,0.985942,0.825546,0.939996,0.961903,2 out of 10,0 out of 9,2 out of 10
2026,450324,TEXOMA MEDICAL CENTER,5016 S US HIGHWAY 75,DENISON,TX,75020,GRAYSON,0.985942,0.825546,1.028109,1.024952,0 out of 10,0 out of 9,0 out of 10
2026,450330,OAKBEND MEDICAL CENTER,1705 JACKSON ST,RICHMOND,TX,77469,FORT BEND,0.985942,0.825546,1.268742,1.092341,0 out of 10,3 out of 9,3 out of 10
2026,450346,BAPTIST BEAUMONT HOSPITAL,3080 COLLEGE STREET,BEAUMONT,TX,77701,JEFFERSON,0.985942,0.825546,1.024128,1.040138,0 out of 10,0 out of 9,0 out of 10
2026,450347,HUNTSVILLE MEMORIAL HOSPITAL,110 MEMORIAL HOSPITAL DRIVE,HUNTSVILLE,TX,77340,WALKER,0.985942,0.825546,1.102690,1.142937,0 out of 10,0 out of 9,0 out of 10
2026,450351,TEXAS HEALTH HARRIS METHODIST HOSPITAL STEPHENVILL,411 N BELKNAP ST,STEPHENVILLE,TX,76401,ERATH,0.985942,0.825546,0.908805,0.899279,5 out of 10,1 out of 9,5 out of 10
2026,450352,HUNT REGIONAL MEDICAL CENTER,4215 JOE RAMSEY BLVD E,GREENVILLE,TX,75401,HUNT,0.985942,0.825546,1.032623,1.054037,0 out of 10,0 out of 9,0 out of 10
2026,450358,HOUSTON METHODIST HOSPITAL,6565 FANNIN,HOUSTON,TX,77030,HARRIS,0.985942,0.825546,1.009995,0.995001,0 out of 10,0 out of 9,0 out of 10
2026,450370,COLUMBUS COMMUNITY HOSPITAL,110 SHULT DR,COLUMBUS,TX,78934,COLORADO,0.985942,0.825546,1.215539,1.314338,0 out of 10,0 out of 9,0 out of 10
2026,450372,BAYLOR SCOTT & WHITE MEDICAL CENTER- WAXAHACHIE,2400 N INTERSTATE HIGHWAY 35E,WAXAHACHIE,TX,75165,ELLIS,0.985942,0.825546,1.089298,1.110760,0 out of 10,0 out of 9,0 out of 10
2026,450379,DALLAS MEDICAL CENTER,7 MEDICAL PARKWAY,DALLAS,TX,75234,DALLAS,0.985942,0.825546,1.309333,1.043781,0 out of 10,5 out of 9,5 out of 10
2026,450388,METHODIST HOSPITAL,7700 FLOYD CURL DR,SAN ANTONIO,TX,78229,BEXAR,0.985942,0.825546,1.045656,1.055323,0 out of 10,0 out of 9,0 out of 10
2026,450389,UT HEALTH EAST TEXAS ATHENS HOSPITAL,2000 SOUTH PALESTINE ST,ATHENS,TX,75751,HENDERSON,0.985942,0.825546,0.958361,1.049252,0 out of 10,0 out of 9,0 out of 10
2026,450403,MEDICAL CENTER OF MCKINNEY,4500 MEDICAL CENTER DRIVE,MCKINNEY,TX,75069,COLLIN,0.985942,0.825546,1.086356,1.101602,0 out of 10,0 out of 9,0 out of 10
2026,450419,TEXAS HEALTH HARRIS METHODIST HOSPITAL AZLE,108 DENVER TRAIL,AZLE,TX,76020,TARRANT,0.985942,0.825546,0.958271,1.026952,0 out of 10,0 out of 9,0 out of 10
2026,450424,HOUSTON METHODIST BAYTOWN HOSPITAL,4401 GARTH ROAD,BAYTOWN,TX,77521,HARRIS,0.985942,0.825546,1.028869,1.024588,0 out of 10,0 out of 9,0 out of 10
2026,450431,ST DAVID'S MEDICAL CENTER,919 E 32ND ST,AUSTIN,TX,78705,TRAVIS,0.985942,0.825546,1.055584,1.069962,0 out of 10,0 out of 9,0 out of 10
2026,450447,NAVARRO REGIONAL HOSPITAL,3201 WEST HIGHWAY 22,CORSICANA,TX,75110,NAVARRO,0.985942,0.825546,0.985754,1.034388,0 out of 10,0 out of 9,0 out of 10
2026,450462,TEXAS HEALTH PRESBYTERIAN HOSPITAL DALLAS,8200 WALNUT HILL LANE,DALLAS,TX,75231,DALLAS,0.985942,0.825546,1.057168,1.045529,0 out of 10,0 out of 9,0 out of 10
2026,450465,MATAGORDA REGIONAL MEDICAL CENTER,104 7TH STREET,BAY CITY,TX,77414,MATAGORDA,0.985942,0.825546,1.020503,1.028432,0 out of 10,0 out of 9,0 out of 10
2026,450469,WILSON N JONES REGIONAL MEDICAL CENTER,500 N HIGHLAND AVENUE,SHERMAN,TX,75092,GRAYSON,0.985942,0.825546,1.127702,1.200844,0 out of 10,0 out of 9,0 out of 10
2026,450475,UT HEALTH EAST TEXAS HENDERSON HOSPITAL,300 WILSON STREET,HENDERSON,TX,75652,RUSK,0.985942,0.825546,1.016750,1.014291,0 out of 10,0 out of 9,0 out of 10
2026,450484,WOODLAND HEIGHTS MEDICAL CENTER,505 SOUTH JOHN REDDITT DRIVE,LUFKIN,TX,75904,ANGELINA,0.985942,0.825546,0.987337,1.014958,0 out of 10,0 out of 9,0 out of 10
2026,450518,THE MEDICAL CENTER OF SOUTHEAST TEXAS,2555 JIMMY JOHNSON BLVD,PORT ARTHUR,TX,77640,JEFFERSON,0.985942,0.825546,1.132499,1.103567,0 out of 10,0 out of 9,0 out of 10
2026,450537,METHODIST RICHARDSON MEDICAL CENTER,2831 E PRESIDENT GEORGE BUSH HIGHWAY,RICHARDSON,TX,75082,COLLIN,0.985942,0.825546,1.203338,1.183298,0 out of 10,0 out of 9,0 out of 10
2026,450539,COVENANT HOSPITAL PLAINVIEW,2601 DIMMITT RD,PLAINVIEW,TX,79072,HALE,0.985942,0.825546,0.878133,0.960993,2 out of 10,0 out of 9,2 out of 10
2026,450563,BAYLOR SCOTT & WHITE MEDICAL CENTER  GRAPEVINE,1650 W COLLEGE ST,GRAPEVINE,TX,76051,TARRANT,0.985942,0.825546,1.039369,1.048055,0 out of 10,0 out of 9,0 out of 10
2026,450565,PALO PINTO GENERAL HOSPITAL,400 SOUTHWEST 25 AVE,MINERAL WELLS,TX,76067,PALO PINTO,0.985942,0.825546,1.056067,0.939100,3 out of 10,5 out of 9,5 out of 10
2026,450571,SHANNON MEDICAL CENTER,120 E HARRIS AVE.,SAN ANGELO,TX,76903,TOM GREEN,0.985942,0.825546,1.058698,1.026253,0 out of 10,1 out of 9,1 out of 10
2026,450587,HENDRICK MEDICAL CENTER BROWNWOOD,1501 BURNET DR,BROWNWOOD,TX,76801,BROWN,0.985942,0.825546,1.140930,1.080193,0 out of 10,1 out of 9,1 out of 10
2026,450596,LAKE GRANBURY MEDICAL CENTER,1310 PALUXY RD,GRANBURY,TX,76048,HOOD,0.985942,0.825546,0.976971,0.990263,0 out of 10,0 out of 9,0 out of 10
2026,450604,HILL COUNTRY MEMORIAL HOSPITAL,1020 SOUTH STATE HIGHWAY 16,FREDERICKSBURG,TX,78624,GILLESPIE,0.985942,0.825546,0.928830,1.040814,0 out of 10,0 out of 9,0 out of 10
2026,450610,MEMORIAL HERMANN MEMORIAL CITY HOSPITAL,921 GESSNER,HOUSTON,TX,77024,HARRIS,0.985942,0.825546,1.008156,0.989484,0 out of 10,1 out of 9,1 out of 10
2026,450617,HCA HOUSTON HEALTHCARE CLEAR LAKE,500 W MEDICAL CENTER BLVD,WEBSTER,TX,77598,HARRIS,0.985942,0.825546,1.063420,1.096642,0 out of 10,0 out of 9,0 out of 10
2026,450634,MEDICAL CITY DENTON,3535 SOUTH I35 EAST,DENTON,TX,76210,DENTON,0.985942,0.825546,1.016124,1.063731,0 out of 10,0 out of 9,0 out of 10
2026,450638,HCA HOUSTON HEALTHCARE NORTHWEST,710 CYPRESS CREEK PARKWAY,HOUSTON,TX,77090,HARRIS,0.985942,0.825546,1.111903,1.115494,0 out of 10,0 out of 9,0 out of 10
2026,450639,TEXAS HEALTH HARRIS METHODIST HURST-EULESS-BEDFORD,1600 HOSPITAL PARKWAY,BEDFORD,TX,76022,TARRANT,0.985942,0.825546,1.056350,1.097316,0 out of 10,0 out of 9,0 out of 10
2026,450643,DOCTORS HOSPITAL OF LAREDO,10700 MCPHERSON ROAD,LAREDO,TX,78041,WEBB,0.985942,0.825546,0.966963,0.907443,5 out of 10,4 out of 9,5 out of 10
2026,450644,HCA HOUSTON HEALTHCARE WEST,12141 RICHMOND AVE,HOUSTON,TX,77082,HARRIS,0.985942,0.825546,1.125897,1.034958,0 out of 10,3 out of 9,3 out of 10
2026,450647,MEDICAL CITY DALLAS HOSPITAL,7777 FOREST LANE,DALLAS,TX,75230,DALLAS,0.985942,0.825546,1.018146,1.056583,0 out of 10,0 out of 9,0 out of 10
2026,450651,MEDICAL CITY PLANO,3901 W 15TH ST,PLANO,TX,75075,COLLIN,0.985942,0.825546,1.100297,1.125259,0 out of 10,0 out of 9,0 out of 10
2026,450656,NACOGDOCHES MEDICAL CENTER,4920 NE STALLINGS DRIVE,NACOGDOCHES,TX,75965,NACOGDOCHES,0.985942,0.825546,0.981990,1.005215,0 out of 10,0 out of 9,0 out of 10
2026,450659,HCA HOUSTON HEALTHCARE MEDICAL CENTER,1313 HERMANN DR,HOUSTON,TX,77004,HARRIS,0.985942,0.825546,1.005404,1.037390,0 out of 10,0 out of 9,0 out of 10
2026,450661,ODESSA REGIONAL MEDICAL CENTER,520 E 6TH STREET,ODESSA,TX,79761,ECTOR,0.985942,0.825546,1.042847,1.009022,0 out of 10,1 out of 9,1 out of 10
2026,450662,VALLEY REGIONAL MEDICAL CENTER,100 A ALTON GLOOR,BROWNSVILLE,TX,78526,CAMERON,0.985942,0.825546,1.051266,0.985118,1 out of 10,2 out of 9,2 out of 10
2026,450668,SIERRA MEDICAL CENTER,1625 MEDICAL CENTER DR,EL PASO,TX,79902,EL PASO,0.985942,0.825546,1.023830,1.078804,0 out of 10,0 out of 9,0 out of 10
2026,450669,MEDICAL CITY LEWISVILLE,500 WEST MAIN STREET,LEWISVILLE,TX,75057,DENTON,0.985942,0.825546,1.099065,1.100733,0 out of 10,0 out of 9,0 out of 10
2026,450670,HCA HOUSTON HEALTHCARE TOMBALL,605 HOLDERRIETH,TOMBALL,TX,77375,HARRIS,0.985942,0.825546,1.123637,1.106123,0 out of 10,0 out of 9,0 out of 10
2026,450672,MEDICAL CITY FORT WORTH,900 EIGHTH AVENUE,FORT WORTH,TX,76104,TARRANT,0.985942,0.825546,1.056153,1.096251,0 out of 10,0 out of 9,0 out of 10
2026,450674,"WOMANS HOSPITAL OF TEXAS,THE",7600 FANNIN,HOUSTON,TX,77054,HARRIS,0.985942,0.825546,1.012376,1.116562,0 out of 10,0 out of 9,0 out of 10
2026,450675,MEDICAL CITY ARLINGTON,3301 MATLOCK ROAD,ARLINGTON,TX,76015,TARRANT,0.985942,0.825546,1.070875,1.049358,0 out of 10,0 out of 9,0 out of 10
2026,450677,TEXAS HEALTH HUGULEY HOSPITAL FORT WORTH SOUTH,11801 SOUTH FREEWAY,FORT WORTH,TX,76115,TARRANT,0.985942,0.825546,1.015363,1.064489,0 out of 10,0 out of 9,0 out of 10
2026,450684,MEMORIAL HERMANN NORTHEAST HOSPITAL,18951 MEMORIAL NORTH,HUMBLE,TX,77338,HARRIS,0.985942,0.825546,1.002093,0.992615,0 out of 10,0 out of 9,0 out of 10
2026,450686,UNIVERSITY MEDICAL CENTER,602 INDIANA AVENUE,LUBBOCK,TX,79415,LUBBOCK,0.985942,0.825546,1.117143,1.130972,0 out of 10,0 out of 9,0 out of 10
2026,450688,DALLAS REGIONAL MEDICAL CENTER,1011 NORTH GALLOWAY AVENUE,MESQUITE,TX,75149,DALLAS,0.985942,0.825546,1.059531,1.065601,0 out of 10,0 out of 9,0 out of 10
2026,450690,THE UNIVERSITY OF TEXAS HEALTH SCIENCE CENTER AT TYLER,11937 US HIGHWAY 271,TYLER,TX,75708,SMITH,0.985942,0.825546,0.992875,1.014288,0 out of 10,0 out of 9,0 out of 10
2026,450702,LONGVIEW REGIONAL MEDICAL CENTER,2901 N FOURTH ST,LONGVIEW,TX,75605,GREGG,0.985942,0.825546,1.055087,1.059460,0 out of 10,0 out of 9,0 out of 10
2026,450709,HOUSTON METHODIST CLEAR LAKE HOSPITAL,18300 ST JOHN DRIVE,NASSAU BAY,TX,77058,HARRIS,0.985942,0.825546,1.078568,1.085357,0 out of 10,0 out of 9,0 out of 10
2026,450711,RIO GRANDE REGIONAL HOSPITAL,101 E RIDGE RD,MCALLEN,TX,78503,HIDALGO,0.985942,0.825546,0.973331,1.036051,0 out of 10,0 out of 9,0 out of 10
2026,450713,ST DAVID'S SOUTH AUSTIN MEDICAL CENTER,901 WEST BEN WHITE BLVD,AUSTIN,TX,78704,TRAVIS,0.985942,0.825546,1.043473,1.078584,0 out of 10,0 out of 9,0 out of 10
2026,450718,ROUND ROCK MEDICAL CENTER,2400 ROUND ROCK AVE,ROUND ROCK,TX,78681,WILLIAMSON,0.985942,0.825546,1.049449,1.058150,0 out of 10,0 out of 9,0 out of 10
2026,450723,METHODIST CHARLTON MEDICAL CENTER,3500 W WHEATLAND ROAD,DALLAS,TX,75237,DALLAS,0.985942,0.825546,1.111049,1.120205,0 out of 10,0 out of 9,0 out of 10
2026,450742,BAYLOR SCOTT AND WHITE MEDICAL CENTER LAKE POINTE,6800 SCENIC DR,ROWLETT,TX,75088,DALLAS,0.985942,0.825546,1.036654,1.041369,0 out of 10,0 out of 9,0 out of 10
2026,450743,TEXAS HEALTH PRESBYTERIAN HOSPITAL DENTON,3000 N I-35,DENTON,TX,76201,DENTON,0.985942,0.825546,1.071142,1.046076,0 out of 10,1 out of 9,1 out of 10
2026,450747,PALESTINE REGIONAL MEDICAL CENTER,2900 S LOOP 256,PALESTINE,TX,75801,ANDERSON,0.985942,0.825546,1.082465,1.085860,0 out of 10,0 out of 9,0 out of 10
2026,450771,TEXAS HEALTH PRESBYTERIAN HOSPITAL PLANO,6200 W PARKER RD,PLANO,TX,75093,COLLIN,0.985942,0.825546,1.081081,1.092586,0 out of 10,0 out of 9,0 out of 10
2026,450775,HCA HOUSTON HEALTHCARE KINGWOOD,22999 US HWY 59,KINGWOOD,TX,77325,HARRIS,0.985942,0.825546,1.091661,1.117250,0 out of 10,0 out of 9,0 out of 10
2026,450779,TEXAS HEALTH HARRIS METHODIST HOSPITAL SOUTHWEST F,6100 HARRIS PKWY,FORT WORTH,TX,76132,TARRANT,0.985942,0.825546,1.025191,0.996416,0 out of 10,1 out of 9,1 out of 10
2026,450788,"CORPUS CHRISTI MEDICAL CENTER,THE",3315 S ALAMEDA ST,CORPUS CHRISTI,TX,78411,NUECES,0.985942,0.825546,1.056788,1.068777,0 out of 10,0 out of 9,0 out of 10
2026,450801,CHRISTUS ST MICHAEL HEALTH SYSTEM,2600 ST MICHAEL DR,TEXARKANA,TX,75503,BOWIE,0.985942,0.825546,1.065223,1.069313,0 out of 10,0 out of 9,0 out of 10
2026,450809,NORTH AUSTIN MEDICAL CENTER,12221 MOPAC EXPRESSWAY NORTH,AUSTIN,TX,78758,TRAVIS,0.985942,0.825546,1.055171,1.025765,0 out of 10,1 out of 9,1 out of 10
2026,450820,HOUSTON METHODIST SUGARLAND HOSPITAL,16655 SOUTHWEST FREEWAY,SUGAR LAND,TX,77479,FORT BEND,0.985942,0.825546,1.026267,1.003792,0 out of 10,1 out of 9,1 out of 10
2026,450822,MEDICAL CITY LAS COLINAS,6800 N MACARTHUR BLVD,IRVING,TX,75039,DALLAS,0.985942,0.825546,1.043530,1.036479,0 out of 10,0 out of 9,0 out of 10
2026,450828,CHRISTUS SPOHN HOSPITAL ALICE,2500 E MAIN STREET,ALICE,TX,78332,JIM WELLS,0.985942,0.825546,1.058985,1.092671,0 out of 10,0 out of 9,0 out of 10
2026,450840,TEXAS HEALTH PRESBYTERIAN HOSPITAL ALLEN,1105 CENTRAL EXPRESSWAY NORTH,ALLEN,TX,75013,COLLIN,0.985942,0.825546,1.091279,1.102806,0 out of 10,0 out of 9,0 out of 10
2026,450844,HOUSTON METHODIST WILLOWBROOK HOSPITAL,18220 STATE HIGHWAY 249,HOUSTON,TX,77070,HARRIS,0.985942,0.825546,1.087540,1.116636,0 out of 10,0 out of 9,0 out of 10
2026,450847,MEMORIAL HERMANN KATY HOSPITAL,23900 KATY FREEWAY,KATY,TX,77494,FORT BEND,0.985942,0.825546,1.005061,0.992710,0 out of 10,0 out of 9,0 out of 10
2026,450848,MEMORIAL HERMANN SUGAR LAND HOSPITAL,17500 W GRAND PARKWAY SOUTH,SUGAR LAND,TX,77479,FORT BEND,0.985942,0.825546,0.929428,0.937627,3 out of 10,0 out of 9,3 out of 10
2026,450851,BAYLOR SCOTT & WHITE HEART & VASCULAR HOSPITAL - DALLAS,621 NORTH HALL STREET,DALLAS,TX,75226,DALLAS,0.985942,0.825546,0.968968,0.956567,2 out of 10,0 out of 9,2 out of 10
2026,450853,BAYLOR SCOTT & WHITE MEDICAL CENTER - FRISCO,5601 WARREN PARKWAY,FRISCO,TX,75034,COLLIN,0.985942,0.825546,1.080439,1.120502,0 out of 10,0 out of 9,0 out of 10
2026,450855,HARLINGEN MEDICAL CENTER,5501 SOUTH EXPRESSWAY 77,HARLINGEN,TX,78550,CAMERON,0.985942,0.825546,1.065280,1.009496,0 out of 10,2 out of 9,2 out of 10
2026,450862,ST LUKE'S THE WOODLANDS HOSPITAL,17200 ST LUKE'S WAY,THE WOODLANDS,TX,77384,MONTGOMERY,0.985942,0.825546,1.046060,1.052558,0 out of 10,0 out of 9,0 out of 10
2026,450869,DOCTORS HOSPTAL AT RENAISSANCE,5501 SOUTH MCCOLL,EDINBURG,TX,78539,HIDALGO,0.985942,0.825546,1.040701,1.091977,0 out of 10,0 out of 9,0 out of 10
2026,450872,USMD HOSPITAL AT ARLINGTON L P,801 W INTERSTATE 20,ARLINGTON,TX,76017,TARRANT,0.985942,0.825546,0.895882,1.028645,0 out of 10,0 out of 9,0 out of 10
2026,450876,LUBBOCK HEART HOSPITAL LP,4810 NORTH LOOP 289,LUBBOCK,TX,79416,LUBBOCK,0.985942,0.825546,1.087899,1.048437,0 out of 10,1 out of 9,1 out of 10
2026,450885,BAYLOR SCOTT &  WHITE MEDICAL CENTER - CENTENNIAL,12505 LEBANON ROAD,FRISCO,TX,75035,COLLIN,0.985942,0.825546,1.047749,1.100089,0 out of 10,0 out of 9,0 out of 10
2026,450890,BAYLOR SCOTT & WHITE MEDICAL CENTER PLANO,4700 ALLIANCE BOULEVARD,PLANO,TX,75093,COLLIN,0.985942,0.825546,1.011936,1.052590,0 out of 10,0 out of 9,0 out of 10
2026,450893,THE HEART HOSPITAL BAYLOR DENTON,2801 SOUTH MAYHILL ROAD,DENTON,TX,76208,DENTON,0.985942,0.825546,0.948081,1.007152,0 out of 10,0 out of 9,0 out of 10
2026,460001,INTERMOUNTAIN HEALTH UTAH VALLEY HOSPITAL,1034 NORTH 500 WEST,PROVO,UT,84604,UTAH,0.985942,0.825546,0.984879,0.976746,1 out of 10,0 out of 9,1 out of 10
2026,460003,HOLY CROSS HOSPITAL - SALT LAKE,1050 EAST SOUTH TEMPLE,SALT LAKE CITY,UT,84102,SALT LAKE,0.985942,0.825546,0.983110,1.063548,0 out of 10,0 out of 9,0 out of 10
2026,460004,MCKAY-DEE HOSPITAL,4401 HARRISON BOULEVARD,OGDEN,UT,84403,WEBER,0.985942,0.825546,0.945190,0.963088,2 out of 10,0 out of 9,2 out of 10
2026,460005,OGDEN REGIONAL MEDICAL CENTER,5475 SOUTH 500 EAST,OGDEN,UT,84405,WEBER,0.985942,0.825546,1.045348,1.067559,0 out of 10,0 out of 9,0 out of 10
2026,460006,LDS HOSPITAL,8TH AVENUE AND C STREET,SALT LAKE CITY,UT,84143,SALT LAKE,0.985942,0.825546,0.942047,0.982337,1 out of 10,0 out of 9,1 out of 10
2026,460007,CEDAR CITY HOSPITAL,1303 NORTH MAIN STREET,CEDAR CITY,UT,84721,IRON,0.985942,0.825546,0.876241,0.938048,3 out of 10,0 out of 9,3 out of 10
2026,460009,UNIVERSITY OF UTAH HOSPITAL AND CLINICS,50 NORTH MEDICAL DRIVE,SALT LAKE CITY,UT,84132,SALT LAKE,0.985942,0.825546,1.002618,1.007307,0 out of 10,0 out of 9,0 out of 10
2026,460010,INTERMOUNTAIN MEDICAL CENTER,5121 SOUTH COTTONWOOD STREET,MURRAY,UT,84107,SALT LAKE,0.985942,0.825546,0.964096,0.971554,1 out of 10,0 out of 9,1 out of 10
2026,460011,CASTLEVIEW HOSPITAL,300 NORTH HOSPITAL DRIVE,PRICE,UT,84501,CARBON,0.985942,0.825546,1.020404,1.009005,0 out of 10,0 out of 9,0 out of 10
2026,460013,MOUNTAIN VIEW HOSPITAL,1000 EAST 100 NORTH,PAYSON,UT,84651,UTAH,0.985942,0.825546,1.025908,1.044597,0 out of 10,0 out of 9,0 out of 10
2026,460014,MOUNTAIN WEST MEDICAL CENTER,2055 NORTH MAIN STREET,TOOELE,UT,84074,TOOELE,0.985942,0.825546,0.873390,0.913570,5 out of 10,0 out of 9,5 out of 10
2026,460015,LOGAN REGIONAL HOSPITAL,1400 NORTH 500 EAST,LOGAN,UT,84341,CACHE,0.985942,0.825546,0.890472,0.866316,7 out of 10,3 out of 9,7 out of 10
2026,460017,BRIGHAM CITY COMMUNITY HOSPITAL,950 SOUTH MEDICAL DRIVE,BRIGHAM CITY,UT,84302,BOX ELDER,0.985942,0.825546,0.933658,0.993842,0 out of 10,0 out of 9,0 out of 10
2026,460019,UINTAH BASIN MEDICAL CENTER,250 WEST 300 NORTH,ROOSEVELT,UT,84066,DUCHESNE,0.985942,0.825546,0.834001,0.836762,9 out of 10,0 out of 9,9 out of 10
2026,460021,ST. GEORGE REGIONAL HOSPITAL,1380 EAST MEDICAL CENTER DRIVE,ST GEORGE,UT,84790,WASHINGTON,0.985942,0.825546,0.936219,0.934427,3 out of 10,0 out of 9,3 out of 10
2026,460023,AMERICAN FORK HOSPITAL,170 NORTH 1100 EAST,AMERICAN FORK,UT,84003,UTAH,0.985942,0.825546,0.918083,0.884572,6 out of 10,3 out of 9,6 out of 10
2026,460026,SEVIER VALLEY HOSPITAL,1000 NORTH MAIN STREET,RICHFIELD,UT,84701,SEVIER,0.985942,0.825546,0.887012,0.895694,6 out of 10,0 out of 9,6 out of 10
2026,460030,ASHLEY REGIONAL MEDICAL CENTER,150 WEST 100 NORTH,VERNAL,UT,84078,UINTAH,0.985942,0.825546,0.742207,0.769226,10 out of 10,0 out of 9,10 out of 10
2026,460041,HOLY CROSS HOSPITAL-DAVIS,1600 WEST ANTELOPE DRIVE,LAYTON,UT,84041,DAVIS,0.985942,0.825546,1.013358,1.006294,0 out of 10,0 out of 9,0 out of 10
2026,460042,LAKEVIEW HOSPITAL,630 EAST MEDICAL DRIVE,BOUNTIFUL,UT,84010,DAVIS,0.985942,0.825546,0.923390,0.986187,0 out of 10,0 out of 9,0 out of 10
2026,460044,INTERMOUNTAIN HEALTH ALTA VIEW HOSPITAL,9660 SOUTH 1300 EAST,SANDY,UT,84094,SALT LAKE,0.985942,0.825546,0.919999,0.960327,2 out of 10,0 out of 9,2 out of 10
2026,460047,ST MARK'S HOSPITAL,1200 EAST 3900 SOUTH,SALT LAKE CITY,UT,84124,SALT LAKE,0.985942,0.825546,1.039680,1.041224,0 out of 10,0 out of 9,0 out of 10
2026,460051,HOLY CROSS HOSPITAL-JORDAN VALLEY,3580 WEST 9000 SOUTH,WEST JORDAN,UT,84088,SALT LAKE,0.985942,0.825546,1.035485,1.000447,0 out of 10,1 out of 9,1 out of 10
2026,460052,TIMPANOGOS REGIONAL HOSPITAL,750 WEST 800 NORTH,OREM,UT,84057,UTAH,0.985942,0.825546,1.037210,1.048631,0 out of 10,0 out of 9,0 out of 10
2026,460057,PARK CITY HOSPITAL,900 ROUND VALLEY DRIVE,PARK CITY,UT,84060,SUMMIT,0.985942,0.825546,0.826186,0.909246,5 out of 10,0 out of 9,5 out of 10
2026,460058,RIVERTON HOSPITAL,3741 WEST 12600 SOUTH,RIVERTON,UT,84065,SALT LAKE,0.985942,0.825546,0.967669,0.951561,2 out of 10,1 out of 9,2 out of 10
2026,460060,LONE PEAK HOSPITAL,11925 SOUTH STATE STREET,DRAPER,UT,84020,SALT LAKE,0.985942,0.825546,0.910601,0.963355,2 out of 10,0 out of 9,2 out of 10
2026,460061,INTERMOUNTAIN HEALTH LAYTON HOSPITAL,201 WEST LAYTON PARKWAY,LAYTON,UT,84041,DAVIS,0.985942,0.825546,0.921995,0.883096,6 out of 10,4 out of 9,6 out of 10
2026,460062,INTERMOUNTAIN HEALTH SPANISH FORK HOSPITAL,765 EAST MARKET PLACE DRIVE,SPANISH FORK,UT,84660,UTAH,0.985942,0.825546,0.822876,0.925153,4 out of 10,0 out of 9,4 out of 10
2026,470001,CENTRAL VERMONT MEDICAL CENTER,BOX 547,BARRE,VT,05641,WASHINGTON,0.985942,0.825546,0.875234,0.826407,9 out of 10,9 out of 9,9 out of 10
2026,470003,UNIV. OF VERMONT - FLETCHER ALLEN HEALTH CARE,111 COLCHESTER AVE,BURLINGTON,VT,05401,CHITTENDEN,0.985942,0.825546,0.974903,0.953656,2 out of 10,1 out of 9,2 out of 10
2026,470005,RUTLAND REGIONAL MEDICAL CENTER,160 ALLEN ST,RUTLAND,VT,05701,RUTLAND,0.985942,0.825546,0.974878,0.898944,5 out of 10,5 out of 9,5 out of 10
2026,470011,BRATTLEBORO MEMORIAL HOSPITAL,17 BELMONT AVE,BRATTLEBORO,VT,05301,WINDHAM,0.985942,0.825546,0.902740,0.934771,3 out of 10,0 out of 9,3 out of 10
2026,470012,SOUTHWESTERN VERMONT MEDICAL CENTER,100 HOSPITAL DRIVE,BENNINGTON,VT,05201,BENNINGTON,0.985942,0.825546,0.929434,0.928038,4 out of 10,0 out of 9,4 out of 10
2026,470024,NORTHWESTERN MEDICAL CENTER INC,133 FAIRFIELD STREET,SAINT ALBANS,VT,05478,FRANKLIN,0.985942,0.825546,0.918573,0.848352,8 out of 10,7 out of 9,8 out of 10
2026,490002,RUSSELL COUNTY HOSPITAL,58 CARROLL STREET,LEBANON,VA,24266,RUSSELL,0.985942,0.825546,0.925615,0.928912,4 out of 10,0 out of 9,4 out of 10
2026,490004,SENTARA RMH MEDICAL CENTER,2010 HEALTH CAMPUS DRIVE,HARRISONBURG,VA,22801,HARRISONBURG,0.985942,0.825546,0.918258,0.921291,4 out of 10,0 out of 9,4 out of 10
2026,490005,WINCHESTER MEDICAL CENTER,1840 AMHERST ST,WINCHESTER,VA,22601,WINCHESTER,0.985942,0.825546,0.958177,0.960144,2 out of 10,0 out of 9,2 out of 10
2026,490007,SENTARA NORFOLK GENERAL HOSPITAL,600 GRESHAM DR,NORFOLK,VA,23507,NORFOLK,0.985942,0.825546,0.961145,0.974767,1 out of 10,0 out of 9,1 out of 10
2026,490009,UNIVERSITY OF VIRGINIA MEDICAL CENTER,1215 LEE STREET,CHARLOTTESVILLE,VA,22908,CHARLOTTESVILLE,0.985942,0.825546,1.034134,1.002814,0 out of 10,1 out of 9,1 out of 10
2026,490013,SENTARA HALIFAX REGIONAL HOSPITAL,2204 WILBORN AVENUE,SOUTH BOSTON,VA,24592,HALIFAX,0.985942,0.825546,0.894744,0.837069,9 out of 10,8 out of 9,9 out of 10
2026,490017,BON SECOURS MARYVIEW MEDICAL CENTER,3636 HIGH STREET,PORTSMOUTH,VA,23707,PORTSMOUTH,0.985942,0.825546,0.961829,1.012957,0 out of 10,0 out of 9,0 out of 10
2026,490018,AUGUSTA HEALTH,78 MEDICAL CENTER DRIVE,FISHERSVILLE,VA,22939,AUGUSTA,0.985942,0.825546,0.928161,0.938534,3 out of 10,0 out of 9,3 out of 10
2026,490019,UVA HEALTH CULPEPER MEDICAL CENTER,501 SUNSET LANE,CULPEPER,VA,22701,CULPEPER,0.985942,0.825546,1.047740,1.004207,0 out of 10,1 out of 9,1 out of 10
2026,490020,JOHN RANDOLPH MEDICAL CENTER,411 WEST RANDOLPH ROAD,HOPEWELL,VA,23860,HOPEWELL,0.985942,0.825546,0.960581,1.038067,0 out of 10,0 out of 9,0 out of 10
2026,490021,CENTRA HEALTH -  LYNCHBURG GEN HOSPITAL,1901 TATE SPRINGS ROAD,LYNCHBURG,VA,24501,LYNCHBURG,0.985942,0.825546,0.993900,0.980850,1 out of 10,0 out of 9,1 out of 10
2026,490022,MARY WASHINGTON HOSPITAL,1001 SAM PERRY BOULEVARD,FREDERICKSBURG,VA,22401,FREDERICKSBURG,0.985942,0.825546,0.958246,0.958703,2 out of 10,0 out of 9,2 out of 10
2026,490023,FAUQUIER HOSPITAL,500 HOSPITAL DRIVE,WARRENTON,VA,20186,FAUQUIER,0.985942,0.825546,0.999209,1.017004,0 out of 10,0 out of 9,0 out of 10
2026,490024,CARILION MEDICAL CENTER,"1906 BELLEVIEW AVENUE, SE",ROANOKE,VA,24014,ROANOKE,0.985942,0.825546,1.008344,1.003954,0 out of 10,0 out of 9,0 out of 10
2026,490032,MEDICAL COLLEGE OF VIRGINIA HOSPITALS,1250 EAST MARSHALL STREET,RICHMOND,VA,23298,RICHMOND,0.985942,0.825546,1.008139,1.024489,0 out of 10,0 out of 9,0 out of 10
2026,490033,WARREN MEMORIAL HOSPITAL,351 VALLEY HEALTH WAY,FRONT ROYAL,VA,22630,WARREN,0.985942,0.825546,0.892291,0.864749,7 out of 10,4 out of 9,7 out of 10
2026,490037,RIVERSIDE SHORE MEMORIAL HOSPITAL,20480 MARKET STREET,ONANCOCK,VA,23417,ACCOMACK,0.985942,0.825546,0.915707,0.896467,6 out of 10,2 out of 9,6 out of 10
2026,490038,SMYTH COUNTY COMMUNITY HOSPITAL,245 MEDICAL PARK DRIVE,MARION,VA,24354,SMYTH,0.985942,0.825546,0.930977,0.945533,3 out of 10,0 out of 9,3 out of 10
2026,490040,INOVA ALEXANDRIA HOSPITAL,4320 SEMINARY RD,ALEXANDRIA,VA,22304,ALEXANDRIA,0.985942,0.825546,0.964891,0.955191,2 out of 10,0 out of 9,2 out of 10
2026,490041,MARY IMMACULATE HOSPITAL,2 BERNARDINE DRIVE,NEWPORT NEWS,VA,23602,NEWPORT NEWS,0.985942,0.825546,0.973866,1.005390,0 out of 10,0 out of 9,0 out of 10
2026,490042,CARILION NEW RIVER VALLEY MEDICAL CENTER,2900 LAMB CIRCLE,CHRISTIANSBURG,VA,24073,MONTGOMERY,0.985942,0.825546,0.936138,0.984421,1 out of 10,0 out of 9,1 out of 10
2026,490043,INOVA LOUDOUN HOSPITAL,44045 RIVERSIDE PARKWAY,LEESBURG,VA,20176,LOUDOUN,0.985942,0.825546,0.962134,1.001901,0 out of 10,0 out of 9,0 out of 10
2026,490044,SENTARA OBICI HOSPITAL,2800 GODWIN BOULEVARD,SUFFOLK,VA,23434,SUFFOLK,0.985942,0.825546,0.906542,0.892203,6 out of 10,1 out of 9,6 out of 10
2026,490045,NOVANT PRINCE WILLIAM MEDICAL CENTER,8700 SUDLEY RD,MANASSAS,VA,20110,MANASSAS,0.985942,0.825546,0.957005,1.047513,0 out of 10,0 out of 9,0 out of 10
2026,490046,SENTARA LEIGH HOSPITAL,830 KEMPSVILLE ROAD,NORFOLK,VA,23502,NORFOLK,0.985942,0.825546,0.914964,0.933513,3 out of 10,0 out of 9,3 out of 10
2026,490048,LEWISGALE MEDICAL CENTER,1900 ELECTRIC ROAD,SALEM,VA,24153,SALEM,0.985942,0.825546,1.026723,1.052243,0 out of 10,0 out of 9,0 out of 10
2026,490050,VIRGINIA HOSPITAL CENTER,1701 NORTH GEORGE MASON DRIVE,ARLINGTON,VA,22205,ARLINGTON,0.985942,0.825546,0.971320,0.980647,1 out of 10,0 out of 9,1 out of 10
2026,490052,RIVERSIDE REGIONAL MEDICAL CENTER,500 J CLYDE MORRIS BLVD,NEWPORT NEWS,VA,23601,NEWPORT NEWS,0.985942,0.825546,1.021809,1.018196,0 out of 10,0 out of 9,0 out of 10
2026,490053,JOHNSTON MEMORIAL HOSPITAL,16000 JOHNSTON MEMORIAL DRIVE,ABINGDON,VA,24211,WASHINGTON,0.985942,0.825546,0.965275,1.023033,0 out of 10,0 out of 9,0 out of 10
2026,490057,SENTARA VIRGINIA BEACH GENERAL HOSPITAL,1060 FIRST COLONIAL ROAD,VIRGINIA BEACH,VA,23454,VIRGINIA BEACH,0.985942,0.825546,0.944163,0.947340,3 out of 10,0 out of 9,3 out of 10
2026,490059,BON SECOURS ST MARYS HOSPITAL,5801 BREMO RD,RICHMOND,VA,23226,RICHMOND,0.985942,0.825546,1.036090,1.020155,0 out of 10,0 out of 9,0 out of 10
2026,490060,CLINCH VALLEY MEDICAL CENTER,6801 Governor GC Perry Highway,RICHLANDS,VA,24641,TAZEWELL,0.985942,0.825546,0.932299,0.941461,3 out of 10,0 out of 9,3 out of 10
2026,490063,INOVA FAIRFAX HOSPITAL,3300 GALLOWS ROAD,FALLS CHURCH,VA,22042,FAIRFAX,0.985942,0.825546,0.992262,1.003947,0 out of 10,0 out of 9,0 out of 10
2026,490066,SENTARA WILLIAMSBURG REGIONAL MEDICAL CENTER,100 SENTARA CIRCLE,WILLIAMSBURG,VA,23185,JAMES CITY,0.985942,0.825546,0.927421,0.926749,4 out of 10,0 out of 9,4 out of 10
2026,490067,BON SECOURS SOUTHSIDE MEDICAL CENTER,200 MEDICAL PARK BOULEVARD,PETERSBURG,VA,23805,PETERSBURG,0.985942,0.825546,1.060580,1.115245,0 out of 10,0 out of 9,0 out of 10
2026,490069,BON SECOURS MEMORIAL REGIONAL MEDICAL CENTER,8260 ATLEE ROAD,MECHANICSVILLE,VA,23116,HANOVER,0.985942,0.825546,0.992360,1.013743,0 out of 10,0 out of 9,0 out of 10
2026,490075,SOVAH HEALTH DANVILLE,142 SOUTH MAIN STREET,DANVILLE,VA,24541,DANVILLE,0.985942,0.825546,1.002949,1.005774,0 out of 10,0 out of 9,0 out of 10
2026,490077,SENTARA MARTHA JEFFERSON HOSPITAL,500 MARTHA JEFFERSON DRIVE,CHARLOTTESVILLE,VA,22911,ALBEMARLE,0.985942,0.825546,0.910235,0.915967,4 out of 10,0 out of 9,4 out of 10
2026,490084,VCU HEALTH TAPPAHANNOCK HOSPITAL,618 HOSPITAL ROAD,TAPPAHANNOCK,VA,22560,ESSEX,0.985942,0.825546,0.874598,0.941153,3 out of 10,0 out of 9,3 out of 10
2026,490088,CENTRA BEDFORD MEMORIAL HOSPITAL,1613 OAKWOOD STREET,BEDFORD,VA,24523,BEDFORD,0.985942,0.825546,0.965114,0.920397,4 out of 10,3 out of 9,4 out of 10
2026,490089,CARILION FRANKLIN MEMORIAL HOSPITAL,180 FLOYD AVENUE,ROCKY MOUNT,VA,24151,FRANKLIN,0.985942,0.825546,0.870429,0.891026,6 out of 10,0 out of 9,6 out of 10
2026,490090,"SOUTHSIDE COMMUNITY HOSPITAL, INC",800 OAK STREET,FARMVILLE,VA,23901,PRINCE EDWARD,0.985942,0.825546,1.013764,1.022544,0 out of 10,0 out of 9,0 out of 10
2026,490092,BON SECOURS SOUTHAMPTON MEMORIAL HOSPITAL,100 FAIRVIEW DRIVE - PO BOX 817,FRANKLIN,VA,23851,FRANKLIN,0.985942,0.825546,0.861642,0.836459,9 out of 10,6 out of 9,9 out of 10
2026,490093,SENTARA CAREPLEX HOSPITAL,3000 COLISEUM DRIVE,HAMPTON,VA,23666,HAMPTON,0.985942,0.825546,0.929629,0.946923,3 out of 10,0 out of 9,3 out of 10
2026,490097,BON SECOURS SOUTHERN VIRGINIA MEDICAL CENTER,727 NORTH MAIN STREET,EMPORIA,VA,23847,GREENSVILLE,0.985942,0.825546,0.955519,0.962802,2 out of 10,0 out of 9,2 out of 10
2026,490098,COMMUNITY MEMORIAL HOSPITAL,1755 NORTH MECKLENBURG AVENUE,SOUTH HILL,VA,23970,MECKLENBURG,0.985942,0.825546,0.961309,0.957265,2 out of 10,0 out of 9,2 out of 10
2026,490101,INOVA FAIR OAKS HOSPITAL,3600 JOSEPH SIEWICK DRIVE,FAIRFAX,VA,22033,FAIRFAX,0.985942,0.825546,0.956039,0.929654,4 out of 10,2 out of 9,4 out of 10
2026,490107,RESTON HOSPITAL CENTER,1850 TOWN CENTER PARKWAY,RESTON,VA,20190,FAIRFAX,0.985942,0.825546,1.028174,1.037020,0 out of 10,0 out of 9,0 out of 10
2026,490110,LEWISGALE HOSPITAL MONTGOMERY,3700 SOUTH MAIN STREET,BLACKSBURG,VA,24060,MONTGOMERY,0.985942,0.825546,0.945287,0.938294,3 out of 10,0 out of 9,3 out of 10
2026,490111,WYTHE COUNTY COMMUNITY HOSPITAL,600 WEST RIDGE ROAD,WYTHEVILLE,VA,24382,WYTHE,0.985942,0.825546,0.984857,0.917522,4 out of 10,4 out of 9,4 out of 10
2026,490112,CJW MEDICAL CENTER,7101 JAHNKE ROAD,RICHMOND,VA,23225,RICHMOND,0.985942,0.825546,1.004752,1.024837,0 out of 10,0 out of 9,0 out of 10
2026,490113,SENTARA NORTHERN VIRGINIA MEDICAL CENTER,2300 OPITZ BOULEVARD,WOODBRIDGE,VA,22191,PRINCE WILLIAM,0.985942,0.825546,0.955815,0.952228,2 out of 10,0 out of 9,2 out of 10
2026,490114,LONESOME PINE HOSPITAL,1990 HOLTON AVENUE EAST,BIG STONE GAP,VA,24219,WISE,0.985942,0.825546,0.955785,0.991007,0 out of 10,0 out of 9,0 out of 10
2026,490115,TWIN COUNTY REGIONAL HOSPITAL,200 HOSPITAL DRIVE,GALAX,VA,24333,GALAX,0.985942,0.825546,0.958030,0.932739,3 out of 10,1 out of 9,3 out of 10
2026,490116,LEWISGALE HOSPITAL PULASKI,2400 LEE HIGHWAY,PULASKI,VA,24301,PULASKI,0.985942,0.825546,0.967935,1.014777,0 out of 10,0 out of 9,0 out of 10
2026,490118,HENRICO DOCTORS' HOSPITAL,1602 SKIPWITH ROAD,RICHMOND,VA,23229,HENRICO,0.985942,0.825546,1.015138,1.066499,0 out of 10,0 out of 9,0 out of 10
2026,490119,SENTARA PRINCESS ANNE HOSPITAL,2025 GLENN MITCHELL DRIVE,VIRGINIA BEACH,VA,23456,VIRGINIA BEACH,0.985942,0.825546,0.890002,0.894596,6 out of 10,0 out of 9,6 out of 10
2026,490120,CHESAPEAKE GENERAL HOSPITAL,"736 BATTLEFIELD BLVD, NORTH",CHESAPEAKE,VA,23320,CHESAPEAKE,0.985942,0.825546,0.939597,0.949028,3 out of 10,0 out of 9,3 out of 10
2026,490122,INOVA MOUNT VERNON HOSPITAL,2501 PARKERS LANE,ALEXANDRIA,VA,22306,FAIRFAX,0.985942,0.825546,1.037773,0.982254,1 out of 10,2 out of 9,2 out of 10
2026,490126,LEWISGALE HOSPITAL ALLEGHANY,ONE ARH LANE - PO BOX 7,LOW MOOR,VA,24457,ALLEGHANY,0.985942,0.825546,0.949031,0.982564,1 out of 10,0 out of 9,1 out of 10
2026,490127,BUCHANAN GENERAL HOSPITAL,1535 SLATE CREEK ROAD,GRUNDY,VA,24614,BUCHANAN,0.985942,0.825546,0.939026,0.828438,9 out of 10,9 out of 9,9 out of 10
2026,490130,RIVERSIDE WALTER REED HOSPITAL,7519 HOSPITAL ROAD,GLOUCESTER,VA,23061,GLOUCESTER,0.985942,0.825546,0.885183,0.891409,6 out of 10,0 out of 9,6 out of 10
2026,490136,BON SECOURS ST FRANCIS MEDICAL CENTER,13710 ST FRANCIS BOULEVARD,MIDLOTHIAN,VA,23114,CHESTERFIELD,0.985942,0.825546,0.982283,0.983424,1 out of 10,0 out of 9,1 out of 10
2026,490140,"STAFFORD HOSPITAL, LLC",101 HOSPITAL CENTER BOULEVARD,STAFFORD,VA,22554,STAFFORD,0.985942,0.825546,0.948010,0.874644,7 out of 10,5 out of 9,7 out of 10
2026,490141,SPOTSYLVANIA REGIONAL MEDICAL CENTER,4600 SPOTSYLVANIA PARKWAY,FREDERICKSBURG,VA,22408,SPOTSYLVANIA,0.985942,0.825546,1.000354,0.983525,1 out of 10,0 out of 9,1 out of 10
2026,490143,RIVERSIDE DOCTORS' HOSPITAL OF WILLIAMSBURG,1500 COMMONWEALTH AVENUE,WILLIAMSBURG,VA,23185,JAMES CITY,0.985942,0.825546,0.889094,0.945361,3 out of 10,0 out of 9,3 out of 10
2026,490144,UVA HEALTH HAYMARKET MEDICAL CENTER,15225 HEALTHCOTE BOULEVARD,HAYMARKET,VA,20169,PRINCE WILLIAM,0.985942,0.825546,0.968673,0.968415,1 out of 10,0 out of 9,1 out of 10
2026,490145,STONESPRINGS HOSPITAL CENTER,24440 STONE SPRINGS BOULEVARD,DULLES,VA,20166,LOUDOUN,0.985942,0.825546,0.988920,0.940618,3 out of 10,2 out of 9,3 out of 10
2026,500002,PROVIDENCE ST MARY MEDICAL CENTER,401 W POPLAR ST,WALLA WALLA,WA,99362,WALLA WALLA,0.985942,0.825546,0.894980,0.952612,2 out of 10,0 out of 9,2 out of 10
2026,500003,SKAGIT VALLEY HOSPITAL,1415 KINCAID STREET,MOUNT VERNON,WA,98274,SKAGIT,0.985942,0.825546,0.914511,0.898045,5 out of 10,1 out of 9,5 out of 10
2026,500005,VIRGINIA MASON MEDICAL CENTER,925 SENECA ST,SEATTLE,WA,98101,KING,0.985942,0.825546,0.989318,0.956520,2 out of 10,2 out of 9,2 out of 10
2026,500007,ISLAND HOSPITAL,1211  24TH STREET,ANACORTES,WA,98221,SKAGIT,0.985942,0.825546,0.876921,0.882531,6 out of 10,0 out of 9,6 out of 10
2026,500008,UNIVERSITY OF WASHINGTON MEDICAL CTR,1959 NE PACIFIC ST  BOX 356151,SEATTLE,WA,98195,KING,0.985942,0.825546,0.960666,0.952409,2 out of 10,0 out of 9,2 out of 10
2026,500011,HIGHLINE MEDICAL CENTER,16251 SYLVESTER ROAD SW,BURIEN,WA,98166,KING,0.985942,0.825546,0.940737,0.927523,4 out of 10,1 out of 9,4 out of 10
2026,500014,PROVIDENCE REGIONAL MEDICAL CENTER EVERETT,1321 COLBY AVENUE,EVERETT,WA,98201,SNOHOMISH,0.985942,0.825546,0.921336,0.931103,4 out of 10,0 out of 9,4 out of 10
2026,500015,MULTICARE AUBURN MEDICAL CENTER,202 NORTH DIVISION STREET PLAZA ONE,AUBURN,WA,98001,KING,0.985942,0.825546,0.927862,0.936629,3 out of 10,0 out of 9,3 out of 10
2026,500016,CONFLUENCE HEALTH HOSPITAL,1201 S MILLER STREET,WENATCHEE,WA,98807,CHELAN,0.985942,0.825546,0.936980,0.914011,5 out of 10,2 out of 9,5 out of 10
2026,500019,PROVIDENCE CENTRALIA HOSPITAL,914 S SCHEUBER ROAD,CENTRALIA,WA,98531,LEWIS,0.985942,0.825546,0.878252,0.898955,5 out of 10,0 out of 9,5 out of 10
2026,500021,ST CLARE HOSPITAL,11315 BRIDGEPORT WAY S W,LAKEWOOD,WA,98499,PIERCE,0.985942,0.825546,0.914021,0.930532,4 out of 10,0 out of 9,4 out of 10
2026,500024,PROVIDENCE ST PETER HOSPITAL,413 LILLY ROAD NE,OLYMPIA,WA,98506,THURSTON,0.985942,0.825546,0.909636,0.928707,4 out of 10,0 out of 9,4 out of 10
2026,500025,SWEDISH MEDICAL CENTER / CHERRY HILL,500 17TH AVENUE,SEATTLE,WA,98122,KING,0.985942,0.825546,0.996288,0.989156,0 out of 10,0 out of 9,0 out of 10
2026,500026,SWEDISH EDMONDS HOSPITAL,21601 76TH AVENUE WEST,EDMONDS,WA,98026,SNOHOMISH,0.985942,0.825546,0.910387,0.919609,4 out of 10,0 out of 9,4 out of 10
2026,500027,SWEDISH MEDICAL CENTER,747 BROADWAY,SEATTLE,WA,98122,KING,0.985942,0.825546,0.949964,0.932916,3 out of 10,1 out of 9,3 out of 10
2026,500030,ST JOSEPH HOSPITAL,2901 SQUALICUM PARKWAY,BELLINGHAM,WA,98225,WHATCOM,0.985942,0.825546,0.941941,0.942507,3 out of 10,0 out of 9,3 out of 10
2026,500031,GRAYS HARBOR COMMUNITY HOSPITAL,915 ANDERSON DRIVE,ABERDEEN,WA,98520,GRAYS HARBOR,0.985942,0.825546,0.928512,0.941548,3 out of 10,0 out of 9,3 out of 10
2026,500033,SAMARITAN HOSPITAL,801 EAST WHEELER ROAD,MOSES LAKE,WA,98837,GRANT,0.985942,0.825546,0.947753,0.906947,5 out of 10,3 out of 9,5 out of 10
2026,500036,YAKIMA VALLEY MEMORIAL,2811 TIETON DRIVE,YAKIMA,WA,98902,YAKIMA,0.985942,0.825546,0.924832,0.912774,5 out of 10,1 out of 9,5 out of 10
2026,500039,HARRISON MEDICAL CENTER,1800 NW MYHRE RD,SILVERDALE,WA,98383,KITSAP,0.985942,0.825546,0.967162,0.946358,3 out of 10,1 out of 9,3 out of 10
2026,500041,PEACEHEALTH ST JOHN MEDICAL CENTER,1615 DELAWARE STREET,LONGVIEW,WA,98632,COWLITZ,0.985942,0.825546,0.886493,0.866083,7 out of 10,3 out of 9,7 out of 10
2026,500044,DEACONESS MEDICAL CENTER,W 800 FIFTH AVENUE,SPOKANE,WA,99210,SPOKANE,0.985942,0.825546,0.945711,0.966827,2 out of 10,0 out of 9,2 out of 10
2026,500050,PEACEHEALTH SOUTHWEST MEDICAL CENTER,400 NE MOTHER JOSEPH PLACE,VANCOUVER,WA,98664,CLARK,0.985942,0.825546,0.899225,0.879906,6 out of 10,2 out of 9,6 out of 10
2026,500051,OVERLAKE HOSPITAL MEDICAL CENTER,1035-116TH AVE NE,BELLEVUE,WA,98004,KING,0.985942,0.825546,0.919796,0.905860,5 out of 10,1 out of 9,5 out of 10
2026,500053,TRIOS HEALTH,3780 PLAZA WAY,KENNEWICK,WA,99338,BENTON,0.985942,0.825546,0.949688,0.952525,2 out of 10,0 out of 9,2 out of 10
2026,500054,PROV SACRED HRT MED CTR & CHILDS HOSP.,101 WEST 8TH AVENUE,SPOKANE,WA,99220,SPOKANE,0.985942,0.825546,0.982545,0.991200,0 out of 10,0 out of 9,0 out of 10
2026,500058,KADLEC REGIONAL MEDICAL CENTER,888 SWIFT BLVD,RICHLAND,WA,99352,BENTON,0.985942,0.825546,0.927774,0.935470,3 out of 10,0 out of 9,3 out of 10
2026,500060,CASCADE VALLEY HOSPITAL,330 S STILLAGUAMISH AVE,ARLINGTON,WA,98223,SNOHOMISH,0.985942,0.825546,0.892219,0.833506,9 out of 10,8 out of 9,9 out of 10
2026,500064,HARBORVIEW MEDICAL CENTER,325 9TH AVENUE,SEATTLE,WA,98104,KING,0.985942,0.825546,1.058858,1.017999,0 out of 10,1 out of 9,1 out of 10
2026,500072,OLYMPIC MEDICAL CENTER,939 CAROLINE ST,PORT ANGELES,WA,98362,CLALLAM,0.985942,0.825546,0.895986,0.896400,6 out of 10,0 out of 9,6 out of 10
2026,500077,PROVIDENCE HOLY FAMILY HOSPITAL,5633 NORTH LIDGERWOOD,SPOKANE,WA,99208,SPOKANE,0.985942,0.825546,0.914771,0.928388,4 out of 10,0 out of 9,4 out of 10
2026,500079,MULTICARE GOOD SAMARITAN HOSPITAL,401 15TH AVENUE SE,PUYALLUP,WA,98372,PIERCE,0.985942,0.825546,0.899675,0.904193,5 out of 10,0 out of 9,5 out of 10
2026,500084,EVERGREENHEALTH MONROE,14701 179TH AVE SE,MONROE,WA,98272,SNOHOMISH,0.985942,0.825546,0.971992,0.831571,9 out of 10,9 out of 9,9 out of 10
2026,500088,VALLEY MEDICAL CENTER,400 S 43RD ST,RENTON,WA,98055,KING,0.985942,0.825546,0.929627,0.935748,3 out of 10,0 out of 9,3 out of 10
2026,500119,MULTICARE VALLEY HOSPITAL,12606 EAST MISSION AVENUE,SPOKANE VALLEY,WA,99216,SPOKANE,0.985942,0.825546,0.915970,0.905944,5 out of 10,1 out of 9,5 out of 10
2026,500124,EVERGREENHEALTH MEDICAL CENTER,12040 NE 128TH STREET,KIRKLAND,WA,98034,KING,0.985942,0.825546,0.963649,0.949827,3 out of 10,1 out of 9,3 out of 10
2026,500129,TACOMA GENERAL ALLENMORE HOSPITAL,315 S MLK JR WAY,TACOMA,WA,98405,PIERCE,0.985942,0.825546,0.927952,0.918228,4 out of 10,0 out of 9,4 out of 10
2026,500139,CAPITAL MEDICAL CENTER,3900 CAPITAL MALL DR SW,OLYMPIA,WA,98502,THURSTON,0.985942,0.825546,0.910990,0.882758,6 out of 10,3 out of 9,6 out of 10
2026,500141,ST FRANCIS COMMUNITY HOSPITAL,34515 9TH AVENUE SOUTH,FEDERAL WAY,WA,98003,KING,0.985942,0.825546,0.937303,0.947630,3 out of 10,0 out of 9,3 out of 10
2026,500150,LEGACY SALMON CREEK MEDICAL CENTER,2211 NE 139TH STREET,VANCOUVER,WA,98686,CLARK,0.985942,0.825546,0.834473,0.847663,8 out of 10,0 out of 9,8 out of 10
2026,500151,ST ANTHONY HOSPITAL,11567 CANTERWOOD BOULEVARD NW,GIG HARBOR,WA,98332,PIERCE,0.985942,0.825546,0.914439,0.913071,5 out of 10,0 out of 9,5 out of 10
2026,500152,SWEDISH ISSAQUAH,751 NE BLAKELY DR,ISSAQUAH,WA,98029,KING,0.985942,0.825546,0.974260,0.943391,3 out of 10,2 out of 9,3 out of 10
2026,500154,MULTICARE COVINGTON MEDICAL CENTER,17700 SE 272ND ST,COVINGTON,WA,98042,KING,0.985942,0.825546,0.864883,0.846574,8 out of 10,4 out of 9,8 out of 10
2026,510001,"WEST VIRGINIA UNIVERSITY HOSPITALS, INC",MEDICAL CENTER DRIVE,MORGANTOWN,WV,26506,MONONGALIA,0.985942,0.825546,1.053598,1.023607,0 out of 10,1 out of 9,1 out of 10
2026,510002,"CAMC GREENBRIER VALLEY MEDICAL CENTER, INC",1320 MAPLEWOOD AVENUE,RONCEVERTE,WV,24970,GREENBRIER,0.985942,0.825546,0.948643,0.905783,5 out of 10,3 out of 9,5 out of 10
2026,510006,"UNITED HOSPITAL CENTER, INC",327 MEDICAL PARK DRIVE,BRIDGEPORT,WV,26330,HARRISON,0.985942,0.825546,0.977451,0.962518,2 out of 10,0 out of 9,2 out of 10
2026,510007,ST MARYS MEDICAL CENTER,2900 1ST AVENUE,HUNTINGTON,WV,25702,CABELL,0.985942,0.825546,1.042006,0.983706,1 out of 10,2 out of 9,2 out of 10
2026,510008,BERKELEY MEDICAL CENTER,2500 HOSPITAL DRIVE,MARTINSBURG,WV,25401,BERKELEY,0.985942,0.825546,0.922256,0.905534,5 out of 10,1 out of 9,5 out of 10
2026,510012,RIVERS HEALTH,2520 VALLEY DRIVE,POINT PLEASANT,WV,25550,MASON,0.985942,0.825546,0.995706,0.966254,2 out of 10,1 out of 9,2 out of 10
2026,510013,REYNOLDS MEMORIAL HOSPITAL,800 WHEELING AVE,GLEN DALE,WV,26038,MARSHALL,0.985942,0.825546,0.980938,0.947184,3 out of 10,2 out of 9,3 out of 10
2026,510022,CHARLESTON AREA MEDICAL CENTER,501 MORRIS STREET,CHARLESTON,WV,25301,KANAWHA,0.985942,0.825546,1.006445,0.992808,0 out of 10,0 out of 9,0 out of 10
2026,510023,"WEIRTON MEDICAL CENTER, INC",601 COLLIERS WAY,WEIRTON,WV,26062,HANCOCK,0.985942,0.825546,0.982834,1.002582,0 out of 10,0 out of 9,0 out of 10
2026,510024,MON HEALTH MEDICAL CENTER,1200 JD ANDERSON DRIVE,MORGANTOWN,WV,26505,MONONGALIA,0.985942,0.825546,1.087110,1.071436,0 out of 10,0 out of 9,0 out of 10
2026,510029,THOMAS MEMORIAL HOSPITAL,4605 MACCORKLE AVENUE SW,SOUTH CHARLESTON,WV,25309,KANAWHA,0.985942,0.825546,0.991026,0.960712,2 out of 10,1 out of 9,2 out of 10
2026,510030,DAVIS MEDICAL CENTER,812 GORMAN AVENUE,ELKINS,WV,26241,RANDOLPH,0.985942,0.825546,0.975357,0.955302,2 out of 10,1 out of 9,2 out of 10
2026,510038,STONEWALL JACKSON MEMORIAL HOSPITAL,230 HOSPITAL PLAZA,WESTON,WV,26452,LEWIS,0.985942,0.825546,1.018996,1.013852,0 out of 10,0 out of 9,0 out of 10
2026,510046,PRINCETON COMMUNITY HOSPITAL ASSN INC,122 12TH STREET,PRINCETON,WV,24740,MERCER,0.985942,0.825546,1.068873,1.047601,0 out of 10,0 out of 9,0 out of 10
2026,510048,LOGAN REGIONAL MEDICAL CENTER,20 HOSPITAL DRIVE,LOGAN,WV,25601,LOGAN,0.985942,0.825546,0.980413,0.940062,3 out of 10,2 out of 9,3 out of 10
2026,510050,"WHEELING HOSPITAL, INC",1 MEDICAL PARK,WHEELING,WV,26003,OHIO,0.985942,0.825546,1.050095,0.984696,1 out of 10,2 out of 9,2 out of 10
2026,510055,"CABELL HUNTINGTON HOSPITAL, INC",1340 HAL GREER BOULEVARD,HUNTINGTON,WV,25701,CABELL,0.985942,0.825546,1.048876,1.065443,0 out of 10,0 out of 9,0 out of 10
2026,510058,CAMDEN CLARK MEDICAL CENTER,800 GARFIELD AVE,PARKERSBURG,WV,26101,WOOD,0.985942,0.825546,1.010574,0.984961,1 out of 10,1 out of 9,1 out of 10
2026,510070,RALEIGH GENERAL HOSPITAL,1710 HARPER ROAD,BECKLEY,WV,25801,RALEIGH,0.985942,0.825546,1.009264,1.017074,0 out of 10,0 out of 9,0 out of 10
2026,510072,WETZEL COUNTY HOSPITAL,#3 EAST BENJAMIN DRIVE,NEW MARTINSVILLE,WV,26155,WETZEL,0.985942,0.825546,0.963675,0.945736,3 out of 10,1 out of 9,3 out of 10
2026,520002,"ASPIRUS STEVENS POINT HOSPITAL & CLINICS, INC.",900 ILLINOIS AVE,STEVENS POINT,WI,54481,PORTAGE,0.985942,0.825546,0.866472,0.872736,7 out of 10,0 out of 9,7 out of 10
2026,520004,MAYO CLINIC HEALTH SYSTEM-FRANCISCAN MEDICAL CENTER INC,700 WEST AVENUE SOUTH,LA CROSSE,WI,54601,LA CROSSE,0.985942,0.825546,0.941302,0.869304,7 out of 10,6 out of 9,7 out of 10
2026,520008,WAUKESHA MEMORIAL HOSPITAL,725 AMERICAN AVE,WAUKESHA,WI,53188,WAUKESHA,0.985942,0.825546,1.028850,1.060557,0 out of 10,0 out of 9,0 out of 10
2026,520011,MARSHFIELD MEDICAL CENTER - RICE LAKE,1700 WEST STOUT STREET,RICE LAKE,WI,54868,BARRON,0.985942,0.825546,0.962162,0.809291,10 out of 10,9 out of 9,10 out of 10
2026,520019,ASPIRUS RHINELANDER HOSPITAL,2251 NORTH SHORE DR,RHINELANDER,WI,54501,ONEIDA,0.985942,0.825546,0.934999,0.885505,6 out of 10,4 out of 9,6 out of 10
2026,520021,FROEDTERT SOUTH INC.,6308 EIGHTH AVE,KENOSHA,WI,53143,KENOSHA,0.985942,0.825546,1.001459,0.979882,1 out of 10,1 out of 9,1 out of 10
2026,520028,THE MONROE CLINIC,515 22ND AVE,MONROE,WI,53566,GREEN,0.985942,0.825546,0.882496,0.856547,8 out of 10,4 out of 9,8 out of 10
2026,520030,ASPIRUS WAUSAU HOSPITAL,333 PINE RIDGE BLVD,WAUSAU,WI,54401,MARATHON,0.985942,0.825546,0.955700,0.932326,4 out of 10,1 out of 9,4 out of 10
2026,520033,ASPIRUS RIVERVIEW HOSPITAL & CLINICS INC,410 DEWEY ST,WISCONSIN RAPIDS,WI,54494,WOOD,0.985942,0.825546,0.912294,0.885393,6 out of 10,3 out of 9,6 out of 10
2026,520034,AURORA MEDICAL CTR MANITOWOC COUNTY,5000 MEMORIAL DRIVE,TWO RIVERS,WI,54241,MANITOWOC,0.985942,0.825546,0.857171,0.835285,9 out of 10,6 out of 9,9 out of 10
2026,520035,AURORA MEDICAL CENTER SHEBOYGAN COUNTY,2629 N 7TH ST,SHEBOYGAN,WI,53083,SHEBOYGAN,0.985942,0.825546,0.902883,0.829271,9 out of 10,9 out of 9,9 out of 10
2026,520037,MARSHFIELD MEDICAL CENTER,611 ST JOSEPH AVE,MARSHFIELD,WI,54449,WOOD,0.985942,0.825546,0.987373,0.957984,2 out of 10,1 out of 9,2 out of 10
2026,520038,AURORA MEDICAL CTR WASHINGTON COUNTY,1032 E SUMNER ST,HARTFORD,WI,53027,WASHINGTON,0.985942,0.825546,0.829067,0.838027,9 out of 10,0 out of 9,9 out of 10
2026,520041,ASPIRUS DIVINE SAVIOR HOSPITAL,2817 NEW PINERY ROAD,PORTAGE,WI,53901,COLUMBIA,0.985942,0.825546,0.864923,0.802490,10 out of 10,9 out of 9,10 out of 10
2026,520044,ST NICHOLAS HOSPITAL,3100 SUPERIOR AVE,SHEBOYGAN,WI,53081,SHEBOYGAN,0.985942,0.825546,0.993500,0.860316,8 out of 10,7 out of 9,8 out of 10
2026,520045,THEDACARE REGIONAL MED CTR - NEENAH,130 2ND ST,NEENAH,WI,54956,WINNEBAGO,0.985942,0.825546,0.903515,0.947796,3 out of 10,0 out of 9,3 out of 10
2026,520049,BELLIN MEMORIAL HOSPITAL,744 S WEBSTER AVE,GREEN BAY,WI,54301,BROWN,0.985942,0.825546,0.952038,0.933545,3 out of 10,1 out of 9,3 out of 10
2026,520057,SSM HEALTH ST CLARE HOSPITAL - BARABOO,707 14TH ST,BARABOO,WI,53913,SAUK,0.985942,0.825546,0.849472,0.825874,9 out of 10,9 out of 9,9 out of 10
2026,520059,AURORA MEMORIAL HOSPITAL BURLINGTON,252 MCHENRY ST,BURLINGTON,WI,53105,RACINE,0.985942,0.825546,0.924703,0.867177,7 out of 10,5 out of 9,7 out of 10
2026,520062,OCONOMOWOC MEMORIAL HOSPITAL,791 E SUMMIT AVE,OCONOMOWOC,WI,53066,WAUKESHA,0.985942,0.825546,1.047793,1.045991,0 out of 10,0 out of 9,0 out of 10
2026,520063,ST JOSEPHS COMMUNITY HOSPITAL WEST BEND,3200 PLEASANT VALLEY ROAD,WEST BEND,WI,53095,WASHINGTON,0.985942,0.825546,0.934817,0.910999,5 out of 10,2 out of 9,5 out of 10
2026,520066,MERCY HEALTH SYSTEM CORP,1000 MINERAL POINT AVE,JANESVILLE,WI,53547,ROCK,0.985942,0.825546,0.967954,0.908813,5 out of 10,4 out of 9,5 out of 10
2026,520070,MAYO CLINIC HEALTH SYSTEM EAU CLAIRE HOSPITAL,1221 WHIPPLE ST,EAU CLAIRE,WI,54703,EAU CLAIRE,0.985942,0.825546,0.963533,0.949459,3 out of 10,1 out of 9,3 out of 10
2026,520071,FORT MEMORIAL HOSPITAL,611 SHERMAN AVE E,FORT ATKINSON,WI,53538,JEFFERSON,0.985942,0.825546,0.900192,0.911541,5 out of 10,0 out of 9,5 out of 10
2026,520075,ST VINCENT HOSPITAL,835 S VAN BUREN ST,GREEN BAY,WI,54301,BROWN,0.985942,0.825546,0.985681,0.981012,1 out of 10,0 out of 9,1 out of 10
2026,520076,MARSHFIELD MEDICAL CENTER - BEAVER DAM (MMC-BD),707 S UNIVERSITY AVE,BEAVER DAM,WI,53916,DODGE,0.985942,0.825546,0.828377,0.862603,7 out of 10,0 out of 9,7 out of 10
2026,520083,SSM HEALTH ST MARY'S HOSPITAL - MADISON,700 SOUTH PARK ST,MADISON,WI,53715,DANE,0.985942,0.825546,0.940412,0.928795,4 out of 10,1 out of 9,4 out of 10
2026,520087,GUNDERSEN LUTHERAN MEDICAL CENTER,1910 SOUTH AVE,LA CROSSE,WI,54601,LA CROSSE,0.985942,0.825546,0.991041,1.050051,0 out of 10,0 out of 9,0 out of 10
2026,520088,SSM HEALTH ST AGNES HOSPITAL-FOND DU LAC,430 E DIVISION ST,FOND DU LAC,WI,54935,FOND DU LAC,0.985942,0.825546,0.906102,0.881869,6 out of 10,3 out of 9,6 out of 10
2026,520089,UNITYPOINT HEALTH - MERITER,202 S PARK ST,MADISON,WI,53715,DANE,0.985942,0.825546,0.962290,0.910812,5 out of 10,3 out of 9,5 out of 10
2026,520091,HOWARD YOUNG MEDICAL CENTER,240 MAPLE ST,WOODRUFF,WI,54568,VILAS,0.985942,0.825546,0.861760,0.912425,5 out of 10,0 out of 9,5 out of 10
2026,520095,SAUK PRAIRIE HOSPITAL,260 26TH STREET,PRAIRIE DU SAC,WI,53578,SAUK,0.985942,0.825546,0.863058,0.849507,8 out of 10,3 out of 9,8 out of 10
2026,520097,ST MARYS HOSPITAL MEDICAL CTR,1726 SHAWANO AVE,GREEN BAY,WI,54303,BROWN,0.985942,0.825546,0.953075,1.007823,0 out of 10,0 out of 9,0 out of 10
2026,520098,UNIVERSITY OF WI  HOSPITALS & CLINICS AUTHORITY,600 HIGHLAND AVENUE,MADISON,WI,53792,DANE,0.985942,0.825546,0.965113,0.933599,3 out of 10,2 out of 9,3 out of 10
2026,520100,BELOIT HEALTH SYSTEM,1969 W HART RD,BELOIT,WI,53511,ROCK,0.985942,0.825546,0.930209,0.942105,3 out of 10,0 out of 9,3 out of 10
2026,520102,AURORA LAKELAND MEDICAL CENTER,W3985 COUNTY ROAD NN,ELKHORN,WI,53121,WALWORTH,0.985942,0.825546,0.957365,0.850778,8 out of 10,8 out of 9,8 out of 10
2026,520103,COMMUNITY MEMORIAL HOSPITAL,W180 N8085 TOWN HALL RD,MENOMONEE FALLS,WI,53051,WAUKESHA,0.985942,0.825546,0.926315,0.907918,5 out of 10,1 out of 9,5 out of 10
2026,520107,HOLY FAMILY MEMORIAL,2300 WESTERN AVE,MANITOWOC,WI,54221,MANITOWOC,0.985942,0.825546,0.857770,0.847158,8 out of 10,3 out of 9,8 out of 10
2026,520109,MILE BLUFF MEDICAL CENTER,1050 DIVISION ST,MAUSTON,WI,53948,JUNEAU,0.985942,0.825546,0.845893,0.747384,10 out of 10,9 out of 9,10 out of 10
2026,520113,AURORA MEDICAL CENTER BAY AREA,3003 UNIVERSITY DR,MARINETTE,WI,54143,MARINETTE,0.985942,0.825546,0.849852,0.819503,10 out of 10,9 out of 9,10 out of 10
2026,520116,WATERTOWN MEMORIAL HOSPITAL,125 HOSPITAL DRIVE,WATERTOWN,WI,53098,DODGE,0.985942,0.825546,0.927513,0.944106,3 out of 10,0 out of 9,3 out of 10
2026,520138,AURORA ST LUKES MEDICAL CENTER,2900 W OKLAHOMA AVE,MILWAUKEE,WI,53215,MILWAUKEE,0.985942,0.825546,0.972610,0.974191,1 out of 10,0 out of 9,1 out of 10
2026,520139,WEST ALLIS MEMORIAL HOSPITAL,8901 W LINCOLN AVE,WEST ALLIS,WI,53227,MILWAUKEE,0.985942,0.825546,0.939957,0.901408,5 out of 10,3 out of 9,5 out of 10
2026,520160,THEDACARE REGIONAL MEDICAL CENTER - APPLETON INC,1818 N MEADE ST,APPLETON,WI,54911,OUTAGAMIE,0.985942,0.825546,0.919821,0.915519,4 out of 10,0 out of 9,4 out of 10
2026,520177,FROEDTERT MEMORIAL LUTHERAN HOSPITAL,9200 W WISCONSIN AVE,MILWAUKEE,WI,53226,MILWAUKEE,0.985942,0.825546,0.968011,0.951133,2 out of 10,1 out of 9,2 out of 10
2026,520189,AURORA MEDICAL CENTER KENOSHA,10400 75TH ST,KENOSHA,WI,53142,KENOSHA,0.985942,0.825546,0.912651,0.943292,3 out of 10,0 out of 9,3 out of 10
2026,520193,AURORA BAYCARE MEDICAL CTR,2845 GREENBRIER RD,GREEN BAY,WI,54313,BROWN,0.985942,0.825546,0.932839,0.938202,3 out of 10,0 out of 9,3 out of 10
2026,520198,AURORA MEDICAL CTR OSHKOSH,855 N WESTHAVEN DRIVE,OSHKOSH,WI,54904,WINNEBAGO,0.985942,0.825546,0.877530,0.812642,10 out of 10,9 out of 9,10 out of 10
2026,520202,MARSHFIELD MEDICAL CENTER - WESTON,3400 MINISTRY PARKWAY,WESTON,WI,54476,MARATHON,0.985942,0.825546,0.981535,0.913726,5 out of 10,4 out of 9,5 out of 10
2026,520206,AURORA MEDICAL CENTER - SUMMIT,36500 AURORA DRIVE,SUMMIT,WI,53066,WAUKESHA,0.985942,0.825546,0.970532,0.904394,5 out of 10,4 out of 9,5 out of 10
2026,520207,AURORA MEDICAL CENTER,975 PORT WASHINGTON ROAD,GRAFTON,WI,53024,OZAUKEE,0.985942,0.825546,0.913268,0.851624,8 out of 10,7 out of 9,8 out of 10
2026,520208,SSM HEALTH ST MARY'S HOSPITAL - JANESVILLE,3400 EAST RACINE STREET,JANESVILLE,WI,53546,ROCK,0.985942,0.825546,0.956759,0.907212,5 out of 10,3 out of 9,5 out of 10
2026,520210,MARSHFIELD MEDICAL CENTER - EAU CLAIRE,2310 CRAIG RD,EAU CLAIRE,WI,54701,EAU CLAIRE,0.985942,0.825546,0.954080,0.926923,4 out of 10,2 out of 9,4 out of 10
2026,520212,MARSHFIELD MEDICAL CENTER - MINOCQUA,9576 HIGHWAY 70,MINOCQUA,WI,54548,ONEIDA,0.985942,0.825546,0.868032,0.903860,5 out of 10,0 out of 9,5 out of 10
2026,530002,CAMPBELL COUNTY HEALTH,501 SOUTH BURMA AVENUE,GILLETTE,WY,82716,CAMPBELL,0.985942,0.825546,0.937541,0.917444,4 out of 10,1 out of 9,4 out of 10
2026,530006,SHERIDAN MEMORIAL HOSPITAL,1401 W 5TH ST,SHERIDAN,WY,82801,SHERIDAN,0.985942,0.825546,0.946430,0.912970,5 out of 10,2 out of 9,5 out of 10
2026,530008,SAGEWEST HEALTH CARE,2100 W SUNSET DR,RIVERTON,WY,82501,FREMONT,0.985942,0.825546,0.919572,0.932529,3 out of 10,0 out of 9,3 out of 10
2026,530012,BANNER WYOMING MEDICAL CENTER,1233 EAST 2ND ST,CASPER,WY,82601,NATRONA,0.985942,0.825546,1.065764,1.034113,0 out of 10,1 out of 9,1 out of 10
2026,530014,CHEYENNE REGIONAL MEDICAL CENTER,214 EAST 23RD STREET,CHEYENNE,WY,82001,LARAMIE,0.985942,0.825546,0.979253,0.995681,0 out of 10,0 out of 9,0 out of 10
2026,530015,ST JOHNS MEDICAL CENTER,po box 428,JACKSON,WY,83001,TETON,0.985942,0.825546,0.938740,0.830745,9 out of 10,9 out of 9,9 out of 10
2026,670023,METHODIST MANSFIELD MEDICAL CENTER,2700 E BROAD STREET,MANSFIELD,TX,76063,TARRANT,0.985942,0.825546,1.120197,1.146461,0 out of 10,0 out of 9,0 out of 10
2026,670025,BAYLOR SCOTT & WHITE THE HEART HOSPITAL PLANO,1100 ALLIED DRIVE,PLANO,TX,75093,COLLIN,0.985942,0.825546,1.002559,0.988946,0 out of 10,0 out of 9,0 out of 10
2026,670031,ST LUKE'S PATIENTS MEDICAL CENTER,4600 EAST SAM HOUSTON PARKWAY SOUTH,PASADENA,TX,77505,HARRIS,0.985942,0.825546,1.061868,0.999767,0 out of 10,2 out of 9,2 out of 10
2026,670034,BAYLOR SCOTT & WHITE MEDICAL CENTER - ROUND ROCK,300 UNIVERSITY BLVD,ROUND ROCK,TX,78664,WILLIAMSON,0.985942,0.825546,1.022911,0.971878,1 out of 10,2 out of 9,2 out of 10
2026,670043,CEDAR PARK REGIONAL MEDICAL CENTER,1401 MEDICAL PARKWAY,CEDAR PARK,TX,78613,WILLIAMSON,0.985942,0.825546,0.993235,0.973033,1 out of 10,1 out of 9,1 out of 10
2026,670044,TEXAS HEALTH PRESBYTERIAN HOSPITAL ROCKWALL,3150 HORIZON ROAD,ROCKWALL,TX,75032,ROCKWALL,0.985942,0.825546,1.035983,0.971964,1 out of 10,3 out of 9,3 out of 10
2026,670047,THE HOSPITALS OF PROVIDENCE - EAST CAMPUS,3280 JOE BATTLE BLVD,EL PASO,TX,79938,EL PASO,0.985942,0.825546,0.920818,1.050444,0 out of 10,0 out of 9,0 out of 10
2026,670053,ST LUKE'S SUGAR LAND HOSPITAL,1317 LAKE POINTE PARKWAY,SUGAR LAND,TX,77478,FORT BEND,0.985942,0.825546,1.129067,1.137894,0 out of 10,0 out of 9,0 out of 10
2026,670055,METHODIST HOSPITAL  STONE OAK,"1139 E SONTERRA BLVD,",SAN ANTONIO,TX,78258,BEXAR,0.985942,0.825546,1.089567,1.053166,0 out of 10,1 out of 9,1 out of 10
2026,670068,TEXAS HEALTH PRESBYTERIAN HOSPITAL FLOWER MOUND,4400 LONG PRAIRIE ROAD,FLOWER MOUND,TX,75028,DENTON,0.985942,0.825546,1.043789,1.057550,0 out of 10,0 out of 9,0 out of 10
2026,670071,TEXAS HEALTH HEART & VASCULAR HOSPITAL ARLINGTON,811 WRIGHT STREET,ARLINGTON,TX,76012,TARRANT,0.985942,0.825546,1.054379,1.024975,0 out of 10,1 out of 9,1 out of 10
2026,670075,ST LUKE'S HOSPITAL AT THE VINTAGE,20171 CHASEWOOD PARK DRIVE,HOUSTON,TX,77070,HARRIS,0.985942,0.825546,1.120289,1.106840,0 out of 10,0 out of 9,0 out of 10
2026,670077,HOUSTON METHODIST WEST HOSPITAL,18500 KATY FREEWAY,HOUSTON,TX,77094,HARRIS,0.985942,0.825546,1.041003,1.026211,0 out of 10,0 out of 9,0 out of 10
2026,670078,BAPTIST NEIGHBORHOOD HOSPITAL THOUSAND OAKS,16088 SAN PEDRO,SAN ANTONIO,TX,78232,BEXAR,0.985942,0.825546,0.758026,0.777534,10 out of 10,0 out of 9,10 out of 10
2026,670080,SETON MEDICAL CENTER HARKER HEIGHTS,850 W CENTRAL TEXAS EXPRESSWAY,HARKER HEIGHTS,TX,76548,BELL,0.985942,0.825546,1.005276,0.996063,0 out of 10,0 out of 9,0 out of 10
2026,670082,BAYLOR SCOTT AND WHITE  MEDICAL CENTER  MCKINNEY,5252 WEST UNIVERSITY DRIVE,MC KINNEY,TX,75071,COLLIN,0.985942,0.825546,1.034092,1.078968,0 out of 10,0 out of 9,0 out of 10
2026,670085,TEXAS HEALTH HARRIS METHODIST HOSPITAL ALLIANCE,10864 TEXAS HEALTH TRAIL,FORT WORTH,TX,76244,TARRANT,0.985942,0.825546,1.052087,1.071902,0 out of 10,0 out of 9,0 out of 10
2026,670088,BAYLOR SCOTT & WHITE MEDICAL CENTER- COLLEGE STATI,700 SCOTT & WHITE DRIVE,COLLEGE STATION,TX,77845,BRAZOS,0.985942,0.825546,0.982201,0.978379,1 out of 10,0 out of 9,1 out of 10
2026,670098,RESOLUTE HEALTH HOSPITAL,"555 CREEKSIDE XING,",NEW BRAUNFELS,TX,78130,COMAL,0.985942,0.825546,1.098845,1.108667,0 out of 10,0 out of 9,0 out of 10
2026,670103,MEDICAL CITY ALLIANCE,3101 NORTH TARRANT PARKWAY,FORT WORTH,TX,76177,TARRANT,0.985942,0.825546,0.998105,0.997602,0 out of 10,0 out of 9,0 out of 10
2026,670106,HCA HOUSTON HEALTHCARE PEARLAND,11100 SHADOW CREEK PARKWAY,PEARLAND,TX,77584,BRAZORIA,0.985942,0.825546,1.114302,1.034912,0 out of 10,2 out of 9,2 out of 10
2026,670108,BAYLOR SCOTT & WHITE MEDICAL CENTER - MARBLE FALLS,810 W HIGHWAY 71,MARBLE FALLS,TX,78654,BURNET,0.985942,0.825546,1.000866,0.983917,1 out of 10,0 out of 9,1 out of 10
2026,670120,THE HOSPITALS OF PROVIDENCE TRANSMOUNTAIN CAMPUS,2000 TRANSMOUNTAIN RD,EL PASO,TX,79911,EL PASO,0.985942,0.825546,1.004435,0.987843,0 out of 10,0 out of 9,0 out of 10
2026,670122,HOUSTON METHODIST THE WOODLANDS HOSPITAL,17201 INTERSTATE 45 SOUTH,THE WOODLANDS,TX,77385,MONTGOMERY,0.985942,0.825546,1.019930,1.021052,0 out of 10,0 out of 9,0 out of 10
2026,670128,BAYLOR SCOTT & WHITE MEDICAL CENTER PFLUGERVILLE,2600 EAST  PFLUGERVILLE  PARKWAY,PFLUGERVILLE,TX,78660,TRAVIS,0.985942,0.825546,0.985567,1.101242,0 out of 10,0 out of 9,0 out of 10
2026,670260,TEXAS HEALTH HOSPITAL FRISCO,12400 N DALLAS PARKWAY,FRISCO,TX,75033,DENTON,0.985942,0.825546,1.026202,1.080780,0 out of 10,0 out of 9,0 out of 10
2026,670300,METHODIST MIDLOTHIAN MEDICAL CENTER,1201 E HIGHWAY 287,MIDLOTHIAN,TX,76065,ELLIS,0.985942,0.825546,1.166331,1.119690,0 out of 10,1 out of 9,1 out of 10
2026,670309,TEXAS HEALTH HOSPITAL MANSFIELD,2300 LONE STAR ROAD,MANSFIELD,TX,76063,TARRANT,0.985942,0.825546,0.975871,1.102327,0 out of 10,0 out of 9,0 out of 10
