fiscal_year,facility_id,facility_name,address,city_town,state,zip_code,county_parish,unweighted_normalized_clinical_outcomes_domain_score,weighted_normalized_clinical_outcomes_domain_score,unweighted_person_and_community_engagement_domain_score,weighted_person_and_community_engagement_domain_score,unweighted_normalized_safety_domain_score,weighted_safety_domain_score,unweighted_normalized_efficiency_and_cost_reduction_domain_score,weighted_efficiency_and_cost_reduction_domain_score,total_performance_score
2026,010001,SOUTHEAST HEALTH MEDICAL CENTER,1108 ROSS CLARK CIRCLE,DOTHAN,AL,36301,HOUSTON,24.000000000000,6.000000000000,43.000000000000,10.750000000000,51.666666666667,12.916666666667,10.000000000000,2.500000000000,32.166666666667
2026,010005,MARSHALL MEDICAL CENTERS,2505 U S HIGHWAY 431 NORTH,BOAZ,AL,35957,MARSHALL,5.000000000000,1.250000000000,37.000000000000,9.250000000000,31.666666666667,7.916666666667,10.000000000000,2.500000000000,20.916666666667
2026,010006,NORTH ALABAMA MEDICAL CENTER,1701 VETERANS DRIVE,FLORENCE,AL,35630,LAUDERDALE,3.333333333333,0.833333333333,15.000000000000,3.750000000000,85.000000000000,21.250000000000,0.000000000000,0.000000000000,25.833333333333
2026,010012,DEKALB REGIONAL MEDICAL CENTER,200 MED CENTER DRIVE,FORT PAYNE,AL,35968,DEKALB,4.000000000000,1.000000000000,45.000000000000,11.250000000000,43.333333333333,10.833333333333,30.000000000000,7.500000000000,30.583333333333
2026,010016,SHELBY BAPTIST MEDICAL CENTER,1000 FIRST STREET NORTH,ALABASTER,AL,35007,SHELBY,18.333333333333,4.583333333333,19.000000000000,4.750000000000,43.333333333333,10.833333333333,10.000000000000,2.500000000000,22.666666666667
2026,010019,HELEN KELLER HOSPITAL,1300 SOUTH MONTGOMERY AVENUE,SHEFFIELD,AL,35660,COLBERT,0.000000000000,0.000000000000,65.000000000000,16.250000000000,68.333333333333,17.083333333333,0.000000000000,0.000000000000,33.333333333333
2026,010023,BAPTIST MEDICAL CENTER SOUTH,2105 EAST SOUTH BOULEVARD,MONTGOMERY,AL,36116,MONTGOMERY,25.000000000000,6.250000000000,43.000000000000,10.750000000000,28.333333333333,7.083333333333,20.000000000000,5.000000000000,29.083333333333
2026,010024,JACKSON HOSPITAL & CLINIC INC,1725 PINE STREET,MONTGOMERY,AL,36106,MONTGOMERY,34.000000000000,8.500000000000,28.000000000000,7.000000000000,41.666666666667,10.416666666667,20.000000000000,5.000000000000,30.916666666667
2026,010029,THE EAST ALABAMA HEALTHCARE AUTHORITY,2000 PEPPERELL PARKWAY,OPELIKA,AL,36801,LEE,6.666666666667,1.666666666667,48.000000000000,12.000000000000,25.000000000000,6.250000000000,30.000000000000,7.500000000000,27.416666666667
2026,010033,UNIVERSITY OF ALABAMA HOSPITAL,619 SOUTH 19TH STREET,BIRMINGHAM,AL,35233,JEFFERSON,28.333333333333,7.083333333333,50.000000000000,12.500000000000,26.666666666667,6.666666666667,10.000000000000,2.500000000000,28.750000000000
2026,010035,CULLMAN REGIONAL MEDICAL CENTER,1912 ALABAMA HIGHWAY 157,CULLMAN,AL,35058,CULLMAN,10.000000000000,2.500000000000,30.000000000000,7.500000000000,41.666666666667,10.416666666667,10.000000000000,2.500000000000,22.916666666667
2026,010036,ANDALUSIA HEALTH,849 SOUTH THREE NOTCH STREET,ANDALUSIA,AL,36420,COVINGTON,2.500000000000,0.625000000000,38.000000000000,9.500000000000,65.000000000000,16.250000000000,20.000000000000,5.000000000000,31.375000000000
2026,010039,HUNTSVILLE HOSPITAL,101 SIVLEY RD,HUNTSVILLE,AL,35801,MADISON,18.333333333333,4.583333333333,38.000000000000,9.500000000000,16.666666666667,4.166666666667,0.000000000000,0.000000000000,18.250000000000
2026,010040,GADSDEN REGIONAL MEDICAL CENTER,1007 GOODYEAR AVENUE,GADSDEN,AL,35903,ETOWAH,23.333333333333,5.833333333333,27.000000000000,6.750000000000,48.333333333333,12.083333333333,0.000000000000,0.000000000000,24.666666666667
2026,010045,FAYETTE MEDICAL CENTER,1653 TEMPLE AVENUE NORTH,FAYETTE,AL,35555,FAYETTE,3.333333333333,0.833333333333,94.000000000000,23.500000000000,10.000000000000,2.500000000000,30.000000000000,7.500000000000,34.333333333333
2026,010046,RIVERVIEW REGIONAL MEDICAL CENTER,600 SOUTH THIRD STREET,GADSDEN,AL,35901,ETOWAH,10.000000000000,2.500000000000,39.000000000000,9.750000000000,62.000000000000,15.500000000000,0.000000000000,0.000000000000,27.750000000000
2026,010049,MEDICAL CENTER ENTERPRISE,400 N EDWARDS STREET,ENTERPRISE,AL,36330,COFFEE,0.000000000000,0.000000000000,54.000000000000,13.500000000000,65.000000000000,16.250000000000,40.000000000000,10.000000000000,39.750000000000
2026,010055,FLOWERS HOSPITAL,4370 WEST MAIN STREET,DOTHAN,AL,36302,HOUSTON,5.000000000000,1.250000000000,47.000000000000,11.750000000000,78.333333333333,19.583333333333,0.000000000000,0.000000000000,32.583333333333
2026,010061,HIGHLANDS MEDICAL CENTER,380 WOODS COVE ROAD,SCOTTSBORO,AL,35768,JACKSON,0.000000000000,0.000000000000,54.000000000000,13.500000000000,50.000000000000,12.500000000000,50.000000000000,12.500000000000,38.500000000000
2026,010065,RUSSELL MEDICAL CENTER,3316 HIGHWAY 280,ALEXANDER CITY,AL,35010,TALLAPOOSA,8.000000000000,2.000000000000,31.000000000000,7.750000000000,33.333333333333,8.333333333333,30.000000000000,7.500000000000,25.583333333333
2026,010078,NORTHEAST ALABAMA REGIONAL MEDICAL CENTER,400 EAST 10TH STREET,ANNISTON,AL,36207,CALHOUN,12.000000000000,3.000000000000,10.000000000000,2.500000000000,48.333333333333,12.083333333333,10.000000000000,2.500000000000,20.083333333333
2026,010079,ATHENS LIMESTONE HOSPITAL,700 WEST MARKET STREET,ATHENS,AL,35611,LIMESTONE,27.500000000000,6.875000000000,68.000000000000,17.000000000000,36.000000000000,9.000000000000,0.000000000000,0.000000000000,32.875000000000
2026,010083,BALDWIN HEALTH,1613 NORTH MCKENZIE STREET,FOLEY,AL,36535,BALDWIN,14.000000000000,3.500000000000,49.000000000000,12.250000000000,76.666666666667,19.166666666667,10.000000000000,2.500000000000,37.416666666667
2026,010085,DECATUR MORGAN HOSPITAL - DECATUR CAMPUS,1201 7TH STREET SE,DECATUR,AL,35601,MORGAN,14.000000000000,3.500000000000,30.000000000000,7.500000000000,65.000000000000,16.250000000000,0.000000000000,0.000000000000,27.250000000000
2026,010087,USA HEALTH UNIVERSITY HOSPITAL,2451 FILLINGIM STREET,MOBILE,AL,36617,MOBILE,23.333333333333,5.833333333333,33.000000000000,8.250000000000,11.666666666667,2.916666666667,10.000000000000,2.500000000000,19.500000000000
2026,010089,WALKER BAPTIST MEDICAL CENTER,3400 HIGHWAY 78 EAST,JASPER,AL,35502,WALKER,33.333333333333,8.333333333333,19.000000000000,4.750000000000,51.666666666667,12.916666666667,20.000000000000,5.000000000000,31.000000000000
2026,010092,DCH REGIONAL MEDICAL CENTER,809 UNIVERSITY BOULEVARD EAST,TUSCALOOSA,AL,35401,TUSCALOOSA,0.000000000000,0.000000000000,33.000000000000,8.250000000000,25.000000000000,6.250000000000,20.000000000000,5.000000000000,19.500000000000
2026,010099,D W MCMILLAN MEMORIAL HOSPITAL,1301 BELLEVILLE AVENUE,BREWTON,AL,36426,ESCAMBIA,5.000000000000,1.250000000000,19.000000000000,4.750000000000,5.000000000000,1.250000000000,40.000000000000,10.000000000000,17.250000000000
2026,010100,THOMAS HOSPITAL,750 MORPHY AVENUE,FAIRHOPE,AL,36532,BALDWIN,6.666666666667,1.666666666667,47.000000000000,11.750000000000,26.666666666667,6.666666666667,40.000000000000,10.000000000000,30.083333333333
2026,010101,CITIZENS BAPTIST MEDICAL CENTER,604 STONE AVENUE,TALLADEGA,AL,35160,TALLADEGA,25.000000000000,6.250000000000,65.000000000000,16.250000000000,30.000000000000,7.500000000000,10.000000000000,2.500000000000,32.500000000000
2026,010103,PRINCETON BAPTIST MEDICAL CENTER,701 PRINCETON AVENUE SOUTHWEST,BIRMINGHAM,AL,35211,JEFFERSON,21.666666666667,5.416666666667,24.000000000000,6.000000000000,33.333333333333,8.333333333333,0.000000000000,0.000000000000,19.750000000000
2026,010104,GRANDVIEW MEDICAL CENTER,3690 GRANDVIEW PARKWAY,BIRMINGHAM,AL,35243,JEFFERSON,1.666666666667,0.416666666667,31.000000000000,7.750000000000,51.666666666667,12.916666666667,0.000000000000,0.000000000000,21.083333333333
2026,010108,PRATTVILLE BAPTIST HOSPITAL,124 S MEMORIAL DR,PRATTVILLE,AL,36067,AUTAUGA,10.000000000000,2.500000000000,48.000000000000,12.000000000000,13.333333333333,3.333333333333,50.000000000000,12.500000000000,30.333333333333
2026,010112,WHITFIELD REGIONAL HOSPITAL,105 HIGHWAY 80 EAST,DEMOPOLIS,AL,36732,MARENGO,5.000000000000,1.250000000000,39.000000000000,9.750000000000,0.000000000000,0.000000000000,90.000000000000,22.500000000000,33.500000000000
2026,010113,MOBILE INFIRMARY MEDICAL CENTER,5 MOBILE INFIRMARY CIRCLE,MOBILE,AL,36607,MOBILE,15.000000000000,3.750000000000,23.000000000000,5.750000000000,31.666666666667,7.916666666667,10.000000000000,2.500000000000,19.916666666667
2026,010114,"MEDICAL WEST, AN AFFILIATE OF UAB HEALTH SYSTEM",995 9TH AVENUE SOUTHWEST,BESSEMER,AL,35022,JEFFERSON,16.666666666667,4.166666666667,27.000000000000,6.750000000000,28.333333333333,7.083333333333,0.000000000000,0.000000000000,18.000000000000
2026,010118,VAUGHAN REGIONAL MEDICAL CENTER PARKWAY CAMPUS,1015 MEDICAL CENTER PARKWAY,SELMA,AL,36701,DALLAS,23.333333333333,5.833333333333,10.000000000000,2.500000000000,56.666666666667,14.166666666667,30.000000000000,7.500000000000,30.000000000000
2026,010120,MONROE COUNTY HOSPITAL,2016 SOUTH ALABAMA AVENUE,MONROEVILLE,AL,36460,MONROE,0.000000000000,0.000000000000,Not Available,Not Available,10.000000000000,3.333333333333,30.000000000000,10.000000000000,13.333333333333
2026,010125,LAKELAND COMMUNITY HOSPITAL,42024 HIGHWAY 195 E,HALEYVILLE,AL,35565,WINSTON,6.666666666667,2.222222222222,73.000000000000,24.333333333333,Not Available,Not Available,10.000000000000,3.333333333333,29.888888888889
2026,010126,TROY REGIONAL MEDICAL CENTER,1330 HIGHWAY 231 SOUTH,TROY,AL,36081,PIKE,15.000000000000,5.000000000000,81.000000000000,27.000000000000,Not Available,Not Available,30.000000000000,10.000000000000,42.000000000000
2026,010129,NORTH BALDWIN INFIRMARY,1815 HAND AVENUE,BAY MINETTE,AL,36507,BALDWIN,10.000000000000,2.500000000000,87.000000000000,21.750000000000,15.000000000000,3.750000000000,50.000000000000,12.500000000000,40.500000000000
2026,010131,CRESTWOOD MEDICAL CENTER,ONE HOSPITAL DR SE,HUNTSVILLE,AL,35801,MADISON,24.000000000000,6.000000000000,22.000000000000,5.500000000000,51.666666666667,12.916666666667,0.000000000000,0.000000000000,24.416666666667
2026,010139,BROOKWOOD BAPTIST MEDICAL CENTER,1280 COLUMBIANA ROAD STE 102,VESTAVIA,AL,35216,JEFFERSON,12.000000000000,3.000000000000,11.000000000000,2.750000000000,41.666666666667,10.416666666667,0.000000000000,0.000000000000,16.166666666667
2026,010144,SPRINGHILL MEDICAL CENTER,3719 DAUPHIN STREET,MOBILE,AL,36608,MOBILE,18.333333333333,4.583333333333,23.000000000000,5.750000000000,48.333333333333,12.083333333333,0.000000000000,0.000000000000,22.416666666667
2026,010148,EVERGREEN MEDICAL CENTER,101 CRESTVIEW AVENUE,EVERGREEN,AL,36401,CONECUH,13.333333333333,4.444444444444,57.000000000000,19.000000000000,Not Available,Not Available,50.000000000000,16.666666666667,40.111111111111
2026,010149,BAPTIST MEDICAL CENTER EAST,400 TAYLOR ROAD,MONTGOMERY,AL,36117,MONTGOMERY,20.000000000000,5.000000000000,47.000000000000,11.750000000000,28.333333333333,7.083333333333,30.000000000000,7.500000000000,31.333333333333
2026,010164,COOSA VALLEY MEDICAL CENTER,315 W HICKORY ST,SYLACAUGA,AL,35150,TALLADEGA,0.000000000000,0.000000000000,33.000000000000,8.250000000000,76.666666666667,19.166666666667,40.000000000000,10.000000000000,37.416666666667
2026,010168,JACK HUGHSTON MEMORIAL HOSPITAL,4401 RIVER CHASE DRIVE,PHENIX CITY,AL,36867,RUSSELL,Not Available,Not Available,92.000000000000,30.666666666667,50.000000000000,16.666666666667,20.000000000000,6.666666666667,54.000000000000
2026,020001,PROVIDENCE ALASKA MEDICAL CENTER,3200 PROVIDENCE DRIVE,ANCHORAGE,AK,99508,ANCHORAGE,26.666666666667,6.666666666667,40.000000000000,10.000000000000,15.000000000000,3.750000000000,20.000000000000,5.000000000000,25.416666666667
2026,020006,MAT-SU REGIONAL MEDICAL CENTER,2500 SOUTH WOODWORTH LOOP,PALMER,AK,99645,MATANUSKA-SUSITNA,0.000000000000,0.000000000000,57.000000000000,14.250000000000,61.666666666667,15.416666666667,100.000000000000,25.000000000000,54.666666666667
2026,020008,BARTLETT REGIONAL HOSPITAL,3260 HOSPITAL DR,JUNEAU,AK,99801,JUNEAU,43.333333333333,10.833333333333,77.000000000000,19.250000000000,50.000000000000,12.500000000000,100.000000000000,25.000000000000,67.583333333333
2026,020012,FAIRBANKS MEMORIAL HOSPITAL,1650 COWLES STREET,FAIRBANKS,AK,99701,FAIRBANKS NORTH STAR,2.000000000000,0.500000000000,30.000000000000,7.500000000000,15.000000000000,3.750000000000,100.000000000000,25.000000000000,36.750000000000
2026,020017,ALASKA REGIONAL HOSPITAL,2801 DEBARR ROAD,ANCHORAGE,AK,99508,ANCHORAGE,16.666666666667,4.166666666667,28.000000000000,7.000000000000,28.333333333333,7.083333333333,60.000000000000,15.000000000000,33.250000000000
2026,020018,YUKON KUSKOKWIM DELTA REG HOSPITAL,PO BOX 287,BETHEL,AK,99559,BETHEL,10.000000000000,2.500000000000,14.000000000000,3.500000000000,85.000000000000,21.250000000000,100.000000000000,25.000000000000,52.250000000000
2026,020024,CENTRAL PENINSULA GENERAL HOSPITAL,250 HOSPITAL PLACE,SOLDOTNA,AK,99669,KENAI PENINSULA,0.000000000000,0.000000000000,38.000000000000,9.500000000000,46.000000000000,11.500000000000,100.000000000000,25.000000000000,46.000000000000
2026,020026,ALASKA NATIVE MEDICAL CENTER,4315 DIPLOMACY DR,ANCHORAGE,AK,99508,ANCHORAGE,30.000000000000,7.500000000000,34.000000000000,8.500000000000,16.666666666667,4.166666666667,80.000000000000,20.000000000000,40.166666666667
2026,030002,BANNER - UNIVERSITY MEDICAL CENTER PHOENIX,1111 EAST MCDOWELL ROAD,PHOENIX,AZ,85006,MARICOPA,72.000000000000,18.000000000000,17.000000000000,4.250000000000,33.333333333333,8.333333333333,0.000000000000,0.000000000000,30.583333333333
2026,030006,TUCSON MEDICAL CENTER,5301 EAST GRANT ROAD,TUCSON,AZ,85712,PIMA,13.333333333333,3.333333333333,9.000000000000,2.250000000000,33.333333333333,8.333333333333,0.000000000000,0.000000000000,13.916666666667
2026,030007,VERDE VALLEY MEDICAL CENTER,269 SOUTH CANDY LANE,COTTONWOOD,AZ,86326,YAVAPAI,12.500000000000,3.125000000000,32.000000000000,8.000000000000,57.500000000000,14.375000000000,0.000000000000,0.000000000000,25.500000000000
2026,030010,ST. MARY'S HOSPITAL,1601 WEST ST MARY'S ROAD,TUCSON,AZ,85745,PIMA,26.000000000000,6.500000000000,11.000000000000,2.750000000000,14.000000000000,3.500000000000,10.000000000000,2.500000000000,15.250000000000
2026,030011,ST JOSEPH'S HOSPITAL,350 NORTH WILMOT ROAD,TUCSON,AZ,85711,PIMA,28.000000000000,7.000000000000,4.000000000000,1.000000000000,78.333333333333,19.583333333333,0.000000000000,0.000000000000,27.583333333333
2026,030012,YAVAPAI REGIONAL MEDICAL CENTER,1003 WILLOW CREEK ROAD,PRESCOTT,AZ,86301,YAVAPAI,10.000000000000,2.500000000000,20.000000000000,5.000000000000,41.666666666667,10.416666666667,10.000000000000,2.500000000000,20.416666666667
2026,030013,YUMA REGIONAL MEDICAL CENTER,2400 SOUTH AVENUE A,YUMA,AZ,85364,YUMA,3.333333333333,0.833333333333,24.000000000000,6.000000000000,18.333333333333,4.583333333333,0.000000000000,0.000000000000,11.416666666667
2026,030014,HONOR HEALTH JOHN C. LINCOLN MEDICAL CENTER,250 EAST DUNLAP AVENUE,PHOENIX,AZ,85020,MARICOPA,6.000000000000,1.500000000000,30.000000000000,7.500000000000,26.666666666667,6.666666666667,0.000000000000,0.000000000000,15.666666666667
2026,030016,BANNER CASA GRANDE MEDICAL CENTER,1800 EAST FLORENCE BOULEVARD,CASA GRANDE,AZ,85122,PINAL,30.000000000000,7.500000000000,17.000000000000,4.250000000000,15.000000000000,3.750000000000,30.000000000000,7.500000000000,23.000000000000
2026,030022,VALLEYWISE HEALTH MEDICAL CENTER,2601 EAST ROOSEVELT STREET,PHOENIX,AZ,85008,MARICOPA,25.000000000000,6.250000000000,23.000000000000,5.750000000000,55.000000000000,13.750000000000,0.000000000000,0.000000000000,25.750000000000
2026,030023,FLAGSTAFF MEDICAL CENTER,1200 NORTH BEAVER STREET,FLAGSTAFF,AZ,86001,COCONINO,16.666666666667,4.166666666667,21.000000000000,5.250000000000,66.666666666667,16.666666666667,0.000000000000,0.000000000000,26.083333333333
2026,030024,ST JOSEPHS HOSPITAL AND MEDICAL CENTER,350 WEST THOMAS ROAD,PHOENIX,AZ,85013,MARICOPA,68.000000000000,17.000000000000,38.000000000000,9.500000000000,23.333333333333,5.833333333333,0.000000000000,0.000000000000,32.333333333333
2026,030030,ABRAZO CENTRAL CAMPUS,2000 WEST BETHANY HOME ROAD,PHOENIX,AZ,85015,MARICOPA,35.000000000000,8.750000000000,7.000000000000,1.750000000000,51.666666666667,12.916666666667,0.000000000000,0.000000000000,23.416666666667
2026,030036,CHANDLER REGIONAL MEDICAL CENTER,1955 WEST FRYE ROAD,CHANDLER,AZ,85224,MARICOPA,26.000000000000,6.500000000000,32.000000000000,8.000000000000,56.666666666667,14.166666666667,0.000000000000,0.000000000000,28.666666666667
2026,030038,HONORHEALTH SCOTTSDALE OSBORN MEDICAL CENTER,7400 EAST OSBORN ROAD,SCOTTSDALE,AZ,85251,MARICOPA,12.000000000000,3.000000000000,33.000000000000,8.250000000000,28.333333333333,7.083333333333,0.000000000000,0.000000000000,18.333333333333
2026,030043,CANYON VISTA MEDICAL CENTER,5700 EAST HIGHWAY 90,SIERRA VISTA,AZ,85635,COCHISE,22.000000000000,5.500000000000,36.000000000000,9.000000000000,70.000000000000,17.500000000000,0.000000000000,0.000000000000,32.000000000000
2026,030055,KINGMAN REGIONAL MEDICAL CENTER,3269 STOCKTON HILL ROAD,KINGMAN,AZ,86401,MOHAVE,37.500000000000,9.375000000000,32.000000000000,8.000000000000,51.666666666667,12.916666666667,70.000000000000,17.500000000000,47.791666666667
2026,030061,BANNER BOSWELL MEDICAL CENTER,13632 N 99TH AVE,SUN CITY,AZ,85351,MARICOPA,25.000000000000,6.250000000000,14.000000000000,3.500000000000,30.000000000000,7.500000000000,0.000000000000,0.000000000000,17.250000000000
2026,030062,SUMMIT HEALTHCARE REGIONAL MEDICAL CENTER,2200 EAST SHOW LOW LAKE ROAD,SHOW LOW,AZ,85901,NAVAJO,50.000000000000,12.500000000000,20.000000000000,5.000000000000,56.000000000000,14.000000000000,40.000000000000,10.000000000000,41.500000000000
2026,030064,BANNER - UNIVERSITY MEDICAL CENTER TUCSON CAMPUS,1625 NORTH CAMPBELL AVENUE,TUCSON,AZ,85719,PIMA,50.000000000000,12.500000000000,13.000000000000,3.250000000000,26.666666666667,6.666666666667,10.000000000000,2.500000000000,24.916666666667
2026,030065,BANNER DESERT MEDICAL CENTER,1400 SOUTH  DOBSON ROAD,MESA,AZ,85202,MARICOPA,20.000000000000,5.000000000000,6.000000000000,1.500000000000,10.000000000000,2.500000000000,0.000000000000,0.000000000000,9.000000000000
2026,030069,HAVASU REGIONAL MEDICAL CENTER,101 CIVIC CENTER LANE,LAKE HAVASU CITY,AZ,86403,MOHAVE,36.666666666667,9.166666666667,23.000000000000,5.750000000000,85.000000000000,21.250000000000,30.000000000000,7.500000000000,43.666666666667
2026,030071,FORT DEFIANCE INDIAN HOSPITAL,PO BOX 649,FT. DEFIANCE,AZ,86504,APACHE,Not Available,Not Available,51.000000000000,17.000000000000,0.000000000000,0.000000000000,100.000000000000,33.333333333333,50.333333333333
2026,030073,TUBA CITY REGIONAL HEALTH CARE CORPORATION,PO BOX 600,TUBA CITY,AZ,86045,COCONINO,Not Available,Not Available,27.000000000000,9.000000000000,55.000000000000,18.333333333333,100.000000000000,33.333333333333,60.666666666667
2026,030078,PHOENIX INDIAN MEDICAL CENTER,4212 NORTH 16TH STREET,PHOENIX,AZ,85016,MARICOPA,Not Available,Not Available,77.000000000000,25.666666666667,90.000000000000,30.000000000000,90.000000000000,30.000000000000,85.666666666667
2026,030083,ABRAZO SCOTTSDALE CAMPUS,3929 EAST BELL ROAD,PHOENIX,AZ,85032,MARICOPA,17.500000000000,4.375000000000,11.000000000000,2.750000000000,13.333333333333,3.333333333333,20.000000000000,5.000000000000,15.458333333333
2026,030085,NORTHWEST MEDICAL CENTER,6200 NORTH LA CHOLLA BOULEVARD,TUCSON,AZ,85741,PIMA,31.666666666667,7.916666666667,6.000000000000,1.500000000000,48.333333333333,12.083333333333,0.000000000000,0.000000000000,21.500000000000
2026,030087,HONORHEALTH SCOTTSDALE SHEA MEDICAL CENTER,9003 EAST SHEA BOULEVARD,SCOTTSDALE,AZ,85260,MARICOPA,26.666666666667,6.666666666667,30.000000000000,7.500000000000,16.666666666667,4.166666666667,0.000000000000,0.000000000000,18.333333333333
2026,030088,BANNER BAYWOOD MEDICAL CENTER,6644 EAST BAYWOOD AVENUE,MESA,AZ,85206,MARICOPA,0.000000000000,0.000000000000,10.000000000000,2.500000000000,15.000000000000,3.750000000000,0.000000000000,0.000000000000,6.250000000000
2026,030089,BANNER THUNDERBIRD MEDICAL CENTER,5555 WEST THUNDERBIRD ROAD,GLENDALE,AZ,85306,MARICOPA,36.000000000000,9.000000000000,10.000000000000,2.500000000000,33.333333333333,8.333333333333,0.000000000000,0.000000000000,19.833333333333
2026,030092,HONORHEALTH DEER VALLEY MEDICAL CENTER,19829 NORTH 27TH AVENUE,PHOENIX,AZ,85027,MARICOPA,3.333333333333,0.833333333333,42.000000000000,10.500000000000,35.000000000000,8.750000000000,0.000000000000,0.000000000000,20.083333333333
2026,030093,BANNER DEL E. WEBB MEDICAL CENTER,14502 WEST MEEKER BOULEVARD,SUN CITY WEST,AZ,85375,MARICOPA,24.000000000000,6.000000000000,11.000000000000,2.750000000000,20.000000000000,5.000000000000,10.000000000000,2.500000000000,16.250000000000
2026,030094,ABRAZO ARROWHEAD HOSPITAL,18701 NORTH 67TH AVENUE,GLENDALE,AZ,85308,MARICOPA,0.000000000000,0.000000000000,15.000000000000,3.750000000000,70.000000000000,17.500000000000,0.000000000000,0.000000000000,21.250000000000
2026,030101,WESTERN ARIZONA REGIONAL MEDICAL CENTER,2735 SILVER CREEK ROAD,BULLHEAD CITY,AZ,86442,MOHAVE,10.000000000000,2.500000000000,20.000000000000,5.000000000000,52.500000000000,13.125000000000,50.000000000000,12.500000000000,33.125000000000
2026,030103,MAYO CLINIC HOSPITAL,5777 EAST MAYO BOULEVARD,PHOENIX,AZ,85054,MARICOPA,75.000000000000,18.750000000000,97.000000000000,24.250000000000,10.000000000000,2.500000000000,30.000000000000,7.500000000000,53.000000000000
2026,030105,BANNER HEART HOSPITAL,6750 EAST BAYWOOD AVENUE,MESA,AZ,85206,MARICOPA,30.000000000000,7.500000000000,24.000000000000,6.000000000000,16.666666666667,4.166666666667,0.000000000000,0.000000000000,17.666666666667
2026,030110,ABRAZO WEST CAMPUS,13677 WEST MCDOWELL ROAD,GOODYEAR,AZ,85395,MARICOPA,10.000000000000,2.500000000000,8.000000000000,2.000000000000,15.000000000000,3.750000000000,0.000000000000,0.000000000000,8.250000000000
2026,030111,BANNER-UNIVERSITY MEDICAL CENTER SOUTH CAMPUS,2800 EAST AJO WAY,TUCSON,AZ,85713,PIMA,55.000000000000,13.750000000000,14.000000000000,3.500000000000,41.666666666667,10.416666666667,20.000000000000,5.000000000000,32.666666666667
2026,030114,ORO VALLEY HOSPITAL,1551 EAST TANGERINE ROAD,ORO VALLEY,AZ,85755,PIMA,14.000000000000,3.500000000000,17.000000000000,4.250000000000,35.000000000000,8.750000000000,20.000000000000,5.000000000000,21.500000000000
2026,030115,BANNER ESTRELLA MEDICAL CENTER,9201 WEST THOMAS ROAD,PHOENIX,AZ,85037,MARICOPA,30.000000000000,7.500000000000,35.000000000000,8.750000000000,46.666666666667,11.666666666667,10.000000000000,2.500000000000,30.416666666667
2026,030117,VALLEY VIEW MEDICAL CENTER,5330 SOUTH HIGHWAY 95,FORT MOHAVE,AZ,86426,MOHAVE,6.666666666667,1.666666666667,25.000000000000,6.250000000000,0.000000000000,0.000000000000,80.000000000000,20.000000000000,27.916666666667
2026,030119,MERCY GILBERT MEDICAL CENTER,3555 SOUTH VAL VISTA DRIVE,GILBERT,AZ,85297,MARICOPA,42.000000000000,10.500000000000,41.000000000000,10.250000000000,41.666666666667,10.416666666667,0.000000000000,0.000000000000,31.166666666667
2026,030121,HONORHEALTH MOUNTAIN VISTA MEDICAL CENTER,1301 SOUTH CRISMON ROAD,MESA,AZ,85209,MARICOPA,10.000000000000,2.500000000000,15.000000000000,3.750000000000,54.000000000000,13.500000000000,20.000000000000,5.000000000000,24.750000000000
2026,030122,BANNER GATEWAY MEDICAL CENTER,1900 NORTH HIGLEY ROAD,GILBERT,AZ,85234,MARICOPA,23.333333333333,5.833333333333,24.000000000000,6.000000000000,20.000000000000,5.000000000000,10.000000000000,2.500000000000,19.333333333333
2026,030123,HONORHEALTH SCOTTSDALE THOMPSON PEAK MED CTR,7400 EAST THOMPSON PEAK PARKWAY,SCOTTSDALE,AZ,85255,MARICOPA,46.000000000000,11.500000000000,57.000000000000,14.250000000000,31.666666666667,7.916666666667,20.000000000000,5.000000000000,38.666666666667
2026,030130,BANNER IRONWOOD MEDICAL CENTER,37000 NORTH GANTZEL ROAD,QUEEN CREEK,AZ,85140,PINAL,0.000000000000,0.000000000000,22.000000000000,5.500000000000,45.000000000000,11.250000000000,50.000000000000,12.500000000000,29.250000000000
2026,030134,BANNER GOLDFIELD MEDICAL CENTER,2050 WEST SOUTHERN AVENUE,APACHE JUNCTION,AZ,85120,PINAL,55.000000000000,18.333333333333,71.000000000000,23.666666666667,Not Available,Not Available,100.000000000000,33.333333333333,75.333333333333
2026,030138,CITY OF HOPE CANCER CENTER PHOENIX,14200 WEST CELEBRATE LIFE WAY,GOODYEAR,AZ,85338,MARICOPA,Not Available,Not Available,92.000000000000,30.666666666667,65.000000000000,21.666666666667,30.000000000000,10.000000000000,62.333333333333
2026,030139,DIGNITY HEALTH ARIZONA GENERAL HOSPITAL,9130 EAST ELLIOT ROAD,MESA,AZ,85212,MARICOPA,23.333333333333,5.833333333333,70.000000000000,17.500000000000,10.000000000000,2.500000000000,20.000000000000,5.000000000000,30.833333333333
2026,030146,HONORHEALTH SONORAN CROSSING MEDICAL CENTER,33400 NORTH 32ND AVENUE,PHOENIX,AZ,85085,MARICOPA,17.500000000000,4.375000000000,61.000000000000,15.250000000000,26.000000000000,6.500000000000,20.000000000000,5.000000000000,31.125000000000
2026,030147,BANNER OCOTILLO MEDICAL CENTER,1405 SOUTH ALMA SCHOOL ROAD,CHANDLER,AZ,85286,MARICOPA,25.000000000000,6.250000000000,19.000000000000,4.750000000000,30.000000000000,7.500000000000,0.000000000000,0.000000000000,18.500000000000
2026,030148,NORTHWEST MEDICAL CENTER SAHUARITA,16260 SOUTH RANCHO SAHUARITA BOULEVARD,SAHUARITA,AZ,85629,PIMA,17.500000000000,4.375000000000,22.000000000000,5.500000000000,46.666666666667,11.666666666667,50.000000000000,12.500000000000,34.041666666667
2026,040001,SILOAM SPRINGS REGIONAL HOSPITAL,603 NORTH PROGRESS AVENUE,SILOAM SPRINGS,AR,72761,BENTON,0.000000000000,0.000000000000,68.000000000000,17.000000000000,46.666666666667,11.666666666667,40.000000000000,10.000000000000,38.666666666667
2026,040002,JOHNSON REGIONAL MEDICAL CENTER,1100 EAST POPLAR STREET,CLARKSVILLE,AR,72830,JOHNSON,26.666666666667,6.666666666667,66.000000000000,16.500000000000,30.000000000000,7.500000000000,0.000000000000,0.000000000000,30.666666666667
2026,040004,WASHINGTON REGIONAL MEDICAL CENTER,3215 N NORTH HILLS BOULEVARD,FAYETTEVILLE,AR,72703,WASHINGTON,20.000000000000,5.000000000000,48.000000000000,12.000000000000,18.333333333333,4.583333333333,0.000000000000,0.000000000000,21.583333333333
2026,040007,CHI-ST VINCENT INFIRMARY,TWO ST VINCENT CIRCLE,LITTLE ROCK,AR,72205,PULASKI,2.000000000000,0.500000000000,35.000000000000,8.750000000000,58.333333333333,14.583333333333,0.000000000000,0.000000000000,23.833333333333
2026,040010,MERCY HOSPITAL NORTHWEST ARKANSAS,2710 SOUTH RIFE MEDICAL LANE,ROGERS,AR,72758,BENTON,14.000000000000,3.500000000000,42.000000000000,10.500000000000,55.000000000000,13.750000000000,0.000000000000,0.000000000000,27.750000000000
2026,040011,CHAMBERS MEMORIAL HOSPITAL,719 DETROIT STREET,DANVILLE,AR,72833,YELL,13.333333333333,4.444444444444,53.000000000000,17.666666666667,Not Available,Not Available,100.000000000000,33.333333333333,55.444444444444
2026,040014,WHITE COUNTY MEDICAL CENTER,3214 EAST RACE AVENUE,SEARCY,AR,72143,WHITE,0.000000000000,0.000000000000,27.000000000000,6.750000000000,38.333333333333,9.583333333333,0.000000000000,0.000000000000,16.333333333333
2026,040016,University of Arkansas Medical Sciences,4301 WEST MARKHAM STREET MAIL SLOT 612,LITTLE ROCK,AR,72205,PULASKI,17.500000000000,4.375000000000,30.000000000000,7.500000000000,10.000000000000,2.500000000000,10.000000000000,2.500000000000,16.875000000000
2026,040017,NORTH ARKANSAS REGIONAL MEDICAL CENTER,620 NORTH MAIN STREET,HARRISON,AR,72601,BOONE,0.000000000000,0.000000000000,29.000000000000,7.250000000000,55.000000000000,13.750000000000,10.000000000000,2.500000000000,23.500000000000
2026,040020,ST BERNARDS MEDICAL CENTER,225 E WASHINGTON AVE,JONESBORO,AR,72401,CRAIGHEAD,4.000000000000,1.000000000000,50.000000000000,12.500000000000,43.333333333333,10.833333333333,10.000000000000,2.500000000000,26.833333333333
2026,040022,NORTHWEST MEDICAL CENTER-SPRINGDALE,609 WEST MAPLE AVENUE,SPRINGDALE,AR,72764,WASHINGTON,10.000000000000,2.500000000000,30.000000000000,7.500000000000,50.000000000000,12.500000000000,20.000000000000,5.000000000000,27.500000000000
2026,040026,CHI ST. VINCENT HOSPITAL HOT SPRINGS,300 WERNER STREET,HOT SPRINGS,AR,71903,GARLAND,16.000000000000,4.000000000000,26.000000000000,6.500000000000,63.333333333333,15.833333333333,0.000000000000,0.000000000000,26.333333333333
2026,040027,BAXTER HEALTH,624 HOSPITAL DRIVE,MOUNTAIN HOME,AR,72653,BAXTER,23.333333333333,5.833333333333,51.000000000000,12.750000000000,43.333333333333,10.833333333333,10.000000000000,2.500000000000,31.916666666667
2026,040029,"CONWAY REGIONAL MEDICAL CENTER, INC",2302 COLLEGE AVENUE,CONWAY,AR,72034,FAULKNER,30.000000000000,7.500000000000,45.000000000000,11.250000000000,21.666666666667,5.416666666667,0.000000000000,0.000000000000,24.166666666667
2026,040036,BAPTIST HEALTH MEDICAL CENTER NORTH LITTLE ROCK,3333 SPRINGHILL DRIVE,NORTH LITTLE ROCK,AR,72117,PULASKI,23.333333333333,5.833333333333,17.000000000000,4.250000000000,53.333333333333,13.333333333333,0.000000000000,0.000000000000,23.416666666667
2026,040039,ARKANSAS METHODIST MEDICAL CENTER,900 WEST KINGSHIGHWAY,PARAGOULD,AR,72450,GREENE,30.000000000000,7.500000000000,48.000000000000,12.000000000000,3.333333333333,0.833333333333,0.000000000000,0.000000000000,20.333333333333
2026,040041,ST MARYS REGIONAL MEDICAL CENTER,1808 WEST MAIN STREET,RUSSELLVILLE,AR,72801,POPE,36.000000000000,9.000000000000,27.000000000000,6.750000000000,66.666666666667,16.666666666667,0.000000000000,0.000000000000,32.416666666667
2026,040050,OUACHITA COUNTY MEDICAL CENTER,638 CALIFORNIA AVENUE,CAMDEN,AR,71701,OUACHITA,0.000000000000,0.000000000000,Not Available,Not Available,50.000000000000,16.666666666667,10.000000000000,3.333333333333,20.000000000000
2026,040051,BAPTIST HEALTH MEDICAL CENTER-DREW COUNTY,778 SCOGIN DRIVE,MONTICELLO,AR,71655,DREW,43.333333333333,10.833333333333,42.000000000000,10.500000000000,5.000000000000,1.250000000000,0.000000000000,0.000000000000,22.583333333333
2026,040055,BAPTIST HEALTH - FORT SMITH,1001 TOWSON AVENUE,FORT SMITH,AR,72901,SEBASTIAN,40.000000000000,10.000000000000,34.000000000000,8.500000000000,33.333333333333,8.333333333333,20.000000000000,5.000000000000,31.833333333333
2026,040062,MERCY HOSPITAL FORT SMITH,7301 ROGERS AVE,FORT SMITH,AR,72903,SEBASTIAN,8.333333333333,2.083333333333,24.000000000000,6.000000000000,36.666666666667,9.166666666667,0.000000000000,0.000000000000,17.250000000000
2026,040071,JEFFERSON REGIONAL MEDICAL CENTER,1600 WEST 40TH AVENUE,PINE BLUFF,AR,71603,JEFFERSON,12.000000000000,3.000000000000,27.000000000000,6.750000000000,26.666666666667,6.666666666667,0.000000000000,0.000000000000,16.416666666667
2026,040078,NATIONAL PARK MEDICAL CENTER,1910 MALVERN AVENUE,HOT SPRINGS,AR,71901,GARLAND,3.333333333333,0.833333333333,31.000000000000,7.750000000000,43.333333333333,10.833333333333,0.000000000000,0.000000000000,19.416666666667
2026,040084,SALINE MEMORIAL HOSPITAL,1 MEDICAL PARK DRIVE,BENTON,AR,72015,SALINE,20.000000000000,5.000000000000,28.000000000000,7.000000000000,67.500000000000,16.875000000000,10.000000000000,2.500000000000,31.375000000000
2026,040088,SOUTH ARKANSAS REGIONAL HOSPITAL LLC,700 WEST GROVE STREET,EL DORADO,AR,71730,UNION,32.500000000000,8.125000000000,49.000000000000,12.250000000000,10.000000000000,2.500000000000,0.000000000000,0.000000000000,22.875000000000
2026,040114,BAPTIST HEALTH MEDICAL CENTER-LITTLE ROCK,9601 BAPTIST HEALTH DRIVE,LITTLE ROCK,AR,72205,PULASKI,28.333333333333,7.083333333333,24.000000000000,6.000000000000,41.666666666667,10.416666666667,0.000000000000,0.000000000000,23.500000000000
2026,040118,"BAPTIST MEMORIAL HOSPITAL JONESBORO, INC.",4800 EAST JOHNSON AVENUE,JONESBORO,AR,72405,CRAIGHEAD,10.000000000000,2.500000000000,40.000000000000,10.000000000000,40.000000000000,10.000000000000,0.000000000000,0.000000000000,22.500000000000
2026,040119,WHITE RIVER MEDICAL CENTER,1710 HARRISON STREET,BATESVILLE,AR,72503,INDEPENDENCE,18.000000000000,4.500000000000,26.000000000000,6.500000000000,23.333333333333,5.833333333333,20.000000000000,5.000000000000,21.833333333333
2026,040137,ST VINCENT MEDICAL CENTER/NORTH,2215 WILDWOOD AVENUE,SHERWOOD,AR,72120,PULASKI,35.000000000000,8.750000000000,52.000000000000,13.000000000000,62.500000000000,15.625000000000,0.000000000000,0.000000000000,37.375000000000
2026,040154,BAPTIST HEALTH MEDICAL CENTER- CONWAY,1555 EXCHANGE AVENUE,CONWAY,AR,72032,FAULKNER,22.500000000000,5.625000000000,48.000000000000,12.000000000000,16.000000000000,4.000000000000,0.000000000000,0.000000000000,21.625000000000
2026,040161,ARKANSAS HEART HOSPITAL-ENCORE,1901 ENCORE WAY,BRYANT,AR,72019,SALINE,12.500000000000,3.125000000000,93.000000000000,23.250000000000,15.000000000000,3.750000000000,30.000000000000,7.500000000000,37.625000000000
2026,050002,ST ROSE HOSPITAL,27200 CALAROGA AVE,HAYWARD,CA,94545,ALAMEDA,6.000000000000,1.500000000000,19.000000000000,4.750000000000,57.500000000000,14.375000000000,0.000000000000,0.000000000000,20.625000000000
2026,050006,PROVIDENCE ST JOSEPH HOSPITAL,2700 DOLBEER ST,EUREKA,CA,95501,HUMBOLDT,36.666666666667,9.166666666667,18.000000000000,4.500000000000,33.333333333333,8.333333333333,20.000000000000,5.000000000000,27.000000000000
2026,050007,PENINSULA MEDICAL CENTER,1501 TROUSDALE DRIVE,BURLINGAME,CA,94010,SAN MATEO,46.666666666667,11.666666666667,48.000000000000,12.000000000000,70.000000000000,17.500000000000,20.000000000000,5.000000000000,46.166666666667
2026,050008,CALIFORNIA PACIFIC MEDICAL CTR-DAVIES CAMPUS HOSP,601 DUBOCE AVENUE,SAN FRANCISCO,CA,94117,SAN FRANCISCO,6.666666666667,1.666666666667,43.000000000000,10.750000000000,26.000000000000,6.500000000000,10.000000000000,2.500000000000,21.416666666667
2026,050009,PROVIDENCE QUEEN OF THE VALLEY MEDICAL CENTER,1000 TRANCAS ST,NAPA,CA,94558,NAPA,36.000000000000,9.000000000000,30.000000000000,7.500000000000,65.000000000000,16.250000000000,10.000000000000,2.500000000000,35.250000000000
2026,050013,ADVENTIST HEALTH ST HELENA,10 WOODLAND ROAD,SAINT HELENA,CA,94574,NAPA,26.666666666667,6.666666666667,40.000000000000,10.000000000000,46.666666666667,11.666666666667,0.000000000000,0.000000000000,28.333333333333
2026,050014,SUTTER AMADOR HOSPITAL,200 MISSION BLVD,JACKSON,CA,95642,AMADOR,17.500000000000,4.375000000000,81.000000000000,20.250000000000,65.000000000000,16.250000000000,40.000000000000,10.000000000000,50.875000000000
2026,050017,MERCY GENERAL HOSPITAL,4001 J ST,SACRAMENTO,CA,95819,SACRAMENTO,20.000000000000,5.000000000000,46.000000000000,11.500000000000,56.666666666667,14.166666666667,0.000000000000,0.000000000000,30.666666666667
2026,050022,RIVERSIDE COMMUNITY HOSPITAL,4445 MAGNOLIA AVENUE,RIVERSIDE,CA,92501,RIVERSIDE,45.000000000000,11.250000000000,19.000000000000,4.750000000000,36.666666666667,9.166666666667,0.000000000000,0.000000000000,25.166666666667
2026,050024,PARADISE VALLEY HOSPITAL,2400 EAST 4TH ST,NATIONAL CITY,CA,91950,SAN DIEGO,37.500000000000,9.375000000000,15.000000000000,3.750000000000,60.000000000000,15.000000000000,0.000000000000,0.000000000000,28.125000000000
2026,050025,UC SAN DIEGO HEALTH HILLCREST - HILLCREST MED CTR,200 WEST ARBOR DRIVE,SAN DIEGO,CA,92103,SAN DIEGO,76.666666666667,19.166666666667,40.000000000000,10.000000000000,31.666666666667,7.916666666667,20.000000000000,5.000000000000,42.083333333333
2026,050026,GROSSMONT HOSPITAL,5555 GROSSMONT CENTER DRIVE BOX 58,LA MESA,CA,91942,SAN DIEGO,23.333333333333,5.833333333333,28.000000000000,7.000000000000,48.333333333333,12.083333333333,0.000000000000,0.000000000000,24.916666666667
2026,050028,MAD RIVER COMMUNITY HOSPITAL,3800 JANES RD,ARCATA,CA,95521,HUMBOLDT,0.000000000000,0.000000000000,45.000000000000,11.250000000000,10.000000000000,2.500000000000,70.000000000000,17.500000000000,31.250000000000
2026,050030,OROVILLE HOSPITAL,2767 OLIVE HIGHWAY,OROVILLE,CA,95966,BUTTE,48.000000000000,12.000000000000,1.000000000000,0.250000000000,26.666666666667,6.666666666667,80.000000000000,20.000000000000,38.916666666667
2026,050036,BAKERSFIELD MEMORIAL HOSPITAL,420 34TH ST,BAKERSFIELD,CA,93301,KERN,21.666666666667,5.416666666667,28.000000000000,7.000000000000,50.000000000000,12.500000000000,0.000000000000,0.000000000000,24.916666666667
2026,050038,SANTA CLARA VALLEY MEDICAL CENTER,751 SOUTH BASCOM AVENUE,SAN JOSE,CA,95128,SANTA CLARA,33.333333333333,8.333333333333,13.000000000000,3.250000000000,16.666666666667,4.166666666667,0.000000000000,0.000000000000,15.750000000000
2026,050039,ENLOE HEALTH,1531 ESPLANADE,CHICO,CA,95926,BUTTE,28.333333333333,7.083333333333,15.000000000000,3.750000000000,56.666666666667,14.166666666667,20.000000000000,5.000000000000,30.000000000000
2026,050040,LAC/OLIVE VIEW-UCLA MEDICAL CENTER,14445 OLIVE VIEW DRIVE,SYLMAR,CA,91342,LOS ANGELES,35.000000000000,8.750000000000,26.000000000000,6.500000000000,33.333333333333,8.333333333333,90.000000000000,22.500000000000,46.083333333333
2026,050042,ST ELIZABETH COMMUNITY HOSPITAL,2550 SISTER MARY COLUMBA DRIVE,RED BLUFF,CA,96080,TEHAMA,20.000000000000,5.000000000000,61.000000000000,15.250000000000,95.000000000000,23.750000000000,40.000000000000,10.000000000000,54.000000000000
2026,050043,ALTA BATES SUMMIT MEDICAL CENTER,350 HAWTHORNE AVENUE,OAKLAND,CA,94609,ALAMEDA,50.000000000000,12.500000000000,50.000000000000,12.500000000000,46.666666666667,11.666666666667,0.000000000000,0.000000000000,36.666666666667
2026,050047,CALIFORNIA PACIFIC MEDICAL CENTER- VAN NESS CAMPUS,1101 VAN NESS AVENUE,SAN FRANCISCO,CA,94109,SAN FRANCISCO,50.000000000000,12.500000000000,40.000000000000,10.000000000000,33.333333333333,8.333333333333,30.000000000000,7.500000000000,38.333333333333
2026,050054,SAN GORGONIO MEMORIAL HOSPITAL,600 NORTH HIGHLAND SPRINGS AVENUE,BANNING,CA,92220,RIVERSIDE,0.000000000000,0.000000000000,26.000000000000,6.500000000000,66.666666666667,16.666666666667,20.000000000000,5.000000000000,28.166666666667
2026,050055,CALIFORNIA PACIFIC MEDICAL CENTER - MISSION BERNAL,3555 CESAR CHAVEZ,SAN FRANCISCO,CA,94110,SAN FRANCISCO,35.000000000000,8.750000000000,37.000000000000,9.250000000000,55.000000000000,13.750000000000,40.000000000000,10.000000000000,41.750000000000
2026,050056,ANTELOPE VALLEY HOSPITAL,1600 W AVE J,LANCASTER,CA,93534,LOS ANGELES,40.000000000000,10.000000000000,8.000000000000,2.000000000000,28.333333333333,7.083333333333,0.000000000000,0.000000000000,19.083333333333
2026,050057,KAWEAH HEALTH MEDICAL CENTER,400 W MINERAL KING AVE,VISALIA,CA,93291,TULARE,15.000000000000,3.750000000000,17.000000000000,4.250000000000,35.000000000000,8.750000000000,0.000000000000,0.000000000000,16.750000000000
2026,050058,GLENDALE MEM HOSPITAL & HLTH CENTER,1420 S CENTRAL AVE,GLENDALE,CA,91204,LOS ANGELES,56.000000000000,14.000000000000,34.000000000000,8.500000000000,55.000000000000,13.750000000000,0.000000000000,0.000000000000,36.250000000000
2026,050060,COMMUNITY REGIONAL MEDICAL CENTER,2823 FRESNO STREET,FRESNO,CA,93721,FRESNO,18.000000000000,4.500000000000,35.000000000000,8.750000000000,13.333333333333,3.333333333333,0.000000000000,0.000000000000,16.583333333333
2026,050063,HOLLYWOOD PRESBYTERIAN MEDICAL CENTER,1300 N VERMONT AVE,LOS ANGELES,CA,90027,LOS ANGELES,34.000000000000,8.500000000000,7.000000000000,1.750000000000,86.666666666667,21.666666666667,0.000000000000,0.000000000000,31.916666666667
2026,050069,PROVIDENCE ST. JOSEPH HOSPITAL,1100 WEST STEWART DR,ORANGE,CA,92868,ORANGE,50.000000000000,12.500000000000,24.000000000000,6.000000000000,23.333333333333,5.833333333333,0.000000000000,0.000000000000,24.333333333333
2026,050070,KAISER FOUNDATION HOSPITAL - SOUTH SAN FRANCISCO,1200 EL CAMINO REAL,SOUTH SAN FRANCISCO,CA,94080,SAN MATEO,Not Available,Not Available,42.000000000000,14.000000000000,73.333333333333,24.444444444444,90.000000000000,30.000000000000,68.444444444444
2026,050071,KAISER FOUNDATION HOSPITAL-SANTA CLARA,700 LAWRENCE EXPRESSWAY,SANTA CLARA,CA,95051,SANTA CLARA,Not Available,Not Available,34.000000000000,11.333333333333,28.333333333333,9.444444444444,0.000000000000,0.000000000000,20.777777777778
2026,050072,KAISER FOUNDATION HOSPITAL - WALNUT CREEK,1425 S MAIN STREET,WALNUT CREEK,CA,94596,CONTRA COSTA,Not Available,Not Available,18.000000000000,6.000000000000,33.333333333333,11.111111111111,60.000000000000,20.000000000000,37.111111111111
2026,050073,KAISER FOUNDATION HOSPITAL AND REHAB CENTER,975 SERENO DR,VALLEJO,CA,94589,SOLANO,0.000000000000,0.000000000000,32.000000000000,8.000000000000,25.000000000000,6.250000000000,90.000000000000,22.500000000000,36.750000000000
2026,050075,KAISER FOUNDATION HOSPITAL - OAKLAND/RICHMOND,275 WEST MACARTHUR BOULEVARD,OAKLAND,CA,94611,ALAMEDA,22.500000000000,5.625000000000,20.000000000000,5.000000000000,18.333333333333,4.583333333333,50.000000000000,12.500000000000,27.708333333333
2026,050076,KAISER FOUNDATION HOSPITAL - SAN FRANCISCO,2425 GEARY BLVD,SAN FRANCISCO,CA,94115,SAN FRANCISCO,Not Available,Not Available,22.000000000000,7.333333333333,28.333333333333,9.444444444444,90.000000000000,30.000000000000,46.777777777778
2026,050077,SCRIPPS MERCY HOSPITAL,4077 5TH AVE,SAN DIEGO,CA,92103,SAN DIEGO,31.666666666667,7.916666666667,29.000000000000,7.250000000000,43.333333333333,10.833333333333,0.000000000000,0.000000000000,26.000000000000
2026,050078,PROVIDENCE LITTLE CO OF MARY MED CTR SAN PEDRO,1300 W 7TH ST,SAN PEDRO,CA,90732,LOS ANGELES,30.000000000000,7.500000000000,34.000000000000,8.500000000000,73.333333333333,18.333333333333,30.000000000000,7.500000000000,41.833333333333
2026,050082,ST JOHNS REGIONAL MEDICAL CENTER,1600 N ROSE AVE,OXNARD,CA,93030,VENTURA,41.666666666667,10.416666666667,20.000000000000,5.000000000000,45.000000000000,11.250000000000,0.000000000000,0.000000000000,26.666666666667
2026,050084,ST JOSEPH'S MEDICAL CENTER OF STOCKTON,1800 N CALIFORNIA ST,STOCKTON,CA,95204,SAN JOAQUIN,28.000000000000,7.000000000000,25.000000000000,6.250000000000,16.666666666667,4.166666666667,10.000000000000,2.500000000000,19.916666666667
2026,050089,COMMUNITY HOSPITAL OF SAN BERNARDINO,1805 MEDICAL CENTER DRIVE,SAN BERNARDINO,CA,92411,SAN BERNARDINO,10.000000000000,2.500000000000,27.000000000000,6.750000000000,81.666666666667,20.416666666667,0.000000000000,0.000000000000,29.666666666667
2026,050090,SONOMA VALLEY HOSPITAL,347 ANDRIEUX ST,SONOMA,CA,95476,SONOMA,0.000000000000,0.000000000000,78.000000000000,19.500000000000,40.000000000000,10.000000000000,0.000000000000,0.000000000000,29.500000000000
2026,050091,COMMUNITY HOSPITAL OF HUNTINGTON PARK,2623 E SLAUSON AVE,HUNTINGTON PARK,CA,90255,LOS ANGELES,53.333333333333,13.333333333333,10.000000000000,2.500000000000,10.000000000000,2.500000000000,0.000000000000,0.000000000000,18.333333333333
2026,050099,SAN ANTONIO REGIONAL HOSPITAL,999 SAN BERNARDINO ROAD,UPLAND,CA,91786,SAN BERNARDINO,38.000000000000,9.500000000000,13.000000000000,3.250000000000,40.000000000000,10.000000000000,0.000000000000,0.000000000000,22.750000000000
2026,050100,SHARP MEMORIAL HOSPITAL,7901 FROST ST,SAN DIEGO,CA,92123,SAN DIEGO,38.333333333333,9.583333333333,49.000000000000,12.250000000000,13.333333333333,3.333333333333,0.000000000000,0.000000000000,25.166666666667
2026,050101,SUTTER SOLANO MEDICAL CENTER,300 HOSPITAL DR,VALLEJO,CA,94589,SOLANO,38.000000000000,9.500000000000,27.000000000000,6.750000000000,40.000000000000,10.000000000000,0.000000000000,0.000000000000,26.250000000000
2026,050102,PARKVIEW COMMUNITY HOSPITAL MEDICAL CENTER,3865 JACKSON STREET,RIVERSIDE,CA,92503,RIVERSIDE,3.333333333333,0.833333333333,20.000000000000,5.000000000000,50.000000000000,12.500000000000,0.000000000000,0.000000000000,18.333333333333
2026,050103,ADVENTIST HEALTH WHITE MEMORIAL,1720 CESAR E CHAVEZ AVENUE,LOS ANGELES,CA,90033,LOS ANGELES,40.000000000000,10.000000000000,36.000000000000,9.000000000000,35.000000000000,8.750000000000,0.000000000000,0.000000000000,27.750000000000
2026,050104,SAINT FRANCIS MEDICAL CENTER,3630 EAST IMPERIAL HIGHWAY,LYNWOOD,CA,90262,LOS ANGELES,40.000000000000,10.000000000000,17.000000000000,4.250000000000,30.000000000000,7.500000000000,0.000000000000,0.000000000000,21.750000000000
2026,050107,MARIAN REGIONAL MEDICAL CENTER,1400 E CHURCH ST,SANTA MARIA,CA,93454,SANTA BARBARA,8.333333333333,2.083333333333,28.000000000000,7.000000000000,41.666666666667,10.416666666667,30.000000000000,7.500000000000,27.000000000000
2026,050108,"SUTTER MEDICAL CENTER, SACRAMENTO",2825 CAPITOL AVENUE,SACRAMENTO,CA,95816,SACRAMENTO,25.000000000000,6.250000000000,51.000000000000,12.750000000000,45.000000000000,11.250000000000,0.000000000000,0.000000000000,30.250000000000
2026,050110,LOMPOC VALLEY MEDICAL CENTER,1515 E OCEAN AVENUE,LOMPOC,CA,93436,SANTA BARBARA,0.000000000000,0.000000000000,22.000000000000,5.500000000000,33.333333333333,8.333333333333,20.000000000000,5.000000000000,18.833333333333
2026,050112,SANTA MONICA - UCLA MED CTR & ORTHOPAEDIC HOSPITAL,1250 16TH STREET,SANTA MONICA,CA,90404,LOS ANGELES,68.000000000000,17.000000000000,29.000000000000,7.250000000000,25.000000000000,6.250000000000,0.000000000000,0.000000000000,30.500000000000
2026,050115,PALOMAR HEALTH DOWNTOWN CAMPUS,555 EAST VALLEY PARKWAY,ESCONDIDO,CA,92025,SAN DIEGO,11.666666666667,2.916666666667,17.000000000000,4.250000000000,46.666666666667,11.666666666667,0.000000000000,0.000000000000,18.833333333333
2026,050116,NORTHRIDGE HOSPITAL MEDICAL CENTER,18300 ROSCOE BLVD,NORTHRIDGE,CA,91325,LOS ANGELES,51.666666666667,12.916666666667,15.000000000000,3.750000000000,71.666666666667,17.916666666667,0.000000000000,0.000000000000,34.583333333333
2026,050118,DOCTORS HOSPITAL OF MANTECA,1205 E NORTH STREET,MANTECA,CA,95336,SAN JOAQUIN,30.000000000000,7.500000000000,15.000000000000,3.750000000000,30.000000000000,7.500000000000,0.000000000000,0.000000000000,18.750000000000
2026,050121,ADVENTIST HEALTH HANFORD,115 MALL DRIVE,HANFORD,CA,93230,KINGS,8.000000000000,2.000000000000,32.000000000000,8.000000000000,71.666666666667,17.916666666667,10.000000000000,2.500000000000,30.416666666667
2026,050122,DAMERON HOSPITAL,525 WEST ACACIA STREET,STOCKTON,CA,95203,SAN JOAQUIN,6.000000000000,1.500000000000,14.000000000000,3.500000000000,82.000000000000,20.500000000000,0.000000000000,0.000000000000,25.500000000000
2026,050124,USC VERDUGO HILLS HOSPITAL,1812 VERDUGO BLVD,GLENDALE,CA,91208,LOS ANGELES,50.000000000000,12.500000000000,25.000000000000,6.250000000000,58.333333333333,14.583333333333,10.000000000000,2.500000000000,35.833333333333
2026,050125,REGIONAL MEDICAL CENTER OF SAN JOSE,225 N JACKSON AVENUE,SAN JOSE,CA,95116,SANTA CLARA,26.000000000000,6.500000000000,31.000000000000,7.750000000000,48.333333333333,12.083333333333,0.000000000000,0.000000000000,26.333333333333
2026,050126,VALLEY PRESBYTERIAN HOSPITAL,15107 VANOWEN ST,VAN NUYS,CA,91405,LOS ANGELES,22.000000000000,5.500000000000,15.000000000000,3.750000000000,43.333333333333,10.833333333333,0.000000000000,0.000000000000,20.083333333333
2026,050127,WOODLAND MEMORIAL HOSPITAL,1325 COTTONWOOD STREET,WOODLAND,CA,95695,YOLO,16.666666666667,4.166666666667,44.000000000000,11.000000000000,60.000000000000,15.000000000000,60.000000000000,15.000000000000,45.166666666667
2026,050128,TRI-CITY MEDICAL CENTER,4002 VISTA WAY,OCEANSIDE,CA,92056,SAN DIEGO,8.000000000000,2.000000000000,11.000000000000,2.750000000000,36.666666666667,9.166666666667,0.000000000000,0.000000000000,13.916666666667
2026,050129,ST BERNARDINE MEDICAL CENTER,2101 N WATERMAN AVE,SAN BERNARDINO,CA,92404,SAN BERNARDINO,6.666666666667,1.666666666667,22.000000000000,5.500000000000,60.000000000000,15.000000000000,0.000000000000,0.000000000000,22.166666666667
2026,050131,NOVATO COMMUNITY HOSPITAL,180 ROWLAND WAY,NOVATO,CA,94945,MARIN,20.000000000000,5.000000000000,67.000000000000,16.750000000000,25.000000000000,6.250000000000,40.000000000000,10.000000000000,38.000000000000
2026,050132,SAN GABRIEL VALLEY MEDICAL CENTER,438 W LAS TUNAS DRIVE,SAN GABRIEL,CA,91776,LOS ANGELES,28.000000000000,7.000000000000,26.000000000000,6.500000000000,88.333333333333,22.083333333333,0.000000000000,0.000000000000,35.583333333333
2026,050133,ADVENTIST HEALTH AND RIDEOUT,726 4TH ST,MARYSVILLE,CA,95901,YUBA,28.000000000000,7.000000000000,18.000000000000,4.500000000000,35.000000000000,8.750000000000,10.000000000000,2.500000000000,22.750000000000
2026,050135,SOUTHERN CALIFORNIA HOSPITAL AT HOLLYWOOD,6245 DE LONGPRE AVE,HOLLYWOOD,CA,90028,LOS ANGELES,100.000000000000,25.000000000000,13.000000000000,3.250000000000,80.000000000000,20.000000000000,0.000000000000,0.000000000000,48.250000000000
2026,050136,PETALUMA VALLEY HOSPITAL,400 N MCDOWELL BLVD,PETALUMA,CA,94954,SONOMA,34.000000000000,8.500000000000,35.000000000000,8.750000000000,45.000000000000,11.250000000000,10.000000000000,2.500000000000,31.000000000000
2026,050137,KAISER FOUNDATION HOSPITAL - PANORAMA CITY,13652 CANTARA ST,PANORAMA CITY,CA,91402,LOS ANGELES,Not Available,Not Available,47.000000000000,15.666666666667,31.666666666667,10.555555555556,20.000000000000,6.666666666667,32.888888888889
2026,050138,KAISER FOUNDATION HOSPITAL - LOS ANGELES,4867 SUNSET BLVD,LOS ANGELES,CA,90027,LOS ANGELES,Not Available,Not Available,44.000000000000,14.666666666667,48.333333333333,16.111111111111,50.000000000000,16.666666666667,47.444444444444
2026,050139,KAISER FOUNDATION HOSPITAL - DOWNEY,9333 IMPERIAL HIGHWAY,DOWNEY,CA,90242,LOS ANGELES,Not Available,Not Available,29.000000000000,9.666666666667,36.666666666667,12.222222222222,60.000000000000,20.000000000000,41.888888888889
2026,050140,KAISER FOUNDATION HOSPITAL FONTANA/ONTARIO,9961 SIERRA AVE,FONTANA,CA,92335,SAN BERNARDINO,25.000000000000,6.250000000000,72.000000000000,18.000000000000,51.666666666667,12.916666666667,30.000000000000,7.500000000000,44.666666666667
2026,050145,COMMUNITY HOSPITAL OF THE MONTEREY PENINSULA,23625 W R HOLMAN HIGHWAY,MONTEREY,CA,93940,MONTEREY,50.000000000000,12.500000000000,50.000000000000,12.500000000000,40.000000000000,10.000000000000,30.000000000000,7.500000000000,42.500000000000
2026,050149,CALIFORNIA HOSPITAL MEDICAL CENTER LA,1401 SOUTH GRAND AVENUE,LOS ANGELES,CA,90015,LOS ANGELES,16.666666666667,4.166666666667,17.000000000000,4.250000000000,40.000000000000,10.000000000000,0.000000000000,0.000000000000,18.416666666667
2026,050150,SIERRA NEVADA MEMORIAL HOSPITAL,155 GLASSON WAY,GRASS VALLEY,CA,95945,NEVADA,26.000000000000,6.500000000000,36.000000000000,9.000000000000,45.000000000000,11.250000000000,30.000000000000,7.500000000000,34.250000000000
2026,050152,UCSF HEALTH SAINT FRANCIS HOSPITAL,900 HYDE ST,SAN FRANCISCO,CA,94109,SAN FRANCISCO,0.000000000000,0.000000000000,19.000000000000,4.750000000000,80.000000000000,20.000000000000,0.000000000000,0.000000000000,24.750000000000
2026,050158,ENCINO HOSPITAL MEDICAL CENTER,16237 VENTURA BLVD,ENCINO,CA,91436,LOS ANGELES,55.000000000000,13.750000000000,25.000000000000,6.250000000000,80.000000000000,20.000000000000,0.000000000000,0.000000000000,40.000000000000
2026,050159,VENTURA COUNTY MEDICAL CENTER,300 HILLMONT AVENUE,VENTURA,CA,93003,VENTURA,22.000000000000,5.500000000000,17.000000000000,4.250000000000,26.666666666667,6.666666666667,0.000000000000,0.000000000000,16.416666666667
2026,050167,SAN JOAQUIN GENERAL HOSPITAL,500 W HOSPITAL ROAD,FRENCH CAMP,CA,95231,SAN JOAQUIN,13.333333333333,3.333333333333,13.000000000000,3.250000000000,68.333333333333,17.083333333333,0.000000000000,0.000000000000,23.666666666667
2026,050168,PROVIDENCE ST. JUDE MEDICAL CENTER,101 E VALENCIA MESA DRIVE,FULLERTON,CA,92835,ORANGE,20.000000000000,5.000000000000,38.000000000000,9.500000000000,46.666666666667,11.666666666667,0.000000000000,0.000000000000,26.166666666667
2026,050174,PROVIDENCE SANTA ROSA MEMORIAL HOSPITAL,1165 MONTGOMERY DR,SANTA ROSA,CA,95405,SONOMA,26.666666666667,6.666666666667,20.000000000000,5.000000000000,11.666666666667,2.916666666667,0.000000000000,0.000000000000,14.583333333333
2026,050179,EMANUEL MEDICAL CENTER,825 DELBON AVE,TURLOCK,CA,95382,STANISLAUS,7.500000000000,1.875000000000,18.000000000000,4.500000000000,68.333333333333,17.083333333333,20.000000000000,5.000000000000,28.458333333333
2026,050180,JOHN MUIR MEDICAL CENTER - WALNUT CREEK CAMPUS,1601 YGNACIO VALLEY RD,WALNUT CREEK,CA,94598,CONTRA COSTA,40.000000000000,10.000000000000,17.000000000000,4.250000000000,21.666666666667,5.416666666667,0.000000000000,0.000000000000,19.666666666667
2026,050191,ST MARY MEDICAL CENTER,1050 LINDEN AVE,LONG BEACH,CA,90813,LOS ANGELES,65.000000000000,16.250000000000,13.000000000000,3.250000000000,45.000000000000,11.250000000000,0.000000000000,0.000000000000,30.750000000000
2026,050194,WATSONVILLE COMMUNITY HOSPITAL,75 NIELSON STREET,WATSONVILLE,CA,95076,SANTA CRUZ,20.000000000000,5.000000000000,46.000000000000,11.500000000000,35.000000000000,8.750000000000,20.000000000000,5.000000000000,30.250000000000
2026,050195,WASHINGTON HOSPITAL,2000 MOWRY AVE,FREMONT,CA,94538,ALAMEDA,20.000000000000,5.000000000000,18.000000000000,4.500000000000,46.666666666667,11.666666666667,10.000000000000,2.500000000000,23.666666666667
2026,050197,SEQUOIA HOSPITAL,170 ALAMEDA DE LAS PULGAS,REDWOOD CITY,CA,94062,SAN MATEO,28.333333333333,7.083333333333,45.000000000000,11.250000000000,67.500000000000,16.875000000000,40.000000000000,10.000000000000,45.208333333333
2026,050204,PALMDALE REGIONAL MEDICAL CENTER,38600 MEDICAL CENTER DRIVE,PALMDALE,CA,93552,LOS ANGELES,10.000000000000,2.500000000000,29.000000000000,7.250000000000,48.333333333333,12.083333333333,0.000000000000,0.000000000000,21.833333333333
2026,050211,ALAMEDA HOSPITAL,2070 CLINTON AVENUE,ALAMEDA,CA,94501,ALAMEDA,16.666666666667,4.166666666667,17.000000000000,4.250000000000,36.666666666667,9.166666666667,10.000000000000,2.500000000000,20.083333333333
2026,050222,SHARP CHULA VISTA MEDICAL CENTER,751 MEDICAL CENTER COURT,CHULA VISTA,CA,91911,SAN DIEGO,50.000000000000,12.500000000000,35.000000000000,8.750000000000,11.666666666667,2.916666666667,20.000000000000,5.000000000000,29.166666666667
2026,050224,HOAG MEMORIAL HOSPITAL PRESBYTERIAN,ONE HOAG DRIVE,NEWPORT BEACH,CA,92663,ORANGE,28.000000000000,7.000000000000,47.000000000000,11.750000000000,53.333333333333,13.333333333333,0.000000000000,0.000000000000,32.083333333333
2026,050226,AHMC ANAHEIM REGIONAL MEDICAL CENTER,1111 W LA PALMA AVENUE,ANAHEIM,CA,92801,ORANGE,48.000000000000,12.000000000000,20.000000000000,5.000000000000,58.000000000000,14.500000000000,0.000000000000,0.000000000000,31.500000000000
2026,050228,ZUCKERBERG SAN FRANCISCO GENERAL HOSP & TRAUMA CTR,1001 POTRERO AVENUE,SAN FRANCISCO,CA,94110,SAN FRANCISCO,50.000000000000,12.500000000000,19.000000000000,4.750000000000,13.333333333333,3.333333333333,50.000000000000,12.500000000000,33.083333333333
2026,050230,GARDEN GROVE HOSPITAL & MEDICAL CENTER,12601 GARDEN GROVE BLVD,GARDEN GROVE,CA,92843,ORANGE,30.000000000000,7.500000000000,11.000000000000,2.750000000000,26.666666666667,6.666666666667,0.000000000000,0.000000000000,16.916666666667
2026,050231,POMONA VALLEY HOSPITAL MEDICAL CENTER,1798 N GAREY AVE,POMONA,CA,91767,LOS ANGELES,26.666666666667,6.666666666667,16.000000000000,4.000000000000,33.333333333333,8.333333333333,0.000000000000,0.000000000000,19.000000000000
2026,050232,FRENCH HOSPITAL MEDICAL CENTER,1911 JOHNSON AVE,SAN LUIS OBISPO,CA,93401,SAN LUIS OBISPO,18.333333333333,4.583333333333,41.000000000000,10.250000000000,54.000000000000,13.500000000000,40.000000000000,10.000000000000,38.333333333333
2026,050234,SHARP CORONADO HOSPITAL AND HLTHCR CTR,250 PROSPECT PLACE,CORONADO,CA,92118,SAN DIEGO,25.000000000000,6.250000000000,71.000000000000,17.750000000000,43.333333333333,10.833333333333,80.000000000000,20.000000000000,54.833333333333
2026,050235,PROVIDENCE SAINT JOSEPH MEDICAL CTR,501 SOUTH BUENA VISTA STREET,BURBANK,CA,91505,LOS ANGELES,36.666666666667,9.166666666667,17.000000000000,4.250000000000,31.666666666667,7.916666666667,0.000000000000,0.000000000000,21.333333333333
2026,050236,ADVENTIST HEALTH SIMI VALLEY,2975 N SYCAMORE DR,SIMI VALLEY,CA,93065,VENTURA,34.000000000000,8.500000000000,31.000000000000,7.750000000000,50.000000000000,12.500000000000,0.000000000000,0.000000000000,28.750000000000
2026,050238,USC ARCADIA HOSPITAL,300 W HUNTINGTON DR,ARCADIA,CA,91007,LOS ANGELES,35.000000000000,8.750000000000,12.000000000000,3.000000000000,33.333333333333,8.333333333333,0.000000000000,0.000000000000,20.083333333333
2026,050239,GLENDALE ADVENTIST MEDICAL CENTER,1509 E WILSON TERRACE,GLENDALE,CA,91206,LOS ANGELES,73.333333333333,18.333333333333,36.000000000000,9.000000000000,71.666666666667,17.916666666667,0.000000000000,0.000000000000,45.250000000000
2026,050242,DOMINICAN HOSPITAL,1555 SOQUEL DRIVE,SANTA CRUZ,CA,95065,SANTA CRUZ,28.000000000000,7.000000000000,21.000000000000,5.250000000000,30.000000000000,7.500000000000,0.000000000000,0.000000000000,19.750000000000
2026,050243,DESERT REGIONAL MEDICAL CENTER,1150 NORTH INDIAN CANYON DRIVE,PALM SPRINGS,CA,92262,RIVERSIDE,24.000000000000,6.000000000000,24.000000000000,6.000000000000,20.000000000000,5.000000000000,0.000000000000,0.000000000000,17.000000000000
2026,050245,ARROWHEAD REGIONAL MEDICAL CENTER,400 NORTH PEPPER AVENUE,COLTON,CA,92324,SAN BERNARDINO,23.333333333333,5.833333333333,34.000000000000,8.500000000000,20.000000000000,5.000000000000,0.000000000000,0.000000000000,19.333333333333
2026,050248,NATIVIDAD MEDICAL CENTER,1441 CONSTITUTION BOULEVARD,SALINAS,CA,93906,MONTEREY,23.333333333333,5.833333333333,22.000000000000,5.500000000000,51.666666666667,12.916666666667,0.000000000000,0.000000000000,24.250000000000
2026,050254,MARSHALL MEDICAL CENTER,1100 MARSHALL WAY,PLACERVILLE,CA,95667,EL DORADO,14.000000000000,3.500000000000,31.000000000000,7.750000000000,66.666666666667,16.666666666667,50.000000000000,12.500000000000,40.416666666667
2026,050261,SIERRA VIEW MEDICAL CENTER,465 W PUTNAM AVE,PORTERVILLE,CA,93257,TULARE,12.000000000000,3.000000000000,14.000000000000,3.500000000000,60.000000000000,15.000000000000,0.000000000000,0.000000000000,21.500000000000
2026,050262,RONALD REAGAN UCLA MEDICAL CENTER,757 WESTWOOD PLAZA,LOS ANGELES,CA,90095,LOS ANGELES,72.000000000000,18.000000000000,31.000000000000,7.750000000000,16.666666666667,4.166666666667,10.000000000000,2.500000000000,32.416666666667
2026,050272,REDLANDS COMMUNITY HOSPITAL,350 TERRACINA BLVD,REDLANDS,CA,92373,SAN BERNARDINO,22.500000000000,5.625000000000,40.000000000000,10.000000000000,20.000000000000,5.000000000000,0.000000000000,0.000000000000,20.625000000000
2026,050276,CONTRA COSTA REGIONAL MEDICAL CENTER,2500 ALHAMBRA AVENUE,MARTINEZ,CA,94553,CONTRA COSTA,23.333333333333,5.833333333333,29.000000000000,7.250000000000,44.000000000000,11.000000000000,40.000000000000,10.000000000000,34.083333333333
2026,050278,PROVIDENCE HOLY CROSS MEDICAL CENTER,15031 RINALDI ST,MISSION HILLS,CA,91346,LOS ANGELES,32.000000000000,8.000000000000,35.000000000000,8.750000000000,36.666666666667,9.166666666667,0.000000000000,0.000000000000,25.916666666667
2026,050279,HI-DESERT MEDICAL CENTER,6601 WHITE FEATHER ROAD,JOSHUA TREE,CA,92252,SAN BERNARDINO,0.000000000000,0.000000000000,29.000000000000,7.250000000000,65.000000000000,16.250000000000,60.000000000000,15.000000000000,38.500000000000
2026,050280,MERCY MEDICAL CENTER REDDING,"2175 ROSALINE AVE, CLAIRMONT HGTS",REDDING,CA,96001,SHASTA,30.000000000000,7.500000000000,17.000000000000,4.250000000000,50.000000000000,12.500000000000,0.000000000000,0.000000000000,24.250000000000
2026,050281,ALHAMBRA HOSPITAL MEDICAL CENTER,100 S RAYMOND AVE,ALHAMBRA,CA,91801,LOS ANGELES,35.000000000000,8.750000000000,41.000000000000,10.250000000000,70.000000000000,17.500000000000,0.000000000000,0.000000000000,36.500000000000
2026,050283,STANFORD HEALTH CARE TRI-VALLEY,5555 WEST LAS POSITAS BOULEVARD,PLEASANTON,CA,94588,ALAMEDA,38.333333333333,9.583333333333,33.000000000000,8.250000000000,70.000000000000,17.500000000000,0.000000000000,0.000000000000,35.333333333333
2026,050289,AHMC SETON MEDICAL CENTER,1900 SULLIVAN AVENUE,DALY CITY,CA,94015,SAN MATEO,5.000000000000,1.250000000000,27.000000000000,6.750000000000,46.666666666667,11.666666666667,0.000000000000,0.000000000000,19.666666666667
2026,050290,SAINT JOHN'S HEALTH CENTER,2121 SANTA MONICA BLVD,SANTA MONICA,CA,90404,LOS ANGELES,58.333333333333,14.583333333333,24.000000000000,6.000000000000,41.666666666667,10.416666666667,0.000000000000,0.000000000000,31.000000000000
2026,050291,SUTTER SANTA ROSA REGIONAL HOSPITAL,30 MARK WEST SPRINGS ROAD,SANTA ROSA,CA,95403,SONOMA,44.000000000000,11.000000000000,37.000000000000,9.250000000000,56.666666666667,14.166666666667,30.000000000000,7.500000000000,41.916666666667
2026,050292,RIVERSIDE UNIVERSITY HEALTH SYSTEM-MEDICAL CENTER,26520 CACTUS AVENUE,MORENO VALLEY,CA,92555,RIVERSIDE,16.666666666667,4.166666666667,32.000000000000,8.000000000000,58.333333333333,14.583333333333,0.000000000000,0.000000000000,26.750000000000
2026,050295,MERCY HOSPITAL,2215 TRUXTUN AVENUE,BAKERSFIELD,CA,93301,KERN,27.500000000000,6.875000000000,17.000000000000,4.250000000000,70.000000000000,17.500000000000,0.000000000000,0.000000000000,28.625000000000
2026,050298,BARSTOW COMMUNITY HOSPITAL,820 E MOUNTAIN VIEW STREET,BARSTOW,CA,92311,SAN BERNARDINO,0.000000000000,0.000000000000,41.000000000000,10.250000000000,45.000000000000,11.250000000000,0.000000000000,0.000000000000,21.500000000000
2026,050300,PROVIDENCE ST MARY MEDICAL CENTER,18300 HIGHWAY 18,APPLE VALLEY,CA,92307,SAN BERNARDINO,30.000000000000,7.500000000000,12.000000000000,3.000000000000,23.333333333333,5.833333333333,0.000000000000,0.000000000000,16.333333333333
2026,050301,ADVENTIST HEALTH UKIAH VALLEY,275 HOSPITAL DRIVE,UKIAH,CA,95482,MENDOCINO,26.666666666667,6.666666666667,20.000000000000,5.000000000000,67.500000000000,16.875000000000,40.000000000000,10.000000000000,38.541666666667
2026,050305,ALTA BATES SUMMIT MEDICAL CENTER - ALTA BATES CAMP,2450 ASHBY AVENUE,BERKELEY,CA,94705,ALAMEDA,52.000000000000,13.000000000000,15.000000000000,3.750000000000,31.666666666667,7.916666666667,20.000000000000,5.000000000000,29.666666666667
2026,050308,EL CAMINO HEALTH,2500 GRANT ROAD,MOUNTAIN VIEW,CA,94040,SANTA CLARA,43.333333333333,10.833333333333,44.000000000000,11.000000000000,51.666666666667,12.916666666667,0.000000000000,0.000000000000,34.750000000000
2026,050309,SUTTER ROSEVILLE MEDICAL CENTER,ONE MEDICAL PLAZA,ROSEVILLE,CA,95661,PLACER,44.000000000000,11.000000000000,57.000000000000,14.250000000000,63.333333333333,15.833333333333,20.000000000000,5.000000000000,46.083333333333
2026,050313,SUTTER TRACY COMMUNITY HOSPITAL,1420 NORTH TRACY BLVD,TRACY,CA,95376,SAN JOAQUIN,10.000000000000,2.500000000000,14.000000000000,3.500000000000,60.000000000000,15.000000000000,10.000000000000,2.500000000000,23.500000000000
2026,050315,KERN MEDICAL CENTER,1700 MOUNT VERNON AVENUE,BAKERSFIELD,CA,93306,KERN,0.000000000000,0.000000000000,23.000000000000,5.750000000000,33.333333333333,8.333333333333,10.000000000000,2.500000000000,16.583333333333
2026,050320,HIGHLAND HOSPITAL,1411 EAST 31ST STREET,OAKLAND,CA,94602,ALAMEDA,40.000000000000,10.000000000000,16.000000000000,4.000000000000,20.000000000000,5.000000000000,10.000000000000,2.500000000000,21.500000000000
2026,050324,SCRIPPS MEMORIAL HOSPITAL LA JOLLA,9888 GENESEE AVENUE,LA JOLLA,CA,92037,SAN DIEGO,51.666666666667,12.916666666667,59.000000000000,14.750000000000,55.000000000000,13.750000000000,10.000000000000,2.500000000000,43.916666666667
2026,050327,LOMA LINDA UNIVERSITY MEDICAL CENTER,11234 ANDERSON ST,LOMA LINDA,CA,92354,SAN BERNARDINO,44.000000000000,11.000000000000,36.000000000000,9.000000000000,41.666666666667,10.416666666667,0.000000000000,0.000000000000,30.416666666667
2026,050329,CORONA REGIONAL MEDICAL CENTER,800 SOUTH MAIN STREET,CORONA,CA,92882,RIVERSIDE,25.000000000000,6.250000000000,13.000000000000,3.250000000000,62.000000000000,15.500000000000,0.000000000000,0.000000000000,25.000000000000
2026,050334,SALINAS VALLEY MEMORIAL HOSPITAL,450 EAST ROMIE LANE,SALINAS,CA,93901,MONTEREY,64.000000000000,16.000000000000,39.000000000000,9.750000000000,43.333333333333,10.833333333333,10.000000000000,2.500000000000,39.083333333333
2026,050335,ADVENTIST HEALTH SONORA,1000 GREENLEY ROAD,SONORA,CA,95370,TUOLUMNE,42.500000000000,10.625000000000,21.000000000000,5.250000000000,35.000000000000,8.750000000000,60.000000000000,15.000000000000,39.625000000000
2026,050336,ADVENTIST HEALTH LODI MEMORIAL,975 S FAIRMONT AVENUE,LODI,CA,95240,SAN JOAQUIN,17.500000000000,4.375000000000,28.000000000000,7.000000000000,33.333333333333,8.333333333333,10.000000000000,2.500000000000,22.208333333333
2026,050342,PIONEERS MEMORIAL HEALTHCARE DISTRICT,207 WEST LEGION ROAD,BRAWLEY,CA,92227,IMPERIAL,13.333333333333,3.333333333333,22.000000000000,5.500000000000,50.000000000000,12.500000000000,60.000000000000,15.000000000000,36.333333333333
2026,050348,UCI HEALTH-ORANGE,101 CITY DRIVE SOUTH,ORANGE,CA,92868,ORANGE,28.333333333333,7.083333333333,35.000000000000,8.750000000000,41.666666666667,10.416666666667,0.000000000000,0.000000000000,26.250000000000
2026,050351,TORRANCE MEMORIAL MEDICAL CENTER,3330 LOMITA BLVD,TORRANCE,CA,90509,LOS ANGELES,71.666666666667,17.916666666667,48.000000000000,12.000000000000,38.333333333333,9.583333333333,30.000000000000,7.500000000000,47.000000000000
2026,050352,BARTON MEMORIAL HOSPITAL,2170 SOUTH AVENUE,SOUTH LAKE TAHOE,CA,96150,EL DORADO,15.000000000000,3.750000000000,68.000000000000,17.000000000000,25.000000000000,6.250000000000,80.000000000000,20.000000000000,47.000000000000
2026,050353,PROVIDENCE LITTLE COMPANY OF MARY MED CTR TORRANCE,4101 TORRANCE BLVD,TORRANCE,CA,90503,LOS ANGELES,40.000000000000,10.000000000000,28.000000000000,7.000000000000,66.666666666667,16.666666666667,10.000000000000,2.500000000000,36.166666666667
2026,050357,GOLETA VALLEY COTTAGE HOSPITAL,351 S PATTERSON AVE,SANTA BARBARA,CA,93111,SANTA BARBARA,30.000000000000,7.500000000000,64.000000000000,16.000000000000,75.000000000000,18.750000000000,0.000000000000,0.000000000000,42.250000000000
2026,050360,MARINHEALTH MEDICAL CENTER,250 BON AIR ROAD,GREENBRAE,CA,94904,MARIN,68.333333333333,17.083333333333,20.000000000000,5.000000000000,33.333333333333,8.333333333333,10.000000000000,2.500000000000,32.916666666667
2026,050367,NORTHBAY MEDICAL CENTER,1200 B  GALE WILSON BLVD,FAIRFIELD,CA,94533,SOLANO,18.000000000000,4.500000000000,15.000000000000,3.750000000000,30.000000000000,7.500000000000,30.000000000000,7.500000000000,23.250000000000
2026,050373,LOS ANGELES GENERAL MEDICAL CENTER,"2051 MARENGO ST, ROOM C2K100",LOS ANGELES,CA,90033,LOS ANGELES,22.500000000000,5.625000000000,12.000000000000,3.000000000000,46.666666666667,11.666666666667,40.000000000000,10.000000000000,30.291666666667
2026,050376,LAC/HARBOR-UCLA MED CENTER,1000 W CARSON ST,TORRANCE,CA,90509,LOS ANGELES,15.000000000000,3.750000000000,3.000000000000,0.750000000000,8.333333333333,2.083333333333,50.000000000000,12.500000000000,19.083333333333
2026,050380,GOOD SAMARITAN HOSPITAL,2425 SAMARITAN DRIVE,SAN JOSE,CA,95124,SANTA CLARA,25.000000000000,6.250000000000,25.000000000000,6.250000000000,31.666666666667,7.916666666667,0.000000000000,0.000000000000,20.416666666667
2026,050382,EMANATE HEALTH INTER-COMMUNITY HOSPITAL,210 W  SAN BERNARDINO ROAD,COVINA,CA,91723,LOS ANGELES,6.666666666667,1.666666666667,10.000000000000,2.500000000000,35.000000000000,8.750000000000,0.000000000000,0.000000000000,12.916666666667
2026,050390,HEMET GLOBAL MEDICAL CENTER,1117 EAST DEVONSHIRE,HEMET,CA,92543,RIVERSIDE,43.333333333333,10.833333333333,3.000000000000,0.750000000000,45.000000000000,11.250000000000,0.000000000000,0.000000000000,22.833333333333
2026,050394,COMMUNITY MEMORIAL HOSPITAL - VENTURA,147 NORTH BRENT STREET,VENTURA,CA,93003,VENTURA,15.000000000000,3.750000000000,46.000000000000,11.500000000000,30.000000000000,7.500000000000,0.000000000000,0.000000000000,22.750000000000
2026,050396,SANTA BARBARA COTTAGE HOSPITAL,400 WEST PUEBLO,SANTA BARBARA,CA,93105,SANTA BARBARA,41.666666666667,10.416666666667,58.000000000000,14.500000000000,33.333333333333,8.333333333333,0.000000000000,0.000000000000,33.250000000000
2026,050407,CHINESE HOSPITAL,845 JACKSON ST,SAN FRANCISCO,CA,94133,SAN FRANCISCO,0.000000000000,0.000000000000,19.000000000000,4.750000000000,35.000000000000,8.750000000000,50.000000000000,12.500000000000,26.000000000000
2026,050411,KAISER FOUNDATION HOSPITAL - SOUTH BAY,25825 SOUTH VERMONT AVENUE,HARBOR CITY,CA,90710,LOS ANGELES,Not Available,Not Available,36.000000000000,12.000000000000,28.333333333333,9.444444444444,20.000000000000,6.666666666667,28.111111111111
2026,050414,MERCY HOSPITAL OF FOLSOM,1650 CREEKSIDE DRIVE,FOLSOM,CA,95630,SACRAMENTO,10.000000000000,2.500000000000,36.000000000000,9.000000000000,76.666666666667,19.166666666667,30.000000000000,7.500000000000,38.166666666667
2026,050417,SUTTER COAST HOSPITAL,800 E WASHINGTON BLVD,CRESCENT CITY,CA,95531,DEL NORTE,5.000000000000,1.250000000000,47.000000000000,11.750000000000,36.666666666667,9.166666666667,40.000000000000,10.000000000000,32.166666666667
2026,050424,SCRIPPS GREEN HOSPITAL,10666 NORTH TORREY PINES ROAD,LA JOLLA,CA,92037,SAN DIEGO,70.000000000000,17.500000000000,89.000000000000,22.250000000000,51.666666666667,12.916666666667,40.000000000000,10.000000000000,62.666666666667
2026,050425,KAISER FOUNDATION HOSPITAL - SACRAMENTO,2025 MORSE AVENUE,SACRAMENTO,CA,95825,SACRAMENTO,15.000000000000,3.750000000000,12.000000000000,3.000000000000,35.000000000000,8.750000000000,20.000000000000,5.000000000000,20.500000000000
2026,050426,WEST ANAHEIM MEDICAL CENTER,3033 W ORANGE AVENUE,ANAHEIM,CA,92804,ORANGE,50.000000000000,12.500000000000,8.000000000000,2.000000000000,51.666666666667,12.916666666667,0.000000000000,0.000000000000,27.416666666667
2026,050438,HUNTINGTON HOSPITAL,100 W  CALIFORNIA BLVD,PASADENA,CA,91109,LOS ANGELES,53.333333333333,13.333333333333,24.000000000000,6.000000000000,26.666666666667,6.666666666667,0.000000000000,0.000000000000,26.000000000000
2026,050441,STANFORD HEALTH CARE,300 PASTEUR DRIVE,STANFORD,CA,94305,SANTA CLARA,66.666666666667,16.666666666667,72.000000000000,18.000000000000,13.333333333333,3.333333333333,0.000000000000,0.000000000000,38.000000000000
2026,050444,MERCY MEDICAL CENTER,333 MERCY AVENUE,MERCED,CA,95340,MERCED,0.000000000000,0.000000000000,20.000000000000,5.000000000000,51.666666666667,12.916666666667,40.000000000000,10.000000000000,27.916666666667
2026,050454,UCSF MEDICAL CENTER,"505 PARNASSUS AVE, BOX 0296",SAN FRANCISCO,CA,94143,SAN FRANCISCO,70.000000000000,17.500000000000,52.000000000000,13.000000000000,25.000000000000,6.250000000000,10.000000000000,2.500000000000,39.250000000000
2026,050455,ADVENTIST HEALTH BAKERSFIELD,2615 CHESTER AVENUE,BAKERSFIELD,CA,93301,KERN,12.500000000000,3.125000000000,16.000000000000,4.000000000000,50.000000000000,12.500000000000,0.000000000000,0.000000000000,19.625000000000
2026,050457,UCSF HEALTH ST. MARY'S HOSPITAL,450 STANYAN ST,SAN FRANCISCO,CA,94117,SAN FRANCISCO,42.000000000000,10.500000000000,32.000000000000,8.000000000000,70.000000000000,17.500000000000,10.000000000000,2.500000000000,38.500000000000
2026,050464,DOCTORS MEDICAL CENTER,1441 FLORIDA AVENUE,MODESTO,CA,95350,STANISLAUS,22.000000000000,5.500000000000,16.000000000000,4.000000000000,13.333333333333,3.333333333333,0.000000000000,0.000000000000,12.833333333333
2026,050468,MEMORIAL HOSPITAL OF GARDENA,1145 W REDONDO BEACH BLVD,GARDENA,CA,90247,LOS ANGELES,56.666666666667,14.166666666667,10.000000000000,2.500000000000,50.000000000000,12.500000000000,20.000000000000,5.000000000000,34.166666666667
2026,050481,UCLA WEST VALLEY MEDICAL CENTER,7300 MEDICAL CENTER DR,WEST HILLS,CA,91307,LOS ANGELES,51.666666666667,12.916666666667,12.000000000000,3.000000000000,15.000000000000,3.750000000000,0.000000000000,0.000000000000,19.666666666667
2026,050485,MEMORIALCARE LONG BEACH MEDICAL CENTER,2801 ATLANTIC AVE,LONG BEACH,CA,90806,LOS ANGELES,23.333333333333,5.833333333333,20.000000000000,5.000000000000,31.666666666667,7.916666666667,0.000000000000,0.000000000000,18.750000000000
2026,050488,EDEN MEDICAL CENTER,20103 LAKE CHABOT ROAD,CASTRO VALLEY,CA,94546,ALAMEDA,18.000000000000,4.500000000000,19.000000000000,4.750000000000,56.666666666667,14.166666666667,0.000000000000,0.000000000000,23.416666666667
2026,050492,CLOVIS COMMUNITY MEDICAL CENTER,2755 HERNDON AVE,CLOVIS,CA,93611,FRESNO,10.000000000000,2.500000000000,46.000000000000,11.500000000000,5.000000000000,1.250000000000,0.000000000000,0.000000000000,15.250000000000
2026,050496,JOHN MUIR MEDICAL CENTER - CONCORD CAMPUS,2540 EAST ST,CONCORD,CA,94520,CONTRA COSTA,70.000000000000,17.500000000000,30.000000000000,7.500000000000,26.666666666667,6.666666666667,10.000000000000,2.500000000000,34.166666666667
2026,050498,SUTTER AUBURN FAITH HOSPITAL,11815 EDUCATION STREET,AUBURN,CA,95603,PLACER,0.000000000000,0.000000000000,46.000000000000,11.500000000000,95.000000000000,23.750000000000,50.000000000000,12.500000000000,47.750000000000
2026,050503,SCRIPPS MEMORIAL HOSPITAL - ENCINITAS,354 SANTA FE DRIVE,ENCINITAS,CA,92024,SAN DIEGO,56.000000000000,14.000000000000,51.000000000000,12.750000000000,56.666666666667,14.166666666667,30.000000000000,7.500000000000,48.416666666667
2026,050506,ADVENTIST HEALTH SIERRA VISTA,1010 MURRAY ST,SAN LUIS OBISPO,CA,93405,SAN LUIS OBISPO,22.500000000000,5.625000000000,19.000000000000,4.750000000000,38.000000000000,9.500000000000,20.000000000000,5.000000000000,24.875000000000
2026,050510,KAISER FOUNDATION HOSPITAL,99 MONTECILLO RD,SAN RAFAEL,CA,94903,MARIN,Not Available,Not Available,39.000000000000,13.000000000000,46.000000000000,15.333333333333,40.000000000000,13.333333333333,41.666666666667
2026,050512,KAISER FOUNDATION HOSPITAL - FREMONT,39400 PASEO PADRE PKWY,FREMONT,CA,94538,ALAMEDA,Not Available,Not Available,25.000000000000,8.333333333333,50.000000000000,16.666666666667,100.000000000000,33.333333333333,58.333333333333
2026,050515,KAISER FOUNDATION HOSPITAL - SAN DIEGO,4647 ZION AVE,SAN DIEGO,CA,92120,SAN DIEGO,Not Available,Not Available,60.000000000000,20.000000000000,50.000000000000,16.666666666667,80.000000000000,26.666666666667,63.333333333333
2026,050516,MERCY SAN JUAN MEDICAL CENTER,6501 COYLE AVE,CARMICHAEL,CA,95608,SACRAMENTO,11.666666666667,2.916666666667,28.000000000000,7.000000000000,50.000000000000,12.500000000000,0.000000000000,0.000000000000,22.416666666667
2026,050517,VICTOR VALLEY GLOBAL MEDICAL CENTER,15248 11TH ST,VICTORVILLE,CA,92395,SAN BERNARDINO,0.000000000000,0.000000000000,0.000000000000,0.000000000000,28.000000000000,7.000000000000,0.000000000000,0.000000000000,7.000000000000
2026,050523,SUTTER DELTA MEDICAL CENTER,3901 LONE TREE WAY,ANTIOCH,CA,94509,CONTRA COSTA,12.500000000000,3.125000000000,26.000000000000,6.500000000000,70.000000000000,17.500000000000,20.000000000000,5.000000000000,32.125000000000
2026,050526,HUNTINGTON BEACH HOSPITAL,17772 BEACH BLVD,HUNTINGTON BEACH,CA,92647,ORANGE,30.000000000000,7.500000000000,6.000000000000,1.500000000000,6.666666666667,1.666666666667,0.000000000000,0.000000000000,10.666666666667
2026,050528,MEMORIAL HOSPITAL LOS BANOS,520 WEST I ST,LOS BANOS,CA,93635,MERCED,5.000000000000,1.250000000000,44.000000000000,11.000000000000,55.000000000000,13.750000000000,30.000000000000,7.500000000000,33.500000000000
2026,050534,JOHN F KENNEDY MEMORIAL HOSPITAL,47111 MONROE STREET,INDIO,CA,92201,RIVERSIDE,0.000000000000,0.000000000000,19.000000000000,4.750000000000,80.000000000000,20.000000000000,20.000000000000,5.000000000000,29.750000000000
2026,050537,SUTTER DAVIS HOSPITAL,2000 SUTTER PLACE,DAVIS,CA,95616,YOLO,20.000000000000,5.000000000000,41.000000000000,10.250000000000,55.000000000000,13.750000000000,70.000000000000,17.500000000000,46.500000000000
2026,050541,KAISER FOUNDATION HOSPITAL - REDWOOD CITY,1100 VETERANS BOULEVARD,REDWOOD CITY,CA,94063,SAN MATEO,Not Available,Not Available,59.000000000000,19.666666666667,73.333333333333,24.444444444444,30.000000000000,10.000000000000,54.111111111111
2026,050549,LOS ROBLES HOSPITAL & MEDICAL CENTER,215 W JANSS RD,THOUSAND OAKS,CA,91360,VENTURA,63.333333333333,15.833333333333,17.000000000000,4.250000000000,43.333333333333,10.833333333333,0.000000000000,0.000000000000,30.916666666667
2026,050551,UCI HEALTH - LOS ALAMITOS,3751 KATELLA AVENUE,LOS ALAMITOS,CA,90720,ORANGE,17.500000000000,4.375000000000,7.000000000000,1.750000000000,38.333333333333,9.583333333333,0.000000000000,0.000000000000,15.708333333333
2026,050557,MEMORIAL MEDICAL CENTER,1700 COFFEE RD,MODESTO,CA,95355,STANISLAUS,35.000000000000,8.750000000000,34.000000000000,8.500000000000,41.666666666667,10.416666666667,20.000000000000,5.000000000000,32.666666666667
2026,050561,KAISER FOUNDATION HOSPITAL - WEST LA,6041 CADILLAC AVE,LOS ANGELES,CA,90034,LOS ANGELES,20.000000000000,5.000000000000,46.000000000000,11.500000000000,43.333333333333,10.833333333333,0.000000000000,0.000000000000,27.333333333333
2026,050567,PROVIDENCE MISSION HOSPITAL,27700 MEDICAL CENTER RD,MISSION VIEJO,CA,92691,ORANGE,21.666666666667,5.416666666667,26.000000000000,6.500000000000,46.666666666667,11.666666666667,0.000000000000,0.000000000000,23.583333333333
2026,050570,UCI HEALTH - FOUNTAIN VALLEY,17100 EUCLID STREET,FOUNTAIN VALLEY,CA,92708,ORANGE,26.666666666667,6.666666666667,12.000000000000,3.000000000000,31.666666666667,7.916666666667,0.000000000000,0.000000000000,17.583333333333
2026,050573,EISENHOWER MEDICAL CENTER,39-000 BOB HOPE DRIVE,RANCHO MIRAGE,CA,92270,RIVERSIDE,38.333333333333,9.583333333333,35.000000000000,8.750000000000,43.333333333333,10.833333333333,10.000000000000,2.500000000000,31.666666666667
2026,050580,LA PALMA INTERCOMMUNITY HOSPITAL,7901 WALKER STREET,LA PALMA,CA,90623,ORANGE,66.666666666667,16.666666666667,9.000000000000,2.250000000000,36.666666666667,9.166666666667,0.000000000000,0.000000000000,28.083333333333
2026,050581,UCI HEALTH-LAKEWOOD,3700 SOUTH ST,LAKEWOOD,CA,90712,LOS ANGELES,38.000000000000,9.500000000000,11.000000000000,2.750000000000,41.666666666667,10.416666666667,0.000000000000,0.000000000000,22.666666666667
2026,050586,CHINO VALLEY MEDICAL CENTER,5451 WALNUT AVE,CHINO,CA,91710,SAN BERNARDINO,60.000000000000,15.000000000000,22.000000000000,5.500000000000,83.333333333333,20.833333333333,0.000000000000,0.000000000000,41.333333333333
2026,050588,SAN DIMAS COMMUNITY HOSPITAL,1350 W COVINA BLVD,SAN DIMAS,CA,91773,LOS ANGELES,6.666666666667,1.666666666667,18.000000000000,4.500000000000,57.500000000000,14.375000000000,0.000000000000,0.000000000000,20.541666666667
2026,050589,UCI HEALTH-PLACENTIA LINDA,1301 N ROSE DRIVE,PLACENTIA,CA,92870,ORANGE,16.666666666667,4.166666666667,10.000000000000,2.500000000000,60.000000000000,15.000000000000,0.000000000000,0.000000000000,21.666666666667
2026,050590,METHODIST HOSPITAL OF SACRAMENTO,7500 HOSPITAL DRIVE,SACRAMENTO,CA,95823,SACRAMENTO,17.500000000000,4.375000000000,25.000000000000,6.250000000000,43.333333333333,10.833333333333,30.000000000000,7.500000000000,28.958333333333
2026,050597,EMANATE HEALTH FOOTHILL PRESBYTERIAN HOSPITAL,250 S GRAND AVE,GLENDORA,CA,91740,LOS ANGELES,10.000000000000,2.500000000000,10.000000000000,2.500000000000,60.000000000000,15.000000000000,0.000000000000,0.000000000000,20.000000000000
2026,050599,UNIVERSITY OF CALIFORNIA DAVIS MEDICAL CENTER,2315 STOCKTON BOULEVARD,SACRAMENTO,CA,95817,SACRAMENTO,51.666666666667,12.916666666667,20.000000000000,5.000000000000,18.333333333333,4.583333333333,0.000000000000,0.000000000000,22.500000000000
2026,050603,MEMORIALCARE SADDLEBACK MEDICAL CENTER,24451 HEALTH CENTER DRIVE,LAGUNA HILLS,CA,92653,ORANGE,30.000000000000,7.500000000000,39.000000000000,9.750000000000,53.333333333333,13.333333333333,0.000000000000,0.000000000000,30.583333333333
2026,050604,KAISER FOUNDATION HOSPITAL-SAN JOSE,250 HOSPITAL PARKWAY,SAN JOSE,CA,95119,SANTA CLARA,Not Available,Not Available,16.000000000000,5.333333333333,38.333333333333,12.777777777778,60.000000000000,20.000000000000,38.111111111111
2026,050608,ADVENTIST HEALTH DELANO,1401 GARCES HIGHWAY,DELANO,CA,93215,KERN,15.000000000000,5.000000000000,Not Available,Not Available,85.000000000000,28.333333333333,50.000000000000,16.666666666667,50.000000000000
2026,050609,KAISER FOUNDATION HOSPITAL - ORANGE COUNTY - ANAHEIM,3440 E LA PALMA AVE,ANAHEIM,CA,92806,ORANGE,Not Available,Not Available,58.000000000000,19.333333333333,43.333333333333,14.444444444444,70.000000000000,23.333333333333,57.111111111111
2026,050624,HENRY MAYO NEWHALL  HOSPITAL,23845  MCBEAN PKWY,VALENCIA,CA,91355,LOS ANGELES,20.000000000000,5.000000000000,23.000000000000,5.750000000000,31.666666666667,7.916666666667,10.000000000000,2.500000000000,21.166666666667
2026,050625,CEDARS-SINAI MEDICAL CENTER,8700 BEVERLY BLVD,LOS ANGELES,CA,90048,LOS ANGELES,88.333333333333,22.083333333333,30.000000000000,7.500000000000,31.666666666667,7.916666666667,0.000000000000,0.000000000000,37.500000000000
2026,050633,ADVENTIST HEALTH TWIN CITIES,1100 LAS TABLAS RD,TEMPLETON,CA,93465,SAN LUIS OBISPO,20.000000000000,5.000000000000,13.000000000000,3.250000000000,37.500000000000,9.375000000000,30.000000000000,7.500000000000,25.125000000000
2026,050636,PALOMAR MEDICAL CENTER POWAY,15615 POMERADO ROAD,POWAY,CA,92064,SAN DIEGO,10.000000000000,2.500000000000,6.000000000000,1.500000000000,38.000000000000,9.500000000000,0.000000000000,0.000000000000,13.500000000000
2026,050641,EAST LOS ANGELES DOCTORS HOSPITAL,4060 WHITTIER BLVD,LOS ANGELES,CA,90023,LOS ANGELES,0.000000000000,0.000000000000,11.000000000000,2.750000000000,5.000000000000,1.250000000000,0.000000000000,0.000000000000,4.000000000000
2026,050663,LOS ANGELES COMMUNITY HOSPITAL,4081 E OLYMPIC BLVD,LOS ANGELES,CA,90023,LOS ANGELES,100.000000000000,25.000000000000,1.000000000000,0.250000000000,37.500000000000,9.375000000000,0.000000000000,0.000000000000,34.625000000000
2026,050674,KAISER FOUNDATION HOSP SO SACRAMENTO,6600 BRUCEVILLE ROAD,SACRAMENTO,CA,95823,SACRAMENTO,13.333333333333,3.333333333333,23.000000000000,5.750000000000,21.666666666667,5.416666666667,30.000000000000,7.500000000000,22.000000000000
2026,050677,KAISER FOUNDATION HOSPITAL - WOODLAND HILLS,5601 DE SOTO AVENUE,WOODLAND HILLS,CA,91367,LOS ANGELES,Not Available,Not Available,30.000000000000,10.000000000000,26.666666666667,8.888888888889,30.000000000000,10.000000000000,28.888888888889
2026,050678,MEMORIALCARE ORANGE COAST MEDICAL CENTER,9920 TALBERT AVENUE,FOUNTAIN VALLEY,CA,92708,ORANGE,64.000000000000,16.000000000000,31.000000000000,7.750000000000,50.000000000000,12.500000000000,0.000000000000,0.000000000000,36.250000000000
2026,050684,MENIFEE GLOBAL MEDICAL CENTER,28400 MCCALL BOULEVARD,SUN CITY,CA,92585,RIVERSIDE,Not Available,Not Available,17.000000000000,5.666666666667,50.000000000000,16.666666666667,0.000000000000,0.000000000000,22.333333333333
2026,050686,"KAISER FOUNDATION HOSPITAL, RIVERSIDE",10800 MAGNOLIA AVENUE,RIVERSIDE,CA,92505,RIVERSIDE,Not Available,Not Available,43.000000000000,14.333333333333,56.666666666667,18.888888888889,10.000000000000,3.333333333333,36.555555555556
2026,050689,SAN RAMON REGIONAL MEDICAL CENTER,6001 NORRIS CANYON ROAD,SAN RAMON,CA,94583,CONTRA COSTA,40.000000000000,10.000000000000,23.000000000000,5.750000000000,23.333333333333,5.833333333333,10.000000000000,2.500000000000,24.083333333333
2026,050690,KAISER FOUNDATION HOSPITAL-SANTA ROSA,401 BICENTENNIAL WAY,SANTA ROSA,CA,95403,SONOMA,Not Available,Not Available,17.000000000000,5.666666666667,33.333333333333,11.111111111111,70.000000000000,23.333333333333,40.111111111111
2026,050696,KECK HOSPITAL OF USC,1500 SAN PABLO STREET,LOS ANGELES,CA,90033,LOS ANGELES,55.000000000000,13.750000000000,61.000000000000,15.250000000000,40.000000000000,10.000000000000,10.000000000000,2.500000000000,41.500000000000
2026,050701,SOUTHWEST HEALTHCARE RANCHO SPRINGS HOSPITAL,25500 MEDICAL CENTER DRIVE,MURRIETA,CA,92562,RIVERSIDE,37.500000000000,9.375000000000,27.000000000000,6.750000000000,38.333333333333,9.583333333333,0.000000000000,0.000000000000,25.708333333333
2026,050704,MISSION COMMUNITY HOSPITAL,14850 ROSCOE BLVD,PANORAMA CITY,CA,91402,LOS ANGELES,17.500000000000,4.375000000000,24.000000000000,6.000000000000,54.000000000000,13.500000000000,0.000000000000,0.000000000000,23.875000000000
2026,050709,DESERT VALLEY HOSPITAL,16850 BEAR VALLEY RD,VICTORVILLE,CA,92395,SAN BERNARDINO,42.000000000000,10.500000000000,11.000000000000,2.750000000000,64.000000000000,16.000000000000,30.000000000000,7.500000000000,36.750000000000
2026,050710,KAISER FOUNDATION HOSPITAL - FRESNO,7300 NORTH FRESNO ST,FRESNO,CA,93720,FRESNO,Not Available,Not Available,25.000000000000,8.333333333333,45.000000000000,15.000000000000,90.000000000000,30.000000000000,53.333333333333
2026,050717,LAC/RANCHO LOS AMIGOS NATIONAL REHABILITATION  CTR,7601 EAST IMPERIAL HIGHWAY,DOWNEY,CA,90242,LOS ANGELES,Not Available,Not Available,57.000000000000,19.000000000000,46.666666666667,15.555555555556,0.000000000000,0.000000000000,34.555555555556
2026,050723,KAISER FOUNDATION HOSPITAL - BALDWIN PARK,1011 BALDWIN PARK BLVD,BALDWIN PARK,CA,91706,LOS ANGELES,Not Available,Not Available,31.000000000000,10.333333333333,46.666666666667,15.555555555556,10.000000000000,3.333333333333,29.222222222222
2026,050735,WHITTIER HOSPITAL MEDICAL CENTER,9080 COLIMA RD,WHITTIER,CA,90605,LOS ANGELES,10.000000000000,2.500000000000,35.000000000000,8.750000000000,78.000000000000,19.500000000000,0.000000000000,0.000000000000,30.750000000000
2026,050736,MONTEREY PARK HOSPITAL,900 S ATLANTIC BLVD,MONTEREY PARK,CA,91754,LOS ANGELES,20.000000000000,5.000000000000,21.000000000000,5.250000000000,65.000000000000,16.250000000000,0.000000000000,0.000000000000,26.500000000000
2026,050737,GARFIELD MEDICAL CENTER,525 N GARFIELD AVE,MONTEREY PARK,CA,91754,LOS ANGELES,8.000000000000,2.000000000000,33.000000000000,8.250000000000,30.000000000000,7.500000000000,0.000000000000,0.000000000000,17.750000000000
2026,050739,CENTINELA HOSPITAL MEDICAL CENTER,555 EAST HARDY STREET,INGLEWOOD,CA,90301,LOS ANGELES,92.500000000000,23.125000000000,6.000000000000,1.500000000000,50.000000000000,12.500000000000,0.000000000000,0.000000000000,37.125000000000
2026,050740,CEDAR-SINAI MARINA DEL REY HOSPITAL,4650 LINCOLN BLVD,MARINA DEL REY,CA,90292,LOS ANGELES,55.000000000000,13.750000000000,17.000000000000,4.250000000000,65.000000000000,16.250000000000,20.000000000000,5.000000000000,39.250000000000
2026,050745,CHAPMAN GLOBAL MEDICAL CENTER,2601 E CHAPMAN AVE,ORANGE,CA,92869,ORANGE,35.000000000000,8.750000000000,28.000000000000,7.000000000000,5.000000000000,1.250000000000,0.000000000000,0.000000000000,17.000000000000
2026,050746,ORANGE COUNTY GLOBAL MEDICAL CENTER,1001 NORTH TUSTIN AVENUE,SANTA ANA,CA,92705,ORANGE,0.000000000000,0.000000000000,10.000000000000,2.500000000000,26.666666666667,6.666666666667,10.000000000000,2.500000000000,11.666666666667
2026,050748,KAISER FOUNDATION HOSPITAL MANTECA,1777 WEST YOSEMITE AVE,MANTECA,CA,95337,SAN JOAQUIN,Not Available,Not Available,38.000000000000,12.666666666667,46.666666666667,15.555555555556,20.000000000000,6.666666666667,34.888888888889
2026,050755,SHERMAN OAKS HOSPITAL,4929 VAN NUYS BLVD,SHERMAN OAKS,CA,91403,LOS ANGELES,44.000000000000,11.000000000000,0.000000000000,0.000000000000,80.000000000000,20.000000000000,0.000000000000,0.000000000000,31.000000000000
2026,050758,MONTCLAIR HOSPITAL MEDICAL CENTER,5000 SAN BERNARDINO ROAD,MONTCLAIR,CA,91763,SAN BERNARDINO,Not Available,Not Available,19.000000000000,6.333333333333,82.500000000000,27.500000000000,0.000000000000,0.000000000000,33.833333333333
2026,050760,KAISER FOUNDATION HOSPITAL - ANTIOCH,4501 SAND CREEK ROAD,ANTIOCH,CA,94531,CONTRA COSTA,0.000000000000,0.000000000000,21.000000000000,5.250000000000,51.666666666667,12.916666666667,20.000000000000,5.000000000000,23.166666666667
2026,050761,PROVIDENCE CEDARS SINAI TARZANA MEDICAL CENTER,18321 CLARK STREET,TARZANA,CA,91356,LOS ANGELES,40.000000000000,10.000000000000,42.000000000000,10.500000000000,36.666666666667,9.166666666667,0.000000000000,0.000000000000,29.666666666667
2026,050763,L A DOWNTOWN MEDICAL CENTER,1711 WEST TEMPLE STREET,LOS ANGELES,CA,90026,LOS ANGELES,83.333333333333,27.777777777778,Not Available,Not Available,100.000000000000,33.333333333333,0.000000000000,0.000000000000,61.111111111111
2026,050764,SHASTA REGIONAL MEDICAL CENTER,1100 BUTTE ST,REDDING,CA,96001,SHASTA,25.000000000000,6.250000000000,17.000000000000,4.250000000000,44.000000000000,11.000000000000,40.000000000000,10.000000000000,31.500000000000
2026,050767,KAISER FOUNDATION HOSPITAL - VACAVILLE,1 QUALITY DRIVE,VACAVILLE,CA,95688,SOLANO,Not Available,Not Available,27.000000000000,9.000000000000,46.666666666667,15.555555555556,70.000000000000,23.333333333333,47.888888888889
2026,050770,LOMA LINDA UNIVERSITY MEDICAL CENTER-MURRIETA,28062 BAXTER ROAD,MURRIETA,CA,92563,RIVERSIDE,14.000000000000,3.500000000000,25.000000000000,6.250000000000,75.000000000000,18.750000000000,0.000000000000,0.000000000000,28.500000000000
2026,050771,COAST PLAZA HOSPITAL,13100 STUDERBAKER ROAD,NORWALK,CA,90650,LOS ANGELES,0.000000000000,0.000000000000,Not Available,Not Available,0.000000000000,0.000000000000,0.000000000000,0.000000000000,0.000000000000
2026,050772,KAISER FOUNDATION HOSPITAL - ROSEVILLE,1600 EUREKA ROAD,ROSEVILLE,CA,95661,PLACER,Not Available,Not Available,23.000000000000,7.666666666667,55.000000000000,18.333333333333,80.000000000000,26.666666666667,52.666666666667
2026,050775,TEMECULA VALLEY HOSPITAL,31700 TEMECULA PKWY,TEMECULA,CA,92592,RIVERSIDE,18.333333333333,4.583333333333,27.000000000000,6.750000000000,45.000000000000,11.250000000000,0.000000000000,0.000000000000,22.583333333333
2026,050776,COLLEGE MEDICAL CENTER,2776 PACIFIC AVENUE,LONG BEACH,CA,90806,LOS ANGELES,25.000000000000,8.333333333333,Not Available,Not Available,95.000000000000,31.666666666667,0.000000000000,0.000000000000,40.000000000000
2026,050777,KAISER FOUNDATION HOSPITAL - SAN LEANDRO,2500 MERCED STREET,SAN LEANDRO,CA,94577,ALAMEDA,Not Available,Not Available,28.000000000000,9.333333333333,53.333333333333,17.777777777778,10.000000000000,3.333333333333,30.444444444444
2026,050779,"MARTIN LUTHER KING, JR. COMMUNITY HOSPITAL",1680 EAST 120TH STREET,LOS ANGELES,CA,90059,LOS ANGELES,45.000000000000,11.250000000000,25.000000000000,6.250000000000,82.000000000000,20.500000000000,40.000000000000,10.000000000000,48.000000000000
2026,050780,FOOTHILL REGIONAL MEDICAL CENTER,14662 NEWPORT AVE,TUSTIN,CA,92780,ORANGE,55.000000000000,13.750000000000,3.000000000000,0.750000000000,50.000000000000,12.500000000000,0.000000000000,0.000000000000,27.000000000000
2026,050782,CASA COLINA HOSPITAL,255 E BONITA AVE,POMONA,CA,91767,LOS ANGELES,15.000000000000,5.000000000000,75.000000000000,25.000000000000,Not Available,Not Available,0.000000000000,0.000000000000,30.000000000000
2026,050783,COLUSA MEDICAL CENTER,199 E WEBSTER STREET,COLUSA,CA,95932,COLUSA,6.666666666667,2.222222222222,Not Available,Not Available,0.000000000000,0.000000000000,60.000000000000,20.000000000000,22.222222222222
2026,050784,ADVENTIST HEALTH TULARE,869 NORTH CHERRY STREET,TULARE,CA,93274,TULARE,0.000000000000,0.000000000000,31.000000000000,7.750000000000,90.000000000000,22.500000000000,0.000000000000,0.000000000000,30.250000000000
2026,050855,KAISER FOUNDATION HOSPITAL - SAN MARCOS,360 RUSH DR,SAN MARCOS,CA,92078,SAN DIEGO,Not Available,Not Available,78.000000000000,26.000000000000,13.333333333333,4.444444444444,70.000000000000,23.333333333333,53.777777777778
2026,060001,BANNER NORTH COLORADO MEDICAL CENTER,1801 16TH ST,GREELEY,CO,80631,WELD,12.000000000000,3.000000000000,41.000000000000,10.250000000000,26.666666666667,6.666666666667,0.000000000000,0.000000000000,19.916666666667
2026,060003,LONGMONT UNITED HOSPITAL,1950 MOUNTAIN VIEW AVE,LONGMONT,CO,80501,BOULDER,16.666666666667,4.166666666667,11.000000000000,2.750000000000,85.000000000000,21.250000000000,0.000000000000,0.000000000000,28.166666666667
2026,060004,INTERMOUNTAIN HEALTH PLATTE VALLEY HOSPITAL,1600 PRAIRIE CENTER PKWY,BRIGHTON,CO,80601,ADAMS,0.000000000000,0.000000000000,39.000000000000,9.750000000000,53.333333333333,13.333333333333,0.000000000000,0.000000000000,23.083333333333
2026,060006,MONTROSE REGIONAL HEALTH,800 S 3RD ST,MONTROSE,CO,81401,MONTROSE,17.500000000000,4.375000000000,64.000000000000,16.000000000000,76.666666666667,19.166666666667,20.000000000000,5.000000000000,44.541666666667
2026,060009,LUTHERAN MEDICAL CENTER,8300 W 38TH AVE,WHEAT RIDGE,CO,80033,JEFFERSON,25.000000000000,6.250000000000,35.000000000000,8.750000000000,46.666666666667,11.666666666667,0.000000000000,0.000000000000,26.666666666667
2026,060010,POUDRE VALLEY HOSPITAL,1024 S LEMAY AVE,FORT COLLINS,CO,80524,LARIMER,34.000000000000,8.500000000000,46.000000000000,11.500000000000,43.333333333333,10.833333333333,10.000000000000,2.500000000000,33.333333333333
2026,060011,DENVER HEALTH & HOSPITAL AUTHORITY,777 BANNOCK ST,DENVER,CO,80204,DENVER,16.666666666667,4.166666666667,18.000000000000,4.500000000000,30.000000000000,7.500000000000,50.000000000000,12.500000000000,28.666666666667
2026,060012,ST MARY-CORWIN HOSPITAL,1008 MINNEQUA AVE,PUEBLO,CO,81004,PUEBLO,6.666666666667,1.666666666667,69.000000000000,17.250000000000,70.000000000000,17.500000000000,40.000000000000,10.000000000000,46.416666666667
2026,060013,MERCY REGIONAL MEDICAL CENTER,1010 THREE SPRINGS BLVD,DURANGO,CO,81301,LA PLATA,35.000000000000,8.750000000000,50.000000000000,12.500000000000,34.000000000000,8.500000000000,50.000000000000,12.500000000000,42.250000000000
2026,060014,HCA HEALTHONE PRESBYTERIAN ST LUKES,1719 E 19TH AVE,DENVER,CO,80218,DENVER,13.333333333333,3.333333333333,51.000000000000,12.750000000000,40.000000000000,10.000000000000,10.000000000000,2.500000000000,28.583333333333
2026,060015,CENTURA HEALTH-ST ANTHONY HOSPITAL,11600 W 2ND PL,LAKEWOOD,CO,80228,JEFFERSON,52.000000000000,13.000000000000,28.000000000000,7.000000000000,65.000000000000,16.250000000000,0.000000000000,0.000000000000,36.250000000000
2026,060020,"PARKVIEW MEDICAL CENTER, INC",400 W 16TH ST,PUEBLO,CO,81003,PUEBLO,35.000000000000,8.750000000000,16.000000000000,4.000000000000,33.333333333333,8.333333333333,0.000000000000,0.000000000000,21.083333333333
2026,060022,UCH-MEMORIAL HEALTH SYSTEM,1400 E BOULDER ST,COLORADO SPRINGS,CO,80909,EL PASO,36.666666666667,9.166666666667,33.000000000000,8.250000000000,35.000000000000,8.750000000000,10.000000000000,2.500000000000,28.666666666667
2026,060023,INTERMOUNTAIN HEALTH ST. MARY'S REGIONAL HOSPITAL,2635 N 7TH ST,GRAND JUNCTION,CO,81501,MESA,28.000000000000,7.000000000000,28.000000000000,7.000000000000,28.333333333333,7.083333333333,0.000000000000,0.000000000000,21.083333333333
2026,060024,UNIVERSITY OF COLORADO HOSPITAL AUTHORITY,12605 E 16TH AVE,AURORA,CO,80045,ADAMS,46.666666666667,11.666666666667,32.000000000000,8.000000000000,33.333333333333,8.333333333333,20.000000000000,5.000000000000,33.000000000000
2026,060027,BOULDER COMMUNITY HEALTH,4747 ARAPAHOE AVENUE,BOULDER,CO,80304,BOULDER,48.333333333333,12.083333333333,55.000000000000,13.750000000000,48.333333333333,12.083333333333,40.000000000000,10.000000000000,47.916666666667
2026,060028,SAINT JOSEPH HOSPITAL,1375 E 19TH AVE,DENVER,CO,80218,DENVER,15.000000000000,3.750000000000,65.000000000000,16.250000000000,43.333333333333,10.833333333333,10.000000000000,2.500000000000,33.333333333333
2026,060030,BANNER MCKEE MEDICAL CENTER,2000 BOISE AVE,LOVELAND,CO,80538,LARIMER,3.333333333333,0.833333333333,17.000000000000,4.250000000000,53.333333333333,13.333333333333,20.000000000000,5.000000000000,23.416666666667
2026,060031,CENTURA HEALTH-PENROSE ST FRANCIS HEALTH SERVICES,2222 N NEVADA AVE,COLORADO SPRINGS,CO,80907,EL PASO,36.666666666667,9.166666666667,11.000000000000,2.750000000000,55.000000000000,13.750000000000,0.000000000000,0.000000000000,25.666666666667
2026,060032,HCA HEALTHONE ROSE,4567 E 9TH AVE,DENVER,CO,80220,DENVER,27.500000000000,6.875000000000,46.000000000000,11.500000000000,80.000000000000,20.000000000000,0.000000000000,0.000000000000,38.375000000000
2026,060034,HCA-HEALTHONE DBA SWEDISH MEDICAL CENTER,501 E HAMPDEN AVE,ENGLEWOOD,CO,80113,ARAPAHOE,33.333333333333,8.333333333333,9.000000000000,2.250000000000,50.000000000000,12.500000000000,0.000000000000,0.000000000000,23.083333333333
2026,060044,ST ELIZABETH HOSPITAL,1000 LINCOLN ST,FORT MORGAN,CO,80701,MORGAN,16.666666666667,5.555555555556,59.000000000000,19.666666666667,Not Available,Not Available,40.000000000000,13.333333333333,38.555555555556
2026,060054,COMMUNITY HOSPITAL,2351 'G' RD,GRAND JUNCTION,CO,81505,MESA,0.000000000000,0.000000000000,67.000000000000,16.750000000000,13.333333333333,3.333333333333,30.000000000000,7.500000000000,27.583333333333
2026,060064,AdventHealth Porter,2525 S DOWNING ST,DENVER,CO,80210,DENVER,38.333333333333,9.583333333333,45.000000000000,11.250000000000,53.333333333333,13.333333333333,30.000000000000,7.500000000000,41.666666666667
2026,060065,HCA HEALTHONE MOUNTAIN RIDGE,9191 GRANT ST,THORNTON,CO,80229,ADAMS,10.000000000000,2.500000000000,19.000000000000,4.750000000000,45.000000000000,11.250000000000,10.000000000000,2.500000000000,21.000000000000
2026,060071,DELTA COUNTY MEMORIAL HOSPITAL,1501 E 3RD ST,DELTA,CO,81416,DELTA,0.000000000000,0.000000000000,40.000000000000,10.000000000000,60.000000000000,15.000000000000,40.000000000000,10.000000000000,35.000000000000
2026,060075,VALLEY VIEW HOSPITAL ASSOCIATION,1906 BLAKE AVE,GLENWOOD SPRINGS,CO,81601,GARFIELD,52.000000000000,13.000000000000,66.000000000000,16.500000000000,15.000000000000,3.750000000000,20.000000000000,5.000000000000,38.250000000000
2026,060076,STERLING REGIONAL MEDCENTER,615 FAIRHURST ST,STERLING,CO,80751,LOGAN,20.000000000000,6.666666666667,60.000000000000,20.000000000000,Not Available,Not Available,70.000000000000,23.333333333333,50.000000000000
2026,060096,VAIL HEALTH HOSPITAL,181 W MEADOW DR,VAIL,CO,81657,EAGLE,10.000000000000,2.500000000000,72.000000000000,18.000000000000,45.000000000000,11.250000000000,50.000000000000,12.500000000000,44.250000000000
2026,060100,THE MEDICAL CENTER OF AURORA & SOUTH HOSPITAL,1501 S POTOMAC ST,AURORA,CO,80012,ARAPAHOE,55.000000000000,13.750000000000,13.000000000000,3.250000000000,36.666666666667,9.166666666667,0.000000000000,0.000000000000,26.166666666667
2026,060103,ADVENTHEALTH AVISTA,100 HEALTH PARK DR,LOUISVILLE,CO,80027,BOULDER,0.000000000000,0.000000000000,48.000000000000,12.000000000000,60.000000000000,15.000000000000,40.000000000000,10.000000000000,37.000000000000
2026,060104,CENTURA HEALTH-ST ANTHONY NORTH HEALTH CAMPUS,14300 ORCHARD PKWY,WESTMINSTER,CO,80023,BROOMFIELD,35.000000000000,8.750000000000,25.000000000000,6.250000000000,58.333333333333,14.583333333333,0.000000000000,0.000000000000,29.583333333333
2026,060112,SKY RIDGE MEDICAL CENTER,10101 RIDGEGATE PKWY,LONE TREE,CO,80124,DOUGLAS,40.000000000000,10.000000000000,14.000000000000,3.500000000000,31.666666666667,7.916666666667,0.000000000000,0.000000000000,21.416666666667
2026,060113,AdventHealth Littleton,7700 S BROADWAY,LITTLETON,CO,80122,ARAPAHOE,12.000000000000,3.000000000000,44.000000000000,11.000000000000,45.000000000000,11.250000000000,0.000000000000,0.000000000000,25.250000000000
2026,060114,AdventHealth Parker,9395 CROWN CREST BLVD,PARKER,CO,80138,DOUGLAS,40.000000000000,10.000000000000,18.000000000000,4.500000000000,55.000000000000,13.750000000000,40.000000000000,10.000000000000,38.250000000000
2026,060116,GOOD SAMARITAN MEDICAL CENTER LLC,200 EXEMPLA CIR,LAFAYETTE,CO,80026,BOULDER,35.000000000000,8.750000000000,45.000000000000,11.250000000000,36.666666666667,9.166666666667,10.000000000000,2.500000000000,31.666666666667
2026,060118,ST ANTHONY SUMMIT MEDICAL CENTER,340 PEAK ONE DRIVE,FRISCO,CO,80443,SUMMIT,Not Available,Not Available,92.000000000000,30.666666666667,45.000000000000,15.000000000000,80.000000000000,26.666666666667,72.333333333333
2026,060119,MEDICAL CENTER OF THE ROCKIES,2500 ROCKY MOUNTAIN AVE,LOVELAND,CO,80538,LARIMER,23.333333333333,5.833333333333,57.000000000000,14.250000000000,15.000000000000,3.750000000000,0.000000000000,0.000000000000,23.833333333333
2026,060125,ADVENTHEALTH CASTLE ROCK,2350 MEADOWS BLVD,CASTLE ROCK,CO,80109,DOUGLAS,25.000000000000,6.250000000000,43.000000000000,10.750000000000,95.000000000000,23.750000000000,30.000000000000,7.500000000000,48.250000000000
2026,060128,LONGS PEAK HOSPITAL,1750 E KEN PRATT BLVD,LONGMONT,CO,80504,BOULDER,30.000000000000,7.500000000000,38.000000000000,9.500000000000,50.000000000000,12.500000000000,20.000000000000,5.000000000000,34.500000000000
2026,060131,UCHEALTH GREELEY HOSPITAL,6767 W 29TH ST,GREELEY,CO,80634,WELD,12.500000000000,3.125000000000,38.000000000000,9.500000000000,32.000000000000,8.000000000000,0.000000000000,0.000000000000,20.625000000000
2026,060132,UCHEALTH HIGHLANDS RANCH HOSPITAL,1500 PARK CENTRAL DR,HIGHLANDS RANCH,CO,80129,DOUGLAS,52.500000000000,13.125000000000,47.000000000000,11.750000000000,68.333333333333,17.083333333333,20.000000000000,5.000000000000,46.958333333333
2026,070003,DAY KIMBALL HOSPITAL,320 POMFRET STREET,PUTNAM,CT,06260,WINDHAM,13.333333333333,3.333333333333,31.000000000000,7.750000000000,33.333333333333,8.333333333333,0.000000000000,0.000000000000,19.416666666667
2026,070004,SHARON HOSPITAL,50 HOSPITAL HILL ROAD,SHARON,CT,06069,LITCHFIELD,12.500000000000,3.125000000000,55.000000000000,13.750000000000,70.000000000000,17.500000000000,50.000000000000,12.500000000000,46.875000000000
2026,070005,WATERBURY HOSPITAL,64 ROBBINS ST,WATERBURY,CT,06721,NEW HAVEN,38.000000000000,9.500000000000,16.000000000000,4.000000000000,30.000000000000,7.500000000000,0.000000000000,0.000000000000,21.000000000000
2026,070006,STAMFORD HOSPITAL,ONE HOSPITAL PLAZA,STAMFORD,CT,06904,FAIRFIELD,18.333333333333,4.583333333333,39.000000000000,9.750000000000,46.666666666667,11.666666666667,20.000000000000,5.000000000000,31.000000000000
2026,070007,LAWRENCE & MEMORIAL HOSPITAL,365 MONTAUK AVE,NEW LONDON,CT,06320,NEW LONDON,35.000000000000,8.750000000000,29.000000000000,7.250000000000,41.666666666667,10.416666666667,20.000000000000,5.000000000000,31.416666666667
2026,070008,JOHNSON MEMORIAL HOSPITAL,201 CHESTNUT HILL ROAD,STAFFORD SPRINGS,CT,06076,TOLLAND,10.000000000000,2.500000000000,41.000000000000,10.250000000000,80.000000000000,20.000000000000,40.000000000000,10.000000000000,42.750000000000
2026,070010,BRIDGEPORT HOSPITAL,267 GRANT STREET,BRIDGEPORT,CT,06610,FAIRFIELD,61.666666666667,15.416666666667,20.000000000000,5.000000000000,33.333333333333,8.333333333333,10.000000000000,2.500000000000,31.250000000000
2026,070011,CHARLOTTE HUNGERFORD HOSPITAL,540 LITCHFIELD ST,TORRINGTON,CT,06790,LITCHFIELD,43.333333333333,10.833333333333,26.000000000000,6.500000000000,56.666666666667,14.166666666667,40.000000000000,10.000000000000,41.500000000000
2026,070016,SAINT MARY'S HOSPITAL,56 FRANKLIN STREET,WATERBURY,CT,06706,NEW HAVEN,25.000000000000,6.250000000000,13.000000000000,3.250000000000,53.333333333333,13.333333333333,0.000000000000,0.000000000000,22.833333333333
2026,070017,MIDSTATE MEDICAL CENTER,435 LEWIS AVENUE,MERIDEN,CT,06450,NEW HAVEN,4.000000000000,1.000000000000,54.000000000000,13.500000000000,63.333333333333,15.833333333333,0.000000000000,0.000000000000,30.333333333333
2026,070018,GREENWICH HOSPITAL ASSOCIATION -,5 PERRYRIDGE RD,GREENWICH,CT,06830,FAIRFIELD,54.000000000000,13.500000000000,40.000000000000,10.000000000000,48.333333333333,12.083333333333,30.000000000000,7.500000000000,43.083333333333
2026,070020,MIDDLESEX HOSPITAL,28 CRESCENT ST,MIDDLETOWN,CT,06457,MIDDLESEX,8.000000000000,2.000000000000,44.000000000000,11.000000000000,33.333333333333,8.333333333333,20.000000000000,5.000000000000,26.333333333333
2026,070021,WINDHAM COMMUNITY MEMORIAL HOSPITAL,112 MANSFIELD AVENUE,WILLIMANTIC,CT,06226,WINDHAM,13.333333333333,3.333333333333,33.000000000000,8.250000000000,25.000000000000,6.250000000000,30.000000000000,7.500000000000,25.333333333333
2026,070024,WILLIAM W BACKUS HOSPITAL,326 WASHINGTON ST,NORWICH,CT,06360,NEW LONDON,32.000000000000,8.000000000000,21.000000000000,5.250000000000,51.666666666667,12.916666666667,20.000000000000,5.000000000000,31.166666666667
2026,070025,HARTFORD HOSPITAL,80 SEYMOUR STREET,HARTFORD,CT,06102,HARTFORD,65.000000000000,16.250000000000,15.000000000000,3.750000000000,35.000000000000,8.750000000000,10.000000000000,2.500000000000,31.250000000000
2026,070027,MANCHESTER MEMORIAL HOSPITAL,71 HAYNES ST,MANCHESTER,CT,06040,HARTFORD,52.500000000000,13.125000000000,10.000000000000,2.500000000000,50.000000000000,12.500000000000,10.000000000000,2.500000000000,30.625000000000
2026,070028,ST VINCENT'S MEDICAL CENTER,2800 MAIN ST,BRIDGEPORT,CT,06606,FAIRFIELD,15.000000000000,3.750000000000,36.000000000000,9.000000000000,28.333333333333,7.083333333333,10.000000000000,2.500000000000,22.333333333333
2026,070029,BRISTOL HOSPITAL,41 BREWSTER RD,BRISTOL,CT,06010,HARTFORD,10.000000000000,2.500000000000,26.000000000000,6.500000000000,60.000000000000,15.000000000000,0.000000000000,0.000000000000,24.000000000000
2026,070031,GRIFFIN HOSPITAL,130 DIVISION ST,DERBY,CT,06418,NEW HAVEN,27.500000000000,6.875000000000,49.000000000000,12.250000000000,18.333333333333,4.583333333333,30.000000000000,7.500000000000,31.208333333333
2026,070033,DANBURY HOSPITAL,24 HOSPITAL AVE,DANBURY,CT,06810,FAIRFIELD,31.666666666667,7.916666666667,30.000000000000,7.500000000000,40.000000000000,10.000000000000,0.000000000000,0.000000000000,25.416666666667
2026,070034,NORWALK HOSPITAL,24 STEVENS STREET,NORWALK,CT,06856,FAIRFIELD,42.500000000000,10.625000000000,25.000000000000,6.250000000000,25.000000000000,6.250000000000,10.000000000000,2.500000000000,25.625000000000
2026,070035,THE HOSPITAL OF CENTRAL CONNECTICUT,100 GRAND STREET,NEW BRITAIN,CT,06050,HARTFORD,12.500000000000,3.125000000000,16.000000000000,4.000000000000,46.666666666667,11.666666666667,10.000000000000,2.500000000000,21.291666666667
2026,070036,JOHN DEMPSEY HOSPITAL OF THE UNIVERSITY OF CONNECT,263 FARMINGTON AVE,FARMINGTON,CT,06032,HARTFORD,22.500000000000,5.625000000000,58.000000000000,14.500000000000,18.333333333333,4.583333333333,10.000000000000,2.500000000000,27.208333333333
2026,080001,CHRISTIANA HOSPITAL,4755 OGLETOWN-STANTON ROAD,NEWARK,DE,19718,NEW CASTLE,46.666666666667,11.666666666667,31.000000000000,7.750000000000,11.666666666667,2.916666666667,0.000000000000,0.000000000000,22.333333333333
2026,080003,ST FRANCIS HOSPITAL,7TH AND CLAYTON STS,WILMINGTON,DE,19805,NEW CASTLE,22.500000000000,5.625000000000,32.000000000000,8.000000000000,50.000000000000,12.500000000000,0.000000000000,0.000000000000,26.125000000000
2026,080004,"BAYHEALTH MEDICAL CENTER, KENT CAMPUS",640 S STATE STREET,DOVER,DE,19901,KENT,20.000000000000,5.000000000000,12.000000000000,3.000000000000,26.666666666667,6.666666666667,0.000000000000,0.000000000000,14.666666666667
2026,080006,"TIDALHEALTH NANTICOKE, INC.",801 MIDDLEFORD RD,SEAFORD,DE,19973,SUSSEX,35.000000000000,8.750000000000,34.000000000000,8.500000000000,14.000000000000,3.500000000000,0.000000000000,0.000000000000,20.750000000000
2026,080007,BEEBE MEDICAL CENTER,424 SAVANNAH RD,LEWES,DE,19958,SUSSEX,14.000000000000,3.500000000000,20.000000000000,5.000000000000,40.000000000000,10.000000000000,0.000000000000,0.000000000000,18.500000000000
2026,080009,"BAYHEALTH HOSPITAL, SUSSEX CAMPUS",100 WELLNESS WAY,MILFORD,DE,19963,SUSSEX,0.000000000000,0.000000000000,40.000000000000,10.000000000000,46.666666666667,11.666666666667,10.000000000000,2.500000000000,24.166666666667
2026,090001,GEORGE WASHINGTON UNIV HOSPITAL,900 23RD ST NW,WASHINGTON,DC,20037,DISTRICT OF COLUMBIA,48.333333333333,12.083333333333,3.000000000000,0.750000000000,33.333333333333,8.333333333333,0.000000000000,0.000000000000,21.166666666667
2026,090003,HOWARD UNIVERSITY HOSPITAL CORP,2041 GEORGIA AVE NW,WASHINGTON,DC,20060,DISTRICT OF COLUMBIA,45.000000000000,11.250000000000,36.000000000000,9.000000000000,46.666666666667,11.666666666667,0.000000000000,0.000000000000,31.916666666667
2026,090004,MEDSTAR GEORGETOWN UNIVERSITY HOSPITAL,3800 RESERVOIR RD,WASHINGTON,DC,20007,DISTRICT OF COLUMBIA,40.000000000000,10.000000000000,23.000000000000,5.750000000000,35.000000000000,8.750000000000,0.000000000000,0.000000000000,24.500000000000
2026,090005,SIBLEY MEMORIAL HOSPITAL,5255 LOUGHBORO RD NW,WASHINGTON,DC,20016,DISTRICT OF COLUMBIA,18.000000000000,4.500000000000,19.000000000000,4.750000000000,41.666666666667,10.416666666667,30.000000000000,7.500000000000,27.166666666667
2026,090011,MEDSTAR WASHINGTON HOSPITAL CENTER,110 IRVING STREET NW,WASHINGTON,DC,20010,DISTRICT OF COLUMBIA,73.333333333333,18.333333333333,11.000000000000,2.750000000000,25.000000000000,6.250000000000,0.000000000000,0.000000000000,27.333333333333
2026,100001,SHANDS JACKSONVILLE,655 W 8TH ST,JACKSONVILLE,FL,32209,DUVAL,54.000000000000,13.500000000000,21.000000000000,5.250000000000,36.666666666667,9.166666666667,10.000000000000,2.500000000000,30.416666666667
2026,100002,BETHESDA HOSPITAL EAST,2815 S SEACREST BLVD,BOYNTON BEACH,FL,33435,PALM BEACH,8.333333333333,2.083333333333,5.000000000000,1.250000000000,45.000000000000,11.250000000000,0.000000000000,0.000000000000,14.583333333333
2026,100006,ORLANDO HEALTH,52 W UNDERWOOD ST,ORLANDO,FL,32806,ORANGE,55.000000000000,13.750000000000,42.000000000000,10.500000000000,38.333333333333,9.583333333333,0.000000000000,0.000000000000,33.833333333333
2026,100007,ADVENTHEALTH ORLANDO,601 E ROLLINS ST,ORLANDO,FL,32803,ORANGE,78.333333333333,19.583333333333,46.000000000000,11.500000000000,45.000000000000,11.250000000000,0.000000000000,0.000000000000,42.333333333333
2026,100008,BAPTIST HOSPITAL OF MIAMI,8900 N KENDALL DR,MIAMI,FL,33176,MIAMI-DADE,60.000000000000,15.000000000000,40.000000000000,10.000000000000,45.000000000000,11.250000000000,10.000000000000,2.500000000000,38.750000000000
2026,100012,LEE MEMORIAL HOSPITAL,2776 CLEVELAND AVE,FORT MYERS,FL,33901,LEE,43.333333333333,10.833333333333,24.000000000000,6.000000000000,50.000000000000,12.500000000000,20.000000000000,5.000000000000,34.333333333333
2026,100014,ADVENTHEALTH NEW SMYRNA BEACH,401 PALMETTO ST,NEW SMYRNA BEACH,FL,32170,VOLUSIA,34.000000000000,8.500000000000,24.000000000000,6.000000000000,68.333333333333,17.083333333333,10.000000000000,2.500000000000,34.083333333333
2026,100017,HALIFAX HEALTH MEDICAL CENTER,303 N CLYDE MORRIS BLVD,DAYTONA BEACH,FL,32114,VOLUSIA,30.000000000000,7.500000000000,34.000000000000,8.500000000000,25.000000000000,6.250000000000,0.000000000000,0.000000000000,22.250000000000
2026,100018,NAPLES COMMUNITY HOSPITAL,350 7TH ST N,NAPLES,FL,34102,COLLIER,36.666666666667,9.166666666667,15.000000000000,3.750000000000,28.333333333333,7.083333333333,0.000000000000,0.000000000000,20.000000000000
2026,100019,HOLMES REGIONAL MEDICAL CENTER,1350 S HICKORY ST,MELBOURNE,FL,32901,BREVARD,23.333333333333,5.833333333333,14.000000000000,3.500000000000,50.000000000000,12.500000000000,0.000000000000,0.000000000000,21.833333333333
2026,100022,JACKSON HEALTH SYSTEM,1611 NW 12TH AVE,MIAMI,FL,33136,MIAMI-DADE,0.000000000000,0.000000000000,39.000000000000,9.750000000000,48.333333333333,12.083333333333,0.000000000000,0.000000000000,21.833333333333
2026,100023,HCA FLORIDA CITRUS HOSPITAL,502 W HIGHLAND BLVD,INVERNESS,FL,34452,CITRUS,38.333333333333,9.583333333333,26.000000000000,6.500000000000,56.666666666667,14.166666666667,0.000000000000,0.000000000000,30.250000000000
2026,100028,PARRISH MEDICAL CENTER,951 N WASHINGTON AVE,TITUSVILLE,FL,32796,BREVARD,12.000000000000,3.000000000000,14.000000000000,3.500000000000,55.000000000000,13.750000000000,0.000000000000,0.000000000000,20.250000000000
2026,100029,NORTH SHORE MEDICAL CENTER,1100 NW 95TH ST,MIAMI,FL,33150,MIAMI-DADE,26.000000000000,6.500000000000,13.000000000000,3.250000000000,56.000000000000,14.000000000000,0.000000000000,0.000000000000,23.750000000000
2026,100030,ORLANDO HEALTH-HEALTH CENTRAL HOSPITAL,10000 W COLONIAL DR,OCOEE,FL,34761,ORANGE,42.000000000000,10.500000000000,35.000000000000,8.750000000000,26.666666666667,6.666666666667,10.000000000000,2.500000000000,28.416666666667
2026,100032,ORLANDO HEALTH BAYFRONT HOSPITAL,701 6TH ST S,SAINT PETERSBURG,FL,33701,PINELLAS,6.000000000000,1.500000000000,20.000000000000,5.000000000000,41.666666666667,10.416666666667,0.000000000000,0.000000000000,16.916666666667
2026,100034,"MOUNT SINAI MEDICAL CENTER OF FLORIDA, INC",4300 ALTON RD,MIAMI BEACH,FL,33140,MIAMI-DADE,38.333333333333,9.583333333333,32.000000000000,8.000000000000,16.666666666667,4.166666666667,0.000000000000,0.000000000000,21.750000000000
2026,100035,MANATEE MEMORIAL HOSPITAL,206 2ND ST E,BRADENTON,FL,34208,MANATEE,13.333333333333,3.333333333333,23.000000000000,5.750000000000,58.333333333333,14.583333333333,0.000000000000,0.000000000000,23.666666666667
2026,100038,MEMORIAL REGIONAL HOSPITAL,3501 JOHNSON ST,HOLLYWOOD,FL,33021,BROWARD,46.000000000000,11.500000000000,16.000000000000,4.000000000000,30.000000000000,7.500000000000,0.000000000000,0.000000000000,23.000000000000
2026,100039,BROWARD HEALTH MEDICAL CENTER,1600 S ANDREWS AVE,FORT LAUDERDALE,FL,33316,BROWARD,38.000000000000,9.500000000000,17.000000000000,4.250000000000,50.000000000000,12.500000000000,10.000000000000,2.500000000000,28.750000000000
2026,100043,MEASE DUNEDIN HOSPITAL,601 MAIN ST,DUNEDIN,FL,34698,PINELLAS,10.000000000000,2.500000000000,71.000000000000,17.750000000000,56.666666666667,14.166666666667,0.000000000000,0.000000000000,34.416666666667
2026,100044,CLEVELAND CLINIC MARTIN NORTH HOSPITAL,200 SE HOSPITAL AVE,STUART,FL,34994,MARTIN,23.333333333333,5.833333333333,21.000000000000,5.250000000000,45.000000000000,11.250000000000,0.000000000000,0.000000000000,22.333333333333
2026,100045,ADVENTHEALTH DELAND,701 W PLYMOUTH AVE,DELAND,FL,32720,VOLUSIA,55.000000000000,13.750000000000,39.000000000000,9.750000000000,66.666666666667,16.666666666667,0.000000000000,0.000000000000,40.166666666667
2026,100046,Adventhealth Zephyrhills,7050 GALL BLVD,ZEPHYRHILLS,FL,33541,PASCO,62.500000000000,15.625000000000,40.000000000000,10.000000000000,54.000000000000,13.500000000000,0.000000000000,0.000000000000,39.125000000000
2026,100049,HCA FLORIDA HIGHLANDS HOSPITAL,3600 S HIGHLANDS AVE,SEBRING,FL,33870,HIGHLANDS,22.500000000000,5.625000000000,50.000000000000,12.500000000000,100.000000000000,25.000000000000,0.000000000000,0.000000000000,43.125000000000
2026,100050,LARKIN COMMUNITY HOSPITAL PALM SPRINGS CAMPUS,1475 W 49TH ST,HIALEAH,FL,33012,MIAMI-DADE,46.666666666667,11.666666666667,29.000000000000,7.250000000000,50.000000000000,12.500000000000,0.000000000000,0.000000000000,31.416666666667
2026,100051,ORLANDO HEALTH SOUTH LAKE HOSPITAL,1900 DON WICKHAM DR,CLERMONT,FL,34711,LAKE,14.000000000000,3.500000000000,41.000000000000,10.250000000000,40.000000000000,10.000000000000,0.000000000000,0.000000000000,23.750000000000
2026,100052,WINTER HAVEN HOSPITAL,200 AVE F NE,WINTER HAVEN,FL,33881,POLK,28.000000000000,7.000000000000,34.000000000000,8.500000000000,30.000000000000,7.500000000000,0.000000000000,0.000000000000,23.000000000000
2026,100053,HIALEAH HOSPITAL,651 E 25TH ST,HIALEAH,FL,33013,MIAMI-DADE,45.000000000000,11.250000000000,38.000000000000,9.500000000000,70.000000000000,17.500000000000,0.000000000000,0.000000000000,38.250000000000
2026,100054,HCA FLORIDA TWIN CITIES HOSPITAL,2190 HWY 85 N,NICEVILLE,FL,32578,OKALOOSA,60.000000000000,15.000000000000,79.000000000000,19.750000000000,83.333333333333,20.833333333333,10.000000000000,2.500000000000,58.083333333333
2026,100055,ADVENTHEALTH NORTH PINELLAS,1395 S PINELLAS AVE,TARPON SPRINGS,FL,34689,PINELLAS,35.000000000000,8.750000000000,33.000000000000,8.250000000000,44.000000000000,11.000000000000,0.000000000000,0.000000000000,28.000000000000
2026,100057,ADVENTHEALTH WATERMAN,1000 WATERMAN WAY,TAVARES,FL,32778,LAKE,45.000000000000,11.250000000000,41.000000000000,10.250000000000,31.666666666667,7.916666666667,0.000000000000,0.000000000000,29.416666666667
2026,100062,ADVENTHEALTH OCALA,1500 SW 1ST AVE,OCALA,FL,34474,MARION,48.000000000000,12.000000000000,36.000000000000,9.000000000000,75.000000000000,18.750000000000,0.000000000000,0.000000000000,39.750000000000
2026,100063,MORTON PLANT NORTH BAY HOSPITAL,6600 MADISON STREET,NEW PORT RICHEY,FL,34652,PASCO,22.500000000000,5.625000000000,55.000000000000,13.750000000000,41.666666666667,10.416666666667,0.000000000000,0.000000000000,29.791666666667
2026,100067,ST ANTHONYS HOSPITAL,1200 SEVENTH AVE N,SAINT PETERSBURG,FL,33705,PINELLAS,15.000000000000,3.750000000000,45.000000000000,11.250000000000,40.000000000000,10.000000000000,0.000000000000,0.000000000000,25.000000000000
2026,100068,ADVENTHEALTH DAYTONA BEACH,301 MEMORIAL MEDICAL PARKWAY,DAYTONA BEACH,FL,32117,VOLUSIA,45.000000000000,11.250000000000,37.000000000000,9.250000000000,36.666666666667,9.166666666667,10.000000000000,2.500000000000,32.166666666667
2026,100069,AdventHealth Carrollwood,7171 N DALE MABRY HWY,TAMPA,FL,33614,HILLSBOROUGH,12.000000000000,3.000000000000,39.000000000000,9.750000000000,56.666666666667,14.166666666667,0.000000000000,0.000000000000,26.916666666667
2026,100071,TAMPA GENERAL HOSPITAL BROOKSVILLE,17240 CORTEZ BLVD,BROOKSVILLE,FL,34601,HERNANDO,0.000000000000,0.000000000000,7.000000000000,1.750000000000,48.000000000000,12.000000000000,0.000000000000,0.000000000000,13.750000000000
2026,100072,ADVENTHEALTH FISH MEMORIAL,1055 SAXON BLVD,ORANGE CITY,FL,32763,VOLUSIA,67.500000000000,16.875000000000,60.000000000000,15.000000000000,61.666666666667,15.416666666667,10.000000000000,2.500000000000,49.791666666667
2026,100073,HOLY CROSS HOSPITAL,4725 N FEDERAL HWY,FT LAUDERDALE,FL,33308,BROWARD,35.000000000000,8.750000000000,12.000000000000,3.000000000000,30.000000000000,7.500000000000,0.000000000000,0.000000000000,19.250000000000
2026,100075,ST JOSEPHS HOSPITAL,3001 W MARTIN LUTHER KING JR BLVD,TAMPA,FL,33607,HILLSBOROUGH,24.000000000000,6.000000000000,48.000000000000,12.000000000000,53.333333333333,13.333333333333,0.000000000000,0.000000000000,31.333333333333
2026,100077,Adventhealth Port Charlotte,2500 HARBOR BLVD,PORT CHARLOTTE,FL,33952,CHARLOTTE,14.000000000000,3.500000000000,16.000000000000,4.000000000000,81.666666666667,20.416666666667,10.000000000000,2.500000000000,30.416666666667
2026,100080,HCA FLORIDA JFK HOSPITAL,5301 S CONGRESS AVE,ATLANTIS,FL,33462,PALM BEACH,41.666666666667,10.416666666667,20.000000000000,5.000000000000,56.666666666667,14.166666666667,0.000000000000,0.000000000000,29.583333333333
2026,100084,UF HEALTH LEESBURG HOSPITAL,600 E DIXIE AVE,LEESBURG,FL,34748,LAKE,45.000000000000,11.250000000000,46.000000000000,11.500000000000,30.000000000000,7.500000000000,0.000000000000,0.000000000000,30.250000000000
2026,100086,BROWARD HEALTH NORTH,201 E SAMPLE RD,DEERFIELD BEACH,FL,33064,BROWARD,22.000000000000,5.500000000000,20.000000000000,5.000000000000,60.000000000000,15.000000000000,0.000000000000,0.000000000000,25.500000000000
2026,100087,SARASOTA MEMORIAL HOSPITAL,1700 S TAMIAMI TRL,SARASOTA,FL,34239,SARASOTA,68.333333333333,17.083333333333,27.000000000000,6.750000000000,31.666666666667,7.916666666667,0.000000000000,0.000000000000,31.750000000000
2026,100088,BAPTIST HEALTH MEDICAL CENTER - JACKSONVILLE,800 PRUDENTIAL DR,JACKSONVILLE,FL,32207,DUVAL,28.333333333333,7.083333333333,36.000000000000,9.000000000000,33.333333333333,8.333333333333,0.000000000000,0.000000000000,24.416666666667
2026,100090,FLAGLER HOSPITAL,400 HEALTH PARK BLVD,SAINT AUGUSTINE,FL,32086,ST. JOHNS,16.666666666667,4.166666666667,29.000000000000,7.250000000000,30.000000000000,7.500000000000,0.000000000000,0.000000000000,18.916666666667
2026,100092,ORLANDO HEALTH ROCKLEDGE HOSPITAL,110 LONGWOOD AVE,ROCKLEDGE,FL,32955,BREVARD,54.000000000000,13.500000000000,18.000000000000,4.500000000000,48.333333333333,12.083333333333,10.000000000000,2.500000000000,32.583333333333
2026,100093,BAPTIST HOSPITAL,123 BAPTIST WAY,PENSACOLA,FL,32503,ESCAMBIA,16.666666666667,4.166666666667,40.000000000000,10.000000000000,26.666666666667,6.666666666667,0.000000000000,0.000000000000,20.833333333333
2026,100099,ADVENTHEALTH LAKE WALES,410 S 11TH ST,LAKE WALES,FL,33853,POLK,10.000000000000,2.500000000000,34.000000000000,8.500000000000,63.333333333333,15.833333333333,10.000000000000,2.500000000000,29.333333333333
2026,100105,CLEVELAND CLINIC INDIAN RIVER HOSPITAL,1000 36TH ST,VERO BEACH,FL,32960,INDIAN RIVER,31.666666666667,7.916666666667,25.000000000000,6.250000000000,23.333333333333,5.833333333333,0.000000000000,0.000000000000,20.000000000000
2026,100107,HCA FLORIDA LEHIGH REGIONAL MEDICAL CENTER,1500 LEE BLVD,LEHIGH ACRES,FL,33936,LEE,0.000000000000,0.000000000000,25.000000000000,6.250000000000,36.666666666667,9.166666666667,30.000000000000,7.500000000000,22.916666666667
2026,100109,ADVENTHEALTH SEBRING,4200 SUN N LAKE BLVD,SEBRING,FL,33872,HIGHLANDS,22.000000000000,5.500000000000,13.000000000000,3.250000000000,40.000000000000,10.000000000000,0.000000000000,0.000000000000,18.750000000000
2026,100110,HCA FLORIDA OSCEOLA HOSPITAL,700 WEST OAK STREET,KISSIMMEE,FL,34741,OSCEOLA,14.000000000000,3.500000000000,15.000000000000,3.750000000000,93.333333333333,23.333333333333,0.000000000000,0.000000000000,30.583333333333
2026,100113,UF HEALTH SHANDS HOSPITAL,1600 SW ARCHER RD,GAINESVILLE,FL,32610,ALACHUA,53.333333333333,13.333333333333,41.000000000000,10.250000000000,35.000000000000,8.750000000000,0.000000000000,0.000000000000,32.333333333333
2026,100117,BAPTIST MEDICAL CENTER  BEACHES,1350 13TH AVE S,JACKSONVILLE BEACH,FL,32250,DUVAL,6.000000000000,1.500000000000,55.000000000000,13.750000000000,61.666666666667,15.416666666667,0.000000000000,0.000000000000,30.666666666667
2026,100118,AdventHealth Palm Coast,60 MEMORIAL MEDICAL PKWY,PALM COAST,FL,32164,FLAGLER,26.000000000000,6.500000000000,38.000000000000,9.500000000000,72.500000000000,18.125000000000,30.000000000000,7.500000000000,41.625000000000
2026,100121,BARTOW REGIONAL MEDICAL CENTER,2200 OSPREY BLVD,BARTOW,FL,33830,POLK,5.000000000000,1.250000000000,44.000000000000,11.000000000000,26.666666666667,6.666666666667,0.000000000000,0.000000000000,18.916666666667
2026,100122,NORTH OKALOOSA MEDICAL CENTER,151 REDSTONE AVE SE,CRESTVIEW,FL,32539,OKALOOSA,47.500000000000,11.875000000000,10.000000000000,2.500000000000,23.333333333333,5.833333333333,10.000000000000,2.500000000000,22.708333333333
2026,100124,SANTA ROSA MEDICAL CENTER,6002 BERRYHILL RD,MILTON,FL,32570,SANTA ROSA,12.500000000000,3.125000000000,28.000000000000,7.000000000000,80.000000000000,20.000000000000,30.000000000000,7.500000000000,37.625000000000
2026,100125,HOMESTEAD HOSPITAL,975 BAPTIST WAY,HOMESTEAD,FL,33033,MIAMI-DADE,13.333333333333,3.333333333333,33.000000000000,8.250000000000,36.000000000000,9.000000000000,10.000000000000,2.500000000000,23.083333333333
2026,100126,HCA FLORIDA PASADENA HOSPITAL A PART OF HCA FLORID,1501 PASADENA AVE S,SAINT PETERSBURG,FL,33707,PINELLAS,26.000000000000,6.500000000000,44.000000000000,11.000000000000,85.000000000000,21.250000000000,0.000000000000,0.000000000000,38.750000000000
2026,100127,MORTON PLANT HOSPITAL,300 PINELLAS ST,CLEARWATER,FL,33756,PINELLAS,18.333333333333,4.583333333333,49.000000000000,12.250000000000,41.666666666667,10.416666666667,0.000000000000,0.000000000000,27.250000000000
2026,100128,TAMPA GENERAL HOSPITAL,1 TAMPA GENERAL CIR,TAMPA,FL,33606,HILLSBOROUGH,40.000000000000,10.000000000000,34.000000000000,8.500000000000,20.000000000000,5.000000000000,0.000000000000,0.000000000000,23.500000000000
2026,100131,HCA FLORIDA AVENTURA HOSPITAL,20900 BISCAYNE BLVD,AVENTURA,FL,33180,MIAMI-DADE,28.000000000000,7.000000000000,37.000000000000,9.250000000000,38.333333333333,9.583333333333,0.000000000000,0.000000000000,25.833333333333
2026,100132,SOUTH FLORIDA BAPTIST HOSPITAL,301 N ALEXANDER ST,PLANT CITY,FL,33563,HILLSBOROUGH,7.500000000000,1.875000000000,43.000000000000,10.750000000000,15.000000000000,3.750000000000,0.000000000000,0.000000000000,16.375000000000
2026,100135,TALLAHASSEE MEMORIAL HEALTHCARE,1300 MICCOSUKEE RD,TALLAHASSEE,FL,32308,LEON,33.333333333333,8.333333333333,22.000000000000,5.500000000000,38.333333333333,9.583333333333,10.000000000000,2.500000000000,25.916666666667
2026,100137,ADVENTHEALTH HEART OF FLORIDA,40100 HWY 27,DAVENPORT,FL,33837,POLK,2.000000000000,0.500000000000,43.000000000000,10.750000000000,68.333333333333,17.083333333333,0.000000000000,0.000000000000,28.333333333333
2026,100140,BAPTIST MEDICAL CENTER - NASSAU,1250 S 18TH ST,FERNANDINA BEACH,FL,32034,NASSAU,17.500000000000,4.375000000000,46.000000000000,11.500000000000,56.666666666667,14.166666666667,60.000000000000,15.000000000000,45.041666666667
2026,100142,JACKSON HOSPITAL,4250 HOSPITAL DR,MARIANNA,FL,32446,JACKSON,0.000000000000,0.000000000000,87.000000000000,21.750000000000,55.000000000000,13.750000000000,0.000000000000,0.000000000000,35.500000000000
2026,100150,LOWER KEYS MEDICAL CENTER,5900 COLLEGE ROAD,KEY WEST,FL,33040,MONROE,40.000000000000,10.000000000000,33.000000000000,8.250000000000,47.500000000000,11.875000000000,50.000000000000,12.500000000000,42.625000000000
2026,100151,MAYO CLINIC,4500 SAN PABLO RD,JACKSONVILLE,FL,32224,DUVAL,78.333333333333,19.583333333333,82.000000000000,20.500000000000,35.000000000000,8.750000000000,0.000000000000,0.000000000000,48.833333333333
2026,100154,SOUTH MIAMI HOSPITAL,6200 SW 73RD ST,MIAMI,FL,33143,MIAMI-DADE,28.000000000000,7.000000000000,39.000000000000,9.750000000000,56.666666666667,14.166666666667,0.000000000000,0.000000000000,30.916666666667
2026,100156,HCA FLORIDA LAKE CITY HOSPITAL,340 NW COMMERCE DR,LAKE CITY,FL,32055,COLUMBIA,7.500000000000,1.875000000000,27.000000000000,6.750000000000,50.000000000000,12.500000000000,0.000000000000,0.000000000000,21.125000000000
2026,100157,LAKELAND REGIONAL MEDICAL CENTER,1324 LAKELAND HILLS BLVD,LAKELAND,FL,33805,POLK,30.000000000000,7.500000000000,21.000000000000,5.250000000000,13.333333333333,3.333333333333,0.000000000000,0.000000000000,16.083333333333
2026,100161,CENTRAL FLORIDA LAKE MONROE HOSPITAL,1401 W SEMINOLE BLVD,SANFORD,FL,32771,SEMINOLE,43.333333333333,10.833333333333,7.000000000000,1.750000000000,23.333333333333,5.833333333333,0.000000000000,0.000000000000,18.416666666667
2026,100166,HCA FLORIDA SARASOTA DOCTORS HOSPITAL,5731 BEE RIDGE RD,SARASOTA,FL,34233,SARASOTA,26.000000000000,6.500000000000,27.000000000000,6.750000000000,53.333333333333,13.333333333333,0.000000000000,0.000000000000,26.583333333333
2026,100167,HCA FLORIDA MERCY HOSPITAL,401 NW 42ND AVE,PLANTATION,FL,33317,BROWARD,46.000000000000,11.500000000000,15.000000000000,3.750000000000,46.666666666667,11.666666666667,0.000000000000,0.000000000000,26.916666666667
2026,100168,BOCA RATON REGIONAL HOSPITAL,800 MEADOWS RD,BOCA RATON,FL,33486,PALM BEACH,5.000000000000,1.250000000000,13.000000000000,3.250000000000,30.000000000000,7.500000000000,0.000000000000,0.000000000000,12.000000000000
2026,100173,ADVENTHEALTH TAMPA,3100 E FLETCHER AVE,TAMPA,FL,33613,HILLSBOROUGH,26.666666666667,6.666666666667,25.000000000000,6.250000000000,36.666666666667,9.166666666667,0.000000000000,0.000000000000,22.083333333333
2026,100175,DESOTO MEMORIAL HOSPITAL,900 N ROBERT AVE,ARCADIA,FL,34266,DESOTO,10.000000000000,2.500000000000,45.000000000000,11.250000000000,25.000000000000,6.250000000000,0.000000000000,0.000000000000,20.000000000000
2026,100176,PALM BEACH GARDENS MEDICAL CENTER,3360 BURNS RD,PALM BEACH GARDENS,FL,33410,PALM BEACH,35.000000000000,8.750000000000,14.000000000000,3.500000000000,26.666666666667,6.666666666667,0.000000000000,0.000000000000,18.916666666667
2026,100177,CAPE CANAVERAL HOSPITAL,701 W COCOA BEACH CAUSEWAY,COCOA BEACH,FL,32931,BREVARD,16.000000000000,4.000000000000,25.000000000000,6.250000000000,52.000000000000,13.000000000000,0.000000000000,0.000000000000,23.250000000000
2026,100179,HCA FLORIDA MEMORIAL HOSPITAL,3625 UNIVERSITY BLVD S,JACKSONVILLE,FL,32216,DUVAL,26.666666666667,6.666666666667,29.000000000000,7.250000000000,53.333333333333,13.333333333333,0.000000000000,0.000000000000,27.250000000000
2026,100180,HCA FLORIDA ST PETERSBURG HOSPITAL,6500 38TH AVE N,SAINT PETERSBURG,FL,33710,PINELLAS,16.666666666667,4.166666666667,35.000000000000,8.750000000000,45.000000000000,11.250000000000,0.000000000000,0.000000000000,24.166666666667
2026,100181,LARKIN COMMUNITY HOSPITAL,7031 SW 62ND AVE,SOUTH MIAMI,FL,33143,MIAMI-DADE,35.000000000000,11.666666666667,Not Available,Not Available,77.500000000000,25.833333333333,0.000000000000,0.000000000000,37.500000000000
2026,100183,CORAL GABLES HOSPITAL,3100 DOUGLAS RD,CORAL GABLES,FL,33134,MIAMI-DADE,36.666666666667,9.166666666667,34.000000000000,8.500000000000,5.000000000000,1.250000000000,0.000000000000,0.000000000000,18.916666666667
2026,100187,PALMETTO GENERAL HOSPITAL,2001 W 68TH ST,HIALEAH,FL,33016,MIAMI-DADE,14.000000000000,3.500000000000,30.000000000000,7.500000000000,46.666666666667,11.666666666667,0.000000000000,0.000000000000,22.666666666667
2026,100189,HCA FLORIDA NORTHWEST HOSPITAL,2801 N STATE RD 7,MARGATE,FL,33063,BROWARD,30.000000000000,7.500000000000,10.000000000000,2.500000000000,70.000000000000,17.500000000000,0.000000000000,0.000000000000,27.500000000000
2026,100191,HCA FLORIDA TRINITY HOSPITAL,9330 SR 54,TRINITY,FL,34655,PASCO,16.000000000000,4.000000000000,21.000000000000,5.250000000000,53.333333333333,13.333333333333,0.000000000000,0.000000000000,22.583333333333
2026,100200,BROWARD HEALTH IMPERIAL POINT,6401 N FEDERAL HWY,FORT LAUDERDALE,FL,33308,BROWARD,13.333333333333,3.333333333333,18.000000000000,4.500000000000,51.666666666667,12.916666666667,0.000000000000,0.000000000000,20.750000000000
2026,100204,HCA FLORIDA NORTH FLORIDA HOSPITAL,6500 W NEWBERRY RD,GAINESVILLE,FL,32605,ALACHUA,38.333333333333,9.583333333333,12.000000000000,3.000000000000,36.666666666667,9.166666666667,0.000000000000,0.000000000000,21.750000000000
2026,100206,HCA FLORIDA SOUTH TAMPA HOSPITAL,2901 W SWANN AVE,TAMPA,FL,33609,HILLSBOROUGH,5.000000000000,1.250000000000,57.000000000000,14.250000000000,83.333333333333,20.833333333333,0.000000000000,0.000000000000,36.333333333333
2026,100209,HCA FLORIDA KENDALL HOSPITAL,11750 BIRD RD,MIAMI,FL,33175,MIAMI-DADE,55.000000000000,13.750000000000,33.000000000000,8.250000000000,58.333333333333,14.583333333333,0.000000000000,0.000000000000,36.583333333333
2026,100211,ADVENTHEALTH DADE CITY,13100 FT KING RD,DADE CITY,FL,33525,PASCO,52.500000000000,13.125000000000,46.000000000000,11.500000000000,96.666666666667,24.166666666667,0.000000000000,0.000000000000,48.791666666667
2026,100212,MARION COMMUNTIY HOSPITAL,1431 SW 1ST AVE,OCALA,FL,34471,MARION,18.333333333333,4.583333333333,15.000000000000,3.750000000000,60.000000000000,15.000000000000,0.000000000000,0.000000000000,23.333333333333
2026,100213,HCA FLORIDA BLAKE HOSPITAL,2020 59TH ST W,BRADENTON,FL,34209,MANATEE,28.333333333333,7.083333333333,18.000000000000,4.500000000000,58.333333333333,14.583333333333,0.000000000000,0.000000000000,26.166666666667
2026,100217,ORLANDO HEALTH SEBASTIAN RIVER HOSPITAL,13695 US HWY 1,SEBASTIAN,FL,32958,INDIAN RIVER,27.500000000000,6.875000000000,16.000000000000,4.000000000000,42.500000000000,10.625000000000,0.000000000000,0.000000000000,21.500000000000
2026,100220,GULF COAST MEDICAL CENTER LEE HEALTH,13681 DOCTORS WAY,FORT MYERS,FL,33912,LEE,24.000000000000,6.000000000000,33.000000000000,8.250000000000,35.000000000000,8.750000000000,0.000000000000,0.000000000000,23.000000000000
2026,100223,HCA FLORIDA FORT WALTON-DESTIN HOSPITAL,1000 MAR-WALT DR,FORT WALTON BEACH,FL,32547,OKALOOSA,46.666666666667,11.666666666667,26.000000000000,6.500000000000,43.333333333333,10.833333333333,0.000000000000,0.000000000000,29.000000000000
2026,100224,UNIVERSITY HOSPITAL AND MEDICAL CENTER,7201 N UNIVERSITY DR,TAMARAC,FL,33321,BROWARD,15.000000000000,3.750000000000,16.000000000000,4.000000000000,74.000000000000,18.500000000000,0.000000000000,0.000000000000,26.250000000000
2026,100226,HCA FLORIDA ORANGE PARK HOSPITAL,2001 KINGSLEY AVE,ORANGE PARK,FL,32073,CLAY,25.000000000000,6.250000000000,37.000000000000,9.250000000000,33.333333333333,8.333333333333,0.000000000000,0.000000000000,23.833333333333
2026,100228,WESTSIDE REGIONAL MEDICAL CENTER,8201 W BROWARD BLVD,PLANTATION,FL,33324,BROWARD,16.000000000000,4.000000000000,15.000000000000,3.750000000000,81.666666666667,20.416666666667,0.000000000000,0.000000000000,28.166666666667
2026,100230,MEMORIAL HOSPITAL PEMBROKE,7800 SHERIDAN ST,PEMBROKE PINES,FL,33024,BROWARD,13.333333333333,3.333333333333,46.000000000000,11.500000000000,66.666666666667,16.666666666667,30.000000000000,7.500000000000,39.000000000000
2026,100231,HCA FLORIDA WEST HOSPITAL,8383 N DAVIS HWY,PENSACOLA,FL,32514,ESCAMBIA,15.000000000000,3.750000000000,37.000000000000,9.250000000000,51.666666666667,12.916666666667,0.000000000000,0.000000000000,25.916666666667
2026,100232,HCA FLORIDA PUTNAM HOSPITAL,611 ZEAGLER DR,PALATKA,FL,32177,PUTNAM,4.000000000000,1.000000000000,30.000000000000,7.500000000000,40.000000000000,10.000000000000,0.000000000000,0.000000000000,18.500000000000
2026,100236,HCA FLORIDA FAWCETT HOSPITAL,21298 OLEAN BLVD,PORT CHARLOTTE,FL,33952,CHARLOTTE,31.666666666667,7.916666666667,8.000000000000,2.000000000000,36.666666666667,9.166666666667,0.000000000000,0.000000000000,19.083333333333
2026,100238,HCA FLORIDA NORTHSIDE HOSPITAL,6000 49TH ST N,SAINT PETERSBURG,FL,33709,PINELLAS,35.000000000000,8.750000000000,11.000000000000,2.750000000000,42.000000000000,10.500000000000,0.000000000000,0.000000000000,22.000000000000
2026,100242,HCA FLORIDA GULF COAST HOSPITAL,449 W 23RD ST,PANAMA CITY,FL,32405,BAY,0.000000000000,0.000000000000,17.000000000000,4.250000000000,36.666666666667,9.166666666667,0.000000000000,0.000000000000,13.416666666667
2026,100243,HCA FLORIDA BRANDON HOSPITAL,119 OAKFIELD DR,BRANDON,FL,33511,HILLSBOROUGH,38.333333333333,9.583333333333,13.000000000000,3.250000000000,31.666666666667,7.916666666667,0.000000000000,0.000000000000,20.750000000000
2026,100244,CAPE CORAL HOSPITAL,636 DEL PRADO BLVD,CAPE CORAL,FL,33990,LEE,4.000000000000,1.000000000000,28.000000000000,7.000000000000,55.000000000000,13.750000000000,0.000000000000,0.000000000000,21.750000000000
2026,100246,HCA FLORIDA LAWNWOOD HOSPITAL,1700 S 23RD ST,FORT PIERCE,FL,34950,ST. LUCIE,16.000000000000,4.000000000000,27.000000000000,6.750000000000,41.666666666667,10.416666666667,0.000000000000,0.000000000000,21.166666666667
2026,100248,HCA FLORIDA LARGO HOSPITAL,201 14TH ST SW,LARGO,FL,33770,PINELLAS,16.000000000000,4.000000000000,8.000000000000,2.000000000000,31.666666666667,7.916666666667,0.000000000000,0.000000000000,13.916666666667
2026,100249,TAMPA GENERAL HOSPITAL CRYSTAL RIVER,6201 N SUNCOAST BLVD,CRYSTAL RIVER,FL,34428,CITRUS,14.000000000000,3.500000000000,22.000000000000,5.500000000000,42.500000000000,10.625000000000,0.000000000000,0.000000000000,19.625000000000
2026,100252,HCA FLORIDA RAULERSON HOSPITAL,1796 HWY 441 NORTH,OKEECHOBEE,FL,34972,OKEECHOBEE,25.000000000000,6.250000000000,42.000000000000,10.500000000000,100.000000000000,25.000000000000,0.000000000000,0.000000000000,41.750000000000
2026,100253,JUPITER MEDICAL CENTER,1210 S OLD DIXIE HWY,JUPITER,FL,33458,PALM BEACH,26.666666666667,6.666666666667,27.000000000000,6.750000000000,93.333333333333,23.333333333333,0.000000000000,0.000000000000,36.750000000000
2026,100254,HCA FLORIDA CAPITAL HOSPITAL,2626 CAPITAL MEDICAL BLVD,TALLAHASSEE,FL,32308,LEON,40.000000000000,10.000000000000,17.000000000000,4.250000000000,66.666666666667,16.666666666667,0.000000000000,0.000000000000,30.916666666667
2026,100256,HCA FLORIDA BAYONET POINT HOSPITAL,14000 FIVAY RD,HUDSON,FL,34667,PASCO,20.000000000000,5.000000000000,18.000000000000,4.500000000000,31.666666666667,7.916666666667,0.000000000000,0.000000000000,17.416666666667
2026,100258,DELRAY MEDICAL CENTER,5352 LINTON BLVD,DELRAY BEACH,FL,33484,PALM BEACH,53.333333333333,13.333333333333,6.000000000000,1.500000000000,25.000000000000,6.250000000000,0.000000000000,0.000000000000,21.083333333333
2026,100259,HCA FLORIDA SOUTH SHORE HOSPITAL,4016 SUN CITY CENTER BLVD,SUN CITY CENTER,FL,33573,HILLSBOROUGH,16.000000000000,4.000000000000,17.000000000000,4.250000000000,60.000000000000,15.000000000000,0.000000000000,0.000000000000,23.250000000000
2026,100260,ST LUCIE MEDICAL CENTER,1800 SE TIFFANY AVE,PORT SAINT LUCIE,FL,34952,ST. LUCIE,32.000000000000,8.000000000000,14.000000000000,3.500000000000,68.333333333333,17.083333333333,0.000000000000,0.000000000000,28.583333333333
2026,100264,HCA FLORIDA OAK HILL HOSPITAL,11375 CORTEZ BLVD,BROOKSVILLE,FL,34613,HERNANDO,28.333333333333,7.083333333333,11.000000000000,2.750000000000,66.666666666667,16.666666666667,0.000000000000,0.000000000000,26.500000000000
2026,100265,MEASE COUNTRYSIDE HOSPITAL,3231 MCMULLEN BOOTH RD,SAFETY HARBOR,FL,34695,PINELLAS,5.000000000000,1.250000000000,42.000000000000,10.500000000000,18.333333333333,4.583333333333,0.000000000000,0.000000000000,16.333333333333
2026,100266,GULF BREEZE HOSPITAL,1110 GULF BREEZE PKWY,GULF BREEZE,FL,32561,SANTA ROSA,25.000000000000,6.250000000000,70.000000000000,17.500000000000,30.000000000000,7.500000000000,0.000000000000,0.000000000000,31.250000000000
2026,100267,HCA FLORIDA ENGLEWOOD HOSPITAL,700 MEDICAL BLVD,ENGLEWOOD,FL,34223,SARASOTA,16.000000000000,4.000000000000,16.000000000000,4.000000000000,53.333333333333,13.333333333333,0.000000000000,0.000000000000,21.333333333333
2026,100268,WEST BOCA MEDICAL CENTER,21644 STATE RD 7,BOCA RATON,FL,33428,PALM BEACH,16.666666666667,4.166666666667,3.000000000000,0.750000000000,65.000000000000,16.250000000000,0.000000000000,0.000000000000,21.166666666667
2026,100269,HCA FLORIDA PALMS WEST HOSPITAL,13001 SOUTHERN BLVD,LOXAHATCHEE,FL,33470,PALM BEACH,30.000000000000,7.500000000000,15.000000000000,3.750000000000,73.333333333333,18.333333333333,10.000000000000,2.500000000000,32.083333333333
2026,100275,WELLINGTON REGIONAL MEDICAL CENTER,10101 FOREST HILL BLVD,WELLINGTON,FL,33414,PALM BEACH,8.000000000000,2.000000000000,16.000000000000,4.000000000000,38.333333333333,9.583333333333,0.000000000000,0.000000000000,15.583333333333
2026,100276,BROWARD HEALTH CORAL SPRINGS,3000 CORAL HILLS DR,CORAL SPRINGS,FL,33065,BROWARD,55.000000000000,13.750000000000,22.000000000000,5.500000000000,65.000000000000,16.250000000000,0.000000000000,0.000000000000,35.500000000000
2026,100281,MEMORIAL HOSPITAL WEST,703 N FLAMINGO RD,PEMBROKE PINES,FL,33028,BROWARD,66.000000000000,16.500000000000,40.000000000000,10.000000000000,36.666666666667,9.166666666667,0.000000000000,0.000000000000,35.666666666667
2026,100284,KERALTY HOSPITAL,2500 SW 75TH AVE,MIAMI,FL,33155,MIAMI-DADE,0.000000000000,0.000000000000,Not Available,Not Available,100.000000000000,33.333333333333,0.000000000000,0.000000000000,33.333333333333
2026,100285,MEMORIAL HOSPITAL MIRAMAR,1901 SW 172ND AVE,MIRAMAR,FL,33029,BROWARD,0.000000000000,0.000000000000,59.000000000000,14.750000000000,43.333333333333,10.833333333333,0.000000000000,0.000000000000,25.583333333333
2026,100286,PHYSICIANS REGIONAL MEDICAL CENTER - PINE RIDGE,6101 PINE RIDGE ROAD,NAPLES,FL,34119,COLLIER,21.666666666667,5.416666666667,24.000000000000,6.000000000000,28.333333333333,7.083333333333,0.000000000000,0.000000000000,18.500000000000
2026,100287,GOOD SAMARITAN MEDICAL CENTER,1309 N FLAGLER DR,WEST PALM BEACH,FL,33401,PALM BEACH,24.000000000000,6.000000000000,13.000000000000,3.250000000000,36.666666666667,9.166666666667,0.000000000000,0.000000000000,18.416666666667
2026,100288,ST MARY'S MEDICAL CENTER,901 45TH ST,WEST PALM BEACH,FL,33407,PALM BEACH,20.000000000000,5.000000000000,12.000000000000,3.000000000000,18.333333333333,4.583333333333,0.000000000000,0.000000000000,12.583333333333
2026,100289,CLEVELAND CLINIC HOSPITAL,3100 WESTON RD,WESTON,FL,33331,BROWARD,71.666666666667,17.916666666667,48.000000000000,12.000000000000,41.666666666667,10.416666666667,30.000000000000,7.500000000000,47.833333333333
2026,100290,"VILLAGES REGIONAL HOSPITAL, THE",1451 EL CAMINO REAL,THE VILLAGES,FL,32159,LAKE,12.000000000000,3.000000000000,47.000000000000,11.750000000000,28.333333333333,7.083333333333,0.000000000000,0.000000000000,21.833333333333
2026,100291,ORLANDO HEALTH MELBOURNE HOSPITAL,250 NORTH WICKHAM ROAD,MELBOURNE,FL,32935,BREVARD,2.000000000000,0.500000000000,39.000000000000,9.750000000000,40.000000000000,10.000000000000,0.000000000000,0.000000000000,20.250000000000
2026,100296,DOCTORS HOSPITAL,5000 UNIVERSITY DR,CORAL GABLES,FL,33146,MIAMI-DADE,65.000000000000,16.250000000000,37.000000000000,9.250000000000,84.000000000000,21.000000000000,20.000000000000,5.000000000000,51.500000000000
2026,100299,LAKEWOOD RANCH MEDICAL CENTER,8330 LAKEWOOD RANCH BLVD,BRADENTON,FL,34202,MANATEE,0.000000000000,0.000000000000,25.000000000000,6.250000000000,51.666666666667,12.916666666667,0.000000000000,0.000000000000,19.166666666667
2026,100302,ORLANDO HEALTH ST CLOUD HOSPITAL,2906 17TH STREET,SAINT CLOUD,FL,34769,OSCEOLA,25.000000000000,6.250000000000,44.000000000000,11.000000000000,40.000000000000,10.000000000000,0.000000000000,0.000000000000,27.250000000000
2026,100314,WEST KENDALL BAPTIST HOSPITAL,9555 SW 162 AVE,MIAMI,FL,33196,MIAMI-DADE,56.666666666667,14.166666666667,42.000000000000,10.500000000000,56.666666666667,14.166666666667,20.000000000000,5.000000000000,43.833333333333
2026,100315,VIERA HOSPITAL,8745 N WICKHAM RD,MELBOURNE,FL,32940,BREVARD,14.000000000000,3.500000000000,37.000000000000,9.250000000000,68.333333333333,17.083333333333,0.000000000000,0.000000000000,29.833333333333
2026,100316,PALM BAY HOSPITAL,"1425 MALABAR RD, NE",PALM BAY,FL,32907,BREVARD,14.000000000000,3.500000000000,13.000000000000,3.250000000000,34.000000000000,8.500000000000,0.000000000000,0.000000000000,15.250000000000
2026,100319,ADVENTHEALTH WESLEY CHAPEL,2600 BRUCE B DOWNS BLVD,WESLEY CHAPEL,FL,33544,PASCO,38.000000000000,9.500000000000,68.000000000000,17.000000000000,68.333333333333,17.083333333333,10.000000000000,2.500000000000,46.083333333333
2026,100320,HCA FLORIDA POINCIANA HOSPITAL,325 CYPRESS PKWY,KISSIMMEE,FL,34758,OSCEOLA,27.500000000000,6.875000000000,25.000000000000,6.250000000000,45.000000000000,11.250000000000,30.000000000000,7.500000000000,31.875000000000
2026,100329,OVIEDO MEDICAL CENTER,8300 RED BUG LAKE RD,OVIEDO,FL,32765,SEMINOLE,30.000000000000,7.500000000000,49.000000000000,12.250000000000,50.000000000000,12.500000000000,0.000000000000,0.000000000000,32.250000000000
2026,100330,HALIFAX HEALTH /UF HEALTH MEDICAL CENTER OF DELTON,3300 HALIFAX CROSSINGS BLVD,DELTONA,FL,32725,VOLUSIA,Not Available,Not Available,30.000000000000,10.000000000000,0.000000000000,0.000000000000,0.000000000000,0.000000000000,10.000000000000
2026,100350,UCF LAKE NONA HOSPITAL,6700 LAKE NONA BLVD,ORLANDO,FL,32827,ORANGE,5.000000000000,1.250000000000,41.000000000000,10.250000000000,60.000000000000,15.000000000000,40.000000000000,10.000000000000,36.500000000000
2026,100359,SARASOTA MEMORIAL HOSPITAL - VENICE,2600 LAUREL ROAD EAST,NORTH VENICE,FL,34275,SARASOTA,20.000000000000,5.000000000000,64.000000000000,16.000000000000,58.333333333333,14.583333333333,0.000000000000,0.000000000000,35.583333333333
2026,100360,HCA FLORIDA UNIVERSITY HOSPITAL,3476 S UNIVERSITY DR.,DAVIE,FL,33328,BROWARD,25.000000000000,6.250000000000,19.000000000000,4.750000000000,75.000000000000,18.750000000000,10.000000000000,2.500000000000,32.250000000000
2026,100362,BAYCARE HOSPITAL WESLEY CHAPEL,4501 BRUCE B DOWNS BLVD,WESLEY CHAPEL,FL,33544,PASCO,Not Available,Not Available,56.000000000000,18.666666666667,35.000000000000,11.666666666667,0.000000000000,0.000000000000,30.333333333333
2026,100363,ADVENTHEALTH PALM COAST PARKWAY,1 ADVENTHEALTH WAY,PALM COAST,FL,32137,FLAGLER,60.000000000000,15.000000000000,45.000000000000,11.250000000000,85.000000000000,21.250000000000,50.000000000000,12.500000000000,60.000000000000
2026,110001,HAMILTON MEDICAL CENTER,1200 MEMORIAL DRIVE,DALTON,GA,30720,WHITFIELD,16.000000000000,4.000000000000,36.000000000000,9.000000000000,45.000000000000,11.250000000000,20.000000000000,5.000000000000,29.250000000000
2026,110002,UPSON REGIONAL MEDICAL CENTER,801 W GORDON STREET,THOMASTON,GA,30286,UPSON,0.000000000000,0.000000000000,62.000000000000,15.500000000000,70.000000000000,17.500000000000,0.000000000000,0.000000000000,33.000000000000
2026,110003,Memorial Satilla Health,1900 TEBEAU STREET,WAYCROSS,GA,31501,WARE,22.500000000000,5.625000000000,54.000000000000,13.500000000000,45.000000000000,11.250000000000,20.000000000000,5.000000000000,35.375000000000
2026,110005,NORTHSIDE HOSPITAL FORSYTH,1200 NORTHSIDE FORSYTH DRIVE,CUMMING,GA,30041,FORSYTH,8.000000000000,2.000000000000,42.000000000000,10.500000000000,31.666666666667,7.916666666667,10.000000000000,2.500000000000,22.916666666667
2026,110006,ST MARY'S HOSPITAL,1230 BAXTER STREET,ATHENS,GA,30606,CLARKE,0.000000000000,0.000000000000,23.000000000000,5.750000000000,28.333333333333,7.083333333333,20.000000000000,5.000000000000,17.833333333333
2026,110007,PHOEBE PUTNEY MEMORIAL HOSPITAL,417 THIRD AVENUE,ALBANY,GA,31703,DOUGHERTY,15.000000000000,3.750000000000,17.000000000000,4.250000000000,56.666666666667,14.166666666667,40.000000000000,10.000000000000,32.166666666667
2026,110008,NORTHSIDE HOSPITAL CHEROKEE,450 NORTHSIDE CHEROKEE BOULEVARD,CANTON,GA,30115,CHEROKEE,32.000000000000,8.000000000000,72.000000000000,18.000000000000,36.666666666667,9.166666666667,30.000000000000,7.500000000000,42.666666666667
2026,110010,EMORY UNIVERSITY HOSPITAL,"1364 CLIFTON ROAD, NE",ATLANTA,GA,30322,DEKALB,58.333333333333,14.583333333333,51.000000000000,12.750000000000,16.666666666667,4.166666666667,30.000000000000,7.500000000000,39.000000000000
2026,110011,TANNER MEDICAL CENTER - CARROLLTON,705 DIXIE STREET,CARROLLTON,GA,30117,CARROLL,25.000000000000,6.250000000000,50.000000000000,12.500000000000,45.000000000000,11.250000000000,0.000000000000,0.000000000000,30.000000000000
2026,110015,TANNER MEDICAL CENTER VILLA RICA,601 DALLAS HIGHWAY,VILLA RICA,GA,30180,CARROLL,22.500000000000,5.625000000000,48.000000000000,12.000000000000,76.666666666667,19.166666666667,0.000000000000,0.000000000000,36.791666666667
2026,110016,WELLSTAR WEST GEORGIA MEDICAL CENTER,1514 VERNON ROAD,LAGRANGE,GA,30240,TROUP,42.500000000000,10.625000000000,72.000000000000,18.000000000000,58.333333333333,14.583333333333,40.000000000000,10.000000000000,53.208333333333
2026,110018,PIEDMONT NEWTON HOSPITAL,5126 HOSPITAL DRIVE NE,COVINGTON,GA,30014,NEWTON,22.000000000000,5.500000000000,12.000000000000,3.000000000000,56.666666666667,14.166666666667,10.000000000000,2.500000000000,25.166666666667
2026,110023,ADVENTHEALTH GORDON,1035 RED BUD ROAD,CALHOUN,GA,30701,GORDON,25.000000000000,6.250000000000,58.000000000000,14.500000000000,40.000000000000,10.000000000000,60.000000000000,15.000000000000,45.750000000000
2026,110024,CANDLER HOSPITAL,5353 REYNOLDS STREET,SAVANNAH,GA,31405,CHATHAM,0.000000000000,0.000000000000,25.000000000000,6.250000000000,26.666666666667,6.666666666667,30.000000000000,7.500000000000,20.416666666667
2026,110025,SOUTHEAST GEORGIA HEALTH SYSTEM- BRUNSWICK CAMPUS,2415 PARKWOOD DRIVE,BRUNSWICK,GA,31520,GLYNN,6.000000000000,1.500000000000,21.000000000000,5.250000000000,21.666666666667,5.416666666667,10.000000000000,2.500000000000,14.666666666667
2026,110027,"TY COBB REGIONAL MEDICAL CENTER, LLC",367 CLEAR CREEK PARKWAY,LAVONIA,GA,30553,FRANKLIN,6.666666666667,1.666666666667,44.000000000000,11.000000000000,20.000000000000,5.000000000000,40.000000000000,10.000000000000,27.666666666667
2026,110028,PIEDMONT AUGUSTA HOSPITAL,1350 WALTON WAY,AUGUSTA,GA,30901,RICHMOND,8.333333333333,2.083333333333,15.000000000000,3.750000000000,26.666666666667,6.666666666667,0.000000000000,0.000000000000,12.500000000000
2026,110029,"NORTHEAST GEORGIA MEDICAL CENTER, INC",743 SPRING STREET,GAINESVILLE,GA,30501,HALL,6.666666666667,1.666666666667,19.000000000000,4.750000000000,25.000000000000,6.250000000000,10.000000000000,2.500000000000,15.166666666667
2026,110030,PIEDMONT CARTERSVILLE MEDICAL CENTER,960 JOE FRANK HARRIS PARKWAY,CARTERSVILLE,GA,30120,BARTOW,47.500000000000,11.875000000000,34.000000000000,8.500000000000,31.666666666667,7.916666666667,30.000000000000,7.500000000000,35.791666666667
2026,110031,WELLSTAR SPALDING MEDICAL CENTER,601 SOUTH 8TH STREET,GRIFFIN,GA,30223,SPALDING,20.000000000000,5.000000000000,45.000000000000,11.250000000000,45.000000000000,11.250000000000,10.000000000000,2.500000000000,30.000000000000
2026,110032,STEPHENS COUNTY HOSPITAL,163 HOSPITAL DRIVE,TOCCOA,GA,30577,STEPHENS,23.333333333333,5.833333333333,43.000000000000,10.750000000000,45.000000000000,11.250000000000,70.000000000000,17.500000000000,45.333333333333
2026,110034,"WELLSTAR MCG HEALTH, AFFILIATED WITH MED COL",1120 15TH STREET,AUGUSTA,GA,30912,RICHMOND,16.000000000000,4.000000000000,15.000000000000,3.750000000000,16.666666666667,4.166666666667,0.000000000000,0.000000000000,11.916666666667
2026,110035,WELLSTAR KENNESTONE REGIONAL MEDICAL CENTER,677 CHURCH STREET,MARIETTA,GA,30060,COBB,41.666666666667,10.416666666667,13.000000000000,3.250000000000,50.000000000000,12.500000000000,20.000000000000,5.000000000000,31.166666666667
2026,110036,SAVANNAH HEALTH SERVICES LLC DBA MEMORIAL HEALTH UNIVERSITY MEDICAL CENTER,4700 WATERS AVENUE,SAVANNAH,GA,31404,CHATHAM,5.000000000000,1.250000000000,16.000000000000,4.000000000000,38.333333333333,9.583333333333,0.000000000000,0.000000000000,14.833333333333
2026,110038,ARCHBOLD MEMORIAL HOSPITAL,915 GORDON AVENUE & MIMOSA DRIVE,THOMASVILLE,GA,31792,THOMAS,15.000000000000,3.750000000000,28.000000000000,7.000000000000,6.666666666667,1.666666666667,0.000000000000,0.000000000000,12.416666666667
2026,110041,NORTHEAST GEORGIA MEDICAL CENTER HABERSHAM,541 HISTORIC HIGHWAY 441-NORTH,DEMOREST,GA,30535,HABERSHAM,10.000000000000,3.333333333333,24.000000000000,8.000000000000,Not Available,Not Available,80.000000000000,26.666666666667,38.000000000000
2026,110042,WELLSTAR PAULDING MEDICAL CENTER,2518 JIMMY LEE SMITH PARKWAY,HIRAM,GA,30141,PAULDING,47.500000000000,11.875000000000,35.000000000000,8.750000000000,43.333333333333,10.833333333333,60.000000000000,15.000000000000,46.458333333333
2026,110043,ST JOSEPH'S HOSPITAL - SAVANNAH,11705 MERCY BOULEVARD,SAVANNAH,GA,31419,CHATHAM,6.666666666667,1.666666666667,36.000000000000,9.000000000000,28.333333333333,7.083333333333,0.000000000000,0.000000000000,17.750000000000
2026,110044,PHOEBE SUMTER MEDICAL CENTER,126 HIGHWAY 280 W,AMERICUS,GA,31719,SUMTER,23.333333333333,5.833333333333,41.000000000000,10.250000000000,90.000000000000,22.500000000000,70.000000000000,17.500000000000,56.083333333333
2026,110045,"NGMC BARROW, LLC",316 NORTH BROAD STREET,WINDER,GA,30680,BARROW,20.000000000000,5.000000000000,35.000000000000,8.750000000000,25.000000000000,6.250000000000,90.000000000000,22.500000000000,42.500000000000
2026,110046,PIEDMONT WALTON HOSPITAL,2151 W SPRING STREET,MONROE,GA,30655,WALTON,20.000000000000,5.000000000000,30.000000000000,7.500000000000,40.000000000000,10.000000000000,40.000000000000,10.000000000000,32.500000000000
2026,110050,ADVENTHEALTH MURRAY,"707 OLD DALTON ELLIJAY ROAD, PO BOX 1406",CHATSWORTH,GA,30705,MURRAY,65.000000000000,21.666666666667,85.000000000000,28.333333333333,Not Available,Not Available,100.000000000000,33.333333333333,83.333333333333
2026,110051,UNION GENERAL HOSPITAL,35 HOSPITAL ROAD,BLAIRSVILLE,GA,30512,UNION,2.500000000000,0.625000000000,55.000000000000,13.750000000000,66.666666666667,16.666666666667,0.000000000000,0.000000000000,31.041666666667
2026,110054,ATRIUM HEALTH FLOYD MEDICAL CENTER,304 TURNER MCCALL BOULEVARD,ROME,GA,30162,FLOYD,20.000000000000,5.000000000000,29.000000000000,7.250000000000,25.000000000000,6.250000000000,20.000000000000,5.000000000000,23.500000000000
2026,110064,PIEDMONT COLUMBUS REGIONAL MIDTOWN,710 CENTER STREET,COLUMBUS,GA,31901,MUSCOGEE,2.500000000000,0.625000000000,28.000000000000,7.000000000000,31.666666666667,7.916666666667,30.000000000000,7.500000000000,23.041666666667
2026,110069,EMORY HOUSTON HOSPITAL WARNER ROBINS,1601 WATSON BOULEVARD,WARNER ROBINS,GA,31093,HOUSTON,20.000000000000,5.000000000000,26.000000000000,6.500000000000,45.000000000000,11.250000000000,30.000000000000,7.500000000000,30.250000000000
2026,110074,PIEDMONT ATHENS REGIONAL MEDICAL CENTER,1199 PRINCE AVENUE,ATHENS,GA,30606,CLARKE,52.000000000000,13.000000000000,39.000000000000,9.750000000000,23.333333333333,5.833333333333,20.000000000000,5.000000000000,33.583333333333
2026,110075,EAST GEORGIA REGIONAL MEDICAL CENTER,1499 FAIR ROAD,STATESBORO,GA,30458,BULLOCH,12.000000000000,3.000000000000,49.000000000000,12.250000000000,16.666666666667,4.166666666667,0.000000000000,0.000000000000,19.416666666667
2026,110076,EMORY DECATUR HOSPITAL,2701 N DECATUR ROAD,DECATUR,GA,30033,DEKALB,14.000000000000,3.500000000000,30.000000000000,7.500000000000,21.666666666667,5.416666666667,0.000000000000,0.000000000000,16.416666666667
2026,110078,EMORY UNIVERSITY HOSPITAL MIDTOWN,"550 PEACHTREE STREET,  NE",ATLANTA,GA,30308,FULTON,26.000000000000,6.500000000000,23.000000000000,5.750000000000,15.000000000000,3.750000000000,20.000000000000,5.000000000000,21.000000000000
2026,110079,GRADY MEMORIAL HOSPITAL,"80 JESSE HILL, JR DRIVE SE",ATLANTA,GA,30303,FULTON,35.000000000000,8.750000000000,31.000000000000,7.750000000000,28.333333333333,7.083333333333,0.000000000000,0.000000000000,23.583333333333
2026,110082,"SAINT JOSEPH'S HOSPITAL OF ATLANTA, INC",5665 PEACHTREE DUNWOODY ROAD,ATLANTA,GA,30342,FULTON,10.000000000000,2.500000000000,33.000000000000,8.250000000000,18.333333333333,4.583333333333,30.000000000000,7.500000000000,22.833333333333
2026,110083,"PIEDMONT HOSPITAL, INC",1968 PEACHTREE RD NW,ATLANTA,GA,30309,FULTON,60.000000000000,15.000000000000,31.000000000000,7.750000000000,35.000000000000,8.750000000000,30.000000000000,7.500000000000,39.000000000000
2026,110087,NORTHSIDE HOSPITAL GWINNETT,1000 MEDICAL CENTER BOULEVARD,LAWRENCEVILLE,GA,30045,GWINNETT,28.333333333333,7.083333333333,24.000000000000,6.000000000000,26.666666666667,6.666666666667,0.000000000000,0.000000000000,19.750000000000
2026,110089,"COFFEE REGIONAL MEDICAL CENTER, INC",1101 OCILLA ROAD,DOUGLAS,GA,31642,COFFEE,10.000000000000,2.500000000000,37.000000000000,9.250000000000,65.000000000000,16.250000000000,10.000000000000,2.500000000000,30.500000000000
2026,110091,PIEDMONT ROCKDALE HOSPITAL,"1412 MILSTEAD AVENUE, NE",CONYERS,GA,30012,ROCKDALE,37.500000000000,9.375000000000,34.000000000000,8.500000000000,40.000000000000,10.000000000000,20.000000000000,5.000000000000,32.875000000000
2026,110095,TIFT REGIONAL MEDICAL CENTER,901 E 18TH STREET,TIFTON,GA,31794,TIFT,12.500000000000,3.125000000000,30.000000000000,7.500000000000,53.333333333333,13.333333333333,50.000000000000,12.500000000000,36.458333333333
2026,110104,CRISP REGIONAL HOSPITAL,902 7TH STREET NORTH,CORDELE,GA,31015,CRISP,10.000000000000,2.500000000000,19.000000000000,4.750000000000,13.333333333333,3.333333333333,70.000000000000,17.500000000000,28.083333333333
2026,110105,COLQUITT REGIONAL MEDICAL CENTER,3131 SOUTH MAIN STREET,MOULTRIE,GA,31768,COLQUITT,10.000000000000,2.500000000000,63.000000000000,15.750000000000,81.666666666667,20.416666666667,50.000000000000,12.500000000000,51.166666666667
2026,110107,ATRIUM HEALTH NAVICENT THE MEDICAL CENTER,777 HEMLOCK STREET,MACON,GA,31201,BIBB,13.333333333333,3.333333333333,22.000000000000,5.500000000000,20.000000000000,5.000000000000,10.000000000000,2.500000000000,16.333333333333
2026,110109,EMANUEL MEDICAL CENTER,117 KITE ROAD,SWAINSBORO,GA,30401,EMANUEL,3.333333333333,0.833333333333,61.000000000000,15.250000000000,55.000000000000,13.750000000000,60.000000000000,15.000000000000,44.833333333333
2026,110122,SGMC HEALTH,"2501 NORTH PATTERSON STREET, PO BOX 1727",VALDOSTA,GA,31602,LOWNDES,18.000000000000,4.500000000000,38.000000000000,9.500000000000,28.333333333333,7.083333333333,20.000000000000,5.000000000000,26.083333333333
2026,110124,WAYNE MEMORIAL HOSPITAL,865 SOUTH FIRST STREET,JESUP,GA,31545,WAYNE,13.333333333333,3.333333333333,57.000000000000,14.250000000000,33.333333333333,8.333333333333,0.000000000000,0.000000000000,25.916666666667
2026,110125,FAIRVIEW PARK HOSPITAL,200 INDUSTRIAL BOULEVARD,DUBLIN,GA,31021,LAURENS,2.500000000000,0.625000000000,53.000000000000,13.250000000000,90.000000000000,22.500000000000,30.000000000000,7.500000000000,43.875000000000
2026,110128,MEMORIAL HEALTH MEADOWS HOSPITAL,ONE MEADOWS PARKWAY,VIDALIA,GA,30474,TOOMBS,27.500000000000,6.875000000000,69.000000000000,17.250000000000,90.000000000000,22.500000000000,70.000000000000,17.500000000000,64.125000000000
2026,110129,ST FRANCIS HOSPITAL- EMORY HEALTHCARE,2122 MANCHESTER EXPRESSWAY,COLUMBUS,GA,31995,CHATTAHOOCHEE,28.000000000000,7.000000000000,30.000000000000,7.500000000000,21.666666666667,5.416666666667,10.000000000000,2.500000000000,22.416666666667
2026,110143,WELLSTAR COBB MEDICAL CENTER,3950 AUSTELL RD,AUSTELL,GA,30106,COBB,12.500000000000,3.125000000000,14.000000000000,3.500000000000,25.000000000000,6.250000000000,30.000000000000,7.500000000000,20.375000000000
2026,110146,SOUTHEAST GEORGIA HEALTH SYSTEM -- CAMDEN CAMPUS,2000 DAN PROCTOR DRIVE,SAINT MARYS,GA,31558,CAMDEN,10.000000000000,2.500000000000,50.000000000000,12.500000000000,60.000000000000,15.000000000000,30.000000000000,7.500000000000,37.500000000000
2026,110150,NAVICENT HEALTH BALDWIN,821 NORTH COBB STREET,MILLEDGEVILLE,GA,31061,BALDWIN,16.666666666667,4.166666666667,37.000000000000,9.250000000000,30.000000000000,7.500000000000,80.000000000000,20.000000000000,40.916666666667
2026,110161,NORTHSIDE HOSPITAL,"1000 JOHNSON FERRY ROAD, NE",ATLANTA,GA,30342,FULTON,10.000000000000,2.500000000000,36.000000000000,9.000000000000,10.000000000000,2.500000000000,30.000000000000,7.500000000000,21.500000000000
2026,110164,"COLISEUM MEDICAL CENTERS, LLC, DBA",350 HOSPITAL DRIVE,MACON,GA,31217,BIBB,30.000000000000,7.500000000000,20.000000000000,5.000000000000,10.000000000000,2.500000000000,0.000000000000,0.000000000000,15.000000000000
2026,110165,SOUTHERN REGIONAL MEDICAL CENTER,"11 UPPER RIVERDALE ROAD, SW",RIVERDALE,GA,30274,CLAYTON,0.000000000000,0.000000000000,4.000000000000,1.000000000000,42.000000000000,10.500000000000,0.000000000000,0.000000000000,11.500000000000
2026,110168,ADVENTHEALTH REDMOND,501 REDMOND ROAD NW,ROME,GA,30165,FLOYD,43.333333333333,10.833333333333,49.000000000000,12.250000000000,23.333333333333,5.833333333333,10.000000000000,2.500000000000,31.416666666667
2026,110177,DOCTORS HOSPITAL,3651 WHEELER ROAD,AUGUSTA,GA,30909,RICHMOND,12.000000000000,3.000000000000,22.000000000000,5.500000000000,53.333333333333,13.333333333333,0.000000000000,0.000000000000,21.833333333333
2026,110184,WELLSTAR DOUGLAS MEDICAL CENTER,8954 HOSPITAL DRIVE,DOUGLASVILLE,GA,30134,DOUGLAS,40.000000000000,10.000000000000,24.000000000000,6.000000000000,23.333333333333,5.833333333333,40.000000000000,10.000000000000,31.833333333333
2026,110191,PIEDMONT HENRY HOSPITAL,1133 EAGLE'S LANDING PARKWAY,STOCKBRIDGE,GA,30281,HENRY,26.000000000000,6.500000000000,18.000000000000,4.500000000000,36.666666666667,9.166666666667,0.000000000000,0.000000000000,20.166666666667
2026,110192,PIEDMONT EASTSIDE MEDICAL CENTER,1700 MEDICAL WAY,SNELLVILLE,GA,30078,GWINNETT,27.500000000000,6.875000000000,11.000000000000,2.750000000000,33.333333333333,8.333333333333,0.000000000000,0.000000000000,17.958333333333
2026,110198,WELLSTAR NORTH FULTON MEDICAL CENTER,3000 HOSPITAL BOULEVARD,ROSWELL,GA,30076,FULTON,12.500000000000,3.125000000000,10.000000000000,2.500000000000,16.666666666667,4.166666666667,20.000000000000,5.000000000000,14.791666666667
2026,110200,PIEDMONT COLUMBUS REGIONAL NORTHSIDE,100 FRIST COURT,COLUMBUS,GA,31909,MUSCOGEE,14.000000000000,3.500000000000,50.000000000000,12.500000000000,62.000000000000,15.500000000000,0.000000000000,0.000000000000,31.500000000000
2026,110201,PIEDMONT MACON NORTH HOSPITAL,400 CHARTER BOULEVARD,MACON,GA,31210,BIBB,25.000000000000,6.250000000000,40.000000000000,10.000000000000,60.000000000000,15.000000000000,0.000000000000,0.000000000000,31.250000000000
2026,110215,PIEDMONT FAYETTE HOSPITAL,1255 HIGHWAY 54 WEST,FAYETTEVILLE,GA,30214,FAYETTE,34.000000000000,8.500000000000,24.000000000000,6.000000000000,45.000000000000,11.250000000000,30.000000000000,7.500000000000,33.250000000000
2026,110225,PIEDMONT MOUNTAINSIDE HOSPITAL INC,1266 HIGHWAY 515 SOUTH,JASPER,GA,30143,PICKENS,40.000000000000,10.000000000000,40.000000000000,10.000000000000,25.000000000000,6.250000000000,50.000000000000,12.500000000000,38.750000000000
2026,110226,EMORY HILLANDALE HOSPITAL,2801 DEKALB MEDICAL PARKWAY,LITHONIA,GA,30058,DEKALB,0.000000000000,0.000000000000,34.000000000000,8.500000000000,50.000000000000,12.500000000000,50.000000000000,12.500000000000,33.500000000000
2026,110229,"PIEDMONT NEWNAN HOSPITAL, INC",745 POPLAR ROAD,NEWNAN,GA,30265,COWETA,36.000000000000,9.000000000000,23.000000000000,5.750000000000,50.000000000000,12.500000000000,40.000000000000,10.000000000000,37.250000000000
2026,110230,EMORY JOHNS CREEK HOSPITAL,6325 HOSPITAL PARKWAY,JOHNS CREEK,GA,30097,FULTON,32.000000000000,8.000000000000,18.000000000000,4.500000000000,18.333333333333,4.583333333333,50.000000000000,12.500000000000,29.583333333333
2026,110233,"SOUTHEASTERN REGIONAL MEDICAL CENTER, INC",600 CELEBRATE LIFE PARKWAY NORTH,NEWNAN,GA,30265,COWETA,Not Available,Not Available,98.000000000000,32.666666666667,43.333333333333,14.444444444444,0.000000000000,0.000000000000,47.111111111111
2026,110237,NORTHEAST GEORGIA MEDICAL CENTER LUMPKIN,227 MOUNTAIN DRIVE,DAHLONEGA,GA,30533,LUMPKIN,23.333333333333,7.777777777778,84.000000000000,28.000000000000,Not Available,Not Available,100.000000000000,33.333333333333,69.111111111111
2026,110252,NORTHSIDE HOSPITAL DULUTH,3620 HOWELL FERRY ROAD,DULUTH,GA,30096,GWINNETT,23.333333333333,5.833333333333,30.000000000000,7.500000000000,44.000000000000,11.000000000000,20.000000000000,5.000000000000,29.333333333333
2026,120001,THE QUEENS MEDICAL CENTER,1301 PUNCHBOWL ST,HONOLULU,HI,96813,HONOLULU,31.666666666667,7.916666666667,48.000000000000,12.000000000000,16.666666666667,4.166666666667,30.000000000000,7.500000000000,31.583333333333
2026,120002,MAUI MEMORIAL MEDICAL CENTER,221 MAHALANI STREET,WAILUKU,HI,96793,MAUI,12.500000000000,3.125000000000,24.000000000000,6.000000000000,26.666666666667,6.666666666667,80.000000000000,20.000000000000,35.791666666667
2026,120005,HILO BENIOFF MEDICAL CENTER,1190 WAIANUENUE AVENUE,HILO,HI,96720,HAWAII,27.500000000000,6.875000000000,18.000000000000,4.500000000000,58.333333333333,14.583333333333,70.000000000000,17.500000000000,43.458333333333
2026,120006,ADVENTIST HEALTH CASTLE,640 ULUKAHIKI ST,KAILUA,HI,96734,HONOLULU,12.000000000000,3.000000000000,63.000000000000,15.750000000000,83.333333333333,20.833333333333,50.000000000000,12.500000000000,52.083333333333
2026,120007,KUAKINI MEDICAL CENTER,347 NORTH KUAKINI STREET,HONOLULU,HI,96817,HONOLULU,35.000000000000,8.750000000000,19.000000000000,4.750000000000,70.000000000000,17.500000000000,20.000000000000,5.000000000000,36.000000000000
2026,120011,KAISER FOUNDATION HOSPITAL,3288 MOANALUA RD,HONOLULU,HI,96819,HONOLULU,30.000000000000,7.500000000000,54.000000000000,13.500000000000,43.333333333333,10.833333333333,90.000000000000,22.500000000000,54.333333333333
2026,120014,WILCOX MEMORIAL HOSPITAL,3-3420 KUHIO HIGHWAY,LIHUE,HI,96766,KAUAI,0.000000000000,0.000000000000,32.000000000000,8.000000000000,40.000000000000,10.000000000000,90.000000000000,22.500000000000,40.500000000000
2026,120019,KONA COMMUNITY HOSPITAL,79-1019 HAUKAPILA STREET,KEALAKEKUA,HI,96750,HAWAII,10.000000000000,2.500000000000,35.000000000000,8.750000000000,24.000000000000,6.000000000000,80.000000000000,20.000000000000,37.250000000000
2026,120022,STRAUB CLINIC AND HOSPITAL,888 S KING STREET,HONOLULU,HI,96813,HONOLULU,23.333333333333,5.833333333333,47.000000000000,11.750000000000,33.333333333333,8.333333333333,30.000000000000,7.500000000000,33.416666666667
2026,120026,PALI MOMI MEDICAL CENTER,98-1079 MOANALUA ROAD,AIEA,HI,96701,HONOLULU,12.500000000000,3.125000000000,54.000000000000,13.500000000000,45.000000000000,11.250000000000,40.000000000000,10.000000000000,37.875000000000
2026,120028,"NORTH HAWAII COMMUNITY HOSPITAL, INC",67 1125 MAMALAHOA HIGHWAY,KAMUELA,HI,96743,HAWAII,35.000000000000,8.750000000000,31.000000000000,7.750000000000,25.000000000000,6.250000000000,100.000000000000,25.000000000000,47.750000000000
2026,130002,ST LUKES MAGIC VALLEY MEDICAL CENTER,801 POLE LINE ROAD WEST,TWIN FALLS,ID,83301,TWIN FALLS,15.000000000000,3.750000000000,34.000000000000,8.500000000000,41.666666666667,10.416666666667,40.000000000000,10.000000000000,32.666666666667
2026,130003,ST JOSEPH REGIONAL MEDICAL CENTER,415 SIXTH STREET,LEWISTON,ID,83501,NEZ PERCE,10.000000000000,2.500000000000,24.000000000000,6.000000000000,45.000000000000,11.250000000000,0.000000000000,0.000000000000,19.750000000000
2026,130006,ST LUKE'S REGIONAL MEDICAL CENTER,190 EAST BANNOCK STREET,BOISE,ID,83712,ADA,15.000000000000,3.750000000000,68.000000000000,17.000000000000,30.000000000000,7.500000000000,30.000000000000,7.500000000000,35.750000000000
2026,130007,SAINT ALPHONSUS REGIONAL MEDICAL CENTER,1055 NORTH CURTIS ROAD,BOISE,ID,83706,ADA,3.333333333333,0.833333333333,36.000000000000,9.000000000000,15.000000000000,3.750000000000,0.000000000000,0.000000000000,13.583333333333
2026,130013,SAINT ALPHONSUS MEDICAL CENTER - NAMPA,4300 E FLAMINGO AVE,NAMPA,ID,83687,CANYON,36.000000000000,9.000000000000,32.000000000000,8.000000000000,10.000000000000,2.500000000000,10.000000000000,2.500000000000,22.000000000000
2026,130014,WEST VALLEY MEDICAL CENTER,1717 ARLINGTON STREET,CALDWELL,ID,83605,CANYON,35.000000000000,8.750000000000,67.000000000000,16.750000000000,90.000000000000,22.500000000000,40.000000000000,10.000000000000,58.000000000000
2026,130018,EASTERN IDAHO REGIONAL MEDICAL CENTER,3100 CHANNING WAY,IDAHO FALLS,ID,83404,BONNEVILLE,32.000000000000,8.000000000000,23.000000000000,5.750000000000,55.000000000000,13.750000000000,0.000000000000,0.000000000000,27.500000000000
2026,130028,PORTNEUF MEDICAL CENTER,777 HOSPITAL WAY,POCATELLO,ID,83201,BANNOCK,18.333333333333,4.583333333333,21.000000000000,5.250000000000,30.000000000000,7.500000000000,0.000000000000,0.000000000000,17.333333333333
2026,130049,KOOTENAI HEALTH,2003 KOOTENAI HEALTH WAY,COEUR D'ALENE,ID,83814,KOOTENAI,11.666666666667,2.916666666667,33.000000000000,8.250000000000,58.333333333333,14.583333333333,0.000000000000,0.000000000000,25.750000000000
2026,130065,MOUNTAIN VIEW HOSPITAL,2325 CORONADO STREET,IDAHO FALLS,ID,83404,BONNEVILLE,Not Available,Not Available,50.000000000000,16.666666666667,90.000000000000,30.000000000000,40.000000000000,13.333333333333,60.000000000000
2026,130071,ST LUKE'S NAMPA MEDICAL CENTER,9850 WEST ST LUKES DRIVE,NAMPA,ID,83687,CANYON,17.500000000000,4.375000000000,69.000000000000,17.250000000000,32.000000000000,8.000000000000,60.000000000000,15.000000000000,44.625000000000
2026,130074,"IDAHO FALLS COMMUNITY HOSPITAL, LLC",2327 CORONADO ST,IDAHO FALLS,ID,83404,BONNEVILLE,0.000000000000,0.000000000000,57.000000000000,14.250000000000,38.000000000000,9.500000000000,30.000000000000,7.500000000000,31.250000000000
2026,140001,GRAHAM HOSPITAL ASSOCIATION,210 WEST WALNUT STREET,CANTON,IL,61520,FULTON,0.000000000000,0.000000000000,48.000000000000,12.000000000000,5.000000000000,1.250000000000,40.000000000000,10.000000000000,23.250000000000
2026,140002,ALTON MEMORIAL HOSPITAL,ONE MEMORIAL DRIVE,ALTON,IL,62002,MADISON,38.000000000000,9.500000000000,59.000000000000,14.750000000000,55.000000000000,13.750000000000,40.000000000000,10.000000000000,48.000000000000
2026,140008,LOYOLA GOTTLIEB MEMORIAL HOSPITAL,701 WEST NORTH AVE,MELROSE PARK,IL,60160,COOK,17.500000000000,4.375000000000,19.000000000000,4.750000000000,50.000000000000,12.500000000000,0.000000000000,0.000000000000,21.625000000000
2026,140010,NORTHSHORE UNIVERSITY HEALTHSYSTEM - EVANSTON HOSPITAL,2650 RIDGE AVE,EVANSTON,IL,60201,COOK,93.333333333333,23.333333333333,32.000000000000,8.000000000000,26.666666666667,6.666666666667,20.000000000000,5.000000000000,43.000000000000
2026,140011,HERRIN HOSPITAL,201 S 14TH ST,HERRIN,IL,62948,WILLIAMSON,4.000000000000,1.000000000000,25.000000000000,6.250000000000,4.000000000000,1.000000000000,20.000000000000,5.000000000000,13.250000000000
2026,140012,OSF SAINT KATHARINE MEDICAL CENTER,403 E 1ST ST,DIXON,IL,61021,LEE,10.000000000000,2.500000000000,17.000000000000,4.250000000000,50.000000000000,12.500000000000,20.000000000000,5.000000000000,24.250000000000
2026,140013,CARLE HEALTH PROCTOR HOSPITAL,5409 N KNOXVILLE AVE,PEORIA,IL,61354,PEORIA,2.000000000000,0.500000000000,3.000000000000,0.750000000000,16.666666666667,4.166666666667,0.000000000000,0.000000000000,5.416666666667
2026,140015,BLESSING HOSPITAL,1005 BROADWAY ST,QUINCY,IL,62301,ADAMS,13.333333333333,3.333333333333,29.000000000000,7.250000000000,41.666666666667,10.416666666667,10.000000000000,2.500000000000,23.500000000000
2026,140018,MT SINAI HOSPITAL MEDICAL CENTER,15TH STREET AT CALIFORNIA,CHICAGO,IL,60608,COOK,25.000000000000,6.250000000000,20.000000000000,5.000000000000,13.333333333333,3.333333333333,0.000000000000,0.000000000000,14.583333333333
2026,140029,COPLEY MEMORIAL HOSPITAL,2000 OGDEN AVENUE,AURORA,IL,60504,DUPAGE,26.666666666667,6.666666666667,25.000000000000,6.250000000000,56.666666666667,14.166666666667,30.000000000000,7.500000000000,34.583333333333
2026,140030,ADVOCATE SHERMAN HOSPITAL,1425 NORTH RANDALL ROAD,ELGIN,IL,60123,KANE,52.000000000000,13.000000000000,50.000000000000,12.500000000000,36.666666666667,9.166666666667,0.000000000000,0.000000000000,34.666666666667
2026,140032,ST ANTHONYS MEMORIAL HOSPITAL,503 N MAPLE STREET,EFFINGHAM,IL,62401,EFFINGHAM,12.500000000000,3.125000000000,58.000000000000,14.500000000000,37.500000000000,9.375000000000,40.000000000000,10.000000000000,37.000000000000
2026,140034,SSM HEALTH ST MARY'S HOSPITAL -CENTRALIA,400 NORTH PLEASANT AVENUE,CENTRALIA,IL,62801,MARION,0.000000000000,0.000000000000,36.000000000000,9.000000000000,10.000000000000,2.500000000000,60.000000000000,15.000000000000,26.500000000000
2026,140043,CGH MEDICAL CENTER,100 EAST LEFEVRE ROAD,STERLING,IL,61081,WHITESIDE,0.000000000000,0.000000000000,52.000000000000,13.000000000000,30.000000000000,7.500000000000,20.000000000000,5.000000000000,25.500000000000
2026,140046,GOOD SAMARITAN REGIONAL HLTH CENTER,1 GOOD SAMARITAN WAY,MOUNT VERNON,IL,62864,JEFFERSON,38.000000000000,9.500000000000,47.000000000000,11.750000000000,48.333333333333,12.083333333333,10.000000000000,2.500000000000,35.833333333333
2026,140048,ADVOCATE TRINITY HOSPITAL,2320 E 93RD ST,CHICAGO,IL,60617,COOK,50.000000000000,12.500000000000,22.000000000000,5.500000000000,25.000000000000,6.250000000000,20.000000000000,5.000000000000,29.250000000000
2026,140049,WEST SUBURBAN MEDICAL CENTER,3 ERIE COURT,OAK PARK,IL,60302,COOK,10.000000000000,2.500000000000,16.000000000000,4.000000000000,34.000000000000,8.500000000000,10.000000000000,2.500000000000,17.500000000000
2026,140052,OSF SAINT ANTHONY'S HEALTH CENTER,ST ANTHONY'S WAY,ALTON,IL,62002,MADISON,17.500000000000,4.375000000000,46.000000000000,11.500000000000,60.000000000000,15.000000000000,0.000000000000,0.000000000000,30.875000000000
2026,140053,ST JOHNS HOSPITAL,800 E CARPENTER ST,SPRINGFIELD,IL,62769,SANGAMON,24.000000000000,6.000000000000,12.000000000000,3.000000000000,20.000000000000,5.000000000000,0.000000000000,0.000000000000,14.000000000000
2026,140054,MACNEAL  HOSPITAL,3249 SOUTH OAK PARK AVENUE,BERWYN,IL,60402,COOK,17.500000000000,4.375000000000,16.000000000000,4.000000000000,48.333333333333,12.083333333333,10.000000000000,2.500000000000,22.958333333333
2026,140059,JERSEY COMMUNITY HOSPITAL,400 MAPLE SUMMIT ROAD,JERSEYVILLE,IL,62052,JERSEY,0.000000000000,0.000000000000,81.000000000000,27.000000000000,Not Available,Not Available,20.000000000000,6.666666666667,33.666666666667
2026,140062,PALOS COMMUNITY HOSPITAL,12251 SOUTH 80TH AVENUE,PALOS HEIGHTS,IL,60463,COOK,33.333333333333,8.333333333333,27.000000000000,6.750000000000,26.666666666667,6.666666666667,0.000000000000,0.000000000000,21.750000000000
2026,140063,RUSH OAK PARK HOSPITAL,520 S MAPLE AVE,OAK PARK,IL,60304,COOK,67.500000000000,16.875000000000,18.000000000000,4.500000000000,30.000000000000,7.500000000000,40.000000000000,10.000000000000,38.875000000000
2026,140064,ST MARY MEDICAL CENTER,3333 NORTH SEMINARY,GALESBURG,IL,61401,KNOX,5.000000000000,1.250000000000,19.000000000000,4.750000000000,27.500000000000,6.875000000000,20.000000000000,5.000000000000,17.875000000000
2026,140065,UCHICAGO MEDICINE ADVENTHEALTH LA GRANGE,5101 S WILLOW SPRINGS RD,LA GRANGE,IL,60525,COOK,36.000000000000,9.000000000000,51.000000000000,12.750000000000,75.000000000000,18.750000000000,0.000000000000,0.000000000000,40.500000000000
2026,140067,SAINT FRANCIS MEDICAL CENTER,530 NE GLEN OAK AVE,PEORIA,IL,61637,PEORIA,35.000000000000,8.750000000000,14.000000000000,3.500000000000,26.666666666667,6.666666666667,10.000000000000,2.500000000000,21.416666666667
2026,140082,LOUIS A WEISS MEMORIAL HOSPITAL,4646 N MARINE DRIVE,CHICAGO,IL,60640,COOK,32.000000000000,8.000000000000,7.000000000000,1.750000000000,12.500000000000,3.125000000000,0.000000000000,0.000000000000,12.875000000000
2026,140088,THE UNIVERSITY OF CHICAGO MEDICAL CENTER,5841 SOUTH MARYLAND,CHICAGO,IL,60637,COOK,84.000000000000,21.000000000000,31.000000000000,7.750000000000,20.000000000000,5.000000000000,0.000000000000,0.000000000000,33.750000000000
2026,140089,MC DONOUGH DISTRICT HOSPITAL,525 EAST GRANT STREET,MACOMB,IL,61455,MCDONOUGH,10.000000000000,2.500000000000,49.000000000000,12.250000000000,50.000000000000,12.500000000000,60.000000000000,15.000000000000,42.250000000000
2026,140091,CARLE FOUNDATION HOSPITAL,611 WEST PARK STREET,URBANA,IL,61801,CHAMPAIGN,18.333333333333,4.583333333333,27.000000000000,6.750000000000,30.000000000000,7.500000000000,30.000000000000,7.500000000000,26.333333333333
2026,140093,OSF SACRED HEART MEDICAL CENTER,812 N LOGAN AVE,DANVILLE,IL,61832,VERMILION,12.000000000000,3.000000000000,19.000000000000,4.750000000000,35.000000000000,8.750000000000,40.000000000000,10.000000000000,26.500000000000
2026,140095,SAINT ANTHONY HOSPITAL,2875 WEST 19TH STREET,CHICAGO,IL,60623,COOK,Not Available,Not Available,21.000000000000,7.000000000000,36.666666666667,12.222222222222,0.000000000000,0.000000000000,19.222222222222
2026,140100,"MIDWESTERN REGION MED CENTER, INC",2520 ELISHA AVENUE,ZION,IL,60099,LAKE,Not Available,Not Available,97.000000000000,32.333333333333,20.000000000000,6.666666666667,10.000000000000,3.333333333333,42.333333333333
2026,140101,MORRIS HOSPITAL & HEALTHCARE CENTERS,150 W HIGH ST,MORRIS,IL,60450,GRUNDY,24.000000000000,6.000000000000,63.000000000000,15.750000000000,92.500000000000,23.125000000000,0.000000000000,0.000000000000,44.875000000000
2026,140103,ST BERNARD HOSPITAL,326 W 64TH ST,CHICAGO,IL,60621,COOK,16.666666666667,5.555555555556,Not Available,Not Available,78.000000000000,26.000000000000,30.000000000000,10.000000000000,41.555555555556
2026,140110,OSF SAINT ELIZABETH MDL CTR,1100 E NORRIS DRIVE,OTTAWA,IL,61350,LASALLE,3.333333333333,0.833333333333,22.000000000000,5.500000000000,50.000000000000,12.500000000000,0.000000000000,0.000000000000,18.833333333333
2026,140113,OSF HEART OF MARY MEDICAL CENTER,1400 WEST PARK AVENUE,URBANA,IL,61801,CHAMPAIGN,6.000000000000,1.500000000000,48.000000000000,12.000000000000,52.500000000000,13.125000000000,20.000000000000,5.000000000000,31.625000000000
2026,140114,SWEDISH HOSPITAL,5145 N CALIFORNIA AVE,CHICAGO,IL,60625,COOK,5.000000000000,1.250000000000,19.000000000000,4.750000000000,31.666666666667,7.916666666667,0.000000000000,0.000000000000,13.916666666667
2026,140115,THOREK MEMORIAL HOSPITAL,850 W IRVING PARK RD,CHICAGO,IL,60613,COOK,Not Available,Not Available,39.000000000000,13.000000000000,50.000000000000,16.666666666667,10.000000000000,3.333333333333,33.000000000000
2026,140116,NORTHWESTERN MEDICINE MCHENRY,4201 MEDICAL CENTER DRIVE,MCHENRY,IL,60050,MCHENRY,81.666666666667,20.416666666667,57.000000000000,14.250000000000,58.333333333333,14.583333333333,0.000000000000,0.000000000000,49.250000000000
2026,140119,RUSH UNIVERSITY MEDICAL CENTER,1653 WEST CONGRESS PARKWAY,CHICAGO,IL,60612,COOK,76.666666666667,19.166666666667,45.000000000000,11.250000000000,31.666666666667,7.916666666667,30.000000000000,7.500000000000,45.833333333333
2026,140120,CARLE HEALTH PEKIN HOSPITAL,600 SOUTH 13TH STREET,PEKIN,IL,61554,TAZEWELL,12.500000000000,3.125000000000,28.000000000000,7.000000000000,15.000000000000,3.750000000000,50.000000000000,12.500000000000,26.375000000000
2026,140122,UCHICAGO MEDICINE ADVENTHEALTH HINSDALE,120 NORTH OAK ST,HINSDALE,IL,60521,DUPAGE,42.000000000000,10.500000000000,38.000000000000,9.500000000000,43.333333333333,10.833333333333,0.000000000000,0.000000000000,30.833333333333
2026,140124,JOHN H STROGER JR HOSPITAL,1901 W HARRISON ST,CHICAGO,IL,60612,COOK,62.500000000000,15.625000000000,11.000000000000,2.750000000000,13.333333333333,3.333333333333,10.000000000000,2.500000000000,24.208333333333
2026,140125,GATEWAY REGIONAL MEDICAL CENTER,2100 MADISON AVENUE,GRANITE CITY,IL,62040,MADISON,13.333333333333,4.444444444444,Not Available,Not Available,36.666666666667,12.222222222222,30.000000000000,10.000000000000,26.666666666667
2026,140127,CARLE BROMENN MEDICAL CENTER,1304 FRANKLIN AVENUE,NORMAL,IL,61761,MCLEAN,16.666666666667,4.166666666667,42.000000000000,10.500000000000,35.000000000000,8.750000000000,20.000000000000,5.000000000000,28.416666666667
2026,140130,NORTHWESTERN LAKE FOREST HOSPITAL,1000 N WESTMORELAND ROAD,LAKE FOREST,IL,60045,LAKE,60.000000000000,15.000000000000,41.000000000000,10.250000000000,33.333333333333,8.333333333333,30.000000000000,7.500000000000,41.083333333333
2026,140135,DECATUR MEMORIAL HOSPITAL,2300 NORTH EDWARD STREET,DECATUR,IL,62526,MACON,10.000000000000,2.500000000000,13.000000000000,3.250000000000,55.000000000000,13.750000000000,0.000000000000,0.000000000000,19.500000000000
2026,140145,ST JOSEPHS HOSPITAL,9515 HOLY CROSS LN,BREESE,IL,62230,CLINTON,30.000000000000,7.500000000000,93.000000000000,23.250000000000,30.000000000000,7.500000000000,40.000000000000,10.000000000000,48.250000000000
2026,140148,MEMORIAL MEDICAL CENTER,701 N FIRST ST,SPRINGFIELD,IL,62702,SANGAMON,22.000000000000,5.500000000000,18.000000000000,4.500000000000,25.000000000000,6.250000000000,0.000000000000,0.000000000000,16.250000000000
2026,140150,UNIVERSITY OF ILLINOIS HOSPITAL AND CLINICS,1740 WEST TAYLOR ST SUITE 1400,CHICAGO,IL,60612,COOK,34.000000000000,8.500000000000,27.000000000000,6.750000000000,40.000000000000,10.000000000000,0.000000000000,0.000000000000,25.250000000000
2026,140158,INSIGHT HOSPITAL AND MEDICAL CENTER CHICAGO,2525 S MICHIGAN AVE,CHICAGO,IL,60616,COOK,35.000000000000,8.750000000000,20.000000000000,5.000000000000,20.000000000000,5.000000000000,20.000000000000,5.000000000000,23.750000000000
2026,140160,FHN MEMORIAL HOSPITAL,1045 WEST STEPHENSON STREET,FREEPORT,IL,61032,STEPHENSON,5.000000000000,1.250000000000,49.000000000000,12.250000000000,60.000000000000,15.000000000000,10.000000000000,2.500000000000,31.000000000000
2026,140161,SAINT JAMES HOSPITAL,2500 WEST REYNOLDS STREET,PONTIAC,IL,61764,LIVINGSTON,5.000000000000,1.250000000000,55.000000000000,13.750000000000,50.000000000000,12.500000000000,40.000000000000,10.000000000000,37.500000000000
2026,140162,ST JOSEPH MEDICAL CENTER,2200 E WASHINGTON,BLOOMINGTON,IL,61701,MCLEAN,0.000000000000,0.000000000000,12.000000000000,3.000000000000,38.333333333333,9.583333333333,20.000000000000,5.000000000000,17.583333333333
2026,140164,MEMORIAL HOSPITAL OF CARBONDALE,405 W JACKSON,CARBONDALE,IL,62901,JACKSON,4.000000000000,1.000000000000,11.000000000000,2.750000000000,21.666666666667,5.416666666667,10.000000000000,2.500000000000,11.666666666667
2026,140179,OSF LITTLE COMPANY OF MARY MEDICAL CENTER,2800 W 95TH ST,EVERGREEN PARK,IL,60805,COOK,42.500000000000,10.625000000000,28.000000000000,7.000000000000,28.333333333333,7.083333333333,20.000000000000,5.000000000000,29.708333333333
2026,140182,ADVOCATE ILLINOIS MASONIC MEDICAL CENTER,836 WEST WELLINGTON AVENUE,CHICAGO,IL,60657,COOK,22.500000000000,5.625000000000,38.000000000000,9.500000000000,46.666666666667,11.666666666667,20.000000000000,5.000000000000,31.791666666667
2026,140184,HEARTLAND REGIONAL MEDICAL CENTER,3333 W DEYOUNG,MARION,IL,62959,WILLIAMSON,0.000000000000,0.000000000000,45.000000000000,11.250000000000,36.666666666667,9.166666666667,0.000000000000,0.000000000000,20.416666666667
2026,140185,MEMORIAL HOSPITAL,4500 MEMORIAL DRIVE,BELLEVILLE,IL,62226,ST. CLAIR,63.333333333333,15.833333333333,58.000000000000,14.500000000000,36.666666666667,9.166666666667,10.000000000000,2.500000000000,42.000000000000
2026,140186,RIVERSIDE MEDICAL CENTER,350 N WALL ST,KANKAKEE,IL,60901,KANKAKEE,28.000000000000,7.000000000000,29.000000000000,7.250000000000,50.000000000000,12.500000000000,0.000000000000,0.000000000000,26.750000000000
2026,140187,HSHS ST ELIZABETH'S HOSPITAL,ONE ST ELIZABETH BOULEVARD,O FALLON,IL,62269,ST. CLAIR,6.666666666667,1.666666666667,57.000000000000,14.250000000000,55.000000000000,13.750000000000,0.000000000000,0.000000000000,29.666666666667
2026,140189,SARAH BUSH LINCOLN HEALTH CENTER,1000 HEALTH CENTER DRIVE P O BOX 372,MATTOON,IL,61938,COLES,8.000000000000,2.000000000000,47.000000000000,11.750000000000,36.666666666667,9.166666666667,50.000000000000,12.500000000000,35.416666666667
2026,140191,INGALLS MEMORIAL HOSPITAL,1 INGALLS DRIVE,HARVEY,IL,60426,COOK,12.000000000000,3.000000000000,18.000000000000,4.500000000000,28.333333333333,7.083333333333,10.000000000000,2.500000000000,17.083333333333
2026,140200,ELMHURST MEMORIAL HOSPITAL,155 EAST BRUSH HILL ROAD,ELMHURST,IL,60126,DUPAGE,41.666666666667,10.416666666667,41.000000000000,10.250000000000,50.000000000000,12.500000000000,0.000000000000,0.000000000000,33.166666666667
2026,140202,ADVOCATE CONDELL MEDICAL CENTER,801 S MILWAUKEE AVE,LIBERTYVILLE,IL,60048,LAKE,41.666666666667,10.416666666667,25.000000000000,6.250000000000,18.333333333333,4.583333333333,0.000000000000,0.000000000000,21.250000000000
2026,140206,HUMBOLDT PARK HEALTH,1044 N FRANCISCO AVE,CHICAGO,IL,60622,COOK,10.000000000000,2.500000000000,2.000000000000,0.500000000000,5.000000000000,1.250000000000,0.000000000000,0.000000000000,4.250000000000
2026,140208,ADVOCATE CHRIST HOSPITAL & MEDICAL CENTER,4440 W 95TH STREET,OAK LAWN,IL,60453,COOK,63.333333333333,15.833333333333,16.000000000000,4.000000000000,33.333333333333,8.333333333333,0.000000000000,0.000000000000,28.166666666667
2026,140209,CARLE HEALTH METHODIST HOSPITAL,221 N E GLEN OAK AVE,PEORIA,IL,61636,PEORIA,18.000000000000,4.500000000000,15.000000000000,3.750000000000,28.333333333333,7.083333333333,10.000000000000,2.500000000000,17.833333333333
2026,140211,NORTHWESTERN MEDICINE DELNOR COMMUNITY HOSPITAL,300 RANDALL RD,GENEVA,IL,60134,KANE,24.000000000000,6.000000000000,56.000000000000,14.000000000000,45.000000000000,11.250000000000,10.000000000000,2.500000000000,33.750000000000
2026,140213,SILVER CROSS HOSPITAL  AND MEDICAL CENTERS,1900 SILVER CROSS BLVD,NEW LENOX,IL,60451,WILL,26.666666666667,6.666666666667,49.000000000000,12.250000000000,36.666666666667,9.166666666667,20.000000000000,5.000000000000,33.083333333333
2026,140223,ADVOCATE LUTHERAN GENERAL HOSPITAL,1775 DEMPSTER ST,PARK RIDGE,IL,60068,COOK,66.666666666667,16.666666666667,35.000000000000,8.750000000000,41.666666666667,10.416666666667,10.000000000000,2.500000000000,38.333333333333
2026,140228,UW HEALTH,1401 EAST STATE STREET,ROCKFORD,IL,61104,WINNEBAGO,54.000000000000,13.500000000000,19.000000000000,4.750000000000,50.000000000000,12.500000000000,20.000000000000,5.000000000000,35.750000000000
2026,140231,EDWARD HOSPITAL,801 SOUTH WASHINGTON,NAPERVILLE,IL,60540,DUPAGE,21.666666666667,5.416666666667,26.000000000000,6.500000000000,40.000000000000,10.000000000000,20.000000000000,5.000000000000,26.916666666667
2026,140233,SAINT ANTHONY MEDICAL CENTER,5666 EAST STATE STREET,ROCKFORD,IL,61108,WINNEBAGO,20.000000000000,5.000000000000,18.000000000000,4.500000000000,41.666666666667,10.416666666667,0.000000000000,0.000000000000,19.916666666667
2026,140239,JAVON BEA HOSPITAL,2400 NORTH ROCKTON AVENUE,ROCKFORD,IL,61103,WINNEBAGO,32.000000000000,8.000000000000,31.000000000000,7.750000000000,30.000000000000,7.500000000000,0.000000000000,0.000000000000,23.250000000000
2026,140242,NORTHWESTERN MEDICINE CENTRAL DUPAGE HOSPITAL,25 NORTH WINFIELD ROAD,WINFIELD,IL,60190,DUPAGE,41.666666666667,10.416666666667,39.000000000000,9.750000000000,35.000000000000,8.750000000000,0.000000000000,0.000000000000,28.916666666667
2026,140252,NORTHWEST COMMUNITY HOSPITAL 1,800 W CENTRAL ROAD,ARLINGTON HEIGHTS,IL,60005,COOK,43.333333333333,10.833333333333,26.000000000000,6.500000000000,41.666666666667,10.416666666667,0.000000000000,0.000000000000,27.750000000000
2026,140275,GENESIS HLTH SYSTEM DBA GENESIS MDL CTR-ILLINI,801 ILLINI DR,SILVIS,IL,61282,ROCK ISLAND,10.000000000000,2.500000000000,21.000000000000,5.250000000000,7.500000000000,1.875000000000,0.000000000000,0.000000000000,9.625000000000
2026,140276,LOYOLA UNIVERSITY MEDICAL CENTER,2160 S 1ST AVENUE,MAYWOOD,IL,60153,COOK,48.333333333333,12.083333333333,20.000000000000,5.000000000000,15.000000000000,3.750000000000,0.000000000000,0.000000000000,20.833333333333
2026,140280,TRINITY ROCK ISLAND,2701 17TH ST,ROCK ISLAND,IL,61201,ROCK ISLAND,21.666666666667,5.416666666667,14.000000000000,3.500000000000,28.333333333333,7.083333333333,0.000000000000,0.000000000000,16.000000000000
2026,140281,NORTHWESTERN MEMORIAL HOSPITAL,251 E HURON ST,CHICAGO,IL,60611,COOK,70.000000000000,17.500000000000,55.000000000000,13.750000000000,18.333333333333,4.583333333333,20.000000000000,5.000000000000,40.833333333333
2026,140286,NORTHWESTERN MEDICINE KISHWAUKEE HOSPITAL,ONE  KISH HOSPITAL DRIVE,DEKALB,IL,60115,DEKALB,70.000000000000,17.500000000000,40.000000000000,10.000000000000,63.333333333333,15.833333333333,0.000000000000,0.000000000000,43.333333333333
2026,140288,ADVOCATE GOOD SAMARITAN HOSPITAL,3815 HIGHLAND AVENUE,DOWNERS GROVE,IL,60515,DUPAGE,40.000000000000,10.000000000000,40.000000000000,10.000000000000,33.333333333333,8.333333333333,10.000000000000,2.500000000000,30.833333333333
2026,140289,ANDERSON HOSPITAL,6800 STATE ROUTE 162,MARYVILLE,IL,62062,MADISON,14.000000000000,3.500000000000,41.000000000000,10.250000000000,41.666666666667,10.416666666667,0.000000000000,0.000000000000,24.166666666667
2026,140291,ADVOCATE GOOD SHEPHERD HOSPITAL,450 WEST HIGHWAY 22,BARRINGTON,IL,60010,LAKE,51.666666666667,12.916666666667,58.000000000000,14.500000000000,56.666666666667,14.166666666667,40.000000000000,10.000000000000,51.583333333333
2026,140292,UCHICAGO MEDICINE ADVENTHEALTH GLENOAKS,701 WINTHROP AVENUE,GLENDALE HEIGHTS,IL,60139,DUPAGE,15.000000000000,3.750000000000,12.000000000000,3.000000000000,40.000000000000,10.000000000000,0.000000000000,0.000000000000,16.750000000000
2026,140294,DEACONESS ILLINOIS CROSSROADS,8 DOCTORS PARK RD,MOUNT VERNON,IL,62864,JEFFERSON,20.000000000000,6.666666666667,84.000000000000,28.000000000000,Not Available,Not Available,0.000000000000,0.000000000000,34.666666666667
2026,140304,UCHICAGO MEDICINE ADVENTHEALTH BOLINGBROOK,500 REMINGTON BOULEVARD,BOLINGBROOK,IL,60440,WILL,17.500000000000,4.375000000000,36.000000000000,9.000000000000,50.000000000000,12.500000000000,0.000000000000,0.000000000000,25.875000000000
2026,150001,JOHNSON MEMORIAL HOSPITAL,1125 W JEFFERSON ST,FRANKLIN,IN,46131,JOHNSON,10.000000000000,2.500000000000,47.000000000000,11.750000000000,65.000000000000,16.250000000000,30.000000000000,7.500000000000,38.000000000000
2026,150002,METHODIST HOSPITALS INC,600 GRANT ST,GARY,IN,46402,LAKE,20.000000000000,5.000000000000,13.000000000000,3.250000000000,31.666666666667,7.916666666667,0.000000000000,0.000000000000,16.166666666667
2026,150005,HENDRICKS REGIONAL HEALTH,1000 E MAIN ST,DANVILLE,IN,46122,HENDRICKS,20.000000000000,5.000000000000,65.000000000000,16.250000000000,60.000000000000,15.000000000000,30.000000000000,7.500000000000,43.750000000000
2026,150006,NORTHWEST HEALTH-LA PORTE,1007 LINCOLNWAY,LA PORTE,IN,46350,LAPORTE,2.500000000000,0.625000000000,50.000000000000,12.500000000000,10.000000000000,2.500000000000,10.000000000000,2.500000000000,18.125000000000
2026,150007,COMMUNITY HOWARD REGIONAL HEALTH INC.,3500 S LAFOUNTAIN ST,KOKOMO,IN,46902,HOWARD,2.000000000000,0.500000000000,48.000000000000,12.000000000000,56.666666666667,14.166666666667,10.000000000000,2.500000000000,29.166666666667
2026,150008,ST CATHERINE HOSPITAL INC,4321 FIR STREET,EAST CHICAGO,IN,46312,LAKE,13.333333333333,3.333333333333,40.000000000000,10.000000000000,30.000000000000,7.500000000000,0.000000000000,0.000000000000,20.833333333333
2026,150009,NORTON CLARK HOSPITAL,1220 MISSOURI AVE,JEFFERSONVILLE,IN,47130,CLARK,22.500000000000,5.625000000000,10.000000000000,2.500000000000,43.333333333333,10.833333333333,0.000000000000,0.000000000000,18.958333333333
2026,150011,MARION GENERAL HOSPITAL,441 N WABASH AVE,MARION,IN,46952,GRANT,7.500000000000,1.875000000000,39.000000000000,9.750000000000,60.000000000000,15.000000000000,10.000000000000,2.500000000000,29.125000000000
2026,150012,SAINT JOSEPH REGIONAL MEDICAL CENTER,5215 HOLY CROSS PKWY,MISHAWAKA,IN,46545,ST. JOSEPH,15.000000000000,3.750000000000,20.000000000000,5.000000000000,56.666666666667,14.166666666667,20.000000000000,5.000000000000,27.916666666667
2026,150015,FRANCISCAN HEALTH MICHIGAN CITY,3500 FRANCISCAN WAY,MICHIGAN CITY,IN,46360,LAPORTE,10.000000000000,2.500000000000,31.000000000000,7.750000000000,36.666666666667,9.166666666667,0.000000000000,0.000000000000,19.416666666667
2026,150017,LUTHERAN HOSPITAL OF INDIANA,7950 W JEFFERSON BLVD,FORT WAYNE,IN,46804,ALLEN,16.000000000000,4.000000000000,23.000000000000,5.750000000000,46.666666666667,11.666666666667,0.000000000000,0.000000000000,21.416666666667
2026,150018,ELKHART GENERAL HOSPITAL,600 E BLVD,ELKHART,IN,46514,ELKHART,46.666666666667,11.666666666667,23.000000000000,5.750000000000,30.000000000000,7.500000000000,0.000000000000,0.000000000000,24.916666666667
2026,150021,PARKVIEW REGIONAL MEDICAL CENTER,11109 PARKVIEW PLAZA DRIVE,FORT WAYNE,IN,46845,ALLEN,18.000000000000,4.500000000000,36.000000000000,9.000000000000,38.333333333333,9.583333333333,0.000000000000,0.000000000000,23.083333333333
2026,150022,FRANCISCAN HEALTH CRAWFORDSVILLE,1710 LAFAYETTE RD,CRAWFORDSVILLE,IN,47933,MONTGOMERY,40.000000000000,10.000000000000,59.000000000000,14.750000000000,65.000000000000,16.250000000000,0.000000000000,0.000000000000,41.000000000000
2026,150023,UNION HOSPITAL INC,1606 N SEVENTH ST,TERRE HAUTE,IN,47804,VIGO,28.333333333333,7.083333333333,17.000000000000,4.250000000000,45.000000000000,11.250000000000,10.000000000000,2.500000000000,25.083333333333
2026,150024,ESKENAZI HEALTH,720 ESKENAZI AVENUE,INDIANAPOLIS,IN,46202,MARION,27.500000000000,6.875000000000,29.000000000000,7.250000000000,28.333333333333,7.083333333333,10.000000000000,2.500000000000,23.708333333333
2026,150026,GOSHEN HOSPITAL,200 HIGH PARK AVE,GOSHEN,IN,46526,ELKHART,12.500000000000,3.125000000000,55.000000000000,13.750000000000,30.000000000000,7.500000000000,0.000000000000,0.000000000000,24.375000000000
2026,150030,HENRY COUNTY MEMORIAL HOSPITAL,1000 N 16TH ST,NEW CASTLE,IN,47362,HENRY,10.000000000000,2.500000000000,61.000000000000,15.250000000000,70.000000000000,17.500000000000,0.000000000000,0.000000000000,35.250000000000
2026,150034,ST MARY MEDICAL CENTER INC,1500 S LAKE PARK AVE,HOBART,IN,46342,LAKE,11.666666666667,2.916666666667,36.000000000000,9.000000000000,50.000000000000,12.500000000000,0.000000000000,0.000000000000,24.416666666667
2026,150035,NORTHWEST HEALTH - PORTER,85 EAST US HWY 6,VALPARAISO,IN,46383,PORTER,3.333333333333,0.833333333333,13.000000000000,3.250000000000,40.000000000000,10.000000000000,0.000000000000,0.000000000000,14.083333333333
2026,150037,HANCOCK REGIONAL HOSPITAL,801 N STATE ST,GREENFIELD,IN,46140,HANCOCK,14.000000000000,3.500000000000,69.000000000000,17.250000000000,70.000000000000,17.500000000000,20.000000000000,5.000000000000,43.250000000000
2026,150042,GOOD SAMARITAN HOSPITAL,520 S 7TH ST,VINCENNES,IN,47591,KNOX,12.500000000000,3.125000000000,39.000000000000,9.750000000000,24.000000000000,6.000000000000,0.000000000000,0.000000000000,18.875000000000
2026,150044,BAPTIST HEALTH FLOYD,1850 STATE ST,NEW ALBANY,IN,47150,FLOYD,30.000000000000,7.500000000000,26.000000000000,6.500000000000,26.666666666667,6.666666666667,0.000000000000,0.000000000000,20.666666666667
2026,150045,PARKVIEW DEKALB HOSPITAL,1316 E SEVENTH ST,AUBURN,IN,46706,DEKALB,0.000000000000,0.000000000000,38.000000000000,9.500000000000,50.000000000000,12.500000000000,50.000000000000,12.500000000000,34.500000000000
2026,150046,TERRE HAUTE REGIONAL HOSPITAL,3901 S SEVENTH ST,TERRE HAUTE,IN,47802,VIGO,34.000000000000,8.500000000000,17.000000000000,4.250000000000,37.500000000000,9.375000000000,10.000000000000,2.500000000000,24.625000000000
2026,150047,"ST JOSEPH HEALTH SYSTEM, LLC",702 VAN BUREN ST.,FORT WAYNE,IN,46802,ALLEN,25.000000000000,6.250000000000,53.000000000000,13.250000000000,65.000000000000,16.250000000000,0.000000000000,0.000000000000,35.750000000000
2026,150048,REID HEALTH,1100 REID PKWY,RICHMOND,IN,47374,WAYNE,18.333333333333,4.583333333333,14.000000000000,3.500000000000,35.000000000000,8.750000000000,10.000000000000,2.500000000000,19.333333333333
2026,150051,INDIANA UNIVERSITY HEALTH BLOOMINGTON HOSPITAL,601 W SECOND ST,BLOOMINGTON,IN,47403,MONROE,13.333333333333,3.333333333333,9.000000000000,2.250000000000,36.666666666667,9.166666666667,0.000000000000,0.000000000000,14.750000000000
2026,150056,INDIANA UNIVERSITY HEALTH,1701 N SENATE BLVD,INDIANAPOLIS,IN,46202,MARION,25.000000000000,6.250000000000,15.000000000000,3.750000000000,18.333333333333,4.583333333333,0.000000000000,0.000000000000,14.583333333333
2026,150057,FRANCISCAN HEALTH MOORESVILLE,1201 HADLEY RD,MOORESVILLE,IN,46158,MORGAN,10.000000000000,2.500000000000,61.000000000000,15.250000000000,40.000000000000,10.000000000000,30.000000000000,7.500000000000,35.250000000000
2026,150058,MEMORIAL HOSPITAL OF SOUTH BEND,615 N MICHIGAN ST,SOUTH BEND,IN,46601,ST. JOSEPH,30.000000000000,7.500000000000,32.000000000000,8.000000000000,31.666666666667,7.916666666667,10.000000000000,2.500000000000,25.916666666667
2026,150059,RIVERVIEW HEALTH,395 WESTFIELD RD,NOBLESVILLE,IN,46060,HAMILTON,35.000000000000,8.750000000000,43.000000000000,10.750000000000,60.000000000000,15.000000000000,0.000000000000,0.000000000000,34.500000000000
2026,150061,DAVIESS COMMUNITY HOSPITAL,1314 E WALNUT ST,WASHINGTON,IN,47501,DAVIESS,0.000000000000,0.000000000000,43.000000000000,10.750000000000,50.000000000000,12.500000000000,30.000000000000,7.500000000000,30.750000000000
2026,150065,SCHNECK MEDICAL CENTER,411 W TIPTON ST,SEYMOUR,IN,47274,JACKSON,16.666666666667,4.166666666667,34.000000000000,8.500000000000,6.666666666667,1.666666666667,10.000000000000,2.500000000000,16.833333333333
2026,150069,NORTON-KING'S DAUGHTERS' HEALTH,1373 EAST SR 62,MADISON,IN,47250,JEFFERSON,10.000000000000,2.500000000000,64.000000000000,16.000000000000,30.000000000000,7.500000000000,0.000000000000,0.000000000000,26.000000000000
2026,150072,MEMORIAL HOSPITAL,1101 MICHIGAN AVE,LOGANSPORT,IN,46947,CASS,3.333333333333,0.833333333333,40.000000000000,10.000000000000,90.000000000000,22.500000000000,0.000000000000,0.000000000000,33.333333333333
2026,150074,COMMUNITY HOSPITAL EAST,1500 N RITTER AVE,INDIANAPOLIS,IN,46219,MARION,30.000000000000,7.500000000000,68.000000000000,17.000000000000,40.000000000000,10.000000000000,0.000000000000,0.000000000000,34.500000000000
2026,150075,BLUFFTON REGIONAL MEDICAL CENTER,303 S MAIN ST,BLUFFTON,IN,46714,WELLS,0.000000000000,0.000000000000,63.000000000000,15.750000000000,85.000000000000,21.250000000000,40.000000000000,10.000000000000,47.000000000000
2026,150076,SAINT JOSEPH REGIONAL MEDICAL CENTER - PLYMOUTH,1915 LAKE AVE,PLYMOUTH,IN,46563,MARSHALL,20.000000000000,6.666666666667,59.000000000000,19.666666666667,Not Available,Not Available,20.000000000000,6.666666666667,33.000000000000
2026,150082,DEACONESS HOSPITAL INC,600 MARY ST,EVANSVILLE,IN,47747,VANDERBURGH,5.000000000000,1.250000000000,16.000000000000,4.000000000000,40.000000000000,10.000000000000,10.000000000000,2.500000000000,17.750000000000
2026,150086,ST ELIZABETH DEARBORN HOSPITAL,600 WILSON CREEK RD,LAWRENCEBURG,IN,47025,DEARBORN,52.000000000000,13.000000000000,64.000000000000,16.000000000000,32.500000000000,8.125000000000,0.000000000000,0.000000000000,37.125000000000
2026,150089,INDIANA UNIVERSITY HEALTH BALL MEMORIAL HOSPITAL,2401 UNIVERSITY AVE,MUNCIE,IN,47303,DELAWARE,31.666666666667,7.916666666667,15.000000000000,3.750000000000,41.666666666667,10.416666666667,0.000000000000,0.000000000000,22.083333333333
2026,150090,FRANCISCAN HEALTH DYER,24 JOLIET ST,DYER,IN,46311,LAKE,37.500000000000,9.375000000000,27.000000000000,6.750000000000,35.000000000000,8.750000000000,0.000000000000,0.000000000000,24.875000000000
2026,150091,PARKVIEW HUNTINGTON HOSPITAL,2001 STULTS RD,HUNTINGTON,IN,46750,HUNTINGTON,16.666666666667,4.166666666667,39.000000000000,9.750000000000,90.000000000000,22.500000000000,50.000000000000,12.500000000000,48.916666666667
2026,150097,MAJOR HOSPITAL,2451 INTELLIPLEX DR,SHELBYVILLE,IN,46176,SHELBY,33.333333333333,8.333333333333,57.000000000000,14.250000000000,50.000000000000,12.500000000000,0.000000000000,0.000000000000,35.083333333333
2026,150101,PARKVIEW WHITLEY HOSPITAL,1260 E SR 205,COLUMBIA CITY,IN,46725,WHITLEY,10.000000000000,2.500000000000,43.000000000000,10.750000000000,50.000000000000,12.500000000000,70.000000000000,17.500000000000,43.250000000000
2026,150104,WITHAM HEALTH SERVICES,2605 N LEBANON ST,LEBANON,IN,46052,BOONE,18.000000000000,4.500000000000,20.000000000000,5.000000000000,70.000000000000,17.500000000000,30.000000000000,7.500000000000,34.500000000000
2026,150109,FRANCISCAN HEALTH LAFAYETTE,1701 S CREASY LN,LAFAYETTE,IN,47905,TIPPECANOE,23.333333333333,5.833333333333,47.000000000000,11.750000000000,43.333333333333,10.833333333333,0.000000000000,0.000000000000,28.416666666667
2026,150112,COLUMBUS REGIONAL HOSPITAL,2400 E 17TH ST,COLUMBUS,IN,47201,BARTHOLOMEW,25.000000000000,6.250000000000,30.000000000000,7.500000000000,50.000000000000,12.500000000000,20.000000000000,5.000000000000,31.250000000000
2026,150113,COMMUNITY HOSPITAL OF ANDERSON AND MADISON COUNTY,1515 N MADISON AVE,ANDERSON,IN,46011,MADISON,2.000000000000,0.500000000000,44.000000000000,11.000000000000,28.333333333333,7.083333333333,0.000000000000,0.000000000000,18.583333333333
2026,150115,MEMORIAL HOSPITAL AND HEALTH CARE CENTER,800 W 9TH ST,JASPER,IN,47546,DUBOIS,22.000000000000,5.500000000000,77.000000000000,19.250000000000,15.000000000000,3.750000000000,10.000000000000,2.500000000000,31.000000000000
2026,150125,COMMUNITY HOSPITAL,901 MACARTHUR BLVD,MUNSTER,IN,46321,LAKE,10.000000000000,2.500000000000,34.000000000000,8.500000000000,36.666666666667,9.166666666667,0.000000000000,0.000000000000,20.166666666667
2026,150126,FRANCISCAN HEALTH CROWN POINT,1201 S MAIN ST,CROWN POINT,IN,46307,LAKE,10.000000000000,2.500000000000,39.000000000000,9.750000000000,36.666666666667,9.166666666667,10.000000000000,2.500000000000,23.916666666667
2026,150128,"COMMUNITY HOSPITAL SOUTH, INC.",1402 E COUNTY LINE RD S,INDIANAPOLIS,IN,46227,MARION,16.000000000000,4.000000000000,35.000000000000,8.750000000000,55.000000000000,13.750000000000,0.000000000000,0.000000000000,26.500000000000
2026,150133,KOSCIUSKO COMMUNITY HOSPITAL,2101 E DUBOIS DR,WARSAW,IN,46580,KOSCIUSKO,20.000000000000,5.000000000000,40.000000000000,10.000000000000,33.333333333333,8.333333333333,20.000000000000,5.000000000000,28.333333333333
2026,150146,PARKVIEW NOBLE HOSPITAL,401 SAWYER RD,KENDALLVILLE,IN,46755,NOBLE,16.666666666667,4.166666666667,28.000000000000,7.000000000000,100.000000000000,25.000000000000,60.000000000000,15.000000000000,51.166666666667
2026,150150,DUPONT HOSPITAL LLC,2520 E DUPONT RD,FORT WAYNE,IN,46825,ALLEN,16.666666666667,4.166666666667,19.000000000000,4.750000000000,48.333333333333,12.083333333333,0.000000000000,0.000000000000,21.000000000000
2026,150158,IU HEALTH WEST HOSPITAL,1111 N RONALD REAGAN PKWY,AVON,IN,46123,HENDRICKS,22.000000000000,5.500000000000,16.000000000000,4.000000000000,51.666666666667,12.916666666667,10.000000000000,2.500000000000,24.916666666667
2026,150161,INDIANA UNIVERSITY HEALTH NORTH HOSPITAL,11700 N MERIDIAN ST,CARMEL,IN,46032,HAMILTON,35.000000000000,8.750000000000,22.000000000000,5.500000000000,13.333333333333,3.333333333333,0.000000000000,0.000000000000,17.583333333333
2026,150162,FRANCISCAN HEALTH INDIANAPOLIS,8111 S EMERSON AVE,INDIANAPOLIS,IN,46237,MARION,28.000000000000,7.000000000000,28.000000000000,7.000000000000,18.333333333333,4.583333333333,0.000000000000,0.000000000000,18.583333333333
2026,150165,FRANCISCAN HEALTH MUNSTER,701 SUPERIOR AVE,MUNSTER,IN,46321,LAKE,7.500000000000,1.875000000000,52.000000000000,13.000000000000,38.000000000000,9.500000000000,0.000000000000,0.000000000000,24.375000000000
2026,150169,COMMUNITY HOSPITAL NORTH,7150 CLEARVISTA DR,INDIANAPOLIS,IN,46256,MARION,0.000000000000,0.000000000000,32.000000000000,8.000000000000,30.000000000000,7.500000000000,0.000000000000,0.000000000000,15.500000000000
2026,150173,INDIANA UNIVERSITY HEALTH ARNETT HOSPITAL,5165 MCCARTY LN,LAFAYETTE,IN,47905,TIPPECANOE,23.333333333333,5.833333333333,22.000000000000,5.500000000000,26.666666666667,6.666666666667,20.000000000000,5.000000000000,23.000000000000
2026,150183,MONROE HOSPITAL,4011 S MONROE MEDICAL PARK BLVD,BLOOMINGTON,IN,47403,MONROE,13.333333333333,3.333333333333,62.000000000000,15.500000000000,30.000000000000,7.500000000000,50.000000000000,12.500000000000,38.833333333333
2026,160001,UNITYPOINT HEALTH - MARSHALLTOWN,55 UNITYPOINT WAY,MARSHALLTOWN,IA,50158,MARSHALL,10.000000000000,3.333333333333,48.000000000000,16.000000000000,Not Available,Not Available,100.000000000000,33.333333333333,52.666666666667
2026,160013,TRINITY MUSCATINE,1518 MULBERRY AVENUE,MUSCATINE,IA,52761,MUSCATINE,30.000000000000,10.000000000000,14.000000000000,4.666666666667,Not Available,Not Available,40.000000000000,13.333333333333,28.000000000000
2026,160016,TRINITY REGIONAL MEDICAL CENTER,802 KENYON RD,FORT DODGE,IA,50501,WEBSTER,25.000000000000,6.250000000000,19.000000000000,4.750000000000,34.000000000000,8.500000000000,60.000000000000,15.000000000000,34.500000000000
2026,160028,CHI HEALTH MERCY COUNCIL BLUFFS,800 MERCY DRIVE,COUNCIL BLUFFS,IA,51503,POTTAWATTAMIE,20.000000000000,5.000000000000,31.000000000000,7.750000000000,40.000000000000,10.000000000000,10.000000000000,2.500000000000,25.250000000000
2026,160029,UNIVERSITY OF IOWA HEALTH CARE MEDICAL CENTER DOWN,500 E MARKET STREET,IOWA CITY,IA,52245,JOHNSON,28.000000000000,7.000000000000,15.000000000000,3.750000000000,87.500000000000,21.875000000000,10.000000000000,2.500000000000,35.125000000000
2026,160030,MARY GREELEY MEDICAL CENTER,1111 DUFF AVENUE,AMES,IA,50010,STORY,20.000000000000,5.000000000000,43.000000000000,10.750000000000,5.000000000000,1.250000000000,20.000000000000,5.000000000000,22.000000000000
2026,160033,GENESIS MEDICAL CENTER-DAVENPORT,1227 EAST RUSHOLME STREET,DAVENPORT,IA,52803,SCOTT,21.666666666667,5.416666666667,11.000000000000,2.750000000000,15.000000000000,3.750000000000,20.000000000000,5.000000000000,16.916666666667
2026,160045,ST LUKES HOSPITAL,1026 A AVE NE,CEDAR RAPIDS,IA,52402,LINN,45.000000000000,11.250000000000,51.000000000000,12.750000000000,53.333333333333,13.333333333333,30.000000000000,7.500000000000,44.833333333333
2026,160047,METHODIST JENNIE EDMUNDSON,933 EAST PIERCE STREET,COUNCIL BLUFFS,IA,51503,POTTAWATTAMIE,30.000000000000,7.500000000000,58.000000000000,14.500000000000,44.000000000000,11.000000000000,30.000000000000,7.500000000000,40.500000000000
2026,160057,SOUTHEAST IOWA REGIONAL MEDICAL CENTER,1221 SOUTH GEAR AVENUE,WEST BURLINGTON,IA,52655,DES MOINES,36.000000000000,9.000000000000,13.000000000000,3.250000000000,33.333333333333,8.333333333333,50.000000000000,12.500000000000,33.083333333333
2026,160064,MERCYONE NORTH IOWA MEDICAL CENTER,1000 FOURTH STREET SW,MASON CITY,IA,50401,CERRO GORDO,1.666666666667,0.416666666667,20.000000000000,5.000000000000,46.666666666667,11.666666666667,30.000000000000,7.500000000000,24.583333333333
2026,160067,MERCYONE WATERLOO MEDICAL CENTER,3421 WEST NINTH STREET,WATERLOO,IA,50702,BLACK HAWK,20.000000000000,5.000000000000,21.000000000000,5.250000000000,41.666666666667,10.416666666667,70.000000000000,17.500000000000,38.166666666667
2026,160069,MERCYONE DUBUQUE MEDICAL CENTER,250 MERCY DRIVE,DUBUQUE,IA,52001,DUBUQUE,4.000000000000,1.000000000000,61.000000000000,15.250000000000,64.000000000000,16.000000000000,30.000000000000,7.500000000000,39.750000000000
2026,160079,MERCY MEDICAL CENTER - CEDAR RAPIDS,701 10TH STREET SE,CEDAR RAPIDS,IA,52403,LINN,0.000000000000,0.000000000000,39.000000000000,9.750000000000,21.666666666667,5.416666666667,30.000000000000,7.500000000000,22.666666666667
2026,160080,MERCYONE CLINTON MEDICAL CENTER,1410 NORTH 4TH STREET,CLINTON,IA,52732,CLINTON,7.500000000000,1.875000000000,46.000000000000,11.500000000000,60.000000000000,15.000000000000,90.000000000000,22.500000000000,50.875000000000
2026,160082,UNITYPOINT HEALTH - DES MOINES IOWA METHODIST MEDI,1200 PLEASANT STREET,DES MOINES,IA,50309,POLK,10.000000000000,2.500000000000,16.000000000000,4.000000000000,41.666666666667,10.416666666667,20.000000000000,5.000000000000,21.916666666667
2026,160083,MERCYONE DES MOINES MEDICAL CENTER,1111 6TH AVE,DES MOINES,IA,50314,POLK,0.000000000000,0.000000000000,8.000000000000,2.000000000000,28.333333333333,7.083333333333,0.000000000000,0.000000000000,9.083333333333
2026,160089,OTTUMWA REGIONAL HEALTH CENTER,1001 E PENNSYLVANIA,OTTUMWA,IA,52501,WAPELLO,20.000000000000,5.000000000000,15.000000000000,3.750000000000,20.000000000000,5.000000000000,20.000000000000,5.000000000000,18.750000000000
2026,160101,BROADLAWNS MEDICAL CENTER,1801 HICKMAN ROAD,DES MOINES,IA,50314,POLK,Not Available,Not Available,48.000000000000,16.000000000000,44.000000000000,14.666666666667,10.000000000000,3.333333333333,34.000000000000
2026,160104,TRINITY - BETTENDORF,4500 UTICA RIDGE ROAD,BETTENDORF,IA,52722,SCOTT,10.000000000000,2.500000000000,27.000000000000,6.750000000000,52.500000000000,13.125000000000,20.000000000000,5.000000000000,27.375000000000
2026,160110,ALLEN HOSPITAL,1825 LOGAN AVENUE,WATERLOO,IA,50703,BLACK HAWK,20.000000000000,5.000000000000,24.000000000000,6.000000000000,46.666666666667,11.666666666667,40.000000000000,10.000000000000,32.666666666667
2026,160112,SPENCER MUNICIPAL HOSPITAL,1200 1ST AVENUE EAST,SPENCER,IA,51301,CLAY,17.500000000000,4.375000000000,77.000000000000,19.250000000000,70.000000000000,17.500000000000,70.000000000000,17.500000000000,58.625000000000
2026,160117,FINLEY HOSPITAL,350 NORTH GRANDVIEW AVENUE,DUBUQUE,IA,52001,DUBUQUE,16.000000000000,4.000000000000,41.000000000000,10.250000000000,36.000000000000,9.000000000000,60.000000000000,15.000000000000,38.250000000000
2026,160124,LAKES REGIONAL HEALTHCARE,2301 HIGHWAY 71,SPIRIT LAKE,IA,51360,DICKINSON,0.000000000000,0.000000000000,77.000000000000,19.250000000000,80.000000000000,20.000000000000,80.000000000000,20.000000000000,59.250000000000
2026,160146,ST LUKES REGIONAL MEDICAL CENTER,2720 STONE PARK BOULEVARD,SIOUX CITY,IA,51104,WOODBURY,7.500000000000,1.875000000000,21.000000000000,5.250000000000,40.000000000000,10.000000000000,30.000000000000,7.500000000000,24.625000000000
2026,160147,GRINNELL REGIONAL MEDICAL CENTER,210 FOURTH AVENUE,GRINNELL,IA,50112,POWESHIEK,0.000000000000,0.000000000000,65.000000000000,16.250000000000,30.000000000000,7.500000000000,70.000000000000,17.500000000000,41.250000000000
2026,160153,MERCYONE SIOUXLAND MEDICAL CENTER,801 5TH ST,SIOUX CITY,IA,51101,WOODBURY,28.333333333333,7.083333333333,23.000000000000,5.750000000000,18.333333333333,4.583333333333,10.000000000000,2.500000000000,19.916666666667
2026,170009,SAINT JOHN HOSPITAL,3500 SOUTH 4TH STREET,LEAVENWORTH,KS,66048,LEAVENWORTH,0.000000000000,0.000000000000,45.000000000000,11.250000000000,35.000000000000,8.750000000000,70.000000000000,17.500000000000,37.500000000000
2026,170012,SALINA REGIONAL HEALTH CENTER,400 SOUTH SANTA FE AVENUE,SALINA,KS,67401,SALINE,13.333333333333,3.333333333333,24.000000000000,6.000000000000,18.000000000000,4.500000000000,0.000000000000,0.000000000000,13.833333333333
2026,170013,HAYS MEDICAL CENTER,2220 CANTERBURY DRIVE,HAYS,KS,67601,ELLIS,16.666666666667,4.166666666667,40.000000000000,10.000000000000,45.000000000000,11.250000000000,10.000000000000,2.500000000000,27.916666666667
2026,170014,ADVENTHEALTH OTTAWA,1301 S MAIN STREET,OTTAWA,KS,66067,FRANKLIN,16.666666666667,5.555555555556,43.000000000000,14.333333333333,Not Available,Not Available,50.000000000000,16.666666666667,36.555555555556
2026,170016,UNIVERSITY OF KANSAS HEALTH SYSTEM - ST FRANCIS CAMPUS,1700 SW 7TH STREET,TOPEKA,KS,66606,SHAWNEE,25.000000000000,6.250000000000,20.000000000000,5.000000000000,48.333333333333,12.083333333333,0.000000000000,0.000000000000,23.333333333333
2026,170017,SUSAN B ALLEN MEMORIAL HOSPITAL,720 W CENTRAL ST,EL DORADO,KS,67042,BUTLER,Not Available,Not Available,46.000000000000,15.333333333333,25.000000000000,8.333333333333,100.000000000000,33.333333333333,57.000000000000
2026,170020,HUTCHINSON REGIONAL MEDICAL CENTER INC,1701 E 23RD AVENUE,HUTCHINSON,KS,67502,RENO,16.000000000000,4.000000000000,29.000000000000,7.250000000000,50.000000000000,12.500000000000,30.000000000000,7.500000000000,31.250000000000
2026,170023,ST. CATHERINE HOSPITAL - GARDEN CITY,401 EAST SPRUCE,GARDEN CITY,KS,67846,FINNEY,25.000000000000,6.250000000000,17.000000000000,4.250000000000,22.500000000000,5.625000000000,0.000000000000,0.000000000000,16.125000000000
2026,170027,PRATT REGIONAL MEDICAL CENTER,200 COMMODORE ST,PRATT,KS,67124,PRATT,5.000000000000,1.250000000000,82.000000000000,20.500000000000,50.000000000000,12.500000000000,50.000000000000,12.500000000000,46.750000000000
2026,170040,UNIVERSITY OF KANSAS HOSPITAL,4000 CAMBRIDGE STREET,KANSAS CITY,KS,66160,WYANDOTTE,88.000000000000,22.000000000000,67.000000000000,16.750000000000,53.333333333333,13.333333333333,10.000000000000,2.500000000000,54.583333333333
2026,170049,UNIVERSITY OF KANSAS HEALTH SYSTEM OLATHE HOSPITAL,20333 WEST 151ST STREET,OLATHE,KS,66061,JOHNSON,26.000000000000,6.500000000000,44.000000000000,11.000000000000,15.000000000000,3.750000000000,0.000000000000,0.000000000000,21.250000000000
2026,170068,SOUTHWEST MEDICAL CENTER,315 WEST 15TH STREET,LIBERAL,KS,67901,SEWARD,17.500000000000,4.375000000000,36.000000000000,9.000000000000,26.666666666667,6.666666666667,60.000000000000,15.000000000000,35.041666666667
2026,170074,"STORMONT VAIL HEALTH FLINT HILLS, LLC",1102 ST MARY'S ROAD,JUNCTION CITY,KS,66441,GEARY,30.000000000000,10.000000000000,90.000000000000,30.000000000000,Not Available,Not Available,100.000000000000,33.333333333333,73.333333333333
2026,170086,STORMONT VAIL HOSPITAL,1500 SW 10TH AVENUE,TOPEKA,KS,66604,SHAWNEE,21.666666666667,5.416666666667,36.000000000000,9.000000000000,51.666666666667,12.916666666667,0.000000000000,0.000000000000,27.333333333333
2026,170103,NMC HEALTH,600 MEDICAL CENTER DRIVE,NEWTON,KS,67114,HARVEY,7.500000000000,1.875000000000,66.000000000000,16.500000000000,70.000000000000,17.500000000000,20.000000000000,5.000000000000,40.875000000000
2026,170104,ADVENTHEALTH SHAWNEE MISSION,9100 W 74TH STREET,SHAWNEE MISSION,KS,66204,JOHNSON,25.000000000000,6.250000000000,44.000000000000,11.000000000000,26.666666666667,6.666666666667,10.000000000000,2.500000000000,26.416666666667
2026,170105,MCPHERSON HOSPITAL,1000 HOSPITAL DRIVE,MCPHERSON,KS,67460,MCPHERSON,6.666666666667,1.666666666667,44.000000000000,11.000000000000,25.000000000000,6.250000000000,60.000000000000,15.000000000000,33.916666666667
2026,170120,LABETTE HEALTH,1902 SOUTH US HWY 59,PARSONS,KS,67357,LABETTE,0.000000000000,0.000000000000,65.000000000000,16.250000000000,40.000000000000,10.000000000000,60.000000000000,15.000000000000,41.250000000000
2026,170123,WESLEY MEDICAL CENTER,550 N HILLSIDE STREET,WICHITA,KS,67214,SEDGWICK,25.000000000000,6.250000000000,14.000000000000,3.500000000000,23.333333333333,5.833333333333,0.000000000000,0.000000000000,15.583333333333
2026,170137,LMH,325 MAINE STREET,LAWRENCE,KS,66044,DOUGLAS,32.000000000000,8.000000000000,40.000000000000,10.000000000000,54.000000000000,13.500000000000,50.000000000000,12.500000000000,44.000000000000
2026,170146,PROVIDENCE MEDICAL CENTER,8929 PARALLEL PARKWAY,KANSAS CITY,KS,66112,WYANDOTTE,12.000000000000,3.000000000000,13.000000000000,3.250000000000,32.000000000000,8.000000000000,20.000000000000,5.000000000000,19.250000000000
2026,170175,CENTURA ST. CATHERINE-DODGE CITY,3001 AVENUE A,DODGE CITY,KS,67801,FORD,5.000000000000,1.666666666667,Not Available,Not Available,70.000000000000,23.333333333333,40.000000000000,13.333333333333,38.333333333333
2026,170176,OVERLAND PARK REG MED CTR,10500 QUIVIRA ROAD,OVERLAND PARK,KS,66215,JOHNSON,28.333333333333,7.083333333333,24.000000000000,6.000000000000,28.333333333333,7.083333333333,0.000000000000,0.000000000000,20.166666666667
2026,170182,MENORAH MEDICAL CENTER,5721 WEST 119TH STREET,OVERLAND PARK,KS,66209,JOHNSON,44.000000000000,11.000000000000,27.000000000000,6.750000000000,56.666666666667,14.166666666667,0.000000000000,0.000000000000,31.916666666667
2026,170185,SAINT LUKE'S SOUTH HOSPITAL,12300 METCALF AVENUE,OVERLAND PARK,KS,66213,JOHNSON,16.000000000000,4.000000000000,50.000000000000,12.500000000000,50.000000000000,12.500000000000,0.000000000000,0.000000000000,29.000000000000
2026,170186,KANSAS HEART HOSPITAL,3601 NORTH WEBB ROAD,WICHITA,KS,67226,SEDGWICK,33.333333333333,8.333333333333,86.000000000000,21.500000000000,33.333333333333,8.333333333333,0.000000000000,0.000000000000,38.166666666667
2026,170191,UNIVERSITY  OF KS HLTH SYSTEM GREAT BEND CAMPUS,514 CLEVELAND STREET,GREAT BEND,KS,67530,BARTON,36.666666666667,12.222222222222,32.000000000000,10.666666666667,Not Available,Not Available,50.000000000000,16.666666666667,39.555555555556
2026,170197,KANSAS MEDICAL CENTER LLC,1124 WEST 21ST STREET,ANDOVER,KS,67002,BUTLER,4.000000000000,1.000000000000,26.000000000000,6.500000000000,36.666666666667,9.166666666667,0.000000000000,0.000000000000,16.666666666667
2026,170204,"ROCK REGIONAL HOSPITAL, LLC",3251 NORTH ROCK ROAD,DERBY,KS,67037,SEDGWICK,0.000000000000,0.000000000000,69.000000000000,23.000000000000,Not Available,Not Available,30.000000000000,10.000000000000,33.000000000000
2026,170208,"ADVENTHEALTH SOUTH OVERLAND PARK, INC",7820 W 165TH STREET,OVERLAND PARK,KS,66223,JOHNSON,25.000000000000,6.250000000000,51.000000000000,12.750000000000,50.000000000000,12.500000000000,0.000000000000,0.000000000000,31.500000000000
2026,180001,ST ELIZABETH FT THOMAS,85 NORTH GRAND AVENUE,FORT THOMAS,KY,41075,CAMPBELL,60.000000000000,15.000000000000,43.000000000000,10.750000000000,72.000000000000,18.000000000000,0.000000000000,0.000000000000,43.750000000000
2026,180002,WHITESBURG ARH HOSPITAL,240 HOSPITAL ROAD,WHITESBURG,KY,41858,LETCHER,0.000000000000,0.000000000000,38.000000000000,9.500000000000,95.000000000000,23.750000000000,70.000000000000,17.500000000000,50.750000000000
2026,180004,OWENSBORO HEALTH MUHLENBERG COMMUNITY HOSPITAL,440 HOPKINSVILLE STREET,GREENVILLE,KY,42345,MUHLENBERG,6.666666666667,1.666666666667,69.000000000000,17.250000000000,75.000000000000,18.750000000000,60.000000000000,15.000000000000,52.666666666667
2026,180005,HIGHLANDS ARH REGIONAL MEDICAL CENTER,5000 KENTUCKY ROUTE 321,PRESTONSBURG,KY,41653,FLOYD,0.000000000000,0.000000000000,37.000000000000,9.250000000000,24.000000000000,6.000000000000,0.000000000000,0.000000000000,15.250000000000
2026,180009,KING'S DAUGHTERS' MEDICAL CENTER,2201 LEXINGTON AVENUE,ASHLAND,KY,41101,BOYD,18.333333333333,4.583333333333,43.000000000000,10.750000000000,20.000000000000,5.000000000000,10.000000000000,2.500000000000,22.833333333333
2026,180010,SAINT JOSEPH HOSPITAL,ONE SAINT JOSEPH DRIVE,LEXINGTON,KY,40504,FAYETTE,28.000000000000,7.000000000000,38.000000000000,9.500000000000,36.666666666667,9.166666666667,0.000000000000,0.000000000000,25.666666666667
2026,180011,SAINT JOSEPH LONDON,1001 SAINT JOSEPH LANE,LONDON,KY,40741,LAUREL,15.000000000000,3.750000000000,64.000000000000,16.000000000000,54.000000000000,13.500000000000,50.000000000000,12.500000000000,45.750000000000
2026,180012,BAPTIST HEALTH HARDIN,913 NORTH DIXIE AVENUE,ELIZABETHTOWN,KY,42701,HARDIN,10.000000000000,2.500000000000,36.000000000000,9.000000000000,45.000000000000,11.250000000000,10.000000000000,2.500000000000,25.250000000000
2026,180013,THE MEDICAL CENTER (BOWLING GREEN),250 PARK STREET,BOWLING GREEN,KY,42101,WARREN,2.000000000000,0.500000000000,20.000000000000,5.000000000000,21.666666666667,5.416666666667,0.000000000000,0.000000000000,10.916666666667
2026,180016,UOFL HEALTH - SHELBYVILLE HOSPITAL,727 HOSPITAL DRIVE,SHELBYVILLE,KY,40065,SHELBY,0.000000000000,0.000000000000,25.000000000000,6.250000000000,50.000000000000,12.500000000000,50.000000000000,12.500000000000,31.250000000000
2026,180017,T J SAMSON COMMUNITY HOSPITAL,1301 NORTH RACE STREET,GLASGOW,KY,42141,BARREN,12.500000000000,3.125000000000,54.000000000000,13.500000000000,78.000000000000,19.500000000000,0.000000000000,0.000000000000,36.125000000000
2026,180018,ST CLAIRE REGIONAL MEDICAL CENTER,222 MEDICAL CIRCLE,MOREHEAD,KY,40351,ROWAN,10.000000000000,2.500000000000,64.000000000000,16.000000000000,32.000000000000,8.000000000000,50.000000000000,12.500000000000,39.000000000000
2026,180019,MEADOWVIEW REGIONAL MEDICAL CENTER,989 MEDICAL PARK DRIVE,MAYSVILLE,KY,41056,MASON,36.666666666667,9.166666666667,34.000000000000,8.500000000000,60.000000000000,15.000000000000,0.000000000000,0.000000000000,32.666666666667
2026,180020,MIDDLESBORO ARH HOSPITAL,3600 WEST CUMBERLAND AVENUE,MIDDLESBORO,KY,40965,BELL,0.000000000000,0.000000000000,Not Available,Not Available,65.000000000000,21.666666666667,0.000000000000,0.000000000000,21.666666666667
2026,180024,SPRING VIEW HOSPITAL,320 LORETTO ROAD,LEBANON,KY,40033,MARION,7.500000000000,1.875000000000,78.000000000000,19.500000000000,100.000000000000,25.000000000000,90.000000000000,22.500000000000,68.875000000000
2026,180025,CHI SAINT JOSEPH FLAGET MEMORIAL HOSPITAL,4305 NEW SHEPHERDSVILLE ROAD,BARDSTOWN,KY,40004,NELSON,5.000000000000,1.250000000000,47.000000000000,11.750000000000,70.000000000000,17.500000000000,80.000000000000,20.000000000000,50.500000000000
2026,180027,MURRAY-CALLOWAY COUNTY HOSPITAL,803 POPLAR STREET,MURRAY,KY,42071,CALLOWAY,4.000000000000,1.000000000000,57.000000000000,14.250000000000,52.500000000000,13.125000000000,0.000000000000,0.000000000000,28.375000000000
2026,180029,HAZARD ARH REGIONAL MEDICAL CENTER,100 MEDICAL CENTER DRIVE,HAZARD,KY,41701,PERRY,27.500000000000,6.875000000000,39.000000000000,9.750000000000,43.333333333333,10.833333333333,0.000000000000,0.000000000000,27.458333333333
2026,180035,ST ELIZABETH EDGEWOOD,1 MEDICAL VILLAGE DRIVE,EDGEWOOD,KY,41017,KENTON,60.000000000000,15.000000000000,56.000000000000,14.000000000000,21.666666666667,5.416666666667,0.000000000000,0.000000000000,34.416666666667
2026,180038,OWENSBORO HEALTH REGIONAL HOSPITAL,1201 PLEASANT VALLEY ROAD,OWENSBORO,KY,42303,DAVIESS,0.000000000000,0.000000000000,17.000000000000,4.250000000000,35.000000000000,8.750000000000,10.000000000000,2.500000000000,15.500000000000
2026,180040,UOFL HEALTH - JEWISH HOSPITAL and Mary & Elizabeth Hospital,200 ABRAHAM FLEXNER WAY,LOUISVILLE,KY,40202,JEFFERSON,28.333333333333,7.083333333333,19.000000000000,4.750000000000,23.333333333333,5.833333333333,0.000000000000,0.000000000000,17.666666666667
2026,180043,AdventHealthManchester,210 MARIE LANGDON DRIVE,MANCHESTER,KY,40962,CLAY,5.000000000000,1.250000000000,83.000000000000,20.750000000000,25.000000000000,6.250000000000,10.000000000000,2.500000000000,30.750000000000
2026,180044,PIKEVILLE MEDICAL CENTER,911 BYPASS ROAD,PIKEVILLE,KY,41501,PIKE,6.000000000000,1.500000000000,29.000000000000,7.250000000000,28.333333333333,7.083333333333,30.000000000000,7.500000000000,23.333333333333
2026,180045,ST ELIZABETH FLORENCE,4900 HOUSTON ROAD,FLORENCE,KY,41042,BOONE,7.500000000000,1.875000000000,47.000000000000,11.750000000000,23.333333333333,5.833333333333,10.000000000000,2.500000000000,21.958333333333
2026,180048,EPHRAIM MCDOWELL REGIONAL MEDICAL CENTER,217 SOUTH THIRD STREET,DANVILLE,KY,40422,BOYLE,2.500000000000,0.625000000000,38.000000000000,9.500000000000,38.333333333333,9.583333333333,0.000000000000,0.000000000000,19.708333333333
2026,180049,BAPTIST HEALTH RICHMOND,801 EASTERN BYPASS,RICHMOND,KY,40475,MADISON,5.000000000000,1.250000000000,71.000000000000,17.750000000000,76.666666666667,19.166666666667,0.000000000000,0.000000000000,38.166666666667
2026,180050,HARLAN ARH HOSPITAL,81 BALL PARK ROAD,HARLAN,KY,40831,HARLAN,3.333333333333,0.833333333333,15.000000000000,3.750000000000,40.000000000000,10.000000000000,50.000000000000,12.500000000000,27.083333333333
2026,180051,JENNIE STUART MEDICAL CENTER,320 WEST 18TH STREET,HOPKINSVILLE,KY,42241,CHRISTIAN,0.000000000000,0.000000000000,37.000000000000,9.250000000000,8.000000000000,2.000000000000,0.000000000000,0.000000000000,11.250000000000
2026,180056,DEACONESS HENDERSON HOSPITAL,1305 N ELM ST,HENDERSON,KY,42420,HENDERSON,13.333333333333,3.333333333333,28.000000000000,7.000000000000,53.333333333333,13.333333333333,10.000000000000,2.500000000000,26.166666666667
2026,180064,SAINT JOSEPH MOUNT STERLING,225 FALCON DRIVE,MOUNT STERLING,KY,40353,MONTGOMERY,30.000000000000,7.500000000000,79.000000000000,19.750000000000,60.000000000000,15.000000000000,20.000000000000,5.000000000000,47.250000000000
2026,180066,The Medical Center at Russellville,1625 NASHVILLE STREET,RUSSELLVILLE,KY,42276,LOGAN,0.000000000000,0.000000000000,69.000000000000,23.000000000000,Not Available,Not Available,30.000000000000,10.000000000000,33.000000000000
2026,180067,UNIVERSITY OF KENTUCKY HOSPITAL,800 ROSE STREET,LEXINGTON,KY,40536,FAYETTE,40.000000000000,10.000000000000,53.000000000000,13.250000000000,18.333333333333,4.583333333333,0.000000000000,0.000000000000,27.833333333333
2026,180069,TUG VALLEY ARH REGIONAL MEDICAL CENTER,260 HOSPITAL DRIVE,SOUTH WILLIAMSON,KY,41503,PIKE,20.000000000000,5.000000000000,33.000000000000,8.250000000000,55.000000000000,13.750000000000,100.000000000000,25.000000000000,52.000000000000
2026,180070,OWENSBORO HEALTH TWIN LAKES MEDICAL CENTER,910 WALLACE AVENUE,LEITCHFIELD,KY,42754,GRAYSON,13.333333333333,3.333333333333,52.000000000000,13.000000000000,45.000000000000,11.250000000000,0.000000000000,0.000000000000,27.583333333333
2026,180078,PAINTSVILLE ARH HOSPITAL,625 JAMES S TRIMBLE BOULEVARD,PAINTSVILLE,KY,41240,JOHNSON,0.000000000000,0.000000000000,36.000000000000,9.000000000000,80.000000000000,20.000000000000,50.000000000000,12.500000000000,41.500000000000
2026,180079,HARRISON MEMORIAL HOSPITAL,1210 KY HWY 36 E,CYNTHIANA,KY,41031,HARRISON,10.000000000000,2.500000000000,87.000000000000,21.750000000000,35.000000000000,8.750000000000,20.000000000000,5.000000000000,38.000000000000
2026,180080,BAPTIST HEALTH CORBIN,ONE TRILLIUM WAY,CORBIN,KY,40701,WHITLEY,2.500000000000,0.625000000000,50.000000000000,12.500000000000,51.666666666667,12.916666666667,20.000000000000,5.000000000000,31.041666666667
2026,180087,TAYLOR REGIONAL HOSPITAL,1700 OLD LEBANON ROAD,CAMPBELLSVILLE,KY,42718,TAYLOR,0.000000000000,0.000000000000,59.000000000000,14.750000000000,10.000000000000,2.500000000000,0.000000000000,0.000000000000,17.250000000000
2026,180088,"NORTON HOSPITALS, INC",200 EAST CHESTNUT STREET,LOUISVILLE,KY,40202,JEFFERSON,15.000000000000,3.750000000000,32.000000000000,8.000000000000,15.000000000000,3.750000000000,0.000000000000,0.000000000000,15.500000000000
2026,180092,CLARK REGIONAL MEDICAL CENTER,175 HOSPITAL DRIVE,WINCHESTER,KY,40391,CLARK,12.500000000000,3.125000000000,50.000000000000,12.500000000000,80.000000000000,20.000000000000,10.000000000000,2.500000000000,38.125000000000
2026,180093,BAPTIST HEALTH DEACONESS MADISONVILLE,900 HOSPITAL DRIVE,MADISONVILLE,KY,42431,HOPKINS,16.000000000000,4.000000000000,36.000000000000,9.000000000000,36.666666666667,9.166666666667,0.000000000000,0.000000000000,22.166666666667
2026,180101,GEORGETOWN COMMUNITY HOSPITAL,1140 LEXINGTON ROAD,GEORGETOWN,KY,40324,SCOTT,20.000000000000,5.000000000000,41.000000000000,10.250000000000,75.000000000000,18.750000000000,40.000000000000,10.000000000000,44.000000000000
2026,180102,MERCY HEALTH - LOURDES HOSPITAL,1530 LONE OAK ROAD,PADUCAH,KY,42003,MCCRACKEN,46.666666666667,11.666666666667,19.000000000000,4.750000000000,43.333333333333,10.833333333333,0.000000000000,0.000000000000,27.250000000000
2026,180103,BAPTIST HEALTH LEXINGTON,1740 NICHOLASVILLE ROAD,LEXINGTON,KY,40503,FAYETTE,11.666666666667,2.916666666667,68.000000000000,17.000000000000,18.333333333333,4.583333333333,0.000000000000,0.000000000000,24.500000000000
2026,180104,BAPTIST HEALTH PADUCAH,2501 KENTUCKY AVENUE,PADUCAH,KY,42003,MCCRACKEN,28.000000000000,7.000000000000,45.000000000000,11.250000000000,16.666666666667,4.166666666667,0.000000000000,0.000000000000,22.416666666667
2026,180105,MONROE COUNTY MEDICAL CENTER,529 CAPP HARLAN ROAD,TOMPKINSVILLE,KY,42167,MONROE,23.333333333333,7.777777777778,48.000000000000,16.000000000000,Not Available,Not Available,50.000000000000,16.666666666667,40.444444444444
2026,180115,"ROCKCASTLE COUNTY HOSPITAL, INC.",145 NEWCOMB AVENUE,MOUNT VERNON,KY,40456,ROCKCASTLE,6.666666666667,2.222222222222,Not Available,Not Available,50.000000000000,16.666666666667,40.000000000000,13.333333333333,32.222222222222
2026,180116,JACKSON PURCHASE MEDICAL CENTER,1099 MEDICAL CENTER CIRCLE,MAYFIELD,KY,42066,GRAVES,15.000000000000,3.750000000000,49.000000000000,12.250000000000,3.333333333333,0.833333333333,0.000000000000,0.000000000000,16.833333333333
2026,180124,TRISTAR GREENVIEW REGIONAL HOSPITAL,1801 ASHLEY CIRCLE,BOWLING GREEN,KY,42104,WARREN,0.000000000000,0.000000000000,24.000000000000,6.000000000000,50.000000000000,12.500000000000,0.000000000000,0.000000000000,18.500000000000
2026,180127,FRANKFORT REGIONAL MEDICAL CENTER,299 KINGS DAUGHTERS DRIVE,FRANKFORT,KY,40601,FRANKLIN,12.500000000000,3.125000000000,21.000000000000,5.250000000000,74.000000000000,18.500000000000,30.000000000000,7.500000000000,34.375000000000
2026,180128,THREE RIVERS MEDICAL CENTER,2485 HIGHWAY 644,LOUISA,KY,41230,LAWRENCE,0.000000000000,0.000000000000,90.000000000000,22.500000000000,100.000000000000,25.000000000000,70.000000000000,17.500000000000,65.000000000000
2026,180130,BAPTIST HEALTH LOUISVILLE,4000 KRESGE WAY,LOUISVILLE,KY,40207,JEFFERSON,35.000000000000,8.750000000000,33.000000000000,8.250000000000,33.333333333333,8.333333333333,0.000000000000,0.000000000000,25.333333333333
2026,180132,LAKE CUMBERLAND REGIONAL HOSPITAL,305 LANGDON STREET,SOMERSET,KY,42503,PULASKI,7.500000000000,1.875000000000,19.000000000000,4.750000000000,65.000000000000,16.250000000000,0.000000000000,0.000000000000,22.875000000000
2026,180138,BAPTIST HEALTH LAGRANGE,1025 NEW MOODY LANE,LA GRANGE,KY,40031,OLDHAM,16.666666666667,4.166666666667,69.000000000000,17.250000000000,56.666666666667,14.166666666667,0.000000000000,0.000000000000,35.583333333333
2026,180141,UNIVERSITY OF LOUISVILLE HOSPITAL,530 SOUTH JACKSON STREET,LOUISVILLE,KY,40202,JEFFERSON,10.000000000000,2.500000000000,13.000000000000,3.250000000000,11.666666666667,2.916666666667,0.000000000000,0.000000000000,8.666666666667
2026,180143,SAINT JOSEPH EAST,150 NORTH EAGLE CREEK DRIVE,LEXINGTON,KY,40509,FAYETTE,23.333333333333,5.833333333333,16.000000000000,4.000000000000,60.000000000000,15.000000000000,40.000000000000,10.000000000000,34.833333333333
2026,190002,OCHSNER LAFAYETTE GENERAL MEDICAL CENTER,1214 COOLIDGE AVENUE,LAFAYETTE,LA,70503,LAFAYETTE,20.000000000000,5.000000000000,61.000000000000,15.250000000000,28.333333333333,7.083333333333,0.000000000000,0.000000000000,27.333333333333
2026,190004,THIBODAUX REGIONAL MEDICAL CENTER,602 N ACADIA ROAD,THIBODAUX,LA,70301,LAFOURCHE,0.000000000000,0.000000000000,78.000000000000,19.500000000000,54.000000000000,13.500000000000,0.000000000000,0.000000000000,33.000000000000
2026,190005,UNIVERSITY MEDICAL CENTER NEW ORLEANS,2000 CANAL STREET,NEW ORLEANS,LA,70112,ORLEANS,20.000000000000,5.000000000000,42.000000000000,10.500000000000,35.000000000000,8.750000000000,0.000000000000,0.000000000000,24.250000000000
2026,190006,OCHSNER UNIVERSITY HOSPITAL AND CLINICS,2390 WEST CONGRESS,LAFAYETTE,LA,70506,LAFAYETTE,0.000000000000,0.000000000000,91.000000000000,22.750000000000,53.333333333333,13.333333333333,10.000000000000,2.500000000000,38.583333333333
2026,190007,NATCHITOCHES REGIONAL MEDICAL CENTER,501 KEYSER AVE,NATCHITOCHES,LA,71457,NATCHITOCHES,15.000000000000,3.750000000000,57.000000000000,14.250000000000,73.333333333333,18.333333333333,30.000000000000,7.500000000000,43.833333333333
2026,190008,TERREBONNE GENERAL MEDICAL CENTER - PARISH,8166 MAIN STREET,HOUMA,LA,70360,TERREBONNE,20.000000000000,5.000000000000,68.000000000000,17.000000000000,53.333333333333,13.333333333333,0.000000000000,0.000000000000,35.333333333333
2026,190011,OCHSNER LSU HEALTH MONROE,4864 JACKSON STREET,MONROE,LA,71202,OUACHITA,Not Available,Not Available,64.000000000000,21.333333333333,58.000000000000,19.333333333333,10.000000000000,3.333333333333,44.000000000000
2026,190013,WEST CALCASIEU CAMERON HOSPITAL,701 EAST CYPRESS STREET,SULPHUR,LA,70663,CALCASIEU,0.000000000000,0.000000000000,72.000000000000,18.000000000000,15.000000000000,3.750000000000,10.000000000000,2.500000000000,24.250000000000
2026,190014,OCHSNER ST MARY,1125 MARGUERITE STREET,MORGAN CITY,LA,70380,ST. MARY,3.333333333333,0.833333333333,58.000000000000,14.500000000000,20.000000000000,5.000000000000,0.000000000000,0.000000000000,20.333333333333
2026,190015,NORTH OAKS MEDICAL CENTER,15790 PAUL VEGA MD DRIVE,HAMMOND,LA,70403,TANGIPAHOA,0.000000000000,0.000000000000,36.000000000000,9.000000000000,21.666666666667,5.416666666667,0.000000000000,0.000000000000,14.416666666667
2026,190017,OPELOUSAS GENERAL HEALTH SYSTEM,539 EAST PRUDHOMME STREET,OPELOUSAS,LA,70570,ST. LANDRY,12.000000000000,3.000000000000,63.000000000000,15.750000000000,40.000000000000,10.000000000000,20.000000000000,5.000000000000,33.750000000000
2026,190019,CHRISTUS ST FRANCES CABRINI HOSPITAL,3330 MASONIC DRIVE,ALEXANDRIA,LA,71301,RAPIDES,12.000000000000,3.000000000000,39.000000000000,9.750000000000,53.333333333333,13.333333333333,0.000000000000,0.000000000000,26.083333333333
2026,190020,LANE REGIONAL MEDICAL CENTER,6300 MAIN STREET,ZACHARY,LA,70791,EAST BATON ROUGE,12.500000000000,3.125000000000,46.000000000000,11.500000000000,76.666666666667,19.166666666667,10.000000000000,2.500000000000,36.291666666667
2026,190025,SAVOY MEDICAL CENTER,801 POINCIANA AVENUE,MAMOU,LA,70554,EVANGELINE,0.000000000000,0.000000000000,Not Available,Not Available,100.000000000000,33.333333333333,0.000000000000,0.000000000000,33.333333333333
2026,190026,RAPIDES REGIONAL MEDICAL CENTER,211 4TH STREET,ALEXANDRIA,LA,71301,RAPIDES,34.000000000000,8.500000000000,20.000000000000,5.000000000000,20.000000000000,5.000000000000,0.000000000000,0.000000000000,18.500000000000
2026,190027,CHRISTUS OCHSNER ST PATRICK HOSPITAL,524 DR MICHAEL DEBAKEY DRIVE,LAKE CHARLES,LA,70601,CALCASIEU,6.000000000000,1.500000000000,35.000000000000,8.750000000000,40.000000000000,10.000000000000,0.000000000000,0.000000000000,20.250000000000
2026,190034,ABBEVILLE GENERAL HOSPITAL,118 N HOSPITAL DR,ABBEVILLE,LA,70510,VERMILION,10.000000000000,2.500000000000,87.000000000000,21.750000000000,15.000000000000,3.750000000000,30.000000000000,7.500000000000,35.500000000000
2026,190036,OCHSNER MEDICAL CENTER ACUTE,1516 JEFFERSON HWY,NEW ORLEANS,LA,70121,JEFFERSON,31.666666666667,7.916666666667,42.000000000000,10.500000000000,26.666666666667,6.666666666667,0.000000000000,0.000000000000,25.083333333333
2026,190039,WEST JEFFERSON MEDICAL CENTER,1101 MEDICAL CENTER BLVD,MARRERO,LA,70072,JEFFERSON,2.500000000000,0.625000000000,38.000000000000,9.500000000000,45.000000000000,11.250000000000,0.000000000000,0.000000000000,21.375000000000
2026,190040,SLIDELL MEMORIAL HOSPITAL,1001 GAUSE BLVD,SLIDELL,LA,70458,ST. TAMMANY,18.000000000000,4.500000000000,22.000000000000,5.500000000000,23.333333333333,5.833333333333,10.000000000000,2.500000000000,18.333333333333
2026,190041,CHRISTUS SHREVEPORT-BOSSIER HEALTH SYSTEM,1453 E BERT KOUNS INDUSTRIAL DRIVE,SHREVEPORT,LA,71105,CADDO,38.333333333333,9.583333333333,15.000000000000,3.750000000000,70.000000000000,17.500000000000,0.000000000000,0.000000000000,30.833333333333
2026,190044,ACADIA GENERAL HOSPITAL,1305 CROWLEY RAYNE HIGHWAY,CROWLEY,LA,70526,ACADIA,0.000000000000,0.000000000000,53.000000000000,13.250000000000,22.000000000000,5.500000000000,30.000000000000,7.500000000000,26.250000000000
2026,190045,ST TAMMANY PARISH HOSPITAL,1202 S TYLER STREET,COVINGTON,LA,70433,ST. TAMMANY,2.000000000000,0.500000000000,76.000000000000,19.000000000000,40.000000000000,10.000000000000,0.000000000000,0.000000000000,29.500000000000
2026,190046,TOURO INFIRMARY,1401 FOUCHER STREET,NEW ORLEANS,LA,70115,ORLEANS,25.000000000000,6.250000000000,48.000000000000,12.000000000000,36.666666666667,9.166666666667,20.000000000000,5.000000000000,32.416666666667
2026,190050,BEAUREGARD MEMORIAL HOSPITAL,600 S PINE STREET,DERIDDER,LA,70634,BEAUREGARD,3.333333333333,0.833333333333,48.000000000000,12.000000000000,60.000000000000,15.000000000000,0.000000000000,0.000000000000,27.833333333333
2026,190053,OCHSNER AMERICAN LEGION HOSPITAL,1634 ELTON ROAD,JENNINGS,LA,70546,JEFFERSON DAVIS,0.000000000000,0.000000000000,80.000000000000,20.000000000000,35.000000000000,8.750000000000,0.000000000000,0.000000000000,28.750000000000
2026,190054,IBERIA MEDICAL CENTER,2315 E MAIN STREET,NEW IBERIA,LA,70560,IBERIA,0.000000000000,0.000000000000,53.000000000000,13.250000000000,50.000000000000,12.500000000000,30.000000000000,7.500000000000,33.250000000000
2026,190060,LAKE CHARLES MEMORIAL HOSPITAL,1701 OAK PARK BLVD,LAKE CHARLES,LA,70601,CALCASIEU,40.000000000000,10.000000000000,35.000000000000,8.750000000000,40.000000000000,10.000000000000,0.000000000000,0.000000000000,28.750000000000
2026,190064,OUR LADY OF THE LAKE REGIONAL MEDICAL CENTER,5000 HENNESSY BLVD,BATON ROUGE,LA,70808,EAST BATON ROUGE,26.000000000000,6.500000000000,39.000000000000,9.750000000000,21.666666666667,5.416666666667,0.000000000000,0.000000000000,21.666666666667
2026,190065,BATON ROUGE GENERAL MEDICAL CENTER,8585 PICARDY AVE,BATON ROUGE,LA,70809,EAST BATON ROUGE,28.333333333333,7.083333333333,49.000000000000,12.250000000000,36.666666666667,9.166666666667,0.000000000000,0.000000000000,28.500000000000
2026,190079,ST CHARLES PARISH HOSPITAL,1057 PAUL MAILLARD ROAD,LULING,LA,70070,ST. CHARLES,Not Available,Not Available,94.000000000000,31.333333333333,90.000000000000,30.000000000000,100.000000000000,33.333333333333,94.666666666667
2026,190086,NORTHERN LOUISIANA MEDICAL CENTER,401 EAST VAUGHN AVENUE,RUSTON,LA,71270,LINCOLN,2.500000000000,0.625000000000,18.000000000000,4.500000000000,36.666666666667,9.166666666667,0.000000000000,0.000000000000,14.291666666667
2026,190098,OCHSNER LSU HEALTH SHREVEPORT,1541 KINGS HIGHWAY,SHREVEPORT,LA,71130,CADDO,27.500000000000,6.875000000000,26.000000000000,6.500000000000,20.000000000000,5.000000000000,0.000000000000,0.000000000000,18.375000000000
2026,190102,"OUR LADY OF LOURDES REGIONAL MEDICAL CENTER, INC",4801 AMBASSADOR CAFFERY PARKWAY,LAFAYETTE,LA,70508,LAFAYETTE,8.000000000000,2.000000000000,78.000000000000,19.500000000000,33.333333333333,8.333333333333,0.000000000000,0.000000000000,29.833333333333
2026,190111,WILLIS KNIGHTON MEDICAL CENTER,2600 GREENWOOD ROAD,SHREVEPORT,LA,71103,CADDO,10.000000000000,2.500000000000,33.000000000000,8.250000000000,10.000000000000,2.500000000000,0.000000000000,0.000000000000,13.250000000000
2026,190114,CLAIBORNE MEMORIAL MEDICAL CENTER,620 EAST COLLEGE STREET,HOMER,LA,71040,CLAIBORNE,0.000000000000,0.000000000000,71.000000000000,17.750000000000,50.000000000000,12.500000000000,50.000000000000,12.500000000000,42.750000000000
2026,190125,ST FRANCIS MEDICAL CENTER,309 JACKSON STREET,MONROE,LA,71201,OUACHITA,0.000000000000,0.000000000000,48.000000000000,12.000000000000,40.000000000000,10.000000000000,0.000000000000,0.000000000000,22.000000000000
2026,190128,WOMANS HOSPITAL,100 WOMAN'S WAY,BATON ROUGE,LA,70817,EAST BATON ROUGE,Not Available,Not Available,62.000000000000,20.666666666667,38.000000000000,12.666666666667,0.000000000000,0.000000000000,33.333333333333
2026,190164,BYRD REGIONAL HOSPITAL,1020 FERTITTA BLVD,LEESVILLE,LA,71446,VERNON,13.333333333333,3.333333333333,48.000000000000,12.000000000000,80.000000000000,20.000000000000,0.000000000000,0.000000000000,35.333333333333
2026,190167,MERCY REGIONAL MEDICAL CENTER,800 E MAIN,VILLE PLATTE,LA,70586,EVANGELINE,0.000000000000,0.000000000000,Not Available,Not Available,85.000000000000,28.333333333333,0.000000000000,0.000000000000,28.333333333333
2026,190176,EAST JEFFERSON GENERAL HOSPITAL,4200 HOUMA BLVD,METAIRIE,LA,70006,JEFFERSON,20.000000000000,5.000000000000,33.000000000000,8.250000000000,25.000000000000,6.250000000000,0.000000000000,0.000000000000,19.500000000000
2026,190183,LEONARD J CHABERT MEDICAL CENTER,1978 INDUSTRIAL BLVD,HOUMA,LA,70363,TERREBONNE,25.000000000000,6.250000000000,80.000000000000,20.000000000000,86.666666666667,21.666666666667,70.000000000000,17.500000000000,65.416666666667
2026,190184,CITIZENS MEDICAL CENTER,7939 U S HWY 165 SOUTH,COLUMBIA,LA,71418,CALDWELL,3.333333333333,1.111111111111,100.000000000000,33.333333333333,Not Available,Not Available,40.000000000000,13.333333333333,47.777777777778
2026,190201,CHRISTUS OCHSNER LAKE AREA HOSPITAL,4200 NELSON ROAD,LAKE CHARLES,LA,70605,CALCASIEU,Not Available,Not Available,73.000000000000,24.333333333333,80.000000000000,26.666666666667,40.000000000000,13.333333333333,64.333333333333
2026,190202,OCHSNER MEDICAL CENTER - BATON ROUGE,17000 MEDICAL CENTER DR,BATON ROUGE,LA,70816,EAST BATON ROUGE,20.000000000000,5.000000000000,48.000000000000,12.000000000000,58.333333333333,14.583333333333,0.000000000000,0.000000000000,31.583333333333
2026,190274,OCHSNER MEDICAL CENTER-KENNER,180 WEST ESPLANADE AVENUE,KENNER,LA,70065,JEFFERSON,15.000000000000,3.750000000000,47.000000000000,11.750000000000,52.000000000000,13.000000000000,20.000000000000,5.000000000000,33.500000000000
2026,190308,ST BERNARD PARISH HOSPITAL,8000 WEST JUDGE PEREZ DRIVE,CHALMETTE,LA,70043,ST. BERNARD,10.000000000000,2.500000000000,70.000000000000,17.500000000000,95.000000000000,23.750000000000,100.000000000000,25.000000000000,68.750000000000
2026,190312,OUR LADY OF THE ANGELS HOSPITAL,433 PLAZA STREET,BOGALUSA,LA,70427,WASHINGTON,0.000000000000,0.000000000000,90.000000000000,22.500000000000,90.000000000000,22.500000000000,0.000000000000,0.000000000000,45.000000000000
2026,190313,NEW ORLEANS EAST HOSPITAL,5620 READ BLVD,NEW ORLEANS,LA,70127,ORLEANS,Not Available,Not Available,57.000000000000,19.000000000000,60.000000000000,20.000000000000,10.000000000000,3.333333333333,42.333333333333
2026,190318,ACADIAN MEDICAL CENTER,3501 HIGHWAY 190 EAST,EUNICE,LA,70535,ST. LANDRY,10.000000000000,2.500000000000,38.000000000000,9.500000000000,65.000000000000,16.250000000000,20.000000000000,5.000000000000,33.250000000000
2026,200001,ST JOSEPH HOSPITAL,360 BROADWAY,BANGOR,ME,04401,PENOBSCOT,10.000000000000,2.500000000000,68.000000000000,17.000000000000,36.666666666667,9.166666666667,60.000000000000,15.000000000000,43.666666666667
2026,200008,NORTHERN LIGHT MERCY HOSPITAL,144 STATE STREET,PORTLAND,ME,04101,CUMBERLAND,25.000000000000,6.250000000000,68.000000000000,17.000000000000,5.000000000000,1.250000000000,0.000000000000,0.000000000000,24.500000000000
2026,200009,MAINEHEALTH MAINE MEDICAL CENTER,22 BRAMHALL ST,PORTLAND,ME,04102,CUMBERLAND,20.000000000000,5.000000000000,28.000000000000,7.000000000000,23.333333333333,5.833333333333,0.000000000000,0.000000000000,17.833333333333
2026,200018,NORTHERN LIGHT  A R GOULD HOSPITAL,PO BOX 151,PRESQUE ISLE,ME,04769,AROOSTOOK,10.000000000000,2.500000000000,47.000000000000,11.750000000000,25.000000000000,6.250000000000,100.000000000000,25.000000000000,45.500000000000
2026,200020,YORK HOSPITAL,15 HOSPITAL DRIVE,YORK,ME,03909,YORK,22.500000000000,5.625000000000,87.000000000000,21.750000000000,40.000000000000,10.000000000000,30.000000000000,7.500000000000,44.875000000000
2026,200021,MAINEHEALTH MID COAST HOSPITAL,123 MEDICAL CENTER DRIVE,BRUNSWICK,ME,04011,CUMBERLAND,10.000000000000,2.500000000000,40.000000000000,10.000000000000,56.000000000000,14.000000000000,60.000000000000,15.000000000000,41.500000000000
2026,200024,CENTRAL MAINE MEDICAL CENTER,300 MAIN STREET,LEWISTON,ME,04240,ANDROSCOGGIN,18.000000000000,4.500000000000,22.000000000000,5.500000000000,53.333333333333,13.333333333333,0.000000000000,0.000000000000,23.333333333333
2026,200031,CARY MEDICAL CENTER,"163 VAN BUREN RD, SUITE 1",CARIBOU,ME,04736,AROOSTOOK,0.000000000000,0.000000000000,61.000000000000,15.250000000000,10.000000000000,2.500000000000,100.000000000000,25.000000000000,42.750000000000
2026,200034,ST MARY'S REGIONAL MEDICAL CENTER,93 CAMPUS AVENUE - PO BOX 291,LEWISTON,ME,04243,ANDROSCOGGIN,0.000000000000,0.000000000000,39.000000000000,9.750000000000,90.000000000000,22.500000000000,40.000000000000,10.000000000000,42.250000000000
2026,200039,MAINE GENERAL MEDICAL CENTER,35 MEDICAL CENTER PARKWAY,AUGUSTA,ME,04330,KENNEBEC,12.500000000000,3.125000000000,55.000000000000,13.750000000000,36.666666666667,9.166666666667,50.000000000000,12.500000000000,38.541666666667
2026,200063,MAINEHEALTH PEN BAY HOSPITAL,6 GLEN COVE DRIVE,ROCKPORT,ME,04856,KNOX,17.500000000000,4.375000000000,60.000000000000,15.000000000000,65.000000000000,16.250000000000,50.000000000000,12.500000000000,48.125000000000
2026,220001,UMASS MEMORIAL HEALTHALLIANCE HOSPITALS,60 HOSPITAL ROAD,LEOMINSTER,MA,01453,WORCESTER,37.500000000000,9.375000000000,31.000000000000,7.750000000000,32.000000000000,8.000000000000,0.000000000000,0.000000000000,25.125000000000
2026,220002,MOUNT AUBURN HOSPITAL,330 MOUNT AUBURN STREET,CAMBRIDGE,MA,02138,MIDDLESEX,60.000000000000,15.000000000000,50.000000000000,12.500000000000,25.000000000000,6.250000000000,20.000000000000,5.000000000000,38.750000000000
2026,220008,STURDY MEMORIAL HOSPITAL,211 PARK STREET,ATTLEBORO,MA,02703,BRISTOL,36.000000000000,9.000000000000,19.000000000000,4.750000000000,50.000000000000,12.500000000000,10.000000000000,2.500000000000,28.750000000000
2026,220010,LAWRENCE GENERAL HOSPITAL,ONE GENERAL STREET,LAWRENCE,MA,01842,ESSEX,2.000000000000,0.500000000000,21.000000000000,5.250000000000,40.000000000000,10.000000000000,0.000000000000,0.000000000000,15.750000000000
2026,220011,CAMBRIDGE HEALTH ALLIANCE,1493 CAMBRIDGE STREET,CAMBRIDGE,MA,02139,MIDDLESEX,25.000000000000,6.250000000000,23.000000000000,5.750000000000,10.000000000000,2.500000000000,10.000000000000,2.500000000000,17.000000000000
2026,220012,CAPE COD HOSPITAL,27 PARK STREET,HYANNIS,MA,02601,BARNSTABLE,6.666666666667,1.666666666667,34.000000000000,8.500000000000,50.000000000000,12.500000000000,10.000000000000,2.500000000000,25.166666666667
2026,220015,"COOLEY DICKINSON HOSPITAL INC,THE",30 LOCUST STREET,NORTHAMPTON,MA,01061,HAMPSHIRE,12.000000000000,3.000000000000,36.000000000000,9.000000000000,30.000000000000,7.500000000000,40.000000000000,10.000000000000,29.500000000000
2026,220016,BAYSTATE FRANKLIN MEDICAL CENTER,164 HIGH STREET,GREENFIELD,MA,01301,FRANKLIN,13.333333333333,3.333333333333,36.000000000000,9.000000000000,30.000000000000,7.500000000000,40.000000000000,10.000000000000,29.833333333333
2026,220019,UMASS MEMORIAL HEALTH - HARRINGTON HOSPITAL,100 SOUTH STREET,SOUTHBRIDGE,MA,01550,WORCESTER,0.000000000000,0.000000000000,19.000000000000,4.750000000000,82.500000000000,20.625000000000,20.000000000000,5.000000000000,30.375000000000
2026,220020,SAINT ANNE'S HOSPITAL,795 MIDDLE STREET,FALL RIVER,MA,02721,BRISTOL,24.000000000000,6.000000000000,72.000000000000,18.000000000000,56.666666666667,14.166666666667,10.000000000000,2.500000000000,40.666666666667
2026,220024,HOLYOKE MEDICAL CENTER,575 BEECH STREET,HOLYOKE,MA,01040,HAMPDEN,22.500000000000,5.625000000000,50.000000000000,12.500000000000,80.000000000000,20.000000000000,20.000000000000,5.000000000000,43.125000000000
2026,220029,ANNA JAQUES HOSPITAL,25 HIGHLAND AVENUE,NEWBURYPORT,MA,01950,ESSEX,28.000000000000,7.000000000000,29.000000000000,7.250000000000,36.666666666667,9.166666666667,10.000000000000,2.500000000000,25.916666666667
2026,220030,BAYSTATE WING HOSPITAL,40 WRIGHT STREET,PALMER,MA,01069,HAMPDEN,33.333333333333,8.333333333333,36.000000000000,9.000000000000,50.000000000000,12.500000000000,20.000000000000,5.000000000000,34.833333333333
2026,220031,BOSTON MEDICAL CENTER,1 BOSTON MEDICAL CENTER PLACE,BOSTON,MA,02118,SUFFOLK,61.666666666667,15.416666666667,35.000000000000,8.750000000000,21.666666666667,5.416666666667,0.000000000000,0.000000000000,29.583333333333
2026,220033,NORTHEAST HOSPITAL CORPORATION,85 HERRICK STREET,BEVERLY,MA,01915,ESSEX,62.000000000000,15.500000000000,17.000000000000,4.250000000000,13.333333333333,3.333333333333,10.000000000000,2.500000000000,25.583333333333
2026,220035,NORTH SHORE MEDICAL CENTER -,81 HIGHLAND AVENUE,SALEM,MA,01970,ESSEX,70.000000000000,17.500000000000,47.000000000000,11.750000000000,30.000000000000,7.500000000000,50.000000000000,12.500000000000,49.250000000000
2026,220036,BOSTON MEDICAL CENTER-BRIGHTON,736 CAMBRIDGE STREET,BRIGHTON,MA,02135,SUFFOLK,30.000000000000,7.500000000000,41.000000000000,10.250000000000,41.666666666667,10.416666666667,20.000000000000,5.000000000000,33.166666666667
2026,220046,BERKSHIRE MEDICAL CENTER,725 NORTH STREET,PITTSFIELD,MA,01201,BERKSHIRE,10.000000000000,2.500000000000,30.000000000000,7.500000000000,71.666666666667,17.916666666667,10.000000000000,2.500000000000,30.416666666667
2026,220049,UMASS MEMORIAL HEALTHCARE-MARLBOROUGH HOSPITAL,157 UNION STREET,MARLBOROUGH,MA,01752,MIDDLESEX,42.500000000000,10.625000000000,18.000000000000,4.500000000000,12.500000000000,3.125000000000,10.000000000000,2.500000000000,20.750000000000
2026,220052,SIGNATURE HEALTHCARE BROCKTON HOSPITAL,680 CENTER STREET,BROCKTON,MA,02302,PLYMOUTH,14.000000000000,3.500000000000,23.000000000000,5.750000000000,30.000000000000,7.500000000000,0.000000000000,0.000000000000,16.750000000000
2026,220060,BETH ISRAEL DEACONESS HOSPITAL PLYMOUTH,275 SANDWICH STREET,PLYMOUTH,MA,02360,PLYMOUTH,46.000000000000,11.500000000000,29.000000000000,7.250000000000,23.333333333333,5.833333333333,20.000000000000,5.000000000000,29.583333333333
2026,220063,LOWELL GENERAL HOSPITAL,295 VARNUM AVENUE,LOWELL,MA,01854,MIDDLESEX,22.000000000000,5.500000000000,34.000000000000,8.500000000000,13.333333333333,3.333333333333,0.000000000000,0.000000000000,17.333333333333
2026,220065,BAYSTATE NOBLE HOSPITAL,115 WEST SILVER STREET,WESTFIELD,MA,01086,HAMPDEN,13.333333333333,3.333333333333,20.000000000000,5.000000000000,5.000000000000,1.250000000000,30.000000000000,7.500000000000,17.083333333333
2026,220066,MERCY MEDICAL CTR,271 CAREW STREET,SPRINGFIELD,MA,01104,HAMPDEN,30.000000000000,7.500000000000,28.000000000000,7.000000000000,48.333333333333,12.083333333333,0.000000000000,0.000000000000,26.583333333333
2026,220070,MELROSEWAKEFIELD HEALTHCARE,585 LEBANON STREET,MELROSE,MA,02176,MIDDLESEX,26.000000000000,6.500000000000,37.000000000000,9.250000000000,71.666666666667,17.916666666667,0.000000000000,0.000000000000,33.666666666667
2026,220071,MASSACHUSETTS GENERAL HOSPITAL,55 FRUIT STREET,BOSTON,MA,02114,SUFFOLK,78.333333333333,19.583333333333,69.000000000000,17.250000000000,30.000000000000,7.500000000000,10.000000000000,2.500000000000,46.833333333333
2026,220073,BROWN UNIVERSITY HEALTH MORTON HOSPITAL,88 WASHINGTON STREET,TAUNTON,MA,02780,BRISTOL,30.000000000000,7.500000000000,24.000000000000,6.000000000000,36.666666666667,9.166666666667,0.000000000000,0.000000000000,22.666666666667
2026,220074,SOUTHCOAST HOSPITALS GROUP,363 HIGHLAND AVENUE,FALL RIVER,MA,02720,BRISTOL,13.333333333333,3.333333333333,24.000000000000,6.000000000000,38.333333333333,9.583333333333,0.000000000000,0.000000000000,18.916666666667
2026,220077,BAYSTATE MEDICAL CENTER,759 CHESTNUT STREET,SPRINGFIELD,MA,01199,HAMPDEN,26.666666666667,6.666666666667,11.000000000000,2.750000000000,13.333333333333,3.333333333333,0.000000000000,0.000000000000,12.750000000000
2026,220080,HOLY FAMILY HOSPITAL,70 EAST STREET,METHUEN,MA,01844,ESSEX,16.000000000000,4.000000000000,16.000000000000,4.000000000000,44.000000000000,11.000000000000,0.000000000000,0.000000000000,19.000000000000
2026,220083,BETH ISRAEL DEACONESS HOSPITAL - NEEDHAM,148 CHESTNUT STREET,NEEDHAM,MA,02494,NORFOLK,47.500000000000,11.875000000000,35.000000000000,8.750000000000,20.000000000000,5.000000000000,60.000000000000,15.000000000000,40.625000000000
2026,220084,EMERSON HOSPITAL -,133 OLD ROAD TO 9 ACRE CORNER,W CONCORD,MA,01742,MIDDLESEX,44.000000000000,11.000000000000,49.000000000000,12.250000000000,61.666666666667,15.416666666667,0.000000000000,0.000000000000,38.666666666667
2026,220086,BETH ISRAEL DEACONESS MEDICAL CENTER,330 BROOKLINE AVENUE,BOSTON,MA,02215,SUFFOLK,60.000000000000,15.000000000000,49.000000000000,12.250000000000,11.666666666667,2.916666666667,10.000000000000,2.500000000000,32.666666666667
2026,220090,MILFORD REGIONAL MEDICAL CENTER,14 PROSPECT STREET,MILFORD,MA,01757,WORCESTER,38.000000000000,9.500000000000,51.000000000000,12.750000000000,41.666666666667,10.416666666667,30.000000000000,7.500000000000,40.166666666667
2026,220095,HEYWOOD HOSPITAL -,242 GREEN STREET,GARDNER,MA,01440,WORCESTER,7.500000000000,1.875000000000,37.000000000000,9.250000000000,0.000000000000,0.000000000000,0.000000000000,0.000000000000,11.125000000000
2026,220100,SOUTH SHORE HOSPITAL,55 FOGG ROAD,SOUTH WEYMOUTH,MA,02190,NORFOLK,50.000000000000,12.500000000000,25.000000000000,6.250000000000,13.333333333333,3.333333333333,10.000000000000,2.500000000000,24.583333333333
2026,220101,NEWTON-WELLESLEY HOSPITAL,2014 WASHINGTON STREET,NEWTON,MA,02462,MIDDLESEX,54.000000000000,13.500000000000,42.000000000000,10.500000000000,26.666666666667,6.666666666667,60.000000000000,15.000000000000,45.666666666667
2026,220105,WINCHESTER HOSPITAL,41 HIGHLAND AVENUE,WINCHESTER,MA,01890,MIDDLESEX,50.000000000000,12.500000000000,35.000000000000,8.750000000000,46.666666666667,11.666666666667,40.000000000000,10.000000000000,42.916666666667
2026,220108,BETH ISRAEL DEACONESS HOSPITAL - MILTON,199 REEDSDALE ROAD,MILTON,MA,02186,NORFOLK,66.000000000000,16.500000000000,37.000000000000,9.250000000000,24.000000000000,6.000000000000,40.000000000000,10.000000000000,41.750000000000
2026,220110,BRIGHAM AND WOMEN'S HOSPITAL,75 FRANCIS STREET,BOSTON,MA,02115,SUFFOLK,83.333333333333,20.833333333333,59.000000000000,14.750000000000,18.333333333333,4.583333333333,10.000000000000,2.500000000000,42.666666666667
2026,220111,GOOD SAMARITAN MEDICAL CENTER,235 NORTH PEARL STREET,BROCKTON,MA,02301,PLYMOUTH,40.000000000000,10.000000000000,6.000000000000,1.500000000000,50.000000000000,12.500000000000,10.000000000000,2.500000000000,26.500000000000
2026,220116,TUFTS MEDICAL CENTER,800 WASHINGTON STREET,BOSTON,MA,02111,SUFFOLK,65.000000000000,16.250000000000,57.000000000000,14.250000000000,11.666666666667,2.916666666667,0.000000000000,0.000000000000,33.416666666667
2026,220119,BRIGHAM AND WOMEN FAULKNER HOSPITAL,1153 CENTRE STREET,JAMAICA PLAIN,MA,02130,SUFFOLK,76.000000000000,19.000000000000,47.000000000000,11.750000000000,42.000000000000,10.500000000000,60.000000000000,15.000000000000,56.250000000000
2026,220135,FALMOUTH HOSPITAL,67 & 100 TER HEUN DRIVE,FALMOUTH,MA,02540,BARNSTABLE,50.000000000000,12.500000000000,25.000000000000,6.250000000000,58.333333333333,14.583333333333,10.000000000000,2.500000000000,35.833333333333
2026,220163,UMASS MEMORIAL MEDICAL CENTER/UNIVERSITY CAMPUS,55 LAKE AVENUE NORTH,WORCESTER,MA,01655,WORCESTER,41.666666666667,10.416666666667,26.000000000000,6.500000000000,15.000000000000,3.750000000000,0.000000000000,0.000000000000,20.666666666667
2026,220171,"LAHEY HOSPITAL & MEDICAL CENTER, BURLINGTON",41 & 45 MALL ROAD,BURLINGTON,MA,01803,MIDDLESEX,46.666666666667,11.666666666667,34.000000000000,8.500000000000,16.666666666667,4.166666666667,20.000000000000,5.000000000000,29.333333333333
2026,220175,METROWEST MEDICAL CENTER,115 LINCOLN STREET,FRAMINGHAM,MA,01701,MIDDLESEX,35.000000000000,8.750000000000,7.000000000000,1.750000000000,23.333333333333,5.833333333333,10.000000000000,2.500000000000,18.833333333333
2026,220176,ST VINCENT HOSPITAL,123 SUMMER STREET,WORCESTER,MA,01608,WORCESTER,46.666666666667,11.666666666667,7.000000000000,1.750000000000,51.666666666667,12.916666666667,0.000000000000,0.000000000000,26.333333333333
2026,230002,ST JOE MERCY HOSPITAL SYSTEM LIVONIA,36475 FIVE MILE ROAD,LIVONIA,MI,48154,WAYNE,20.000000000000,5.000000000000,24.000000000000,6.000000000000,26.666666666667,6.666666666667,20.000000000000,5.000000000000,22.666666666667
2026,230003,COREWELL HEALTH ZEELAND HOSPITAL,8333 FELCH ST,ZEELAND,MI,49464,OTTAWA,10.000000000000,2.500000000000,68.000000000000,17.000000000000,65.000000000000,16.250000000000,80.000000000000,20.000000000000,55.750000000000
2026,230005,PROMEDICA CHARLES AND VIRGINIA HICKMAN HOSPITAL,5640 N ADRIAN HIGHWAY,ADRIAN,MI,49221,LENAWEE,5.000000000000,1.250000000000,38.000000000000,9.500000000000,50.000000000000,12.500000000000,50.000000000000,12.500000000000,35.750000000000
2026,230015,THREE RIVERS HEALTH,701 S HEALTH PARKWAY,THREE RIVERS,MI,49093,ST. JOSEPH,3.333333333333,1.111111111111,31.000000000000,10.333333333333,Not Available,Not Available,20.000000000000,6.666666666667,18.111111111111
2026,230017,BRONSON METHODIST HOSPITAL,601 JOHN STREET,KALAMAZOO,MI,49007,KALAMAZOO,6.666666666667,1.666666666667,41.000000000000,10.250000000000,33.333333333333,8.333333333333,40.000000000000,10.000000000000,30.250000000000
2026,230020,BEAUMONT HOSPITAL - DEARBORN,18101 OAKWOOD BLVD,DEARBORN,MI,48124,WAYNE,61.666666666667,15.416666666667,5.000000000000,1.250000000000,25.000000000000,6.250000000000,0.000000000000,0.000000000000,22.916666666667
2026,230021,"LAKELAND HOSPITAL, ST JOSEPH",1234 NAPIER AVENUE,ST JOSEPH,MI,49085,BERRIEN,18.000000000000,4.500000000000,20.000000000000,5.000000000000,35.000000000000,8.750000000000,30.000000000000,7.500000000000,25.750000000000
2026,230022,INSIGHT HOSPITAL AND MEDICAL CENTER COLDWATER,274 E CHICAGO ST,COLDWATER,MI,49036,BRANCH,6.666666666667,1.666666666667,41.000000000000,10.250000000000,33.333333333333,8.333333333333,50.000000000000,12.500000000000,32.750000000000
2026,230024,SINAI-GRACE HOSPITAL,6071 W OUTER DRIVE,DETROIT,MI,48235,WAYNE,5.000000000000,1.250000000000,5.000000000000,1.250000000000,43.333333333333,10.833333333333,0.000000000000,0.000000000000,13.333333333333
2026,230029,TRINITY HEALTH OAKLAND HOSPITAL,44405 WOODWARD AVE,PONTIAC,MI,48341,OAKLAND,18.333333333333,4.583333333333,18.000000000000,4.500000000000,13.333333333333,3.333333333333,0.000000000000,0.000000000000,12.416666666667
2026,230030,MYMICHIGAN MEDICAL CENTER ALMA,300 E WARWICK DR,ALMA,MI,48801,GRATIOT,6.666666666667,1.666666666667,63.000000000000,15.750000000000,56.666666666667,14.166666666667,50.000000000000,12.500000000000,44.083333333333
2026,230031,LAKE HURON MEDICAL CENTER,2601 ELECTRIC AVENUE,PORT HURON,MI,48060,ST. CLAIR,17.500000000000,4.375000000000,13.000000000000,3.250000000000,5.000000000000,1.250000000000,60.000000000000,15.000000000000,23.875000000000
2026,230035,SPECTRUM HEALTH UNITED HOSPITAL,615 S BOWER STREET,GREENVILLE,MI,48838,MONTCALM,16.666666666667,4.166666666667,69.000000000000,17.250000000000,5.000000000000,1.250000000000,80.000000000000,20.000000000000,42.666666666667
2026,230036,MYMICHIGAN MEDICAL CENTER ALPENA,1501 W CHISHOLM ST,ALPENA,MI,49707,ALPENA,16.000000000000,4.000000000000,71.000000000000,17.750000000000,2.500000000000,0.625000000000,30.000000000000,7.500000000000,29.875000000000
2026,230037,HILLSDALE HOSPITAL,168 S HOWELL STREET,HILLSDALE,MI,49242,HILLSDALE,12.500000000000,4.166666666667,61.000000000000,20.333333333333,Not Available,Not Available,80.000000000000,26.666666666667,51.166666666667
2026,230038,SPECTRUM HEALTH,100 MICHIGAN ST NE,GRAND RAPIDS,MI,49503,KENT,38.333333333333,9.583333333333,36.000000000000,9.000000000000,21.666666666667,5.416666666667,20.000000000000,5.000000000000,29.000000000000
2026,230046,UNIVERSITY OF MICHIGAN HEALTH SYSTEM,"1500 E MEDICAL CENTER DRIVE, SPC 5474",ANN ARBOR,MI,48109,WASHTENAW,55.000000000000,13.750000000000,55.000000000000,13.750000000000,20.000000000000,5.000000000000,40.000000000000,10.000000000000,42.500000000000
2026,230047,HENRY FORD MACOMB HOSPITAL,15855 NINETEEN MILE RD,CLINTON TOWNSHIP,MI,48038,MACOMB,26.000000000000,6.500000000000,30.000000000000,7.500000000000,46.666666666667,11.666666666667,10.000000000000,2.500000000000,28.166666666667
2026,230053,HENRY FORD HEALTH HOSPITAL,2799 W GRAND BLVD,DETROIT,MI,48202,WAYNE,28.000000000000,7.000000000000,29.000000000000,7.250000000000,45.000000000000,11.250000000000,20.000000000000,5.000000000000,30.500000000000
2026,230054,UPHS MARQUETTE DLP HOSPITAL,850 W BARAGA AVE,MARQUETTE,MI,49855,MARQUETTE,33.333333333333,8.333333333333,48.000000000000,12.000000000000,31.666666666667,7.916666666667,0.000000000000,0.000000000000,28.250000000000
2026,230055,DICKINSON COUNTY MEMORIAL HOSPITAL,1721 S STEPHENSON AVE,IRON MOUNTAIN,MI,49801,DICKINSON,3.333333333333,0.833333333333,27.000000000000,6.750000000000,57.500000000000,14.375000000000,30.000000000000,7.500000000000,29.458333333333
2026,230058,MUNSON HEALTHCARE GRAYLING HOSPITAL,1100 E MICHIGAN AVE,GRAYLING,MI,49738,CRAWFORD,0.000000000000,0.000000000000,62.000000000000,15.500000000000,15.000000000000,3.750000000000,90.000000000000,22.500000000000,41.750000000000
2026,230059,MERCY HEALTH SAINT MARY'S,200 JEFFERSON AVENUE SE,GRAND RAPIDS,MI,49503,KENT,22.000000000000,5.500000000000,57.000000000000,14.250000000000,10.000000000000,2.500000000000,60.000000000000,15.000000000000,37.250000000000
2026,230066,MERCY HEALTH MUSKEGON,1500 E SHERMAN BLVD,MUSKEGON,MI,49441,MUSKEGON,11.666666666667,2.916666666667,36.000000000000,9.000000000000,8.333333333333,2.083333333333,40.000000000000,10.000000000000,24.000000000000
2026,230069,TRINITY HEALTH LIVINGSTON HOSPITAL,620 BYRON RD,HOWELL,MI,48843,LIVINGSTON,23.333333333333,5.833333333333,61.000000000000,15.250000000000,20.000000000000,5.000000000000,60.000000000000,15.000000000000,41.083333333333
2026,230070,COVENANT MEDICAL CENTER,1447 N HARRISON,SAGINAW,MI,48602,SAGINAW,26.666666666667,6.666666666667,27.000000000000,6.750000000000,45.000000000000,11.250000000000,0.000000000000,0.000000000000,24.666666666667
2026,230072,HOLLAND COMMUNITY HOSPITAL,602 MICHIGAN AVE,HOLLAND,MI,49423,OTTAWA,18.000000000000,4.500000000000,60.000000000000,15.000000000000,46.666666666667,11.666666666667,80.000000000000,20.000000000000,51.166666666667
2026,230075,BRONSON BATTLE CREEK HOSPITAL,300 NORTH AVENUE,BATTLE CREEK,MI,49017,CALHOUN,12.500000000000,3.125000000000,40.000000000000,10.000000000000,28.333333333333,7.083333333333,30.000000000000,7.500000000000,27.708333333333
2026,230081,MUNSON HEALTHCARE CADILLAC HOSPITAL,400 HOBART ST,CADILLAC,MI,49601,WEXFORD,6.666666666667,1.666666666667,47.000000000000,11.750000000000,50.000000000000,12.500000000000,100.000000000000,25.000000000000,50.916666666667
2026,230089,BEAUMONT HOSPITAL - GROSSE POINTE,468 CADIEUX RD,GROSSE POINTE,MI,48230,WAYNE,50.000000000000,12.500000000000,16.000000000000,4.000000000000,46.666666666667,11.666666666667,40.000000000000,10.000000000000,38.166666666667
2026,230092,HENRY FORD ALLEGIANCE HEALTH,205 N EAST AVE,JACKSON,MI,49201,JACKSON,14.000000000000,3.500000000000,16.000000000000,4.000000000000,45.000000000000,11.250000000000,50.000000000000,12.500000000000,31.250000000000
2026,230093,COREWELL HEALTH BIG RAPIDS HOSPITAL,605 OAK STREET,BIG RAPIDS,MI,49307,MECOSTA,23.333333333333,5.833333333333,45.000000000000,11.250000000000,10.000000000000,2.500000000000,80.000000000000,20.000000000000,39.583333333333
2026,230095,MYMICHIGAN MEDICAL CENTER WEST BRANCH,2463 SOUTH M-30,WEST BRANCH,MI,48661,OGEMAW,5.000000000000,1.250000000000,74.000000000000,18.500000000000,55.000000000000,13.750000000000,30.000000000000,7.500000000000,41.000000000000
2026,230097,MUNSON MEDICAL CENTER,1105 SIXTH STREET,TRAVERSE CITY,MI,49684,GRAND TRAVERSE,20.000000000000,5.000000000000,39.000000000000,9.750000000000,23.333333333333,5.833333333333,50.000000000000,12.500000000000,33.083333333333
2026,230099,PROMEDICA MONROE REGIONAL HOSPITAL,718 N MACOMB ST,MONROE,MI,48162,MONROE,0.000000000000,0.000000000000,24.000000000000,6.000000000000,6.666666666667,1.666666666667,0.000000000000,0.000000000000,7.666666666667
2026,230104,HARPER UNIVERSITY HOSPITAL,3990 JOHN R STREET,DETROIT,MI,48201,WAYNE,26.000000000000,6.500000000000,7.000000000000,1.750000000000,16.666666666667,4.166666666667,20.000000000000,5.000000000000,17.416666666667
2026,230108,UP HEALTH SYSTEM PORTAGE,500 CAMPUS DRIVE,HANCOCK,MI,49930,HOUGHTON,15.000000000000,3.750000000000,97.000000000000,24.250000000000,75.000000000000,18.750000000000,100.000000000000,25.000000000000,71.750000000000
2026,230110,COREWELL HEALTH LUDINGTON HOSPITAL,ONE N ATKINSON DRIVE,LUDINGTON,MI,49431,MASON,30.000000000000,7.500000000000,74.000000000000,18.500000000000,5.000000000000,1.250000000000,100.000000000000,25.000000000000,52.250000000000
2026,230121,MEMORIAL HEALTHCARE,826 WEST KING STREET,OWOSSO,MI,48867,SHIAWASSEE,5.000000000000,1.250000000000,20.000000000000,5.000000000000,40.000000000000,10.000000000000,60.000000000000,15.000000000000,31.250000000000
2026,230130,BEAUMONT HOSPITAL ROYAL OAK,3601 W THIRTEEN MILE RD,ROYAL OAK,MI,48073,OAKLAND,45.000000000000,11.250000000000,14.000000000000,3.500000000000,23.333333333333,5.833333333333,0.000000000000,0.000000000000,20.583333333333
2026,230132,HURLEY MEDICAL CENTER,ONE HURLEY PLAZA,FLINT,MI,48503,GENESEE,16.000000000000,4.000000000000,22.000000000000,5.500000000000,35.000000000000,8.750000000000,20.000000000000,5.000000000000,23.250000000000
2026,230133,MUNSON HEALTHCARE OTSEGO MEMORIAL HOSPITAL,825 N CENTER AVE,GAYLORD,MI,49735,OTSEGO,0.000000000000,0.000000000000,37.000000000000,9.250000000000,83.333333333333,20.833333333333,80.000000000000,20.000000000000,50.083333333333
2026,230142,COREWELL HEALTH WAYNE HOSPITAL,33155 ANNAPOLIS AVE,WAYNE,MI,48184,WAYNE,22.500000000000,5.625000000000,8.000000000000,2.000000000000,58.000000000000,14.500000000000,0.000000000000,0.000000000000,22.125000000000
2026,230146,WYANDOTTE HOSPITAL AND MEDICAL CENTER,2333 BIDDLE AVE,WYANDOTTE,MI,48192,WAYNE,12.500000000000,3.125000000000,15.000000000000,3.750000000000,38.333333333333,9.583333333333,0.000000000000,0.000000000000,16.458333333333
2026,230151,BEAUMONT HOSPITAL - FARMINGTON HILLS,28050 GRAND RIVER AVENUE,FARMINGTON HILLS,MI,48336,OAKLAND,28.000000000000,7.000000000000,5.000000000000,1.250000000000,33.333333333333,8.333333333333,0.000000000000,0.000000000000,16.583333333333
2026,230156,TRINITY HEALTH ANN ARBOR HOSPITAL,5301 E HURON RIVER DR,ANN ARBOR,MI,48106,WASHTENAW,61.666666666667,15.416666666667,37.000000000000,9.250000000000,21.666666666667,5.416666666667,40.000000000000,10.000000000000,40.083333333333
2026,230174,TRINITY HEALTH GRAND HAVEN HOSPITAL,1309 SHELDON RD,GRAND HAVEN,MI,49417,OTTAWA,Not Available,Not Available,48.000000000000,16.000000000000,30.000000000000,10.000000000000,100.000000000000,33.333333333333,59.333333333333
2026,230176,COREWELL HEALTH TRENTON HOSPITAL,5450 FORT STREET,TRENTON,MI,48183,WAYNE,35.000000000000,8.750000000000,22.000000000000,5.500000000000,40.000000000000,10.000000000000,0.000000000000,0.000000000000,24.250000000000
2026,230180,MYMICHIGAN MEDICAL CENTER CLARE,703 N MCEWAN ST,CLARE,MI,48617,CLARE,0.000000000000,0.000000000000,41.000000000000,13.666666666667,Not Available,Not Available,80.000000000000,26.666666666667,40.333333333333
2026,230208,UNIVERSITY OF MICHIGAN HEALTH-SPARROW CARSON,406 EAST ELM ST,CARSON CITY,MI,48811,MONTCALM,20.000000000000,6.666666666667,88.000000000000,29.333333333333,Not Available,Not Available,80.000000000000,26.666666666667,62.666666666667
2026,230217,OAKLAWN HOSPITAL,200 N MADISON,MARSHALL,MI,49068,CALHOUN,0.000000000000,0.000000000000,73.000000000000,18.250000000000,42.500000000000,10.625000000000,80.000000000000,20.000000000000,48.875000000000
2026,230222,MYMICHIGAN MEDICAL CENTER MIDLAND,4000 WELLNESS DRIVE,MIDLAND,MI,48670,MIDLAND,18.333333333333,4.583333333333,53.000000000000,13.250000000000,31.666666666667,7.916666666667,20.000000000000,5.000000000000,30.750000000000
2026,230230,EDWARD W SPARROW HOSPITAL,1215 E MICHIGAN AVENUE,LANSING,MI,48912,INGHAM,12.000000000000,3.000000000000,20.000000000000,5.000000000000,16.666666666667,4.166666666667,20.000000000000,5.000000000000,17.166666666667
2026,230236,UNIVERSITY OF MICHIGAN HEALTH - WEST,"5900 BYRON CENTER AVENUE, SW",WYOMING,MI,49519,KENT,22.000000000000,5.500000000000,41.000000000000,10.250000000000,30.000000000000,7.500000000000,20.000000000000,5.000000000000,28.250000000000
2026,230239,CHIPPEWA COUNTY WAR MEMORIAL HOSPITAL,500 OSBORN BLVD,SAULT STE MARIE,MI,49783,CHIPPEWA,10.000000000000,2.500000000000,60.000000000000,15.000000000000,50.000000000000,12.500000000000,90.000000000000,22.500000000000,52.500000000000
2026,230244,GARDEN CITY HOSPITAL,6245 INKSTER RD,GARDEN CITY,MI,48135,WAYNE,20.000000000000,5.000000000000,9.000000000000,2.250000000000,64.000000000000,16.000000000000,0.000000000000,0.000000000000,23.250000000000
2026,230259,CHELSEA HOSPITAL,775 S MAIN ST,CHELSEA,MI,48118,WASHTENAW,12.500000000000,3.125000000000,83.000000000000,20.750000000000,27.500000000000,6.875000000000,100.000000000000,25.000000000000,55.750000000000
2026,230269,"BEAUMONT HOSPITAL, TROY",44201 DEQUINDRE ROAD,TROY,MI,48085,OAKLAND,41.666666666667,10.416666666667,19.000000000000,4.750000000000,26.666666666667,6.666666666667,10.000000000000,2.500000000000,24.333333333333
2026,230270,BEAUMONT HOSPITAL - TAYLOR,10000 TELEGRAPH ROAD,TAYLOR,MI,48180,WAYNE,12.500000000000,3.125000000000,8.000000000000,2.000000000000,26.000000000000,6.500000000000,0.000000000000,0.000000000000,11.625000000000
2026,230273,DETROIT RECEIVING HOSPITAL,4201 ST ANTOINE ST,DETROIT,MI,48201,WAYNE,2.500000000000,0.625000000000,9.000000000000,2.250000000000,28.333333333333,7.083333333333,20.000000000000,5.000000000000,14.958333333333
2026,230277,HURON VALLEY-SINAI HOSPITAL,ONE WILLIAM CARLS DRIVE,COMMERCE TOWNSHIP,MI,48382,OAKLAND,42.000000000000,10.500000000000,16.000000000000,4.000000000000,33.333333333333,8.333333333333,30.000000000000,7.500000000000,30.333333333333
2026,230302,HENRY FORD HEALTH WEST BLOOMFIELD HOSPITAL,6777 WEST MAPLE ROAD,W BLOOMFIELD,MI,48322,OAKLAND,25.000000000000,6.250000000000,27.000000000000,6.750000000000,33.333333333333,8.333333333333,60.000000000000,15.000000000000,36.333333333333
2026,230303,MUNSON HEALTHCARE MANISTEE HOSPITAL,1465 E PARKDALE AVE,MANISTEE,MI,49660,MANISTEE,15.000000000000,5.000000000000,46.000000000000,15.333333333333,Not Available,Not Available,100.000000000000,33.333333333333,53.666666666667
2026,240001,NORTH MEMORIAL HEALTH HOSPITAL,3300 OAKDALE NORTH,ROBBINSDALE,MN,55422,HENNEPIN,10.000000000000,2.500000000000,35.000000000000,8.750000000000,26.666666666667,6.666666666667,30.000000000000,7.500000000000,25.416666666667
2026,240002,ESSENTIA HEALTH ST MARY'S MEDICAL CENTER,402 EAST SECOND STREET,DULUTH,MN,55805,ST. LOUIS,60.000000000000,15.000000000000,48.000000000000,12.000000000000,41.666666666667,10.416666666667,0.000000000000,0.000000000000,37.416666666667
2026,240004,HENNEPIN COUNTY MEDICAL CENTER,701 PARK AVENUE,MINNEAPOLIS,MN,55415,HENNEPIN,50.000000000000,12.500000000000,19.000000000000,4.750000000000,30.000000000000,7.500000000000,10.000000000000,2.500000000000,27.250000000000
2026,240006,OLMSTED MEDICAL CENTER,1650 FOURTH STREET SOUTHEAST,ROCHESTER,MN,55904,OLMSTED,36.666666666667,9.166666666667,49.000000000000,12.250000000000,0.000000000000,0.000000000000,100.000000000000,25.000000000000,46.416666666667
2026,240010,MAYO CLINIC HOSPITAL ROCHESTER,1216 SECOND STREET SOUTHWEST,ROCHESTER,MN,55902,OLMSTED,96.666666666667,24.166666666667,85.000000000000,21.250000000000,16.666666666667,4.166666666667,30.000000000000,7.500000000000,57.083333333333
2026,240014,NORTHFIELD HOSPITAL,2000 NORTH AVENUE,NORTHFIELD,MN,55057,RICE,10.000000000000,2.500000000000,78.000000000000,19.500000000000,55.000000000000,13.750000000000,80.000000000000,20.000000000000,55.750000000000
2026,240018,MAYO CLINIC HEALTH SYSTEM IN RED WING,701 HEWITT BOULEVARD,RED WING,MN,55066,GOODHUE,45.000000000000,11.250000000000,62.000000000000,15.500000000000,30.000000000000,7.500000000000,100.000000000000,25.000000000000,59.250000000000
2026,240020,CAMBRIDGE MEDICAL CENTER,701 SOUTH DELLWOOD AVENUE,CAMBRIDGE,MN,55008,ISANTI,10.000000000000,2.500000000000,60.000000000000,15.000000000000,0.000000000000,0.000000000000,100.000000000000,25.000000000000,42.500000000000
2026,240022,SANFORD WORTHINGTON MEDICAL CENTER,1018 SIXTH AVENUE PO BOX 997,WORTHINGTON,MN,56187,NOBLES,0.000000000000,0.000000000000,70.000000000000,23.333333333333,Not Available,Not Available,60.000000000000,20.000000000000,43.333333333333
2026,240030,ALOMERE HEALTH,111 17TH AVENUE EAST,ALEXANDRIA,MN,56308,DOUGLAS,7.500000000000,1.875000000000,48.000000000000,12.000000000000,53.333333333333,13.333333333333,60.000000000000,15.000000000000,42.208333333333
2026,240036,ST CLOUD HOSPITAL,1406 6TH AVE NORTH,SAINT CLOUD,MN,56303,STEARNS,36.666666666667,9.166666666667,43.000000000000,10.750000000000,28.333333333333,7.083333333333,30.000000000000,7.500000000000,34.500000000000
2026,240038,ALLINA UNITED HOSPITAL,333 NORTH SMITH AVENUE,SAINT PAUL,MN,55102,RAMSEY,15.000000000000,3.750000000000,20.000000000000,5.000000000000,26.666666666667,6.666666666667,20.000000000000,5.000000000000,20.416666666667
2026,240040,RANGE REGIONAL HEALTH SERVICES,750 EAST 34TH ST,HIBBING,MN,55746,ST. LOUIS,30.000000000000,7.500000000000,65.000000000000,16.250000000000,20.000000000000,5.000000000000,60.000000000000,15.000000000000,43.750000000000
2026,240043,MAYO CLINIC HEALTH SYSTEM - ALBERT LEA AND AUSTIN,404 WEST FOUNTAIN STREET,ALBERT LEA,MN,56007,FREEBORN,52.500000000000,13.125000000000,43.000000000000,10.750000000000,33.333333333333,8.333333333333,80.000000000000,20.000000000000,52.208333333333
2026,240044,WINONA HEALTH SERVICES,855 MANKATO AVENUE,WINONA,MN,55987,WINONA,0.000000000000,0.000000000000,54.000000000000,13.500000000000,0.000000000000,0.000000000000,80.000000000000,20.000000000000,33.500000000000
2026,240047,ST LUKES HOSPITAL,915 EAST 1ST STREET,DULUTH,MN,55805,ST. LOUIS,13.333333333333,3.333333333333,36.000000000000,9.000000000000,16.666666666667,4.166666666667,20.000000000000,5.000000000000,21.500000000000
2026,240050,FAIRVIEW LAKES HEALTH SERVICES,5200 FAIRVIEW BOULEVARD,WYOMING,MN,55092,CHISAGO,3.333333333333,0.833333333333,38.000000000000,9.500000000000,35.000000000000,8.750000000000,60.000000000000,15.000000000000,34.083333333333
2026,240052,LAKE REGION HEALTHCARE CORPORATION,712 SOUTH CASCADE STREET,FERGUS FALLS,MN,56537,OTTER TAIL,6.666666666667,1.666666666667,79.000000000000,19.750000000000,25.000000000000,6.250000000000,70.000000000000,17.500000000000,45.166666666667
2026,240053,PARK NICOLLET METHODIST HOSPITAL,6500 EXCELSIOR BLVD,SAINT LOUIS PARK,MN,55426,HENNEPIN,11.666666666667,2.916666666667,59.000000000000,14.750000000000,36.666666666667,9.166666666667,50.000000000000,12.500000000000,39.333333333333
2026,240056,RIDGEVIEW MEDICAL CENTER,500 SOUTH MAPLE STREET,WACONIA,MN,55387,CARVER,78.000000000000,19.500000000000,54.000000000000,13.500000000000,68.333333333333,17.083333333333,40.000000000000,10.000000000000,60.083333333333
2026,240057,ABBOTT NORTHWESTERN HOSPITAL,800 EAST 28TH STREET,MINNEAPOLIS,MN,55407,HENNEPIN,35.000000000000,8.750000000000,32.000000000000,8.000000000000,20.000000000000,5.000000000000,20.000000000000,5.000000000000,26.750000000000
2026,240064,GRAND ITASCA CLINIC AND HOSPITAL,1601 GOLF COURSE ROAD,GRAND RAPIDS,MN,55744,ITASCA,15.000000000000,3.750000000000,63.000000000000,15.750000000000,85.000000000000,21.250000000000,100.000000000000,25.000000000000,65.750000000000
2026,240066,LAKEVIEW MEMORIAL HOSPITAL,927 WEST CHURCHILL STREET,STILLWATER,MN,55082,WASHINGTON,12.000000000000,3.000000000000,82.000000000000,20.500000000000,58.000000000000,14.500000000000,50.000000000000,12.500000000000,50.500000000000
2026,240069,OWATONNA HOSPITAL,2250 26TH STREET NORTHWEST,OWATONNA,MN,55060,STEELE,12.500000000000,3.125000000000,55.000000000000,13.750000000000,50.000000000000,12.500000000000,60.000000000000,15.000000000000,44.375000000000
2026,240071,ALLINA HEALTH FARIBAULT MEDICAL CENTER,200 STATE AVENUE,FARIBAULT,MN,55021,RICE,0.000000000000,0.000000000000,70.000000000000,23.333333333333,Not Available,Not Available,50.000000000000,16.666666666667,40.000000000000
2026,240075,ESSENTIA HEALTH ST JOSEPH'S MEDICAL CENTER,523 NORTH 3RD STREET,BRAINERD,MN,56401,CROW WING,10.000000000000,2.500000000000,52.000000000000,13.000000000000,56.000000000000,14.000000000000,100.000000000000,25.000000000000,54.500000000000
2026,240076,BUFFALO HOSPITAL,303 CATLIN STREET,BUFFALO,MN,55313,WRIGHT,26.666666666667,6.666666666667,69.000000000000,17.250000000000,20.000000000000,5.000000000000,80.000000000000,20.000000000000,48.916666666667
2026,240078,M HEALTH FAIRVIEW SOUTHDALE HOSPITAL,6401 FRANCE AVENUE SOUTH,EDINA,MN,55435,HENNEPIN,68.333333333333,17.083333333333,19.000000000000,4.750000000000,31.666666666667,7.916666666667,50.000000000000,12.500000000000,42.250000000000
2026,240084,ESSENTIA HEALTH VIRGINIA,901 9TH STREET NORTH,VIRGINIA,MN,55792,ST. LOUIS,Not Available,Not Available,50.000000000000,16.666666666667,76.666666666667,25.555555555556,50.000000000000,16.666666666667,58.888888888889
2026,240088,CENTRACARE- RICE MEMORIAL HOSPITAL,301 BECKER AVE SW,WILLMAR,MN,56201,KANDIYOHI,60.000000000000,15.000000000000,37.000000000000,9.250000000000,0.000000000000,0.000000000000,90.000000000000,22.500000000000,46.750000000000
2026,240093,MAYO CLINIC HEALTH SYSTEM - MANKATO,1025 MARSH STREET,MANKATO,MN,56002,BLUE EARTH,80.000000000000,20.000000000000,42.000000000000,10.500000000000,16.666666666667,4.166666666667,30.000000000000,7.500000000000,42.166666666667
2026,240100,SANFORD BEMIDJI MEDICAL CENTER,1300 ANNE ST NW,BEMIDJI,MN,56601,BELTRAMI,32.500000000000,8.125000000000,20.000000000000,5.000000000000,26.000000000000,6.500000000000,70.000000000000,17.500000000000,37.125000000000
2026,240101,ESSENTIA HEALTH ST MARYS - DETROIT LAKES,1027 WASHINGTON AVE,DETROIT LAKES,MN,56501,BECKER,23.333333333333,5.833333333333,46.000000000000,11.500000000000,15.000000000000,3.750000000000,100.000000000000,25.000000000000,46.083333333333
2026,240104,ST FRANCIS REGIONAL MEDICAL CENTER,1455 ST FRANCIS AVENUE,SHAKOPEE,MN,55379,SCOTT,17.500000000000,4.375000000000,27.000000000000,6.750000000000,24.000000000000,6.000000000000,70.000000000000,17.500000000000,34.625000000000
2026,240141,FAIRVIEW NORTHLAND REGIONAL HOSPITAL,911 NORTHLAND DRIVE,PRINCETON,MN,55371,MILLE LACS,30.000000000000,7.500000000000,56.000000000000,14.000000000000,30.000000000000,7.500000000000,70.000000000000,17.500000000000,46.500000000000
2026,240166,MAYO CLINIC HEALTH SYSTEM - FAIRMONT,800 MEDICAL CENTER DRIVE,FAIRMONT,MN,56031,MARTIN,43.333333333333,10.833333333333,83.000000000000,20.750000000000,85.000000000000,21.250000000000,100.000000000000,25.000000000000,77.833333333333
2026,240187,HUTCHINSON HEALTH,1095 HIGHWAY 15 SOUTH,HUTCHINSON,MN,55350,MCLEOD,25.000000000000,6.250000000000,77.000000000000,19.250000000000,5.000000000000,1.250000000000,70.000000000000,17.500000000000,44.250000000000
2026,240207,M HEALTH FAIRVIEW RIDGES HOSPITAL,201 EAST NICOLLET BOULEVARD,BURNSVILLE,MN,55337,DAKOTA,30.000000000000,7.500000000000,16.000000000000,4.000000000000,10.000000000000,2.500000000000,70.000000000000,17.500000000000,31.500000000000
2026,240210,M HEALTH FAIRVIEW ST JOHN'S HOSPITAL,1575 BEAM AVENUE,MAPLEWOOD,MN,55109,RAMSEY,50.000000000000,12.500000000000,13.000000000000,3.250000000000,41.666666666667,10.416666666667,40.000000000000,10.000000000000,36.166666666667
2026,240213,M HEALTH FAIRVIEW WOODWINDS HOSPITAL,1925 WOODWINDS DRIVE,WOODBURY,MN,55125,WASHINGTON,27.500000000000,6.875000000000,21.000000000000,5.250000000000,52.000000000000,13.000000000000,60.000000000000,15.000000000000,40.125000000000
2026,240214,MAPLE GROVE HOSPITAL,9875 HOSPITAL DRIVE,MAPLE GROVE,MN,55369,HENNEPIN,35.000000000000,8.750000000000,55.000000000000,13.750000000000,60.000000000000,15.000000000000,90.000000000000,22.500000000000,60.000000000000
2026,250001,UNIVERSITY OF MISSISSIPPI MED CENTER,2500 N STATE ST,JACKSON,MS,39216,HINDS,50.000000000000,12.500000000000,54.000000000000,13.500000000000,25.000000000000,6.250000000000,10.000000000000,2.500000000000,34.750000000000
2026,250004,NORTH MISSISSIPPI MEDICAL CENTER,830 S GLOSTER STREET,TUPELO,MS,38801,LEE,1.666666666667,0.416666666667,34.000000000000,8.500000000000,30.000000000000,7.500000000000,0.000000000000,0.000000000000,16.416666666667
2026,250006,BAPTIST MEMORIAL HOSPITAL UNION COUNTY,200 HWY 30 WEST,NEW ALBANY,MS,38652,UNION,10.000000000000,2.500000000000,84.000000000000,21.000000000000,75.000000000000,18.750000000000,10.000000000000,2.500000000000,44.750000000000
2026,250007,Memorial Hospital Biloxi,150 REYNOIR STREET,BILOXI,MS,39530,HARRISON,0.000000000000,0.000000000000,12.000000000000,3.000000000000,33.333333333333,8.333333333333,20.000000000000,5.000000000000,16.333333333333
2026,250009,MAGNOLIA REGIONAL HEALTH CENTER,611 ALCORN DRIVE,CORINTH,MS,38834,ALCORN,11.666666666667,2.916666666667,71.000000000000,17.750000000000,21.666666666667,5.416666666667,30.000000000000,7.500000000000,33.583333333333
2026,250019,MEMORIAL HOSPITAL AT GULFPORT,4500 13TH STREET,GULFPORT,MS,39502,HARRISON,6.666666666667,1.666666666667,32.000000000000,8.000000000000,36.666666666667,9.166666666667,0.000000000000,0.000000000000,18.833333333333
2026,250020,WEBSTER GENERAL HOSPITAL/ SWING BED,70 MEDICAL PLAZA,EUPORA,MS,39744,WEBSTER,0.000000000000,0.000000000000,Not Available,Not Available,80.000000000000,26.666666666667,70.000000000000,23.333333333333,50.000000000000
2026,250025,NORTH MISSISSIPPI MEDICAL CENTER-GILMORE AMORY,1105 EARL FRYE BLVD,AMORY,MS,38821,MONROE,3.333333333333,0.833333333333,76.000000000000,19.000000000000,35.000000000000,8.750000000000,20.000000000000,5.000000000000,33.583333333333
2026,250031,MERIT HEALTH RIVER REGION,2100 HWY 61 N,VICKSBURG,MS,39183,WARREN,36.000000000000,9.000000000000,22.000000000000,5.500000000000,65.000000000000,16.250000000000,20.000000000000,5.000000000000,35.750000000000
2026,250034,BAPTIST MEMORIAL HOSPITAL NORTH MS,1100 BELK BLVD,OXFORD,MS,38655,LAFAYETTE,23.333333333333,5.833333333333,58.000000000000,14.500000000000,70.000000000000,17.500000000000,20.000000000000,5.000000000000,42.833333333333
2026,250036,GEORGE REGIONAL HEALTH SYSTEM,859 WINTER STREET,LUCEDALE,MS,39452,GEORGE,10.000000000000,2.500000000000,61.000000000000,15.250000000000,50.000000000000,12.500000000000,50.000000000000,12.500000000000,42.750000000000
2026,250038,MERIT HEALTH MADISON,161 RIVER OAKS DRIVE,CANTON,MS,39046,MADISON,0.000000000000,0.000000000000,78.000000000000,19.500000000000,50.000000000000,12.500000000000,20.000000000000,5.000000000000,37.000000000000
2026,250040,SINGING RIVER HEALTH SYSTEM,2809 DENNY AV,PASCAGOULA,MS,39581,JACKSON,8.333333333333,2.083333333333,34.000000000000,8.500000000000,38.333333333333,9.583333333333,0.000000000000,0.000000000000,20.166666666667
2026,250044,BAPTIST MEMORIAL HOSPITAL BOONEVILLE,100 HOSPITAL STREET,BOONEVILLE,MS,38829,PRENTISS,0.000000000000,0.000000000000,Not Available,Not Available,25.000000000000,8.333333333333,40.000000000000,13.333333333333,21.666666666667
2026,250048,ST DOMINIC-JACKSON MEMORIAL HOSPITAL,969 LAKELAND DR,JACKSON,MS,39216,HINDS,13.333333333333,3.333333333333,27.000000000000,6.750000000000,28.333333333333,7.083333333333,10.000000000000,2.500000000000,19.666666666667
2026,250050,OCH REGIONAL MEDICAL CENTER,400 HOSPITAL ROAD /MAIL PO BOX 1506,STARKVILLE,MS,39759,OKTIBBEHA,5.000000000000,1.250000000000,28.000000000000,7.000000000000,70.000000000000,17.500000000000,0.000000000000,0.000000000000,25.750000000000
2026,250057,KING'S DAUGHTERS MEDICAL CENTER-BROOKHAVEN,P O BOX 948/427 HIGHWAY 51 NORTH,BROOKHAVEN,MS,39601,LINCOLN,0.000000000000,0.000000000000,63.000000000000,15.750000000000,35.000000000000,8.750000000000,10.000000000000,2.500000000000,27.000000000000
2026,250058,SOUTH CENTRAL REG MED CTR,1220 JEFFERSON ST BOX 607,LAUREL,MS,39440,JONES,10.000000000000,2.500000000000,25.000000000000,6.250000000000,18.333333333333,4.583333333333,10.000000000000,2.500000000000,15.833333333333
2026,250067,CLAY COUNTY MEDICAL CORPORATION,150 MEDICAL CENTER DRIVE,WEST POINT,MS,39773,CLAY,5.000000000000,1.666666666667,Not Available,Not Available,15.000000000000,5.000000000000,80.000000000000,26.666666666667,33.333333333333
2026,250069,OCHSNER RUSH HOSPITAL,1314 19TH AVE,MERIDIAN,MS,39301,LAUDERDALE,4.000000000000,1.000000000000,51.000000000000,12.750000000000,73.333333333333,18.333333333333,30.000000000000,7.500000000000,39.583333333333
2026,250072,MERIT HEALTH CENTRAL,1850 CHADWICK DR,JACKSON,MS,39204,HINDS,16.666666666667,5.555555555556,Not Available,Not Available,70.000000000000,23.333333333333,50.000000000000,16.666666666667,45.555555555556
2026,250077,WAYNE GENERAL HOSPITAL,950 MATTHEW DR,WAYNESBORO,MS,39367,WAYNE,0.000000000000,0.000000000000,Not Available,Not Available,53.333333333333,17.777777777778,90.000000000000,30.000000000000,47.777777777778
2026,250078,FORREST GENERAL HOSPITAL,6051 US HIGHWAY 49,HATTIESBURG,MS,39401,FORREST,13.333333333333,3.333333333333,48.000000000000,12.000000000000,15.000000000000,3.750000000000,0.000000000000,0.000000000000,19.083333333333
2026,250082,DELTA HEALTH SYSTEM - THE MEDICAL CENTER,1400 E UNION ST,GREENVILLE,MS,38701,WASHINGTON,0.000000000000,0.000000000000,27.000000000000,6.750000000000,75.000000000000,18.750000000000,10.000000000000,2.500000000000,28.000000000000
2026,250084,MERIT HEALTH NATCHEZ,52 SERGEANT PRENTISS DRIVE,NATCHEZ,MS,39120,ADAMS,3.333333333333,0.833333333333,31.000000000000,7.750000000000,13.333333333333,3.333333333333,10.000000000000,2.500000000000,14.416666666667
2026,250085,MARION GENERAL HOSPITAL,1560 SUMRALL RD,COLUMBIA,MS,39429,MARION,0.000000000000,0.000000000000,Not Available,Not Available,15.000000000000,5.000000000000,30.000000000000,10.000000000000,15.000000000000
2026,250093,BOLIVAR MEDICAL CENTER,901 E SUNFLOWER RD,CLEVELAND,MS,38732,BOLIVAR,0.000000000000,0.000000000000,35.000000000000,8.750000000000,33.333333333333,8.333333333333,30.000000000000,7.500000000000,24.583333333333
2026,250094,MERIT HEALTH WESLEY,5001 W HARDY ST,HATTIESBURG,MS,39402,LAMAR,0.000000000000,0.000000000000,35.000000000000,8.750000000000,58.333333333333,14.583333333333,10.000000000000,2.500000000000,25.833333333333
2026,250097,SOUTHWEST MS REGIONAL MEDICAL CENTER,215 MARION AV BOX 1307,MCCOMB,MS,39649,PIKE,12.500000000000,3.125000000000,37.000000000000,9.250000000000,42.000000000000,10.500000000000,0.000000000000,0.000000000000,22.875000000000
2026,250100,BMH-GOLDEN TRIANGLE,2520 5TH STREET N,COLUMBUS,MS,39705,LOWNDES,26.000000000000,6.500000000000,81.000000000000,20.250000000000,50.000000000000,12.500000000000,20.000000000000,5.000000000000,44.250000000000
2026,250102,MISSISSIPPI BAPTIST MEDICAL CENTER,1225 N STATE ST,JACKSON,MS,39202,HINDS,10.000000000000,2.500000000000,38.000000000000,9.500000000000,20.000000000000,5.000000000000,10.000000000000,2.500000000000,19.500000000000
2026,250104,ANDERSON REGIONAL MEDICAL CENTER,2124 14TH STREET,MERIDIAN,MS,39301,LAUDERDALE,21.666666666667,5.416666666667,16.000000000000,4.000000000000,36.666666666667,9.166666666667,10.000000000000,2.500000000000,21.083333333333
2026,250117,HIGHLAND COMMUNITY  HOSPITAL,130 HIGHLAND PKWY,PICAYUNE,MS,39466,PEARL RIVER,13.333333333333,4.444444444444,Not Available,Not Available,53.333333333333,17.777777777778,0.000000000000,0.000000000000,22.222222222222
2026,250123,SINGING RIVER GULFPORT,15200 COMMUNITY ROAD,GULFPORT,MS,39503,HARRISON,0.000000000000,0.000000000000,54.000000000000,13.500000000000,61.666666666667,15.416666666667,10.000000000000,2.500000000000,31.416666666667
2026,250138,MERIT HEALTH RIVER OAKS,1030 RIVER OAKS DRIVE,FLOWOOD,MS,39232,RANKIN,0.000000000000,0.000000000000,12.000000000000,3.000000000000,64.000000000000,16.000000000000,0.000000000000,0.000000000000,19.000000000000
2026,250141,BAPTIST MEMORIAL HOSPITAL DESOTO,7601 SOUTHCREST PARKWAY,SOUTHAVEN,MS,38671,DESOTO,26.000000000000,6.500000000000,20.000000000000,5.000000000000,16.666666666667,4.166666666667,0.000000000000,0.000000000000,15.666666666667
2026,250162,OCHSNER MEDICAL CENTER-HANCOCK,149 DRINKWATER BLVD,BAY SAINT LOUIS,MS,39520,HANCOCK,20.000000000000,5.000000000000,49.000000000000,12.250000000000,50.000000000000,12.500000000000,70.000000000000,17.500000000000,47.250000000000
2026,250167,METHODIST HEALTHCARE - OLIVE BRANCH HOSPITAL,4250 BETHEL ROAD,OLIVE BRANCH,MS,38654,DESOTO,17.500000000000,4.375000000000,27.000000000000,6.750000000000,90.000000000000,22.500000000000,100.000000000000,25.000000000000,58.625000000000
2026,250168,UNIVERSITY OF MISSISSIPPI MEDICAL CENTER- GRENADA,960 AVENT DRIVE,GRENADA,MS,38901,GRENADA,10.000000000000,2.500000000000,63.000000000000,15.750000000000,10.000000000000,2.500000000000,0.000000000000,0.000000000000,20.750000000000
2026,260001,MERCY HOSPITAL JOPLIN,100 MERCY WAY,JOPLIN,MO,64804,JASPER,0.000000000000,0.000000000000,32.000000000000,8.000000000000,31.666666666667,7.916666666667,20.000000000000,5.000000000000,20.916666666667
2026,260005,SSM ST JOSEPH HEALTH CENTER,300 1ST CAPITOL DR,SAINT CHARLES,MO,63301,ST. CHARLES,37.500000000000,9.375000000000,27.000000000000,6.750000000000,33.333333333333,8.333333333333,0.000000000000,0.000000000000,24.458333333333
2026,260006,MOSAIC LIFE CARE AT ST JOSEPH,5325 FARAON STREET,SAINT JOSEPH,MO,64506,BUCHANAN,56.000000000000,14.000000000000,26.000000000000,6.500000000000,33.333333333333,8.333333333333,0.000000000000,0.000000000000,28.833333333333
2026,260009,BOTHWELL REGIONAL HEALTH CENTER,601 E 14TH ST,SEDALIA,MO,65301,PETTIS,26.666666666667,6.666666666667,50.000000000000,12.500000000000,86.000000000000,21.500000000000,70.000000000000,17.500000000000,58.166666666667
2026,260011,SSM HEALTH ST. MARY'S HOSPITAL - JEFFERSON CITY,2505 MISSION DRIVE,JEFFERSON CITY,MO,65109,COLE,18.000000000000,4.500000000000,49.000000000000,12.250000000000,54.000000000000,13.500000000000,40.000000000000,10.000000000000,40.250000000000
2026,260017,PHELPS COUNTY REGIONAL MEDICAL CENTER,1000 W 10TH ST,ROLLA,MO,65401,PHELPS,14.000000000000,3.500000000000,30.000000000000,7.500000000000,30.000000000000,7.500000000000,20.000000000000,5.000000000000,23.500000000000
2026,260020,MERCY HOSPITAL ST LOUIS,615 NEW BALLAS ROAD,SAINT LOUIS,MO,63141,ST. LOUIS,41.666666666667,10.416666666667,33.000000000000,8.250000000000,51.666666666667,12.916666666667,0.000000000000,0.000000000000,31.583333333333
2026,260022,NORTHEAST REGIONAL MEDICAL CENTER,315 S OSTEOPATHY,KIRKSVILLE,MO,63501,ADAIR,20.000000000000,5.000000000000,9.000000000000,2.250000000000,20.000000000000,5.000000000000,10.000000000000,2.500000000000,14.750000000000
2026,260023,MERCY HOSPITAL JEFFERSON,1400 US HIGHWAY 61,CRYSTAL CITY,MO,63019,JEFFERSON,2.000000000000,0.500000000000,62.000000000000,15.500000000000,43.333333333333,10.833333333333,20.000000000000,5.000000000000,31.833333333333
2026,260024,TEXAS COUNTY MEMORIAL HOSPITAL,1333 SAM HOUSTON BOULEVARD,HOUSTON,MO,65483,TEXAS,0.000000000000,0.000000000000,81.000000000000,20.250000000000,50.000000000000,12.500000000000,50.000000000000,12.500000000000,45.250000000000
2026,260025,HANNIBAL REGIONAL HOSPITAL,6000 HOSPITAL DR,HANNIBAL,MO,63401,MARION,14.000000000000,3.500000000000,27.000000000000,6.750000000000,50.000000000000,12.500000000000,20.000000000000,5.000000000000,27.750000000000
2026,260027,RESEARCH MEDICAL CENTER,2316 E MEYER BLVD,KANSAS CITY,MO,64132,JACKSON,20.000000000000,5.000000000000,11.000000000000,2.750000000000,25.000000000000,6.250000000000,0.000000000000,0.000000000000,14.000000000000
2026,260032,BARNES JEWISH HOSPITAL,ONE BARNES-JEWISH HOSPITAL PLAZA,SAINT LOUIS,MO,63110,ST. LOUIS,35.000000000000,8.750000000000,52.000000000000,13.000000000000,15.000000000000,3.750000000000,0.000000000000,0.000000000000,25.500000000000
2026,260040,COX MEDICAL CENTERS,3801 SOUTH NATIONAL AVENUE,SPRINGFIELD,MO,65807,GREENE,30.000000000000,7.500000000000,19.000000000000,4.750000000000,30.000000000000,7.500000000000,20.000000000000,5.000000000000,24.750000000000
2026,260048,TRUMAN MEDICAL CENTER HOSPITAL HILL,2301 HOLMES STREET,KANSAS CITY,MO,64108,JACKSON,5.000000000000,1.250000000000,16.000000000000,4.000000000000,40.000000000000,10.000000000000,20.000000000000,5.000000000000,20.250000000000
2026,260052,MERCY HOSPITAL WASHINGTON,901 EAST 5TH STREET,WASHINGTON,MO,63090,FRANKLIN,10.000000000000,2.500000000000,23.000000000000,5.750000000000,30.000000000000,7.500000000000,10.000000000000,2.500000000000,18.250000000000
2026,260057,CAMERON REGIONAL MEDICAL CENTER,1600 E EVERGREEN,CAMERON,MO,64429,CLINTON,2.500000000000,0.625000000000,36.000000000000,9.000000000000,0.000000000000,0.000000000000,50.000000000000,12.500000000000,22.125000000000
2026,260059,MERCY HOSPITAL LEBANON,100 HOSPITAL DRIVE,LEBANON,MO,65536,LACLEDE,20.000000000000,5.000000000000,50.000000000000,12.500000000000,85.000000000000,21.250000000000,100.000000000000,25.000000000000,63.750000000000
2026,260062,SAINT LUKES NORTH HOSPITAL,5830 N W BARRY ROAD,KANSAS CITY,MO,64154,PLATTE,25.000000000000,6.250000000000,48.000000000000,12.000000000000,51.666666666667,12.916666666667,0.000000000000,0.000000000000,31.166666666667
2026,260065,MERCY HOSPITAL SPRINGFIELD,2115 S. Fremont Ave,SPRINGFIELD,MO,65804,GREENE,28.333333333333,7.083333333333,28.000000000000,7.000000000000,40.000000000000,10.000000000000,0.000000000000,0.000000000000,24.083333333333
2026,260068,BOONE HOSPITAL CENTER,1600 E BROADWAY,COLUMBIA,MO,65201,BOONE,16.666666666667,4.166666666667,31.000000000000,7.750000000000,21.666666666667,5.416666666667,10.000000000000,2.500000000000,19.833333333333
2026,260074,MOBERLY REGIONAL MEDICAL CENTER,1515 UNION AVE,MOBERLY,MO,65270,RANDOLPH,0.000000000000,0.000000000000,33.000000000000,8.250000000000,60.000000000000,15.000000000000,40.000000000000,10.000000000000,33.250000000000
2026,260077,MERCY HOSPITAL SOUTH,10010 KENNERLY ROAD,SAINT LOUIS,MO,63128,ST. LOUIS,20.000000000000,5.000000000000,20.000000000000,5.000000000000,21.666666666667,5.416666666667,0.000000000000,0.000000000000,15.416666666667
2026,260078,OZARKS HEALTHCARE,1100 KENTUCKY AVE,WEST PLAINS,MO,65775,HOWELL,0.000000000000,0.000000000000,27.000000000000,6.750000000000,60.000000000000,15.000000000000,50.000000000000,12.500000000000,34.250000000000
2026,260081,SSM ST CLARE HEALTH CENTER,1015 BOWLES,FENTON,MO,63026,ST. LOUIS,24.000000000000,6.000000000000,24.000000000000,6.000000000000,45.000000000000,11.250000000000,0.000000000000,0.000000000000,23.250000000000
2026,260085,ST JOSEPH MEDICAL CENTER,1000 CARONDELET DR,KANSAS CITY,MO,64114,JACKSON,23.333333333333,5.833333333333,8.000000000000,2.000000000000,88.000000000000,22.000000000000,30.000000000000,7.500000000000,37.333333333333
2026,260091,SSM HEALTH ST MARY'S HOSPITAL - ST LOUIS,6420 CLAYTON RD,SAINT LOUIS,MO,63117,ST. LOUIS,32.500000000000,8.125000000000,17.000000000000,4.250000000000,36.666666666667,9.166666666667,0.000000000000,0.000000000000,21.541666666667
2026,260094,COX MEDICAL CENTER BRANSON,"525 BRANSON LANDING BLVD, PO BOX 650",BRANSON,MO,65615,TANEY,5.000000000000,1.250000000000,49.000000000000,12.250000000000,38.000000000000,9.500000000000,60.000000000000,15.000000000000,38.000000000000
2026,260095,CENTERPOINT MEDICAL CENTER,19600 EAST 39TH STREET,INDEPENDENCE,MO,64057,JACKSON,31.666666666667,7.916666666667,16.000000000000,4.000000000000,28.333333333333,7.083333333333,0.000000000000,0.000000000000,19.000000000000
2026,260096,NORTH KANSAS CITY HOSPITAL,2800 CLAY EDWARDS DRIVE,NORTH KANSAS CITY,MO,64116,CLAY,11.666666666667,2.916666666667,31.000000000000,7.750000000000,26.666666666667,6.666666666667,0.000000000000,0.000000000000,17.333333333333
2026,260097,WESTERN MISSOURI MEDICAL CENTER,403 BURKARTH ROAD,WARRENSBURG,MO,64093,JOHNSON,17.500000000000,4.375000000000,62.000000000000,15.500000000000,30.000000000000,7.500000000000,20.000000000000,5.000000000000,32.375000000000
2026,260102,UNIVERSITY HEALTH LAKEWOOD MEDICAL CENTER,7900 LEE'S SUMMIT RD,KANSAS CITY,MO,64139,JACKSON,Not Available,Not Available,10.000000000000,3.333333333333,70.000000000000,23.333333333333,70.000000000000,23.333333333333,50.000000000000
2026,260104,SSM HEALTH DEPAUL HOSPITAL ST LOUIS,12303 DEPAUL DRIVE,BRIDGETON,MO,63044,ST. LOUIS,41.666666666667,10.416666666667,22.000000000000,5.500000000000,58.333333333333,14.583333333333,0.000000000000,0.000000000000,30.500000000000
2026,260105,SSM HEALTH SAINT LOUIS UNIVERSITY HOSPITAL,1201 S GRAND BLVD,SAINT LOUIS,MO,63104,ST. LOUIS,12.000000000000,3.000000000000,11.000000000000,2.750000000000,33.333333333333,8.333333333333,0.000000000000,0.000000000000,14.083333333333
2026,260108,MISSOURI BAPTIST MEDICAL CENTER,3015 N BALLAS RD,SAINT LOUIS,MO,63131,ST. LOUIS,45.000000000000,11.250000000000,56.000000000000,14.000000000000,21.666666666667,5.416666666667,20.000000000000,5.000000000000,35.666666666667
2026,260110,MERCY HOSPITAL SOUTHEAST,1701 LACEY ST,CAPE GIRARDEAU,MO,63701,CAPE GIRARDEAU,8.333333333333,2.083333333333,24.000000000000,6.000000000000,60.000000000000,15.000000000000,20.000000000000,5.000000000000,28.083333333333
2026,260113,MISSOURI DELTA MEDICAL CENTER,1008 NORTH MAIN ST,SIKESTON,MO,63801,SCOTT,0.000000000000,0.000000000000,25.000000000000,6.250000000000,56.666666666667,14.166666666667,30.000000000000,7.500000000000,27.916666666667
2026,260137,FREEMAN HEALTH SYSTEM - FREEMAN WEST,1102 WEST 32ND STREET,JOPLIN,MO,64804,JASPER,20.000000000000,5.000000000000,37.000000000000,9.250000000000,30.000000000000,7.500000000000,30.000000000000,7.500000000000,29.250000000000
2026,260138,ST LUKES HOSPITAL OF KANSAS CITY,4401 WORNALL ROAD,KANSAS CITY,MO,64111,JACKSON,46.666666666667,11.666666666667,66.000000000000,16.500000000000,43.333333333333,10.833333333333,0.000000000000,0.000000000000,39.000000000000
2026,260141,UNIVERSITY OF MISSOURI HEALTH CARE,ONE HOSPITAL DRIVE,COLUMBIA,MO,65212,BOONE,51.666666666667,12.916666666667,25.000000000000,6.250000000000,13.333333333333,3.333333333333,20.000000000000,5.000000000000,27.500000000000
2026,260142,FITZGIBBON HOSPITAL,2305 S 65 HIGHWAY,MARSHALL,MO,65340,SALINE,3.333333333333,0.833333333333,32.000000000000,8.000000000000,15.000000000000,3.750000000000,100.000000000000,25.000000000000,37.583333333333
2026,260160,MERCY HOSPITAL STODDARD,1200 N ONE MILE RD,DEXTER,MO,63841,STODDARD,15.000000000000,5.000000000000,57.000000000000,19.000000000000,Not Available,Not Available,50.000000000000,16.666666666667,40.666666666667
2026,260162,BARNES-JEWISH WEST COUNTY HOSPITAL,12634 OLIVE BOULEVARD,CREVE COEUR,MO,63141,ST. LOUIS,23.333333333333,5.833333333333,80.000000000000,20.000000000000,54.000000000000,13.500000000000,40.000000000000,10.000000000000,49.333333333333
2026,260163,PARKLAND HEALTH CENTER,1101 W LIBERTY,FARMINGTON,MO,63640,ST. FRANCOIS,45.000000000000,11.250000000000,62.000000000000,15.500000000000,45.000000000000,11.250000000000,40.000000000000,10.000000000000,48.000000000000
2026,260175,GOLDEN VALLEY MEMORIAL HOSPITAL,1600 N 2ND ST,CLINTON,MO,64735,HENRY,2.500000000000,0.625000000000,65.000000000000,16.250000000000,0.000000000000,0.000000000000,70.000000000000,17.500000000000,34.375000000000
2026,260176,ST LUKE'S DES PERES HOSPITAL,2345 DOUGHERTY FERRY ROAD,ST LOUIS,MO,63122,ST. LOUIS,3.333333333333,0.833333333333,63.000000000000,15.750000000000,50.000000000000,12.500000000000,60.000000000000,15.000000000000,44.083333333333
2026,260177,LIBERTY HOSPITAL,2525 GLENN HENDREN DR,LIBERTY,MO,64068,CLAY,33.333333333333,8.333333333333,26.000000000000,6.500000000000,51.666666666667,12.916666666667,10.000000000000,2.500000000000,30.250000000000
2026,260179,ST LUKES HOSPITAL,232 S WOODS MILL RD,CHESTERFIELD,MO,63017,ST. LOUIS,43.333333333333,10.833333333333,55.000000000000,13.750000000000,26.666666666667,6.666666666667,0.000000000000,0.000000000000,31.250000000000
2026,260180,CHRISTIAN HOSPITAL NORTHEAST,11133 DUNN ROAD,SAINT LOUIS,MO,63136,ST. LOUIS,61.666666666667,15.416666666667,39.000000000000,9.750000000000,30.000000000000,7.500000000000,10.000000000000,2.500000000000,35.166666666667
2026,260183,SAINT FRANCIS MEDICAL CENTER,211 ST FRANCIS DR,CAPE GIRARDEAU,MO,63703,CAPE GIRARDEAU,0.000000000000,0.000000000000,39.000000000000,9.750000000000,50.000000000000,12.500000000000,0.000000000000,0.000000000000,22.250000000000
2026,260186,LAKE REGIONAL HEALTH SYSTEM,54 HOSPITAL DRIVE,OSAGE BEACH,MO,65065,CAMDEN,30.000000000000,7.500000000000,47.000000000000,11.750000000000,50.000000000000,12.500000000000,40.000000000000,10.000000000000,41.750000000000
2026,260190,LEE'S SUMMIT MEDICAL CENTER,2100 SE BLUE PARKWAY,LEES SUMMIT,MO,64063,JACKSON,8.000000000000,2.000000000000,28.000000000000,7.000000000000,55.000000000000,13.750000000000,20.000000000000,5.000000000000,27.750000000000
2026,260191,BARNES-JEWISH ST PETERS HOSPITAL,10 HOSPITAL DR,SAINT PETERS,MO,63376,ST. CHARLES,12.000000000000,3.000000000000,25.000000000000,6.250000000000,20.000000000000,5.000000000000,0.000000000000,0.000000000000,14.250000000000
2026,260193,ST MARY'S MEDICAL CENTER,201 NW R D MIZE RD,BLUE SPRINGS,MO,64014,JACKSON,32.000000000000,8.000000000000,22.000000000000,5.500000000000,65.000000000000,16.250000000000,20.000000000000,5.000000000000,34.750000000000
2026,260195,CITIZENS MEMORIAL HOSPITAL,1500 N OAKLAND,BOLIVAR,MO,65613,POLK,0.000000000000,0.000000000000,36.000000000000,9.000000000000,0.000000000000,0.000000000000,70.000000000000,17.500000000000,26.500000000000
2026,260200,SSM ST JOSEPH HOSPITAL WEST,100 MEDICAL PLAZA,LAKE SAINT LOUIS,MO,63367,ST. CHARLES,10.000000000000,2.500000000000,12.000000000000,3.000000000000,23.333333333333,5.833333333333,0.000000000000,0.000000000000,11.333333333333
2026,260214,BELTON REGIONAL MEDICAL CENTER,17065 S 71 HIGHWAY,BELTON,MO,64012,CASS,5.000000000000,1.250000000000,29.000000000000,7.250000000000,50.000000000000,12.500000000000,10.000000000000,2.500000000000,23.500000000000
2026,260216,SAINT LUKE'S EAST  HOSPITAL,100 N E SAINT LUKE'S BOULEVARD,LEES SUMMIT,MO,64086,JACKSON,30.000000000000,7.500000000000,46.000000000000,11.500000000000,40.000000000000,10.000000000000,0.000000000000,0.000000000000,29.000000000000
2026,260219,PROGRESS WEST HOSPITAL,2 PROGRESS POINT PKWY,OFALLON,MO,63368,ST. CHARLES,32.000000000000,8.000000000000,48.000000000000,12.000000000000,0.000000000000,0.000000000000,30.000000000000,7.500000000000,27.500000000000
2026,270003,ST PETERS HEALTH,2475 BROADWAY,HELENA,MT,59601,LEWIS AND CLARK,8.000000000000,2.000000000000,34.000000000000,8.500000000000,30.000000000000,7.500000000000,60.000000000000,15.000000000000,33.000000000000
2026,270004,BILLINGS CLINIC,2800 10TH AVE N,BILLINGS,MT,59101,YELLOWSTONE,8.333333333333,2.083333333333,22.000000000000,5.500000000000,50.000000000000,12.500000000000,0.000000000000,0.000000000000,20.083333333333
2026,270012,BENEFIS HOSPITALS INC,1101 26TH ST S,GREAT FALLS,MT,59405,CASCADE,0.000000000000,0.000000000000,19.000000000000,4.750000000000,30.000000000000,7.500000000000,30.000000000000,7.500000000000,19.750000000000
2026,270014,ST. PATRICK HOSPITAL,500 W BROADWAY,MISSOULA,MT,59802,MISSOULA,53.333333333333,13.333333333333,69.000000000000,17.250000000000,33.333333333333,8.333333333333,40.000000000000,10.000000000000,48.916666666667
2026,270017,ST JAMES HOSPITAL,400 S CLARK ST,BUTTE,MT,59701,SILVER BOW,15.000000000000,3.750000000000,56.000000000000,14.000000000000,20.000000000000,5.000000000000,70.000000000000,17.500000000000,40.250000000000
2026,270023,COMMUNITY MEDICAL CENTER,2827 FORT MISSOULA RD,MISSOULA,MT,59804,MISSOULA,22.500000000000,5.625000000000,23.000000000000,5.750000000000,53.333333333333,13.333333333333,30.000000000000,7.500000000000,32.208333333333
2026,270049,INTERMOUNTAIN HEALTH ST VINCENT REGIONAL HOSPITAL,1233 N 30TH ST,BILLINGS,MT,59107,YELLOWSTONE,33.333333333333,8.333333333333,55.000000000000,13.750000000000,23.333333333333,5.833333333333,0.000000000000,0.000000000000,27.916666666667
2026,270051,LOGAN HEALTH MEDICAL CENTER,310 SUNNYVIEW LANE,KALISPELL,MT,59901,FLATHEAD,38.000000000000,9.500000000000,31.000000000000,7.750000000000,26.666666666667,6.666666666667,30.000000000000,7.500000000000,31.416666666667
2026,270057,BOZEMAN HEALTH DEACONESS HOSPITAL,915 HIGHLAND BLVD,BOZEMAN,MT,59715,GALLATIN,50.000000000000,12.500000000000,56.000000000000,14.000000000000,33.333333333333,8.333333333333,60.000000000000,15.000000000000,49.833333333333
2026,270086,GREAT FALLS CLINIC HOSPITAL,3010 15TH AVENUE SOUTH,GREAT FALLS,MT,59405,CASCADE,0.000000000000,0.000000000000,61.000000000000,15.250000000000,0.000000000000,0.000000000000,60.000000000000,15.000000000000,30.250000000000
2026,280003,BRYAN MEDICAL CENTER,1600 SOUTH 48TH ST,LINCOLN,NE,68506,LANCASTER,1.666666666667,0.416666666667,42.000000000000,10.500000000000,23.333333333333,5.833333333333,0.000000000000,0.000000000000,16.750000000000
2026,280009,CHI HEALTH GOOD SAMARITAN,"P O BOX 1990, 10 EAST 31ST ST",KEARNEY,NE,68848,BUFFALO,38.000000000000,9.500000000000,37.000000000000,9.250000000000,55.000000000000,13.750000000000,10.000000000000,2.500000000000,35.000000000000
2026,280020,CHI HEALTH ST. ELIZABETH,555 SOUTH 70TH ST,LINCOLN,NE,68510,LANCASTER,27.500000000000,6.875000000000,23.000000000000,5.750000000000,51.666666666667,12.916666666667,10.000000000000,2.500000000000,28.041666666667
2026,280023,CHI HEALTH ST. FRANCIS,2620 WEST FAIDLEY AVE,GRAND ISLAND,NE,68803,HALL,15.000000000000,3.750000000000,37.000000000000,9.250000000000,44.000000000000,11.000000000000,10.000000000000,2.500000000000,26.500000000000
2026,280032,MARY LANNING HEALTHCARE,715 N ST JOSEPH AVE,HASTINGS,NE,68901,ADAMS,0.000000000000,0.000000000000,48.000000000000,12.000000000000,46.666666666667,11.666666666667,50.000000000000,12.500000000000,36.166666666667
2026,280040,THE NEBRASKA METHODIST HOSPITAL,8303 DODGE ST,OMAHA,NE,68114,DOUGLAS,30.000000000000,7.500000000000,64.000000000000,16.000000000000,33.333333333333,8.333333333333,10.000000000000,2.500000000000,34.333333333333
2026,280060,CHI HEALTH BERGAN MERCY,7500 MERCY RD,OMAHA,NE,68124,DOUGLAS,18.000000000000,4.500000000000,32.000000000000,8.000000000000,46.666666666667,11.666666666667,0.000000000000,0.000000000000,24.166666666667
2026,280061,REGIONAL WEST MEDICAL CENTER,4021 AVE B,SCOTTSBLUFF,NE,69361,SCOTTS BLUFF,20.000000000000,5.000000000000,13.000000000000,3.250000000000,46.000000000000,11.500000000000,0.000000000000,0.000000000000,19.750000000000
2026,280065,GREAT PLAINS HEALTH,601 WEST LEOTA ST,NORTH PLATTE,NE,69101,LINCOLN,8.000000000000,2.000000000000,23.000000000000,5.750000000000,33.333333333333,8.333333333333,20.000000000000,5.000000000000,21.083333333333
2026,280077,METHODIST FREMONT HEALTH,450 EAST 23RD ST,FREMONT,NE,68025,DODGE,4.000000000000,1.000000000000,54.000000000000,13.500000000000,30.000000000000,7.500000000000,30.000000000000,7.500000000000,29.500000000000
2026,280081,CHI HEALTH IMMANUEL,6901 NORTH 72ND ST,OMAHA,NE,68122,DOUGLAS,10.000000000000,2.500000000000,40.000000000000,10.000000000000,60.000000000000,15.000000000000,0.000000000000,0.000000000000,27.500000000000
2026,280105,CHI HEALTH MIDLANDS,11111 SOUTH 84TH ST,PAPILLION,NE,68046,SARPY,5.000000000000,1.250000000000,61.000000000000,15.250000000000,55.000000000000,13.750000000000,100.000000000000,25.000000000000,55.250000000000
2026,280111,"COLUMBUS COMMUNITY HOSPITAL, INC",4600 38TH ST,COLUMBUS,NE,68601,PLATTE,17.500000000000,4.375000000000,54.000000000000,13.500000000000,5.000000000000,1.250000000000,0.000000000000,0.000000000000,19.125000000000
2026,280125,FAITH REGIONAL HEALTH SERVICES,2700 WEST NORFOLK AVE,NORFOLK,NE,68701,MADISON,16.000000000000,4.000000000000,50.000000000000,12.500000000000,40.000000000000,10.000000000000,30.000000000000,7.500000000000,34.000000000000
2026,280128,CHI HEALTH NEBRASKA HEART,7500 SOUTH 91ST ST,LINCOLN,NE,68526,LANCASTER,16.666666666667,5.555555555556,81.000000000000,27.000000000000,Not Available,Not Available,10.000000000000,3.333333333333,35.888888888889
2026,280130,CHI HEALTH LAKESIDE,16901 LAKESIDE HILLS CT,OMAHA,NE,68130,DOUGLAS,14.000000000000,3.500000000000,30.000000000000,7.500000000000,36.666666666667,9.166666666667,20.000000000000,5.000000000000,25.166666666667
2026,280132,BELLEVUE MEDICAL CENTER,2500 BELLEVUE MEDICAL CENTER DR,BELLEVUE,NE,68123,SARPY,50.000000000000,12.500000000000,35.000000000000,8.750000000000,44.000000000000,11.000000000000,40.000000000000,10.000000000000,42.250000000000
2026,280134,KEARNEY REGIONAL MEDICAL CENTER,804 22ND AVENUE,KEARNEY,NE,68845,BUFFALO,30.000000000000,7.500000000000,52.000000000000,13.000000000000,37.500000000000,9.375000000000,10.000000000000,2.500000000000,32.375000000000
2026,280139,GRAND ISLAND REGIONAL MEDICAL CENTER,3533 PRAIRIEVIEW STREET,GRAND ISLAND,NE,68803,HALL,0.000000000000,0.000000000000,27.000000000000,6.750000000000,46.666666666667,11.666666666667,40.000000000000,10.000000000000,28.416666666667
2026,290001,RENOWN REGIONAL MEDICAL CENTER,1155 MILL STREET,RENO,NV,89502,WASHOE,36.000000000000,9.000000000000,25.000000000000,6.250000000000,28.333333333333,7.083333333333,0.000000000000,0.000000000000,22.333333333333
2026,290003,SUNRISE HOSPITAL AND MEDICAL CENTER,3186 S MARYLAND PKWY,LAS VEGAS,NV,89109,CLARK,40.000000000000,10.000000000000,6.000000000000,1.500000000000,45.000000000000,11.250000000000,0.000000000000,0.000000000000,22.750000000000
2026,290005,NORTH VISTA HOSPITAL,1409 EAST LAKE MEAD BLVD,NORTH LAS VEGAS,NV,89030,CLARK,26.666666666667,6.666666666667,18.000000000000,4.500000000000,80.000000000000,20.000000000000,10.000000000000,2.500000000000,33.666666666667
2026,290007,UNIVERSITY MEDICAL CENTER,1800 W CHARLESTON BLVD,LAS VEGAS,NV,89102,CLARK,28.333333333333,7.083333333333,11.000000000000,2.750000000000,45.000000000000,11.250000000000,0.000000000000,0.000000000000,21.083333333333
2026,290008,NORTHEASTERN NEVADA REGIONAL HOSPITAL,2001 ERRECART BLVD,ELKO,NV,89801,ELKO,12.000000000000,3.000000000000,30.000000000000,7.500000000000,15.000000000000,3.750000000000,80.000000000000,20.000000000000,34.250000000000
2026,290009,SAINT MARY'S REGIONAL MEDICAL CENTER,235 W 6TH ST,RENO,NV,89503,WASHOE,24.000000000000,6.000000000000,24.000000000000,6.000000000000,36.666666666667,9.166666666667,70.000000000000,17.500000000000,38.666666666667
2026,290019,CARSON TAHOE REGIONAL MEDICAL CENTER,1600 MEDICAL PARKWAY,CARSON CITY,NV,89703,CARSON,22.000000000000,5.500000000000,23.000000000000,5.750000000000,23.333333333333,5.833333333333,30.000000000000,7.500000000000,24.583333333333
2026,290021,VALLEY HOSPITAL MEDICAL CENTER,620 SHADOW LANE,LAS VEGAS,NV,89106,CLARK,30.000000000000,7.500000000000,32.000000000000,8.000000000000,56.666666666667,14.166666666667,0.000000000000,0.000000000000,29.666666666667
2026,290032,NORTHERN NEVADA MEDICAL CENTER,2375 E PRATER WAY,SPARKS,NV,89434,WASHOE,0.000000000000,0.000000000000,26.000000000000,6.500000000000,45.000000000000,11.250000000000,50.000000000000,12.500000000000,30.250000000000
2026,290039,MOUNTAINVIEW HOSPITAL,3100 N TENAYA WAY,LAS VEGAS,NV,89128,CLARK,51.666666666667,12.916666666667,23.000000000000,5.750000000000,55.000000000000,13.750000000000,0.000000000000,0.000000000000,32.416666666667
2026,290041,SUMMERLIN HOSPITAL MEDICAL CENTER,657 TOWN CENTER DRIVE,LAS VEGAS,NV,89144,CLARK,26.000000000000,6.500000000000,24.000000000000,6.000000000000,55.000000000000,13.750000000000,0.000000000000,0.000000000000,26.250000000000
2026,290045,SAINT ROSE DOMINICAN HOSPITALS - SIENA CAMPUS,3001 ST ROSE PARKWAY,HENDERSON,NV,89052,CLARK,21.666666666667,5.416666666667,10.000000000000,2.500000000000,36.666666666667,9.166666666667,0.000000000000,0.000000000000,17.083333333333
2026,290046,SPRING VALLEY HOSPITAL MEDICAL CENTER,5400 SOUTH RAINBOW BLVD,LAS VEGAS,NV,89118,CLARK,31.666666666667,7.916666666667,16.000000000000,4.000000000000,46.666666666667,11.666666666667,0.000000000000,0.000000000000,23.583333333333
2026,290047,SOUTHERN HILLS HOSPITAL AND MEDICAL CENTER,9300 WEST SUNSET RD,LAS VEGAS,NV,89148,CLARK,38.000000000000,9.500000000000,18.000000000000,4.500000000000,55.000000000000,13.750000000000,0.000000000000,0.000000000000,27.750000000000
2026,290049,RENOWN SOUTH MEADOWS MEDICAL CENTER,10101 DOUBLE R BLVD,RENO,NV,89521,WASHOE,7.500000000000,1.875000000000,42.000000000000,10.500000000000,30.000000000000,7.500000000000,20.000000000000,5.000000000000,24.875000000000
2026,290053,SAINT ROSE DOMINICAN HOSPITALS - SAN MARTIN CAMPUS,8280 W WARM SPRINGS ROAD,LAS VEGAS,NV,89113,CLARK,16.000000000000,4.000000000000,56.000000000000,14.000000000000,55.000000000000,13.750000000000,0.000000000000,0.000000000000,31.750000000000
2026,290054,CENTENNIAL HILLS HOSPITAL MEDICAL CENTER,6900 N DURANGO DR,LAS VEGAS,NV,89149,CLARK,8.000000000000,2.000000000000,8.000000000000,2.000000000000,40.000000000000,10.000000000000,0.000000000000,0.000000000000,14.000000000000
2026,290057,HENDERSON HOSPITAL,1050 WEST GALLERIA DRIVE,HENDERSON,NV,89011,CLARK,26.000000000000,6.500000000000,4.000000000000,1.000000000000,55.000000000000,13.750000000000,0.000000000000,0.000000000000,21.250000000000
2026,300001,CONCORD HOSPITAL,250 PLEASANT ST,CONCORD,NH,03301,MERRIMACK,10.000000000000,2.500000000000,38.000000000000,9.500000000000,30.000000000000,7.500000000000,20.000000000000,5.000000000000,24.500000000000
2026,300003,MARY HITCHCOCK MEMORIAL HOSPITAL,1 MEDICAL CENTER DRIVE,LEBANON,NH,03756,GRAFTON,36.666666666667,9.166666666667,50.000000000000,12.500000000000,30.000000000000,7.500000000000,0.000000000000,0.000000000000,29.166666666667
2026,300005,CONCORD HOSPITAL- LACONIA,80 HIGHLAND ST,LACONIA,NH,03246,BELKNAP,55.000000000000,13.750000000000,31.000000000000,7.750000000000,32.500000000000,8.125000000000,30.000000000000,7.500000000000,37.125000000000
2026,300011,ST JOSEPH HOSPITAL,172 KINSLEY ST,NASHUA,NH,03060,HILLSBOROUGH,10.000000000000,2.500000000000,37.000000000000,9.250000000000,51.666666666667,12.916666666667,0.000000000000,0.000000000000,24.666666666667
2026,300012,ELLIOT HOSPITAL,1 ELLIOT WAY,MANCHESTER,NH,03103,HILLSBOROUGH,0.000000000000,0.000000000000,36.000000000000,9.000000000000,18.333333333333,4.583333333333,10.000000000000,2.500000000000,16.083333333333
2026,300014,FRISBIE MEMORIAL HOSPITAL,11 WHITEHALL ROAD,ROCHESTER,NH,03867,STRAFFORD,13.333333333333,3.333333333333,74.000000000000,18.500000000000,80.000000000000,20.000000000000,80.000000000000,20.000000000000,61.833333333333
2026,300017,PARKLAND MEDICAL CENTER,1 PARKLAND DRIVE,DERRY,NH,03038,ROCKINGHAM,62.500000000000,15.625000000000,29.000000000000,7.250000000000,50.000000000000,12.500000000000,20.000000000000,5.000000000000,40.375000000000
2026,300018,WENTWORTH-DOUGLASS HOSPITAL,789 CENTRAL AVE,DOVER,NH,03820,STRAFFORD,16.000000000000,4.000000000000,61.000000000000,15.250000000000,46.666666666667,11.666666666667,40.000000000000,10.000000000000,40.916666666667
2026,300019,CHESHIRE MEDICAL CENTER,580 COURT STREET,KEENE,NH,03431,CHESHIRE,22.500000000000,5.625000000000,25.000000000000,6.250000000000,70.000000000000,17.500000000000,30.000000000000,7.500000000000,36.875000000000
2026,300020,SOUTHERN NH MEDICAL CENTER,8 PROSPECT STREET,NASHUA,NH,03060,HILLSBOROUGH,12.000000000000,3.000000000000,32.000000000000,8.000000000000,13.333333333333,3.333333333333,10.000000000000,2.500000000000,16.833333333333
2026,300023,EXETER HOSPITAL INC,5 ALUMNI DRIVE,EXETER,NH,03833,ROCKINGHAM,7.500000000000,1.875000000000,56.000000000000,14.000000000000,58.333333333333,14.583333333333,20.000000000000,5.000000000000,35.458333333333
2026,300029,PORTSMOUTH REGIONAL HOSPITAL,333 BORTHWICK AVE,PORTSMOUTH,NH,03801,ROCKINGHAM,25.000000000000,6.250000000000,30.000000000000,7.500000000000,50.000000000000,12.500000000000,0.000000000000,0.000000000000,26.250000000000
2026,300034,CATHOLIC MEDICAL CENTER,100 MCGREGOR STREET,MANCHESTER,NH,03102,HILLSBOROUGH,70.000000000000,17.500000000000,50.000000000000,12.500000000000,35.000000000000,8.750000000000,20.000000000000,5.000000000000,43.750000000000
2026,310001,HACKENSACK UNIVERSITY MEDICAL CENTER,30 PROSPECT AVE,HACKENSACK,NJ,07601,BERGEN,81.666666666667,20.416666666667,32.000000000000,8.000000000000,31.666666666667,7.916666666667,0.000000000000,0.000000000000,36.333333333333
2026,310002,NEWARK BETH ISRAEL MEDICAL CENTER,201 LYONS AVE,NEWARK,NJ,07112,ESSEX,12.000000000000,3.000000000000,25.000000000000,6.250000000000,50.000000000000,12.500000000000,0.000000000000,0.000000000000,21.750000000000
2026,310003,PALISADES MEDICAL CENTER,7600 RIVER RD,NORTH BERGEN,NJ,07047,HUDSON,37.500000000000,9.375000000000,17.000000000000,4.250000000000,30.000000000000,7.500000000000,0.000000000000,0.000000000000,21.125000000000
2026,310005,HUNTERDON MEDICAL CENTER,2100 WESCOTT DRIVE,FLEMINGTON,NJ,08822,HUNTERDON,56.000000000000,14.000000000000,30.000000000000,7.500000000000,31.666666666667,7.916666666667,10.000000000000,2.500000000000,31.916666666667
2026,310006,ST MARY'S GENERAL HOSPITAL,350 BOULEVARD,PASSAIC,NJ,07055,PASSAIC,37.500000000000,9.375000000000,16.000000000000,4.000000000000,42.000000000000,10.500000000000,0.000000000000,0.000000000000,23.875000000000
2026,310008,HOLY NAME MEDICAL CENTER,718 TEANECK RD,TEANECK,NJ,07666,BERGEN,34.000000000000,8.500000000000,41.000000000000,10.250000000000,80.000000000000,20.000000000000,0.000000000000,0.000000000000,38.750000000000
2026,310010,UNIVERSITY MEDICAL CENTER OF PRINCETON AT PLAINSBORO,ONE-FIVE PLAINSBORO ROAD,PLAINSBORO,NJ,08536,MIDDLESEX,26.000000000000,6.500000000000,27.000000000000,6.750000000000,36.666666666667,9.166666666667,0.000000000000,0.000000000000,22.416666666667
2026,310012,VALLEY HOSPITAL,4 VALLEY HEALTH PLAZA,PARAMUS,NJ,07652,BERGEN,21.666666666667,5.416666666667,36.000000000000,9.000000000000,40.000000000000,10.000000000000,0.000000000000,0.000000000000,24.416666666667
2026,310014,COOPER UNIVERSITY HOSPITAL,1 COOPER PLAZA,CAMDEN,NJ,08103,CAMDEN,30.000000000000,7.500000000000,24.000000000000,6.000000000000,31.666666666667,7.916666666667,0.000000000000,0.000000000000,21.416666666667
2026,310015,MORRISTOWN MEDICAL CENTER,100 MADISON AVE,MORRISTOWN,NJ,07962,MORRIS,66.666666666667,16.666666666667,33.000000000000,8.250000000000,35.000000000000,8.750000000000,0.000000000000,0.000000000000,33.666666666667
2026,310016,CAREPOINT HEALTH-CHRIST HOSPITAL,176 PALISADE AVE,JERSEY CITY,NJ,07306,HUDSON,25.000000000000,6.250000000000,15.000000000000,3.750000000000,24.000000000000,6.000000000000,0.000000000000,0.000000000000,16.000000000000
2026,310017,CHILTON MEDICAL CENTER,97 WEST PARKWAY,POMPTON PLAINS,NJ,07444,MORRIS,27.500000000000,6.875000000000,43.000000000000,10.750000000000,61.666666666667,15.416666666667,0.000000000000,0.000000000000,33.041666666667
2026,310019,ST JOSEPH'S UNIVERSITY MEDICAL CENTER INC,703 MAIN ST,PATERSON,NJ,07503,PASSAIC,21.666666666667,5.416666666667,13.000000000000,3.250000000000,53.333333333333,13.333333333333,0.000000000000,0.000000000000,22.000000000000
2026,310022,WEST JERSEY HOSPITAL,100 BOWMAN DRIVE,VOORHEES,NJ,08043,CAMDEN,6.000000000000,1.500000000000,24.000000000000,6.000000000000,50.000000000000,12.500000000000,0.000000000000,0.000000000000,20.000000000000
2026,310024,ROBERT WOOD JOHNSON UNIVERSITY HOSPITAL AT RAHWAY,865 STONE ST,RAHWAY,NJ,07065,UNION,27.500000000000,6.875000000000,41.000000000000,10.250000000000,77.500000000000,19.375000000000,0.000000000000,0.000000000000,36.500000000000
2026,310025,CAREPOINT HEALTH - BAYONNE MEDICAL CENTER,29 EAST 29TH ST,BAYONNE,NJ,07002,HUDSON,22.000000000000,5.500000000000,18.000000000000,4.500000000000,93.333333333333,23.333333333333,0.000000000000,0.000000000000,33.333333333333
2026,310027,TRINITAS REGIONAL MEDICAL CENTER,225 WILLIAMSON STREET,ELIZABETH,NJ,07207,UNION,0.000000000000,0.000000000000,26.000000000000,6.500000000000,84.000000000000,21.000000000000,10.000000000000,2.500000000000,30.000000000000
2026,310028,NEWTON MEDICAL CENTER,175 HIGH ST,NEWTON,NJ,07860,SUSSEX,38.000000000000,9.500000000000,27.000000000000,6.750000000000,58.333333333333,14.583333333333,0.000000000000,0.000000000000,30.833333333333
2026,310029,VIRTUA OUR LADY OF LOURDES HOSPITAL,1600 HADDON AVENUE,CAMDEN,NJ,08103,CAMDEN,24.000000000000,6.000000000000,17.000000000000,4.250000000000,20.000000000000,5.000000000000,0.000000000000,0.000000000000,15.250000000000
2026,310031,DEBORAH HEART AND LUNG CENTER,200 TRENTON ROAD,BROWNS MILLS,NJ,08015,BURLINGTON,32.000000000000,8.000000000000,58.000000000000,14.500000000000,46.666666666667,11.666666666667,0.000000000000,0.000000000000,34.166666666667
2026,310032,INSPIRA MEDICAL CENTER VINELAND,1505 W SHERMAN AVE,VINELAND,NJ,08360,CUMBERLAND,40.000000000000,10.000000000000,38.000000000000,9.500000000000,30.000000000000,7.500000000000,10.000000000000,2.500000000000,29.500000000000
2026,310034,RIVERVIEW MEDICAL CENTER,ONE RIVERVIEW PLAZA,RED BANK,NJ,07701,MONMOUTH,14.000000000000,3.500000000000,39.000000000000,9.750000000000,61.666666666667,15.416666666667,0.000000000000,0.000000000000,28.666666666667
2026,310038,ROBERT WOOD JOHNSON UNIVERSITY HOSPITAL,ONE ROBERT WOOD JOHNSON PLACE,NEW BRUNSWICK,NJ,08901,MIDDLESEX,41.666666666667,10.416666666667,40.000000000000,10.000000000000,28.333333333333,7.083333333333,0.000000000000,0.000000000000,27.500000000000
2026,310039,RARITAN BAY MEDICAL CENTER,530 NEW BRUNSWICK AVE,PERTH AMBOY,NJ,08861,MIDDLESEX,47.500000000000,11.875000000000,19.000000000000,4.750000000000,41.666666666667,10.416666666667,0.000000000000,0.000000000000,27.041666666667
2026,310040,CAREPOINT HEALTH-HOBOKEN UNIVERSITY MEDICAL CENTER,308 WILLOW AVE,HOBOKEN,NJ,07030,HUDSON,3.333333333333,0.833333333333,25.000000000000,6.250000000000,73.333333333333,18.333333333333,0.000000000000,0.000000000000,25.416666666667
2026,310041,COMMUNITY MEDICAL CENTER,99 RT 37 WEST,TOMS RIVER,NJ,08755,OCEAN,18.000000000000,4.500000000000,17.000000000000,4.250000000000,45.000000000000,11.250000000000,0.000000000000,0.000000000000,20.000000000000
2026,310044,CAPITAL HEALTH MEDICAL CENTER - HOPEWELL,ONE CAPITAL WAY,PENNINGTON,NJ,08534,MERCER,8.000000000000,2.000000000000,13.000000000000,3.250000000000,28.333333333333,7.083333333333,0.000000000000,0.000000000000,12.333333333333
2026,310045,ENGLEWOOD HOSPITAL AND MEDICAL CENTER,350 ENGLE ST,ENGLEWOOD,NJ,07631,BERGEN,50.000000000000,12.500000000000,37.000000000000,9.250000000000,13.333333333333,3.333333333333,0.000000000000,0.000000000000,25.083333333333
2026,310047,SHORE MEDICAL CENTER,100 MEDICAL CENTER WAY,SOMERS POINT,NJ,08244,ATLANTIC,20.000000000000,5.000000000000,32.000000000000,8.000000000000,50.000000000000,12.500000000000,0.000000000000,0.000000000000,25.500000000000
2026,310048,ROBERT WOOD JOHNSON UNIVERSITY HOSPITAL - SOMERSET,110 REHILL AVE,SOMERVILLE,NJ,08876,SOMERSET,8.000000000000,2.000000000000,46.000000000000,11.500000000000,53.333333333333,13.333333333333,0.000000000000,0.000000000000,26.833333333333
2026,310050,SAINT CLARE'S HOSPITAL/ DENVILLE CAMPUS,25 POCONO ROAD,DENVILLE,NJ,07834,MORRIS,10.000000000000,2.500000000000,7.000000000000,1.750000000000,41.666666666667,10.416666666667,0.000000000000,0.000000000000,14.666666666667
2026,310051,OVERLOOK MEDICAL CENTER,99 BEAUVOIR AVENUE,SUMMIT,NJ,07901,UNION,40.000000000000,10.000000000000,22.000000000000,5.500000000000,36.666666666667,9.166666666667,0.000000000000,0.000000000000,24.666666666667
2026,310052,OCEAN MEDICAL CENTER,425 JACK MARTIN BLVD,BRICK,NJ,08724,OCEAN,38.000000000000,9.500000000000,25.000000000000,6.250000000000,51.666666666667,12.916666666667,0.000000000000,0.000000000000,28.666666666667
2026,310054,HACKENSACK MERIDIAN MOUNTAINSIDE MEDICAL,1 BAY AVENUE,MONTCLAIR,NJ,07042,ESSEX,20.000000000000,5.000000000000,17.000000000000,4.250000000000,38.333333333333,9.583333333333,0.000000000000,0.000000000000,18.833333333333
2026,310057,VIRTUA MOUNT HOLLY HOSPITAL,175 MADISON AVE,MOUNT HOLLY,NJ,08060,BURLINGTON,0.000000000000,0.000000000000,19.000000000000,4.750000000000,36.666666666667,9.166666666667,0.000000000000,0.000000000000,13.916666666667
2026,310060,ST LUKE'S WARREN HOSPITAL,185 ROSEBERRY ST,PHILLIPSBURG,NJ,08865,WARREN,25.000000000000,6.250000000000,43.000000000000,10.750000000000,82.000000000000,20.500000000000,10.000000000000,2.500000000000,40.000000000000
2026,310061,VIRTUA WILLINGBORO HOSPITAL,218A SUNSET ROAD,WILLINGBORO,NJ,08046,BURLINGTON,25.000000000000,6.250000000000,20.000000000000,5.000000000000,30.000000000000,7.500000000000,0.000000000000,0.000000000000,18.750000000000
2026,310064,ATLANTICARE REGIONAL MEDICAL CENTER - CITY CAMPUS,1925 PACIFIC AVENUE,ATLANTIC CITY,NJ,08401,ATLANTIC,48.333333333333,12.083333333333,27.000000000000,6.750000000000,35.000000000000,8.750000000000,0.000000000000,0.000000000000,27.583333333333
2026,310069,INSPIRA MEDICAL CENTER MULLICA HILL,501 WEST FRONT STREET,ELMER,NJ,08318,SALEM,7.500000000000,1.875000000000,42.000000000000,10.500000000000,35.000000000000,8.750000000000,0.000000000000,0.000000000000,21.125000000000
2026,310070,SAINT PETER'S UNIVERSITY HOSPITAL,254 EASTON AVE,NEW BRUNSWICK,NJ,08901,MIDDLESEX,28.000000000000,7.000000000000,19.000000000000,4.750000000000,63.333333333333,15.833333333333,0.000000000000,0.000000000000,27.583333333333
2026,310073,JERSEY SHORE UNIVERSITY MEDICAL CENTER,1945 RTE 33,NEPTUNE,NJ,07754,MONMOUTH,55.000000000000,13.750000000000,18.000000000000,4.500000000000,33.333333333333,8.333333333333,0.000000000000,0.000000000000,26.583333333333
2026,310074,JERSEY CITY MEDICAL CENTER,355 GRAND STREET,JERSEY CITY,NJ,07302,HUDSON,30.000000000000,7.500000000000,25.000000000000,6.250000000000,53.333333333333,13.333333333333,0.000000000000,0.000000000000,27.083333333333
2026,310075,MONMOUTH MEDICAL CENTER,300 SECOND AVENUE,LONG BRANCH,NJ,07740,MONMOUTH,8.000000000000,2.000000000000,30.000000000000,7.500000000000,68.333333333333,17.083333333333,0.000000000000,0.000000000000,26.583333333333
2026,310076,COOPERMAN BARNABAS MEDICAL CENTER,94 OLD SHORT HILLS ROAD,LIVINGSTON,NJ,07039,ESSEX,13.333333333333,3.333333333333,20.000000000000,5.000000000000,30.000000000000,7.500000000000,0.000000000000,0.000000000000,15.833333333333
2026,310084,MONMOUTH MEDICAL CENTER-SOUTHERN CAMPUS,600 RIVER AVE,LAKEWOOD,NJ,08701,OCEAN,15.000000000000,3.750000000000,33.000000000000,8.250000000000,60.000000000000,15.000000000000,0.000000000000,0.000000000000,27.000000000000
2026,310086,JEFFERSON STRATFORD HOSPITAL,18 EAST LAUREL ROAD,STRATFORD,NJ,08084,CAMDEN,36.000000000000,9.000000000000,25.000000000000,6.250000000000,16.666666666667,4.166666666667,0.000000000000,0.000000000000,19.416666666667
2026,310092,CAPITAL HEALTH REGIONAL MEDICAL CENTER,750 BRUNSWICK AVE,TRENTON,NJ,08638,MERCER,15.000000000000,3.750000000000,12.000000000000,3.000000000000,21.666666666667,5.416666666667,0.000000000000,0.000000000000,12.166666666667
2026,310096,SAINT MICHAEL'S MEDICAL CENTER,111 CENTRAL AVENUE,NEWARK,NJ,07102,ESSEX,40.000000000000,10.000000000000,14.000000000000,3.500000000000,86.666666666667,21.666666666667,0.000000000000,0.000000000000,35.166666666667
2026,310108,JFK UNIVERSITY MEDICAL CENTER,65 JAMES STREET,EDISON,NJ,08818,MIDDLESEX,32.500000000000,8.125000000000,19.000000000000,4.750000000000,33.333333333333,8.333333333333,0.000000000000,0.000000000000,21.208333333333
2026,310110,ROBERT WOOD JOHNSON UNIVERSITY HOSPITAL AT HAMILTON,ONE HAMILTON HEALTH PLACE,HAMILTON,NJ,08690,MERCER,28.000000000000,7.000000000000,44.000000000000,11.000000000000,63.333333333333,15.833333333333,0.000000000000,0.000000000000,33.833333333333
2026,310111,CENTRASTATE MEDICAL CENTER,901 WEST MAIN STREET,FREEHOLD,NJ,07728,MONMOUTH,35.000000000000,8.750000000000,38.000000000000,9.500000000000,51.666666666667,12.916666666667,0.000000000000,0.000000000000,31.166666666667
2026,310112,BAYSHORE MEDICAL CENTER,727 N BEERS ST,HOLMDEL,NJ,07733,MONMOUTH,40.000000000000,10.000000000000,24.000000000000,6.000000000000,70.000000000000,17.500000000000,0.000000000000,0.000000000000,33.500000000000
2026,310113,SOUTHERN OCEAN MEDICAL CENTER,1140 RT 72 W,MANAHAWKIN,NJ,08050,OCEAN,37.500000000000,9.375000000000,24.000000000000,6.000000000000,48.333333333333,12.083333333333,0.000000000000,0.000000000000,27.458333333333
2026,310115,AHS HOSPITAL CORP,651 WILLOW GROVE ST,HACKETTSTOWN,NJ,07840,WARREN,27.500000000000,6.875000000000,32.000000000000,8.000000000000,32.000000000000,8.000000000000,0.000000000000,0.000000000000,22.875000000000
2026,310118,HUDSON REGIONAL HOSPITAL,55 MEADOWLANDS PKWY,SECAUCUS,NJ,07094,HUDSON,5.000000000000,1.250000000000,28.000000000000,7.000000000000,75.000000000000,18.750000000000,0.000000000000,0.000000000000,27.000000000000
2026,310119,THE UNIVERSITY HOSPITAL,150 BERGEN ST,NEWARK,NJ,07103,ESSEX,5.000000000000,1.250000000000,7.000000000000,1.750000000000,46.666666666667,11.666666666667,0.000000000000,0.000000000000,14.666666666667
2026,310130,HACKENSACK MERIDIAN HEALTH PASCACK VALLEY MEDICAL,250 OLD HOOK ROAD,WESTWOOD,NJ,07675,BERGEN,22.000000000000,5.500000000000,22.000000000000,5.500000000000,66.666666666667,16.666666666667,0.000000000000,0.000000000000,27.666666666667
2026,320002,CHRISTUS ST VINCENT REGIONAL MEDICAL CENTER,455 ST MICHAEL'S DRIVE,SANTA FE,NM,87505,SANTA FE,52.500000000000,13.125000000000,25.000000000000,6.250000000000,31.666666666667,7.916666666667,40.000000000000,10.000000000000,37.291666666667
2026,320004,CHRISTUS SOUTHERN NEW MEXICO,2669 SCENIC DRIVE,ALAMOGORDO,NM,88310,OTERO,2.000000000000,0.500000000000,54.000000000000,13.500000000000,82.500000000000,20.625000000000,40.000000000000,10.000000000000,44.625000000000
2026,320005,SAN JUAN REGIONAL MEDICAL CENTER INC,801 WEST MAPLE STREET,FARMINGTON,NM,87401,SAN JUAN,10.000000000000,2.500000000000,14.000000000000,3.500000000000,25.000000000000,6.250000000000,20.000000000000,5.000000000000,17.250000000000
2026,320006,EASTERN NEW MEXICO MEDICAL CENTER,405 W COUNTRY CLUB ROAD,ROSWELL,NM,88201,CHAVES,7.500000000000,1.875000000000,20.000000000000,5.000000000000,57.500000000000,14.375000000000,50.000000000000,12.500000000000,33.750000000000
2026,320009,LOVELACE MEDICAL CENTER,601 DR MARTIN LUTHER KING JR AVE NE,ALBUQUERQUE,NM,87102,BERNALILLO,11.666666666667,2.916666666667,26.000000000000,6.500000000000,46.666666666667,11.666666666667,0.000000000000,0.000000000000,21.083333333333
2026,320011,PRESBYTERIAN ESPANOLA HOSPITAL,1010 SPRUCE STREET,ESPANOLA,NM,87532,RIO ARRIBA,Not Available,Not Available,51.000000000000,17.000000000000,15.000000000000,5.000000000000,100.000000000000,33.333333333333,55.333333333333
2026,320017,LOVELACE WOMEN'S HOSPITAL,4701 MONTGOMERY BOULEVARD NE,ALBUQUERQUE,NM,87109,BERNALILLO,45.000000000000,11.250000000000,30.000000000000,7.500000000000,72.000000000000,18.000000000000,20.000000000000,5.000000000000,41.750000000000
2026,320018,MEMORIAL MEDICAL CENTER,2450 SOUTH TELSHOR BLVD,LAS CRUCES,NM,88011,DONA ANA,14.000000000000,3.500000000000,16.000000000000,4.000000000000,66.666666666667,16.666666666667,10.000000000000,2.500000000000,26.666666666667
2026,320021,PRESBYTERIAN HOSPITAL,1100 CENTRAL AVENUE SE,ALBUQUERQUE,NM,87106,BERNALILLO,56.666666666667,14.166666666667,30.000000000000,7.500000000000,20.000000000000,5.000000000000,30.000000000000,7.500000000000,34.166666666667
2026,320022,PLAINS REGIONAL MEDICAL CENTER,"2100 N MARTIN LUTHER KING, JR, BLVD",CLOVIS,NM,88101,CURRY,2.500000000000,0.625000000000,26.000000000000,6.500000000000,5.000000000000,1.250000000000,80.000000000000,20.000000000000,28.375000000000
2026,320059,NORTHERN NAVAJO MEDICAL CENTER,US HWY 491 NORTH,SHIPROCK,NM,87420,SAN JUAN,0.000000000000,0.000000000000,16.000000000000,4.000000000000,60.000000000000,15.000000000000,50.000000000000,12.500000000000,31.500000000000
2026,320061,GALLUP INDIAN MEDICAL CENTER,516 E NIZHONI BLVD,GALLUP,NM,87301,MCKINLEY,25.000000000000,6.250000000000,5.000000000000,1.250000000000,43.333333333333,10.833333333333,100.000000000000,25.000000000000,43.333333333333
2026,320063,CARLSBAD MEDICAL CENTER,2430 WEST PIERCE STREET,CARLSBAD,NM,88220,EDDY,22.500000000000,5.625000000000,14.000000000000,3.500000000000,46.666666666667,11.666666666667,0.000000000000,0.000000000000,20.791666666667
2026,320065,COVENANT HEALTH HOBBS HOSPITAL,5419 N LOVINGTON HIGHWAY,HOBBS,NM,88240,LEA,0.000000000000,0.000000000000,Not Available,Not Available,0.000000000000,0.000000000000,0.000000000000,0.000000000000,0.000000000000
2026,320074,LOVELACE WESTSIDE HOSPITAL,10501 GOLF COURSE ROAD NW,ALBUQUERQUE,NM,87114,BERNALILLO,35.000000000000,8.750000000000,21.000000000000,5.250000000000,80.000000000000,20.000000000000,30.000000000000,7.500000000000,41.500000000000
2026,320085,MOUNTAIN VIEW REGIONAL MEDICAL CENTER,4311 EAST LOHMAN AVENUE,LAS CRUCES,NM,88011,DONA ANA,10.000000000000,2.500000000000,17.000000000000,4.250000000000,55.000000000000,13.750000000000,0.000000000000,0.000000000000,20.500000000000
2026,320086,LOVELACE REGIONAL HOSPITAL - ROSWELL,117 EAST 19TH STREET,ROSWELL,NM,88201,CHAVES,0.000000000000,0.000000000000,50.000000000000,16.666666666667,Not Available,Not Available,70.000000000000,23.333333333333,40.000000000000
2026,320090,PRESBYTERIAN SANTA FE MEDICAL CENTER,4801 BECKNER ROAD,SANTA FE,NM,87507,SANTA FE,35.000000000000,8.750000000000,34.000000000000,8.500000000000,30.000000000000,7.500000000000,100.000000000000,25.000000000000,49.750000000000
2026,320091,THREE CROSSES REGIONAL HOSPITAL LLC,2560 SAMARITAN DRIVE,LAS CRUCES,NM,88001,DONA ANA,0.000000000000,0.000000000000,75.000000000000,18.750000000000,33.333333333333,8.333333333333,10.000000000000,2.500000000000,29.583333333333
2026,330005,KALEIDA HEALTH,100 HIGH STREET,BUFFALO,NY,14210,ERIE,70.000000000000,17.500000000000,16.000000000000,4.000000000000,20.000000000000,5.000000000000,20.000000000000,5.000000000000,31.500000000000
2026,330006,ST JOSEPH'S MEDICAL CENTER,127 SOUTH BROADWAY,YONKERS,NY,10701,WESTCHESTER,10.000000000000,2.500000000000,5.000000000000,1.250000000000,37.500000000000,9.375000000000,0.000000000000,0.000000000000,13.125000000000
2026,330009,BRONXCARE HOSPITAL CENTER,1276 FULTON AVENUE,BRONX,NY,10456,BRONX,40.000000000000,10.000000000000,30.000000000000,7.500000000000,21.666666666667,5.416666666667,20.000000000000,5.000000000000,27.916666666667
2026,330013,ALBANY MEDICAL CENTER HOSPITAL,"43 NEW SCOTLAND AVENUE, MAIL CODE 34",ALBANY,NY,12208,ALBANY,10.000000000000,2.500000000000,5.000000000000,1.250000000000,15.000000000000,3.750000000000,0.000000000000,0.000000000000,7.500000000000
2026,330014,JAMAICA HOSPITAL MEDICAL CENTER,89TH AVENUE AND VAN WYCK EXPRESSWAY,JAMAICA,NY,11418,QUEENS,32.500000000000,8.125000000000,20.000000000000,5.000000000000,50.000000000000,12.500000000000,0.000000000000,0.000000000000,25.625000000000
2026,330023,VASSAR BROTHERS MEDICAL CENTER,45 READE PLACE,POUGHKEEPSIE,NY,12601,DUTCHESS,64.000000000000,16.000000000000,30.000000000000,7.500000000000,31.666666666667,7.916666666667,10.000000000000,2.500000000000,33.916666666667
2026,330024,MOUNT SINAI HOSPITAL,ONE GUSTAVE L LEVY PLACE,NEW YORK,NY,10029,NEW YORK,51.666666666667,12.916666666667,27.000000000000,6.750000000000,23.333333333333,5.833333333333,10.000000000000,2.500000000000,28.000000000000
2026,330027,NASSAU UNIVERSITY MEDICAL CENTER,2201 HEMPSTEAD TURNPIKE,EAST MEADOW,NY,11554,NASSAU,25.000000000000,6.250000000000,2.000000000000,0.500000000000,36.000000000000,9.000000000000,0.000000000000,0.000000000000,15.750000000000
2026,330028,RICHMOND UNIVERSITY MEDICAL CENTER,355 BARD AVENUE,STATEN ISLAND,NY,10310,RICHMOND,28.000000000000,7.000000000000,8.000000000000,2.000000000000,25.000000000000,6.250000000000,20.000000000000,5.000000000000,20.250000000000
2026,330030,NEWARK-WAYNE COMMUNITY HOSPITAL,1200 DRIVING PARK AVENUE,NEWARK,NY,14513,WAYNE,26.666666666667,6.666666666667,25.000000000000,6.250000000000,17.500000000000,4.375000000000,70.000000000000,17.500000000000,34.791666666667
2026,330033,CHENANGO MEMORIAL HOSPITAL,179 NORTH BROAD STREET,NORWICH,NY,13815,CHENANGO,20.000000000000,5.000000000000,46.000000000000,11.500000000000,40.000000000000,10.000000000000,60.000000000000,15.000000000000,41.500000000000
2026,330043,NS/LIJ HS SOUTHSIDE HOSPITAL,301 EAST MAIN STREET,BAY SHORE,NY,11706,SUFFOLK,20.000000000000,5.000000000000,29.000000000000,7.250000000000,48.333333333333,12.083333333333,0.000000000000,0.000000000000,24.333333333333
2026,330045,NS/LIJ HS HUNTINGTON HOSPITAL,270 PARK AVENUE,HUNTINGTON,NY,11743,SUFFOLK,76.000000000000,19.000000000000,36.000000000000,9.000000000000,53.333333333333,13.333333333333,10.000000000000,2.500000000000,43.833333333333
2026,330046,MOUNT SINAI WEST,1000 TENTH AVENUE,NEW YORK,NY,10019,NEW YORK,65.000000000000,16.250000000000,13.000000000000,3.250000000000,28.333333333333,7.083333333333,10.000000000000,2.500000000000,29.083333333333
2026,330049,NORTHERN DUTCHESS HOSPITAL,6511 SPRINGBROOK AVENUE,RHINEBECK,NY,12572,DUTCHESS,42.000000000000,10.500000000000,51.000000000000,12.750000000000,46.000000000000,11.500000000000,20.000000000000,5.000000000000,39.750000000000
2026,330055,NEW YORK-PRESBYTERIAN/QUEENS,56-45 MAIN STREET,FLUSHING,NY,11355,QUEENS,66.000000000000,16.500000000000,23.000000000000,5.750000000000,60.000000000000,15.000000000000,0.000000000000,0.000000000000,37.250000000000
2026,330056,BROOKLYN HOSPITAL CENTER - DOWNTOWN CAMPUS,121 DEKALB AVENUE,BROOKLYN,NY,11201,KINGS,24.000000000000,6.000000000000,34.000000000000,8.500000000000,36.666666666667,9.166666666667,0.000000000000,0.000000000000,23.666666666667
2026,330057,ST PETER'S HOSPITAL,315 SOUTH MANNING BOULEVARD,ALBANY,NY,12208,ALBANY,30.000000000000,7.500000000000,10.000000000000,2.500000000000,15.000000000000,3.750000000000,20.000000000000,5.000000000000,18.750000000000
2026,330058,GENEVA GENERAL HOSPITAL,196 -198 NORTH STREET,GENEVA,NY,14456,ONTARIO,0.000000000000,0.000000000000,13.000000000000,3.250000000000,60.000000000000,15.000000000000,90.000000000000,22.500000000000,40.750000000000
2026,330059,MONTEFIORE MEDICAL CENTER,111 EAST 210TH STREET,BRONX,NY,10467,BRONX,75.000000000000,18.750000000000,25.000000000000,6.250000000000,20.000000000000,5.000000000000,0.000000000000,0.000000000000,30.000000000000
2026,330065,NIAGARA FALLS MEMORIAL MEDICAL CENTER,621 TENTH STREET,NIAGARA FALLS,NY,14302,NIAGARA,20.000000000000,5.000000000000,7.000000000000,1.750000000000,44.000000000000,11.000000000000,40.000000000000,10.000000000000,27.750000000000
2026,330073,UNITED MEMORIAL MEDICAL CENTER,127 NORTH STREET,BATAVIA,NY,14020,GENESEE,20.000000000000,5.000000000000,33.000000000000,8.250000000000,42.500000000000,10.625000000000,50.000000000000,12.500000000000,36.375000000000
2026,330074,F F THOMPSON HOSPITAL,350 PARRISH STREET,CANANDAIGUA,NY,14424,ONTARIO,0.000000000000,0.000000000000,34.000000000000,8.500000000000,25.000000000000,6.250000000000,70.000000000000,17.500000000000,32.250000000000
2026,330078,SISTERS OF CHARITY HOSPITAL,2157 MAIN STREET,BUFFALO,NY,14214,ERIE,26.666666666667,6.666666666667,22.000000000000,5.500000000000,41.666666666667,10.416666666667,30.000000000000,7.500000000000,30.083333333333
2026,330079,ADIRONDACK MEDICAL CENTER - SARANAC LAKE,"2233 STATE ROUTE 86, PO BOX 471",SARANAC LAKE,NY,12983,FRANKLIN,27.500000000000,6.875000000000,93.000000000000,23.250000000000,50.000000000000,12.500000000000,80.000000000000,20.000000000000,62.625000000000
2026,330080,LINCOLN MEDICAL & MENTAL HEALTH CENTER,234 EAST 149TH STREET,BRONX,NY,10451,BRONX,25.000000000000,6.250000000000,11.000000000000,2.750000000000,30.000000000000,7.500000000000,0.000000000000,0.000000000000,16.500000000000
2026,330085,AURELIA OSBORN FOX MEMORIAL HOSPITAL,ONE NORTON AVENUE,ONEONTA,NY,13820,OTSEGO,20.000000000000,5.000000000000,33.000000000000,8.250000000000,50.000000000000,12.500000000000,30.000000000000,7.500000000000,33.250000000000
2026,330086,MONTEFIORE MOUNT VERNON HOSPITAL,12 NORTH 7TH AVENUE,MOUNT VERNON,NY,10550,WESTCHESTER,Not Available,Not Available,12.000000000000,4.000000000000,25.000000000000,8.333333333333,0.000000000000,0.000000000000,12.333333333333
2026,330090,ARNOT OGDEN MEDICAL CENTER,600 ROE AVENUE,ELMIRA,NY,14905,CHEMUNG,0.000000000000,0.000000000000,24.000000000000,6.000000000000,35.000000000000,8.750000000000,40.000000000000,10.000000000000,24.750000000000
2026,330096,JONES MEMORIAL HOSPITAL,191 NORTH MAIN STREET,WELLSVILLE,NY,14895,ALLEGANY,43.333333333333,10.833333333333,39.000000000000,9.750000000000,30.000000000000,7.500000000000,60.000000000000,15.000000000000,43.083333333333
2026,330101,NEW YORK-PRESBYTERIAN HOSPITAL,525 EAST 68TH STREET,NEW YORK,NY,10065,NEW YORK,83.333333333333,20.833333333333,36.000000000000,9.000000000000,16.666666666667,4.166666666667,20.000000000000,5.000000000000,39.000000000000
2026,330102,KENMORE MERCY HOSPITAL,2950 ELMWOOD AVENUE,KENMORE,NY,14217,ERIE,0.000000000000,0.000000000000,46.000000000000,11.500000000000,25.000000000000,6.250000000000,0.000000000000,0.000000000000,17.750000000000
2026,330103,OLEAN GENERAL HOSPITAL,515 MAIN STREET,OLEAN,NY,14760,CATTARAUGUS,18.000000000000,4.500000000000,23.000000000000,5.750000000000,31.666666666667,7.916666666667,30.000000000000,7.500000000000,25.666666666667
2026,330104,NYACK HOSPITAL,160 NORTH MIDLAND AVENUE,NYACK,NY,10960,ROCKLAND,38.000000000000,9.500000000000,22.000000000000,5.500000000000,35.000000000000,8.750000000000,0.000000000000,0.000000000000,23.750000000000
2026,330106,NORTH SHORE UNIVERSITY HOSPITAL,300 COMMUNITY DRIVE,MANHASSET,NY,11030,NASSAU,93.333333333333,23.333333333333,31.000000000000,7.750000000000,25.000000000000,6.250000000000,0.000000000000,0.000000000000,37.333333333333
2026,330107,PECONIC BAY MEDICAL CENTER,1 HEROS WAY,RIVERHEAD,NY,11901,SUFFOLK,36.000000000000,9.000000000000,25.000000000000,6.250000000000,55.000000000000,13.750000000000,0.000000000000,0.000000000000,29.000000000000
2026,330115,ONEIDA HEALTH HOSPITAL,321 GENESEE STREET,ONEIDA,NY,13421,MADISON,0.000000000000,0.000000000000,72.000000000000,18.000000000000,42.000000000000,10.500000000000,20.000000000000,5.000000000000,33.500000000000
2026,330119,LENOX HILL HOSPITAL,100 EAST 77TH STREET,NEW YORK,NY,10075,NEW YORK,65.000000000000,16.250000000000,23.000000000000,5.750000000000,48.333333333333,12.083333333333,0.000000000000,0.000000000000,34.083333333333
2026,330125,ROCHESTER GENERAL HOSPITAL,1425 PORTLAND AVENUE,ROCHESTER,NY,14621,MONROE,45.000000000000,11.250000000000,17.000000000000,4.250000000000,15.000000000000,3.750000000000,40.000000000000,10.000000000000,29.250000000000
2026,330126,GARNET HEALTH MEDICAL CENTER,707 EAST MAIN STREET,MIDDLETOWN,NY,10940,ORANGE,63.333333333333,15.833333333333,20.000000000000,5.000000000000,41.666666666667,10.416666666667,0.000000000000,0.000000000000,31.250000000000
2026,330127,JACOBI MEDICAL CENTER,1400 PELHAM PARKWAY SOUTH,BRONX,NY,10461,BRONX,33.333333333333,8.333333333333,12.000000000000,3.000000000000,26.666666666667,6.666666666667,0.000000000000,0.000000000000,18.000000000000
2026,330128,ELMHURST HOSPITAL CENTER,79-01 BROADWAY,ELMHURST,NY,11373,QUEENS,45.000000000000,11.250000000000,13.000000000000,3.250000000000,5.000000000000,1.250000000000,10.000000000000,2.500000000000,18.250000000000
2026,330135,BON SECOURS COMMUNITY HOSPITAL,160 EAST MAIN STREET,PORT JERVIS,NY,12771,ORANGE,12.500000000000,3.125000000000,20.000000000000,5.000000000000,15.000000000000,3.750000000000,50.000000000000,12.500000000000,24.375000000000
2026,330136,BASSETT HEALTHCARE,ONE ATWELL ROAD,COOPERSTOWN,NY,13326,OTSEGO,0.000000000000,0.000000000000,21.000000000000,5.250000000000,31.666666666667,7.916666666667,30.000000000000,7.500000000000,20.666666666667
2026,330140,ST JOSEPH'S HOSPITAL HEALTH CENTER,301 PROSPECT AVENUE,SYRACUSE,NY,13203,ONONDAGA,23.333333333333,5.833333333333,28.000000000000,7.000000000000,28.333333333333,7.083333333333,40.000000000000,10.000000000000,29.916666666667
2026,330141,LONG ISLAND COMMUNITY HOSPITAL,101 HOSPITAL ROAD,PATCHOGUE,NY,11772,SUFFOLK,50.000000000000,12.500000000000,38.000000000000,9.500000000000,60.000000000000,15.000000000000,10.000000000000,2.500000000000,39.500000000000
2026,330151,ST JAMES HOSPITAL,411 CANISTEO STREET,HORNELL,NY,14843,STEUBEN,23.333333333333,7.777777777778,36.000000000000,12.000000000000,Not Available,Not Available,30.000000000000,10.000000000000,29.777777777778
2026,330153,ELLIS HOSPITAL,1101 NOTT STREET,SCHENECTADY,NY,12308,SCHENECTADY,42.000000000000,10.500000000000,12.000000000000,3.000000000000,36.666666666667,9.166666666667,30.000000000000,7.500000000000,30.166666666667
2026,330157,SAMARITAN MEDICAL CENTER,830 WASHINGTON STREET,WATERTOWN,NY,13601,JEFFERSON,0.000000000000,0.000000000000,31.000000000000,7.750000000000,55.000000000000,13.750000000000,60.000000000000,15.000000000000,36.500000000000
2026,330158,GOOD SAMARITAN HOSPITAL OF SUFFERN,255 LAFAYETTE AVENUE,SUFFERN,NY,10901,ROCKLAND,23.333333333333,5.833333333333,23.000000000000,5.750000000000,60.000000000000,15.000000000000,0.000000000000,0.000000000000,26.583333333333
2026,330160,STATEN ISLAND UNIVERSITY HOSPITAL,475 SEAVIEW AVENUE,STATEN ISLAND,NY,10305,RICHMOND,30.000000000000,7.500000000000,13.000000000000,3.250000000000,60.000000000000,15.000000000000,0.000000000000,0.000000000000,25.750000000000
2026,330162,NORTHERN WESTCHESTER HOSPITAL,400 EAST MAIN STREET,MOUNT KISCO,NY,10549,WESTCHESTER,62.000000000000,15.500000000000,44.000000000000,11.000000000000,53.333333333333,13.333333333333,30.000000000000,7.500000000000,47.333333333333
2026,330164,HIGHLAND HOSPITAL,1000 SOUTH AVENUE,ROCHESTER,NY,14617,MONROE,50.000000000000,12.500000000000,20.000000000000,5.000000000000,30.000000000000,7.500000000000,70.000000000000,17.500000000000,42.500000000000
2026,330169,MOUNT SINAI BETH ISRAEL,281 1ST AVE,NEW YORK,NY,10003,NEW YORK,52.500000000000,13.125000000000,11.000000000000,2.750000000000,61.666666666667,15.416666666667,0.000000000000,0.000000000000,31.291666666667
2026,330175,GUTHRIE CORTLAND REGIONAL MEDICAL CENTER,134 HOMER AVENUE,CORTLAND,NY,13045,CORTLAND,23.333333333333,5.833333333333,15.000000000000,3.750000000000,50.000000000000,12.500000000000,40.000000000000,10.000000000000,32.083333333333
2026,330180,"SAMARITAN HOSPITAL OF TROY, NEW YORK",2215 BURDETT AVENUE,TROY,NY,12180,RENSSELAER,30.000000000000,7.500000000000,26.000000000000,6.500000000000,35.000000000000,8.750000000000,40.000000000000,10.000000000000,32.750000000000
2026,330181,NORTHWELL HOSPITAL GLEN COVE,101 ST ANDREWS LANE,GLEN COVE,NY,11542,NASSAU,57.500000000000,14.375000000000,53.000000000000,13.250000000000,57.500000000000,14.375000000000,0.000000000000,0.000000000000,42.000000000000
2026,330182,ST FRANCIS HOSPITAL - THE HEART CENTER,100 PORT WASHINGTON BOULEVARD,ROSLYN,NY,11576,NASSAU,66.666666666667,16.666666666667,65.000000000000,16.250000000000,58.333333333333,14.583333333333,0.000000000000,0.000000000000,47.500000000000
2026,330184,MONTEFIORE NEW ROCHELLE HOSPITAL,16 GUION PLACE,NEW ROCHELLE,NY,10802,WESTCHESTER,20.000000000000,5.000000000000,16.000000000000,4.000000000000,22.000000000000,5.500000000000,0.000000000000,0.000000000000,14.500000000000
2026,330185,JOHN T MATHER MEMORIAL HOSPITAL  OF PORT JEFFERSON,75 NORTH COUNTRY ROAD,PORT JEFFERSON,NY,11777,SUFFOLK,60.000000000000,15.000000000000,57.000000000000,14.250000000000,58.333333333333,14.583333333333,0.000000000000,0.000000000000,43.833333333333
2026,330188,MOUNT ST. MARY'S HOSPITAL & HEALTH CENTER,5300 MILITARY ROAD,LEWISTON,NY,14092,NIAGARA,23.333333333333,5.833333333333,45.000000000000,11.250000000000,30.000000000000,7.500000000000,20.000000000000,5.000000000000,29.583333333333
2026,330191,GLENS FALLS HOSPITAL,100 PARK STREET,GLENS FALLS,NY,12801,WARREN,0.000000000000,0.000000000000,31.000000000000,7.750000000000,33.333333333333,8.333333333333,50.000000000000,12.500000000000,28.583333333333
2026,330193,FLUSHING HOSPITAL MEDICAL CENTER,45TH AVENUE AND PARSONS BOULEVARD,FLUSHING,NY,11355,QUEENS,3.333333333333,0.833333333333,22.000000000000,5.500000000000,66.000000000000,16.500000000000,0.000000000000,0.000000000000,22.833333333333
2026,330194,MAIMONIDES MEDICAL CENTER,4802 TENTH AVENUE,BROOKLYN,NY,11219,KINGS,60.000000000000,15.000000000000,28.000000000000,7.000000000000,23.333333333333,5.833333333333,0.000000000000,0.000000000000,27.833333333333
2026,330195,LONG ISLAND JEWISH MEDICAL CENTER,270 - 05 76TH AVENUE,NEW HYDE PARK,NY,11040,NASSAU,46.000000000000,11.500000000000,19.000000000000,4.750000000000,45.000000000000,11.250000000000,0.000000000000,0.000000000000,27.500000000000
2026,330196,SOUTH BROOKLYN HEALTH,2601 OCEAN PARKWAY,BROOKLYN,NY,11235,KINGS,17.500000000000,4.375000000000,44.000000000000,11.000000000000,58.333333333333,14.583333333333,0.000000000000,0.000000000000,29.958333333333
2026,330197,CANTON-POTSDAM HOSPITAL,50 LEROY STREET,POTSDAM,NY,13676,ST. LAWRENCE,17.500000000000,4.375000000000,48.000000000000,12.000000000000,27.500000000000,6.875000000000,30.000000000000,7.500000000000,30.750000000000
2026,330198,MOUNT SINAI SOUTH NASSAU,ONE HEALTHY WAY,OCEANSIDE,NY,11572,NASSAU,40.000000000000,10.000000000000,14.000000000000,3.500000000000,53.333333333333,13.333333333333,0.000000000000,0.000000000000,26.833333333333
2026,330199,METROPOLITAN HOSPITAL CENTER,1901 FIRST AVENUE,NEW YORK,NY,10029,NEW YORK,Not Available,Not Available,13.000000000000,4.333333333333,66.000000000000,22.000000000000,0.000000000000,0.000000000000,26.333333333333
2026,330202,KINGS COUNTY HOSPITAL CENTER,451 CLARKSON AVENUE,BROOKLYN,NY,11203,KINGS,10.000000000000,2.500000000000,12.000000000000,3.000000000000,15.000000000000,3.750000000000,0.000000000000,0.000000000000,9.250000000000
2026,330203,CROUSE HOSPITAL,736 IRVING AVENUE,SYRACUSE,NY,13210,ONONDAGA,18.000000000000,4.500000000000,21.000000000000,5.250000000000,38.333333333333,9.583333333333,20.000000000000,5.000000000000,24.333333333333
2026,330204,BELLEVUE HOSPITAL CENTER,462 FIRST AVENUE,NEW YORK,NY,10016,NEW YORK,70.000000000000,17.500000000000,11.000000000000,2.750000000000,26.666666666667,6.666666666667,50.000000000000,12.500000000000,39.416666666667
2026,330205,ST ANTHONY COMMUNITY HOSPITAL,15 MAPLE AVENUE -19,WARWICK,NY,10990,ORANGE,16.000000000000,4.000000000000,54.000000000000,13.500000000000,25.000000000000,6.250000000000,30.000000000000,7.500000000000,31.250000000000
2026,330208,ST JOHN'S RIVERSIDE HOSPITAL,976 NORTH BROADWAY,YONKERS,NY,10701,WESTCHESTER,24.000000000000,6.000000000000,19.000000000000,4.750000000000,40.000000000000,10.000000000000,0.000000000000,0.000000000000,20.750000000000
2026,330214,NYU LANGONE HOSPITALS,550 FIRST AVENUE,NEW YORK,NY,10016,NEW YORK,85.000000000000,21.250000000000,38.000000000000,9.500000000000,35.000000000000,8.750000000000,10.000000000000,2.500000000000,42.000000000000
2026,330215,"ROME MEMORIAL HOSPITAL, INC",1500 NORTH JAMES STREET,ROME,NY,13440,ONEIDA,0.000000000000,0.000000000000,14.000000000000,3.500000000000,10.000000000000,2.500000000000,40.000000000000,10.000000000000,16.000000000000
2026,330218,OSWEGO HOSPITAL,110 WEST SIXTH STREET,OSWEGO,NY,13069,OSWEGO,0.000000000000,0.000000000000,45.000000000000,11.250000000000,26.666666666667,6.666666666667,10.000000000000,2.500000000000,20.416666666667
2026,330219,ERIE COUNTY MEDICAL CENTER,462 GRIDER STREET,BUFFALO,NY,14215,ERIE,10.000000000000,2.500000000000,17.000000000000,4.250000000000,43.333333333333,10.833333333333,10.000000000000,2.500000000000,20.083333333333
2026,330221,WYCKOFF HEIGHTS MEDICAL CENTER,374 STOCKHOLM STREET,BROOKLYN,NY,11237,KINGS,40.000000000000,10.000000000000,8.000000000000,2.000000000000,35.000000000000,8.750000000000,0.000000000000,0.000000000000,20.750000000000
2026,330222,SARATOGA HOSPITAL,211 CHURCH STREET,SARATOGA SPRINGS,NY,12866,SARATOGA,10.000000000000,2.500000000000,54.000000000000,13.500000000000,38.333333333333,9.583333333333,60.000000000000,15.000000000000,40.583333333333
2026,330224,HEALTHALLIANCE HOSPITAL MARYS AVENUE CAMPUS,105 MARY'S AVENUE,KINGSTON,NY,12401,ULSTER,15.000000000000,3.750000000000,5.000000000000,1.250000000000,45.000000000000,11.250000000000,10.000000000000,2.500000000000,18.750000000000
2026,330226,UNITY HOSPITAL,1555 LONG POND ROAD,ROCHESTER,NY,14626,MONROE,34.000000000000,8.500000000000,21.000000000000,5.250000000000,33.333333333333,8.333333333333,40.000000000000,10.000000000000,32.083333333333
2026,330229,"BROOKS-TLC HOSPITAL SYSTEM, INC",529 CENTRAL AVENUE,DUNKIRK,NY,14048,CHAUTAUQUA,0.000000000000,0.000000000000,46.000000000000,11.500000000000,0.000000000000,0.000000000000,50.000000000000,12.500000000000,24.000000000000
2026,330231,QUEENS HOSPITAL CENTER,82-68 164TH STREET,JAMAICA,NY,11432,QUEENS,32.500000000000,8.125000000000,24.000000000000,6.000000000000,33.333333333333,8.333333333333,10.000000000000,2.500000000000,24.958333333333
2026,330233,BROOKDALE HOSPITAL MEDICAL CENTER,1 BROOKDALE PLAZA,BROOKLYN,NY,11212,KINGS,10.000000000000,2.500000000000,11.000000000000,2.750000000000,45.000000000000,11.250000000000,0.000000000000,0.000000000000,16.500000000000
2026,330234,WESTCHESTER MEDICAL CENTER,100 WOODS RD,VALHALLA,NY,10595,WESTCHESTER,26.666666666667,6.666666666667,12.000000000000,3.000000000000,31.666666666667,7.916666666667,0.000000000000,0.000000000000,17.583333333333
2026,330235,AUBURN  COMMUNITY  HOSPITAL,17 LANSING STREET,AUBURN,NY,13021,CAYUGA,0.000000000000,0.000000000000,36.000000000000,9.000000000000,57.500000000000,14.375000000000,30.000000000000,7.500000000000,30.875000000000
2026,330238,NICHOLAS H NOYES MEMORIAL HOSPITAL,111  CLARA BARTON STREET,DANSVILLE,NY,14437,LIVINGSTON,10.000000000000,2.500000000000,29.000000000000,7.250000000000,62.500000000000,15.625000000000,100.000000000000,25.000000000000,50.375000000000
2026,330240,HARLEM HOSPITAL CENTER,506 LENOX AVENUE,NEW YORK,NY,10037,NEW YORK,46.666666666667,11.666666666667,13.000000000000,3.250000000000,45.000000000000,11.250000000000,30.000000000000,7.500000000000,33.666666666667
2026,330241,UNIVERSITY HOSPITAL S U N Y HEALTH SCIENCE CENTER,750 EAST ADAMS STREET,SYRACUSE,NY,13210,ONONDAGA,50.000000000000,12.500000000000,35.000000000000,8.750000000000,13.333333333333,3.333333333333,10.000000000000,2.500000000000,27.083333333333
2026,330246,ST CHARLES HOSPITAL,200 BELLE TERRE ROAD,PORT JEFFERSON,NY,11777,SUFFOLK,16.000000000000,4.000000000000,40.000000000000,10.000000000000,88.000000000000,22.000000000000,0.000000000000,0.000000000000,36.000000000000
2026,330250,CHAMPLAIN VALLEY PHYSICIANS HOSPITAL MEDICAL CTR,75 BEEKMAN STREET,PLATTSBURGH,NY,12901,CLINTON,16.000000000000,4.000000000000,36.000000000000,9.000000000000,16.666666666667,4.166666666667,10.000000000000,2.500000000000,19.666666666667
2026,330259,MERCY MEDICAL CENTER,1000 NORTH VILLAGE AVENUE,ROCKVILLE CENTRE,NY,11571,NASSAU,30.000000000000,7.500000000000,37.000000000000,9.250000000000,86.666666666667,21.666666666667,10.000000000000,2.500000000000,40.916666666667
2026,330261,PHELPS HOSPITAL,701 NORTH BROADWAY,SLEEPY HOLLOW,NY,10591,WESTCHESTER,15.000000000000,3.750000000000,16.000000000000,4.000000000000,76.666666666667,19.166666666667,0.000000000000,0.000000000000,26.916666666667
2026,330264,MONTEFIORE ST LUKE'S CORNWALL,70 DUBOIS STREET,NEWBURGH,NY,12550,ORANGE,32.000000000000,8.000000000000,16.000000000000,4.000000000000,28.333333333333,7.083333333333,0.000000000000,0.000000000000,19.083333333333
2026,330265,CLIFTON SPRINGS HOSPITAL AND CLINIC,2 COULTER ROAD,CLIFTON SPRINGS,NY,14432,ONTARIO,10.000000000000,2.500000000000,55.000000000000,13.750000000000,40.000000000000,10.000000000000,100.000000000000,25.000000000000,51.250000000000
2026,330267,HUDSON VALLEY HOSPITAL CENTER,1980 CROMPOND ROAD,CORTLANDT MANOR,NY,10567,WESTCHESTER,40.000000000000,10.000000000000,42.000000000000,10.500000000000,83.333333333333,20.833333333333,0.000000000000,0.000000000000,41.333333333333
2026,330273,PUTNAM HOSPITAL CENTER,670 STONELEIGH AVENUE,CARMEL,NY,10512,PUTNAM,40.000000000000,10.000000000000,41.000000000000,10.250000000000,30.000000000000,7.500000000000,0.000000000000,0.000000000000,27.750000000000
2026,330276,NATHAN LITTAUER HOSPITAL,99 EAST STATE STREET,GLOVERSVILLE,NY,12078,FULTON,0.000000000000,0.000000000000,40.000000000000,10.000000000000,65.000000000000,16.250000000000,90.000000000000,22.500000000000,48.750000000000
2026,330277,CORNING HOSPITAL,1 GUTHRIE DRIVE,CORNING,NY,14830,STEUBEN,30.000000000000,7.500000000000,28.000000000000,7.000000000000,22.500000000000,5.625000000000,50.000000000000,12.500000000000,32.625000000000
2026,330279,MERCY HOSPITAL OF BUFFALO,565 ABBOTT ROAD,BUFFALO,NY,14220,ERIE,6.000000000000,1.500000000000,21.000000000000,5.250000000000,41.666666666667,10.416666666667,20.000000000000,5.000000000000,22.166666666667
2026,330286,GOOD SAMARITAN HOSPITAL MEDICAL CENTER,1000 MONTAUK HIGHWAY,WEST ISLIP,NY,11795,SUFFOLK,8.333333333333,2.083333333333,25.000000000000,6.250000000000,71.666666666667,17.916666666667,0.000000000000,0.000000000000,26.250000000000
2026,330304,WHITE PLAINS HOSPITAL CENTER,41 EAST POST R0AD,WHITE PLAINS,NY,10601,WESTCHESTER,63.333333333333,15.833333333333,38.000000000000,9.500000000000,43.333333333333,10.833333333333,0.000000000000,0.000000000000,36.166666666667
2026,330307,CAYUGA MEDICAL CENTER AT ITHACA,101 DATES DRIVE,ITHACA,NY,14850,TOMPKINS,16.000000000000,4.000000000000,34.000000000000,8.500000000000,23.333333333333,5.833333333333,0.000000000000,0.000000000000,18.333333333333
2026,330331,PLAINVIEW HOSPITAL,888 OLD COUNTRY ROAD,PLAINVIEW,NY,11803,NASSAU,44.000000000000,11.000000000000,33.000000000000,8.250000000000,78.333333333333,19.583333333333,10.000000000000,2.500000000000,41.333333333333
2026,330332,CHSLI ST JOSEPH HOSPITAL,4295 HEMPSTEAD TURNPIKE,BETHPAGE,NY,11714,NASSAU,27.500000000000,6.875000000000,26.000000000000,6.500000000000,50.000000000000,12.500000000000,0.000000000000,0.000000000000,25.875000000000
2026,330350,SUNY/DOWNSTATE UNIVERSITY HOSPITAL OF BROOKLYN,445 LENOX ROAD,BROOKLYN,NY,11203,KINGS,27.500000000000,6.875000000000,29.000000000000,7.250000000000,26.000000000000,6.500000000000,0.000000000000,0.000000000000,20.625000000000
2026,330386,GARNET HEALTH  MEDICAL CENTER CATSKILLS,"68 HARRIS BUSHVILLE ROAD, P O BOX 800",HARRIS,NY,12742,SULLIVAN,36.666666666667,9.166666666667,18.000000000000,4.500000000000,0.000000000000,0.000000000000,30.000000000000,7.500000000000,21.166666666667
2026,330393,SUNY/STONY BROOK UNIVERSITY HOSPITAL,HEALTH SCIENCES CENTER SUNY,STONY BROOK,NY,11794,SUFFOLK,73.333333333333,18.333333333333,27.000000000000,6.750000000000,30.000000000000,7.500000000000,10.000000000000,2.500000000000,35.083333333333
2026,330394,"UNITED HEALTH SERVICES HOSPITALS, INC",10-42 MITCHELL AVENUE,BINGHAMTON,NY,13903,BROOME,1.666666666667,0.416666666667,23.000000000000,5.750000000000,20.000000000000,5.000000000000,30.000000000000,7.500000000000,18.666666666667
2026,330396,WOODHULL MEDICAL & MENTAL HEALTH CENTER,760 BROADWAY,BROOKLYN,NY,11206,KINGS,30.000000000000,7.500000000000,35.000000000000,8.750000000000,40.000000000000,10.000000000000,30.000000000000,7.500000000000,33.750000000000
2026,330399,ST BARNABAS HOSPITAL,4422 THIRD AVENUE,BRONX,NY,10457,BRONX,15.000000000000,3.750000000000,21.000000000000,5.250000000000,36.666666666667,9.166666666667,0.000000000000,0.000000000000,18.166666666667
2026,330401,ST CATHERINE OF SIENA HOSPITAL,50 ROUTE 25A,SMITHTOWN,NY,11787,SUFFOLK,30.000000000000,7.500000000000,33.000000000000,8.250000000000,60.000000000000,15.000000000000,10.000000000000,2.500000000000,33.250000000000
2026,340001,CAROLINAS MEDICAL CENTER-NORTHEAST,920 CHURCH ST N,CONCORD,NC,28025,CABARRUS,45.000000000000,11.250000000000,47.000000000000,11.750000000000,35.000000000000,8.750000000000,50.000000000000,12.500000000000,44.250000000000
2026,340002,MEMORIAL MISSION HOSPITAL AND ASHEVILLE SURGERY CE,509 BILTMORE AVE,ASHEVILLE,NC,28801,BUNCOMBE,38.333333333333,9.583333333333,13.000000000000,3.250000000000,20.000000000000,5.000000000000,0.000000000000,0.000000000000,17.833333333333
2026,340003,NORTHERN REGIONAL HOSPITAL,830 ROCKFORD ST,MOUNT AIRY,NC,27030,SURRY,20.000000000000,5.000000000000,70.000000000000,17.500000000000,24.000000000000,6.000000000000,40.000000000000,10.000000000000,38.500000000000
2026,340004,HIGH POINT REGIONAL HEALTH SYSTEM,601 N ELM ST,HIGH POINT,NC,27261,GUILFORD,7.500000000000,1.875000000000,20.000000000000,5.000000000000,15.000000000000,3.750000000000,30.000000000000,7.500000000000,18.125000000000
2026,340008,SCOTLAND MEMORIAL HOSPITAL,500 LAUCHWOOD DR,LAURINBURG,NC,28352,SCOTLAND,4.000000000000,1.000000000000,40.000000000000,10.000000000000,58.000000000000,14.500000000000,40.000000000000,10.000000000000,35.500000000000
2026,340010,UNC HEALTH CARE WAYNE,2700 WAYNE MEMORIAL DR,GOLDSBORO,NC,27534,WAYNE,42.500000000000,10.625000000000,23.000000000000,5.750000000000,26.666666666667,6.666666666667,20.000000000000,5.000000000000,28.041666666667
2026,340013,RUTHERFORD REGIONAL MEDICAL CENTER,288 SOUTH RIDGECREST AVE,RUTHERFORDTON,NC,28139,RUTHERFORD,38.000000000000,9.500000000000,38.000000000000,9.500000000000,2.500000000000,0.625000000000,40.000000000000,10.000000000000,29.625000000000
2026,340014,NOVANT HEALTH FORSYTH MEDICAL CENTER,3333 SILAS CREEK PARKWAY,WINSTON-SALEM,NC,27103,FORSYTH,28.333333333333,7.083333333333,20.000000000000,5.000000000000,30.000000000000,7.500000000000,30.000000000000,7.500000000000,27.083333333333
2026,340015,NOVANT HEALTH ROWAN MEDICAL CENTER,612 MOCKSVILLE AVE,SALISBURY,NC,28144,ROWAN,6.000000000000,1.500000000000,24.000000000000,6.000000000000,76.666666666667,19.166666666667,10.000000000000,2.500000000000,29.166666666667
2026,340016,HARRIS REGIONAL HOSPITAL,68 HOSPITAL RD,SYLVA,NC,28779,JACKSON,25.000000000000,6.250000000000,47.000000000000,11.750000000000,42.000000000000,10.500000000000,0.000000000000,0.000000000000,28.500000000000
2026,340017,PARDEE HOSPITAL HENDERSON COUNTY,800 N JUSTICE ST,HENDERSONVILLE,NC,28791,HENDERSON,20.000000000000,5.000000000000,62.000000000000,15.500000000000,26.666666666667,6.666666666667,10.000000000000,2.500000000000,29.666666666667
2026,340020,CENTRAL CAROLINA HOSPITAL,1135 CARTHAGE ST,SANFORD,NC,27330,LEE,3.333333333333,0.833333333333,40.000000000000,10.000000000000,10.000000000000,2.500000000000,20.000000000000,5.000000000000,18.333333333333
2026,340021,ATRIUM HEALTH CLEVELAND,201 E GROVER ST,SHELBY,NC,28150,CLEVELAND,8.000000000000,2.000000000000,45.000000000000,11.250000000000,51.666666666667,12.916666666667,20.000000000000,5.000000000000,31.166666666667
2026,340023,ADVENTHEALTH HENDERSONVILLE,100 HOSPITAL DRIVE,HENDERSONVILLE,NC,28792,HENDERSON,33.333333333333,8.333333333333,74.000000000000,18.500000000000,42.500000000000,10.625000000000,40.000000000000,10.000000000000,47.458333333333
2026,340024,SAMPSON REGIONAL MEDICAL CENTER,607 BEAMAN ST,CLINTON,NC,28328,SAMPSON,13.333333333333,3.333333333333,50.000000000000,12.500000000000,46.666666666667,11.666666666667,20.000000000000,5.000000000000,32.500000000000
2026,340027,UNC LENOIR HEALTH CARE,100 AIRPORT RD,KINSTON,NC,28501,LENOIR,20.000000000000,5.000000000000,36.000000000000,9.000000000000,62.000000000000,15.500000000000,40.000000000000,10.000000000000,39.500000000000
2026,340028,CAPE FEAR VALLEY MEDICAL CENTER,1638 OWEN DRIVE P O BOX 2000,FAYETTEVILLE,NC,28302,CUMBERLAND,22.000000000000,5.500000000000,29.000000000000,7.250000000000,6.666666666667,1.666666666667,10.000000000000,2.500000000000,16.916666666667
2026,340030,DUKE UNIVERSITY HOSPITAL,2301  ERWIN RD,DURHAM,NC,27705,DURHAM,65.000000000000,16.250000000000,66.000000000000,16.500000000000,26.666666666667,6.666666666667,20.000000000000,5.000000000000,44.416666666667
2026,340032,CAROMONT REGIONAL MEDICAL CENTER,2525 COURT DR,GASTONIA,NC,28052,GASTON,25.000000000000,6.250000000000,18.000000000000,4.500000000000,65.000000000000,16.250000000000,20.000000000000,5.000000000000,32.000000000000
2026,340039,IREDELL MEMORIAL HOSPITAL INC,557 BROOKDALE DR,STATESVILLE,NC,28677,IREDELL,6.000000000000,1.500000000000,39.000000000000,9.750000000000,35.000000000000,8.750000000000,30.000000000000,7.500000000000,27.500000000000
2026,340040,ECU HEALTH MEDICAL CENTER,2100 STANTONSBURG RD,GREENVILLE,NC,27834,PITT,13.333333333333,3.333333333333,30.000000000000,7.500000000000,16.666666666667,4.166666666667,0.000000000000,0.000000000000,15.000000000000
2026,340041,CALDWELL MEMORIAL HOSPITAL,321 MULBERRY ST SW,LENOIR,NC,28645,CALDWELL,12.000000000000,3.000000000000,32.000000000000,8.000000000000,40.000000000000,10.000000000000,0.000000000000,0.000000000000,21.000000000000
2026,340042,ONSLOW MEMORIAL HOSPITAL,317 WESTERN BOULEVARD,JACKSONVILLE,NC,28546,ONSLOW,0.000000000000,0.000000000000,17.000000000000,4.250000000000,53.333333333333,13.333333333333,0.000000000000,0.000000000000,17.583333333333
2026,340047,NORTH CAROLINA BAPTIST HOSPITAL,MEDICAL CENTER BOULEVARD,WINSTON-SALEM,NC,27157,FORSYTH,18.333333333333,4.583333333333,45.000000000000,11.250000000000,26.666666666667,6.666666666667,20.000000000000,5.000000000000,27.500000000000
2026,340050,SOUTHEASTERN REGIONAL MEDICAL CENTER,300 W 27 ST  PO BOX 1408,LUMBERTON,NC,28359,ROBESON,0.000000000000,0.000000000000,46.000000000000,11.500000000000,62.000000000000,15.500000000000,60.000000000000,15.000000000000,42.000000000000
2026,340051,WATAUGA MEDICAL CENTER,336 DEERFIELD ROAD,BOONE,NC,28607,WATAUGA,10.000000000000,2.500000000000,71.000000000000,17.750000000000,32.000000000000,8.000000000000,30.000000000000,7.500000000000,35.750000000000
2026,340053,NOVANT HEALTH PRESBYTERIAN MEDICAL CENTER,200 HAWTHORNE LANE BOX 33549,CHARLOTTE,NC,28233,MECKLENBURG,26.666666666667,6.666666666667,29.000000000000,7.250000000000,40.000000000000,10.000000000000,10.000000000000,2.500000000000,26.416666666667
2026,340060,UNC ROCKINGHAM,117 E KINGS HIGHWAY,EDEN,NC,27288,ROCKINGHAM,60.000000000000,15.000000000000,50.000000000000,12.500000000000,40.000000000000,10.000000000000,30.000000000000,7.500000000000,45.000000000000
2026,340061,UNC HOSPITALS,101 MANNING DRIVE,CHAPEL HILL,NC,27514,ORANGE,46.666666666667,11.666666666667,57.000000000000,14.250000000000,6.666666666667,1.666666666667,20.000000000000,5.000000000000,32.583333333333
2026,340064,WILKES REGIONAL MEDICAL CENTER,1370 WEST D ST,NORTH WILKESBORO,NC,28659,WILKES,40.000000000000,10.000000000000,34.000000000000,8.500000000000,54.000000000000,13.500000000000,20.000000000000,5.000000000000,37.000000000000
2026,340068,COLUMBUS REGIONAL HEALTHCARE SYSTEM,500 JEFFERSON ST,WHITEVILLE,NC,28472,COLUMBUS,2.500000000000,0.625000000000,26.000000000000,6.500000000000,40.000000000000,10.000000000000,0.000000000000,0.000000000000,17.125000000000
2026,340069,"WAKEMED, RALEIGH CAMPUS",3000 NEW BERN AVE,RALEIGH,NC,27610,WAKE,30.000000000000,7.500000000000,40.000000000000,10.000000000000,50.000000000000,12.500000000000,10.000000000000,2.500000000000,32.500000000000
2026,340070,ALAMANCE REGIONAL MEDICAL CENTER,1240 HUFFMAN MILL RD,BURLINGTON,NC,27216,ALAMANCE,12.000000000000,3.000000000000,28.000000000000,7.000000000000,50.000000000000,12.500000000000,40.000000000000,10.000000000000,32.500000000000
2026,340071,BETSY JOHNSON REGIONAL HOSPITAL,800 TILGHMAN DR,DUNN,NC,28334,HARNETT,17.500000000000,4.375000000000,47.000000000000,11.750000000000,7.500000000000,1.875000000000,40.000000000000,10.000000000000,28.000000000000
2026,340075,"BLUE RIDGE HEALTHCARE HOSPITALS, INC",2201 S STERLING ST,MORGANTON,NC,28655,BURKE,0.000000000000,0.000000000000,26.000000000000,6.500000000000,66.666666666667,16.666666666667,0.000000000000,0.000000000000,23.166666666667
2026,340085,NOVANT HEALTH THOMASVILLE MEDICAL CENTER,207 OLD LEXINGTON RD BOX 789,THOMASVILLE,NC,27360,DAVIDSON,3.333333333333,0.833333333333,38.000000000000,9.500000000000,32.500000000000,8.125000000000,40.000000000000,10.000000000000,28.458333333333
2026,340087,THE MCDOWELL HOSPITAL,430 RANKIN DRIVE P O BOX 730,MARION,NC,28752,MCDOWELL,6.666666666667,1.666666666667,38.000000000000,9.500000000000,25.000000000000,6.250000000000,10.000000000000,2.500000000000,19.916666666667
2026,340090,JOHNSTON HEALTH,509 BRIGHT LEAF BLVD,SMITHFIELD,NC,27577,JOHNSTON,6.000000000000,1.500000000000,57.000000000000,14.250000000000,36.666666666667,9.166666666667,30.000000000000,7.500000000000,32.416666666667
2026,340091,"MOSES H. CONE MEMORIAL HOSPITAL, THE",1200 N ELM ST,GREENSBORO,NC,27401,GUILFORD,30.000000000000,7.500000000000,33.000000000000,8.250000000000,53.333333333333,13.333333333333,30.000000000000,7.500000000000,36.583333333333
2026,340096,LEXINGTON MEMORIAL HOSPITAL INC,250 HOSPITAL DRIVE PO BOX 1817,LEXINGTON,NC,27293,DAVIDSON,7.500000000000,1.875000000000,43.000000000000,10.750000000000,32.000000000000,8.000000000000,70.000000000000,17.500000000000,38.125000000000
2026,340098,ATRIUM HEALTH PINEVILLE,10628 PARK RD,CHARLOTTE,NC,28210,MECKLENBURG,26.666666666667,6.666666666667,30.000000000000,7.500000000000,25.000000000000,6.250000000000,20.000000000000,5.000000000000,25.416666666667
2026,340099,VIDANT ROANOKE CHOWAN HOSPITAL,500 S ACADEMY ST,AHOSKIE,NC,27910,HERTFORD,0.000000000000,0.000000000000,30.000000000000,7.500000000000,28.000000000000,7.000000000000,30.000000000000,7.500000000000,22.000000000000
2026,340107,VIDANT EDGECOMBE HOSPITAL,111 HOSPITAL DR,TARBORO,NC,27886,EDGECOMBE,6.666666666667,1.666666666667,53.000000000000,13.250000000000,25.000000000000,6.250000000000,20.000000000000,5.000000000000,26.166666666667
2026,340109,SENTARA ALBEMARLE MEDICAL CENTER,3050 HALSTEAD BLVD EXT,ELIZABETH CITY,NC,27909,PASQUOTANK,20.000000000000,5.000000000000,62.000000000000,15.500000000000,40.000000000000,10.000000000000,10.000000000000,2.500000000000,33.000000000000
2026,340113,CAROLINAS MEDICAL CENTER/BEHAV HEALTH,1000 BLYTHE BLVD,CHARLOTTE,NC,28203,MECKLENBURG,63.333333333333,15.833333333333,41.000000000000,10.250000000000,30.000000000000,7.500000000000,0.000000000000,0.000000000000,33.583333333333
2026,340114,REX HOSPITAL,4420 LAKE BOONE TRAIL,RALEIGH,NC,27607,WAKE,61.666666666667,15.416666666667,57.000000000000,14.250000000000,26.666666666667,6.666666666667,40.000000000000,10.000000000000,46.333333333333
2026,340115,FIRSTHEALTH MOORE REGIONAL HOSPITAL,155 MEMORIAL DRIVE,PINEHURST,NC,28374,MOORE,16.666666666667,4.166666666667,67.000000000000,16.750000000000,50.000000000000,12.500000000000,40.000000000000,10.000000000000,43.416666666667
2026,340116,FRYE REGIONAL MEDICAL CENTER,420 N CENTER ST,HICKORY,NC,28601,CATAWBA,22.000000000000,5.500000000000,18.000000000000,4.500000000000,41.666666666667,10.416666666667,0.000000000000,0.000000000000,20.416666666667
2026,340119,STANLY REGIONAL MEDICAL CENTER,301 YADKIN ST,ALBEMARLE,NC,28001,STANLY,2.500000000000,0.625000000000,52.000000000000,13.000000000000,56.666666666667,14.166666666667,40.000000000000,10.000000000000,37.791666666667
2026,340120,VIDANT DUPLIN HOSPITAL,401 N MAIN ST,KENANSVILLE,NC,28349,DUPLIN,0.000000000000,0.000000000000,77.000000000000,19.250000000000,0.000000000000,0.000000000000,20.000000000000,5.000000000000,24.250000000000
2026,340123,RANDOLPH HOSPITAL,364 WHITE OAK STREET,ASHEBORO,NC,27203,RANDOLPH,30.000000000000,7.500000000000,49.000000000000,12.250000000000,40.000000000000,10.000000000000,50.000000000000,12.500000000000,42.250000000000
2026,340127,GRANVILLE HEALTH SYSTEMS,1010 COLLEGE ST,OXFORD,NC,27565,GRANVILLE,0.000000000000,0.000000000000,Not Available,Not Available,80.000000000000,26.666666666667,70.000000000000,23.333333333333,50.000000000000
2026,340129,DUKE HEALTH LAKE NORMAN HOSPITAL,171 FAIRVIEW ROAD,MOORESVILLE,NC,28117,IREDELL,10.000000000000,2.500000000000,13.000000000000,3.250000000000,32.500000000000,8.125000000000,20.000000000000,5.000000000000,18.875000000000
2026,340130,ATRIUM HEALTH UNION,600 HOSPITAL DR,MONROE,NC,28112,UNION,38.000000000000,9.500000000000,43.000000000000,10.750000000000,36.666666666667,9.166666666667,40.000000000000,10.000000000000,39.416666666667
2026,340131,CAROLINA EAST MEDICAL CENTER,2000 NEUSE BLVD,NEW BERN,NC,28560,CRAVEN,15.000000000000,3.750000000000,54.000000000000,13.500000000000,30.000000000000,7.500000000000,50.000000000000,12.500000000000,37.250000000000
2026,340132,MARIA PARHAM MEDICAL CENTER,PO BOX 59,HENDERSON,NC,27536,VANCE,17.500000000000,4.375000000000,22.000000000000,5.500000000000,51.666666666667,12.916666666667,0.000000000000,0.000000000000,22.791666666667
2026,340141,NOVANT HEALTH NEW HANOVER REGIONAL MEDICAL CENTER,2131 S 17TH ST,WILMINGTON,NC,28402,NEW HANOVER,6.666666666667,1.666666666667,25.000000000000,6.250000000000,36.666666666667,9.166666666667,30.000000000000,7.500000000000,24.583333333333
2026,340142,CARTERET GENERAL HOSPITAL,3500 ARENDELL ST,MOREHEAD CITY,NC,28557,CARTERET,10.000000000000,2.500000000000,62.000000000000,15.500000000000,53.333333333333,13.333333333333,40.000000000000,10.000000000000,41.333333333333
2026,340143,CATAWBA VALLEY MEDICAL CENTER,810 FAIRGROVE CHURCH RD,HICKORY,NC,28602,CATAWBA,0.000000000000,0.000000000000,47.000000000000,11.750000000000,43.333333333333,10.833333333333,40.000000000000,10.000000000000,32.583333333333
2026,340145,ATRIUM HEALTH LINCOLN,433 MCALISTER RD,LINCOLNTON,NC,28092,LINCOLN,0.000000000000,0.000000000000,65.000000000000,16.250000000000,51.666666666667,12.916666666667,20.000000000000,5.000000000000,34.166666666667
2026,340147,UNC HEALTH NASH,2460 CURTIS ELLIS DRIVE,ROCKY MOUNT,NC,27804,NASH,36.000000000000,9.000000000000,37.000000000000,9.250000000000,48.333333333333,12.083333333333,20.000000000000,5.000000000000,35.333333333333
2026,340151,ECU HEALTH NORTH HOSPITAL,250 SMITH CHURCH ROAD,ROANOKE RAPIDS,NC,27870,HALIFAX,32.000000000000,8.000000000000,23.000000000000,5.750000000000,26.000000000000,6.500000000000,0.000000000000,0.000000000000,20.250000000000
2026,340155,DUKE REGIONAL HOSPITAL,3643 N ROXBORO STREET,DURHAM,NC,27704,DURHAM,21.666666666667,5.416666666667,35.000000000000,8.750000000000,51.666666666667,12.916666666667,50.000000000000,12.500000000000,39.583333333333
2026,340158,NOVANT HEALTH BRUNSWICK MEDICAL CENTER,1 MEDICAL CENTER DR  PO BOX 139,SUPPLY,NC,28462,BRUNSWICK,18.000000000000,4.500000000000,55.000000000000,13.750000000000,55.000000000000,13.750000000000,50.000000000000,12.500000000000,44.500000000000
2026,340159,PERSON MEMORIAL HOSPITAL,615 RIDGE RD,ROXBORO,NC,27573,PERSON,0.000000000000,0.000000000000,Not Available,Not Available,50.000000000000,16.666666666667,30.000000000000,10.000000000000,26.666666666667
2026,340166,ATRIUM HEALTH UNIVERSITY CITY,8800 NORTH TYRON STREET,CHARLOTTE,NC,28262,MECKLENBURG,16.666666666667,4.166666666667,42.000000000000,10.500000000000,21.666666666667,5.416666666667,40.000000000000,10.000000000000,30.083333333333
2026,340171,NOVANT HEALTH MATTHEWS MEDICAL CENTER,1500 MATTHEWS TWNSHP PRKWY BOX 3310,MATTHEWS,NC,28106,MECKLENBURG,52.000000000000,13.000000000000,36.000000000000,9.000000000000,43.333333333333,10.833333333333,40.000000000000,10.000000000000,42.833333333333
2026,340173,"WAKEMED, CARY HOSPITAL",1900 KILDARE FARM ROAD,CARY,NC,27518,WAKE,6.000000000000,1.500000000000,45.000000000000,11.250000000000,31.666666666667,7.916666666667,10.000000000000,2.500000000000,23.166666666667
2026,340183,NOVANT HEALTH HUNTERSVILLE MEDICAL CENTER,10030 GILEAD ROAD,HUNTERSVILLE,NC,28078,MECKLENBURG,32.000000000000,8.000000000000,34.000000000000,8.500000000000,56.666666666667,14.166666666667,30.000000000000,7.500000000000,38.166666666667
2026,340184,HAYWOOD REGIONAL MEDICAL CENTER,262 LEROY GEORGE DRIVE,CLYDE,NC,28721,HAYWOOD,17.500000000000,4.375000000000,18.000000000000,4.500000000000,73.333333333333,18.333333333333,30.000000000000,7.500000000000,34.708333333333
2026,340188,CAPE FEAR VALLEY HOKE HOSPITAL,210 MEDICAL PAVILION DRIVE,RAEFORD,NC,28376,HOKE,36.666666666667,9.166666666667,76.000000000000,19.000000000000,60.000000000000,15.000000000000,100.000000000000,25.000000000000,68.166666666667
2026,340190,NOVANT HEALTH MINT HILL MEDICAL CENTER,8201 HEALTHCARE LOOP,CHARLOTTE,NC,28215,MECKLENBURG,50.000000000000,12.500000000000,78.000000000000,19.500000000000,100.000000000000,25.000000000000,60.000000000000,15.000000000000,72.000000000000
2026,340195,NOVANT HEALTH BALLANTYNE MEDICAL CENTER,10905 PROVIDENCE ROAD W,CHARLOTTE,NC,28277,MECKLENBURG,Not Available,Not Available,72.000000000000,24.000000000000,55.000000000000,18.333333333333,30.000000000000,10.000000000000,52.333333333333
2026,350002,CHI ST ALEXIUS HEALTH,900 E BROADWAY,BISMARCK,ND,58501,BURLEIGH,8.333333333333,2.083333333333,27.000000000000,6.750000000000,35.000000000000,8.750000000000,30.000000000000,7.500000000000,25.083333333333
2026,350006,TRINITY HOSPITALS,407 3RD ST SE,MINOT,ND,58701,WARD,38.000000000000,9.500000000000,30.000000000000,7.500000000000,36.666666666667,9.166666666667,50.000000000000,12.500000000000,38.666666666667
2026,350011,SANFORD MEDICAL CENTER FARGO,801 BROADWAY NORTH,FARGO,ND,58122,CASS,58.333333333333,14.583333333333,18.000000000000,4.500000000000,48.333333333333,12.083333333333,0.000000000000,0.000000000000,31.166666666667
2026,350015,SANFORD MEDICAL CENTER BISMARCK,300 N 7TH ST,BISMARCK,ND,58506,BURLEIGH,72.000000000000,18.000000000000,8.000000000000,2.000000000000,38.333333333333,9.583333333333,70.000000000000,17.500000000000,47.083333333333
2026,350019,ALTRU HOSPITAL,1200 S  COLUMBIA RD,GRAND FORKS,ND,58201,GRAND FORKS,14.000000000000,3.500000000000,8.000000000000,2.000000000000,23.333333333333,5.833333333333,0.000000000000,0.000000000000,11.333333333333
2026,350070,ESSENTIA HEALTH,3000 32ND AVE SOUTH,FARGO,ND,58104,CASS,23.333333333333,5.833333333333,25.000000000000,6.250000000000,38.333333333333,9.583333333333,10.000000000000,2.500000000000,24.166666666667
2026,360001,MERCY HEALTH-ANDERSON HOSPITAL,7500 STATE ROAD,CINCINNATI,OH,45255,HAMILTON,3.333333333333,0.833333333333,42.000000000000,10.500000000000,33.333333333333,8.333333333333,10.000000000000,2.500000000000,22.166666666667
2026,360002,UNIVERSITY HOSPITALS SAMARITAN MEDICAL CENTER,1025 CENTER ST,ASHLAND,OH,44805,ASHLAND,33.333333333333,8.333333333333,66.000000000000,16.500000000000,50.000000000000,12.500000000000,20.000000000000,5.000000000000,42.333333333333
2026,360003,"UNIVERSITY OF CINCINNATI MEDICAL CENTER, LLC",3188 BELLEVUE AVENUE,CINCINNATI,OH,45219,HAMILTON,35.000000000000,8.750000000000,22.000000000000,5.500000000000,30.000000000000,7.500000000000,10.000000000000,2.500000000000,24.250000000000
2026,360006,RIVERSIDE METHODIST HOSPITAL,3535 OLENTANGY RIVER RD,COLUMBUS,OH,43214,FRANKLIN,38.333333333333,9.583333333333,37.000000000000,9.250000000000,21.666666666667,5.416666666667,10.000000000000,2.500000000000,26.750000000000
2026,360008,SOUTHERN OHIO MEDICAL CENTER,1805 27TH STREET,PORTSMOUTH,OH,45662,SCIOTO,10.000000000000,2.500000000000,60.000000000000,15.000000000000,63.333333333333,15.833333333333,20.000000000000,5.000000000000,38.333333333333
2026,360009,LIMA MEMORIAL HEALTH SYSTEM,1001 BELLEFONTAINE AVENUE,LIMA,OH,45804,ALLEN,38.000000000000,9.500000000000,33.000000000000,8.250000000000,65.000000000000,16.250000000000,20.000000000000,5.000000000000,39.000000000000
2026,360010,UNION HOSPITAL,659 BOULEVARD,DOVER,OH,44622,TUSCARAWAS,0.000000000000,0.000000000000,28.000000000000,7.000000000000,30.000000000000,7.500000000000,20.000000000000,5.000000000000,19.500000000000
2026,360011,MARION GENERAL HOSPITAL,1000 MCKINLEY PARK DRIVE,MARION,OH,43302,MARION,27.500000000000,6.875000000000,45.000000000000,11.250000000000,25.000000000000,6.250000000000,0.000000000000,0.000000000000,24.375000000000
2026,360012,MOUNT CARMEL ST ANN'S,500 SOUTH CLEVELAND AVENUE,WESTERVILLE,OH,43081,FRANKLIN,2.000000000000,0.500000000000,17.000000000000,4.250000000000,25.000000000000,6.250000000000,0.000000000000,0.000000000000,11.000000000000
2026,360013,WILSON MEMORIAL HOSPITAL,915 WEST MICHIGAN STREET,SIDNEY,OH,45365,SHELBY,20.000000000000,5.000000000000,33.000000000000,8.250000000000,0.000000000000,0.000000000000,20.000000000000,5.000000000000,18.250000000000
2026,360014,OHIOHEALTH O'BLENESS HOSPITAL,55 HOSPITAL DRIVE,ATHENS,OH,45701,ATHENS,26.666666666667,6.666666666667,63.000000000000,15.750000000000,65.000000000000,16.250000000000,60.000000000000,15.000000000000,53.666666666667
2026,360016,THE JEWISH HOSPITAL-MERCY HEALTH,4777 EAST GALBRAITH ROAD,CINCINNATI,OH,45236,HAMILTON,43.333333333333,10.833333333333,46.000000000000,11.500000000000,35.000000000000,8.750000000000,0.000000000000,0.000000000000,31.083333333333
2026,360017,GRANT MEDICAL CENTER,111 SOUTH GRANT AVENUE,COLUMBUS,OH,43215,FRANKLIN,26.666666666667,6.666666666667,29.000000000000,7.250000000000,20.000000000000,5.000000000000,10.000000000000,2.500000000000,21.416666666667
2026,360020,SUMMA HEALTH SYSTEM,525 EAST MARKET STREET,AKRON,OH,44309,SUMMIT,35.000000000000,8.750000000000,26.000000000000,6.500000000000,46.666666666667,11.666666666667,0.000000000000,0.000000000000,26.916666666667
2026,360025,FIRELANDS REGIONAL MEDICAL CENTER,1111 HAYES AVENUE,SANDUSKY,OH,44870,ERIE,5.000000000000,1.250000000000,41.000000000000,10.250000000000,68.333333333333,17.083333333333,0.000000000000,0.000000000000,28.583333333333
2026,360026,KETTERING HEALTH GREENE MEMORIAL,1141 NORTH MONROE DRIVE,XENIA,OH,45385,GREENE,35.000000000000,11.666666666667,95.000000000000,31.666666666667,Not Available,Not Available,30.000000000000,10.000000000000,53.333333333333
2026,360027,AKRON GENERAL MEDICAL CENTER,1 AKRON GENERAL AVENUE,AKRON,OH,44307,SUMMIT,63.333333333333,15.833333333333,16.000000000000,4.000000000000,36.666666666667,9.166666666667,0.000000000000,0.000000000000,29.000000000000
2026,360029,WOOD COUNTY HOSPITAL,950 WEST WOOSTER STREET,BOWLING GREEN,OH,43402,WOOD,0.000000000000,0.000000000000,70.000000000000,17.500000000000,80.000000000000,20.000000000000,20.000000000000,5.000000000000,42.500000000000
2026,360032,GRAND LAKE HEALTH SYSTEM,200 SAINT CLAIR STREET,SAINT MARYS,OH,45885,AUGLAIZE,13.333333333333,4.444444444444,52.000000000000,17.333333333333,Not Available,Not Available,0.000000000000,0.000000000000,21.777777777778
2026,360035,MOUNT CARMEL EAST & WEST,6001 EAST BROAD STREET,COLUMBUS,OH,43213,FRANKLIN,1.666666666667,0.416666666667,20.000000000000,5.000000000000,16.666666666667,4.166666666667,0.000000000000,0.000000000000,9.583333333333
2026,360036,WOOSTER COMMUNITY HOSPITAL,1761 BEALL AVENUE,WOOSTER,OH,44691,WAYNE,0.000000000000,0.000000000000,61.000000000000,15.250000000000,70.000000000000,17.500000000000,20.000000000000,5.000000000000,37.750000000000
2026,360039,GENESIS HOSPITAL,2951 MAPLE AVENUE,ZANESVILLE,OH,43701,MUSKINGUM,28.000000000000,7.000000000000,51.000000000000,12.750000000000,21.666666666667,5.416666666667,50.000000000000,12.500000000000,37.666666666667
2026,360040,KNOX COMMUNITY HOSPITAL,1330 COSHOCTON ROAD,MOUNT VERNON,OH,43050,KNOX,20.000000000000,5.000000000000,21.000000000000,5.250000000000,57.500000000000,14.375000000000,20.000000000000,5.000000000000,29.625000000000
2026,360041,PARMA COMMUNITY GENERAL HOSPITAL,7007 POWERS BOULEVARD,PARMA,OH,44129,CUYAHOGA,20.000000000000,5.000000000000,47.000000000000,11.750000000000,28.333333333333,7.083333333333,20.000000000000,5.000000000000,28.833333333333
2026,360046,MCCULLOUGH-HYDE MEMORIAL HOSPITAL,110 NORTH POPLAR STREET,OXFORD,OH,45056,BUTLER,2.500000000000,0.625000000000,71.000000000000,17.750000000000,0.000000000000,0.000000000000,40.000000000000,10.000000000000,28.375000000000
2026,360048,UNIVERSITY OF TOLEDO MEDICAL CENTER,3000 ARLINGTON AVENUE,TOLEDO,OH,43614,LUCAS,14.000000000000,3.500000000000,32.000000000000,8.000000000000,18.333333333333,4.583333333333,20.000000000000,5.000000000000,21.083333333333
2026,360051,MIAMI VALLEY HOSPITAL,ONE WYOMING STREET,DAYTON,OH,45409,MONTGOMERY,53.333333333333,13.333333333333,9.000000000000,2.250000000000,48.333333333333,12.083333333333,0.000000000000,0.000000000000,27.666666666667
2026,360054,HOLZER MEDICAL CENTER,100 JACKSON PIKE,GALLIPOLIS,OH,45631,GALLIA,30.000000000000,7.500000000000,79.000000000000,19.750000000000,30.000000000000,7.500000000000,0.000000000000,0.000000000000,34.750000000000
2026,360056,MERCY HEALTH - FAIRFIELD HOSPITAL,3000 MACK ROAD,FAIRFIELD,OH,45014,BUTLER,15.000000000000,3.750000000000,31.000000000000,7.750000000000,40.000000000000,10.000000000000,0.000000000000,0.000000000000,21.500000000000
2026,360058,MERCER COUNTY JOINT TOWNSHIP COMMUNITY HOSPITAL,800 WEST MAIN STREET,COLDWATER,OH,45828,MERCER,10.000000000000,2.500000000000,68.000000000000,17.000000000000,25.000000000000,6.250000000000,40.000000000000,10.000000000000,35.750000000000
2026,360059,METROHEALTH SYSTEM,2500 METROHEALTH DRIVE,CLEVELAND,OH,44109,CUYAHOGA,55.000000000000,13.750000000000,34.000000000000,8.500000000000,18.333333333333,4.583333333333,20.000000000000,5.000000000000,31.833333333333
2026,360064,ST ELIZABETH YOUNGSTOWN HOSPITAL,1044 BELMONT AVENUE,YOUNGSTOWN,OH,44501,MAHONING,48.000000000000,12.000000000000,29.000000000000,7.250000000000,23.333333333333,5.833333333333,10.000000000000,2.500000000000,27.583333333333
2026,360065,FISHER-TITUS HOSPITAL,272 BENEDICT AVENUE,NORWALK,OH,44857,HURON,22.000000000000,5.500000000000,44.000000000000,11.000000000000,63.333333333333,15.833333333333,30.000000000000,7.500000000000,39.833333333333
2026,360066,MERCY HEALTH-ST RITA'S MEDICAL CENTER,730 WEST MARKET STREET,LIMA,OH,45801,ALLEN,20.000000000000,5.000000000000,34.000000000000,8.500000000000,41.666666666667,10.416666666667,0.000000000000,0.000000000000,23.916666666667
2026,360068,PROMEDICA TOLEDO HOSPITAL,2142 NORTH COVE BOULEVARD,TOLEDO,OH,43606,LUCAS,41.666666666667,10.416666666667,29.000000000000,7.250000000000,23.333333333333,5.833333333333,0.000000000000,0.000000000000,23.500000000000
2026,360070,MERCY MEDICAL CENTER,1320 MERCY DRIVE NW,CANTON,OH,44708,STARK,28.333333333333,7.083333333333,21.000000000000,5.250000000000,40.000000000000,10.000000000000,10.000000000000,2.500000000000,24.833333333333
2026,360071,VAN WERT COUNTY HOSPITAL,1250 S WASHINGTON STREET,VAN WERT,OH,45891,VAN WERT,10.000000000000,2.500000000000,78.000000000000,19.500000000000,50.000000000000,12.500000000000,40.000000000000,10.000000000000,44.500000000000
2026,360072,FAIRFIELD MEDICAL CENTER,401 NORTH EWING STREET,LANCASTER,OH,43130,FAIRFIELD,8.333333333333,2.083333333333,51.000000000000,12.750000000000,50.000000000000,12.500000000000,30.000000000000,7.500000000000,34.833333333333
2026,360075,UH REGIONAL HOSPITALS,13207 RAVENNA ROAD,CHARDON,OH,44024,GEAUGA,22.500000000000,5.625000000000,58.000000000000,14.500000000000,33.333333333333,8.333333333333,10.000000000000,2.500000000000,30.958333333333
2026,360076,ATRIUM MEDICAL CENTER,ONE MEDICAL CENTER DRIVE,FRANKLIN,OH,45005,WARREN,26.000000000000,6.500000000000,20.000000000000,5.000000000000,51.666666666667,12.916666666667,0.000000000000,0.000000000000,24.416666666667
2026,360077,FAIRVIEW HOSPITAL,18101 LORAIN AVENUE,CLEVELAND,OH,44111,CUYAHOGA,81.666666666667,20.416666666667,49.000000000000,12.250000000000,33.333333333333,8.333333333333,10.000000000000,2.500000000000,43.500000000000
2026,360078,UNIVERSITY HOSPITALS PORTAGE MEDICAL CENTER,6847 N CHESTNUT,RAVENNA,OH,44266,PORTAGE,20.000000000000,5.000000000000,30.000000000000,7.500000000000,21.666666666667,5.416666666667,20.000000000000,5.000000000000,22.916666666667
2026,360079,KETTERING HEALTH MAIN CAMPUS,3535 SOUTHERN BOULEVARD,KETTERING,OH,45429,MONTGOMERY,44.000000000000,11.000000000000,36.000000000000,9.000000000000,26.666666666667,6.666666666667,0.000000000000,0.000000000000,26.666666666667
2026,360082,EUCLID HOSPITAL,18901 LAKE SHORE BOULEVARD,EUCLID,OH,44119,CUYAHOGA,12.500000000000,3.125000000000,27.000000000000,6.750000000000,56.000000000000,14.000000000000,0.000000000000,0.000000000000,23.875000000000
2026,360084,AULTMAN HOSPITAL,2600 SIXTH STREET SW,CANTON,OH,44710,STARK,56.000000000000,14.000000000000,18.000000000000,4.500000000000,26.666666666667,6.666666666667,10.000000000000,2.500000000000,27.666666666667
2026,360085,OHIO STATE UNIVERSITY STATE HEALTH SYSTEM,410 WEST 10TH AVENUE,COLUMBUS,OH,43210,FRANKLIN,53.333333333333,13.333333333333,35.000000000000,8.750000000000,23.333333333333,5.833333333333,10.000000000000,2.500000000000,30.416666666667
2026,360086,SPRINGFIELD REGIONAL MEDICAL CENTER,100 MEDICAL CENTER DRIVE,SPRINGFIELD,OH,45504,CLARK,56.000000000000,14.000000000000,21.000000000000,5.250000000000,43.333333333333,10.833333333333,0.000000000000,0.000000000000,30.083333333333
2026,360087,LUTHERAN HOSPITAL,1730 WEST 25TH STREET,CLEVELAND,OH,44113,CUYAHOGA,10.000000000000,2.500000000000,14.000000000000,3.500000000000,54.000000000000,13.500000000000,30.000000000000,7.500000000000,27.000000000000
2026,360089,MERCY HEALTH - TIFFIN HOSPITAL,45 ST LAWRENCE DRIVE,TIFFIN,OH,44883,SENECA,3.333333333333,0.833333333333,76.000000000000,19.000000000000,55.000000000000,13.750000000000,50.000000000000,12.500000000000,46.083333333333
2026,360091,MEDINA HOSPITAL,1000 EAST WASHINGTON STREET,MEDINA,OH,44256,MEDINA,58.000000000000,14.500000000000,27.000000000000,6.750000000000,18.333333333333,4.583333333333,0.000000000000,0.000000000000,25.833333333333
2026,360092,MEMORIAL HOSPITAL,500 LONDON AVENUE,MARYSVILLE,OH,43040,UNION,6.666666666667,1.666666666667,89.000000000000,22.250000000000,70.000000000000,17.500000000000,90.000000000000,22.500000000000,63.916666666667
2026,360095,BLANCHARD VALLEY HOSPITAL,1900 SOUTH MAIN STREET,FINDLAY,OH,45840,HANCOCK,20.000000000000,5.000000000000,60.000000000000,15.000000000000,31.666666666667,7.916666666667,0.000000000000,0.000000000000,27.916666666667
2026,360096,EAST LIVERPOOL CITY HOSPITAL,425 WEST 5TH STREET,EAST LIVERPOOL,OH,43920,COLUMBIANA,55.000000000000,13.750000000000,34.000000000000,8.500000000000,33.333333333333,8.333333333333,30.000000000000,7.500000000000,38.083333333333
2026,360098,LAKE HEALTH,7590 AUBURN ROAD,CONCORD,OH,44077,LAKE,26.666666666667,6.666666666667,42.000000000000,10.500000000000,35.000000000000,8.750000000000,10.000000000000,2.500000000000,28.416666666667
2026,360107,BELLEVUE HOSPITAL,1400 WEST MAIN STREET,BELLEVUE,OH,44811,SANDUSKY,0.000000000000,0.000000000000,65.000000000000,16.250000000000,50.000000000000,12.500000000000,40.000000000000,10.000000000000,38.750000000000
2026,360109,COSHOCTON REGIONAL MEDICAL CENTER,1460 ORANGE STREET,COSHOCTON,OH,43812,COSHOCTON,20.000000000000,5.000000000000,34.000000000000,8.500000000000,20.000000000000,5.000000000000,20.000000000000,5.000000000000,23.500000000000
2026,360112,MERCY ST VINCENT MEDICAL CENTER,2213 CHERRY STREET,TOLEDO,OH,43608,LUCAS,26.666666666667,6.666666666667,29.000000000000,7.250000000000,20.000000000000,5.000000000000,0.000000000000,0.000000000000,18.916666666667
2026,360118,OHIOHEALTH MANSFIELD HOSPITAL,335 GLESSNER AVENUE,MANSFIELD,OH,44903,RICHLAND,54.000000000000,13.500000000000,18.000000000000,4.500000000000,28.333333333333,7.083333333333,20.000000000000,5.000000000000,30.083333333333
2026,360121,COMMUNITY HOSPITALS AND WELLNESS CENTERS,433 WEST HIGH STREET,BRYAN,OH,43506,WILLIAMS,35.000000000000,8.750000000000,58.000000000000,14.500000000000,5.000000000000,1.250000000000,30.000000000000,7.500000000000,32.000000000000
2026,360123,UH ST JOHN MEDICAL CENTER,29000 CENTER RIDGE ROAD,WESTLAKE,OH,44145,CUYAHOGA,10.000000000000,2.500000000000,45.000000000000,11.250000000000,55.000000000000,13.750000000000,0.000000000000,0.000000000000,27.500000000000
2026,360125,ASHTABULA COUNTY MEDICAL CENTER,2420 LAKE AVENUE,ASHTABULA,OH,44004,ASHTABULA,10.000000000000,2.500000000000,52.000000000000,13.000000000000,65.000000000000,16.250000000000,10.000000000000,2.500000000000,34.250000000000
2026,360131,ALLIANCE COMMUNITY HOSPITAL,200 EAST STATE STREET,ALLIANCE,OH,44601,STARK,16.666666666667,4.166666666667,37.000000000000,9.250000000000,35.000000000000,8.750000000000,0.000000000000,0.000000000000,22.166666666667
2026,360132,FORT HAMILTON HUGHES MEMORIAL HOSPITAL,630 EATON AVENUE,HAMILTON,OH,45013,BUTLER,0.000000000000,0.000000000000,30.000000000000,7.500000000000,60.000000000000,15.000000000000,0.000000000000,0.000000000000,22.500000000000
2026,360133,KETTERING HEALTH DAYTON,405 GRAND AVENUE,DAYTON,OH,45405,MONTGOMERY,35.000000000000,8.750000000000,17.000000000000,4.250000000000,30.000000000000,7.500000000000,0.000000000000,0.000000000000,20.500000000000
2026,360134,GOOD SAMARITAN HOSPITAL,375 DIXMYTH AVENUE,CINCINNATI,OH,45220,HAMILTON,24.000000000000,6.000000000000,37.000000000000,9.250000000000,38.333333333333,9.583333333333,30.000000000000,7.500000000000,32.333333333333
2026,360137,UH CLEVELAND MEDICAL CENTER,11100 EUCLID AVENUE,CLEVELAND,OH,44106,CUYAHOGA,44.000000000000,11.000000000000,27.000000000000,6.750000000000,18.333333333333,4.583333333333,0.000000000000,0.000000000000,22.333333333333
2026,360143,MARYMOUNT HOSPITAL,12300 MCCRACKEN ROAD,GARFIELD HEIGHTS,OH,44125,CUYAHOGA,25.000000000000,6.250000000000,28.000000000000,7.000000000000,46.666666666667,11.666666666667,0.000000000000,0.000000000000,24.916666666667
2026,360144,SOUTH POINTE HOSPITAL,20000 HARVARD ROAD,WARRENSVILLE HEIGHTS,OH,44122,CUYAHOGA,86.666666666667,21.666666666667,28.000000000000,7.000000000000,41.666666666667,10.416666666667,40.000000000000,10.000000000000,49.083333333333
2026,360145,UNIVERSITY HOSPITALS - ELYRIA MEDICAL CENTER,630 EAST RIVER STREET,ELYRIA,OH,44035,LORAIN,36.666666666667,9.166666666667,36.000000000000,9.000000000000,30.000000000000,7.500000000000,0.000000000000,0.000000000000,25.666666666667
2026,360147,MARIETTA MEMORIAL HOSPITAL,401 MATTHEW STREET,MARIETTA,OH,45750,WASHINGTON,40.000000000000,10.000000000000,46.000000000000,11.500000000000,25.000000000000,6.250000000000,20.000000000000,5.000000000000,32.750000000000
2026,360148,POMERENE HOSPITAL,981 WOOSTER ROAD,MILLERSBURG,OH,44654,HOLMES,0.000000000000,0.000000000000,52.000000000000,17.333333333333,Not Available,Not Available,90.000000000000,30.000000000000,47.333333333333
2026,360150,SUMMA WESTERN RESERVE HOSPITAL,1900 23RD STREET,CUYAHOGA FALLS,OH,44223,SUMMIT,0.000000000000,0.000000000000,37.000000000000,9.250000000000,37.500000000000,9.375000000000,10.000000000000,2.500000000000,21.125000000000
2026,360152,DOCTORS HOSPITAL,5100 WEST  BROAD STREET,COLUMBUS,OH,43228,FRANKLIN,27.500000000000,6.875000000000,35.000000000000,8.750000000000,56.666666666667,14.166666666667,10.000000000000,2.500000000000,32.291666666667
2026,360155,SOUTHWEST GENERAL HEALTH CENTER,18697 BAGLEY ROAD,MIDDLEBURG HEIGHTS,OH,44130,CUYAHOGA,40.000000000000,10.000000000000,30.000000000000,7.500000000000,68.333333333333,17.083333333333,20.000000000000,5.000000000000,39.583333333333
2026,360156,MEMORIAL HOSPITAL,715 SOUTH TAFT AVENUE,FREMONT,OH,43420,SANDUSKY,0.000000000000,0.000000000000,26.000000000000,6.500000000000,70.000000000000,17.500000000000,10.000000000000,2.500000000000,26.500000000000
2026,360159,ADENA REGIONAL MEDICAL CENTER,272 HOSPITAL ROAD,CHILLICOTHE,OH,45601,ROSS,0.000000000000,0.000000000000,30.000000000000,7.500000000000,13.333333333333,3.333333333333,0.000000000000,0.000000000000,10.833333333333
2026,360161,MH ST JOSEPH WARREN HOSPITAL,667 EASTLAND AVE SE,WARREN,OH,44484,TRUMBULL,18.000000000000,4.500000000000,7.000000000000,1.750000000000,28.333333333333,7.083333333333,0.000000000000,0.000000000000,13.333333333333
2026,360163,CHRIST HOSPITAL,2139 AUBURN AVENUE,CINCINNATI,OH,45219,HAMILTON,41.666666666667,10.416666666667,61.000000000000,15.250000000000,48.333333333333,12.083333333333,20.000000000000,5.000000000000,42.750000000000
2026,360170,BERGER HOSPITAL,600 NORTH PICKAWAY STREET,CIRCLEVILLE,OH,43113,PICKAWAY,0.000000000000,0.000000000000,66.000000000000,16.500000000000,16.666666666667,4.166666666667,70.000000000000,17.500000000000,38.166666666667
2026,360172,MERCY REGIONAL MEDICAL CENTER,3700 KOLBE ROAD,LORAIN,OH,44053,LORAIN,0.000000000000,0.000000000000,18.000000000000,4.500000000000,42.000000000000,10.500000000000,0.000000000000,0.000000000000,15.000000000000
2026,360174,UPPER VALLEY MEDICAL CENTER,3130 N DIXIE HIGHWAY,TROY,OH,45373,MIAMI,27.500000000000,6.875000000000,32.000000000000,8.000000000000,45.000000000000,11.250000000000,20.000000000000,5.000000000000,31.125000000000
2026,360175,CLINTON MEMORIAL HOSPITAL,610 WEST MAIN STREET,WILMINGTON,OH,45177,CLINTON,22.500000000000,5.625000000000,29.000000000000,7.250000000000,53.333333333333,13.333333333333,0.000000000000,0.000000000000,26.208333333333
2026,360179,BETHESDA NORTH,10500 MONTGOMERY ROAD,CINCINNATI,OH,45242,HAMILTON,15.000000000000,3.750000000000,31.000000000000,7.750000000000,30.000000000000,7.500000000000,20.000000000000,5.000000000000,24.000000000000
2026,360180,CLEVELAND CLINIC,9500 EUCLID AVENUE,CLEVELAND,OH,44195,CUYAHOGA,68.333333333333,17.083333333333,43.000000000000,10.750000000000,20.000000000000,5.000000000000,30.000000000000,7.500000000000,40.333333333333
2026,360185,SALEM REGIONAL MEDICAL CENTER,1995 EAST STATE STREET,SALEM,OH,44460,COLUMBIANA,33.333333333333,8.333333333333,26.000000000000,6.500000000000,27.500000000000,6.875000000000,0.000000000000,0.000000000000,21.708333333333
2026,360189,MADISON HEALTH,210 NORTH MAIN STREET,LONDON,OH,43140,MADISON,0.000000000000,0.000000000000,58.000000000000,14.500000000000,0.000000000000,0.000000000000,80.000000000000,20.000000000000,34.500000000000
2026,360197,MARY RUTAN HOSPITAL,205 PALMER AVENUE,BELLEFONTAINE,OH,43311,LOGAN,0.000000000000,0.000000000000,88.000000000000,29.333333333333,Not Available,Not Available,30.000000000000,10.000000000000,39.333333333333
2026,360203,SOUTHEASTERN OHIO REGIONAL MEDICAL CENTER,1341 NORTH CLARK STREET,CAMBRIDGE,OH,43725,GUERNSEY,20.000000000000,5.000000000000,19.000000000000,4.750000000000,58.000000000000,14.500000000000,30.000000000000,7.500000000000,31.750000000000
2026,360210,GRADY MEMORIAL HOSPITAL,561 WEST CENTRAL AVENUE,DELAWARE,OH,43015,DELAWARE,10.000000000000,2.500000000000,69.000000000000,17.250000000000,50.000000000000,12.500000000000,40.000000000000,10.000000000000,42.250000000000
2026,360211,TRINITY MEDICAL CTR EAST &TRINITY MEDICAL CTR WEST,380 SUMMIT AVENUE,STEUBENVILLE,OH,43952,JEFFERSON,13.333333333333,3.333333333333,29.000000000000,7.250000000000,30.000000000000,7.500000000000,0.000000000000,0.000000000000,18.083333333333
2026,360218,LICKING MEMORIAL HOSPITAL,1320 WEST MAIN STREET,NEWARK,OH,43055,LICKING,16.000000000000,4.000000000000,37.000000000000,9.250000000000,20.000000000000,5.000000000000,0.000000000000,0.000000000000,18.250000000000
2026,360230,HILLCREST HOSPITAL,6780 MAYFIELD ROAD,MAYFIELD HEIGHTS,OH,44124,CUYAHOGA,68.333333333333,17.083333333333,21.000000000000,5.250000000000,31.666666666667,7.916666666667,0.000000000000,0.000000000000,30.250000000000
2026,360234,MERCY HEALTH - WEST HOSPITAL,3300 MERCY HEALTH BLVD,CINCINNATI,OH,45211,HAMILTON,36.000000000000,9.000000000000,34.000000000000,8.500000000000,33.333333333333,8.333333333333,10.000000000000,2.500000000000,28.333333333333
2026,360236,MERCY HEALTH - CLERMONT HOSPITAL,3000 HOSPITAL DRIVE,BATAVIA,OH,45103,CLERMONT,40.000000000000,10.000000000000,39.000000000000,9.750000000000,36.666666666667,9.166666666667,20.000000000000,5.000000000000,33.916666666667
2026,360239,KETTERING HEALTH MIAMISBURG,4000 MIAMISBURG-CENTERVILLE ROAD,MIAMISBURG,OH,45342,MONTGOMERY,10.000000000000,2.500000000000,42.000000000000,10.500000000000,73.333333333333,18.333333333333,0.000000000000,0.000000000000,31.333333333333
2026,360259,BAY PARK COMMUNITY HOSPITAL,2801 BAY PARK DRIVE,OREGON,OH,43616,LUCAS,27.500000000000,6.875000000000,34.000000000000,8.500000000000,46.666666666667,11.666666666667,30.000000000000,7.500000000000,34.541666666667
2026,360270,MERCY HEALTH - DEFIANCE HOSPITAL,1404 EAST SECOND STREET,DEFIANCE,OH,43512,DEFIANCE,26.666666666667,8.888888888889,78.000000000000,26.000000000000,Not Available,Not Available,50.000000000000,16.666666666667,51.555555555556
2026,360276,HMHP ST ELIZABETH BOARDMAN HEALTH CENTER,8401 MARKET STREET,BOARDMAN,OH,44512,MAHONING,42.500000000000,10.625000000000,35.000000000000,8.750000000000,15.000000000000,3.750000000000,0.000000000000,0.000000000000,23.125000000000
2026,360348,DUBLIN METHODIST HOSPITAL,7500 HOSPITAL AVENUE,DUBLIN,OH,43016,FRANKLIN,10.000000000000,2.500000000000,64.000000000000,16.000000000000,26.666666666667,6.666666666667,40.000000000000,10.000000000000,35.166666666667
2026,360354,WEST CHESTER HOSPITAL,7700 UNIVERSITY DRIVE,WEST CHESTER,OH,45069,BUTLER,12.000000000000,3.000000000000,23.000000000000,5.750000000000,38.333333333333,9.583333333333,20.000000000000,5.000000000000,23.333333333333
2026,360359,UNIVERSITY HOSPITALS AHUJA MEDICAL CENTER,3999 RICHMOND ROAD,BEACHWOOD,OH,44122,CUYAHOGA,38.333333333333,9.583333333333,12.000000000000,3.000000000000,41.666666666667,10.416666666667,0.000000000000,0.000000000000,23.000000000000
2026,360360,SOIN MEDICAL CENTER,3535 PENTAGON PARK BLVD,BEAVER CREEK,OH,45431,GREENE,52.500000000000,13.125000000000,50.000000000000,12.500000000000,51.666666666667,12.916666666667,0.000000000000,0.000000000000,38.541666666667
2026,360364,CLEVELAND CLINIC AVON HOSPITAL,33300 CLEVELAND CLINIC BLVD,AVON,OH,44011,LORAIN,54.000000000000,13.500000000000,56.000000000000,14.000000000000,28.333333333333,7.083333333333,40.000000000000,10.000000000000,44.583333333333
2026,360365,AVITA ONTARIO,715 RICHLAND MALL,ONTARIO,OH,44906,RICHLAND,27.500000000000,6.875000000000,58.000000000000,14.500000000000,40.000000000000,10.000000000000,0.000000000000,0.000000000000,31.375000000000
2026,360368,KETTERING HEALTH TROY,600 WEST MAIN STREET,TROY,OH,45373,MIAMI,23.333333333333,5.833333333333,91.000000000000,22.750000000000,80.000000000000,20.000000000000,40.000000000000,10.000000000000,58.583333333333
2026,360374,MERCY HEALTH KINGS MILLS HOSPITAL LLC,5440 KINGS ISLAND DRIVE,MASON,OH,45040,WARREN,Not Available,Not Available,41.000000000000,13.666666666667,50.000000000000,16.666666666667,10.000000000000,3.333333333333,33.666666666667
2026,370001,HILLCREST MEDICAL CENTER,1120 SOUTH UTICA AVENUE,TULSA,OK,74104,TULSA,21.666666666667,5.416666666667,28.000000000000,7.000000000000,38.333333333333,9.583333333333,0.000000000000,0.000000000000,22.000000000000
2026,370002,ALLIANCEHEALTH WOODWARD,900 17TH STREET,WOODWARD,OK,73801,WOODWARD,12.500000000000,3.125000000000,30.000000000000,7.500000000000,50.000000000000,12.500000000000,0.000000000000,0.000000000000,23.125000000000
2026,370004,INTEGRIS MIAMI HOSPITAL,200 SECOND AVENUE SOUTHWEST,MIAMI,OK,74355,OTTAWA,0.000000000000,0.000000000000,91.000000000000,22.750000000000,50.000000000000,12.500000000000,50.000000000000,12.500000000000,47.750000000000
2026,370006,INTEGRIS HEALTH PONCA CITY,1900 NORTH 14TH STREET,PONCA CITY,OK,74601,KAY,12.500000000000,3.125000000000,36.000000000000,9.000000000000,35.000000000000,8.750000000000,10.000000000000,2.500000000000,23.375000000000
2026,370008,NORMAN REGIONAL,3300 HEALTHPLEX PKWY,NORMAN,OK,73072,CLEVELAND,13.333333333333,3.333333333333,24.000000000000,6.000000000000,31.666666666667,7.916666666667,10.000000000000,2.500000000000,19.750000000000
2026,370013,"MERCY HOSPITAL OKLAHOMA CITY, INC",4300 WEST MEMORIAL ROAD,OKLAHOMA CITY,OK,73120,OKLAHOMA,12.500000000000,3.125000000000,27.000000000000,6.750000000000,40.000000000000,10.000000000000,0.000000000000,0.000000000000,19.875000000000
2026,370014,ALLIANCEHEALTH DURANT,1800 UNIVERSITY BOULEVARD,DURANT,OK,74702,BRYAN,8.000000000000,2.000000000000,13.000000000000,3.250000000000,75.000000000000,18.750000000000,30.000000000000,7.500000000000,31.500000000000
2026,370016,INTEGRIS HEALTH ENID HOSPITAL,600 SOUTH MONROE,ENID,OK,73701,GARFIELD,12.500000000000,3.125000000000,40.000000000000,10.000000000000,36.666666666667,9.166666666667,0.000000000000,0.000000000000,22.291666666667
2026,370019,GREAT PLAINS REGIONAL MEDICAL CENTER,1801 WEST 3RD STREET,ELK CITY,OK,73644,BECKHAM,6.666666666667,1.666666666667,48.000000000000,12.000000000000,20.000000000000,5.000000000000,0.000000000000,0.000000000000,18.666666666667
2026,370020,MERCY HOSPITAL ADA,430 NORTH MONTE VISTA,ADA,OK,74820,PONTOTOC,25.000000000000,6.250000000000,36.000000000000,9.000000000000,52.000000000000,13.000000000000,20.000000000000,5.000000000000,33.250000000000
2026,370022,JACKSON COUNTY MEMORIAL HOSPITAL AUTHORITY,1200 EAST PECAN ST,ALTUS,OK,73521,JACKSON,0.000000000000,0.000000000000,63.000000000000,15.750000000000,36.666666666667,9.166666666667,0.000000000000,0.000000000000,24.916666666667
2026,370023,"DUNCAN REGIONAL HOSPITAL, INC",1407 WHISENANT DRIVE,DUNCAN,OK,73533,STEPHENS,24.000000000000,6.000000000000,45.000000000000,11.250000000000,17.500000000000,4.375000000000,20.000000000000,5.000000000000,26.625000000000
2026,370025,SAINT FRANCIS HOSPITAL MUSKOGEE,300 ROCKEFELLER DRIVE,MUSKOGEE,OK,74401,MUSKOGEE,62.000000000000,15.500000000000,32.000000000000,8.000000000000,58.333333333333,14.583333333333,20.000000000000,5.000000000000,43.083333333333
2026,370026,ST MARY'S REGIONAL MEDICAL CENTER,305 SOUTH 5TH STREET,ENID,OK,73701,GARFIELD,2.000000000000,0.500000000000,43.000000000000,10.750000000000,20.000000000000,5.000000000000,0.000000000000,0.000000000000,16.250000000000
2026,370028,"INTEGRIS BAPTIST MEDICAL CENTER, INC",3300 NORTHWEST EXPRESSWAY,OKLAHOMA CITY,OK,73112,OKLAHOMA,11.666666666667,2.916666666667,24.000000000000,6.000000000000,41.666666666667,10.416666666667,0.000000000000,0.000000000000,19.333333333333
2026,370034,MCALESTER REGIONAL HEALTH CENTER,ONE CLARK BASS BOULEVARD,MCALESTER,OK,74501,PITTSBURG,30.000000000000,7.500000000000,25.000000000000,6.250000000000,22.500000000000,5.625000000000,20.000000000000,5.000000000000,24.375000000000
2026,370037,SSM HEALTH ST ANTHONY HOSPITAL - OKLAHOMA CITY,1000 NORTH LEE AVENUE,OKLAHOMA CITY,OK,73101,OKLAHOMA,43.333333333333,10.833333333333,31.000000000000,7.750000000000,28.333333333333,7.083333333333,10.000000000000,2.500000000000,28.166666666667
2026,370039,HILLCREST HOSPITAL CLAREMORE,1202 N MUSKOGEE PLACE,CLAREMORE,OK,74017,ROGERS,10.000000000000,2.500000000000,37.000000000000,9.250000000000,70.000000000000,17.500000000000,40.000000000000,10.000000000000,39.250000000000
2026,370047,"MERCY HOSPITAL ARDMORE, INC",1011 14TH AVE NW,ARDMORE,OK,73401,CARTER,57.500000000000,14.375000000000,44.000000000000,11.000000000000,65.000000000000,16.250000000000,20.000000000000,5.000000000000,46.625000000000
2026,370049,STILLWATER MEDICAL CENTER,1323 WEST 6TH STREET,STILLWATER,OK,74076,PAYNE,8.000000000000,2.000000000000,51.000000000000,12.750000000000,88.000000000000,22.000000000000,0.000000000000,0.000000000000,36.750000000000
2026,370054,GRADY MEMORIAL HOSPITAL,2220 IOWA STREET,CHICKASHA,OK,73018,GRADY,0.000000000000,0.000000000000,53.000000000000,13.250000000000,35.000000000000,8.750000000000,0.000000000000,0.000000000000,22.000000000000
2026,370056,COMANCHE COUNTY MEMORIAL HOSPITAL,3401 WEST GORE BLVD,LAWTON,OK,73505,COMANCHE,28.333333333333,7.083333333333,20.000000000000,5.000000000000,40.000000000000,10.000000000000,20.000000000000,5.000000000000,27.083333333333
2026,370078,OKLAHOMA STATE UNIVERSITY MEDICAL CENTER,744 WEST 9TH STREET,TULSA,OK,74127,TULSA,20.000000000000,5.000000000000,25.000000000000,6.250000000000,55.000000000000,13.750000000000,20.000000000000,5.000000000000,30.000000000000
2026,370089,NORTHEASTERN HEALTH SYSTEM,1400 EAST DOWNING STREET,TAHLEQUAH,OK,74465,CHEROKEE,0.000000000000,0.000000000000,29.000000000000,7.250000000000,12.500000000000,3.125000000000,20.000000000000,5.000000000000,15.375000000000
2026,370091,"SAINT FRANCIS HOSPITAL, INC",6161 SOUTH YALE,TULSA,OK,74136,TULSA,43.333333333333,10.833333333333,39.000000000000,9.750000000000,33.333333333333,8.333333333333,10.000000000000,2.500000000000,31.416666666667
2026,370093,O U MEDICAL CENTER,700 NE 13TH STREET,OKLAHOMA CITY,OK,73104,OKLAHOMA,6.000000000000,1.500000000000,14.000000000000,3.500000000000,38.333333333333,9.583333333333,0.000000000000,0.000000000000,14.583333333333
2026,370094,SSM HEALTH ST ANTHONY HOSPITAL - MIDWEST,2825 PARKLAWN DRIVE,MIDWEST CITY,OK,73110,OKLAHOMA,18.000000000000,6.000000000000,33.000000000000,11.000000000000,41.666666666667,13.888888888889,Not Available,Not Available,30.888888888889
2026,370097,SOUTHWESTERN MEDICAL CENTER,5602 SOUTHWEST LEE BOULEVARD,LAWTON,OK,73505,COMANCHE,3.333333333333,0.833333333333,26.000000000000,6.500000000000,0.000000000000,0.000000000000,10.000000000000,2.500000000000,9.833333333333
2026,370106,INTEGRIS SOUTHWEST MEDICAL CENTER,4401 SOUTH WESTERN AVENUE,OKLAHOMA CITY,OK,73109,OKLAHOMA,4.000000000000,1.000000000000,22.000000000000,5.500000000000,43.333333333333,10.833333333333,0.000000000000,0.000000000000,17.333333333333
2026,370113,INTEGRIS GROVE HOSPITAL,1001 EAST 18TH STREET,GROVE,OK,74344,DELAWARE,10.000000000000,2.500000000000,48.000000000000,12.000000000000,65.000000000000,16.250000000000,0.000000000000,0.000000000000,30.750000000000
2026,370149,SSM HEALTH ST ANTHONY HOSPITAL - SHAWNEE,1102 W MACARTHUR,SHAWNEE,OK,74801,POTTAWATOMIE,4.000000000000,1.000000000000,61.000000000000,15.250000000000,32.000000000000,8.000000000000,40.000000000000,10.000000000000,34.250000000000
2026,370171,CHEROKEE NATION W W HASTINGS INDIAN HOSPITAL,100 S BLISS AVENUE,TAHLEQUAH,OK,74464,CHEROKEE,5.000000000000,1.250000000000,40.000000000000,10.000000000000,26.666666666667,6.666666666667,80.000000000000,20.000000000000,37.916666666667
2026,370180,CHICKASAW NATION MEDICAL CENTER,1921 STONECIPHER BLVD,ADA,OK,74820,PONTOTOC,3.333333333333,0.833333333333,97.000000000000,24.250000000000,70.000000000000,17.500000000000,100.000000000000,25.000000000000,67.583333333333
2026,370202,HILLCREST HOSPITAL SOUTH,8801 SOUTH 101ST EAST AVENUE,TULSA,OK,74133,TULSA,8.000000000000,2.000000000000,34.000000000000,8.500000000000,58.333333333333,14.583333333333,0.000000000000,0.000000000000,25.083333333333
2026,370203,"COMMUNITY HOSPITAL, LLC",3100 SOUTHWEST 89TH STREET,OKLAHOMA CITY,OK,73159,OKLAHOMA,Not Available,Not Available,65.000000000000,21.666666666667,60.000000000000,20.000000000000,0.000000000000,0.000000000000,41.666666666667
2026,370211,INTEGRIS CANADIAN VALLEY HOSPITAL,1201 HEALTH CENTER PARKWAY,YUKON,OK,73099,CANADIAN,6.666666666667,1.666666666667,42.000000000000,10.500000000000,45.000000000000,11.250000000000,20.000000000000,5.000000000000,28.416666666667
2026,370215,"OKLAHOMA HEART HOSPITAL, LLC",4050 WEST MEMORIAL ROAD,OKLAHOMA CITY,OK,73120,OKLAHOMA,20.000000000000,5.000000000000,96.000000000000,24.000000000000,35.000000000000,8.750000000000,0.000000000000,0.000000000000,37.750000000000
2026,370218,"SAINT FRANCIS HOSPITAL SOUTH, LLC",10501 EAST 91ST STREET SOUTH,TULSA,OK,74133,TULSA,38.000000000000,9.500000000000,48.000000000000,12.000000000000,62.500000000000,15.625000000000,40.000000000000,10.000000000000,47.125000000000
2026,370228,"BAILEY MEDICAL CENTER, LLC",10502 NORTH 110TH EAST AVENUE,OWASSO,OK,74055,TULSA,20.000000000000,5.000000000000,94.000000000000,23.500000000000,100.000000000000,25.000000000000,50.000000000000,12.500000000000,66.000000000000
2026,370234,"OKLAHOMA HEART HOSPITAL SOUTH, LLC",5200 EAST I-240 SERVICE ROAD,OKLAHOMA CITY,OK,73135,OKLAHOMA,40.000000000000,10.000000000000,96.000000000000,24.000000000000,50.000000000000,12.500000000000,20.000000000000,5.000000000000,51.500000000000
2026,370236,INTEGRIS HEALTH EDMOND HOSPITAL,4801 INTEGRIS PARKWAY,EDMOND,OK,73034,OKLAHOMA,7.500000000000,1.875000000000,39.000000000000,9.750000000000,67.500000000000,16.875000000000,20.000000000000,5.000000000000,33.500000000000
2026,370237,"SAINT FRANCIS HOSPITAL VINITA, INC",735 NORTH FOREMAN STREET,VINITA,OK,74301,CRAIG,0.000000000000,0.000000000000,79.000000000000,19.750000000000,10.000000000000,2.500000000000,90.000000000000,22.500000000000,44.750000000000
2026,380001,MID-COLUMBIA MEDICAL CENTER,1700 E 19TH STREET,THE DALLES,OR,97058,WASCO,3.333333333333,0.833333333333,55.000000000000,13.750000000000,65.000000000000,16.250000000000,100.000000000000,25.000000000000,55.833333333333
2026,380002,ASANTE THREE RIVERS MEDICAL CENTER,500 SW RAMSEY AVENUE,GRANTS PASS,OR,97527,JOSEPHINE,32.500000000000,8.125000000000,37.000000000000,9.250000000000,21.666666666667,5.416666666667,90.000000000000,22.500000000000,45.291666666667
2026,380004,PROVIDENCE ST VINCENT MEDICAL CENTER,9205 SW BARNES ROAD,PORTLAND,OR,97225,WASHINGTON,53.333333333333,13.333333333333,40.000000000000,10.000000000000,33.333333333333,8.333333333333,60.000000000000,15.000000000000,46.666666666667
2026,380005,ASANTE ASHLAND COMMUNITY HOSPITAL,280 MAPLE STREET,ASHLAND,OR,97520,JACKSON,Not Available,Not Available,32.000000000000,10.666666666667,15.000000000000,5.000000000000,100.000000000000,33.333333333333,49.000000000000
2026,380007,LEGACY EMANUEL MEDICAL CENTER,2801 N GANTENBEIN AVENUE,PORTLAND,OR,97227,MULTNOMAH,22.000000000000,5.500000000000,35.000000000000,8.750000000000,10.000000000000,2.500000000000,10.000000000000,2.500000000000,19.250000000000
2026,380009,OHSU HOSPITAL AND CLINICS,3181 SW SAM JACKSON PARK ROAD,PORTLAND,OR,97239,MULTNOMAH,12.000000000000,3.000000000000,49.000000000000,12.250000000000,10.000000000000,2.500000000000,20.000000000000,5.000000000000,22.750000000000
2026,380014,GOOD SAMARITAN REGIONAL MEDICAL CENTER,3600 NW SAMARITAN DRIVE,CORVALLIS,OR,97339,BENTON,6.666666666667,1.666666666667,39.000000000000,9.750000000000,25.000000000000,6.250000000000,70.000000000000,17.500000000000,35.166666666667
2026,380017,LEGACY GOOD SAMARITAN MEDICAL CENTER,"1015 NW 22ND AVENUE, W121",PORTLAND,OR,97210,MULTNOMAH,4.000000000000,1.000000000000,52.000000000000,13.000000000000,26.666666666667,6.666666666667,40.000000000000,10.000000000000,30.666666666667
2026,380018,ASANTE ROGUE REGIONAL MEDICAL CENTER,2825 E BARNETT ROAD,MEDFORD,OR,97504,JACKSON,44.000000000000,11.000000000000,21.000000000000,5.250000000000,36.666666666667,9.166666666667,40.000000000000,10.000000000000,35.416666666667
2026,380020,MCKENZIE-WILLAMETTE MEDICAL CENTER,1460 G STREET,SPRINGFIELD,OR,97477,LANE,21.666666666667,5.416666666667,49.000000000000,12.250000000000,55.000000000000,13.750000000000,80.000000000000,20.000000000000,51.416666666667
2026,380021,HILLSBORO MEDICAL CENTER,335 SE 8TH AVENUE,HILLSBORO,OR,97123,WASHINGTON,2.500000000000,0.625000000000,22.000000000000,5.500000000000,13.333333333333,3.333333333333,30.000000000000,7.500000000000,16.958333333333
2026,380022,SAMARITAN ALBANY GENERAL HOSPITAL,1046 6TH AVENUE SW,ALBANY,OR,97321,LINN,27.500000000000,6.875000000000,86.000000000000,21.500000000000,43.333333333333,10.833333333333,80.000000000000,20.000000000000,59.208333333333
2026,380025,LEGACY MOUNT HOOD MEDICAL CENTER,24800 SE STARK STREET,GRESHAM,OR,97030,MULTNOMAH,2.500000000000,0.625000000000,34.000000000000,8.500000000000,46.000000000000,11.500000000000,70.000000000000,17.500000000000,38.125000000000
2026,380027,MERCY MEDICAL CENTER,2700 NW STEWART PARKWAY,ROSEBURG,OR,97471,DOUGLAS,5.000000000000,1.250000000000,29.000000000000,7.250000000000,61.666666666667,15.416666666667,80.000000000000,20.000000000000,43.916666666667
2026,380029,LEGACY SILVERTON MEDICAL CENTER,342 FAIRVIEW STREET,SILVERTON,OR,97381,MARION,Not Available,Not Available,61.000000000000,20.333333333333,0.000000000000,0.000000000000,100.000000000000,33.333333333333,53.666666666667
2026,380037,PROVIDENCE NEWBERG MEDICAL CENTER,1001 PROVIDENCE DRIVE,NEWBERG,OR,97132,YAMHILL,13.333333333333,3.333333333333,47.000000000000,11.750000000000,60.000000000000,15.000000000000,100.000000000000,25.000000000000,55.083333333333
2026,380038,PROVIDENCE WILLAMETTE FALLS MEDICAL CENTER,1500 DIVISION STREET,OREGON CITY,OR,97045,CLACKAMAS,33.333333333333,8.333333333333,44.000000000000,11.000000000000,13.333333333333,3.333333333333,80.000000000000,20.000000000000,42.666666666667
2026,380047,ST CHARLES MEDICAL CENTER - BEND,2500 NE NEFF ROAD,BEND,OR,97701,DESCHUTES,31.666666666667,7.916666666667,58.000000000000,14.500000000000,35.000000000000,8.750000000000,50.000000000000,12.500000000000,43.666666666667
2026,380050,SKY LAKES MEDICAL CENTER,2865 DAGGETT AVENUE,KLAMATH FALLS,OR,97601,KLAMATH,4.000000000000,1.000000000000,34.000000000000,8.500000000000,64.000000000000,16.000000000000,100.000000000000,25.000000000000,50.500000000000
2026,380051,SALEM HOSPITAL,"890 OAK STREET, SE",SALEM,OR,97301,MARION,8.333333333333,2.083333333333,21.000000000000,5.250000000000,28.333333333333,7.083333333333,60.000000000000,15.000000000000,29.416666666667
2026,380052,SAINT ALPHONSUS MEDICAL CENTER ONTARIO,351 SW 9TH STREET,ONTARIO,OR,97914,MALHEUR,40.000000000000,10.000000000000,39.000000000000,9.750000000000,15.000000000000,3.750000000000,50.000000000000,12.500000000000,36.000000000000
2026,380056,SANTIAM HOSPITAL & CLINICS,1401 N 10TH AVENUE,STAYTON,OR,97383,MARION,Not Available,Not Available,76.000000000000,25.333333333333,60.000000000000,20.000000000000,70.000000000000,23.333333333333,68.666666666667
2026,380060,ADVENTIST HEALTH PORTLAND,10123 SE MARKET STREET,PORTLAND,OR,97216,MULTNOMAH,12.000000000000,3.000000000000,40.000000000000,10.000000000000,45.000000000000,11.250000000000,40.000000000000,10.000000000000,34.250000000000
2026,380061,PROVIDENCE PORTLAND MEDICAL CENTER,4805 NE GLISAN STREET,PORTLAND,OR,97213,MULTNOMAH,16.000000000000,4.000000000000,58.000000000000,14.500000000000,15.000000000000,3.750000000000,30.000000000000,7.500000000000,29.750000000000
2026,380071,WILLAMETTE VALLEY MEDICAL CENTER,2700 SE STRATUS AVE.,MCMINNVILLE,OR,97128,YAMHILL,12.500000000000,3.125000000000,25.000000000000,6.250000000000,25.000000000000,6.250000000000,100.000000000000,25.000000000000,40.625000000000
2026,380075,PROVIDENCE MEDFORD MEDICAL CENTER,1111 CRATER LAKE AVENUE,MEDFORD,OR,97504,JACKSON,6.000000000000,1.500000000000,38.000000000000,9.500000000000,18.333333333333,4.583333333333,50.000000000000,12.500000000000,28.083333333333
2026,380082,PROVIDENCE MILWAUKIE HOSPITAL,10150 SE 32ND AVENUE,MILWAUKIE,OR,97222,CLACKAMAS,10.000000000000,2.500000000000,25.000000000000,6.250000000000,40.000000000000,10.000000000000,50.000000000000,12.500000000000,31.250000000000
2026,380089,LEGACY MERIDIAN PARK MEDICAL CENTER,19300 SW 65TH AVENUE,TUALATIN,OR,97062,WASHINGTON,4.000000000000,1.000000000000,37.000000000000,9.250000000000,28.000000000000,7.000000000000,80.000000000000,20.000000000000,37.250000000000
2026,380090,BAY AREA HOSPITAL,1775 THOMPSON ROAD,COOS BAY,OR,97420,COOS,0.000000000000,0.000000000000,16.000000000000,4.000000000000,30.000000000000,7.500000000000,80.000000000000,20.000000000000,31.500000000000
2026,380091,KAISER SUNNYSIDE MEDICAL CENTER,10180 SE SUNNYSIDE ROAD,CLACKAMAS,OR,97015,CLACKAMAS,26.666666666667,6.666666666667,29.000000000000,7.250000000000,41.666666666667,10.416666666667,60.000000000000,15.000000000000,39.333333333333
2026,380102,SACRED HEART MEDICAL CENTER - RIVERBEND,3333 RIVERBEND DRIVE,SPRINGFIELD,OR,97477,LANE,26.666666666667,6.666666666667,32.000000000000,8.000000000000,23.333333333333,5.833333333333,60.000000000000,15.000000000000,35.500000000000
2026,380103,KAISER FOUNDATION HOSPITAL WESTSIDE,2875 NW STUCKI AVE,HILLSBORO,OR,97124,WASHINGTON,0.000000000000,0.000000000000,51.000000000000,12.750000000000,38.000000000000,9.500000000000,100.000000000000,25.000000000000,47.250000000000
2026,390001,GEISINGER-COMMUNITY MEDICAL CENTER,1822 MULBERRY STREET,SCRANTON,PA,18510,LACKAWANNA,11.666666666667,2.916666666667,15.000000000000,3.750000000000,20.000000000000,5.000000000000,10.000000000000,2.500000000000,14.166666666667
2026,390002,UPMC MCKEESPORT HOSPITAL,1500 FIFTH AVENUE,MC KEESPORT,PA,15132,ALLEGHENY,0.000000000000,0.000000000000,29.000000000000,7.250000000000,35.000000000000,8.750000000000,20.000000000000,5.000000000000,21.000000000000
2026,390003,GEISINGER-BLOOMSBURG HOSPITAL,549 EAST FAIR STREET,BLOOMSBURG,PA,17815,COLUMBIA,26.666666666667,6.666666666667,68.000000000000,17.000000000000,65.000000000000,16.250000000000,30.000000000000,7.500000000000,47.416666666667
2026,390004,PENN STATE HEALTH HOLY SPIRIT MEDICAL CENTER,503 NORTH 21ST STREET,CAMP HILL,PA,17011,CUMBERLAND,11.666666666667,2.916666666667,18.000000000000,4.500000000000,46.666666666667,11.666666666667,0.000000000000,0.000000000000,19.083333333333
2026,390006,GEISINGER MEDICAL CENTER,100 NORTH ACADEMY AVENUE,DANVILLE,PA,17822,MONTOUR,50.000000000000,12.500000000000,36.000000000000,9.000000000000,18.333333333333,4.583333333333,0.000000000000,0.000000000000,26.083333333333
2026,390009,SAINT VINCENT HOSPITAL,232 WEST 25TH STREET,ERIE,PA,16544,ERIE,26.666666666667,6.666666666667,38.000000000000,9.500000000000,48.333333333333,12.083333333333,10.000000000000,2.500000000000,30.750000000000
2026,390012,JEFFERSON LANSDALE HOSPITAL,100 MEDICAL CAMPUS DRIVE,LANSDALE,PA,19446,MONTGOMERY,32.500000000000,8.125000000000,17.000000000000,4.250000000000,52.500000000000,13.125000000000,10.000000000000,2.500000000000,28.000000000000
2026,390013,WELLSPAN EVANGELICAL COMMUNITY HOSPITAL,ONE HOSPITAL DRIVE,LEWISBURG,PA,17837,UNION,30.000000000000,7.500000000000,56.000000000000,14.000000000000,35.000000000000,8.750000000000,40.000000000000,10.000000000000,40.250000000000
2026,390016,UPMC JAMESON,1211 WILMINGTON AVENUE,NEW CASTLE,PA,16105,LAWRENCE,26.666666666667,6.666666666667,25.000000000000,6.250000000000,11.666666666667,2.916666666667,10.000000000000,2.500000000000,18.333333333333
2026,390026,TEMPLE HEALTH - CHESTNUT HILL HOSPITAL,8835 GERMANTOWN AVENUE,PHILADELPHIA,PA,19118,PHILADELPHIA,44.000000000000,11.000000000000,2.000000000000,0.500000000000,16.666666666667,4.166666666667,0.000000000000,0.000000000000,15.666666666667
2026,390027,TEMPLE UNIVERSITY HOSPITAL,3401 NORTH BROAD STREET,PHILADELPHIA,PA,19140,PHILADELPHIA,41.666666666667,10.416666666667,18.000000000000,4.500000000000,20.000000000000,5.000000000000,0.000000000000,0.000000000000,19.916666666667
2026,390028,UPMC MERCY,1400 LOCUST STREET,PITTSBURGH,PA,15219,ALLEGHENY,32.500000000000,8.125000000000,55.000000000000,13.750000000000,51.666666666667,12.916666666667,0.000000000000,0.000000000000,34.791666666667
2026,390030,SCHUYLKILL MEDICAL CENTER - SOUTH JACKSON STREET,420 SOUTH JACKSON STREET,POTTSVILLE,PA,17901,SCHUYLKILL,20.000000000000,5.000000000000,40.000000000000,10.000000000000,50.000000000000,12.500000000000,0.000000000000,0.000000000000,27.500000000000
2026,390032,ALLEGHENY VALLEY HOSPITAL,1301 CARLISLE ST,NATRONA,PA,15065,ALLEGHENY,20.000000000000,5.000000000000,45.000000000000,11.250000000000,46.666666666667,11.666666666667,0.000000000000,0.000000000000,27.916666666667
2026,390035,ST LUKE'S HOSPITAL - UPPER BUCKS CAMPUS,3000 ST. LUKE'S DRIVE,QUAKERTOWN,PA,18951,BUCKS,32.500000000000,8.125000000000,63.000000000000,15.750000000000,86.000000000000,21.500000000000,40.000000000000,10.000000000000,55.375000000000
2026,390036,HERITAGE VALLEY BEAVER,1000 DUTCH RIDGE ROAD,BEAVER,PA,15009,BEAVER,26.666666666667,6.666666666667,32.000000000000,8.000000000000,16.666666666667,4.166666666667,0.000000000000,0.000000000000,18.833333333333
2026,390037,HERITAGE VALLEY SEWICKLEY,720 BLACKBURN ROAD,SEWICKLEY,PA,15143,ALLEGHENY,25.000000000000,6.250000000000,56.000000000000,14.000000000000,10.000000000000,2.500000000000,0.000000000000,0.000000000000,22.750000000000
2026,390039,UPMC SOMERSET,225 SOUTH CENTER AVENUE,SOMERSET,PA,15501,SOMERSET,30.000000000000,7.500000000000,66.000000000000,16.500000000000,16.666666666667,4.166666666667,20.000000000000,5.000000000000,33.166666666667
2026,390041,UNIONTOWN HOSPITAL,500 WEST BERKELEY STREET,UNIONTOWN,PA,15401,FAYETTE,5.000000000000,1.250000000000,43.000000000000,10.750000000000,33.333333333333,8.333333333333,30.000000000000,7.500000000000,27.833333333333
2026,390042,"WASHINGTON HOSPITAL, THE",155 WILSON AVENUE,WASHINGTON,PA,15301,WASHINGTON,20.000000000000,5.000000000000,58.000000000000,14.500000000000,53.333333333333,13.333333333333,10.000000000000,2.500000000000,35.333333333333
2026,390044,READING HOSPITAL,420 S 5TH AVENUE,WEST READING,PA,19611,BERKS,38.333333333333,9.583333333333,18.000000000000,4.500000000000,20.000000000000,5.000000000000,0.000000000000,0.000000000000,19.083333333333
2026,390045,UPMC WILLIAMSPORT,700 HIGH STREET,WILLIAMSPORT,PA,17701,LYCOMING,15.000000000000,3.750000000000,57.000000000000,14.250000000000,50.000000000000,12.500000000000,0.000000000000,0.000000000000,30.500000000000
2026,390046,WELLSPAN YORK HOSPITAL,1001 SOUTH GEORGE STREET,YORK,PA,17403,YORK,40.000000000000,10.000000000000,17.000000000000,4.250000000000,18.333333333333,4.583333333333,0.000000000000,0.000000000000,18.833333333333
2026,390048,GEISINGER-LEWISTOWN HOSPITAL,400 HIGHLAND AVENUE,LEWISTOWN,PA,17044,MIFFLIN,22.500000000000,5.625000000000,41.000000000000,10.250000000000,26.000000000000,6.500000000000,30.000000000000,7.500000000000,29.875000000000
2026,390049,ST LUKES HOSPITAL BETHLEHEM,801 OSTRUM STREET,BETHLEHEM,PA,18015,NORTHAMPTON,41.666666666667,10.416666666667,55.000000000000,13.750000000000,53.333333333333,13.333333333333,10.000000000000,2.500000000000,40.000000000000
2026,390050,ALLEGHENY GENERAL HOSPITAL,320 EAST NORTH AVENUE,PITTSBURGH,PA,15212,ALLEGHENY,13.333333333333,3.333333333333,37.000000000000,9.250000000000,25.000000000000,6.250000000000,0.000000000000,0.000000000000,18.833333333333
2026,390056,PENN HIGHLANDS HUNTINGDON,1225 WARM SPRINGS AVE,HUNTINGDON,PA,16652,HUNTINGDON,22.500000000000,5.625000000000,39.000000000000,9.750000000000,10.000000000000,2.500000000000,40.000000000000,10.000000000000,27.875000000000
2026,390057,ST LUKE'S HOSPITAL - GRAND VIEW CAMPUS,700 LAWN AVENUE,SELLERSVILLE,PA,18960,BUCKS,38.000000000000,9.500000000000,39.000000000000,9.750000000000,18.333333333333,4.583333333333,0.000000000000,0.000000000000,23.833333333333
2026,390058,UPMC CARLISLE,361 ALEXANDER SPRING ROAD,CARLISLE,PA,17015,CUMBERLAND,10.000000000000,2.500000000000,34.000000000000,8.500000000000,60.000000000000,15.000000000000,10.000000000000,2.500000000000,28.500000000000
2026,390062,CONEMAUGH NASON MEDICAL CENTER,105 NASON DRIVE,ROARING SPRING,PA,16673,BLAIR,20.000000000000,5.000000000000,56.000000000000,14.000000000000,66.666666666667,16.666666666667,40.000000000000,10.000000000000,45.666666666667
2026,390063,UPMC HAMOT,201 STATE STREET,ERIE,PA,16550,ERIE,25.000000000000,6.250000000000,35.000000000000,8.750000000000,16.666666666667,4.166666666667,0.000000000000,0.000000000000,19.166666666667
2026,390065,GETTYSBURG HOSPITAL,147 GETTYS STREET,GETTYSBURG,PA,17325,ADAMS,15.000000000000,3.750000000000,19.000000000000,4.750000000000,42.000000000000,10.500000000000,10.000000000000,2.500000000000,21.500000000000
2026,390066,WELLSPAN GOOD SAMARITAN HOSPITAL,252 SOUTH 4TH STREET,LEBANON,PA,17042,LEBANON,42.000000000000,10.500000000000,27.000000000000,6.750000000000,30.000000000000,7.500000000000,20.000000000000,5.000000000000,29.750000000000
2026,390067,UPMC PINNACLE HOSPITALS,409 SOUTH SECOND STREET,HARRISBURG,PA,17104,DAUPHIN,18.333333333333,4.583333333333,45.000000000000,11.250000000000,36.666666666667,9.166666666667,0.000000000000,0.000000000000,25.000000000000
2026,390068,UPMC LITITZ,1500 HIGHLANDS DRIVE,LITITZ,PA,17543,LANCASTER,12.500000000000,3.125000000000,36.000000000000,9.000000000000,80.000000000000,20.000000000000,0.000000000000,0.000000000000,32.125000000000
2026,390070,LOWER BUCKS HOSPITAL,501 BATH ROAD,BRISTOL,PA,19007,BUCKS,36.666666666667,9.166666666667,5.000000000000,1.250000000000,40.000000000000,10.000000000000,30.000000000000,7.500000000000,27.916666666667
2026,390073,UPMC ALTOONA,620 HOWARD AVENUE,ALTOONA,PA,16601,BLAIR,18.000000000000,4.500000000000,21.000000000000,5.250000000000,46.666666666667,11.666666666667,0.000000000000,0.000000000000,21.416666666667
2026,390079,ROBERT PACKER HOSPITAL,ONE GUTHRIE SQUARE,SAYRE,PA,18840,BRADFORD,3.333333333333,0.833333333333,35.000000000000,8.750000000000,21.666666666667,5.416666666667,10.000000000000,2.500000000000,17.500000000000
2026,390086,PENN HIGHLANDS DUBOIS,100 HOSPITAL AVENUE,DUBOIS,PA,15801,CLEARFIELD,1.666666666667,0.416666666667,14.000000000000,3.500000000000,33.333333333333,8.333333333333,20.000000000000,5.000000000000,17.250000000000
2026,390090,WEST PENN HOSPITAL,4800 FRIENDSHIP AVENUE,PITTSBURGH,PA,15224,ALLEGHENY,20.000000000000,5.000000000000,58.000000000000,14.500000000000,20.000000000000,5.000000000000,0.000000000000,0.000000000000,24.500000000000
2026,390091,UPMC NORTHWEST,100 FAIRFIELD DRIVE,SENECA,PA,16346,VENANGO,12.000000000000,3.000000000000,30.000000000000,7.500000000000,65.000000000000,16.250000000000,10.000000000000,2.500000000000,29.250000000000
2026,390093,CLARION HOSPITAL,ONE HOSPITAL DRIVE,CLARION,PA,16214,CLARION,10.000000000000,2.500000000000,63.000000000000,15.750000000000,55.000000000000,13.750000000000,30.000000000000,7.500000000000,39.500000000000
2026,390096,PENN STATE HEALTH ST. JOSEPH,2500 BERNVILLE ROAD,READING,PA,19605,BERKS,14.000000000000,3.500000000000,29.000000000000,7.250000000000,25.000000000000,6.250000000000,0.000000000000,0.000000000000,17.000000000000
2026,390097,HOLY REDEEMER HOSPITAL AND MEDICAL CENTER,1648 HUNTINGDON PIKE,MEADOWBROOK,PA,19046,MONTGOMERY,0.000000000000,0.000000000000,10.000000000000,2.500000000000,61.666666666667,15.416666666667,30.000000000000,7.500000000000,25.416666666667
2026,390100,LANCASTER GENERAL HOSPITAL,555 NORTH DUKE STREET,LANCASTER,PA,17602,LANCASTER,68.333333333333,17.083333333333,45.000000000000,11.250000000000,33.333333333333,8.333333333333,10.000000000000,2.500000000000,39.166666666667
2026,390101,UPMC MEMORIAL,1701 INNOVATION DRIVE,YORK,PA,17408,YORK,14.000000000000,3.500000000000,38.000000000000,9.500000000000,18.333333333333,4.583333333333,0.000000000000,0.000000000000,17.583333333333
2026,390102,UPMC ST MARGARET,815 FREEPORT ROAD,PITTSBURGH,PA,15215,ALLEGHENY,2.500000000000,0.625000000000,39.000000000000,9.750000000000,31.666666666667,7.916666666667,10.000000000000,2.500000000000,20.791666666667
2026,390107,UPMC PASSAVANT,9100 BABCOCK BOULEVARD,PITTSBURGH,PA,15237,ALLEGHENY,21.666666666667,5.416666666667,57.000000000000,14.250000000000,25.000000000000,6.250000000000,10.000000000000,2.500000000000,28.416666666667
2026,390110,CONEMAUGH MEMORIAL MEDICAL CENTER,1086 FRANKLIN STREET,JOHNSTOWN,PA,15905,CAMBRIA,32.000000000000,8.000000000000,18.000000000000,4.500000000000,26.666666666667,6.666666666667,0.000000000000,0.000000000000,19.166666666667
2026,390111,HOSPITAL OF UNIV OF PENNSYLVANIA,3400 SPRUCE ST,PHILADELPHIA,PA,19104,PHILADELPHIA,80.000000000000,20.000000000000,82.000000000000,20.500000000000,20.000000000000,5.000000000000,0.000000000000,0.000000000000,45.500000000000
2026,390112,CHAN SOON- SHIONG MEDICAL CENTER AT WINDBER,600 SOMERSET AVENUE,WINDBER,PA,15963,SOMERSET,0.000000000000,0.000000000000,50.000000000000,12.500000000000,0.000000000000,0.000000000000,0.000000000000,0.000000000000,12.500000000000
2026,390113,MEADVILLE MEDICAL CENTER,751 LIBERTY STREET,MEADVILLE,PA,16335,CRAWFORD,22.000000000000,5.500000000000,42.000000000000,10.500000000000,44.000000000000,11.000000000000,40.000000000000,10.000000000000,37.000000000000
2026,390114,MAGEE WOMENS HOSPITAL OF UPMC HEALTH SYSTEM,300 HALKET STREET,PITTSBURGH,PA,15213,ALLEGHENY,6.666666666667,1.666666666667,53.000000000000,13.250000000000,25.000000000000,6.250000000000,0.000000000000,0.000000000000,21.166666666667
2026,390115,JEFFERSON HEALTH- NORTHEAST,10800 KNIGHTS ROAD,PHILADELPHIA,PA,19114,PHILADELPHIA,38.333333333333,9.583333333333,17.000000000000,4.250000000000,18.333333333333,4.583333333333,0.000000000000,0.000000000000,18.416666666667
2026,390116,SUBURBAN COMMUNITY HOSPITAL,2701 DEKALB PIKE,NORRISTOWN,PA,19401,MONTGOMERY,45.000000000000,11.250000000000,24.000000000000,6.000000000000,55.000000000000,13.750000000000,60.000000000000,15.000000000000,46.000000000000
2026,390117,UPMC BEDFORD MEMORIAL,10455 LINCOLN HIGHWAY,EVERETT,PA,15537,BEDFORD,40.000000000000,10.000000000000,59.000000000000,14.750000000000,25.000000000000,6.250000000000,0.000000000000,0.000000000000,31.000000000000
2026,390123,POTTSTOWN HOSPITAL,1600 EAST HIGH STREET,POTTSTOWN,PA,19464,MONTGOMERY,26.000000000000,6.500000000000,17.000000000000,4.250000000000,26.666666666667,6.666666666667,0.000000000000,0.000000000000,17.416666666667
2026,390125,WAYNE MEMORIAL HOSPITAL,601 PARK STREET,HONESDALE,PA,18431,WAYNE,0.000000000000,0.000000000000,36.000000000000,9.000000000000,36.666666666667,9.166666666667,30.000000000000,7.500000000000,25.666666666667
2026,390127,PHOENIXVILLE HOSPITAL,140 NUTT ROAD,PHOENIXVILLE,PA,19460,CHESTER,37.500000000000,9.375000000000,40.000000000000,10.000000000000,10.000000000000,2.500000000000,0.000000000000,0.000000000000,21.875000000000
2026,390133,LEHIGH VALLEY HOSPITAL,1200 SOUTH CEDAR CREST BOULEVARD,ALLENTOWN,PA,18103,LEHIGH,70.000000000000,17.500000000000,35.000000000000,8.750000000000,23.333333333333,5.833333333333,10.000000000000,2.500000000000,34.583333333333
2026,390137,WILKES-BARRE GENERAL HOSPITAL,575 NORTH RIVER STREET,WILKES-BARRE,PA,18764,LUZERNE,3.333333333333,0.833333333333,24.000000000000,6.000000000000,48.333333333333,12.083333333333,0.000000000000,0.000000000000,18.916666666667
2026,390138,WELLSPAN WAYNESBORO HOSPITAL,501 EAST MAIN ST,WAYNESBORO,PA,17268,FRANKLIN,15.000000000000,3.750000000000,82.000000000000,20.500000000000,20.000000000000,5.000000000000,50.000000000000,12.500000000000,41.750000000000
2026,390139,BRYN MAWR HOSPITAL,130 SOUTH BRYN MAWR AVE,BRYN MAWR,PA,19010,DELAWARE,30.000000000000,7.500000000000,56.000000000000,14.000000000000,46.666666666667,11.666666666667,0.000000000000,0.000000000000,33.166666666667
2026,390142,JEFFERSON EINSTEIN PHILADELPHIA HOSPITAL,5501 OLD YORK ROAD,PHILADELPHIA,PA,19141,PHILADELPHIA,26.666666666667,6.666666666667,23.000000000000,5.750000000000,33.333333333333,8.333333333333,0.000000000000,0.000000000000,20.750000000000
2026,390145,EXCELA HEALTH WESTMORELAND REGIONAL HOSPITAL,532 WEST PITTSBURGH STREET,GREENSBURG,PA,15601,WESTMORELAND,43.333333333333,10.833333333333,13.000000000000,3.250000000000,26.666666666667,6.666666666667,40.000000000000,10.000000000000,30.750000000000
2026,390146,WARREN GENERAL HOSPITAL,2 CRESCENT PARK WEST,WARREN,PA,16365,WARREN,12.500000000000,3.125000000000,51.000000000000,12.750000000000,70.000000000000,17.500000000000,70.000000000000,17.500000000000,50.875000000000
2026,390147,PENN HIGHLANDS MON VALLEY,1163 COUNTRY CLUB ROAD,MONONGAHELA,PA,15063,WASHINGTON,7.500000000000,1.875000000000,11.000000000000,2.750000000000,46.666666666667,11.666666666667,20.000000000000,5.000000000000,21.291666666667
2026,390151,WELLSPAN CHAMBERSBURG HOSPITAL,112 NORTH SEVENTH STREET,CHAMBERSBURG,PA,17201,FRANKLIN,0.000000000000,0.000000000000,26.000000000000,6.500000000000,38.333333333333,9.583333333333,30.000000000000,7.500000000000,23.583333333333
2026,390153,PAOLI HOSPITAL,255 WEST LANCASTER AVENUE,PAOLI,PA,19301,CHESTER,48.000000000000,12.000000000000,43.000000000000,10.750000000000,10.000000000000,2.500000000000,0.000000000000,0.000000000000,25.250000000000
2026,390156,MERCY CATHOLIC MEDICAL CENTER- MERCY FITZGERALD,1500 LANSDOWNE  AVE,DARBY,PA,19023,DELAWARE,30.000000000000,7.500000000000,12.000000000000,3.000000000000,10.000000000000,2.500000000000,0.000000000000,0.000000000000,13.000000000000
2026,390160,CANONSBURG GENERAL HOSPITAL,100 MEDICAL BOULEVARD,CANONSBURG,PA,15317,WASHINGTON,0.000000000000,0.000000000000,60.000000000000,15.000000000000,23.333333333333,5.833333333333,0.000000000000,0.000000000000,20.833333333333
2026,390162,ST LUKE'S HOSPITAL - EASTON CAMPUS,250 SOUTH 21ST STREET,EASTON,PA,18042,NORTHAMPTON,0.000000000000,0.000000000000,70.000000000000,17.500000000000,100.000000000000,25.000000000000,30.000000000000,7.500000000000,50.000000000000
2026,390163,ACMH HOSPITAL,ONE NOLTE DRIVE,KITTANNING,PA,16201,ARMSTRONG,13.333333333333,3.333333333333,44.000000000000,11.000000000000,66.666666666667,16.666666666667,50.000000000000,12.500000000000,43.500000000000
2026,390164,UPMC PRESBYTERIAN SHADYSIDE,200 LOTHROP STREET,PITTSBURGH,PA,15213,ALLEGHENY,63.333333333333,15.833333333333,46.000000000000,11.500000000000,11.666666666667,2.916666666667,0.000000000000,0.000000000000,30.250000000000
2026,390168,INDEPENDENCE HEALTH SYSTEM BUTLER MEMORIAL HOSPITA,ONE HOSPITAL WAY,BUTLER,PA,16001,BUTLER,0.000000000000,0.000000000000,43.000000000000,10.750000000000,25.000000000000,6.250000000000,40.000000000000,10.000000000000,27.000000000000
2026,390173,INDIANA REGIONAL MEDICAL CENTER,835 HOSPITAL ROAD,INDIANA,PA,15701,INDIANA,8.000000000000,2.000000000000,23.000000000000,5.750000000000,15.000000000000,3.750000000000,10.000000000000,2.500000000000,14.000000000000
2026,390174,THOMAS JEFFERSON UNIVERSITY HOSPITAL,111 SOUTH 11TH STREET,PHILADELPHIA,PA,19107,PHILADELPHIA,61.666666666667,15.416666666667,28.000000000000,7.000000000000,15.000000000000,3.750000000000,0.000000000000,0.000000000000,26.166666666667
2026,390178,UPMC HORIZON,110 NORTH MAIN STREET,GREENVILLE,PA,16125,MERCER,10.000000000000,2.500000000000,44.000000000000,11.000000000000,26.666666666667,6.666666666667,30.000000000000,7.500000000000,27.666666666667
2026,390179,CHESTER COUNTY HOSPITAL,701 EAST MARSHALL STREET,WEST CHESTER,PA,19380,CHESTER,45.000000000000,11.250000000000,66.000000000000,16.500000000000,21.666666666667,5.416666666667,10.000000000000,2.500000000000,35.666666666667
2026,390180,CROZER CHESTER MEDICAL CENTER,ONE MEDICAL CENTER BOULEVARD,UPLAND,PA,19013,DELAWARE,0.000000000000,0.000000000000,13.000000000000,3.250000000000,5.000000000000,1.250000000000,0.000000000000,0.000000000000,4.500000000000
2026,390183,ST LUKE'S MINERS MEMORIAL HOSPITAL,360 W RUDDLE STREET,COALDALE,PA,18218,SCHUYLKILL,40.000000000000,10.000000000000,81.000000000000,20.250000000000,60.000000000000,15.000000000000,60.000000000000,15.000000000000,60.250000000000
2026,390185,LEHIGH VALLEY HOSPITAL - HAZLETON,700 EAST BROAD STREET,HAZLETON,PA,18201,LUZERNE,14.000000000000,3.500000000000,18.000000000000,4.500000000000,48.000000000000,12.000000000000,0.000000000000,0.000000000000,20.000000000000
2026,390195,MAIN LINE HOSPITAL LANKENAU,100 LANCASTER AVE,WYNNEWOOD,PA,19096,MONTGOMERY,51.666666666667,12.916666666667,47.000000000000,11.750000000000,33.333333333333,8.333333333333,0.000000000000,0.000000000000,33.000000000000
2026,390198,LECOM MEDICAL CENTER AND BEHAVIORAL HEALTH PAV,5515 PEACH STREET,ERIE,PA,16509,ERIE,0.000000000000,0.000000000000,Not Available,Not Available,50.000000000000,16.666666666667,0.000000000000,0.000000000000,16.666666666667
2026,390199,PUNXSUTAWNEY AREA HOSPITAL,81 HILLCREST DRIVE,PUNXSUTAWNEY,PA,15767,JEFFERSON,0.000000000000,0.000000000000,74.000000000000,18.500000000000,5.000000000000,1.250000000000,30.000000000000,7.500000000000,27.250000000000
2026,390201,LEHIGH VALLEY HOSPITAL - POCONO,206 EAST BROWN STREET,EAST STROUDSBURG,PA,18301,MONROE,38.333333333333,9.583333333333,24.000000000000,6.000000000000,41.666666666667,10.416666666667,10.000000000000,2.500000000000,28.500000000000
2026,390203,DOYLESTOWN HOSPITAL,595 WEST STATE ST,DOYLESTOWN,PA,18901,BUCKS,21.666666666667,5.416666666667,55.000000000000,13.750000000000,11.666666666667,2.916666666667,30.000000000000,7.500000000000,29.583333333333
2026,390204,NAZARETH HOSPITAL,2601 HOLME AVE,PHILADELPHIA,PA,19152,PHILADELPHIA,5.000000000000,1.250000000000,15.000000000000,3.750000000000,36.000000000000,9.000000000000,0.000000000000,0.000000000000,14.000000000000
2026,390211,SHARON REGIONAL MEDICAL CENTER,740 EAST STATE STREET,SHARON,PA,16146,MERCER,20.000000000000,5.000000000000,54.000000000000,13.500000000000,40.000000000000,10.000000000000,10.000000000000,2.500000000000,31.000000000000
2026,390217,EXCELA HEALTH - FRICK HOSPITAL,508 SOUTH CHURCH STREET,MOUNT PLEASANT,PA,15666,WESTMORELAND,10.000000000000,2.500000000000,34.000000000000,8.500000000000,70.000000000000,17.500000000000,40.000000000000,10.000000000000,38.500000000000
2026,390219,EXCELA HEALTH LATROBE HOSPITAL,ONE MELLON WAY,LATROBE,PA,15650,WESTMORELAND,16.000000000000,4.000000000000,29.000000000000,7.250000000000,23.333333333333,5.833333333333,40.000000000000,10.000000000000,27.083333333333
2026,390222,RIDDLE MEMORIAL HOSPITAL,1068 WEST BALTIMORE PIKE,MEDIA,PA,19063,DELAWARE,24.000000000000,6.000000000000,52.000000000000,13.000000000000,46.666666666667,11.666666666667,0.000000000000,0.000000000000,30.666666666667
2026,390223,PENN PRESBYTERIAN MEDICAL CENTER,51 NORTH 39TH STREET,PHILADELPHIA,PA,19104,PHILADELPHIA,73.333333333333,18.333333333333,64.000000000000,16.000000000000,8.333333333333,2.083333333333,10.000000000000,2.500000000000,38.916666666667
2026,390225,WELLSPAN EPHRATA COMMUNITY HOSPITAL,169 MARTIN AVENUE,EPHRATA,PA,17522,LANCASTER,27.500000000000,6.875000000000,29.000000000000,7.250000000000,43.333333333333,10.833333333333,40.000000000000,10.000000000000,34.958333333333
2026,390226,PENNSYLVANIA HOSPITAL,800 SPRUCE STREET,PHILADELPHIA,PA,19107,PHILADELPHIA,90.000000000000,22.500000000000,36.000000000000,9.000000000000,26.666666666667,6.666666666667,0.000000000000,0.000000000000,38.166666666667
2026,390228,ST CLAIR HOSPITAL,1000 BOWER HILL ROAD,PITTSBURGH,PA,15243,ALLEGHENY,22.000000000000,5.500000000000,52.000000000000,13.000000000000,26.666666666667,6.666666666667,30.000000000000,7.500000000000,32.666666666667
2026,390231,JEFFERSON ABINGTON HOSPITAL,1200 OLD YORK ROAD,ABINGTON,PA,19001,MONTGOMERY,55.000000000000,13.750000000000,9.000000000000,2.250000000000,23.333333333333,5.833333333333,10.000000000000,2.500000000000,24.333333333333
2026,390233,UPMC HANOVER,300 HIGHLAND AVE,HANOVER,PA,17331,YORK,20.000000000000,5.000000000000,46.000000000000,11.500000000000,46.666666666667,11.666666666667,0.000000000000,0.000000000000,28.166666666667
2026,390237,REGIONAL HOSPITAL OF SCRANTON,746 JEFFERSON AVENUE,SCRANTON,PA,18501,LACKAWANNA,20.000000000000,5.000000000000,28.000000000000,7.000000000000,26.666666666667,6.666666666667,0.000000000000,0.000000000000,18.666666666667
2026,390256,MILTON S HERSHEY MEDICAL CENTER,500 UNIVERSITY DRIVE,HERSHEY,PA,17033,DAUPHIN,46.666666666667,11.666666666667,45.000000000000,11.250000000000,25.000000000000,6.250000000000,0.000000000000,0.000000000000,29.166666666667
2026,390258,ST MARY MEDICAL CENTER,LANGHORNE-NEWTOWN RD,LANGHORNE,PA,19047,BUCKS,31.666666666667,7.916666666667,19.000000000000,4.750000000000,78.333333333333,19.583333333333,0.000000000000,0.000000000000,32.250000000000
2026,390265,JEFFERSON HOSPITAL,565 COAL VALLEY ROAD,JEFFERSON HILLS,PA,15025,ALLEGHENY,16.666666666667,4.166666666667,56.000000000000,14.000000000000,63.333333333333,15.833333333333,20.000000000000,5.000000000000,39.000000000000
2026,390266,GROVE CITY MEDICAL CENTER,631 NORTH BROAD STREET EXT.,GROVE CITY,PA,16127,MERCER,20.000000000000,5.000000000000,66.000000000000,16.500000000000,60.000000000000,15.000000000000,100.000000000000,25.000000000000,61.500000000000
2026,390267,FORBES HOSPITAL,2570 HAYMAKER ROAD,MONROEVILLE,PA,15146,ALLEGHENY,48.000000000000,12.000000000000,24.000000000000,6.000000000000,28.333333333333,7.083333333333,0.000000000000,0.000000000000,25.083333333333
2026,390268,MOUNT NITTANY MEDICAL CENTER,155 WELLNESS WAY,STATE COLLEGE,PA,16803,CENTRE,16.000000000000,4.000000000000,55.000000000000,13.750000000000,31.666666666667,7.916666666667,0.000000000000,0.000000000000,25.666666666667
2026,390270,GEISINGER WYOMING VALLEY MEDICAL CENTER,1000 EAST MOUNTAIN BOULEVARD,WILKES BARRE,PA,18711,LUZERNE,45.000000000000,11.250000000000,13.000000000000,3.250000000000,15.000000000000,3.750000000000,0.000000000000,0.000000000000,18.250000000000
2026,390304,ROXBOROUGH MEMORIAL HOSPITAL,5800 RIDGE AVE,PHILADELPHIA,PA,19128,PHILADELPHIA,40.000000000000,10.000000000000,10.000000000000,2.500000000000,5.000000000000,1.250000000000,10.000000000000,2.500000000000,16.250000000000
2026,390326,ST LUKE'S HOSPITAL - ANDERSON CAMPUS,1872 ST LUKE'S BLVD,EASTON,PA,18045,NORTHAMPTON,42.500000000000,10.625000000000,35.000000000000,8.750000000000,58.333333333333,14.583333333333,30.000000000000,7.500000000000,41.458333333333
2026,390328,UPMC EAST,2775 MOSSIDE BOULEVARD,MONROEVILLE,PA,15146,ALLEGHENY,32.000000000000,8.000000000000,40.000000000000,10.000000000000,36.666666666667,9.166666666667,20.000000000000,5.000000000000,32.166666666667
2026,390329,JEFFERSON EINSTEIN MONTGOMERY HOSPITAL,559 WEST GERMANTOWN PIKE,EAST NORRITON,PA,19403,MONTGOMERY,62.000000000000,15.500000000000,26.000000000000,6.500000000000,25.000000000000,6.250000000000,0.000000000000,0.000000000000,28.250000000000
2026,390330,ST LUKE'S HOSPITAL - MONROE CAMPUS,100 ST LUKE'S LANE,STROUDSBURG,PA,18360,MONROE,54.000000000000,13.500000000000,35.000000000000,8.750000000000,60.000000000000,15.000000000000,30.000000000000,7.500000000000,44.750000000000
2026,390332,GEISINGER ST. LUKE'S  HOSPITAL,100 PARAMOUNT BOULEVARD,ORWIGSBURG,PA,17961,SCHUYLKILL,23.333333333333,5.833333333333,85.000000000000,21.250000000000,50.000000000000,12.500000000000,30.000000000000,7.500000000000,47.083333333333
2026,390334,AHN WEXFORD HOSPITAL,12351 PERRY HIGHWAY,WEXFORD,PA,15090,ALLEGHENY,56.666666666667,14.166666666667,81.000000000000,20.250000000000,35.000000000000,8.750000000000,30.000000000000,7.500000000000,50.666666666667
2026,390335,ST LUKE'S HOSPITAL - CARBON CAMPUS,500 ST LUKE'S DRIVE,LEHIGHTON,PA,18235,CARBON,42.500000000000,10.625000000000,82.000000000000,20.500000000000,95.000000000000,23.750000000000,30.000000000000,7.500000000000,62.375000000000
2026,390336,PENN STATE HEALTH HAMPDEN MEDICAL CENTER,2200 GOOD HOPE ROAD,ENOLA,PA,17025,CUMBERLAND,26.666666666667,6.666666666667,46.000000000000,11.500000000000,52.500000000000,13.125000000000,0.000000000000,0.000000000000,31.291666666667
2026,390337,GEISINGER MEDICAL CENTER MUNCY,255 ROUTE 220 HIGHWAY,MUNCY,PA,17756,LYCOMING,15.000000000000,3.750000000000,96.000000000000,24.000000000000,60.000000000000,15.000000000000,70.000000000000,17.500000000000,60.250000000000
2026,390338,LEHIGH VALLEY HOSPITAL - DICKSON CITY,330 MAIN STREET,DICKSON CITY,PA,18519,LACKAWANNA,13.333333333333,3.333333333333,74.000000000000,18.500000000000,0.000000000000,0.000000000000,0.000000000000,0.000000000000,21.833333333333
2026,390339,PENN STATE HEALTH LANCASTER MEDICAL CENTER,2160 STATE ROAD,LANCASTER,PA,17601,LANCASTER,13.333333333333,3.333333333333,37.000000000000,9.250000000000,43.333333333333,10.833333333333,0.000000000000,0.000000000000,23.416666666667
2026,410004,ROGER WILLIAMS MEDICAL CENTER,825 CHALKSTONE AVENUE,PROVIDENCE,RI,02908,PROVIDENCE,20.000000000000,5.000000000000,32.000000000000,8.000000000000,73.333333333333,18.333333333333,0.000000000000,0.000000000000,31.333333333333
2026,410006,NEWPORT HOSPITAL,11 FRIENDSHIP STREET,NEWPORT,RI,02840,NEWPORT,12.500000000000,3.125000000000,42.000000000000,10.500000000000,42.500000000000,10.625000000000,0.000000000000,0.000000000000,24.250000000000
2026,410008,SOUTH COUNTY HOSPITAL INC,100 KENYON AVE,WAKEFIELD,RI,02879,WASHINGTON,28.000000000000,7.000000000000,76.000000000000,19.000000000000,3.333333333333,0.833333333333,30.000000000000,7.500000000000,34.333333333333
2026,410009,KENT COUNTY MEMORIAL HOSPITAL,455 TOLL GATE RD,WARWICK,RI,02886,KENT,20.000000000000,5.000000000000,33.000000000000,8.250000000000,8.333333333333,2.083333333333,0.000000000000,0.000000000000,15.333333333333
2026,410011,LANDMARK MEDICAL CENTER,115 CASS AVENUE,WOONSOCKET,RI,02895,PROVIDENCE,22.500000000000,5.625000000000,24.000000000000,6.000000000000,28.000000000000,7.000000000000,30.000000000000,7.500000000000,26.125000000000
2026,410012,THE MIRIAM HOSPITAL,164 SUMMIT AVENUE,PROVIDENCE,RI,02906,PROVIDENCE,36.000000000000,9.000000000000,34.000000000000,8.500000000000,28.333333333333,7.083333333333,20.000000000000,5.000000000000,29.583333333333
2026,410013,WESTERLY HOSPITAL,25 WELLS STREET,WESTERLY,RI,02891,WASHINGTON,6.666666666667,1.666666666667,62.000000000000,15.500000000000,38.000000000000,9.500000000000,30.000000000000,7.500000000000,34.166666666667
2026,420002,PIEDMONT MEDICAL CENTER,1731 FRANK GASTON BLVD,ROCK HILL,SC,29732,YORK,21.666666666667,5.416666666667,12.000000000000,3.000000000000,51.666666666667,12.916666666667,0.000000000000,0.000000000000,21.333333333333
2026,420004,MUSC MEDICAL CENTER,169 ASHLEY AVE,CHARLESTON,SC,29425,CHARLESTON,33.333333333333,8.333333333333,28.000000000000,7.000000000000,11.666666666667,2.916666666667,20.000000000000,5.000000000000,23.250000000000
2026,420005,MCLEOD MEDICAL CENTER - DILLON,301 E JACKSON STREET PO BOX 1327,DILLON,SC,29536,DILLON,0.000000000000,0.000000000000,67.000000000000,16.750000000000,75.000000000000,18.750000000000,90.000000000000,22.500000000000,58.000000000000
2026,420007,SPARTANBURG MEDICAL CENTER,101 E WOOD ST,SPARTANBURG,SC,29303,SPARTANBURG,3.333333333333,0.833333333333,41.000000000000,10.250000000000,23.333333333333,5.833333333333,10.000000000000,2.500000000000,19.416666666667
2026,420009,PRISMA HEALTH OCONEE MEMORIAL HOSPITAL,298 MEMORIAL DR,SENECA,SC,29672,OCONEE,26.000000000000,6.500000000000,29.000000000000,7.250000000000,28.333333333333,7.083333333333,20.000000000000,5.000000000000,25.833333333333
2026,420010,CAROLINA PINES REGIONAL MEDICAL CENTER,1304 W BOBO NEWSOM HWY,HARTSVILLE,SC,29550,DARLINGTON,12.500000000000,3.125000000000,51.000000000000,12.750000000000,66.666666666667,16.666666666667,0.000000000000,0.000000000000,32.541666666667
2026,420015,PRISMA HEALTH BAPTIST EASLEY HOSPITAL,200 FLEETWOOD DRIVE,EASLEY,SC,29640,PICKENS,25.000000000000,6.250000000000,31.000000000000,7.750000000000,28.333333333333,7.083333333333,10.000000000000,2.500000000000,23.583333333333
2026,420018,PRISMA HEALTH RICHLAND HOSPITAL,5 MEDICAL PARK,COLUMBIA,SC,29203,RICHLAND,28.000000000000,7.000000000000,26.000000000000,6.500000000000,30.000000000000,7.500000000000,0.000000000000,0.000000000000,21.000000000000
2026,420020,TIDELANDS GEORGETOWN MEMORIAL HOSPITAL,606 BLACK RIVER RD DRAWER 1718,GEORGETOWN,SC,29440,GEORGETOWN,7.500000000000,1.875000000000,12.000000000000,3.000000000000,13.333333333333,3.333333333333,30.000000000000,7.500000000000,15.708333333333
2026,420023,ST FRANCIS-DOWNTOWN,ONE ST FRANCIS DR,GREENVILLE,SC,29601,GREENVILLE,30.000000000000,7.500000000000,47.000000000000,11.750000000000,33.333333333333,8.333333333333,0.000000000000,0.000000000000,27.583333333333
2026,420026,MUSC HEALTH COLUMBIA MEDICAL CENTER DOWNTOWN,2435 FOREST DRIVE,COLUMBIA,SC,29204,RICHLAND,10.000000000000,2.500000000000,27.000000000000,6.750000000000,30.000000000000,7.500000000000,0.000000000000,0.000000000000,16.750000000000
2026,420027,ANMED HEALTH,800 N FANT ST,ANDERSON,SC,29621,ANDERSON,22.000000000000,5.500000000000,56.000000000000,14.000000000000,30.000000000000,7.500000000000,0.000000000000,0.000000000000,27.000000000000
2026,420030,COLLETON MEDICAL CENTER,501 ROBERTSON BOULEVARD,WALTERBORO,SC,29488,COLLETON,7.500000000000,1.875000000000,43.000000000000,10.750000000000,56.666666666667,14.166666666667,40.000000000000,10.000000000000,36.791666666667
2026,420033,PRISMA HEALTH GREER MEMORIAL HOSPITAL,1413 JOHN B WHITE SR BLVD SUITE D,SPARTANBURG,SC,29306,SPARTANBURG,10.000000000000,2.500000000000,56.000000000000,14.000000000000,55.000000000000,13.750000000000,10.000000000000,2.500000000000,32.750000000000
2026,420036,MUSC HEALTH LANCASTER MEDICAL CENTER,800 W MEETING ST,LANCASTER,SC,29720,LANCASTER,10.000000000000,2.500000000000,18.000000000000,4.500000000000,92.000000000000,23.000000000000,0.000000000000,0.000000000000,30.000000000000
2026,420037,PRISMA HEALTH HILLCREST HOSPITAL,741 SOUTH EAST MAIN STREET,SIMPSONVILLE,SC,29681,GREENVILLE,33.333333333333,8.333333333333,51.000000000000,12.750000000000,16.666666666667,4.166666666667,10.000000000000,2.500000000000,27.750000000000
2026,420038,PRISMA HEALTH LAURENS COUNTY HOSPITAL,22725 HIGHWAY 76 EAST,CLINTON,SC,29325,LAURENS,10.000000000000,2.500000000000,40.000000000000,10.000000000000,60.000000000000,15.000000000000,40.000000000000,10.000000000000,37.500000000000
2026,420043,CHEROKEE MEDICAL CENTER,1530 N LIMESTONE ST,GAFFNEY,SC,29340,CHEROKEE,0.000000000000,0.000000000000,60.000000000000,15.000000000000,5.000000000000,1.250000000000,10.000000000000,2.500000000000,18.750000000000
2026,420048,KERSHAWHEALTH,1315 ROBERTS STREET,CAMDEN,SC,29020,KERSHAW,0.000000000000,0.000000000000,22.000000000000,5.500000000000,62.500000000000,15.625000000000,0.000000000000,0.000000000000,21.125000000000
2026,420049,CONWAY MEDICAL CENTER,300 SINGLETON RIDGE ROAD,CONWAY,SC,29526,HORRY,0.000000000000,0.000000000000,36.000000000000,9.000000000000,35.000000000000,8.750000000000,0.000000000000,0.000000000000,17.750000000000
2026,420051,MCLEOD REGIONAL MEDICAL CENTER-PEE DEE,555 E CHEVES ST BOX 8700,FLORENCE,SC,29506,FLORENCE,21.666666666667,5.416666666667,29.000000000000,7.250000000000,25.000000000000,6.250000000000,0.000000000000,0.000000000000,18.916666666667
2026,420053,NEWBERRY COUNTY MEMORIAL HOSPITAL,2669 KINARD ST PO BOX 497,NEWBERRY,SC,29108,NEWBERRY,33.333333333333,8.333333333333,75.000000000000,18.750000000000,85.000000000000,21.250000000000,0.000000000000,0.000000000000,48.333333333333
2026,420055,MUSC HEALTH MARION MEDICAL CENTER,2829 E HWY 76,MULLINS,SC,29574,MARION,3.333333333333,1.111111111111,62.000000000000,20.666666666667,Not Available,Not Available,40.000000000000,13.333333333333,35.111111111111
2026,420065,BON SECOURS-ST FRANCIS XAVIER HOSPITAL,2095 HENRY TECKLENBURG DRIVE,CHARLESTON,SC,29414,CHARLESTON,0.000000000000,0.000000000000,67.000000000000,16.750000000000,30.000000000000,7.500000000000,0.000000000000,0.000000000000,24.250000000000
2026,420067,BEAUFORT COUNTY MEMORIAL HOSPITAL,955 RIBAUT RD,BEAUFORT,SC,29902,BEAUFORT,18.000000000000,4.500000000000,18.000000000000,4.500000000000,53.333333333333,13.333333333333,10.000000000000,2.500000000000,24.833333333333
2026,420070,PRISMA HEALTH TUOMEY HOSPITAL,129 N WASHINGTON ST,SUMTER,SC,29150,SUMTER,0.000000000000,0.000000000000,22.000000000000,5.500000000000,68.333333333333,17.083333333333,30.000000000000,7.500000000000,30.083333333333
2026,420071,SELF REGIONAL HEALTHCARE,1325 SPRING STREET,GREENWOOD,SC,29646,GREENWOOD,16.666666666667,4.166666666667,60.000000000000,15.000000000000,53.333333333333,13.333333333333,0.000000000000,0.000000000000,32.500000000000
2026,420073,LEXINGTON MEDICAL CENTER,2720 SUNSET BLVD,WEST COLUMBIA,SC,29169,LEXINGTON,15.000000000000,3.750000000000,58.000000000000,14.500000000000,50.000000000000,12.500000000000,0.000000000000,0.000000000000,30.750000000000
2026,420078,PRISMA HEALTH GREENVILLE MEMORIAL HOSPITAL,701 GROVE ROAD,GREENVILLE,SC,29605,GREENVILLE,50.000000000000,12.500000000000,24.000000000000,6.000000000000,20.000000000000,5.000000000000,10.000000000000,2.500000000000,26.000000000000
2026,420079,TRIDENT MEDICAL CENTER,9330 MEDICAL PLAZA DR,CHARLESTON,SC,29406,CHARLESTON,40.000000000000,10.000000000000,31.000000000000,7.750000000000,31.666666666667,7.916666666667,0.000000000000,0.000000000000,25.666666666667
2026,420080,HILTON HEAD REGIONAL MEDICAL CENTER,25 HOSPITAL CENTER BLVD,HILTON HEAD ISLAND,SC,29926,BEAUFORT,11.666666666667,2.916666666667,9.000000000000,2.250000000000,27.500000000000,6.875000000000,0.000000000000,0.000000000000,12.041666666667
2026,420082,AIKEN REGIONAL MEDICAL CENTER,302 UNIVERSITY PARKWAY,AIKEN,SC,29801,AIKEN,15.000000000000,3.750000000000,15.000000000000,3.750000000000,43.333333333333,10.833333333333,20.000000000000,5.000000000000,23.333333333333
2026,420085,GRAND STRAND REGIONAL MEDICAL CENTER,809 82ND PARKWAY,MYRTLE BEACH,SC,29572,HORRY,8.333333333333,2.083333333333,17.000000000000,4.250000000000,35.000000000000,8.750000000000,10.000000000000,2.500000000000,17.583333333333
2026,420086,PRISMA HEALTH BAPTIST,1330 TAYLOR AT MARION ST,COLUMBIA,SC,29220,RICHLAND,5.000000000000,1.250000000000,39.000000000000,9.750000000000,33.333333333333,8.333333333333,0.000000000000,0.000000000000,19.333333333333
2026,420087,ROPER HOSPITAL,316 CALHOUN ST,CHARLESTON,SC,29401,CHARLESTON,30.000000000000,7.500000000000,70.000000000000,17.500000000000,46.666666666667,11.666666666667,0.000000000000,0.000000000000,36.666666666667
2026,420089,EAST COOPER MEDICAL CENTER,2000 HOSPITAL DR,MOUNT PLEASANT,SC,29464,CHARLESTON,30.000000000000,7.500000000000,57.000000000000,14.250000000000,65.000000000000,16.250000000000,20.000000000000,5.000000000000,43.000000000000
2026,420091,MUSC HEALTH FLORENCE MEDICAL CENTER,805 PAMPLICO HWY BOX 100550,FLORENCE,SC,29505,FLORENCE,30.000000000000,7.500000000000,37.000000000000,9.250000000000,20.000000000000,5.000000000000,20.000000000000,5.000000000000,26.750000000000
2026,420098,TIDELANDS WACCAMAW COMMUNITY HOSPITAL,4070 HWY 17,MURRELLS INLET,SC,29576,HORRY,2.000000000000,0.500000000000,34.000000000000,8.500000000000,50.000000000000,12.500000000000,0.000000000000,0.000000000000,21.500000000000
2026,420101,COASTAL CAROLINA HOSPITAL,1000 MEDICAL CENTER DRIVE,HARDEEVILLE,SC,29927,JASPER,0.000000000000,0.000000000000,27.000000000000,6.750000000000,36.666666666667,9.166666666667,10.000000000000,2.500000000000,18.416666666667
2026,420103,PELHAM MEDICAL CENTER,250 WESTMORELAND ROAD,GREER,SC,29651,GREENVILLE,13.333333333333,3.333333333333,85.000000000000,21.250000000000,52.500000000000,13.125000000000,0.000000000000,0.000000000000,37.708333333333
2026,420104,MOUNT PLEASANT HOSPITAL,3510 HIGHWAY 17 NORTH SUITE 140,MOUNT PLEASANT,SC,29466,CHARLESTON,30.000000000000,7.500000000000,89.000000000000,22.250000000000,53.333333333333,13.333333333333,20.000000000000,5.000000000000,48.083333333333
2026,420105,MCLEOD LORIS  HOSPITAL,3655 MITCHELL STREET,LORIS,SC,29569,HORRY,10.000000000000,2.500000000000,63.000000000000,15.750000000000,31.666666666667,7.916666666667,0.000000000000,0.000000000000,26.166666666667
2026,420106,PRISMA HEALTH BAPTIST PARKRIDGE,400 PALMETTO HEALTH PARKWAY,COLUMBIA,SC,29212,LEXINGTON,16.666666666667,4.166666666667,46.000000000000,11.500000000000,12.500000000000,3.125000000000,10.000000000000,2.500000000000,21.291666666667
2026,420107,MCLEOD HEALTH CHERAW,711 CHESTERFIELD HIGHWAY,CHERAW,SC,29520,CHESTERFIELD,20.000000000000,5.000000000000,65.000000000000,16.250000000000,50.000000000000,12.500000000000,0.000000000000,0.000000000000,33.750000000000
2026,420109,MCLEOD HEALTH CLARENDON,10 EAST HOSPITAL STREET,MANNING,SC,29102,CLARENDON,0.000000000000,0.000000000000,80.000000000000,20.000000000000,45.000000000000,11.250000000000,40.000000000000,10.000000000000,41.250000000000
2026,420110,ROPER ST FRANCIS HOSPITAL-BERKELEY INC,100 CALLEN BLVD.,SUMMERVILLE,SC,29486,BERKELEY,0.000000000000,0.000000000000,77.000000000000,19.250000000000,35.000000000000,8.750000000000,20.000000000000,5.000000000000,33.000000000000
2026,420117,MEDICAL UNIVERSITY HOSPITAL AUTHORITY,3555 N WILLIAMSBURG COUNTY HWY,CADES,SC,29518,WILLIAMSBURG,0.000000000000,0.000000000000,70.000000000000,17.500000000000,20.000000000000,5.000000000000,10.000000000000,2.500000000000,25.000000000000
2026,430005,"PRAIRIE LAKES HEALTHCARE SYSTEM, INC",401 9TH AVENUE NW  POST OFFICE BOX 1210,WATERTOWN,SD,57201,CODINGTON,0.000000000000,0.000000000000,34.000000000000,8.500000000000,30.000000000000,7.500000000000,20.000000000000,5.000000000000,21.000000000000
2026,430008,BROOKINGS HEALTH SYSTEM,300 22ND AVE,BROOKINGS,SD,57006,BROOKINGS,13.333333333333,3.333333333333,90.000000000000,22.500000000000,30.000000000000,7.500000000000,70.000000000000,17.500000000000,50.833333333333
2026,430012,AVERA SACRED HEART HOSPITAL,501 SUMMIT ST,YANKTON,SD,57078,YANKTON,0.000000000000,0.000000000000,65.000000000000,16.250000000000,33.333333333333,8.333333333333,20.000000000000,5.000000000000,29.583333333333
2026,430014,AVERA ST LUKES,305 S STATE ST  POST OFFICE BOX 4450,ABERDEEN,SD,57401,BROWN,16.000000000000,4.000000000000,42.000000000000,10.500000000000,70.000000000000,17.500000000000,0.000000000000,0.000000000000,32.000000000000
2026,430015,AVERA ST MARY'S HOSPITAL,801 E SIOUX,PIERRE,SD,57501,HUGHES,12.500000000000,3.125000000000,33.000000000000,8.250000000000,55.000000000000,13.750000000000,40.000000000000,10.000000000000,35.125000000000
2026,430016,AVERA MCKENNAN HOSPITAL & UNIVERSITY HEALTH CENTER,1325 S CLIFF AVE  POST OFFICE BOX 5045,SIOUX FALLS,SD,57117,MINNEHAHA,14.000000000000,3.500000000000,45.000000000000,11.250000000000,30.000000000000,7.500000000000,0.000000000000,0.000000000000,22.250000000000
2026,430027,SANFORD USD MEDICAL CENTER,1305 W 18TH ST  POST OFFICE BOX 5039,SIOUX FALLS,SD,57117,MINNEHAHA,43.333333333333,10.833333333333,38.000000000000,9.500000000000,18.333333333333,4.583333333333,10.000000000000,2.500000000000,27.416666666667
2026,430048,MONUMENT HEALTH SPEARFISH HOSPITAL,1440 N MAIN ST,SPEARFISH,SD,57783,LAWRENCE,0.000000000000,0.000000000000,43.000000000000,14.333333333333,Not Available,Not Available,60.000000000000,20.000000000000,34.333333333333
2026,430077,MONUMENT HEALTH RAPID CITY HOSPITAL,353 FAIRMONT BLVD,RAPID CITY,SD,57701,PENNINGTON,38.333333333333,9.583333333333,30.000000000000,7.500000000000,28.333333333333,7.083333333333,10.000000000000,2.500000000000,26.666666666667
2026,430095,AVERA HEART HOSPITAL OF SOUTH DAKOTA,4500 W 69TH ST,SIOUX FALLS,SD,57108,LINCOLN,20.000000000000,6.666666666667,97.000000000000,32.333333333333,Not Available,Not Available,0.000000000000,0.000000000000,39.000000000000
2026,430097,SANFORD MEDICAL CENTER ABERDEEN,2905 3RD AVE SE,ABERDEEN,SD,57402,BROWN,6.666666666667,1.666666666667,36.000000000000,9.000000000000,60.000000000000,15.000000000000,60.000000000000,15.000000000000,40.666666666667
2026,440002,JACKSON-MADISON COUNTY GENERAL HOSPITAL,620 SKYLINE DRIVE,JACKSON,TN,38301,MADISON,16.000000000000,4.000000000000,38.000000000000,9.500000000000,28.333333333333,7.083333333333,0.000000000000,0.000000000000,20.583333333333
2026,440003,HIGHPOINT HEALTH-SUMNER WITH ASCENSION SAINT THOMA,555 HARTSVILLE PIKE,GALLATIN,TN,37066,SUMNER,20.000000000000,5.000000000000,15.000000000000,3.750000000000,70.000000000000,17.500000000000,0.000000000000,0.000000000000,26.250000000000
2026,440006,TRISTAR SKYLINE MEDICAL CENTER,3441 DICKERSON PIKE,NASHVILLE,TN,37207,DAVIDSON,12.500000000000,3.125000000000,23.000000000000,5.750000000000,30.000000000000,7.500000000000,0.000000000000,0.000000000000,16.375000000000
2026,440007,UNITY MEDICAL CENTER,481 INTERSTATE DRIVE,MANCHESTER,TN,37355,COFFEE,0.000000000000,0.000000000000,96.000000000000,32.000000000000,Not Available,Not Available,0.000000000000,0.000000000000,32.000000000000
2026,440009,CUMBERLAND MEDICAL CENTER,421 S MAIN ST,CROSSVILLE,TN,38555,CUMBERLAND,16.000000000000,4.000000000000,30.000000000000,7.500000000000,38.000000000000,9.500000000000,30.000000000000,7.500000000000,28.500000000000
2026,440011,BLOUNT MEMORIAL HOSPITAL,907 E LAMAR ALEXANDER PARKWAY,MARYVILLE,TN,37804,BLOUNT,10.000000000000,2.500000000000,37.000000000000,9.250000000000,21.666666666667,5.416666666667,20.000000000000,5.000000000000,22.166666666667
2026,440012,WELLMONT BRISTOL REGIONAL MEDICAL CENTER,ONE MEDICAL PARK BLVD,BRISTOL,TN,37620,SULLIVAN,0.000000000000,0.000000000000,27.000000000000,6.750000000000,28.333333333333,7.083333333333,0.000000000000,0.000000000000,13.833333333333
2026,440015,"UNIVERSITY HEALTH SYSTEM, INC",1924 ALCOA HIGHWAY,KNOXVILLE,TN,37920,KNOX,28.333333333333,7.083333333333,35.000000000000,8.750000000000,41.666666666667,10.416666666667,0.000000000000,0.000000000000,26.250000000000
2026,440016,BAPTIST MEMORIAL HOSPITAL - CARROLL COUNTY,631 RB WILSON DR,HUNTINGDON,TN,38344,CARROLL,0.000000000000,0.000000000000,82.000000000000,20.500000000000,75.000000000000,18.750000000000,10.000000000000,2.500000000000,41.750000000000
2026,440017,WELLMONT HOLSTON VALLEY MEDICAL CENTER,130 WEST RAVINE ROAD,KINGSPORT,TN,37662,SULLIVAN,15.000000000000,3.750000000000,22.000000000000,5.500000000000,8.333333333333,2.083333333333,0.000000000000,0.000000000000,11.333333333333
2026,440018,SYCAMORE SHOALS HOSPITAL,1501 WEST ELK AVENUE,ELIZABETHTON,TN,37643,CARTER,0.000000000000,0.000000000000,48.000000000000,12.000000000000,15.000000000000,3.750000000000,0.000000000000,0.000000000000,15.750000000000
2026,440020,SOUTHERN TENNESSEE REGIONAL HEALTH SYSTEM PULASKI,1265 E COLLEGE ST,PULASKI,TN,38478,GILES,0.000000000000,0.000000000000,Not Available,Not Available,50.000000000000,16.666666666667,10.000000000000,3.333333333333,20.000000000000
2026,440029,WILLIAMSON MEDICAL CENTER,4321 CAROTHERS PARKWAY,FRANKLIN,TN,37067,WILLIAMSON,18.000000000000,4.500000000000,44.000000000000,11.000000000000,65.000000000000,16.250000000000,0.000000000000,0.000000000000,31.750000000000
2026,440030,MORRISTOWN HAMBLEN HOSPITAL ASSOCIATION,908 W 4TH NORTH ST,MORRISTOWN,TN,37814,HAMBLEN,5.000000000000,1.250000000000,24.000000000000,6.000000000000,35.000000000000,8.750000000000,30.000000000000,7.500000000000,23.500000000000
2026,440031,ROANE MEDICAL CENTER,8045 ROANE MEDICAL CENTER DRIVE,HARRIMAN,TN,37748,ROANE,6.666666666667,1.666666666667,78.000000000000,19.500000000000,56.666666666667,14.166666666667,60.000000000000,15.000000000000,50.333333333333
2026,440033,LAFOLLETTE MEDICAL CENTER,923 EAST CENTRAL AVENUE,LA FOLLETTE,TN,37766,CAMPBELL,Not Available,Not Available,53.000000000000,17.666666666667,40.000000000000,13.333333333333,0.000000000000,0.000000000000,31.000000000000
2026,440034,METHODIST MEDICAL CENTER OF OAK RIDGE,990 OAK RIDGE TURNPIKE BOX 529,OAK RIDGE,TN,37830,ANDERSON,20.000000000000,5.000000000000,35.000000000000,8.750000000000,58.333333333333,14.583333333333,30.000000000000,7.500000000000,35.833333333333
2026,440035,TENNOVA HEALTHCARE-CLARKSVILLE,651 DUNLOP LANE,CLARKSVILLE,TN,37040,MONTGOMERY,0.000000000000,0.000000000000,19.000000000000,4.750000000000,40.000000000000,10.000000000000,0.000000000000,0.000000000000,14.750000000000
2026,440039,VANDERBILT UNIVERSITY MEDICAL CENTER,1211 MEDICAL CENTER DRIVE,NASHVILLE,TN,37232,DAVIDSON,36.666666666667,9.166666666667,51.000000000000,12.750000000000,28.333333333333,7.083333333333,0.000000000000,0.000000000000,29.000000000000
2026,440046,TRISTAR HORIZON MEDICAL CENTER,111 HIGHWAY 70 EAST,DICKSON,TN,37055,DICKSON,28.000000000000,7.000000000000,50.000000000000,12.500000000000,66.000000000000,16.500000000000,0.000000000000,0.000000000000,36.000000000000
2026,440048,BAPTIST MEMORIAL HOSPITAL,6019 WALNUT GROVE ROAD,MEMPHIS,TN,38120,SHELBY,31.666666666667,7.916666666667,23.000000000000,5.750000000000,26.666666666667,6.666666666667,10.000000000000,2.500000000000,22.833333333333
2026,440050,GREENEVILLE COMMUNITY HOSPITAL,1420 TUSCULUM BOULEVARD,GREENEVILLE,TN,37745,GREENE,15.000000000000,3.750000000000,29.000000000000,7.250000000000,40.000000000000,10.000000000000,0.000000000000,0.000000000000,21.000000000000
2026,440056,TENNOVA HEALTHCARE-JEFFERSON MEMORIAL HOSPITAL,110 HOSPITAL DRIVE,JEFFERSON CITY,TN,37760,JEFFERSON,6.666666666667,1.666666666667,31.000000000000,7.750000000000,70.000000000000,17.500000000000,10.000000000000,2.500000000000,29.416666666667
2026,440057,CLAIBORNE MEDICAL CENTER,1850 OLD KNOXVILLE HIGHWAY,TAZEWELL,TN,37879,CLAIBORNE,Not Available,Not Available,72.000000000000,24.000000000000,55.000000000000,18.333333333333,0.000000000000,0.000000000000,42.333333333333
2026,440058,SOUTHERN TENNESSEE REGIONAL HEALTH SYSTEM WINCHEST,185 HOSPITAL ROAD,WINCHESTER,TN,37398,FRANKLIN,16.000000000000,4.000000000000,36.000000000000,9.000000000000,33.333333333333,8.333333333333,0.000000000000,0.000000000000,21.333333333333
2026,440059,COOKEVILLE REGIONAL MEDICAL CENTER,1 MEDICAL CENTER BOULEVARD,COOKEVILLE,TN,38501,PUTNAM,18.333333333333,4.583333333333,35.000000000000,8.750000000000,28.333333333333,7.083333333333,10.000000000000,2.500000000000,22.916666666667
2026,440061,VOLUNTEER COMMUNITY HOSPITAL,161 MOUNT PELIA RD,MARTIN,TN,38237,WEAKLEY,0.000000000000,0.000000000000,Not Available,Not Available,10.000000000000,3.333333333333,10.000000000000,3.333333333333,6.666666666667
2026,440063,JOHNSON CITY MEDICAL CENTER,400 N STATE OF FRANKLIN RD,JOHNSON CITY,TN,37604,WASHINGTON,3.333333333333,0.833333333333,11.000000000000,2.750000000000,23.333333333333,5.833333333333,0.000000000000,0.000000000000,9.416666666667
2026,440065,TRISTAR NORTHCREST MEDICAL CENTER,100 NORTHCREST DRIVE,SPRINGFIELD,TN,37172,ROBERTSON,12.500000000000,3.125000000000,65.000000000000,16.250000000000,65.000000000000,16.250000000000,30.000000000000,7.500000000000,43.125000000000
2026,440068,STARR REGIONAL MEDICAL CENTER ATHENS,1114 W MADISON AVE,ATHENS,TN,37371,MCMINN,3.333333333333,0.833333333333,50.000000000000,12.500000000000,45.000000000000,11.250000000000,40.000000000000,10.000000000000,34.583333333333
2026,440072,DYERSBURG REGIONAL MEDICAL CENTER,400 EAST TICKLE STREET,DYERSBURG,TN,38024,DYER,13.333333333333,3.333333333333,60.000000000000,15.000000000000,53.333333333333,13.333333333333,0.000000000000,0.000000000000,31.666666666667
2026,440073,MAURY REGIONAL HOSPITAL,1224 TROTWOOD AVE,COLUMBIA,TN,38401,MAURY,2.000000000000,0.500000000000,54.000000000000,13.500000000000,46.666666666667,11.666666666667,0.000000000000,0.000000000000,25.666666666667
2026,440081,LECONTE MEDICAL CENTER,742 MIDDLECREEK ROAD,SEVIERVILLE,TN,37862,SEVIER,10.000000000000,2.500000000000,68.000000000000,17.000000000000,56.666666666667,14.166666666667,40.000000000000,10.000000000000,43.666666666667
2026,440084,SWEETWATER HOSPITAL ASSOCIATION,304 WRIGHT ST,SWEETWATER,TN,37874,MONROE,3.333333333333,0.833333333333,33.000000000000,8.250000000000,0.000000000000,0.000000000000,10.000000000000,2.500000000000,11.583333333333
2026,440091,"MEMORIAL HEALTHCARE SYSTEM, INC",2525 DESALES AVE,CHATTANOOGA,TN,37404,HAMILTON,31.666666666667,7.916666666667,44.000000000000,11.000000000000,40.000000000000,10.000000000000,0.000000000000,0.000000000000,28.916666666667
2026,440102,LINCOLN MEDICAL CENTER,106 MEDICAL CENTER BLVD,FAYETTEVILLE,TN,37334,LINCOLN,0.000000000000,0.000000000000,80.000000000000,20.000000000000,30.000000000000,7.500000000000,0.000000000000,0.000000000000,27.500000000000
2026,440104,ERLANGER MEDICAL CENTER,975 E 3RD ST,CHATTANOOGA,TN,37403,HAMILTON,30.000000000000,7.500000000000,25.000000000000,6.250000000000,31.666666666667,7.916666666667,0.000000000000,0.000000000000,21.666666666667
2026,440109,HARDIN MEDICAL CENTER,935 WAYNE ROAD,SAVANNAH,TN,38372,HARDIN,0.000000000000,0.000000000000,42.000000000000,10.500000000000,20.000000000000,5.000000000000,10.000000000000,2.500000000000,18.000000000000
2026,440110,FORT LOUDOUN MEDICAL CENTER,550 FORT LOUDON MEDICAL CENTER DR,LENOIR CITY,TN,37772,LOUDON,16.666666666667,4.166666666667,43.000000000000,10.750000000000,30.000000000000,7.500000000000,0.000000000000,0.000000000000,22.416666666667
2026,440120,PHYSICIANS REGIONAL MEDICAL CENTER,7565 DANNAHER WAY POWELL,POWELL,TN,37849,KNOX,16.666666666667,4.166666666667,24.000000000000,6.000000000000,60.000000000000,15.000000000000,0.000000000000,0.000000000000,25.166666666667
2026,440125,FORT SANDERS REGIONAL MEDICAL CENTER,1901 W CLINCH AVE,KNOXVILLE,TN,37916,KNOX,6.666666666667,1.666666666667,39.000000000000,9.750000000000,45.000000000000,11.250000000000,10.000000000000,2.500000000000,25.166666666667
2026,440130,BAPTIST MEMORIAL HOSPITAL UNION CITY,"1201 BISHOP ST, PO BOX 310",UNION CITY,TN,38261,OBION,0.000000000000,0.000000000000,59.000000000000,14.750000000000,25.000000000000,6.250000000000,0.000000000000,0.000000000000,21.000000000000
2026,440131,BAPTIST MEMORIAL HOSPITAL TIPTON,1995 HIGHWAY 51 S,COVINGTON,TN,38019,TIPTON,6.666666666667,1.666666666667,57.000000000000,14.250000000000,55.000000000000,13.750000000000,40.000000000000,10.000000000000,39.666666666667
2026,440132,WEST TENNESSEE HEALTHCARE HENRY COUNTY HOSPITAL,301 TYSON AVENUE,PARIS,TN,38242,HENRY,6.666666666667,1.666666666667,63.000000000000,15.750000000000,0.000000000000,0.000000000000,0.000000000000,0.000000000000,17.416666666667
2026,440137,VANDERBILT BEDFORD HOSPITAL,2835 HWY 231 NORTH,SHELBYVILLE,TN,37160,BEDFORD,23.333333333333,5.833333333333,48.000000000000,12.000000000000,50.000000000000,12.500000000000,50.000000000000,12.500000000000,42.833333333333
2026,440144,VANDERBILT TULLAHOMA-HARTON HOSPITAL,1801 N JACKSON ST BOX 460,TULLAHOMA,TN,37388,COFFEE,0.000000000000,0.000000000000,28.000000000000,7.000000000000,60.000000000000,15.000000000000,10.000000000000,2.500000000000,24.500000000000
2026,440150,TRISTAR SUMMIT MEDICAL CENTER,5655 FRIST BLVD,HERMITAGE,TN,37076,DAVIDSON,32.000000000000,8.000000000000,19.000000000000,4.750000000000,65.000000000000,16.250000000000,10.000000000000,2.500000000000,31.500000000000
2026,440152,REGIONAL ONE HEALTH,877 JEFFERSON AVENUE,MEMPHIS,TN,38103,SHELBY,Not Available,Not Available,19.000000000000,6.333333333333,33.333333333333,11.111111111111,0.000000000000,0.000000000000,17.444444444444
2026,440153,TENNOVA HEALTHCARE - NEWPORT MEDICAL CENTER,435 2ND ST,NEWPORT,TN,37821,COCKE,0.000000000000,0.000000000000,46.000000000000,11.500000000000,76.666666666667,19.166666666667,80.000000000000,20.000000000000,50.666666666667
2026,440156,PARKRIDGE MEDICAL CENTER,2333 MCCALLIE AVE,CHATTANOOGA,TN,37404,HAMILTON,36.666666666667,9.166666666667,26.000000000000,6.500000000000,48.333333333333,12.083333333333,10.000000000000,2.500000000000,30.250000000000
2026,440161,TRISTAR CENTENNIAL MEDICAL CENTER,2300 PATTERSON STREET,NASHVILLE,TN,37203,DAVIDSON,31.666666666667,7.916666666667,30.000000000000,7.500000000000,50.000000000000,12.500000000000,0.000000000000,0.000000000000,27.916666666667
2026,440173,PARKWEST MEDICAL CENTER,9352 PARK WEST BLVD,KNOXVILLE,TN,37923,KNOX,10.000000000000,2.500000000000,30.000000000000,7.500000000000,33.333333333333,8.333333333333,20.000000000000,5.000000000000,23.333333333333
2026,440175,SOUTHERN TENNESSEE REGIONAL HEALTH SYSTEM LAWRENCE,1607 SOUTH LOCUST AVENUE,LAWRENCEBURG,TN,38464,LAWRENCE,0.000000000000,0.000000000000,59.000000000000,14.750000000000,85.000000000000,21.250000000000,0.000000000000,0.000000000000,36.000000000000
2026,440176,INDIAN PATH COMMUNITY HOSPITAL,2000 BROOKSIDE DR,KINGSPORT,TN,37660,SULLIVAN,Not Available,Not Available,46.000000000000,15.333333333333,75.000000000000,25.000000000000,20.000000000000,6.666666666667,47.000000000000
2026,440183,ST FRANCIS HOSPITAL,5959 PARK AVE,MEMPHIS,TN,38119,SHELBY,15.000000000000,3.750000000000,8.000000000000,2.000000000000,56.666666666667,14.166666666667,0.000000000000,0.000000000000,19.916666666667
2026,440184,FRANKLIN WOODS COMMUNITY HOSPITAL,300 MED TECH PARKWAY,JOHNSON CITY,TN,37604,WASHINGTON,0.000000000000,0.000000000000,51.000000000000,12.750000000000,16.000000000000,4.000000000000,10.000000000000,2.500000000000,19.250000000000
2026,440185,AFFILIATE OF VITRUVIAN HEALTH,2305 CHAMBLISS AVE NW,CLEVELAND,TN,37311,BRADLEY,8.000000000000,2.000000000000,15.000000000000,3.750000000000,3.333333333333,0.833333333333,0.000000000000,0.000000000000,6.583333333333
2026,440187,LIVINGSTON REGIONAL HOSPITAL,315 OAK ST BOX 550,LIVINGSTON,TN,38570,OVERTON,13.333333333333,3.333333333333,46.000000000000,11.500000000000,30.000000000000,7.500000000000,0.000000000000,0.000000000000,22.333333333333
2026,440193,VANDERBILT WILSON COUNTY HOSPITAL,1411 BADDOUR PARKWAY,LEBANON,TN,37087,WILSON,50.000000000000,12.500000000000,33.000000000000,8.250000000000,48.000000000000,12.000000000000,20.000000000000,5.000000000000,37.750000000000
2026,440194,TRISTAR HENDERSONVILLE MEDICAL CENTER,355 NEW SHACKLE ISLAND RD,HENDERSONVILLE,TN,37075,SUMNER,16.000000000000,4.000000000000,25.000000000000,6.250000000000,55.000000000000,13.750000000000,30.000000000000,7.500000000000,31.500000000000
2026,440197,TRISTAR SOUTHERN HILLS MEDICAL CENTER,391 WALLACE RD,NASHVILLE,TN,37211,DAVIDSON,20.000000000000,5.000000000000,12.000000000000,3.000000000000,46.666666666667,11.666666666667,0.000000000000,0.000000000000,19.666666666667
2026,440227,TRISTAR STONECREST MEDICAL CENTER,200 STONECREST BOULEVARD,SMYRNA,TN,37167,RUTHERFORD,7.500000000000,1.875000000000,38.000000000000,9.500000000000,53.333333333333,13.333333333333,10.000000000000,2.500000000000,27.208333333333
2026,450002,THE HOSPITALS OF PROVIDENCE - MEMORIAL CAMPUS,2001 N OREGON ST,EL PASO,TX,79902,EL PASO,13.333333333333,3.333333333333,9.000000000000,2.250000000000,63.333333333333,15.833333333333,0.000000000000,0.000000000000,21.416666666667
2026,450007,PETERSON REGIONAL MEDICAL CENTER,551 HILL COUNTRY DRIVE,KERRVILLE,TX,78028,KERR,22.500000000000,5.625000000000,70.000000000000,17.500000000000,68.000000000000,17.000000000000,10.000000000000,2.500000000000,42.625000000000
2026,450010,UNITED REGIONAL HEALTH CARE SYSTEM,1600 11TH STREET,WICHITA FALLS,TX,76301,WICHITA,5.000000000000,1.250000000000,53.000000000000,13.250000000000,40.000000000000,10.000000000000,0.000000000000,0.000000000000,24.500000000000
2026,450011,CHI ST JOSEPH HEALTH REGIONAL HOSPITAL,2801 FRANCISCAN DR,BRYAN,TX,77802,BRAZOS,0.000000000000,0.000000000000,16.000000000000,4.000000000000,18.333333333333,4.583333333333,0.000000000000,0.000000000000,8.583333333333
2026,450015,PARKLAND HEALTH & HOSPITAL SYSTEM,5200 HARRY HINES BLVD,DALLAS,TX,75235,DALLAS,40.000000000000,10.000000000000,29.000000000000,7.250000000000,33.333333333333,8.333333333333,70.000000000000,17.500000000000,43.083333333333
2026,450018,UNIVERSITY OF TEXAS MEDICAL BRANCH GALVESTON,301 UNIVERSITY BOULEVARD,GALVESTON,TX,77555,GALVESTON,44.000000000000,11.000000000000,36.000000000000,9.000000000000,8.333333333333,2.083333333333,0.000000000000,0.000000000000,22.083333333333
2026,450021,BAYLOR UNIVERSITY MEDICAL CENTER,3500 GASTON AVE,DALLAS,TX,75246,DALLAS,40.000000000000,10.000000000000,38.000000000000,9.500000000000,33.333333333333,8.333333333333,0.000000000000,0.000000000000,27.833333333333
2026,450023,CITIZENS MEDICAL CENTER,2701 HOSPITAL DRIVE,VICTORIA,TX,77901,VICTORIA,12.000000000000,3.000000000000,50.000000000000,12.500000000000,61.666666666667,15.416666666667,0.000000000000,0.000000000000,30.916666666667
2026,450024,UNIVERSITY MEDICAL CENTER OF EL PASO,4815 ALAMEDA AVE,EL PASO,TX,79905,EL PASO,10.000000000000,2.500000000000,21.000000000000,5.250000000000,23.333333333333,5.833333333333,0.000000000000,0.000000000000,13.583333333333
2026,450028,VALLEY BAPTIST MEDICAL CENTER- BROWNSVILLE,1040 W JEFFERSON ST,BROWNSVILLE,TX,78520,CAMERON,17.500000000000,4.375000000000,7.000000000000,1.750000000000,48.333333333333,12.083333333333,10.000000000000,2.500000000000,20.708333333333
2026,450029,LAREDO MEDICAL CENTER,1700 EAST SAUNDERS,LAREDO,TX,78044,WEBB,20.000000000000,5.000000000000,22.000000000000,5.500000000000,71.666666666667,17.916666666667,10.000000000000,2.500000000000,30.916666666667
2026,450032,CHRISTUS GOOD SHEPHERD MEDICAL CENTER,700 E MARSHALL AVE,LONGVIEW,TX,75601,GREGG,42.000000000000,10.500000000000,35.000000000000,8.750000000000,71.666666666667,17.916666666667,10.000000000000,2.500000000000,39.666666666667
2026,450033,VHS HARLINGEN HOSPITAL COMPANY LLC,2101 PEASE ST,HARLINGEN,TX,78550,CAMERON,32.000000000000,8.000000000000,17.000000000000,4.250000000000,21.666666666667,5.416666666667,0.000000000000,0.000000000000,17.666666666667
2026,450034,CHRISTUS SOUTHEAST TEXAS- ST ELIZABETH,2830 CALDER AVENUE,BEAUMONT,TX,77702,JEFFERSON,42.000000000000,10.500000000000,30.000000000000,7.500000000000,55.000000000000,13.750000000000,0.000000000000,0.000000000000,31.750000000000
2026,450035,ST JOSEPH MEDICAL CENTER,1401 ST. JOSEPH PARKWAY,HOUSTON,TX,77002,HARRIS,10.000000000000,2.500000000000,17.000000000000,4.250000000000,60.000000000000,15.000000000000,20.000000000000,5.000000000000,26.750000000000
2026,450039,JPS HEALTH NETWORK,1500 S MAIN ST,FORT WORTH,TX,76104,TARRANT,53.333333333333,13.333333333333,18.000000000000,4.500000000000,41.666666666667,10.416666666667,0.000000000000,0.000000000000,28.250000000000
2026,450040,COVENANT MEDICAL CENTER,3615 19TH STREET,LUBBOCK,TX,79410,LUBBOCK,26.000000000000,6.500000000000,22.000000000000,5.500000000000,26.666666666667,6.666666666667,0.000000000000,0.000000000000,18.666666666667
2026,450044,UT OF TEXAS  SOUTHWESTERN UNIVERSITY HOSPITAL - WILLIAM P. CLEMENTS JR.,6201 HARRY HINES BLVD,DALLAS,TX,75390,DALLAS,80.000000000000,20.000000000000,74.000000000000,18.500000000000,25.000000000000,6.250000000000,0.000000000000,0.000000000000,44.750000000000
2026,450046,CHRISTUS SPOHN HOSPITAL CORPUS CHRISTI,600 ELIZABETH STREET,CORPUS CHRISTI,TX,78404,NUECES,20.000000000000,5.000000000000,32.000000000000,8.000000000000,61.666666666667,15.416666666667,0.000000000000,0.000000000000,28.416666666667
2026,450051,METHODIST DALLAS MEDICAL CENTER,1441 NORTH BECKLEY AVENUE,DALLAS,TX,75203,DALLAS,25.000000000000,6.250000000000,40.000000000000,10.000000000000,45.000000000000,11.250000000000,0.000000000000,0.000000000000,27.500000000000
2026,450054,BAYLOR SCOTT & WHITE MEDICAL CENTER - TEMPLE,2401 S  31ST ST,TEMPLE,TX,76508,BELL,66.666666666667,16.666666666667,40.000000000000,10.000000000000,38.333333333333,9.583333333333,10.000000000000,2.500000000000,38.750000000000
2026,450058,BAPTIST MEDICAL CENTER,111 DALLAS STREET,SAN ANTONIO,TX,78205,BEXAR,23.333333333333,5.833333333333,20.000000000000,5.000000000000,40.000000000000,10.000000000000,0.000000000000,0.000000000000,20.833333333333
2026,450064,TEXAS HEALTH ARLINGTON MEMORIAL HOSPITAL,800 W RANDOL MILL RD,ARLINGTON,TX,76012,TARRANT,30.000000000000,7.500000000000,36.000000000000,9.000000000000,58.333333333333,14.583333333333,0.000000000000,0.000000000000,31.083333333333
2026,450068,MEMORIAL HERMANN - TEXAS MEDICAL CENTER,6411 FANNIN,HOUSTON,TX,77030,HARRIS,46.000000000000,11.500000000000,32.000000000000,8.000000000000,28.333333333333,7.083333333333,0.000000000000,0.000000000000,26.583333333333
2026,450072,CHI ST LUKE'S HEALTH BRAZOSPORT,100 MEDICAL DRIVE,LAKE JACKSON,TX,77566,BRAZORIA,35.000000000000,8.750000000000,52.000000000000,13.000000000000,70.000000000000,17.500000000000,10.000000000000,2.500000000000,41.750000000000
2026,450079,BAYLOR SCOTT & WHITE MEDICAL CENTER AT IRVING,1901 N MACARTHUR BLVD,IRVING,TX,75061,DALLAS,65.000000000000,16.250000000000,43.000000000000,10.750000000000,53.333333333333,13.333333333333,0.000000000000,0.000000000000,40.333333333333
2026,450080,TITUS REGIONAL MEDICAL CENTER,2001 N JEFFERSON,MOUNT PLEASANT,TX,75455,TITUS,32.500000000000,8.125000000000,31.000000000000,7.750000000000,35.000000000000,8.750000000000,20.000000000000,5.000000000000,29.625000000000
2026,450082,CHRISTUS SPOHN HOSPITAL BEEVILLE,1500 E HOUSTON HWY,BEEVILLE,TX,78102,BEE,5.000000000000,1.250000000000,32.000000000000,8.000000000000,50.000000000000,12.500000000000,0.000000000000,0.000000000000,21.750000000000
2026,450087,MEDICAL CITY NORTH HILLS,4401 BOOTH CALLOWAY ROAD,NORTH RICHLAND HILLS,TX,76180,TARRANT,32.000000000000,8.000000000000,34.000000000000,8.500000000000,42.000000000000,10.500000000000,0.000000000000,0.000000000000,27.000000000000
2026,450090,NORTH TEXAS MEDICAL CENTER,1900 HOSPITAL BLVD,GAINESVILLE,TX,76240,COOKE,16.666666666667,4.166666666667,60.000000000000,15.000000000000,50.000000000000,12.500000000000,10.000000000000,2.500000000000,34.166666666667
2026,450092,FORT DUNCAN MEDICAL CENTER,3333 N FOSTER MALDONADO BLVD,EAGLE PASS,TX,78852,MAVERICK,5.000000000000,1.250000000000,46.000000000000,11.500000000000,70.000000000000,17.500000000000,0.000000000000,0.000000000000,30.250000000000
2026,450097,HCA HOUSTON HEALTHCARE SOUTHEAST,4000 SPENCER HWY,PASADENA,TX,77504,HARRIS,0.000000000000,0.000000000000,21.000000000000,5.250000000000,50.000000000000,12.500000000000,0.000000000000,0.000000000000,17.750000000000
2026,450101,BAYLOR SCOTT & WHITE MEDICAL CENTER HILLCREST,100 HILLCREST MEDICAL BLVD,WACO,TX,76712,MCLENNAN,18.000000000000,4.500000000000,64.000000000000,16.000000000000,41.666666666667,10.416666666667,0.000000000000,0.000000000000,30.916666666667
2026,450102,CHRISTUS MOTHER FRANCES HOSPITAL,800 EAST DAWSON,TYLER,TX,75701,SMITH,10.000000000000,2.500000000000,31.000000000000,7.750000000000,41.666666666667,10.416666666667,0.000000000000,0.000000000000,20.666666666667
2026,450104,GUADALUPE REGIONAL MEDICAL CENTER,1215 E COURT ST,SEGUIN,TX,78155,GUADALUPE,0.000000000000,0.000000000000,80.000000000000,20.000000000000,42.500000000000,10.625000000000,0.000000000000,0.000000000000,30.625000000000
2026,450107,LAS PALMAS MEDICAL CENTER A CAMPUS OF LPDS HEALTHC,1801 NORTH OREGON STREET,EL PASO,TX,79902,EL PASO,30.000000000000,7.500000000000,12.000000000000,3.000000000000,61.666666666667,15.416666666667,0.000000000000,0.000000000000,25.916666666667
2026,450119,SOUTH TEXAS HEALTH SYSTEM,1102 W TRENTON ROAD,EDINBURG,TX,78539,HIDALGO,62.000000000000,15.500000000000,26.000000000000,6.500000000000,30.000000000000,7.500000000000,0.000000000000,0.000000000000,29.500000000000
2026,450128,KNAPP MEDICAL CENTER,1401 EAST EIGHT STREET,WESLACO,TX,78596,HIDALGO,35.000000000000,8.750000000000,21.000000000000,5.250000000000,71.666666666667,17.916666666667,0.000000000000,0.000000000000,31.916666666667
2026,450132,MEDICAL CENTER HOSPITAL,500 W 4TH STREET,ODESSA,TX,79761,ECTOR,16.000000000000,4.000000000000,31.000000000000,7.750000000000,20.000000000000,5.000000000000,0.000000000000,0.000000000000,16.750000000000
2026,450133,MIDLAND MEMORIAL HOSPITAL,400 ROSALIND REDFERN GROVER PARKWAY,MIDLAND,TX,79701,MIDLAND,0.000000000000,0.000000000000,21.000000000000,5.250000000000,11.666666666667,2.916666666667,0.000000000000,0.000000000000,8.166666666667
2026,450135,TEXAS HEALTH HARRIS METHODIST FORT WORTH,1301 PENNSYLVANIA AVENUE,FORT WORTH,TX,76104,TARRANT,30.000000000000,7.500000000000,40.000000000000,10.000000000000,60.000000000000,15.000000000000,0.000000000000,0.000000000000,32.500000000000
2026,450137,BAYLOR SCOTT AND WHITE ALL SAINTS MEDICAL CENTER,1400 EIGHTH AVE,FORT WORTH,TX,76104,TARRANT,44.000000000000,11.000000000000,42.000000000000,10.500000000000,43.333333333333,10.833333333333,0.000000000000,0.000000000000,32.333333333333
2026,450147,DE TAR HOSPITAL NAVARRO,506 E SAN ANTONIO ST,VICTORIA,TX,77901,VICTORIA,10.000000000000,2.500000000000,21.000000000000,5.250000000000,11.666666666667,2.916666666667,20.000000000000,5.000000000000,15.666666666667
2026,450148,TEXAS HEALTH HARRIS METHODIST HOSPITAL CLEBURNE,201 WALLS DRIVE,CLEBURNE,TX,76031,JOHNSON,33.333333333333,8.333333333333,69.000000000000,17.250000000000,83.333333333333,20.833333333333,10.000000000000,2.500000000000,48.916666666667
2026,450152,ADVENTHEALTH CENTRAL TEXAS,2201 S CLEAR CREEK ROAD,KILLEEN,TX,76542,BELL,7.500000000000,1.875000000000,61.000000000000,15.250000000000,44.000000000000,11.000000000000,0.000000000000,0.000000000000,28.125000000000
2026,450154,VAL VERDE REGIONAL MEDICAL CENTER,801 BEDELL AVE,DEL RIO,TX,78840,VAL VERDE,0.000000000000,0.000000000000,38.000000000000,9.500000000000,55.000000000000,13.750000000000,20.000000000000,5.000000000000,28.250000000000
2026,450163,CHRISTUS SPOHN HOSPITAL KLEBERG,1311 EAST GENERAL CAVAZOS BLVD,KINGSVILLE,TX,78363,KLEBERG,0.000000000000,0.000000000000,41.000000000000,10.250000000000,50.000000000000,12.500000000000,40.000000000000,10.000000000000,32.750000000000
2026,450165,METHODIST HOSPITAL ATASCOSA,1905 HWY 97 EAST,JOURDANTON,TX,78026,ATASCOSA,0.000000000000,0.000000000000,44.000000000000,11.000000000000,60.000000000000,15.000000000000,20.000000000000,5.000000000000,31.000000000000
2026,450176,MISSION REGIONAL MEDICAL CENTER,900 SOUTH BRYAN ROAD,MISSION,TX,78572,HIDALGO,52.500000000000,13.125000000000,31.000000000000,7.750000000000,15.000000000000,3.750000000000,30.000000000000,7.500000000000,32.125000000000
2026,450184,MEMORIAL HERMANN HOSPITAL SYSTEM,1635  NORTH LOOP WEST,HOUSTON,TX,77008,HARRIS,20.000000000000,5.000000000000,35.000000000000,8.750000000000,31.666666666667,7.916666666667,0.000000000000,0.000000000000,21.666666666667
2026,450193,Baylor St Lukes Medical Center,"6720 BERTNER AVE, STE MC1-266",HOUSTON,TX,77030,HARRIS,77.500000000000,19.375000000000,14.000000000000,3.500000000000,28.333333333333,7.083333333333,0.000000000000,0.000000000000,29.958333333333
2026,450194,UT HEALTH EAST TEXAS JACKSONVILLE HOSPITAL,501 S RAGSDALE,JACKSONVILLE,TX,75766,CHEROKEE,Not Available,Not Available,87.000000000000,29.000000000000,75.000000000000,25.000000000000,40.000000000000,13.333333333333,67.333333333333
2026,450196,PARIS REGIONAL MEDICAL CENTER,865 DESHONG DR,PARIS,TX,75460,LAMAR,2.000000000000,0.500000000000,14.000000000000,3.500000000000,35.000000000000,8.750000000000,0.000000000000,0.000000000000,12.750000000000
2026,450203,MEDICAL CITY WEATHERFORD,713 E ANDERSON ST,WEATHERFORD,TX,76086,PARKER,12.000000000000,3.000000000000,23.000000000000,5.750000000000,70.000000000000,17.500000000000,0.000000000000,0.000000000000,26.250000000000
2026,450211,CHI ST LUKES HEALTH MEMORIAL LUFKIN,1201 WEST FRANK STREET,LUFKIN,TX,75901,ANGELINA,18.000000000000,4.500000000000,36.000000000000,9.000000000000,26.666666666667,6.666666666667,0.000000000000,0.000000000000,20.166666666667
2026,450213,UNIVERSITY HEALTH SYSTEM,4502 MEDICAL DR,SAN ANTONIO,TX,78229,BEXAR,24.000000000000,6.000000000000,28.000000000000,7.000000000000,51.666666666667,12.916666666667,10.000000000000,2.500000000000,28.416666666667
2026,450222,HCA HOUSTON HEALTHCARE CONROE,504 MEDICAL CENTER BLVD,CONROE,TX,77304,MONTGOMERY,34.000000000000,8.500000000000,15.000000000000,3.750000000000,40.000000000000,10.000000000000,0.000000000000,0.000000000000,22.250000000000
2026,450229,HENDRICK MEDICAL CENTER,1900 PINE,ABILENE,TX,79601,TAYLOR,0.000000000000,0.000000000000,41.000000000000,10.250000000000,28.333333333333,7.083333333333,0.000000000000,0.000000000000,17.333333333333
2026,450231,BSA HOSPITAL,1600 WALLACE BLVD,AMARILLO,TX,79106,POTTER,3.333333333333,0.833333333333,34.000000000000,8.500000000000,38.333333333333,9.583333333333,0.000000000000,0.000000000000,18.916666666667
2026,450236,CHRISTUS MOTHER FRANCES HOSPITAL SULPHUR SPRINGS,115 AIRPORT RD,SULPHUR SPRINGS,TX,75482,HOPKINS,30.000000000000,7.500000000000,73.000000000000,18.250000000000,96.666666666667,24.166666666667,0.000000000000,0.000000000000,49.916666666667
2026,450237,CHRISTUS SANTA ROSA MEDICAL CENTER,2827 BABCOCK ROAD,SAN ANTONIO,TX,78229,BEXAR,10.000000000000,2.500000000000,25.000000000000,6.250000000000,31.666666666667,7.916666666667,0.000000000000,0.000000000000,16.666666666667
2026,450272,CHRISTUS SANTA ROSA HOSPITAL-SAN MARCOS,1301 WONDER WORLD DRIVE,SAN MARCOS,TX,78666,HAYS,20.000000000000,5.000000000000,38.000000000000,9.500000000000,83.333333333333,20.833333333333,0.000000000000,0.000000000000,35.333333333333
2026,450289,HARRIS HEALTH,1504 TAUB LOOP,HOUSTON,TX,77030,HARRIS,15.000000000000,3.750000000000,39.000000000000,9.750000000000,10.000000000000,2.500000000000,0.000000000000,0.000000000000,16.000000000000
2026,450292,TEXAS HEALTH PRESBYTERIAN HOSPITAL KAUFMAN,850 ED HALL,KAUFMAN,TX,75142,KAUFMAN,5.000000000000,1.250000000000,66.000000000000,16.500000000000,100.000000000000,25.000000000000,20.000000000000,5.000000000000,47.750000000000
2026,450324,TEXOMA MEDICAL CENTER,5016 S US HIGHWAY 75,DENISON,TX,75020,GRAYSON,63.333333333333,15.833333333333,32.000000000000,8.000000000000,35.000000000000,8.750000000000,0.000000000000,0.000000000000,32.583333333333
2026,450330,OAKBEND MEDICAL CENTER,1705 JACKSON ST,RICHMOND,TX,77469,FORT BEND,6.666666666667,1.666666666667,42.000000000000,10.500000000000,80.000000000000,20.000000000000,30.000000000000,7.500000000000,39.666666666667
2026,450346,BAPTIST BEAUMONT HOSPITAL,3080 COLLEGE STREET,BEAUMONT,TX,77701,JEFFERSON,20.000000000000,5.000000000000,36.000000000000,9.000000000000,48.333333333333,12.083333333333,0.000000000000,0.000000000000,26.083333333333
2026,450347,HUNTSVILLE MEMORIAL HOSPITAL,110 MEMORIAL HOSPITAL DRIVE,HUNTSVILLE,TX,77340,WALKER,20.000000000000,5.000000000000,23.000000000000,5.750000000000,35.000000000000,8.750000000000,0.000000000000,0.000000000000,19.500000000000
2026,450351,TEXAS HEALTH HARRIS METHODIST HOSPITAL STEPHENVILL,411 N BELKNAP ST,STEPHENVILLE,TX,76401,ERATH,0.000000000000,0.000000000000,72.000000000000,18.000000000000,90.000000000000,22.500000000000,50.000000000000,12.500000000000,53.000000000000
2026,450352,HUNT REGIONAL MEDICAL CENTER,4215 JOE RAMSEY BLVD E,GREENVILLE,TX,75401,HUNT,14.000000000000,3.500000000000,24.000000000000,6.000000000000,15.000000000000,3.750000000000,0.000000000000,0.000000000000,13.250000000000
2026,450358,HOUSTON METHODIST HOSPITAL,6565 FANNIN,HOUSTON,TX,77030,HARRIS,71.666666666667,17.916666666667,47.000000000000,11.750000000000,45.000000000000,11.250000000000,0.000000000000,0.000000000000,40.916666666667
2026,450370,COLUMBUS COMMUNITY HOSPITAL,110 SHULT DR,COLUMBUS,TX,78934,COLORADO,0.000000000000,0.000000000000,51.000000000000,17.000000000000,Not Available,Not Available,0.000000000000,0.000000000000,17.000000000000
2026,450372,BAYLOR SCOTT & WHITE MEDICAL CENTER- WAXAHACHIE,2400 N INTERSTATE HIGHWAY 35E,WAXAHACHIE,TX,75165,ELLIS,62.500000000000,15.625000000000,51.000000000000,12.750000000000,35.000000000000,8.750000000000,0.000000000000,0.000000000000,37.125000000000
2026,450379,DALLAS MEDICAL CENTER,7 MEDICAL PARKWAY,DALLAS,TX,75234,DALLAS,20.000000000000,5.000000000000,34.000000000000,8.500000000000,30.000000000000,7.500000000000,50.000000000000,12.500000000000,33.500000000000
2026,450388,METHODIST HOSPITAL,7700 FLOYD CURL DR,SAN ANTONIO,TX,78229,BEXAR,46.666666666667,11.666666666667,24.000000000000,6.000000000000,35.000000000000,8.750000000000,0.000000000000,0.000000000000,26.416666666667
2026,450389,UT HEALTH EAST TEXAS ATHENS HOSPITAL,2000 SOUTH PALESTINE ST,ATHENS,TX,75751,HENDERSON,10.000000000000,2.500000000000,56.000000000000,14.000000000000,27.500000000000,6.875000000000,0.000000000000,0.000000000000,23.375000000000
2026,450403,MEDICAL CENTER OF MCKINNEY,4500 MEDICAL CENTER DRIVE,MCKINNEY,TX,75069,COLLIN,28.000000000000,7.000000000000,33.000000000000,8.250000000000,36.666666666667,9.166666666667,0.000000000000,0.000000000000,24.416666666667
2026,450419,TEXAS HEALTH HARRIS METHODIST HOSPITAL AZLE,108 DENVER TRAIL,AZLE,TX,76020,TARRANT,50.000000000000,12.500000000000,39.000000000000,9.750000000000,80.000000000000,20.000000000000,0.000000000000,0.000000000000,42.250000000000
2026,450424,HOUSTON METHODIST BAYTOWN HOSPITAL,4401 GARTH ROAD,BAYTOWN,TX,77521,HARRIS,78.000000000000,19.500000000000,65.000000000000,16.250000000000,51.666666666667,12.916666666667,0.000000000000,0.000000000000,48.666666666667
2026,450431,ST DAVID'S MEDICAL CENTER,919 E 32ND ST,AUSTIN,TX,78705,TRAVIS,56.666666666667,14.166666666667,43.000000000000,10.750000000000,31.666666666667,7.916666666667,0.000000000000,0.000000000000,32.833333333333
2026,450447,NAVARRO REGIONAL HOSPITAL,3201 WEST HIGHWAY 22,CORSICANA,TX,75110,NAVARRO,15.000000000000,3.750000000000,18.000000000000,4.500000000000,20.000000000000,5.000000000000,0.000000000000,0.000000000000,13.250000000000
2026,450462,TEXAS HEALTH PRESBYTERIAN HOSPITAL DALLAS,8200 WALNUT HILL LANE,DALLAS,TX,75231,DALLAS,21.666666666667,5.416666666667,15.000000000000,3.750000000000,45.000000000000,11.250000000000,0.000000000000,0.000000000000,20.416666666667
2026,450465,MATAGORDA REGIONAL MEDICAL CENTER,104 7TH STREET,BAY CITY,TX,77414,MATAGORDA,10.000000000000,2.500000000000,52.000000000000,13.000000000000,80.000000000000,20.000000000000,0.000000000000,0.000000000000,35.500000000000
2026,450469,WILSON N JONES REGIONAL MEDICAL CENTER,500 N HIGHLAND AVENUE,SHERMAN,TX,75092,GRAYSON,2.500000000000,0.625000000000,32.000000000000,8.000000000000,10.000000000000,2.500000000000,0.000000000000,0.000000000000,11.125000000000
2026,450475,UT HEALTH EAST TEXAS HENDERSON HOSPITAL,300 WILSON STREET,HENDERSON,TX,75652,RUSK,15.000000000000,3.750000000000,60.000000000000,15.000000000000,95.000000000000,23.750000000000,0.000000000000,0.000000000000,42.500000000000
2026,450484,WOODLAND HEIGHTS MEDICAL CENTER,505 SOUTH JOHN REDDITT DRIVE,LUFKIN,TX,75904,ANGELINA,13.333333333333,3.333333333333,28.000000000000,7.000000000000,55.000000000000,13.750000000000,0.000000000000,0.000000000000,24.083333333333
2026,450518,THE MEDICAL CENTER OF SOUTHEAST TEXAS,2555 JIMMY JOHNSON BLVD,PORT ARTHUR,TX,77640,JEFFERSON,34.000000000000,8.500000000000,32.000000000000,8.000000000000,36.666666666667,9.166666666667,0.000000000000,0.000000000000,25.666666666667
2026,450537,METHODIST RICHARDSON MEDICAL CENTER,2831 E PRESIDENT GEORGE BUSH HIGHWAY,RICHARDSON,TX,75082,COLLIN,6.000000000000,1.500000000000,45.000000000000,11.250000000000,43.333333333333,10.833333333333,0.000000000000,0.000000000000,23.583333333333
2026,450539,COVENANT HOSPITAL PLAINVIEW,2601 DIMMITT RD,PLAINVIEW,TX,79072,HALE,10.000000000000,2.500000000000,55.000000000000,13.750000000000,70.000000000000,17.500000000000,20.000000000000,5.000000000000,38.750000000000
2026,450563,BAYLOR SCOTT & WHITE MEDICAL CENTER  GRAPEVINE,1650 W COLLEGE ST,GRAPEVINE,TX,76051,TARRANT,38.000000000000,9.500000000000,46.000000000000,11.500000000000,45.000000000000,11.250000000000,0.000000000000,0.000000000000,32.250000000000
2026,450565,PALO PINTO GENERAL HOSPITAL,400 SOUTHWEST 25 AVE,MINERAL WELLS,TX,76067,PALO PINTO,26.666666666667,6.666666666667,57.000000000000,14.250000000000,0.000000000000,0.000000000000,50.000000000000,12.500000000000,33.416666666667
2026,450571,SHANNON MEDICAL CENTER,120 E HARRIS AVE.,SAN ANGELO,TX,76903,TOM GREEN,16.666666666667,4.166666666667,38.000000000000,9.500000000000,31.666666666667,7.916666666667,10.000000000000,2.500000000000,24.083333333333
2026,450587,HENDRICK MEDICAL CENTER BROWNWOOD,1501 BURNET DR,BROWNWOOD,TX,76801,BROWN,0.000000000000,0.000000000000,16.000000000000,4.000000000000,3.333333333333,0.833333333333,10.000000000000,2.500000000000,7.333333333333
2026,450596,LAKE GRANBURY MEDICAL CENTER,1310 PALUXY RD,GRANBURY,TX,76048,HOOD,7.500000000000,1.875000000000,28.000000000000,7.000000000000,50.000000000000,12.500000000000,0.000000000000,0.000000000000,21.375000000000
2026,450604,HILL COUNTRY MEMORIAL HOSPITAL,1020 SOUTH STATE HIGHWAY 16,FREDERICKSBURG,TX,78624,GILLESPIE,0.000000000000,0.000000000000,63.000000000000,15.750000000000,63.333333333333,15.833333333333,0.000000000000,0.000000000000,31.583333333333
2026,450610,MEMORIAL HERMANN MEMORIAL CITY HOSPITAL,921 GESSNER,HOUSTON,TX,77024,HARRIS,40.000000000000,10.000000000000,26.000000000000,6.500000000000,45.000000000000,11.250000000000,10.000000000000,2.500000000000,30.250000000000
2026,450617,HCA HOUSTON HEALTHCARE CLEAR LAKE,500 W MEDICAL CENTER BLVD,WEBSTER,TX,77598,HARRIS,45.000000000000,11.250000000000,19.000000000000,4.750000000000,36.666666666667,9.166666666667,0.000000000000,0.000000000000,25.166666666667
2026,450634,MEDICAL CITY DENTON,3535 SOUTH I35 EAST,DENTON,TX,76210,DENTON,38.333333333333,9.583333333333,25.000000000000,6.250000000000,71.666666666667,17.916666666667,0.000000000000,0.000000000000,33.750000000000
2026,450638,HCA HOUSTON HEALTHCARE NORTHWEST,710 CYPRESS CREEK PARKWAY,HOUSTON,TX,77090,HARRIS,26.666666666667,6.666666666667,18.000000000000,4.500000000000,55.000000000000,13.750000000000,0.000000000000,0.000000000000,24.916666666667
2026,450639,TEXAS HEALTH HARRIS METHODIST HURST-EULESS-BEDFORD,1600 HOSPITAL PARKWAY,BEDFORD,TX,76022,TARRANT,2.000000000000,0.500000000000,40.000000000000,10.000000000000,60.000000000000,15.000000000000,0.000000000000,0.000000000000,25.500000000000
2026,450643,DOCTORS HOSPITAL OF LAREDO,10700 MCPHERSON ROAD,LAREDO,TX,78041,WEBB,32.500000000000,8.125000000000,23.000000000000,5.750000000000,36.666666666667,9.166666666667,50.000000000000,12.500000000000,35.541666666667
2026,450644,HCA HOUSTON HEALTHCARE WEST,12141 RICHMOND AVE,HOUSTON,TX,77082,HARRIS,46.666666666667,11.666666666667,14.000000000000,3.500000000000,21.666666666667,5.416666666667,30.000000000000,7.500000000000,28.083333333333
2026,450647,MEDICAL CITY DALLAS HOSPITAL,7777 FOREST LANE,DALLAS,TX,75230,DALLAS,26.666666666667,6.666666666667,24.000000000000,6.000000000000,8.333333333333,2.083333333333,0.000000000000,0.000000000000,14.750000000000
2026,450651,MEDICAL CITY PLANO,3901 W 15TH ST,PLANO,TX,75075,COLLIN,50.000000000000,12.500000000000,23.000000000000,5.750000000000,31.666666666667,7.916666666667,0.000000000000,0.000000000000,26.166666666667
2026,450656,NACOGDOCHES MEDICAL CENTER,4920 NE STALLINGS DRIVE,NACOGDOCHES,TX,75965,NACOGDOCHES,16.000000000000,4.000000000000,31.000000000000,7.750000000000,42.000000000000,10.500000000000,0.000000000000,0.000000000000,22.250000000000
2026,450659,HCA HOUSTON HEALTHCARE MEDICAL CENTER,1313 HERMANN DR,HOUSTON,TX,77004,HARRIS,70.000000000000,17.500000000000,35.000000000000,8.750000000000,40.000000000000,10.000000000000,0.000000000000,0.000000000000,36.250000000000
2026,450661,ODESSA REGIONAL MEDICAL CENTER,520 E 6TH STREET,ODESSA,TX,79761,ECTOR,12.500000000000,3.125000000000,27.000000000000,6.750000000000,27.500000000000,6.875000000000,10.000000000000,2.500000000000,19.250000000000
2026,450662,VALLEY REGIONAL MEDICAL CENTER,100 A ALTON GLOOR,BROWNSVILLE,TX,78526,CAMERON,25.000000000000,6.250000000000,33.000000000000,8.250000000000,26.666666666667,6.666666666667,20.000000000000,5.000000000000,26.166666666667
2026,450668,SIERRA MEDICAL CENTER,1625 MEDICAL CENTER DR,EL PASO,TX,79902,EL PASO,24.000000000000,6.000000000000,19.000000000000,4.750000000000,28.333333333333,7.083333333333,0.000000000000,0.000000000000,17.833333333333
2026,450669,MEDICAL CITY LEWISVILLE,500 WEST MAIN STREET,LEWISVILLE,TX,75057,DENTON,12.500000000000,3.125000000000,26.000000000000,6.500000000000,26.000000000000,6.500000000000,0.000000000000,0.000000000000,16.125000000000
2026,450670,HCA HOUSTON HEALTHCARE TOMBALL,605 HOLDERRIETH,TOMBALL,TX,77375,HARRIS,26.666666666667,6.666666666667,26.000000000000,6.500000000000,56.666666666667,14.166666666667,0.000000000000,0.000000000000,27.333333333333
2026,450672,MEDICAL CITY FORT WORTH,900 EIGHTH AVENUE,FORT WORTH,TX,76104,TARRANT,43.333333333333,10.833333333333,19.000000000000,4.750000000000,18.333333333333,4.583333333333,0.000000000000,0.000000000000,20.166666666667
2026,450674,"WOMANS HOSPITAL OF TEXAS,THE",7600 FANNIN,HOUSTON,TX,77054,HARRIS,Not Available,Not Available,15.000000000000,5.000000000000,52.000000000000,17.333333333333,0.000000000000,0.000000000000,22.333333333333
2026,450675,MEDICAL CITY ARLINGTON,3301 MATLOCK ROAD,ARLINGTON,TX,76015,TARRANT,26.000000000000,6.500000000000,14.000000000000,3.500000000000,16.666666666667,4.166666666667,0.000000000000,0.000000000000,14.166666666667
2026,450677,TEXAS HEALTH HUGULEY HOSPITAL FORT WORTH SOUTH,11801 SOUTH FREEWAY,FORT WORTH,TX,76115,TARRANT,40.000000000000,10.000000000000,32.000000000000,8.000000000000,33.333333333333,8.333333333333,0.000000000000,0.000000000000,26.333333333333
2026,450684,MEMORIAL HERMANN NORTHEAST HOSPITAL,18951 MEMORIAL NORTH,HUMBLE,TX,77338,HARRIS,5.000000000000,1.250000000000,33.000000000000,8.250000000000,33.333333333333,8.333333333333,0.000000000000,0.000000000000,17.833333333333
2026,450686,UNIVERSITY MEDICAL CENTER,602 INDIANA AVENUE,LUBBOCK,TX,79415,LUBBOCK,8.000000000000,2.000000000000,47.000000000000,11.750000000000,26.666666666667,6.666666666667,0.000000000000,0.000000000000,20.416666666667
2026,450688,DALLAS REGIONAL MEDICAL CENTER,1011 NORTH GALLOWAY AVENUE,MESQUITE,TX,75149,DALLAS,0.000000000000,0.000000000000,18.000000000000,4.500000000000,54.000000000000,13.500000000000,0.000000000000,0.000000000000,18.000000000000
2026,450690,THE UNIVERSITY OF TEXAS HEALTH SCIENCE CENTER AT TYLER,11937 US HIGHWAY 271,TYLER,TX,75708,SMITH,13.333333333333,4.444444444444,87.000000000000,29.000000000000,Not Available,Not Available,0.000000000000,0.000000000000,33.444444444444
2026,450702,LONGVIEW REGIONAL MEDICAL CENTER,2901 N FOURTH ST,LONGVIEW,TX,75605,GREGG,18.333333333333,4.583333333333,25.000000000000,6.250000000000,48.333333333333,12.083333333333,0.000000000000,0.000000000000,22.916666666667
2026,450709,HOUSTON METHODIST CLEAR LAKE HOSPITAL,18300 ST JOHN DRIVE,NASSAU BAY,TX,77058,HARRIS,65.000000000000,16.250000000000,71.000000000000,17.750000000000,71.666666666667,17.916666666667,0.000000000000,0.000000000000,51.916666666667
2026,450711,RIO GRANDE REGIONAL HOSPITAL,101 E RIDGE RD,MCALLEN,TX,78503,HIDALGO,46.666666666667,11.666666666667,26.000000000000,6.500000000000,40.000000000000,10.000000000000,0.000000000000,0.000000000000,28.166666666667
2026,450713,ST DAVID'S SOUTH AUSTIN MEDICAL CENTER,901 WEST BEN WHITE BLVD,AUSTIN,TX,78704,TRAVIS,31.666666666667,7.916666666667,22.000000000000,5.500000000000,41.666666666667,10.416666666667,0.000000000000,0.000000000000,23.833333333333
2026,450718,ROUND ROCK MEDICAL CENTER,2400 ROUND ROCK AVE,ROUND ROCK,TX,78681,WILLIAMSON,8.000000000000,2.000000000000,28.000000000000,7.000000000000,48.333333333333,12.083333333333,0.000000000000,0.000000000000,21.083333333333
2026,450723,METHODIST CHARLTON MEDICAL CENTER,3500 W WHEATLAND ROAD,DALLAS,TX,75237,DALLAS,22.000000000000,5.500000000000,28.000000000000,7.000000000000,40.000000000000,10.000000000000,0.000000000000,0.000000000000,22.500000000000
2026,450742,BAYLOR SCOTT AND WHITE MEDICAL CENTER LAKE POINTE,6800 SCENIC DR,ROWLETT,TX,75088,DALLAS,14.000000000000,3.500000000000,24.000000000000,6.000000000000,83.333333333333,20.833333333333,0.000000000000,0.000000000000,30.333333333333
2026,450743,TEXAS HEALTH PRESBYTERIAN HOSPITAL DENTON,3000 N I-35,DENTON,TX,76201,DENTON,32.000000000000,8.000000000000,56.000000000000,14.000000000000,81.666666666667,20.416666666667,10.000000000000,2.500000000000,44.916666666667
2026,450747,PALESTINE REGIONAL MEDICAL CENTER,2900 S LOOP 256,PALESTINE,TX,75801,ANDERSON,0.000000000000,0.000000000000,56.000000000000,14.000000000000,67.500000000000,16.875000000000,0.000000000000,0.000000000000,30.875000000000
2026,450771,TEXAS HEALTH PRESBYTERIAN HOSPITAL PLANO,6200 W PARKER RD,PLANO,TX,75093,COLLIN,23.333333333333,5.833333333333,23.000000000000,5.750000000000,56.666666666667,14.166666666667,0.000000000000,0.000000000000,25.750000000000
2026,450775,HCA HOUSTON HEALTHCARE KINGWOOD,22999 US HWY 59,KINGWOOD,TX,77325,HARRIS,43.333333333333,10.833333333333,12.000000000000,3.000000000000,48.333333333333,12.083333333333,0.000000000000,0.000000000000,25.916666666667
2026,450779,TEXAS HEALTH HARRIS METHODIST HOSPITAL SOUTHWEST F,6100 HARRIS PKWY,FORT WORTH,TX,76132,TARRANT,44.000000000000,11.000000000000,46.000000000000,11.500000000000,73.333333333333,18.333333333333,10.000000000000,2.500000000000,43.333333333333
2026,450788,"CORPUS CHRISTI MEDICAL CENTER,THE",3315 S ALAMEDA ST,CORPUS CHRISTI,TX,78411,NUECES,44.000000000000,11.000000000000,27.000000000000,6.750000000000,61.666666666667,15.416666666667,0.000000000000,0.000000000000,33.166666666667
2026,450801,CHRISTUS ST MICHAEL HEALTH SYSTEM,2600 ST MICHAEL DR,TEXARKANA,TX,75503,BOWIE,1.666666666667,0.416666666667,39.000000000000,9.750000000000,43.333333333333,10.833333333333,0.000000000000,0.000000000000,21.000000000000
2026,450809,NORTH AUSTIN MEDICAL CENTER,12221 MOPAC EXPRESSWAY NORTH,AUSTIN,TX,78758,TRAVIS,20.000000000000,5.000000000000,16.000000000000,4.000000000000,43.333333333333,10.833333333333,10.000000000000,2.500000000000,22.333333333333
2026,450820,HOUSTON METHODIST SUGARLAND HOSPITAL,16655 SOUTHWEST FREEWAY,SUGAR LAND,TX,77479,FORT BEND,66.666666666667,16.666666666667,58.000000000000,14.500000000000,41.666666666667,10.416666666667,10.000000000000,2.500000000000,44.083333333333
2026,450822,MEDICAL CITY LAS COLINAS,6800 N MACARTHUR BLVD,IRVING,TX,75039,DALLAS,10.000000000000,2.500000000000,34.000000000000,8.500000000000,52.500000000000,13.125000000000,0.000000000000,0.000000000000,24.125000000000
2026,450828,CHRISTUS SPOHN HOSPITAL ALICE,2500 E MAIN STREET,ALICE,TX,78332,JIM WELLS,13.333333333333,3.333333333333,53.000000000000,13.250000000000,43.333333333333,10.833333333333,0.000000000000,0.000000000000,27.416666666667
2026,450840,TEXAS HEALTH PRESBYTERIAN HOSPITAL ALLEN,1105 CENTRAL EXPRESSWAY NORTH,ALLEN,TX,75013,COLLIN,14.000000000000,3.500000000000,57.000000000000,14.250000000000,46.666666666667,11.666666666667,0.000000000000,0.000000000000,29.416666666667
2026,450844,HOUSTON METHODIST WILLOWBROOK HOSPITAL,18220 STATE HIGHWAY 249,HOUSTON,TX,77070,HARRIS,54.000000000000,13.500000000000,61.000000000000,15.250000000000,50.000000000000,12.500000000000,0.000000000000,0.000000000000,41.250000000000
2026,450847,MEMORIAL HERMANN KATY HOSPITAL,23900 KATY FREEWAY,KATY,TX,77494,FORT BEND,2.500000000000,0.625000000000,26.000000000000,6.500000000000,53.333333333333,13.333333333333,0.000000000000,0.000000000000,20.458333333333
2026,450848,MEMORIAL HERMANN SUGAR LAND HOSPITAL,17500 W GRAND PARKWAY SOUTH,SUGAR LAND,TX,77479,FORT BEND,20.000000000000,5.000000000000,27.000000000000,6.750000000000,43.333333333333,10.833333333333,30.000000000000,7.500000000000,30.083333333333
2026,450851,BAYLOR SCOTT & WHITE HEART & VASCULAR HOSPITAL - DALLAS,621 NORTH HALL STREET,DALLAS,TX,75226,DALLAS,55.000000000000,18.333333333333,95.000000000000,31.666666666667,Not Available,Not Available,20.000000000000,6.666666666667,56.666666666667
2026,450853,BAYLOR SCOTT & WHITE MEDICAL CENTER - FRISCO,5601 WARREN PARKWAY,FRISCO,TX,75034,COLLIN,Not Available,Not Available,73.000000000000,24.333333333333,80.000000000000,26.666666666667,0.000000000000,0.000000000000,51.000000000000
2026,450855,HARLINGEN MEDICAL CENTER,5501 SOUTH EXPRESSWAY 77,HARLINGEN,TX,78550,CAMERON,41.666666666667,10.416666666667,29.000000000000,7.250000000000,46.000000000000,11.500000000000,20.000000000000,5.000000000000,34.166666666667
2026,450862,ST LUKE'S THE WOODLANDS HOSPITAL,17200 ST LUKE'S WAY,THE WOODLANDS,TX,77384,MONTGOMERY,28.000000000000,7.000000000000,55.000000000000,13.750000000000,18.333333333333,4.583333333333,0.000000000000,0.000000000000,25.333333333333
2026,450869,DOCTORS HOSPTAL AT RENAISSANCE,5501 SOUTH MCCOLL,EDINBURG,TX,78539,HIDALGO,5.000000000000,1.250000000000,34.000000000000,8.500000000000,63.333333333333,15.833333333333,0.000000000000,0.000000000000,25.583333333333
2026,450872,USMD HOSPITAL AT ARLINGTON L P,801 W INTERSTATE 20,ARLINGTON,TX,76017,TARRANT,Not Available,Not Available,60.000000000000,20.000000000000,80.000000000000,26.666666666667,0.000000000000,0.000000000000,46.666666666667
2026,450876,LUBBOCK HEART HOSPITAL LP,4810 NORTH LOOP 289,LUBBOCK,TX,79416,LUBBOCK,0.000000000000,0.000000000000,55.000000000000,13.750000000000,100.000000000000,25.000000000000,10.000000000000,2.500000000000,41.250000000000
2026,450885,BAYLOR SCOTT &  WHITE MEDICAL CENTER - CENTENNIAL,12505 LEBANON ROAD,FRISCO,TX,75035,COLLIN,32.500000000000,8.125000000000,47.000000000000,11.750000000000,70.000000000000,17.500000000000,0.000000000000,0.000000000000,37.375000000000
2026,450890,BAYLOR SCOTT & WHITE MEDICAL CENTER PLANO,4700 ALLIANCE BOULEVARD,PLANO,TX,75093,COLLIN,12.000000000000,3.000000000000,62.000000000000,15.500000000000,60.000000000000,15.000000000000,0.000000000000,0.000000000000,33.500000000000
2026,450893,THE HEART HOSPITAL BAYLOR DENTON,2801 SOUTH MAYHILL ROAD,DENTON,TX,76208,DENTON,66.666666666667,22.222222222222,93.000000000000,31.000000000000,Not Available,Not Available,0.000000000000,0.000000000000,53.222222222222
2026,460001,INTERMOUNTAIN HEALTH UTAH VALLEY HOSPITAL,1034 NORTH 500 WEST,PROVO,UT,84604,UTAH,28.000000000000,7.000000000000,52.000000000000,13.000000000000,55.000000000000,13.750000000000,10.000000000000,2.500000000000,36.250000000000
2026,460003,HOLY CROSS HOSPITAL - SALT LAKE,1050 EAST SOUTH TEMPLE,SALT LAKE CITY,UT,84102,SALT LAKE,10.000000000000,2.500000000000,40.000000000000,10.000000000000,80.000000000000,20.000000000000,0.000000000000,0.000000000000,32.500000000000
2026,460004,MCKAY-DEE HOSPITAL,4401 HARRISON BOULEVARD,OGDEN,UT,84403,WEBER,25.000000000000,6.250000000000,34.000000000000,8.500000000000,41.666666666667,10.416666666667,20.000000000000,5.000000000000,30.166666666667
2026,460005,OGDEN REGIONAL MEDICAL CENTER,5475 SOUTH 500 EAST,OGDEN,UT,84405,WEBER,6.000000000000,1.500000000000,35.000000000000,8.750000000000,40.000000000000,10.000000000000,0.000000000000,0.000000000000,20.250000000000
2026,460006,LDS HOSPITAL,8TH AVENUE AND C STREET,SALT LAKE CITY,UT,84143,SALT LAKE,15.000000000000,3.750000000000,63.000000000000,15.750000000000,46.666666666667,11.666666666667,10.000000000000,2.500000000000,33.666666666667
2026,460007,CEDAR CITY HOSPITAL,1303 NORTH MAIN STREET,CEDAR CITY,UT,84721,IRON,0.000000000000,0.000000000000,94.000000000000,23.500000000000,70.000000000000,17.500000000000,30.000000000000,7.500000000000,48.500000000000
2026,460009,UNIVERSITY OF UTAH HOSPITAL AND CLINICS,50 NORTH MEDICAL DRIVE,SALT LAKE CITY,UT,84132,SALT LAKE,36.666666666667,9.166666666667,48.000000000000,12.000000000000,16.666666666667,4.166666666667,0.000000000000,0.000000000000,25.333333333333
2026,460010,INTERMOUNTAIN MEDICAL CENTER,5121 SOUTH COTTONWOOD STREET,MURRAY,UT,84107,SALT LAKE,36.000000000000,9.000000000000,43.000000000000,10.750000000000,35.000000000000,8.750000000000,10.000000000000,2.500000000000,31.000000000000
2026,460011,CASTLEVIEW HOSPITAL,300 NORTH HOSPITAL DRIVE,PRICE,UT,84501,CARBON,17.500000000000,4.375000000000,29.000000000000,7.250000000000,5.000000000000,1.250000000000,0.000000000000,0.000000000000,12.875000000000
2026,460013,MOUNTAIN VIEW HOSPITAL,1000 EAST 100 NORTH,PAYSON,UT,84651,UTAH,40.000000000000,10.000000000000,66.000000000000,16.500000000000,100.000000000000,25.000000000000,0.000000000000,0.000000000000,51.500000000000
2026,460014,MOUNTAIN WEST MEDICAL CENTER,2055 NORTH MAIN STREET,TOOELE,UT,84074,TOOELE,0.000000000000,0.000000000000,66.000000000000,22.000000000000,Not Available,Not Available,50.000000000000,16.666666666667,38.666666666667
2026,460015,LOGAN REGIONAL HOSPITAL,1400 NORTH 500 EAST,LOGAN,UT,84341,CACHE,5.000000000000,1.250000000000,61.000000000000,15.250000000000,32.000000000000,8.000000000000,70.000000000000,17.500000000000,42.000000000000
2026,460017,BRIGHAM CITY COMMUNITY HOSPITAL,950 SOUTH MEDICAL DRIVE,BRIGHAM CITY,UT,84302,BOX ELDER,0.000000000000,0.000000000000,35.000000000000,11.666666666667,Not Available,Not Available,0.000000000000,0.000000000000,11.666666666667
2026,460019,UINTAH BASIN MEDICAL CENTER,250 WEST 300 NORTH,ROOSEVELT,UT,84066,DUCHESNE,0.000000000000,0.000000000000,19.000000000000,4.750000000000,50.000000000000,12.500000000000,90.000000000000,22.500000000000,39.750000000000
2026,460021,ST. GEORGE REGIONAL HOSPITAL,1380 EAST MEDICAL CENTER DRIVE,ST GEORGE,UT,84790,WASHINGTON,30.000000000000,7.500000000000,63.000000000000,15.750000000000,40.000000000000,10.000000000000,30.000000000000,7.500000000000,40.750000000000
2026,460023,AMERICAN FORK HOSPITAL,170 NORTH 1100 EAST,AMERICAN FORK,UT,84003,UTAH,15.000000000000,3.750000000000,53.000000000000,13.250000000000,30.000000000000,7.500000000000,60.000000000000,15.000000000000,39.500000000000
2026,460026,SEVIER VALLEY HOSPITAL,1000 NORTH MAIN STREET,RICHFIELD,UT,84701,SEVIER,10.000000000000,3.333333333333,79.000000000000,26.333333333333,Not Available,Not Available,60.000000000000,20.000000000000,49.666666666667
2026,460030,ASHLEY REGIONAL MEDICAL CENTER,150 WEST 100 NORTH,VERNAL,UT,84078,UINTAH,20.000000000000,5.000000000000,58.000000000000,14.500000000000,70.000000000000,17.500000000000,100.000000000000,25.000000000000,62.000000000000
2026,460041,HOLY CROSS HOSPITAL-DAVIS,1600 WEST ANTELOPE DRIVE,LAYTON,UT,84041,DAVIS,25.000000000000,6.250000000000,25.000000000000,6.250000000000,67.500000000000,16.875000000000,0.000000000000,0.000000000000,29.375000000000
2026,460042,LAKEVIEW HOSPITAL,630 EAST MEDICAL DRIVE,BOUNTIFUL,UT,84010,DAVIS,50.000000000000,12.500000000000,52.000000000000,13.000000000000,100.000000000000,25.000000000000,0.000000000000,0.000000000000,50.500000000000
2026,460044,INTERMOUNTAIN HEALTH ALTA VIEW HOSPITAL,9660 SOUTH 1300 EAST,SANDY,UT,84094,SALT LAKE,60.000000000000,15.000000000000,72.000000000000,18.000000000000,15.000000000000,3.750000000000,20.000000000000,5.000000000000,41.750000000000
2026,460047,ST MARK'S HOSPITAL,1200 EAST 3900 SOUTH,SALT LAKE CITY,UT,84124,SALT LAKE,54.000000000000,13.500000000000,27.000000000000,6.750000000000,48.333333333333,12.083333333333,0.000000000000,0.000000000000,32.333333333333
2026,460051,HOLY CROSS HOSPITAL-JORDAN VALLEY,3580 WEST 9000 SOUTH,WEST JORDAN,UT,84088,SALT LAKE,34.000000000000,8.500000000000,16.000000000000,4.000000000000,44.000000000000,11.000000000000,10.000000000000,2.500000000000,26.000000000000
2026,460052,TIMPANOGOS REGIONAL HOSPITAL,750 WEST 800 NORTH,OREM,UT,84057,UTAH,7.500000000000,1.875000000000,19.000000000000,4.750000000000,90.000000000000,22.500000000000,0.000000000000,0.000000000000,29.125000000000
2026,460057,PARK CITY HOSPITAL,900 ROUND VALLEY DRIVE,PARK CITY,UT,84060,SUMMIT,3.333333333333,0.833333333333,83.000000000000,20.750000000000,75.000000000000,18.750000000000,50.000000000000,12.500000000000,52.833333333333
2026,460058,RIVERTON HOSPITAL,3741 WEST 12600 SOUTH,RIVERTON,UT,84065,SALT LAKE,10.000000000000,2.500000000000,50.000000000000,12.500000000000,36.666666666667,9.166666666667,20.000000000000,5.000000000000,29.166666666667
2026,460060,LONE PEAK HOSPITAL,11925 SOUTH STATE STREET,DRAPER,UT,84020,SALT LAKE,60.000000000000,15.000000000000,36.000000000000,9.000000000000,100.000000000000,25.000000000000,20.000000000000,5.000000000000,54.000000000000
2026,460061,INTERMOUNTAIN HEALTH LAYTON HOSPITAL,201 WEST LAYTON PARKWAY,LAYTON,UT,84041,DAVIS,35.000000000000,8.750000000000,64.000000000000,16.000000000000,75.000000000000,18.750000000000,60.000000000000,15.000000000000,58.500000000000
2026,460062,INTERMOUNTAIN HEALTH SPANISH FORK HOSPITAL,765 EAST MARKET PLACE DRIVE,SPANISH FORK,UT,84660,UTAH,Not Available,Not Available,55.000000000000,18.333333333333,55.000000000000,18.333333333333,40.000000000000,13.333333333333,50.000000000000
2026,470001,CENTRAL VERMONT MEDICAL CENTER,BOX 547,BARRE,VT,05641,WASHINGTON,32.000000000000,8.000000000000,40.000000000000,10.000000000000,32.500000000000,8.125000000000,90.000000000000,22.500000000000,48.625000000000
2026,470003,UNIV. OF VERMONT - FLETCHER ALLEN HEALTH CARE,111 COLCHESTER AVE,BURLINGTON,VT,05401,CHITTENDEN,43.333333333333,10.833333333333,48.000000000000,12.000000000000,13.333333333333,3.333333333333,20.000000000000,5.000000000000,31.166666666667
2026,470005,RUTLAND REGIONAL MEDICAL CENTER,160 ALLEN ST,RUTLAND,VT,05701,RUTLAND,4.000000000000,1.000000000000,44.000000000000,11.000000000000,43.333333333333,10.833333333333,50.000000000000,12.500000000000,35.333333333333
2026,470011,BRATTLEBORO MEMORIAL HOSPITAL,17 BELMONT AVE,BRATTLEBORO,VT,05301,WINDHAM,7.500000000000,1.875000000000,45.000000000000,11.250000000000,50.000000000000,12.500000000000,30.000000000000,7.500000000000,33.125000000000
2026,470012,SOUTHWESTERN VERMONT MEDICAL CENTER,100 HOSPITAL DRIVE,BENNINGTON,VT,05201,BENNINGTON,22.000000000000,5.500000000000,49.000000000000,12.250000000000,23.333333333333,5.833333333333,40.000000000000,10.000000000000,33.583333333333
2026,470024,NORTHWESTERN MEDICAL CENTER INC,133 FAIRFIELD STREET,SAINT ALBANS,VT,05478,FRANKLIN,20.000000000000,5.000000000000,37.000000000000,9.250000000000,63.333333333333,15.833333333333,80.000000000000,20.000000000000,50.083333333333
2026,490002,RUSSELL COUNTY HOSPITAL,58 CARROLL STREET,LEBANON,VA,24266,RUSSELL,6.666666666667,1.666666666667,79.000000000000,19.750000000000,70.000000000000,17.500000000000,40.000000000000,10.000000000000,48.916666666667
2026,490004,SENTARA RMH MEDICAL CENTER,2010 HEALTH CAMPUS DRIVE,HARRISONBURG,VA,22801,HARRISONBURG,33.333333333333,8.333333333333,39.000000000000,9.750000000000,70.000000000000,17.500000000000,40.000000000000,10.000000000000,45.583333333333
2026,490005,WINCHESTER MEDICAL CENTER,1840 AMHERST ST,WINCHESTER,VA,22601,WINCHESTER,30.000000000000,7.500000000000,42.000000000000,10.500000000000,35.000000000000,8.750000000000,20.000000000000,5.000000000000,31.750000000000
2026,490007,SENTARA NORFOLK GENERAL HOSPITAL,600 GRESHAM DR,NORFOLK,VA,23507,NORFOLK,50.000000000000,12.500000000000,42.000000000000,10.500000000000,38.333333333333,9.583333333333,10.000000000000,2.500000000000,35.083333333333
2026,490009,UNIVERSITY OF VIRGINIA MEDICAL CENTER,1215 LEE STREET,CHARLOTTESVILLE,VA,22908,CHARLOTTESVILLE,35.000000000000,8.750000000000,56.000000000000,14.000000000000,3.333333333333,0.833333333333,10.000000000000,2.500000000000,26.083333333333
2026,490013,SENTARA HALIFAX REGIONAL HOSPITAL,2204 WILBORN AVENUE,SOUTH BOSTON,VA,24592,HALIFAX,16.666666666667,4.166666666667,57.000000000000,14.250000000000,85.000000000000,21.250000000000,90.000000000000,22.500000000000,62.166666666667
2026,490017,BON SECOURS MARYVIEW MEDICAL CENTER,3636 HIGH STREET,PORTSMOUTH,VA,23707,PORTSMOUTH,20.000000000000,5.000000000000,29.000000000000,7.250000000000,53.333333333333,13.333333333333,0.000000000000,0.000000000000,25.583333333333
2026,490018,AUGUSTA HEALTH,78 MEDICAL CENTER DRIVE,FISHERSVILLE,VA,22939,AUGUSTA,20.000000000000,5.000000000000,31.000000000000,7.750000000000,35.000000000000,8.750000000000,30.000000000000,7.500000000000,29.000000000000
2026,490019,UVA HEALTH CULPEPER MEDICAL CENTER,501 SUNSET LANE,CULPEPER,VA,22701,CULPEPER,0.000000000000,0.000000000000,18.000000000000,4.500000000000,0.000000000000,0.000000000000,10.000000000000,2.500000000000,7.000000000000
2026,490020,JOHN RANDOLPH MEDICAL CENTER,411 WEST RANDOLPH ROAD,HOPEWELL,VA,23860,HOPEWELL,30.000000000000,7.500000000000,39.000000000000,9.750000000000,38.000000000000,9.500000000000,0.000000000000,0.000000000000,26.750000000000
2026,490021,CENTRA HEALTH -  LYNCHBURG GEN HOSPITAL,1901 TATE SPRINGS ROAD,LYNCHBURG,VA,24501,LYNCHBURG,26.666666666667,6.666666666667,19.000000000000,4.750000000000,40.000000000000,10.000000000000,10.000000000000,2.500000000000,23.916666666667
2026,490022,MARY WASHINGTON HOSPITAL,1001 SAM PERRY BOULEVARD,FREDERICKSBURG,VA,22401,FREDERICKSBURG,13.333333333333,3.333333333333,16.000000000000,4.000000000000,60.000000000000,15.000000000000,20.000000000000,5.000000000000,27.333333333333
2026,490023,FAUQUIER HOSPITAL,500 HOSPITAL DRIVE,WARRENTON,VA,20186,FAUQUIER,10.000000000000,2.500000000000,35.000000000000,8.750000000000,65.000000000000,16.250000000000,0.000000000000,0.000000000000,27.500000000000
2026,490024,CARILION MEDICAL CENTER,"1906 BELLEVIEW AVENUE, SE",ROANOKE,VA,24014,ROANOKE,18.333333333333,4.583333333333,26.000000000000,6.500000000000,21.666666666667,5.416666666667,0.000000000000,0.000000000000,16.500000000000
2026,490032,MEDICAL COLLEGE OF VIRGINIA HOSPITALS,1250 EAST MARSHALL STREET,RICHMOND,VA,23298,RICHMOND,40.000000000000,10.000000000000,47.000000000000,11.750000000000,13.333333333333,3.333333333333,0.000000000000,0.000000000000,25.083333333333
2026,490033,WARREN MEMORIAL HOSPITAL,351 VALLEY HEALTH WAY,FRONT ROYAL,VA,22630,WARREN,2.500000000000,0.625000000000,45.000000000000,11.250000000000,15.000000000000,3.750000000000,70.000000000000,17.500000000000,33.125000000000
2026,490037,RIVERSIDE SHORE MEMORIAL HOSPITAL,20480 MARKET STREET,ONANCOCK,VA,23417,ACCOMACK,0.000000000000,0.000000000000,69.000000000000,17.250000000000,85.000000000000,21.250000000000,60.000000000000,15.000000000000,53.500000000000
2026,490038,SMYTH COUNTY COMMUNITY HOSPITAL,245 MEDICAL PARK DRIVE,MARION,VA,24354,SMYTH,16.666666666667,5.555555555556,49.000000000000,16.333333333333,Not Available,Not Available,30.000000000000,10.000000000000,31.888888888889
2026,490040,INOVA ALEXANDRIA HOSPITAL,4320 SEMINARY RD,ALEXANDRIA,VA,22304,ALEXANDRIA,80.000000000000,20.000000000000,42.000000000000,10.500000000000,36.666666666667,9.166666666667,20.000000000000,5.000000000000,44.666666666667
2026,490041,MARY IMMACULATE HOSPITAL,2 BERNARDINE DRIVE,NEWPORT NEWS,VA,23602,NEWPORT NEWS,8.000000000000,2.000000000000,37.000000000000,9.250000000000,83.333333333333,20.833333333333,0.000000000000,0.000000000000,32.083333333333
2026,490042,CARILION NEW RIVER VALLEY MEDICAL CENTER,2900 LAMB CIRCLE,CHRISTIANSBURG,VA,24073,MONTGOMERY,22.500000000000,5.625000000000,31.000000000000,7.750000000000,45.000000000000,11.250000000000,10.000000000000,2.500000000000,27.125000000000
2026,490043,INOVA LOUDOUN HOSPITAL,44045 RIVERSIDE PARKWAY,LEESBURG,VA,20176,LOUDOUN,64.000000000000,16.000000000000,47.000000000000,11.750000000000,60.000000000000,15.000000000000,0.000000000000,0.000000000000,42.750000000000
2026,490044,SENTARA OBICI HOSPITAL,2800 GODWIN BOULEVARD,SUFFOLK,VA,23434,SUFFOLK,34.000000000000,8.500000000000,45.000000000000,11.250000000000,51.666666666667,12.916666666667,60.000000000000,15.000000000000,47.666666666667
2026,490045,NOVANT PRINCE WILLIAM MEDICAL CENTER,8700 SUDLEY RD,MANASSAS,VA,20110,MANASSAS,0.000000000000,0.000000000000,18.000000000000,4.500000000000,48.000000000000,12.000000000000,0.000000000000,0.000000000000,16.500000000000
2026,490046,SENTARA LEIGH HOSPITAL,830 KEMPSVILLE ROAD,NORFOLK,VA,23502,NORFOLK,12.000000000000,3.000000000000,50.000000000000,12.500000000000,71.666666666667,17.916666666667,30.000000000000,7.500000000000,40.916666666667
2026,490048,LEWISGALE MEDICAL CENTER,1900 ELECTRIC ROAD,SALEM,VA,24153,SALEM,23.333333333333,5.833333333333,11.000000000000,2.750000000000,31.666666666667,7.916666666667,0.000000000000,0.000000000000,16.500000000000
2026,490050,VIRGINIA HOSPITAL CENTER,1701 NORTH GEORGE MASON DRIVE,ARLINGTON,VA,22205,ARLINGTON,33.333333333333,8.333333333333,50.000000000000,12.500000000000,21.666666666667,5.416666666667,10.000000000000,2.500000000000,28.750000000000
2026,490052,RIVERSIDE REGIONAL MEDICAL CENTER,500 J CLYDE MORRIS BLVD,NEWPORT NEWS,VA,23601,NEWPORT NEWS,6.000000000000,1.500000000000,36.000000000000,9.000000000000,43.333333333333,10.833333333333,0.000000000000,0.000000000000,21.333333333333
2026,490053,JOHNSTON MEMORIAL HOSPITAL,16000 JOHNSTON MEMORIAL DRIVE,ABINGDON,VA,24211,WASHINGTON,0.000000000000,0.000000000000,28.000000000000,7.000000000000,50.000000000000,12.500000000000,0.000000000000,0.000000000000,19.500000000000
2026,490057,SENTARA VIRGINIA BEACH GENERAL HOSPITAL,1060 FIRST COLONIAL ROAD,VIRGINIA BEACH,VA,23454,VIRGINIA BEACH,50.000000000000,12.500000000000,33.000000000000,8.250000000000,38.333333333333,9.583333333333,30.000000000000,7.500000000000,37.833333333333
2026,490059,BON SECOURS ST MARYS HOSPITAL,5801 BREMO RD,RICHMOND,VA,23226,RICHMOND,30.000000000000,7.500000000000,26.000000000000,6.500000000000,33.333333333333,8.333333333333,0.000000000000,0.000000000000,22.333333333333
2026,490060,CLINCH VALLEY MEDICAL CENTER,6801 Governor GC Perry Highway,RICHLANDS,VA,24641,TAZEWELL,5.000000000000,1.250000000000,74.000000000000,18.500000000000,85.000000000000,21.250000000000,30.000000000000,7.500000000000,48.500000000000
2026,490063,INOVA FAIRFAX HOSPITAL,3300 GALLOWS ROAD,FALLS CHURCH,VA,22042,FAIRFAX,41.666666666667,10.416666666667,47.000000000000,11.750000000000,30.000000000000,7.500000000000,0.000000000000,0.000000000000,29.666666666667
2026,490066,SENTARA WILLIAMSBURG REGIONAL MEDICAL CENTER,100 SENTARA CIRCLE,WILLIAMSBURG,VA,23185,JAMES CITY,32.000000000000,8.000000000000,61.000000000000,15.250000000000,71.666666666667,17.916666666667,40.000000000000,10.000000000000,51.166666666667
2026,490067,BON SECOURS SOUTHSIDE MEDICAL CENTER,200 MEDICAL PARK BOULEVARD,PETERSBURG,VA,23805,PETERSBURG,20.000000000000,5.000000000000,37.000000000000,9.250000000000,33.333333333333,8.333333333333,0.000000000000,0.000000000000,22.583333333333
2026,490069,BON SECOURS MEMORIAL REGIONAL MEDICAL CENTER,8260 ATLEE ROAD,MECHANICSVILLE,VA,23116,HANOVER,31.666666666667,7.916666666667,19.000000000000,4.750000000000,35.000000000000,8.750000000000,0.000000000000,0.000000000000,21.416666666667
2026,490075,SOVAH HEALTH DANVILLE,142 SOUTH MAIN STREET,DANVILLE,VA,24541,DANVILLE,4.000000000000,1.000000000000,25.000000000000,6.250000000000,30.000000000000,7.500000000000,0.000000000000,0.000000000000,14.750000000000
2026,490077,SENTARA MARTHA JEFFERSON HOSPITAL,500 MARTHA JEFFERSON DRIVE,CHARLOTTESVILLE,VA,22911,ALBEMARLE,22.000000000000,5.500000000000,65.000000000000,16.250000000000,25.000000000000,6.250000000000,40.000000000000,10.000000000000,38.000000000000
2026,490084,VCU HEALTH TAPPAHANNOCK HOSPITAL,618 HOSPITAL ROAD,TAPPAHANNOCK,VA,22560,ESSEX,30.000000000000,7.500000000000,49.000000000000,12.250000000000,10.000000000000,2.500000000000,30.000000000000,7.500000000000,29.750000000000
2026,490088,CENTRA BEDFORD MEMORIAL HOSPITAL,1613 OAKWOOD STREET,BEDFORD,VA,24523,BEDFORD,26.666666666667,6.666666666667,84.000000000000,21.000000000000,75.000000000000,18.750000000000,40.000000000000,10.000000000000,56.416666666667
2026,490089,CARILION FRANKLIN MEMORIAL HOSPITAL,180 FLOYD AVENUE,ROCKY MOUNT,VA,24151,FRANKLIN,16.666666666667,4.166666666667,56.000000000000,14.000000000000,0.000000000000,0.000000000000,60.000000000000,15.000000000000,33.166666666667
2026,490090,"SOUTHSIDE COMMUNITY HOSPITAL, INC",800 OAK STREET,FARMVILLE,VA,23901,PRINCE EDWARD,10.000000000000,2.500000000000,65.000000000000,16.250000000000,43.333333333333,10.833333333333,0.000000000000,0.000000000000,29.583333333333
2026,490092,BON SECOURS SOUTHAMPTON MEMORIAL HOSPITAL,100 FAIRVIEW DRIVE - PO BOX 817,FRANKLIN,VA,23851,FRANKLIN,0.000000000000,0.000000000000,55.000000000000,13.750000000000,60.000000000000,15.000000000000,90.000000000000,22.500000000000,51.250000000000
2026,490093,SENTARA CAREPLEX HOSPITAL,3000 COLISEUM DRIVE,HAMPTON,VA,23666,HAMPTON,45.000000000000,11.250000000000,51.000000000000,12.750000000000,65.000000000000,16.250000000000,30.000000000000,7.500000000000,47.750000000000
2026,490097,BON SECOURS SOUTHERN VIRGINIA MEDICAL CENTER,727 NORTH MAIN STREET,EMPORIA,VA,23847,GREENSVILLE,10.000000000000,3.333333333333,Not Available,Not Available,60.000000000000,20.000000000000,20.000000000000,6.666666666667,30.000000000000
2026,490098,COMMUNITY MEMORIAL HOSPITAL,1755 NORTH MECKLENBURG AVENUE,SOUTH HILL,VA,23970,MECKLENBURG,16.666666666667,4.166666666667,73.000000000000,18.250000000000,50.000000000000,12.500000000000,20.000000000000,5.000000000000,39.916666666667
2026,490101,INOVA FAIR OAKS HOSPITAL,3600 JOSEPH SIEWICK DRIVE,FAIRFAX,VA,22033,FAIRFAX,22.000000000000,5.500000000000,58.000000000000,14.500000000000,50.000000000000,12.500000000000,40.000000000000,10.000000000000,42.500000000000
2026,490107,RESTON HOSPITAL CENTER,1850 TOWN CENTER PARKWAY,RESTON,VA,20190,FAIRFAX,26.000000000000,6.500000000000,34.000000000000,8.500000000000,56.666666666667,14.166666666667,0.000000000000,0.000000000000,29.166666666667
2026,490110,LEWISGALE HOSPITAL MONTGOMERY,3700 SOUTH MAIN STREET,BLACKSBURG,VA,24060,MONTGOMERY,18.000000000000,4.500000000000,59.000000000000,14.750000000000,26.666666666667,6.666666666667,30.000000000000,7.500000000000,33.416666666667
2026,490111,WYTHE COUNTY COMMUNITY HOSPITAL,600 WEST RIDGE ROAD,WYTHEVILLE,VA,24382,WYTHE,0.000000000000,0.000000000000,55.000000000000,13.750000000000,55.000000000000,13.750000000000,40.000000000000,10.000000000000,37.500000000000
2026,490112,CJW MEDICAL CENTER,7101 JAHNKE ROAD,RICHMOND,VA,23225,RICHMOND,46.666666666667,11.666666666667,17.000000000000,4.250000000000,41.666666666667,10.416666666667,0.000000000000,0.000000000000,26.333333333333
2026,490113,SENTARA NORTHERN VIRGINIA MEDICAL CENTER,2300 OPITZ BOULEVARD,WOODBRIDGE,VA,22191,PRINCE WILLIAM,2.500000000000,0.625000000000,36.000000000000,9.000000000000,28.333333333333,7.083333333333,20.000000000000,5.000000000000,21.708333333333
2026,490114,LONESOME PINE HOSPITAL,1990 HOLTON AVENUE EAST,BIG STONE GAP,VA,24219,WISE,3.333333333333,1.111111111111,Not Available,Not Available,70.000000000000,23.333333333333,0.000000000000,0.000000000000,24.444444444444
2026,490115,TWIN COUNTY REGIONAL HOSPITAL,200 HOSPITAL DRIVE,GALAX,VA,24333,GALAX,10.000000000000,2.500000000000,30.000000000000,7.500000000000,10.000000000000,2.500000000000,30.000000000000,7.500000000000,20.000000000000
2026,490116,LEWISGALE HOSPITAL PULASKI,2400 LEE HIGHWAY,PULASKI,VA,24301,PULASKI,13.333333333333,3.333333333333,75.000000000000,18.750000000000,100.000000000000,25.000000000000,0.000000000000,0.000000000000,47.083333333333
2026,490118,HENRICO DOCTORS' HOSPITAL,1602 SKIPWITH ROAD,RICHMOND,VA,23229,HENRICO,28.333333333333,7.083333333333,20.000000000000,5.000000000000,53.333333333333,13.333333333333,0.000000000000,0.000000000000,25.416666666667
2026,490119,SENTARA PRINCESS ANNE HOSPITAL,2025 GLENN MITCHELL DRIVE,VIRGINIA BEACH,VA,23456,VIRGINIA BEACH,24.000000000000,6.000000000000,48.000000000000,12.000000000000,48.333333333333,12.083333333333,60.000000000000,15.000000000000,45.083333333333
2026,490120,CHESAPEAKE GENERAL HOSPITAL,"736 BATTLEFIELD BLVD, NORTH",CHESAPEAKE,VA,23320,CHESAPEAKE,32.000000000000,8.000000000000,16.000000000000,4.000000000000,56.666666666667,14.166666666667,30.000000000000,7.500000000000,33.666666666667
2026,490122,INOVA MOUNT VERNON HOSPITAL,2501 PARKERS LANE,ALEXANDRIA,VA,22306,FAIRFAX,34.000000000000,8.500000000000,32.000000000000,8.000000000000,45.000000000000,11.250000000000,20.000000000000,5.000000000000,32.750000000000
2026,490126,LEWISGALE HOSPITAL ALLEGHANY,ONE ARH LANE - PO BOX 7,LOW MOOR,VA,24457,ALLEGHANY,23.333333333333,5.833333333333,54.000000000000,13.500000000000,60.000000000000,15.000000000000,10.000000000000,2.500000000000,36.833333333333
2026,490127,BUCHANAN GENERAL HOSPITAL,1535 SLATE CREEK ROAD,GRUNDY,VA,24614,BUCHANAN,10.000000000000,2.500000000000,91.000000000000,22.750000000000,35.000000000000,8.750000000000,90.000000000000,22.500000000000,56.500000000000
2026,490130,RIVERSIDE WALTER REED HOSPITAL,7519 HOSPITAL ROAD,GLOUCESTER,VA,23061,GLOUCESTER,26.000000000000,6.500000000000,60.000000000000,15.000000000000,15.000000000000,3.750000000000,60.000000000000,15.000000000000,40.250000000000
2026,490136,BON SECOURS ST FRANCIS MEDICAL CENTER,13710 ST FRANCIS BOULEVARD,MIDLOTHIAN,VA,23114,CHESTERFIELD,4.000000000000,1.000000000000,20.000000000000,5.000000000000,45.000000000000,11.250000000000,10.000000000000,2.500000000000,19.750000000000
2026,490140,"STAFFORD HOSPITAL, LLC",101 HOSPITAL CENTER BOULEVARD,STAFFORD,VA,22554,STAFFORD,30.000000000000,7.500000000000,29.000000000000,7.250000000000,56.666666666667,14.166666666667,70.000000000000,17.500000000000,46.416666666667
2026,490141,SPOTSYLVANIA REGIONAL MEDICAL CENTER,4600 SPOTSYLVANIA PARKWAY,FREDERICKSBURG,VA,22408,SPOTSYLVANIA,14.000000000000,3.500000000000,24.000000000000,6.000000000000,40.000000000000,10.000000000000,10.000000000000,2.500000000000,22.000000000000
2026,490143,RIVERSIDE DOCTORS' HOSPITAL OF WILLIAMSBURG,1500 COMMONWEALTH AVENUE,WILLIAMSBURG,VA,23185,JAMES CITY,26.000000000000,6.500000000000,64.000000000000,16.000000000000,80.000000000000,20.000000000000,30.000000000000,7.500000000000,50.000000000000
2026,490144,UVA HEALTH HAYMARKET MEDICAL CENTER,15225 HEALTHCOTE BOULEVARD,HAYMARKET,VA,20169,PRINCE WILLIAM,0.000000000000,0.000000000000,63.000000000000,15.750000000000,53.333333333333,13.333333333333,10.000000000000,2.500000000000,31.583333333333
2026,490145,STONESPRINGS HOSPITAL CENTER,24440 STONE SPRINGS BOULEVARD,DULLES,VA,20166,LOUDOUN,0.000000000000,0.000000000000,47.000000000000,11.750000000000,66.666666666667,16.666666666667,30.000000000000,7.500000000000,35.916666666667
2026,500002,PROVIDENCE ST MARY MEDICAL CENTER,401 W POPLAR ST,WALLA WALLA,WA,99362,WALLA WALLA,2.000000000000,0.500000000000,38.000000000000,9.500000000000,43.333333333333,10.833333333333,20.000000000000,5.000000000000,25.833333333333
2026,500003,SKAGIT VALLEY HOSPITAL,1415 KINCAID STREET,MOUNT VERNON,WA,98274,SKAGIT,25.000000000000,6.250000000000,35.000000000000,8.750000000000,16.666666666667,4.166666666667,50.000000000000,12.500000000000,31.666666666667
2026,500005,VIRGINIA MASON MEDICAL CENTER,925 SENECA ST,SEATTLE,WA,98101,KING,46.666666666667,11.666666666667,43.000000000000,10.750000000000,55.000000000000,13.750000000000,20.000000000000,5.000000000000,41.166666666667
2026,500007,ISLAND HOSPITAL,1211  24TH STREET,ANACORTES,WA,98221,SKAGIT,10.000000000000,2.500000000000,76.000000000000,19.000000000000,63.333333333333,15.833333333333,60.000000000000,15.000000000000,52.333333333333
2026,500008,UNIVERSITY OF WASHINGTON MEDICAL CTR,1959 NE PACIFIC ST  BOX 356151,SEATTLE,WA,98195,KING,16.666666666667,4.166666666667,57.000000000000,14.250000000000,18.333333333333,4.583333333333,20.000000000000,5.000000000000,28.000000000000
2026,500011,HIGHLINE MEDICAL CENTER,16251 SYLVESTER ROAD SW,BURIEN,WA,98166,KING,50.000000000000,12.500000000000,21.000000000000,5.250000000000,45.000000000000,11.250000000000,40.000000000000,10.000000000000,39.000000000000
2026,500014,PROVIDENCE REGIONAL MEDICAL CENTER EVERETT,1321 COLBY AVENUE,EVERETT,WA,98201,SNOHOMISH,15.000000000000,3.750000000000,18.000000000000,4.500000000000,48.333333333333,12.083333333333,40.000000000000,10.000000000000,30.333333333333
2026,500015,MULTICARE AUBURN MEDICAL CENTER,202 NORTH DIVISION STREET PLAZA ONE,AUBURN,WA,98001,KING,0.000000000000,0.000000000000,5.000000000000,1.250000000000,45.000000000000,11.250000000000,30.000000000000,7.500000000000,20.000000000000
2026,500016,CONFLUENCE HEALTH HOSPITAL,1201 S MILLER STREET,WENATCHEE,WA,98807,CHELAN,23.333333333333,5.833333333333,52.000000000000,13.000000000000,45.000000000000,11.250000000000,50.000000000000,12.500000000000,42.583333333333
2026,500019,PROVIDENCE CENTRALIA HOSPITAL,914 S SCHEUBER ROAD,CENTRALIA,WA,98531,LEWIS,34.000000000000,8.500000000000,28.000000000000,7.000000000000,31.666666666667,7.916666666667,50.000000000000,12.500000000000,35.916666666667
2026,500021,ST CLARE HOSPITAL,11315 BRIDGEPORT WAY S W,LAKEWOOD,WA,98499,PIERCE,15.000000000000,3.750000000000,30.000000000000,7.500000000000,54.000000000000,13.500000000000,40.000000000000,10.000000000000,34.750000000000
2026,500024,PROVIDENCE ST PETER HOSPITAL,413 LILLY ROAD NE,OLYMPIA,WA,98506,THURSTON,33.333333333333,8.333333333333,51.000000000000,12.750000000000,28.333333333333,7.083333333333,40.000000000000,10.000000000000,38.166666666667
2026,500025,SWEDISH MEDICAL CENTER / CHERRY HILL,500 17TH AVENUE,SEATTLE,WA,98122,KING,45.000000000000,11.250000000000,38.000000000000,9.500000000000,16.000000000000,4.000000000000,0.000000000000,0.000000000000,24.750000000000
2026,500026,SWEDISH EDMONDS HOSPITAL,21601 76TH AVENUE WEST,EDMONDS,WA,98026,SNOHOMISH,7.500000000000,1.875000000000,19.000000000000,4.750000000000,20.000000000000,5.000000000000,40.000000000000,10.000000000000,21.625000000000
2026,500027,SWEDISH MEDICAL CENTER,747 BROADWAY,SEATTLE,WA,98122,KING,34.000000000000,8.500000000000,23.000000000000,5.750000000000,10.000000000000,2.500000000000,30.000000000000,7.500000000000,24.250000000000
2026,500030,ST JOSEPH HOSPITAL,2901 SQUALICUM PARKWAY,BELLINGHAM,WA,98225,WHATCOM,30.000000000000,7.500000000000,12.000000000000,3.000000000000,41.666666666667,10.416666666667,30.000000000000,7.500000000000,28.416666666667
2026,500031,GRAYS HARBOR COMMUNITY HOSPITAL,915 ANDERSON DRIVE,ABERDEEN,WA,98520,GRAYS HARBOR,14.000000000000,3.500000000000,10.000000000000,2.500000000000,46.666666666667,11.666666666667,30.000000000000,7.500000000000,25.166666666667
2026,500033,SAMARITAN HOSPITAL,801 EAST WHEELER ROAD,MOSES LAKE,WA,98837,GRANT,0.000000000000,0.000000000000,33.000000000000,8.250000000000,85.000000000000,21.250000000000,50.000000000000,12.500000000000,42.000000000000
2026,500036,YAKIMA VALLEY MEMORIAL,2811 TIETON DRIVE,YAKIMA,WA,98902,YAKIMA,0.000000000000,0.000000000000,11.000000000000,2.750000000000,30.000000000000,7.500000000000,50.000000000000,12.500000000000,22.750000000000
2026,500039,HARRISON MEDICAL CENTER,1800 NW MYHRE RD,SILVERDALE,WA,98383,KITSAP,38.333333333333,9.583333333333,30.000000000000,7.500000000000,38.333333333333,9.583333333333,30.000000000000,7.500000000000,34.166666666667
2026,500041,PEACEHEALTH ST JOHN MEDICAL CENTER,1615 DELAWARE STREET,LONGVIEW,WA,98632,COWLITZ,42.000000000000,10.500000000000,34.000000000000,8.500000000000,50.000000000000,12.500000000000,70.000000000000,17.500000000000,49.000000000000
2026,500044,DEACONESS MEDICAL CENTER,W 800 FIFTH AVENUE,SPOKANE,WA,99210,SPOKANE,16.666666666667,4.166666666667,18.000000000000,4.500000000000,35.000000000000,8.750000000000,20.000000000000,5.000000000000,22.416666666667
2026,500050,PEACEHEALTH SOUTHWEST MEDICAL CENTER,400 NE MOTHER JOSEPH PLACE,VANCOUVER,WA,98664,CLARK,40.000000000000,10.000000000000,19.000000000000,4.750000000000,25.000000000000,6.250000000000,60.000000000000,15.000000000000,36.000000000000
2026,500051,OVERLAKE HOSPITAL MEDICAL CENTER,1035-116TH AVE NE,BELLEVUE,WA,98004,KING,11.666666666667,2.916666666667,32.000000000000,8.000000000000,13.333333333333,3.333333333333,50.000000000000,12.500000000000,26.750000000000
2026,500053,TRIOS HEALTH,3780 PLAZA WAY,KENNEWICK,WA,99338,BENTON,10.000000000000,2.500000000000,27.000000000000,6.750000000000,47.500000000000,11.875000000000,20.000000000000,5.000000000000,26.125000000000
2026,500054,PROV SACRED HRT MED CTR & CHILDS HOSP.,101 WEST 8TH AVENUE,SPOKANE,WA,99220,SPOKANE,16.666666666667,4.166666666667,25.000000000000,6.250000000000,30.000000000000,7.500000000000,0.000000000000,0.000000000000,17.916666666667
2026,500058,KADLEC REGIONAL MEDICAL CENTER,888 SWIFT BLVD,RICHLAND,WA,99352,BENTON,16.666666666667,4.166666666667,25.000000000000,6.250000000000,20.000000000000,5.000000000000,30.000000000000,7.500000000000,22.916666666667
2026,500060,CASCADE VALLEY HOSPITAL,330 S STILLAGUAMISH AVE,ARLINGTON,WA,98223,SNOHOMISH,0.000000000000,0.000000000000,22.000000000000,5.500000000000,30.000000000000,7.500000000000,90.000000000000,22.500000000000,35.500000000000
2026,500064,HARBORVIEW MEDICAL CENTER,325 9TH AVENUE,SEATTLE,WA,98104,KING,20.000000000000,5.000000000000,8.000000000000,2.000000000000,31.666666666667,7.916666666667,10.000000000000,2.500000000000,17.416666666667
2026,500072,OLYMPIC MEDICAL CENTER,939 CAROLINE ST,PORT ANGELES,WA,98362,CLALLAM,10.000000000000,2.500000000000,38.000000000000,9.500000000000,62.500000000000,15.625000000000,60.000000000000,15.000000000000,42.625000000000
2026,500077,PROVIDENCE HOLY FAMILY HOSPITAL,5633 NORTH LIDGERWOOD,SPOKANE,WA,99208,SPOKANE,22.500000000000,5.625000000000,16.000000000000,4.000000000000,28.333333333333,7.083333333333,40.000000000000,10.000000000000,26.708333333333
2026,500079,MULTICARE GOOD SAMARITAN HOSPITAL,401 15TH AVENUE SE,PUYALLUP,WA,98372,PIERCE,0.000000000000,0.000000000000,9.000000000000,2.250000000000,28.333333333333,7.083333333333,50.000000000000,12.500000000000,21.833333333333
2026,500084,EVERGREENHEALTH MONROE,14701 179TH AVE SE,MONROE,WA,98272,SNOHOMISH,0.000000000000,0.000000000000,24.000000000000,8.000000000000,Not Available,Not Available,90.000000000000,30.000000000000,38.000000000000
2026,500088,VALLEY MEDICAL CENTER,400 S 43RD ST,RENTON,WA,98055,KING,0.000000000000,0.000000000000,44.000000000000,11.000000000000,23.333333333333,5.833333333333,30.000000000000,7.500000000000,24.333333333333
2026,500119,MULTICARE VALLEY HOSPITAL,12606 EAST MISSION AVENUE,SPOKANE VALLEY,WA,99216,SPOKANE,14.000000000000,3.500000000000,36.000000000000,9.000000000000,53.333333333333,13.333333333333,50.000000000000,12.500000000000,38.333333333333
2026,500124,EVERGREENHEALTH MEDICAL CENTER,12040 NE 128TH STREET,KIRKLAND,WA,98034,KING,36.000000000000,9.000000000000,52.000000000000,13.000000000000,30.000000000000,7.500000000000,30.000000000000,7.500000000000,37.000000000000
2026,500129,TACOMA GENERAL ALLENMORE HOSPITAL,315 S MLK JR WAY,TACOMA,WA,98405,PIERCE,11.666666666667,2.916666666667,19.000000000000,4.750000000000,15.000000000000,3.750000000000,40.000000000000,10.000000000000,21.416666666667
2026,500139,CAPITAL MEDICAL CENTER,3900 CAPITAL MALL DR SW,OLYMPIA,WA,98502,THURSTON,0.000000000000,0.000000000000,24.000000000000,6.000000000000,58.333333333333,14.583333333333,60.000000000000,15.000000000000,35.583333333333
2026,500141,ST FRANCIS COMMUNITY HOSPITAL,34515 9TH AVENUE SOUTH,FEDERAL WAY,WA,98003,KING,22.500000000000,5.625000000000,15.000000000000,3.750000000000,38.333333333333,9.583333333333,30.000000000000,7.500000000000,26.458333333333
2026,500150,LEGACY SALMON CREEK MEDICAL CENTER,2211 NE 139TH STREET,VANCOUVER,WA,98686,CLARK,12.500000000000,3.125000000000,51.000000000000,12.750000000000,30.000000000000,7.500000000000,80.000000000000,20.000000000000,43.375000000000
2026,500151,ST ANTHONY HOSPITAL,11567 CANTERWOOD BOULEVARD NW,GIG HARBOR,WA,98332,PIERCE,42.500000000000,10.625000000000,38.000000000000,9.500000000000,60.000000000000,15.000000000000,50.000000000000,12.500000000000,47.625000000000
2026,500152,SWEDISH ISSAQUAH,751 NE BLAKELY DR,ISSAQUAH,WA,98029,KING,25.000000000000,6.250000000000,27.000000000000,6.750000000000,38.333333333333,9.583333333333,30.000000000000,7.500000000000,30.083333333333
2026,500154,MULTICARE COVINGTON MEDICAL CENTER,17700 SE 272ND ST,COVINGTON,WA,98042,KING,30.000000000000,7.500000000000,22.000000000000,5.500000000000,15.000000000000,3.750000000000,80.000000000000,20.000000000000,36.750000000000
2026,510001,"WEST VIRGINIA UNIVERSITY HOSPITALS, INC",MEDICAL CENTER DRIVE,MORGANTOWN,WV,26506,MONONGALIA,18.333333333333,4.583333333333,43.000000000000,10.750000000000,18.333333333333,4.583333333333,10.000000000000,2.500000000000,22.416666666667
2026,510002,"CAMC GREENBRIER VALLEY MEDICAL CENTER, INC",1320 MAPLEWOOD AVENUE,RONCEVERTE,WV,24970,GREENBRIER,30.000000000000,7.500000000000,16.000000000000,4.000000000000,33.333333333333,8.333333333333,50.000000000000,12.500000000000,32.333333333333
2026,510006,"UNITED HOSPITAL CENTER, INC",327 MEDICAL PARK DRIVE,BRIDGEPORT,WV,26330,HARRISON,34.000000000000,8.500000000000,20.000000000000,5.000000000000,20.000000000000,5.000000000000,20.000000000000,5.000000000000,23.500000000000
2026,510007,ST MARYS MEDICAL CENTER,2900 1ST AVENUE,HUNTINGTON,WV,25702,CABELL,15.000000000000,3.750000000000,35.000000000000,8.750000000000,13.333333333333,3.333333333333,20.000000000000,5.000000000000,20.833333333333
2026,510008,BERKELEY MEDICAL CENTER,2500 HOSPITAL DRIVE,MARTINSBURG,WV,25401,BERKELEY,28.000000000000,7.000000000000,24.000000000000,6.000000000000,38.333333333333,9.583333333333,50.000000000000,12.500000000000,35.083333333333
2026,510012,RIVERS HEALTH,2520 VALLEY DRIVE,POINT PLEASANT,WV,25550,MASON,0.000000000000,0.000000000000,23.000000000000,5.750000000000,15.000000000000,3.750000000000,20.000000000000,5.000000000000,14.500000000000
2026,510013,REYNOLDS MEMORIAL HOSPITAL,800 WHEELING AVE,GLEN DALE,WV,26038,MARSHALL,10.000000000000,2.500000000000,43.000000000000,10.750000000000,65.000000000000,16.250000000000,30.000000000000,7.500000000000,37.000000000000
2026,510022,CHARLESTON AREA MEDICAL CENTER,501 MORRIS STREET,CHARLESTON,WV,25301,KANAWHA,18.333333333333,4.583333333333,27.000000000000,6.750000000000,15.000000000000,3.750000000000,0.000000000000,0.000000000000,15.083333333333
2026,510023,"WEIRTON MEDICAL CENTER, INC",601 COLLIERS WAY,WEIRTON,WV,26062,HANCOCK,17.500000000000,4.375000000000,11.000000000000,2.750000000000,16.666666666667,4.166666666667,0.000000000000,0.000000000000,11.291666666667
2026,510024,MON HEALTH MEDICAL CENTER,1200 JD ANDERSON DRIVE,MORGANTOWN,WV,26505,MONONGALIA,0.000000000000,0.000000000000,46.000000000000,11.500000000000,90.000000000000,22.500000000000,0.000000000000,0.000000000000,34.000000000000
2026,510029,THOMAS MEMORIAL HOSPITAL,4605 MACCORKLE AVENUE SW,SOUTH CHARLESTON,WV,25309,KANAWHA,8.000000000000,2.000000000000,27.000000000000,6.750000000000,26.666666666667,6.666666666667,20.000000000000,5.000000000000,20.416666666667
2026,510030,DAVIS MEDICAL CENTER,812 GORMAN AVENUE,ELKINS,WV,26241,RANDOLPH,0.000000000000,0.000000000000,37.000000000000,9.250000000000,33.333333333333,8.333333333333,20.000000000000,5.000000000000,22.583333333333
2026,510038,STONEWALL JACKSON MEMORIAL HOSPITAL,230 HOSPITAL PLAZA,WESTON,WV,26452,LEWIS,0.000000000000,0.000000000000,21.000000000000,5.250000000000,20.000000000000,5.000000000000,0.000000000000,0.000000000000,10.250000000000
2026,510046,PRINCETON COMMUNITY HOSPITAL ASSN INC,122 12TH STREET,PRINCETON,WV,24740,MERCER,8.000000000000,2.000000000000,24.000000000000,6.000000000000,21.666666666667,5.416666666667,0.000000000000,0.000000000000,13.416666666667
2026,510048,LOGAN REGIONAL MEDICAL CENTER,20 HOSPITAL DRIVE,LOGAN,WV,25601,LOGAN,33.333333333333,8.333333333333,35.000000000000,8.750000000000,12.000000000000,3.000000000000,30.000000000000,7.500000000000,27.583333333333
2026,510050,"WHEELING HOSPITAL, INC",1 MEDICAL PARK,WHEELING,WV,26003,OHIO,28.333333333333,7.083333333333,20.000000000000,5.000000000000,65.000000000000,16.250000000000,20.000000000000,5.000000000000,33.333333333333
2026,510055,"CABELL HUNTINGTON HOSPITAL, INC",1340 HAL GREER BOULEVARD,HUNTINGTON,WV,25701,CABELL,8.000000000000,2.000000000000,23.000000000000,5.750000000000,35.000000000000,8.750000000000,0.000000000000,0.000000000000,16.500000000000
2026,510058,CAMDEN CLARK MEDICAL CENTER,800 GARFIELD AVE,PARKERSBURG,WV,26101,WOOD,28.333333333333,7.083333333333,29.000000000000,7.250000000000,30.000000000000,7.500000000000,10.000000000000,2.500000000000,24.333333333333
2026,510070,RALEIGH GENERAL HOSPITAL,1710 HARPER ROAD,BECKLEY,WV,25801,RALEIGH,35.000000000000,8.750000000000,33.000000000000,8.250000000000,42.000000000000,10.500000000000,0.000000000000,0.000000000000,27.500000000000
2026,510072,WETZEL COUNTY HOSPITAL,#3 EAST BENJAMIN DRIVE,NEW MARTINSVILLE,WV,26155,WETZEL,13.333333333333,4.444444444444,71.000000000000,23.666666666667,Not Available,Not Available,30.000000000000,10.000000000000,38.111111111111
2026,520002,"ASPIRUS STEVENS POINT HOSPITAL & CLINICS, INC.",900 ILLINOIS AVE,STEVENS POINT,WI,54481,PORTAGE,13.333333333333,3.333333333333,32.000000000000,8.000000000000,66.666666666667,16.666666666667,70.000000000000,17.500000000000,45.500000000000
2026,520004,MAYO CLINIC HEALTH SYSTEM-FRANCISCAN MEDICAL CENTER INC,700 WEST AVENUE SOUTH,LA CROSSE,WI,54601,LA CROSSE,25.000000000000,6.250000000000,82.000000000000,20.500000000000,53.333333333333,13.333333333333,70.000000000000,17.500000000000,57.583333333333
2026,520008,WAUKESHA MEMORIAL HOSPITAL,725 AMERICAN AVE,WAUKESHA,WI,53188,WAUKESHA,22.000000000000,5.500000000000,60.000000000000,15.000000000000,38.333333333333,9.583333333333,0.000000000000,0.000000000000,30.083333333333
2026,520011,MARSHFIELD MEDICAL CENTER - RICE LAKE,1700 WEST STOUT STREET,RICE LAKE,WI,54868,BARRON,15.000000000000,3.750000000000,41.000000000000,10.250000000000,30.000000000000,7.500000000000,100.000000000000,25.000000000000,46.500000000000
2026,520019,ASPIRUS RHINELANDER HOSPITAL,2251 NORTH SHORE DR,RHINELANDER,WI,54501,ONEIDA,22.500000000000,5.625000000000,39.000000000000,9.750000000000,40.000000000000,10.000000000000,60.000000000000,15.000000000000,40.375000000000
2026,520021,FROEDTERT SOUTH INC.,6308 EIGHTH AVE,KENOSHA,WI,53143,KENOSHA,12.000000000000,3.000000000000,37.000000000000,9.250000000000,43.333333333333,10.833333333333,10.000000000000,2.500000000000,25.583333333333
2026,520028,THE MONROE CLINIC,515 22ND AVE,MONROE,WI,53566,GREEN,47.500000000000,11.875000000000,61.000000000000,15.250000000000,30.000000000000,7.500000000000,80.000000000000,20.000000000000,54.625000000000
2026,520030,ASPIRUS WAUSAU HOSPITAL,333 PINE RIDGE BLVD,WAUSAU,WI,54401,MARATHON,23.333333333333,5.833333333333,29.000000000000,7.250000000000,36.666666666667,9.166666666667,40.000000000000,10.000000000000,32.250000000000
2026,520033,ASPIRUS RIVERVIEW HOSPITAL & CLINICS INC,410 DEWEY ST,WISCONSIN RAPIDS,WI,54494,WOOD,23.333333333333,5.833333333333,40.000000000000,10.000000000000,33.333333333333,8.333333333333,60.000000000000,15.000000000000,39.166666666667
2026,520034,AURORA MEDICAL CTR MANITOWOC COUNTY,5000 MEMORIAL DRIVE,TWO RIVERS,WI,54241,MANITOWOC,35.000000000000,8.750000000000,66.000000000000,16.500000000000,55.000000000000,13.750000000000,90.000000000000,22.500000000000,61.500000000000
2026,520035,AURORA MEDICAL CENTER SHEBOYGAN COUNTY,2629 N 7TH ST,SHEBOYGAN,WI,53083,SHEBOYGAN,57.500000000000,14.375000000000,53.000000000000,13.250000000000,61.666666666667,15.416666666667,90.000000000000,22.500000000000,65.541666666667
2026,520037,MARSHFIELD MEDICAL CENTER,611 ST JOSEPH AVE,MARSHFIELD,WI,54449,WOOD,10.000000000000,2.500000000000,24.000000000000,6.000000000000,31.666666666667,7.916666666667,20.000000000000,5.000000000000,21.416666666667
2026,520038,AURORA MEDICAL CTR WASHINGTON COUNTY,1032 E SUMNER ST,HARTFORD,WI,53027,WASHINGTON,6.666666666667,1.666666666667,82.000000000000,20.500000000000,90.000000000000,22.500000000000,90.000000000000,22.500000000000,67.166666666667
2026,520041,ASPIRUS DIVINE SAVIOR HOSPITAL,2817 NEW PINERY ROAD,PORTAGE,WI,53901,COLUMBIA,10.000000000000,2.500000000000,49.000000000000,12.250000000000,90.000000000000,22.500000000000,100.000000000000,25.000000000000,62.250000000000
2026,520044,ST NICHOLAS HOSPITAL,3100 SUPERIOR AVE,SHEBOYGAN,WI,53081,SHEBOYGAN,15.000000000000,3.750000000000,47.000000000000,11.750000000000,20.000000000000,5.000000000000,80.000000000000,20.000000000000,40.500000000000
2026,520045,THEDACARE REGIONAL MED CTR - NEENAH,130 2ND ST,NEENAH,WI,54956,WINNEBAGO,6.666666666667,1.666666666667,45.000000000000,11.250000000000,58.333333333333,14.583333333333,30.000000000000,7.500000000000,35.000000000000
2026,520049,BELLIN MEMORIAL HOSPITAL,744 S WEBSTER AVE,GREEN BAY,WI,54301,BROWN,38.000000000000,9.500000000000,63.000000000000,15.750000000000,30.000000000000,7.500000000000,30.000000000000,7.500000000000,40.250000000000
2026,520057,SSM HEALTH ST CLARE HOSPITAL - BARABOO,707 14TH ST,BARABOO,WI,53913,SAUK,25.000000000000,6.250000000000,68.000000000000,17.000000000000,40.000000000000,10.000000000000,90.000000000000,22.500000000000,55.750000000000
2026,520059,AURORA MEMORIAL HOSPITAL BURLINGTON,252 MCHENRY ST,BURLINGTON,WI,53105,RACINE,33.333333333333,8.333333333333,53.000000000000,13.250000000000,45.000000000000,11.250000000000,70.000000000000,17.500000000000,50.333333333333
2026,520062,OCONOMOWOC MEMORIAL HOSPITAL,791 E SUMMIT AVE,OCONOMOWOC,WI,53066,WAUKESHA,16.000000000000,4.000000000000,45.000000000000,11.250000000000,75.000000000000,18.750000000000,0.000000000000,0.000000000000,34.000000000000
2026,520063,ST JOSEPHS COMMUNITY HOSPITAL WEST BEND,3200 PLEASANT VALLEY ROAD,WEST BEND,WI,53095,WASHINGTON,7.500000000000,1.875000000000,40.000000000000,10.000000000000,56.666666666667,14.166666666667,50.000000000000,12.500000000000,38.541666666667
2026,520066,MERCY HEALTH SYSTEM CORP,1000 MINERAL POINT AVE,JANESVILLE,WI,53547,ROCK,20.000000000000,5.000000000000,31.000000000000,7.750000000000,31.666666666667,7.916666666667,50.000000000000,12.500000000000,33.166666666667
2026,520070,MAYO CLINIC HEALTH SYSTEM EAU CLAIRE HOSPITAL,1221 WHIPPLE ST,EAU CLAIRE,WI,54703,EAU CLAIRE,61.666666666667,15.416666666667,67.000000000000,16.750000000000,11.666666666667,2.916666666667,30.000000000000,7.500000000000,42.583333333333
2026,520071,FORT MEMORIAL HOSPITAL,611 SHERMAN AVE E,FORT ATKINSON,WI,53538,JEFFERSON,3.333333333333,0.833333333333,41.000000000000,10.250000000000,75.000000000000,18.750000000000,50.000000000000,12.500000000000,42.333333333333
2026,520075,ST VINCENT HOSPITAL,835 S VAN BUREN ST,GREEN BAY,WI,54301,BROWN,20.000000000000,5.000000000000,27.000000000000,6.750000000000,51.666666666667,12.916666666667,10.000000000000,2.500000000000,27.166666666667
2026,520076,MARSHFIELD MEDICAL CENTER - BEAVER DAM (MMC-BD),707 S UNIVERSITY AVE,BEAVER DAM,WI,53916,DODGE,5.000000000000,1.250000000000,17.000000000000,4.250000000000,70.000000000000,17.500000000000,70.000000000000,17.500000000000,40.500000000000
2026,520083,SSM HEALTH ST MARY'S HOSPITAL - MADISON,700 SOUTH PARK ST,MADISON,WI,53715,DANE,38.333333333333,9.583333333333,35.000000000000,8.750000000000,23.333333333333,5.833333333333,40.000000000000,10.000000000000,34.166666666667
2026,520087,GUNDERSEN LUTHERAN MEDICAL CENTER,1910 SOUTH AVE,LA CROSSE,WI,54601,LA CROSSE,26.000000000000,6.500000000000,58.000000000000,14.500000000000,30.000000000000,7.500000000000,0.000000000000,0.000000000000,28.500000000000
2026,520088,SSM HEALTH ST AGNES HOSPITAL-FOND DU LAC,430 E DIVISION ST,FOND DU LAC,WI,54935,FOND DU LAC,26.000000000000,6.500000000000,61.000000000000,15.250000000000,81.666666666667,20.416666666667,60.000000000000,15.000000000000,57.166666666667
2026,520089,UNITYPOINT HEALTH - MERITER,202 S PARK ST,MADISON,WI,53715,DANE,60.000000000000,15.000000000000,48.000000000000,12.000000000000,26.666666666667,6.666666666667,50.000000000000,12.500000000000,46.166666666667
2026,520091,HOWARD YOUNG MEDICAL CENTER,240 MAPLE ST,WOODRUFF,WI,54568,VILAS,0.000000000000,0.000000000000,87.000000000000,21.750000000000,50.000000000000,12.500000000000,50.000000000000,12.500000000000,46.750000000000
2026,520095,SAUK PRAIRIE HOSPITAL,260 26TH STREET,PRAIRIE DU SAC,WI,53578,SAUK,20.000000000000,6.666666666667,99.000000000000,33.000000000000,Not Available,Not Available,80.000000000000,26.666666666667,66.333333333333
2026,520097,ST MARYS HOSPITAL MEDICAL CTR,1726 SHAWANO AVE,GREEN BAY,WI,54303,BROWN,7.500000000000,1.875000000000,33.000000000000,8.250000000000,47.500000000000,11.875000000000,0.000000000000,0.000000000000,22.000000000000
2026,520098,UNIVERSITY OF WI  HOSPITALS & CLINICS AUTHORITY,600 HIGHLAND AVENUE,MADISON,WI,53792,DANE,56.666666666667,14.166666666667,57.000000000000,14.250000000000,13.333333333333,3.333333333333,30.000000000000,7.500000000000,39.250000000000
2026,520100,BELOIT HEALTH SYSTEM,1969 W HART RD,BELOIT,WI,53511,ROCK,32.500000000000,8.125000000000,19.000000000000,4.750000000000,71.666666666667,17.916666666667,30.000000000000,7.500000000000,38.291666666667
2026,520102,AURORA LAKELAND MEDICAL CENTER,W3985 COUNTY ROAD NN,ELKHORN,WI,53121,WALWORTH,13.333333333333,3.333333333333,59.000000000000,14.750000000000,57.500000000000,14.375000000000,80.000000000000,20.000000000000,52.458333333333
2026,520103,COMMUNITY MEMORIAL HOSPITAL,W180 N8085 TOWN HALL RD,MENOMONEE FALLS,WI,53051,WAUKESHA,32.000000000000,8.000000000000,47.000000000000,11.750000000000,46.666666666667,11.666666666667,50.000000000000,12.500000000000,43.916666666667
2026,520107,HOLY FAMILY MEMORIAL,2300 WESTERN AVE,MANITOWOC,WI,54221,MANITOWOC,0.000000000000,0.000000000000,61.000000000000,15.250000000000,50.000000000000,12.500000000000,80.000000000000,20.000000000000,47.750000000000
2026,520109,MILE BLUFF MEDICAL CENTER,1050 DIVISION ST,MAUSTON,WI,53948,JUNEAU,15.000000000000,5.000000000000,59.000000000000,19.666666666667,Not Available,Not Available,100.000000000000,33.333333333333,58.000000000000
2026,520113,AURORA MEDICAL CENTER BAY AREA,3003 UNIVERSITY DR,MARINETTE,WI,54143,MARINETTE,0.000000000000,0.000000000000,65.000000000000,16.250000000000,25.000000000000,6.250000000000,100.000000000000,25.000000000000,47.500000000000
2026,520116,WATERTOWN MEMORIAL HOSPITAL,125 HOSPITAL DRIVE,WATERTOWN,WI,53098,DODGE,0.000000000000,0.000000000000,48.000000000000,12.000000000000,95.000000000000,23.750000000000,30.000000000000,7.500000000000,43.250000000000
2026,520138,AURORA ST LUKES MEDICAL CENTER,2900 W OKLAHOMA AVE,MILWAUKEE,WI,53215,MILWAUKEE,66.666666666667,16.666666666667,32.000000000000,8.000000000000,25.000000000000,6.250000000000,10.000000000000,2.500000000000,33.416666666667
2026,520139,WEST ALLIS MEMORIAL HOSPITAL,8901 W LINCOLN AVE,WEST ALLIS,WI,53227,MILWAUKEE,30.000000000000,7.500000000000,25.000000000000,6.250000000000,35.000000000000,8.750000000000,50.000000000000,12.500000000000,35.000000000000
2026,520160,THEDACARE REGIONAL MEDICAL CENTER - APPLETON INC,1818 N MEADE ST,APPLETON,WI,54911,OUTAGAMIE,6.666666666667,1.666666666667,52.000000000000,13.000000000000,60.000000000000,15.000000000000,40.000000000000,10.000000000000,39.666666666667
2026,520177,FROEDTERT MEMORIAL LUTHERAN HOSPITAL,9200 W WISCONSIN AVE,MILWAUKEE,WI,53226,MILWAUKEE,70.000000000000,17.500000000000,51.000000000000,12.750000000000,20.000000000000,5.000000000000,20.000000000000,5.000000000000,40.250000000000
2026,520189,AURORA MEDICAL CENTER KENOSHA,10400 75TH ST,KENOSHA,WI,53142,KENOSHA,17.500000000000,4.375000000000,60.000000000000,15.000000000000,28.333333333333,7.083333333333,30.000000000000,7.500000000000,33.958333333333
2026,520193,AURORA BAYCARE MEDICAL CTR,2845 GREENBRIER RD,GREEN BAY,WI,54313,BROWN,11.666666666667,2.916666666667,71.000000000000,17.750000000000,48.333333333333,12.083333333333,30.000000000000,7.500000000000,40.250000000000
2026,520198,AURORA MEDICAL CTR OSHKOSH,855 N WESTHAVEN DRIVE,OSHKOSH,WI,54904,WINNEBAGO,32.500000000000,8.125000000000,67.000000000000,16.750000000000,16.000000000000,4.000000000000,100.000000000000,25.000000000000,53.875000000000
2026,520202,MARSHFIELD MEDICAL CENTER - WESTON,3400 MINISTRY PARKWAY,WESTON,WI,54476,MARATHON,20.000000000000,5.000000000000,58.000000000000,14.500000000000,44.000000000000,11.000000000000,50.000000000000,12.500000000000,43.000000000000
2026,520206,AURORA MEDICAL CENTER - SUMMIT,36500 AURORA DRIVE,SUMMIT,WI,53066,WAUKESHA,25.000000000000,6.250000000000,70.000000000000,17.500000000000,40.000000000000,10.000000000000,50.000000000000,12.500000000000,46.250000000000
2026,520207,AURORA MEDICAL CENTER,975 PORT WASHINGTON ROAD,GRAFTON,WI,53024,OZAUKEE,61.666666666667,15.416666666667,70.000000000000,17.500000000000,48.333333333333,12.083333333333,80.000000000000,20.000000000000,65.000000000000
2026,520208,SSM HEALTH ST MARY'S HOSPITAL - JANESVILLE,3400 EAST RACINE STREET,JANESVILLE,WI,53546,ROCK,0.000000000000,0.000000000000,48.000000000000,12.000000000000,60.000000000000,15.000000000000,50.000000000000,12.500000000000,39.500000000000
2026,520210,MARSHFIELD MEDICAL CENTER - EAU CLAIRE,2310 CRAIG RD,EAU CLAIRE,WI,54701,EAU CLAIRE,25.000000000000,6.250000000000,39.000000000000,9.750000000000,10.000000000000,2.500000000000,40.000000000000,10.000000000000,28.500000000000
2026,520212,MARSHFIELD MEDICAL CENTER - MINOCQUA,9576 HIGHWAY 70,MINOCQUA,WI,54548,ONEIDA,0.000000000000,0.000000000000,91.000000000000,22.750000000000,70.000000000000,17.500000000000,50.000000000000,12.500000000000,52.750000000000
2026,530002,CAMPBELL COUNTY HEALTH,501 SOUTH BURMA AVENUE,GILLETTE,WY,82716,CAMPBELL,12.500000000000,3.125000000000,44.000000000000,11.000000000000,80.000000000000,20.000000000000,40.000000000000,10.000000000000,44.125000000000
2026,530006,SHERIDAN MEMORIAL HOSPITAL,1401 W 5TH ST,SHERIDAN,WY,82801,SHERIDAN,16.000000000000,4.000000000000,62.000000000000,15.500000000000,75.000000000000,18.750000000000,50.000000000000,12.500000000000,50.750000000000
2026,530008,SAGEWEST HEALTH CARE,2100 W SUNSET DR,RIVERTON,WY,82501,FREMONT,10.000000000000,2.500000000000,35.000000000000,8.750000000000,45.000000000000,11.250000000000,30.000000000000,7.500000000000,30.000000000000
2026,530012,BANNER WYOMING MEDICAL CENTER,1233 EAST 2ND ST,CASPER,WY,82601,NATRONA,5.000000000000,1.250000000000,16.000000000000,4.000000000000,30.000000000000,7.500000000000,10.000000000000,2.500000000000,15.250000000000
2026,530014,CHEYENNE REGIONAL MEDICAL CENTER,214 EAST 23RD STREET,CHEYENNE,WY,82001,LARAMIE,25.000000000000,6.250000000000,52.000000000000,13.000000000000,38.333333333333,9.583333333333,0.000000000000,0.000000000000,28.833333333333
2026,530015,ST JOHNS MEDICAL CENTER,po box 428,JACKSON,WY,83001,TETON,37.500000000000,9.375000000000,90.000000000000,22.500000000000,60.000000000000,15.000000000000,90.000000000000,22.500000000000,69.375000000000
2026,670023,METHODIST MANSFIELD MEDICAL CENTER,2700 E BROAD STREET,MANSFIELD,TX,76063,TARRANT,0.000000000000,0.000000000000,63.000000000000,15.750000000000,53.333333333333,13.333333333333,0.000000000000,0.000000000000,29.083333333333
2026,670025,BAYLOR SCOTT & WHITE THE HEART HOSPITAL PLANO,1100 ALLIED DRIVE,PLANO,TX,75093,COLLIN,60.000000000000,15.000000000000,89.000000000000,22.250000000000,10.000000000000,2.500000000000,0.000000000000,0.000000000000,39.750000000000
2026,670031,ST LUKE'S PATIENTS MEDICAL CENTER,4600 EAST SAM HOUSTON PARKWAY SOUTH,PASADENA,TX,77505,HARRIS,30.000000000000,7.500000000000,21.000000000000,5.250000000000,56.000000000000,14.000000000000,20.000000000000,5.000000000000,31.750000000000
2026,670034,BAYLOR SCOTT & WHITE MEDICAL CENTER - ROUND ROCK,300 UNIVERSITY BLVD,ROUND ROCK,TX,78664,WILLIAMSON,28.333333333333,7.083333333333,50.000000000000,12.500000000000,70.000000000000,17.500000000000,20.000000000000,5.000000000000,42.083333333333
2026,670043,CEDAR PARK REGIONAL MEDICAL CENTER,1401 MEDICAL PARKWAY,CEDAR PARK,TX,78613,WILLIAMSON,26.000000000000,6.500000000000,15.000000000000,3.750000000000,74.000000000000,18.500000000000,10.000000000000,2.500000000000,31.250000000000
2026,670044,TEXAS HEALTH PRESBYTERIAN HOSPITAL ROCKWALL,3150 HORIZON ROAD,ROCKWALL,TX,75032,ROCKWALL,16.666666666667,4.166666666667,60.000000000000,15.000000000000,86.000000000000,21.500000000000,30.000000000000,7.500000000000,48.166666666667
2026,670047,THE HOSPITALS OF PROVIDENCE - EAST CAMPUS,3280 JOE BATTLE BLVD,EL PASO,TX,79938,EL PASO,0.000000000000,0.000000000000,13.000000000000,3.250000000000,16.666666666667,4.166666666667,0.000000000000,0.000000000000,7.416666666667
2026,670053,ST LUKE'S SUGAR LAND HOSPITAL,1317 LAKE POINTE PARKWAY,SUGAR LAND,TX,77478,FORT BEND,60.000000000000,15.000000000000,28.000000000000,7.000000000000,25.000000000000,6.250000000000,0.000000000000,0.000000000000,28.250000000000
2026,670055,METHODIST HOSPITAL  STONE OAK,"1139 E SONTERRA BLVD,",SAN ANTONIO,TX,78258,BEXAR,16.666666666667,4.166666666667,25.000000000000,6.250000000000,21.666666666667,5.416666666667,10.000000000000,2.500000000000,18.333333333333
2026,670068,TEXAS HEALTH PRESBYTERIAN HOSPITAL FLOWER MOUND,4400 LONG PRAIRIE ROAD,FLOWER MOUND,TX,75028,DENTON,12.500000000000,3.125000000000,49.000000000000,12.250000000000,70.000000000000,17.500000000000,0.000000000000,0.000000000000,32.875000000000
2026,670071,TEXAS HEALTH HEART & VASCULAR HOSPITAL ARLINGTON,811 WRIGHT STREET,ARLINGTON,TX,76012,TARRANT,30.000000000000,7.500000000000,82.000000000000,20.500000000000,50.000000000000,12.500000000000,10.000000000000,2.500000000000,43.000000000000
2026,670075,ST LUKE'S HOSPITAL AT THE VINTAGE,20171 CHASEWOOD PARK DRIVE,HOUSTON,TX,77070,HARRIS,0.000000000000,0.000000000000,47.000000000000,11.750000000000,44.000000000000,11.000000000000,0.000000000000,0.000000000000,22.750000000000
2026,670077,HOUSTON METHODIST WEST HOSPITAL,18500 KATY FREEWAY,HOUSTON,TX,77094,HARRIS,20.000000000000,5.000000000000,61.000000000000,15.250000000000,50.000000000000,12.500000000000,0.000000000000,0.000000000000,32.750000000000
2026,670078,BAPTIST NEIGHBORHOOD HOSPITAL THOUSAND OAKS,16088 SAN PEDRO,SAN ANTONIO,TX,78232,BEXAR,40.000000000000,13.333333333333,Not Available,Not Available,75.000000000000,25.000000000000,100.000000000000,33.333333333333,71.666666666667
2026,670080,SETON MEDICAL CENTER HARKER HEIGHTS,850 W CENTRAL TEXAS EXPRESSWAY,HARKER HEIGHTS,TX,76548,BELL,20.000000000000,5.000000000000,65.000000000000,16.250000000000,96.000000000000,24.000000000000,0.000000000000,0.000000000000,45.250000000000
2026,670082,BAYLOR SCOTT AND WHITE  MEDICAL CENTER  MCKINNEY,5252 WEST UNIVERSITY DRIVE,MC KINNEY,TX,75071,COLLIN,60.000000000000,15.000000000000,41.000000000000,10.250000000000,45.000000000000,11.250000000000,0.000000000000,0.000000000000,36.500000000000
2026,670085,TEXAS HEALTH HARRIS METHODIST HOSPITAL ALLIANCE,10864 TEXAS HEALTH TRAIL,FORT WORTH,TX,76244,TARRANT,7.500000000000,1.875000000000,31.000000000000,7.750000000000,88.333333333333,22.083333333333,0.000000000000,0.000000000000,31.708333333333
2026,670088,BAYLOR SCOTT & WHITE MEDICAL CENTER- COLLEGE STATI,700 SCOTT & WHITE DRIVE,COLLEGE STATION,TX,77845,BRAZOS,15.000000000000,3.750000000000,67.000000000000,16.750000000000,23.333333333333,5.833333333333,10.000000000000,2.500000000000,28.833333333333
2026,670098,RESOLUTE HEALTH HOSPITAL,"555 CREEKSIDE XING,",NEW BRAUNFELS,TX,78130,COMAL,10.000000000000,2.500000000000,50.000000000000,12.500000000000,80.000000000000,20.000000000000,0.000000000000,0.000000000000,35.000000000000
2026,670103,MEDICAL CITY ALLIANCE,3101 NORTH TARRANT PARKWAY,FORT WORTH,TX,76177,TARRANT,30.000000000000,7.500000000000,37.000000000000,9.250000000000,54.000000000000,13.500000000000,0.000000000000,0.000000000000,30.250000000000
2026,670106,HCA HOUSTON HEALTHCARE PEARLAND,11100 SHADOW CREEK PARKWAY,PEARLAND,TX,77584,BRAZORIA,43.333333333333,10.833333333333,17.000000000000,4.250000000000,66.000000000000,16.500000000000,20.000000000000,5.000000000000,36.583333333333
2026,670108,BAYLOR SCOTT & WHITE MEDICAL CENTER - MARBLE FALLS,810 W HIGHWAY 71,MARBLE FALLS,TX,78654,BURNET,0.000000000000,0.000000000000,66.000000000000,16.500000000000,5.000000000000,1.250000000000,10.000000000000,2.500000000000,20.250000000000
2026,670120,THE HOSPITALS OF PROVIDENCE TRANSMOUNTAIN CAMPUS,2000 TRANSMOUNTAIN RD,EL PASO,TX,79911,EL PASO,20.000000000000,5.000000000000,21.000000000000,5.250000000000,50.000000000000,12.500000000000,0.000000000000,0.000000000000,22.750000000000
2026,670122,HOUSTON METHODIST THE WOODLANDS HOSPITAL,17201 INTERSTATE 45 SOUTH,THE WOODLANDS,TX,77385,MONTGOMERY,53.333333333333,13.333333333333,58.000000000000,14.500000000000,71.666666666667,17.916666666667,0.000000000000,0.000000000000,45.750000000000
2026,670128,BAYLOR SCOTT & WHITE MEDICAL CENTER PFLUGERVILLE,2600 EAST  PFLUGERVILLE  PARKWAY,PFLUGERVILLE,TX,78660,TRAVIS,30.000000000000,7.500000000000,87.000000000000,21.750000000000,85.000000000000,21.250000000000,0.000000000000,0.000000000000,50.500000000000
2026,670260,TEXAS HEALTH HOSPITAL FRISCO,12400 N DALLAS PARKWAY,FRISCO,TX,75033,DENTON,12.500000000000,3.125000000000,52.000000000000,13.000000000000,97.500000000000,24.375000000000,0.000000000000,0.000000000000,40.500000000000
2026,670300,METHODIST MIDLOTHIAN MEDICAL CENTER,1201 E HIGHWAY 287,MIDLOTHIAN,TX,76065,ELLIS,3.333333333333,0.833333333333,75.000000000000,18.750000000000,75.000000000000,18.750000000000,10.000000000000,2.500000000000,40.833333333333
2026,670309,TEXAS HEALTH HOSPITAL MANSFIELD,2300 LONE STAR ROAD,MANSFIELD,TX,76063,TARRANT,25.000000000000,6.250000000000,83.000000000000,20.750000000000,100.000000000000,25.000000000000,0.000000000000,0.000000000000,52.000000000000
